# Forces      
# CofR        : (0.000000e+00 0.000000e+00 0.000000e+00)
# Time        forces(pressure viscous)	moments(pressure viscous)
0             	((0.000000e+00 0.000000e+00 0.000000e+00) (0.000000e+00 0.000000e+00 0.000000e+00)) ((0.000000e+00 0.000000e+00 0.000000e+00) (0.000000e+00 0.000000e+00 0.000000e+00))
0.01          	((-3.537955e-02 -1.192070e-02 1.985070e+01) (-1.996611e-05 2.211593e-06 1.692962e-03)) ((3.807126e-03 -1.755073e-01 -1.509723e-03) (-5.375939e-07 -1.827276e-05 1.145271e-06))
0.02          	((-3.532543e-02 -1.095123e-02 1.950350e+01) (-3.934893e-05 3.488571e-06 3.382154e-03)) ((3.662121e-03 -1.725652e-01 -1.391410e-03) (-1.047284e-06 -3.666401e-05 2.225819e-06))
0.03          	((-3.625329e-02 -1.130602e-02 1.961055e+01) (-5.831422e-05 4.416999e-06 5.069108e-03)) ((3.668670e-03 -1.733881e-01 -1.354408e-03) (-1.516271e-06 -5.510826e-05 3.243890e-06))
0.04          	((-3.564565e-02 -1.132678e-02 1.949517e+01) (-7.694456e-05 5.314660e-06 6.740275e-03)) ((3.635394e-03 -1.724241e-01 -1.301703e-03) (-2.007693e-06 -7.348041e-05 4.155826e-06))
0.05          	((-3.516343e-02 -1.132139e-02 1.936251e+01) (-9.519042e-05 6.076378e-06 8.391553e-03)) ((3.603668e-03 -1.711068e-01 -1.244371e-03) (-2.525723e-06 -9.171805e-05 4.925994e-06))
0.06          	((-3.492469e-02 -1.134112e-02 1.921959e+01) (-1.131756e-04 6.799151e-06 1.002252e-02)) ((3.566733e-03 -1.696074e-01 -1.198087e-03) (-3.010111e-06 -1.097752e-04 5.525420e-06))
0.07          	((-3.446558e-02 -1.133699e-02 1.905812e+01) (-1.309094e-04 7.576877e-06 1.163308e-02)) ((3.528330e-03 -1.678859e-01 -1.156450e-03) (-3.505809e-06 -1.276378e-04 5.957829e-06))
0.08          	((-3.416670e-02 -1.136020e-02 1.887131e+01) (-1.483520e-04 8.431497e-06 1.322301e-02)) ((3.474709e-03 -1.658746e-01 -1.108220e-03) (-3.981772e-06 -1.453504e-04 6.209884e-06))
0.09          	((-3.380124e-02 -1.129187e-02 1.865856e+01) (-1.656985e-04 9.245080e-06 1.479091e-02)) ((3.407606e-03 -1.635757e-01 -1.080943e-03) (-4.435414e-06 -1.629393e-04 6.274436e-06))
0.1           	((-3.316906e-02 -1.127524e-02 1.842035e+01) (-1.828883e-04 9.943196e-06 1.633538e-02)) ((3.336117e-03 -1.609630e-01 -1.042293e-03) (-4.912840e-06 -1.803802e-04 6.174973e-06))
0.11          	((-3.248999e-02 -1.116727e-02 1.815761e+01) (-1.999903e-04 1.074791e-05 1.785533e-02)) ((3.263952e-03 -1.580792e-01 -1.003247e-03) (-5.435564e-06 -1.976213e-04 5.881496e-06))
0.12          	((-3.183681e-02 -1.104652e-02 1.787050e+01) (-2.167289e-04 1.142768e-05 1.934701e-02)) ((3.184937e-03 -1.549136e-01 -9.471864e-04) (-5.917049e-06 -2.147453e-04 5.464861e-06))
0.13          	((-3.118822e-02 -1.088741e-02 1.755943e+01) (-2.332146e-04 1.201517e-05 2.080776e-02)) ((3.103549e-03 -1.514660e-01 -9.040785e-04) (-6.552303e-06 -2.316640e-04 4.952099e-06))
0.14          	((-3.034522e-02 -1.060609e-02 1.722388e+01) (-2.495473e-04 1.231796e-05 2.223374e-02)) ((3.032573e-03 -1.477610e-01 -8.402865e-04) (-7.194524e-06 -2.483962e-04 4.415102e-06))
0.15          	((-2.961328e-02 -1.059950e-02 1.686358e+01) (-2.655664e-04 1.304798e-05 2.362013e-02)) ((2.916196e-03 -1.437858e-01 -8.199241e-04) (-7.974960e-06 -2.649648e-04 3.820632e-06))
0.16          	((-2.848125e-02 -1.060059e-02 1.647808e+01) (-2.815232e-04 1.386096e-05 2.496256e-02)) ((2.783094e-03 -1.395267e-01 -8.227901e-04) (-8.730371e-06 -2.812518e-04 3.238738e-06))
0.17          	((-2.746411e-02 -1.043614e-02 1.606721e+01) (-2.975097e-04 1.520774e-05 2.625838e-02)) ((2.666623e-03 -1.350394e-01 -7.981871e-04) (-9.485887e-06 -2.974045e-04 2.568453e-06))
0.18          	((-2.628923e-02 -1.019258e-02 1.563078e+01) (-3.136528e-04 1.698573e-05 2.750126e-02)) ((2.572039e-03 -1.303757e-01 -7.471878e-04) (-1.026231e-05 -3.131707e-04 1.877897e-06))
0.19          	((-2.518743e-02 -9.857365e-03 1.516741e+01) (-3.294022e-04 1.885180e-05 2.868931e-02)) ((2.455201e-03 -1.254762e-01 -7.654056e-04) (-1.104059e-05 -3.286331e-04 1.072091e-06))
0.2           	((-2.411078e-02 -9.579499e-03 1.467761e+01) (-3.450857e-04 2.099421e-05 2.981691e-02)) ((2.310999e-03 -1.203982e-01 -8.198060e-04) (-1.161305e-05 -3.437119e-04 2.269936e-07))
0.21          	((-2.290678e-02 -9.507996e-03 1.416207e+01) (-3.604820e-04 2.320268e-05 3.087886e-02)) ((2.193831e-03 -1.151582e-01 -8.307184e-04) (-1.221507e-05 -3.583487e-04 -5.622347e-07))
0.22          	((-2.143881e-02 -9.487014e-03 1.362078e+01) (-3.761570e-04 2.564038e-05 3.187338e-02)) ((2.017290e-03 -1.097374e-01 -8.729288e-04) (-1.261406e-05 -3.727198e-04 -1.302576e-06))
0.23          	((-2.000728e-02 -9.289486e-03 1.305357e+01) (-3.921590e-04 2.872277e-05 3.279615e-02)) ((1.867402e-03 -1.040909e-01 -9.286067e-04) (-1.294318e-05 -3.865641e-04 -1.817217e-06))
0.24          	((-1.895795e-02 -9.019179e-03 1.246186e+01) (-4.083894e-04 3.174956e-05 3.364552e-02)) ((1.765079e-03 -9.832792e-02 -9.529157e-04) (-1.327072e-05 -3.999843e-04 -2.239132e-06))
0.25          	((-1.808334e-02 -8.750248e-03 1.184715e+01) (-4.238460e-04 3.473868e-05 3.441920e-02)) ((1.590172e-03 -9.242243e-02 -1.030928e-03) (-1.384129e-05 -4.126555e-04 -2.555532e-06))
0.26          	((-1.707001e-02 -8.741321e-03 1.120945e+01) (-4.385050e-04 3.787584e-05 3.511117e-02)) ((1.444106e-03 -8.634050e-02 -1.049651e-03) (-1.441749e-05 -4.247499e-04 -2.747429e-06))
0.27          	((-1.597965e-02 -8.480720e-03 1.054928e+01) (-4.516858e-04 4.101536e-05 3.571914e-02)) ((1.264665e-03 -8.008216e-02 -1.165462e-03) (-1.457922e-05 -4.359578e-04 -2.913839e-06))
0.28          	((-1.453560e-02 -8.308492e-03 9.865327e+00) (-4.640747e-04 4.410880e-05 3.624107e-02)) ((1.150154e-03 -7.365040e-02 -1.248431e-03) (-1.481658e-05 -4.463630e-04 -3.161521e-06))
0.29          	((-1.330771e-02 -7.882501e-03 9.159773e+00) (-4.749634e-04 4.694988e-05 3.667323e-02)) ((1.048664e-03 -6.713225e-02 -1.401288e-03) (-1.493487e-05 -4.559151e-04 -3.322914e-06))
0.3           	((-1.203006e-02 -7.411003e-03 8.435894e+00) (-4.858796e-04 4.964171e-05 3.701524e-02)) ((7.831066e-04 -6.048401e-02 -1.489070e-03) (-1.534515e-05 -4.645882e-04 -3.367482e-06))
0.31          	((-1.108047e-02 -6.933590e-03 7.696261e+00) (-4.955493e-04 5.236326e-05 3.726622e-02)) ((6.444700e-04 -5.367381e-02 -1.574298e-03) (-1.547167e-05 -4.723202e-04 -3.459563e-06))
0.32          	((-1.016868e-02 -6.142268e-03 6.938972e+00) (-5.040634e-04 5.523413e-05 3.742542e-02)) ((4.610161e-04 -4.686814e-02 -1.646806e-03) (-1.507368e-05 -4.791918e-04 -3.440834e-06))
0.33          	((-9.116751e-03 -5.550443e-03 6.166109e+00) (-5.111931e-04 5.781306e-05 3.749004e-02)) ((2.711362e-04 -3.981386e-02 -1.703705e-03) (-1.462626e-05 -4.851298e-04 -3.443572e-06))
0.34          	((-7.771948e-03 -4.986018e-03 5.381375e+00) (-5.176972e-04 6.022594e-05 3.746110e-02)) ((-3.302332e-05 -3.272209e-02 -1.774054e-03) (-1.462618e-05 -4.900676e-04 -3.640010e-06))
0.35          	((-6.705195e-03 -4.184811e-03 4.583056e+00) (-5.221535e-04 6.288584e-05 3.733689e-02)) ((-2.458639e-04 -2.554474e-02 -1.826310e-03) (-1.436932e-05 -4.943524e-04 -3.614770e-06))
0.36          	((-5.737034e-03 -4.202961e-03 3.772660e+00) (-5.260284e-04 6.493219e-05 3.711488e-02)) ((-4.286568e-04 -1.830564e-02 -1.853646e-03) (-1.388607e-05 -4.973719e-04 -3.620286e-06))
0.37          	((-3.414488e-03 -3.117868e-03 2.953288e+00) (-5.290331e-04 6.653649e-05 3.680161e-02)) ((-6.460432e-04 -1.095728e-02 -1.881159e-03) (-1.320734e-05 -4.994102e-04 -3.441049e-06))
0.38          	((-2.179306e-03 -2.528253e-03 2.121367e+00) (-5.312775e-04 6.831298e-05 3.639514e-02)) ((-9.135573e-04 -3.622610e-03 -1.798673e-03) (-1.237305e-05 -5.002984e-04 -3.493271e-06))
0.39          	((-6.616212e-04 -2.166476e-03 1.282808e+00) (-5.321423e-04 7.081936e-05 3.590026e-02)) ((-1.159432e-03 3.715707e-03 -1.687638e-03) (-1.144769e-05 -5.003095e-04 -3.512834e-06))
0.4           	((9.347352e-04 -1.196989e-03 4.419945e-01) (-5.317807e-04 7.230604e-05 3.531544e-02)) ((-1.385289e-03 1.109441e-02 -1.622213e-03) (-1.077362e-05 -4.986404e-04 -3.619831e-06))
0.41          	((2.381472e-03 -7.429262e-04 -4.063144e-01) (-5.298029e-04 7.435463e-05 3.464773e-02)) ((-1.637783e-03 1.847438e-02 -1.645276e-03) (-9.860063e-06 -4.963882e-04 -3.753590e-06))
0.42          	((3.510476e-03 1.179613e-04 -1.258334e+00) (-5.281458e-04 7.562995e-05 3.389783e-02)) ((-1.905844e-03 2.556465e-02 -1.590622e-03) (-9.139588e-06 -4.929620e-04 -3.954203e-06))
0.43          	((5.224494e-03 1.012282e-03 -2.109362e+00) (-5.244866e-04 7.650371e-05 3.307018e-02)) ((-2.099839e-03 3.287242e-02 -1.569405e-03) (-8.097022e-06 -4.884264e-04 -4.084631e-06))
0.44          	((6.562972e-03 1.740942e-03 -2.958670e+00) (-5.187083e-04 7.602133e-05 3.216756e-02)) ((-2.333701e-03 3.978345e-02 -1.484233e-03) (-7.170724e-06 -4.824920e-04 -4.213826e-06))
0.45          	((8.217838e-03 2.526207e-03 -3.808028e+00) (-5.125506e-04 7.617073e-05 3.119413e-02)) ((-2.483740e-03 4.666930e-02 -1.431908e-03) (-6.176340e-06 -4.756600e-04 -4.423720e-06))
0.46          	((1.052346e-02 3.941812e-03 -4.653409e+00) (-5.046296e-04 7.621056e-05 3.015223e-02)) ((-2.642178e-03 5.370783e-02 -1.295143e-03) (-5.369341e-06 -4.674122e-04 -4.446688e-06))
0.47          	((1.211242e-02 4.780780e-03 -5.487498e+00) (-4.961815e-04 7.565578e-05 2.904595e-02)) ((-2.898886e-03 6.065453e-02 -1.194389e-03) (-4.366677e-06 -4.578207e-04 -4.454731e-06))
0.48          	((1.360539e-02 5.605289e-03 -6.310791e+00) (-4.866148e-04 7.450017e-05 2.787765e-02)) ((-2.987717e-03 6.753343e-02 -1.126269e-03) (-3.427217e-06 -4.471604e-04 -4.448281e-06))
0.49          	((1.574168e-02 5.946352e-03 -7.124911e+00) (-4.749995e-04 7.319711e-05 2.665132e-02)) ((-3.081321e-03 7.435304e-02 -1.068931e-03) (-2.396992e-06 -4.355350e-04 -4.461271e-06))
0.5           	((1.727930e-02 6.386621e-03 -7.929010e+00) (-4.629406e-04 7.162743e-05 2.537111e-02)) ((-2.976097e-03 8.093628e-02 -1.010362e-03) (-1.298485e-06 -4.230395e-04 -4.571363e-06))
0.51          	((1.905311e-02 6.331179e-03 -8.717224e+00) (-4.501122e-04 7.018482e-05 2.403945e-02)) ((-3.045433e-03 8.730069e-02 -9.647932e-04) (-2.700043e-07 -4.092390e-04 -4.838545e-06))
0.52          	((2.113064e-02 6.635110e-03 -9.488632e+00) (-4.360387e-04 6.780725e-05 2.266153e-02)) ((-3.040904e-03 9.344768e-02 -8.255755e-04) (7.039340e-07 -3.944790e-04 -4.838142e-06))
0.53          	((2.383067e-02 7.490290e-03 -1.024343e+01) (-4.212160e-04 6.488387e-05 2.124110e-02)) ((-3.255682e-03 9.977966e-02 -6.729607e-04) (1.718015e-06 -3.786654e-04 -4.829772e-06))
0.54          	((2.623278e-02 8.362712e-03 -1.098118e+01) (-4.052585e-04 6.272713e-05 1.978187e-02)) ((-3.363477e-03 1.057920e-01 -7.450599e-04) (2.745182e-06 -3.621494e-04 -4.835414e-06))
0.55          	((2.725351e-02 9.712957e-03 -1.169984e+01) (-3.890039e-04 5.973799e-05 1.828785e-02)) ((-3.246466e-03 1.114991e-01 -6.414324e-04) (3.860673e-06 -3.451335e-04 -4.857356e-06))
0.56          	((2.934778e-02 1.083711e-02 -1.239409e+01) (-3.714649e-04 5.720827e-05 1.676216e-02)) ((-3.488704e-03 1.173387e-01 -4.407962e-04) (4.994902e-06 -3.274657e-04 -4.965741e-06))
0.57          	((3.163146e-02 1.113077e-02 -1.305964e+01) (-3.545858e-04 5.392254e-05 1.520719e-02)) ((-3.629838e-03 1.228399e-01 -4.126844e-04) (6.102830e-06 -3.091597e-04 -5.199309e-06))
0.58          	((3.307625e-02 1.125398e-02 -1.370715e+01) (-3.382546e-04 5.132800e-05 1.362650e-02)) ((-3.605528e-03 1.283610e-01 -3.702403e-04) (7.186677e-06 -2.904896e-04 -5.448225e-06))
0.59          	((3.420164e-02 1.099479e-02 -1.432539e+01) (-3.215661e-04 4.991505e-05 1.202281e-02)) ((-3.588072e-03 1.334401e-01 -3.917336e-04) (8.220856e-06 -2.714193e-04 -5.462150e-06))
0.6           	((3.602385e-02 1.109623e-02 -1.491514e+01) (-3.049409e-04 4.870218e-05 1.039740e-02)) ((-3.644232e-03 1.381531e-01 -3.820878e-04) (8.962253e-06 -2.520472e-04 -5.611120e-06))
0.61          	((3.738059e-02 1.121553e-02 -1.547202e+01) (-2.883081e-04 4.761597e-05 8.753653e-03)) ((-3.508660e-03 1.426149e-01 -1.971935e-04) (9.589173e-06 -2.322090e-04 -5.769702e-06))
0.62          	((3.861344e-02 1.212045e-02 -1.600251e+01) (-2.729117e-04 4.679576e-05 7.094771e-03)) ((-3.511450e-03 1.470739e-01 -1.461545e-04) (1.001626e-05 -2.118636e-04 -6.221815e-06))
0.63          	((3.933157e-02 1.232753e-02 -1.649924e+01) (-2.582529e-04 4.515270e-05 5.421325e-03)) ((-3.550883e-03 1.507308e-01 -7.766762e-05) (1.037453e-05 -1.913394e-04 -6.722679e-06))
0.64          	((4.072363e-02 1.379292e-02 -1.695996e+01) (-2.449007e-04 4.289728e-05 3.734989e-03)) ((-3.594309e-03 1.546241e-01 3.245128e-05) (1.061591e-05 -1.708590e-04 -7.232223e-06))
0.65          	((4.058087e-02 1.374977e-02 -1.739817e+01) (-2.337595e-04 3.970659e-05 2.040827e-03)) ((-3.531606e-03 1.578813e-01 8.327872e-05) (1.098265e-05 -1.503278e-04 -8.026684e-06))
0.66          	((4.140852e-02 1.275214e-02 -1.780269e+01) (-2.243574e-04 3.680708e-05 3.422278e-04)) ((-3.680420e-03 1.611269e-01 5.593187e-05) (1.119102e-05 -1.296077e-04 -8.738234e-06))
0.67          	((4.096827e-02 1.415163e-02 -1.816947e+01) (-2.159525e-04 3.489253e-05 -1.359965e-03)) ((-3.629754e-03 1.640691e-01 -4.885702e-05) (1.136358e-05 -1.087739e-04 -9.299584e-06))
0.68          	((4.055898e-02 1.248401e-02 -1.850505e+01) (-2.072802e-04 3.310616e-05 -3.060937e-03)) ((-3.538240e-03 1.668488e-01 2.314832e-04) (1.154966e-05 -8.799168e-05 -9.736998e-06))
0.69          	((4.046729e-02 1.317216e-02 -1.881081e+01) (-1.998958e-04 3.151104e-05 -4.757204e-03)) ((-3.659438e-03 1.690424e-01 4.924252e-04) (1.166601e-05 -6.743780e-05 -1.015575e-05))
0.7           	((4.047349e-02 1.371176e-02 -1.907223e+01) (-1.940131e-04 3.001579e-05 -6.449623e-03)) ((-3.210799e-03 1.706225e-01 4.168342e-04) (1.176140e-05 -4.683715e-05 -1.071238e-05))
0.71          	((3.923590e-02 1.341036e-02 -1.931062e+01) (-1.883556e-04 2.925299e-05 -8.136184e-03)) ((-3.478707e-03 1.722202e-01 5.803237e-04) (1.183126e-05 -2.643659e-05 -1.151774e-05))
0.72          	((3.729751e-02 1.424919e-02 -1.951315e+01) (-1.849025e-04 2.798550e-05 -9.815037e-03)) ((-3.113502e-03 1.727709e-01 8.614577e-04) (1.172869e-05 -5.978674e-06 -1.230916e-05))
0.73          	((4.006367e-02 1.289918e-02 -1.968982e+01) (-1.828280e-04 2.734428e-05 -1.148926e-02)) ((-3.033105e-03 1.744995e-01 1.224413e-03) (1.174314e-05 1.440337e-05 -1.321701e-05))
0.74          	((3.801780e-02 1.275459e-02 -1.982501e+01) (-1.837022e-04 2.635897e-05 -1.315634e-02)) ((-3.155621e-03 1.749798e-01 1.212394e-03) (1.192095e-05 3.448149e-05 -1.409385e-05))
0.75          	((3.823417e-02 1.365658e-02 -1.996826e+01) (-1.849502e-04 2.497350e-05 -1.481285e-02)) ((-3.010509e-03 1.743602e-01 1.408398e-03) (1.230069e-05 5.401855e-05 -1.504381e-05))
0.76          	((3.490037e-02 1.319946e-02 -2.018092e+01) (-1.875678e-04 2.290789e-05 -1.646146e-02)) ((-3.355085e-03 1.751209e-01 1.954523e-03) (1.282154e-05 7.337172e-05 -1.593432e-05))
0.77          	((3.311141e-02 1.418669e-02 -2.010156e+01) (-1.918276e-04 2.061797e-05 -1.808694e-02)) ((-3.097190e-03 1.743399e-01 1.908313e-03) (1.333340e-05 9.241368e-05 -1.689408e-05))
0.78          	((3.346193e-02 1.334882e-02 -2.028124e+01) (-1.967549e-04 1.779980e-05 -1.970602e-02)) ((-3.157225e-03 1.757721e-01 2.224732e-03) (1.352310e-05 1.115076e-04 -1.794721e-05))
0.79          	((3.091643e-02 1.331734e-02 -2.032086e+01) (-2.021131e-04 1.450394e-05 -2.131297e-02)) ((-3.112178e-03 1.752054e-01 2.528579e-03) (1.414156e-05 1.306075e-04 -1.882633e-05))
0.8           	((2.969567e-02 1.305548e-02 -2.033319e+01) (-2.071470e-04 1.178497e-05 -2.290866e-02)) ((-2.826352e-03 1.736623e-01 2.762362e-03) (1.476958e-05 1.498852e-04 -1.941200e-05))
0.81          	((3.279156e-02 1.267148e-02 -2.022947e+01) (-2.111319e-04 9.271137e-06 -2.448607e-02)) ((-2.749915e-03 1.713940e-01 3.069754e-03) (1.532624e-05 1.692911e-04 -2.002680e-05))
0.82          	((3.283538e-02 1.219602e-02 -2.015549e+01) (-2.147819e-04 7.055116e-06 -2.604198e-02)) ((-2.829056e-03 1.695234e-01 3.375519e-03) (1.609635e-05 1.885977e-04 -2.081261e-05))
0.83          	((3.442091e-02 1.179002e-02 -2.004252e+01) (-2.164972e-04 6.313095e-06 -2.757477e-02)) ((-2.771473e-03 1.672212e-01 3.683809e-03) (1.689040e-05 2.079807e-04 -2.167251e-05))
0.84          	((3.503282e-02 1.147767e-02 -1.989720e+01) (-2.174646e-04 5.012021e-06 -2.908065e-02)) ((-2.698045e-03 1.648752e-01 3.846702e-03) (1.780147e-05 2.275896e-04 -2.272902e-05))
0.85          	((3.783134e-02 1.064342e-02 -1.972983e+01) (-2.162764e-04 4.382244e-06 -3.055440e-02)) ((-2.623061e-03 1.625592e-01 4.104233e-03) (1.856083e-05 2.473843e-04 -2.379523e-05))
0.86          	((3.929779e-02 9.794613e-03 -1.953383e+01) (-2.143313e-04 3.599115e-06 -3.199533e-02)) ((-2.560337e-03 1.596570e-01 4.366983e-03) (1.916456e-05 2.671759e-04 -2.487616e-05))
0.87          	((4.003434e-02 9.480967e-03 -1.931080e+01) (-2.105041e-04 2.619358e-06 -3.340026e-02)) ((-2.347881e-03 1.564746e-01 4.565879e-03) (1.963357e-05 2.868003e-04 -2.609153e-05))
0.88          	((4.180287e-02 9.295115e-03 -1.905801e+01) (-2.043579e-04 1.811713e-06 -3.476571e-02)) ((-2.326517e-03 1.531691e-01 4.860442e-03) (2.017715e-05 3.068186e-04 -2.744306e-05))
0.89          	((4.333945e-02 8.192586e-03 -1.877508e+01) (-1.974419e-04 3.482647e-07 -3.608482e-02)) ((-2.155224e-03 1.496331e-01 5.137727e-03) (2.076861e-05 3.266728e-04 -2.904498e-05))
0.9           	((4.485230e-02 7.703295e-03 -1.846008e+01) (-1.897675e-04 -5.251600e-07 -3.735195e-02)) ((-2.054301e-03 1.457835e-01 5.379077e-03) (2.111648e-05 3.463707e-04 -3.085056e-05))
0.91          	((4.669893e-02 6.292741e-03 -1.811414e+01) (-1.798393e-04 -1.520894e-06 -3.856512e-02)) ((-1.883193e-03 1.417111e-01 5.487751e-03) (2.161142e-05 3.660392e-04 -3.273850e-05))
0.92          	((4.912589e-02 5.508147e-03 -1.773777e+01) (-1.694097e-04 -3.501891e-06 -3.972107e-02)) ((-1.769775e-03 1.375033e-01 5.668410e-03) (2.225105e-05 3.855831e-04 -3.489417e-05))
0.93          	((5.126522e-02 4.588135e-03 -1.732929e+01) (-1.596137e-04 -4.074466e-06 -4.081161e-02)) ((-1.630945e-03 1.330774e-01 5.828631e-03) (2.303370e-05 4.047652e-04 -3.709095e-05))
0.94          	((5.391608e-02 3.613315e-03 -1.688983e+01) (-1.490136e-04 -4.752335e-06 -4.183351e-02)) ((-1.321178e-03 1.283054e-01 5.910998e-03) (2.369432e-05 4.234892e-04 -3.911885e-05))
0.95          	((5.707416e-02 2.480822e-03 -1.641704e+01) (-1.366211e-04 -6.006860e-06 -4.278602e-02)) ((-1.225056e-03 1.235630e-01 6.045568e-03) (2.422410e-05 4.420607e-04 -4.131822e-05))
0.96          	((5.931633e-02 1.092191e-03 -1.591415e+01) (-1.246139e-04 -6.654665e-06 -4.366122e-02)) ((-9.852414e-04 1.184683e-01 6.182959e-03) (2.434063e-05 4.598384e-04 -4.351878e-05))
0.97          	((6.067365e-02 6.051770e-04 -1.537996e+01) (-1.127327e-04 -8.485123e-06 -4.446435e-02)) ((-8.746604e-04 1.134310e-01 6.189222e-03) (2.494593e-05 4.774372e-04 -4.580462e-05))
0.98          	((6.253088e-02 -5.642154e-04 -1.481886e+01) (-1.002419e-04 -1.023137e-05 -4.518417e-02)) ((-6.392106e-04 1.083101e-01 6.375718e-03) (2.496058e-05 4.943997e-04 -4.821886e-05))
0.99          	((6.529523e-02 -1.036258e-03 -1.422624e+01) (-8.704024e-05 -1.254954e-05 -4.582035e-02)) ((-3.205543e-04 1.029956e-01 6.297676e-03) (2.502706e-05 5.109872e-04 -5.108080e-05))
1             	((6.739464e-02 -1.962140e-03 -1.360272e+01) (-7.135992e-05 -1.454983e-05 -4.637038e-02)) ((-6.417801e-06 9.748267e-02 6.360674e-03) (2.465276e-05 5.268539e-04 -5.411544e-05))
1.01          	((6.914680e-02 -3.682019e-03 -1.295551e+01) (-5.422708e-05 -1.598178e-05 -4.683467e-02)) ((2.430773e-04 9.200705e-02 6.410052e-03) (2.442883e-05 5.414476e-04 -5.712365e-05))
1.02          	((7.007775e-02 -5.072481e-03 -1.227880e+01) (-3.470303e-05 -1.686302e-05 -4.720771e-02)) ((3.210320e-04 8.627548e-02 6.323187e-03) (2.335915e-05 5.546326e-04 -6.026523e-05))
1.03          	((7.010208e-02 -5.761734e-03 -1.157744e+01) (-1.426939e-05 -1.702283e-05 -4.749138e-02)) ((6.959920e-04 8.007017e-02 6.432825e-03) (2.245134e-05 5.669983e-04 -6.344148e-05))
1.04          	((7.025656e-02 -7.148456e-03 -1.085159e+01) (8.711396e-06 -1.764720e-05 -4.768814e-02)) ((9.679894e-04 7.385810e-02 6.355571e-03) (2.150812e-05 5.781557e-04 -6.652681e-05))
1.05          	((6.980900e-02 -9.214838e-03 -1.010586e+01) (3.312543e-05 -1.773467e-05 -4.778792e-02)) ((1.263810e-03 6.771086e-02 6.276870e-03) (2.096171e-05 5.878876e-04 -6.959654e-05))
1.06          	((6.955073e-02 -1.010992e-02 -9.337245e+00) (5.868518e-05 -1.870231e-05 -4.779183e-02)) ((1.336612e-03 6.153265e-02 6.163827e-03) (1.979318e-05 5.959492e-04 -7.265016e-05))
1.07          	((6.840578e-02 -1.153491e-02 -8.549046e+00) (8.516656e-05 -1.978503e-05 -4.770011e-02)) ((1.623054e-03 5.507003e-02 6.188712e-03) (1.862084e-05 6.028618e-04 -7.540571e-05))
1.08          	((6.656064e-02 -1.164557e-02 -7.738498e+00) (1.133918e-04 -1.970934e-05 -4.751604e-02)) ((1.546126e-03 4.847989e-02 6.331583e-03) (1.744406e-05 6.086893e-04 -7.806125e-05))
1.09          	((6.489217e-02 -1.302900e-02 -6.909069e+00) (1.425480e-04 -2.117618e-05 -4.723903e-02)) ((1.761766e-03 4.183524e-02 6.318758e-03) (1.630255e-05 6.129821e-04 -8.040587e-05))
1.1           	((6.308802e-02 -1.405048e-02 -6.063866e+00) (1.721857e-04 -2.172552e-05 -4.686823e-02)) ((1.982803e-03 3.498203e-02 6.366427e-03) (1.498505e-05 6.158838e-04 -8.237766e-05))
1.11          	((6.088206e-02 -1.434795e-02 -5.205282e+00) (2.035123e-04 -2.208580e-05 -4.640639e-02)) ((1.943544e-03 2.791781e-02 6.236557e-03) (1.370649e-05 6.182393e-04 -8.394559e-05))
1.12          	((5.804262e-02 -1.484620e-02 -4.334170e+00) (2.328125e-04 -2.223870e-05 -4.585407e-02)) ((2.146950e-03 2.076362e-02 6.240720e-03) (1.243434e-05 6.190947e-04 -8.527124e-05))
1.13          	((5.570861e-02 -1.543871e-02 -3.452983e+00) (2.609233e-04 -2.008061e-05 -4.521201e-02)) ((2.164180e-03 1.353675e-02 6.228953e-03) (1.162858e-05 6.184435e-04 -8.610673e-05))
1.14          	((5.270123e-02 -1.621621e-02 -2.565732e+00) (2.875121e-04 -1.744562e-05 -4.448602e-02)) ((2.373204e-03 6.538873e-03 6.177385e-03) (1.084067e-05 6.163520e-04 -8.652378e-05))
1.15          	((5.020462e-02 -1.597651e-02 -1.672849e+00) (3.134333e-04 -1.435534e-05 -4.367117e-02)) ((2.408571e-03 -5.907539e-04 6.195083e-03) (9.510292e-06 6.124115e-04 -8.693415e-05))
1.16          	((4.739891e-02 -1.560324e-02 -7.744746e-01) (3.367856e-04 -1.028654e-05 -4.277452e-02)) ((2.429036e-03 -7.965911e-03 6.153152e-03) (8.270168e-06 6.069204e-04 -8.696201e-05))
1.17          	((4.484103e-02 -1.517676e-02 1.274601e-01) (3.580046e-04 -6.475366e-06 -4.179657e-02)) ((2.425335e-03 -1.523594e-02 6.159223e-03) (7.554241e-06 6.002441e-04 -8.662549e-05))
1.18          	((4.166984e-02 -1.497570e-02 1.031098e+00) (3.781011e-04 -2.861161e-06 -4.074129e-02)) ((2.705902e-03 -2.240199e-02 5.980125e-03) (6.129977e-06 5.921223e-04 -8.637894e-05))
1.19          	((3.793761e-02 -1.546966e-02 1.934439e+00) (3.977804e-04 3.392925e-07 -3.961198e-02)) ((2.871423e-03 -2.970041e-02 5.781410e-03) (4.820384e-06 5.825918e-04 -8.594790e-05))
1.2           	((3.526776e-02 -1.535207e-02 2.834156e+00) (4.148345e-04 4.221747e-06 -3.841273e-02)) ((2.768269e-03 -3.672857e-02 5.770814e-03) (3.812147e-06 5.722526e-04 -8.527116e-05))
1.21          	((3.334825e-02 -1.628578e-02 3.728533e+00) (4.287987e-04 8.086742e-06 -3.714542e-02)) ((2.655246e-03 -4.390207e-02 5.490328e-03) (2.695890e-06 5.603127e-04 -8.442059e-05))
1.22          	((3.030842e-02 -1.709232e-02 4.612074e+00) (4.420868e-04 1.312457e-05 -3.581476e-02)) ((2.818511e-03 -5.110267e-02 5.226512e-03) (1.627608e-06 5.474142e-04 -8.331400e-05))
1.23          	((2.738527e-02 -1.653368e-02 5.483941e+00) (4.535932e-04 1.866455e-05 -3.442498e-02)) ((3.005618e-03 -5.799190e-02 4.930259e-03) (1.109233e-06 5.334578e-04 -8.166744e-05))
1.24          	((2.386796e-02 -1.639365e-02 6.344764e+00) (4.637202e-04 2.407473e-05 -3.297813e-02)) ((3.158114e-03 -6.467876e-02 4.653856e-03) (3.066067e-07 5.182483e-04 -7.983484e-05))
1.25          	((2.085349e-02 -1.717813e-02 7.194047e+00) (4.714191e-04 3.030297e-05 -3.147846e-02)) ((3.426182e-03 -7.137006e-02 4.351498e-03) (-5.300115e-07 5.018453e-04 -7.782704e-05))
1.26          	((1.850067e-02 -1.681253e-02 8.026719e+00) (4.771921e-04 3.794533e-05 -2.993006e-02)) ((3.466117e-03 -7.781912e-02 3.998001e-03) (-1.207746e-06 4.845480e-04 -7.573301e-05))
1.27          	((1.607513e-02 -1.698112e-02 8.841445e+00) (4.796641e-04 4.522259e-05 -2.833694e-02)) ((3.252028e-03 -8.425523e-02 3.766582e-03) (-2.144379e-06 4.662541e-04 -7.353046e-05))
1.28          	((1.342975e-02 -1.692299e-02 9.638680e+00) (4.791089e-04 5.256964e-05 -2.670274e-02)) ((3.269690e-03 -9.040442e-02 3.564349e-03) (-2.427149e-06 4.471418e-04 -7.140447e-05))
1.29          	((1.044038e-02 -1.676610e-02 1.041399e+01) (4.758026e-04 5.923490e-05 -2.503105e-02)) ((3.577755e-03 -9.643901e-02 3.272576e-03) (-2.851252e-06 4.274415e-04 -6.942123e-05))
1.3           	((7.666253e-03 -1.632030e-02 1.116337e+01) (4.713182e-04 6.609440e-05 -2.332549e-02)) ((3.579828e-03 -1.021831e-01 3.061670e-03) (-3.206014e-06 4.070580e-04 -6.723613e-05))
1.31          	((5.484508e-03 -1.580056e-02 1.189191e+01) (4.647419e-04 7.266782e-05 -2.158921e-02)) ((3.489867e-03 -1.079800e-01 2.942745e-03) (-3.661525e-06 3.859930e-04 -6.526488e-05))
1.32          	((2.838033e-03 -1.443560e-02 1.259527e+01) (4.564376e-04 7.808888e-05 -1.982740e-02)) ((3.623789e-03 -1.135292e-01 2.850065e-03) (-3.870919e-06 3.645320e-04 -6.307988e-05))
1.33          	((1.911340e-04 -1.362014e-02 1.327030e+01) (4.455003e-04 8.183915e-05 -1.804307e-02)) ((3.619666e-03 -1.187969e-01 2.641764e-03) (-3.985127e-06 3.426978e-04 -6.097875e-05))
1.34          	((-3.803739e-03 -1.322160e-02 1.391842e+01) (4.322720e-04 8.532963e-05 -1.623744e-02)) ((3.674015e-03 -1.242371e-01 2.388579e-03) (-4.038129e-06 3.203876e-04 -5.881204e-05))
1.35          	((-7.241550e-03 -1.176570e-02 1.453350e+01) (4.188482e-04 8.867136e-05 -1.441277e-02)) ((3.675465e-03 -1.289013e-01 2.193861e-03) (-4.114651e-06 2.978301e-04 -5.659516e-05))
1.36          	((-9.376580e-03 -1.043671e-02 1.511571e+01) (4.036565e-04 9.188346e-05 -1.257183e-02)) ((3.795551e-03 -1.335688e-01 2.115113e-03) (-4.394869e-06 2.747903e-04 -5.457367e-05))
1.37          	((-1.032251e-02 -1.041484e-02 1.566840e+01) (3.866609e-04 9.486667e-05 -1.072062e-02)) ((3.601389e-03 -1.378617e-01 2.085866e-03) (-4.471408e-06 2.514193e-04 -5.231339e-05))
1.38          	((-1.245488e-02 -8.875748e-03 1.619038e+01) (3.682263e-04 9.686705e-05 -8.861606e-03)) ((3.745399e-03 -1.419750e-01 1.913257e-03) (-4.357274e-06 2.278375e-04 -5.021122e-05))
1.39          	((-1.547562e-02 -7.493334e-03 1.667673e+01) (3.489256e-04 9.837664e-05 -6.997864e-03)) ((3.911055e-03 -1.459193e-01 1.767857e-03) (-4.289012e-06 2.041454e-04 -4.859991e-05))
1.4           	((-1.875478e-02 -6.645080e-03 1.713780e+01) (3.287223e-04 1.009593e-04 -5.132858e-03)) ((3.720286e-03 -1.495959e-01 1.792670e-03) (-4.325390e-06 1.804019e-04 -4.697053e-05))
1.41          	((-2.105388e-02 -6.613209e-03 1.756423e+01) (3.080305e-04 1.019348e-04 -3.270749e-03)) ((3.572753e-03 -1.527729e-01 1.587827e-03) (-4.426553e-06 1.567402e-04 -4.484570e-05))
1.42          	((-2.179599e-02 -7.785105e-03 1.795256e+01) (2.860456e-04 1.018559e-04 -1.413076e-03)) ((3.712976e-03 -1.558367e-01 1.611171e-03) (-4.587856e-06 1.328757e-04 -4.263901e-05))
1.43          	((-2.384912e-02 -4.112889e-03 1.830449e+01) (2.633015e-04 1.018148e-04 4.399650e-04)) ((3.417937e-03 -1.582800e-01 1.586514e-03) (-4.991149e-06 1.086174e-04 -4.039186e-05))
1.44          	((-2.639458e-02 -4.104900e-03 1.862847e+01) (2.385221e-04 1.009336e-04 2.286131e-03)) ((3.554241e-03 -1.613600e-01 1.423601e-03) (-5.437131e-06 8.458696e-05 -3.824897e-05))
1.45          	((-2.894890e-02 -4.058154e-03 1.891715e+01) (2.135273e-04 9.875973e-05 4.123371e-03)) ((4.114556e-03 -1.637968e-01 1.545233e-03) (-5.714931e-06 6.081974e-05 -3.648252e-05))
1.46          	((-3.177779e-02 -1.742810e-04 1.914742e+01) (1.890317e-04 9.521072e-05 5.949836e-03)) ((2.953778e-03 -1.653487e-01 1.683548e-03) (-5.979979e-06 3.709377e-05 -3.507836e-05))
1.47          	((-3.432192e-02 -1.142565e-03 1.935283e+01) (1.649359e-04 9.189252e-05 7.766185e-03)) ((3.222258e-03 -1.669725e-01 1.506842e-03) (-6.505026e-06 1.341443e-05 -3.409146e-05))
1.48          	((-3.397880e-02 -1.279429e-03 1.953469e+01) (1.402833e-04 8.953038e-05 9.571649e-03)) ((3.396303e-03 -1.682658e-01 1.664592e-03) (-7.075607e-06 -1.030733e-05 -3.285086e-05))
1.49          	((-3.609317e-02 -6.028216e-04 1.967310e+01) (1.143585e-04 8.701138e-05 1.136387e-02)) ((3.554589e-03 -1.690059e-01 1.270519e-03) (-7.720704e-06 -3.365360e-05 -3.181018e-05))
1.5           	((-4.076996e-02 -1.669637e-03 1.978646e+01) (8.680395e-05 8.230359e-05 1.314096e-02)) ((3.536997e-03 -1.695473e-01 1.553833e-03) (-8.486816e-06 -5.701552e-05 -3.125753e-05))
1.51          	((-4.440174e-02 1.903356e-03 1.999554e+01) (5.512364e-05 7.854072e-05 1.490875e-02)) ((3.301093e-03 -1.712902e-01 1.985214e-03) (-9.541455e-06 -8.017800e-05 -3.156794e-05))
1.52          	((-4.264325e-02 -4.691022e-04 1.995416e+01) (2.507440e-05 7.568171e-05 1.664994e-02)) ((3.356531e-03 -1.700061e-01 1.808143e-03) (-1.054313e-05 -1.025201e-04 -3.215563e-05))
1.53          	((-4.738038e-02 1.112788e-03 2.011758e+01) (-4.606927e-06 7.210794e-05 1.837968e-02)) ((3.104640e-03 -1.713350e-01 1.286229e-03) (-1.150777e-05 -1.243056e-04 -3.307154e-05))
1.54          	((-4.970161e-02 -2.153243e-04 2.013497e+01) (-3.324895e-05 6.971330e-05 2.009530e-02)) ((2.967876e-03 -1.706433e-01 1.005517e-03) (-1.232817e-05 -1.459752e-04 -3.383344e-05))
1.55          	((-5.151645e-02 -8.598747e-04 2.011953e+01) (-6.216941e-05 6.834264e-05 2.179491e-02)) ((2.789570e-03 -1.699445e-01 1.100678e-03) (-1.359342e-05 -1.672671e-04 -3.496602e-05))
1.56          	((-5.273648e-02 -7.232555e-04 2.006036e+01) (-9.010893e-05 6.770551e-05 2.347677e-02)) ((2.429254e-03 -1.689194e-01 4.800716e-04) (-1.494714e-05 -1.888313e-04 -3.607586e-05))
1.57          	((-5.389825e-02 -6.473448e-04 1.998748e+01) (-1.175362e-04 6.625198e-05 2.513683e-02)) ((2.645575e-03 -1.670844e-01 3.061428e-04) (-1.616795e-05 -2.103683e-04 -3.728158e-05))
1.58          	((-5.550599e-02 7.012171e-04 1.988568e+01) (-1.442687e-04 6.536947e-05 2.677413e-02)) ((2.546855e-03 -1.653335e-01 1.833488e-04) (-1.761645e-05 -2.319400e-04 -3.843494e-05))
1.59          	((-5.668400e-02 4.713602e-04 1.974827e+01) (-1.707906e-04 6.493978e-05 2.838312e-02)) ((2.191199e-03 -1.631534e-01 9.455419e-05) (-1.906158e-05 -2.531877e-04 -3.982353e-05))
1.6           	((-5.686741e-02 5.586403e-04 1.957988e+01) (-1.975948e-04 6.455983e-05 2.995796e-02)) ((2.042936e-03 -1.609098e-01 -2.084185e-04) (-2.020168e-05 -2.743629e-04 -4.140275e-05))
1.61          	((-5.583641e-02 -5.171629e-04 1.938701e+01) (-2.248459e-04 6.394044e-05 3.149664e-02)) ((1.893814e-03 -1.581909e-01 -5.234383e-04) (-2.100795e-05 -2.953480e-04 -4.283288e-05))
1.62          	((-5.656034e-02 -1.165983e-03 1.916726e+01) (-2.516403e-04 6.460157e-05 3.299248e-02)) ((1.824156e-03 -1.554062e-01 -6.347929e-04) (-2.184275e-05 -3.162732e-04 -4.412513e-05))
1.63          	((-5.624541e-02 -1.465437e-03 1.891803e+01) (-2.790823e-04 6.423786e-05 3.444089e-02)) ((1.656615e-03 -1.522737e-01 -9.178323e-04) (-2.250704e-05 -3.371331e-04 -4.494268e-05))
1.64          	((-5.505707e-02 -2.207935e-03 1.863572e+01) (-3.070083e-04 6.522822e-05 3.584070e-02)) ((1.612746e-03 -1.490316e-01 -1.103998e-03) (-2.314670e-05 -3.575885e-04 -4.578026e-05))
1.65          	((-5.254769e-02 -3.089700e-03 1.832347e+01) (-3.367476e-04 6.646499e-05 3.718490e-02)) ((1.333318e-03 -1.452797e-01 -1.053527e-03) (-2.404790e-05 -3.776164e-04 -4.642499e-05))
1.66          	((-5.061453e-02 -3.473101e-03 1.798162e+01) (-3.673673e-04 6.675328e-05 3.846883e-02)) ((1.233726e-03 -1.413904e-01 -9.927373e-04) (-2.426281e-05 -3.973610e-04 -4.665291e-05))
1.67          	((-4.873827e-02 -3.654413e-03 1.761144e+01) (-3.981307e-04 6.673678e-05 3.968807e-02)) ((9.829881e-04 -1.373123e-01 -8.698951e-04) (-2.484872e-05 -4.165112e-04 -4.690518e-05))
1.68          	((-4.624768e-02 -3.512623e-03 1.720656e+01) (-4.281917e-04 6.698680e-05 4.083499e-02)) ((9.521660e-04 -1.329220e-01 -7.539576e-04) (-2.492878e-05 -4.344979e-04 -4.729302e-05))
1.69          	((-4.391425e-02 -3.275711e-03 1.677176e+01) (-4.609584e-04 6.684360e-05 4.190438e-02)) ((8.268413e-04 -1.282881e-01 -6.777142e-04) (-2.526899e-05 -4.521843e-04 -4.734026e-05))
1.7           	((-4.198921e-02 -4.346989e-03 1.630747e+01) (-4.947771e-04 6.689395e-05 4.289479e-02)) ((7.257943e-04 -1.234566e-01 -2.999250e-04) (-2.532482e-05 -4.693115e-04 -4.748008e-05))
1.71          	((-4.040280e-02 -3.850052e-03 1.581336e+01) (-5.281220e-04 6.394044e-05 4.379823e-02)) ((5.566730e-04 -1.184506e-01 -1.389746e-04) (-2.507973e-05 -4.857875e-04 -4.777471e-05))
1.72          	((-3.741556e-02 -5.151199e-03 1.528776e+01) (-5.620527e-04 6.147183e-05 4.460901e-02)) ((6.538895e-04 -1.131150e-01 2.729678e-04) (-2.518177e-05 -5.014486e-04 -4.814416e-05))
1.73          	((-3.603215e-02 -5.271388e-03 1.473122e+01) (-5.978975e-04 6.089664e-05 4.532601e-02)) ((3.984067e-04 -1.076238e-01 6.043141e-04) (-2.494949e-05 -5.167794e-04 -4.863173e-05))
1.74          	((-3.519324e-02 -5.114594e-03 1.414555e+01) (-6.336802e-04 6.039826e-05 4.594498e-02)) ((2.859896e-04 -1.020177e-01 8.046668e-04) (-2.447626e-05 -5.312721e-04 -4.928094e-05))
1.75          	((-3.375282e-02 -6.482198e-03 1.352777e+01) (-6.696638e-04 6.169087e-05 4.646526e-02)) ((4.279813e-04 -9.618383e-02 9.656989e-04) (-2.403250e-05 -5.451819e-04 -5.027267e-05))
1.76          	((-3.354141e-02 -5.575947e-03 1.288100e+01) (-7.070213e-04 6.368065e-05 4.688335e-02)) ((8.300673e-07 -9.001505e-02 1.137292e-03) (-2.310617e-05 -5.584941e-04 -5.110950e-05))
1.77          	((-3.245550e-02 -6.707080e-03 1.220891e+01) (-7.419084e-04 6.721704e-05 4.720452e-02)) ((-2.416390e-04 -8.358147e-02 1.353536e-03) (-2.174463e-05 -5.712158e-04 -5.192992e-05))
1.78          	((-3.183998e-02 -6.313419e-03 1.151179e+01) (-7.755179e-04 6.991084e-05 4.742216e-02)) ((-4.423193e-04 -7.694793e-02 1.490503e-03) (-2.065828e-05 -5.830156e-04 -5.316155e-05))
1.79          	((-3.106789e-02 -6.070711e-03 1.079136e+01) (-8.069357e-04 7.420978e-05 4.754046e-02)) ((-7.678417e-04 -7.034458e-02 1.571106e-03) (-1.874080e-05 -5.941290e-04 -5.424678e-05))
1.8           	((-3.014459e-02 -5.283394e-03 1.004094e+01) (-8.355739e-04 7.762820e-05 4.755694e-02)) ((-1.036856e-03 -6.360755e-02 1.663868e-03) (-1.694650e-05 -6.040751e-04 -5.569422e-05))
1.81          	((-2.975319e-02 -4.867118e-03 9.268808e+00) (-8.625101e-04 8.082663e-05 4.747378e-02)) ((-1.175397e-03 -5.690408e-02 1.439847e-03) (-1.478599e-05 -6.133690e-04 -5.706619e-05))
1.82          	((-2.902262e-02 -4.699467e-03 8.476685e+00) (-8.877568e-04 8.332324e-05 4.728964e-02)) ((-1.559904e-03 -4.994226e-02 1.427202e-03) (-1.239319e-05 -6.214520e-04 -5.861825e-05))
1.83          	((-2.658164e-02 -4.383367e-03 7.664694e+00) (-9.084966e-04 8.619580e-05 4.700779e-02)) ((-1.983674e-03 -4.269972e-02 1.344113e-03) (-9.905334e-06 -6.280598e-04 -6.029581e-05))
1.84          	((-2.568577e-02 -4.119082e-03 6.836898e+00) (-9.273501e-04 8.829347e-05 4.662923e-02)) ((-2.271377e-03 -3.549759e-02 1.040788e-03) (-7.287636e-06 -6.332053e-04 -6.176554e-05))
1.85          	((-2.487848e-02 -4.189178e-03 5.992780e+00) (-9.422791e-04 9.034027e-05 4.615616e-02)) ((-2.590428e-03 -2.831345e-02 6.853519e-04) (-4.600959e-06 -6.372240e-04 -6.334429e-05))
1.86          	((-2.315959e-02 -3.615384e-03 5.135244e+00) (-9.548796e-04 9.300560e-05 4.559063e-02)) ((-2.760426e-03 -2.113565e-02 3.533171e-04) (-1.981625e-06 -6.400811e-04 -6.454422e-05))
1.87          	((-2.144750e-02 -3.341445e-03 4.266473e+00) (-9.662459e-04 9.488094e-05 4.493341e-02)) ((-2.953053e-03 -1.382878e-02 -6.806974e-05) (7.393450e-07 -6.414289e-04 -6.606471e-05))
1.88          	((-1.825193e-02 -3.115540e-03 3.387567e+00) (-9.764403e-04 9.701632e-05 4.418906e-02)) ((-3.103857e-03 -6.532313e-03 -4.113060e-04) (3.728728e-06 -6.417849e-04 -6.734353e-05))
1.89          	((-1.625018e-02 -2.032067e-03 2.500519e+00) (-9.822568e-04 9.710648e-05 4.335898e-02)) ((-3.222731e-03 6.125405e-04 -7.805391e-04) (6.559720e-06 -6.403799e-04 -6.888946e-05))
1.9           	((-1.483299e-02 -2.686743e-03 1.605759e+00) (-9.863602e-04 9.652159e-05 4.244723e-02)) ((-3.369915e-03 7.824129e-03 -1.073410e-03) (9.218340e-06 -6.377459e-04 -7.033291e-05))
1.91          	((-1.254782e-02 -1.645156e-03 7.096919e-01) (-9.873788e-04 9.548959e-05 4.145681e-02)) ((-3.408864e-03 1.494215e-02 -1.553992e-03) (1.198351e-05 -6.336274e-04 -7.186786e-05))
1.92          	((-1.044680e-02 -9.005152e-04 -1.911199e-01) (-9.865194e-04 9.430121e-05 4.038850e-02)) ((-3.483146e-03 2.210449e-02 -1.790823e-03) (1.437627e-05 -6.282837e-04 -7.332477e-05))
1.93          	((-7.104633e-03 2.298775e-04 -1.092342e+00) (-9.839436e-04 9.281755e-05 3.924753e-02)) ((-3.647506e-03 2.924234e-02 -2.133265e-03) (1.665585e-05 -6.217120e-04 -7.473786e-05))
1.94          	((-3.821831e-03 1.200933e-03 -1.993852e+00) (-9.776630e-04 9.030652e-05 3.803676e-02)) ((-3.676416e-03 3.636396e-02 -2.475860e-03) (1.884648e-05 -6.137240e-04 -7.592760e-05))
1.95          	((-1.460912e-03 3.637112e-03 -2.892016e+00) (-9.688414e-04 8.729935e-05 3.676270e-02)) ((-3.588737e-03 4.339657e-02 -2.786813e-03) (2.093041e-05 -6.048810e-04 -7.702022e-05))
1.96          	((1.447455e-03 4.468873e-03 -3.783398e+00) (-9.574217e-04 8.459997e-05 3.542773e-02)) ((-3.521998e-03 5.041845e-02 -2.925750e-03) (2.257455e-05 -5.947511e-04 -7.799583e-05))
1.97          	((4.870887e-03 5.415323e-03 -4.665625e+00) (-9.440737e-04 8.189467e-05 3.403750e-02)) ((-3.640511e-03 5.733021e-02 -3.218244e-03) (2.403800e-05 -5.834606e-04 -7.871212e-05))
1.98          	((7.982464e-03 6.141491e-03 -5.537475e+00) (-9.278459e-04 7.993240e-05 3.259601e-02)) ((-3.747549e-03 6.405357e-02 -3.439547e-03) (2.528246e-05 -5.710362e-04 -7.934464e-05))
1.99          	((1.073924e-02 7.416850e-03 -6.397887e+00) (-9.103163e-04 7.963018e-05 3.110285e-02)) ((-3.748878e-03 7.080056e-02 -3.618685e-03) (2.650354e-05 -5.571833e-04 -7.982927e-05))
2             	((1.317481e-02 8.057054e-03 -7.243305e+00) (-8.922834e-04 7.923503e-05 2.956500e-02)) ((-3.647926e-03 7.739151e-02 -3.764791e-03) (2.720036e-05 -5.424028e-04 -8.018761e-05))
2.01          	((1.572595e-02 9.091960e-03 -8.073196e+00) (-8.737542e-04 7.824038e-05 2.798412e-02)) ((-3.757779e-03 8.382386e-02 -3.989249e-03) (2.779257e-05 -5.268421e-04 -7.976552e-05))
2.02          	((1.913241e-02 9.974755e-03 -8.888403e+00) (-8.545546e-04 7.804694e-05 2.636206e-02)) ((-3.819028e-03 9.025078e-02 -4.174345e-03) (2.822579e-05 -5.106119e-04 -7.925278e-05))
2.03          	((2.225493e-02 1.124559e-02 -9.684010e+00) (-8.354841e-04 7.785011e-05 2.470285e-02)) ((-3.845365e-03 9.669928e-02 -4.135658e-03) (2.836766e-05 -4.933417e-04 -7.865226e-05))
2.04          	((2.462550e-02 1.034418e-02 -1.046005e+01) (-8.163216e-04 7.663363e-05 2.301062e-02)) ((-3.758106e-03 1.030320e-01 -4.036315e-03) (2.837363e-05 -4.752972e-04 -7.811261e-05))
2.05          	((2.724257e-02 1.029052e-02 -1.121414e+01) (-7.964704e-04 7.564693e-05 2.129023e-02)) ((-3.769156e-03 1.090605e-01 -3.886722e-03) (2.807158e-05 -4.565750e-04 -7.723260e-05))
2.06          	((2.963426e-02 1.132529e-02 -1.194374e+01) (-7.782809e-04 7.461768e-05 1.954292e-02)) ((-3.622178e-03 1.149241e-01 -3.853918e-03) (2.790685e-05 -4.374460e-04 -7.652912e-05))
2.07          	((3.124010e-02 1.142346e-02 -1.265172e+01) (-7.611548e-04 7.317029e-05 1.777322e-02)) ((-3.534957e-03 1.204165e-01 -3.750301e-03) (2.761542e-05 -4.178522e-04 -7.588862e-05))
2.08          	((3.283534e-02 1.109512e-02 -1.333174e+01) (-7.452603e-04 7.295851e-05 1.598207e-02)) ((-3.542402e-03 1.257551e-01 -3.665810e-03) (2.715228e-05 -3.978656e-04 -7.539685e-05))
2.09          	((3.372849e-02 1.134958e-02 -1.398080e+01) (-7.302410e-04 7.416469e-05 1.417547e-02)) ((-3.486065e-03 1.309037e-01 -3.606237e-03) (2.642497e-05 -3.774854e-04 -7.496489e-05))
2.1           	((3.479388e-02 1.191065e-02 -1.460224e+01) (-7.155116e-04 7.451422e-05 1.235445e-02)) ((-3.422194e-03 1.359459e-01 -3.417434e-03) (2.546257e-05 -3.565648e-04 -7.460325e-05))
2.11          	((3.547365e-02 1.186345e-02 -1.518616e+01) (-7.006369e-04 7.430708e-05 1.052271e-02)) ((-3.446861e-03 1.406577e-01 -3.013597e-03) (2.456086e-05 -3.354624e-04 -7.445745e-05))
2.12          	((3.568985e-02 1.228339e-02 -1.574553e+01) (-6.852913e-04 7.402311e-05 8.681271e-03)) ((-3.599989e-03 1.451068e-01 -2.725802e-03) (2.364232e-05 -3.140093e-04 -7.443083e-05))
2.13          	((3.691411e-02 1.287667e-02 -1.626844e+01) (-6.713335e-04 7.435793e-05 6.832873e-03)) ((-3.571870e-03 1.490663e-01 -2.642971e-03) (2.257034e-05 -2.923103e-04 -7.432609e-05))
2.14          	((3.744361e-02 1.174184e-02 -1.675874e+01) (-6.605210e-04 7.626732e-05 4.979434e-03)) ((-3.399001e-03 1.531085e-01 -2.283735e-03) (2.136456e-05 -2.704796e-04 -7.422812e-05))
2.15          	((3.826294e-02 1.203586e-02 -1.721937e+01) (-6.519777e-04 7.997043e-05 3.124124e-03)) ((-3.093669e-03 1.565005e-01 -1.712290e-03) (2.000436e-05 -2.484882e-04 -7.445546e-05))
2.16          	((3.801383e-02 1.140853e-02 -1.764574e+01) (-6.448028e-04 8.349532e-05 1.270198e-03)) ((-2.744573e-03 1.595611e-01 -1.427890e-03) (1.887268e-05 -2.264697e-04 -7.462022e-05))
2.17          	((3.822468e-02 1.062916e-02 -1.803270e+01) (-6.386763e-04 8.746072e-05 -5.795920e-04)) ((-2.926607e-03 1.625651e-01 -1.434253e-03) (1.779628e-05 -2.044819e-04 -7.479747e-05))
2.18          	((3.624917e-02 1.101551e-02 -1.839176e+01) (-6.355280e-04 9.165985e-05 -2.422353e-03)) ((-3.262030e-03 1.653554e-01 -8.806061e-04) (1.655837e-05 -1.826808e-04 -7.509106e-05))
2.19          	((3.401852e-02 1.296768e-02 -1.871232e+01) (-6.329006e-04 9.654010e-05 -4.256128e-03)) ((-3.203277e-03 1.677508e-01 -3.356463e-04) (1.521721e-05 -1.610232e-04 -7.556122e-05))
2.2           	((3.533059e-02 1.339388e-02 -1.899903e+01) (-6.334490e-04 9.985463e-05 -6.077492e-03)) ((-3.021748e-03 1.696972e-01 1.547801e-04) (1.417941e-05 -1.397977e-04 -7.602416e-05))
2.21          	((3.345934e-02 1.446093e-02 -1.924615e+01) (-6.338357e-04 1.024251e-04 -7.886551e-03)) ((-2.904011e-03 1.715433e-01 1.002088e-04) (1.313878e-05 -1.187905e-04 -7.604421e-05))
2.22          	((3.040901e-02 1.377124e-02 -1.945393e+01) (-6.359949e-04 1.052884e-04 -9.683819e-03)) ((-2.699382e-03 1.723819e-01 8.119150e-04) (1.225511e-05 -9.801199e-05 -7.639655e-05))
2.23          	((2.995923e-02 1.321194e-02 -1.962324e+01) (-6.394510e-04 1.085689e-04 -1.146643e-02)) ((-3.157433e-03 1.732872e-01 1.269382e-03) (1.138795e-05 -7.743237e-05 -7.708071e-05))
2.24          	((2.877064e-02 1.311757e-02 -1.978127e+01) (-6.435240e-04 1.108804e-04 -1.323337e-02)) ((-2.628388e-03 1.741203e-01 1.227249e-03) (1.077342e-05 -5.703764e-05 -7.759540e-05))
2.25          	((2.599977e-02 1.319898e-02 -1.989415e+01) (-6.481825e-04 1.114441e-04 -1.498566e-02)) ((-2.946815e-03 1.747108e-01 1.616596e-03) (1.046998e-05 -3.685168e-05 -7.811455e-05))
2.26          	((2.231188e-02 1.259714e-02 -2.011463e+01) (-6.554376e-04 1.113055e-04 -1.673088e-02)) ((-3.352743e-03 1.762368e-01 2.266711e-03) (1.017301e-05 -1.695463e-05 -7.890476e-05))
2.27          	((2.052564e-02 1.399723e-02 -2.002424e+01) (-6.634030e-04 1.095454e-04 -1.844548e-02)) ((-3.507958e-03 1.739544e-01 2.618516e-03) (9.957038e-06 2.530607e-06 -8.003938e-05))
2.28          	((2.582409e-02 1.407471e-02 -2.019265e+01) (-6.701297e-04 1.065731e-04 -2.014264e-02)) ((-3.300091e-03 1.751916e-01 3.383845e-03) (9.636003e-06 2.204727e-05 -8.109951e-05))
2.29          	((2.132832e-02 1.343145e-02 -2.023895e+01) (-6.773589e-04 1.036044e-04 -2.182252e-02)) ((-3.375700e-03 1.742208e-01 3.663355e-03) (9.255260e-06 4.125708e-05 -8.210847e-05))
2.3           	((2.074949e-02 1.249729e-02 -2.024164e+01) (-6.848892e-04 1.003037e-04 -2.348595e-02)) ((-3.476816e-03 1.731483e-01 3.912895e-03) (9.047830e-06 6.050742e-05 -8.300544e-05))
2.31          	((1.743933e-02 1.316212e-02 -2.017845e+01) (-6.928964e-04 9.689350e-05 -2.512711e-02)) ((-3.557795e-03 1.713345e-01 4.534665e-03) (8.858834e-06 7.988676e-05 -8.384805e-05))
2.32          	((1.924137e-02 1.117682e-02 -2.009715e+01) (-6.994688e-04 9.359532e-05 -2.674729e-02)) ((-3.243809e-03 1.697641e-01 4.928471e-03) (8.723352e-06 9.932810e-05 -8.450043e-05))
2.33          	((1.797424e-02 1.156336e-02 -1.999470e+01) (-7.054012e-04 9.047233e-05 -2.833816e-02)) ((-3.349187e-03 1.669183e-01 5.196339e-03) (9.166011e-06 1.185961e-04 -8.523824e-05))
2.34          	((1.674916e-02 1.130842e-02 -1.985515e+01) (-7.107135e-04 8.715668e-05 -2.989916e-02)) ((-3.285275e-03 1.645026e-01 5.634212e-03) (9.978528e-06 1.382267e-04 -8.628465e-05))
2.35          	((1.816637e-02 1.007527e-02 -1.968384e+01) (-7.141429e-04 8.388527e-05 -3.142324e-02)) ((-3.428344e-03 1.619139e-01 6.004805e-03) (1.058956e-05 1.578505e-04 -8.749719e-05))
2.36          	((1.911504e-02 1.017689e-02 -1.948484e+01) (-7.170925e-04 8.030392e-05 -3.291124e-02)) ((-3.413244e-03 1.588967e-01 6.433688e-03) (1.098924e-05 1.779871e-04 -8.887054e-05))
2.37          	((1.993015e-02 9.594218e-03 -1.926079e+01) (-7.184710e-04 7.815283e-05 -3.435543e-02)) ((-3.326304e-03 1.556191e-01 6.766520e-03) (1.166973e-05 1.977622e-04 -9.012214e-05))
2.38          	((2.130496e-02 9.572271e-03 -1.900815e+01) (-7.174085e-04 7.530969e-05 -3.575689e-02)) ((-3.332048e-03 1.522361e-01 7.180647e-03) (1.215414e-05 2.178889e-04 -9.126161e-05))
2.39          	((2.187870e-02 9.401830e-03 -1.872595e+01) (-7.143833e-04 7.224415e-05 -3.710789e-02)) ((-3.351712e-03 1.485456e-01 7.566471e-03) (1.258300e-05 2.381553e-04 -9.247540e-05))
2.4           	((2.314321e-02 9.485864e-03 -1.841427e+01) (-7.100008e-04 6.822004e-05 -3.840595e-02)) ((-3.119034e-03 1.443945e-01 7.940022e-03) (1.345109e-05 2.585432e-04 -9.394125e-05))
2.41          	((2.477768e-02 9.409957e-03 -1.807377e+01) (-7.045726e-04 6.314987e-05 -3.964503e-02)) ((-3.003412e-03 1.401199e-01 8.164138e-03) (1.399037e-05 2.787831e-04 -9.534818e-05))
2.42          	((2.656176e-02 9.073133e-03 -1.770278e+01) (-6.976716e-04 5.917846e-05 -4.081822e-02)) ((-2.946317e-03 1.356927e-01 8.394442e-03) (1.475436e-05 2.990017e-04 -9.667243e-05))
2.43          	((2.914774e-02 8.019855e-03 -1.729995e+01) (-6.890809e-04 5.527271e-05 -4.192623e-02)) ((-2.694984e-03 1.310178e-01 8.648913e-03) (1.540523e-05 3.194215e-04 -9.796310e-05))
2.44          	((3.140812e-02 8.867010e-03 -1.686443e+01) (-6.797320e-04 5.074934e-05 -4.296577e-02)) ((-2.736673e-03 1.261259e-01 8.853906e-03) (1.603163e-05 3.393471e-04 -9.908877e-05))
2.45          	((3.424173e-02 8.268324e-03 -1.639652e+01) (-6.685955e-04 4.648512e-05 -4.393194e-02)) ((-2.538100e-03 1.210258e-01 9.100119e-03) (1.638211e-05 3.592935e-04 -1.003438e-04))
2.46          	((3.679839e-02 8.059800e-03 -1.590115e+01) (-6.573304e-04 4.284867e-05 -4.482289e-02)) ((-2.432255e-03 1.156575e-01 9.508593e-03) (1.676355e-05 3.788623e-04 -1.015674e-04))
2.47          	((3.942499e-02 7.823528e-03 -1.537411e+01) (-6.419246e-04 3.827014e-05 -4.563098e-02)) ((-2.367213e-03 1.103004e-01 9.535747e-03) (1.726012e-05 3.977930e-04 -1.027565e-04))
2.48          	((4.128111e-02 6.497104e-03 -1.481720e+01) (-6.239527e-04 3.508491e-05 -4.635630e-02)) ((-2.198617e-03 1.048753e-01 9.562237e-03) (1.749833e-05 4.162205e-04 -1.040070e-04))
2.49          	((4.376504e-02 6.217283e-03 -1.423102e+01) (-6.024667e-04 3.173243e-05 -4.699507e-02)) ((-1.938061e-03 9.928885e-02 9.758648e-03) (1.736448e-05 4.340045e-04 -1.054642e-04))
2.5           	((4.741249e-02 5.514084e-03 -1.361768e+01) (-5.796532e-04 2.762509e-05 -4.754481e-02)) ((-1.699730e-03 9.370760e-02 9.759178e-03) (1.769193e-05 4.508357e-04 -1.071861e-04))
2.51          	((5.032101e-02 5.504227e-03 -1.297420e+01) (-5.552398e-04 2.347665e-05 -4.800422e-02)) ((-1.630280e-03 8.794197e-02 9.857391e-03) (1.752185e-05 4.669305e-04 -1.093813e-04))
2.52          	((5.200366e-02 4.147063e-03 -1.230261e+01) (-5.308632e-04 1.944978e-05 -4.836975e-02)) ((-1.247413e-03 8.184764e-02 9.757697e-03) (1.746084e-05 4.817524e-04 -1.115652e-04))
2.53          	((5.366937e-02 4.354488e-03 -1.160637e+01) (-5.030611e-04 1.382328e-05 -4.864125e-02)) ((-1.056156e-03 7.575066e-02 9.702757e-03) (1.784208e-05 4.955402e-04 -1.137919e-04))
2.54          	((5.467836e-02 3.864193e-03 -1.088635e+01) (-4.765947e-04 9.576393e-06 -4.881557e-02)) ((-7.276604e-04 6.951428e-02 9.707784e-03) (1.728182e-05 5.087818e-04 -1.162209e-04))
2.55          	((5.582234e-02 3.654467e-03 -1.014134e+01) (-4.473555e-04 5.413183e-06 -4.889390e-02)) ((-4.885827e-04 6.326929e-02 9.660743e-03) (1.623288e-05 5.205797e-04 -1.191533e-04))
2.56          	((5.743521e-02 3.630155e-03 -9.376267e+00) (-4.139146e-04 1.436535e-06 -4.887471e-02)) ((-2.385194e-04 5.706586e-02 9.666236e-03) (1.592492e-05 5.315707e-04 -1.221646e-04))
2.57          	((5.826874e-02 4.053722e-03 -8.588268e+00) (-3.792551e-04 -3.076083e-06 -4.875773e-02)) ((-1.837033e-04 5.069188e-02 9.640258e-03) (1.463312e-05 5.405453e-04 -1.252889e-04))
2.58          	((5.851698e-02 2.034886e-03 -7.781726e+00) (-3.437760e-04 -7.579056e-06 -4.854001e-02)) ((1.094833e-04 4.413388e-02 9.642344e-03) (1.320880e-05 5.484938e-04 -1.284972e-04))
2.59          	((5.777239e-02 1.370654e-03 -6.956390e+00) (-3.070120e-04 -1.104944e-05 -4.822626e-02)) ((4.015988e-04 3.752223e-02 9.623064e-03) (1.207490e-05 5.553071e-04 -1.315214e-04))
2.6           	((5.751197e-02 8.321054e-04 -6.112841e+00) (-2.702559e-04 -1.301734e-05 -4.781842e-02)) ((5.919459e-04 3.089962e-02 9.542605e-03) (1.021179e-05 5.600984e-04 -1.340861e-04))
2.61          	((5.620950e-02 -7.920302e-04 -5.254081e+00) (-2.309976e-04 -1.433438e-05 -4.731705e-02)) ((1.045511e-03 2.409788e-02 9.412632e-03) (8.776445e-06 5.638603e-04 -1.365783e-04))
2.62          	((5.529515e-02 -1.452371e-03 -4.383889e+00) (-1.922391e-04 -1.651759e-05 -4.672038e-02)) ((1.268480e-03 1.729077e-02 9.330208e-03) (7.290490e-06 5.658607e-04 -1.390312e-04))
2.63          	((5.339154e-02 -2.267875e-03 -3.501682e+00) (-1.547349e-04 -1.720328e-05 -4.603340e-02)) ((1.444926e-03 1.047235e-02 9.256990e-03) (5.514026e-06 5.664081e-04 -1.413103e-04))
2.64          	((5.129493e-02 -2.991552e-03 -2.609478e+00) (-1.181979e-04 -1.622553e-05 -4.526064e-02)) ((1.740899e-03 3.439949e-03 9.129695e-03) (4.551814e-06 5.653152e-04 -1.431755e-04))
2.65          	((4.824330e-02 -2.875334e-03 -1.712011e+00) (-8.154879e-05 -1.564208e-05 -4.440037e-02)) ((1.905451e-03 -3.741454e-03 8.903810e-03) (3.330486e-06 5.625973e-04 -1.449651e-04))
2.66          	((4.505703e-02 -2.688575e-03 -8.100320e-01) (-4.644326e-05 -1.575564e-05 -4.345607e-02)) ((2.017567e-03 -1.068103e-02 8.757521e-03) (2.341341e-06 5.583630e-04 -1.467033e-04))
2.67          	((4.238594e-02 -3.164041e-03 9.745185e-02) (-1.220643e-05 -1.436607e-05 -4.243309e-02)) ((2.123587e-03 -1.753178e-02 8.560953e-03) (1.317315e-06 5.529781e-04 -1.478433e-04))
2.68          	((3.963330e-02 -4.647224e-03 1.006495e+00) (2.100382e-05 -1.354542e-05 -4.132904e-02)) ((2.411131e-03 -2.456748e-02 8.332773e-03) (1.356257e-07 5.461815e-04 -1.489184e-04))
2.69          	((3.671480e-02 -4.746641e-03 1.914451e+00) (5.161768e-05 -1.396161e-05 -4.015074e-02)) ((2.555347e-03 -3.151813e-02 8.174415e-03) (-3.512918e-07 5.378434e-04 -1.499541e-04))
2.7           	((3.389722e-02 -5.834733e-03 2.818204e+00) (7.837216e-05 -1.288282e-05 -3.890045e-02)) ((2.877093e-03 -3.864920e-02 7.891120e-03) (-1.012910e-06 5.281822e-04 -1.509168e-04))
2.71          	((3.063696e-02 -5.552176e-03 3.713781e+00) (1.029802e-04 -1.191434e-05 -3.758235e-02)) ((3.053072e-03 -4.552991e-02 7.576107e-03) (-1.608576e-06 5.171342e-04 -1.515065e-04))
2.72          	((2.661203e-02 -6.726751e-03 4.601622e+00) (1.258624e-04 -9.394640e-06 -3.619939e-02)) ((3.081002e-03 -5.236426e-02 7.197883e-03) (-1.779339e-06 5.049401e-04 -1.517155e-04))
2.73          	((2.263798e-02 -8.153978e-03 5.479904e+00) (1.464705e-04 -7.080999e-06 -3.475556e-02)) ((3.337282e-03 -5.904701e-02 6.772056e-03) (-2.200788e-06 4.914579e-04 -1.518084e-04))
2.74          	((1.947195e-02 -8.736094e-03 6.346216e+00) (1.650154e-04 -3.346116e-06 -3.325221e-02)) ((3.422679e-03 -6.572190e-02 6.451471e-03) (-2.442565e-06 4.765809e-04 -1.515497e-04))
2.75          	((1.569308e-02 -9.212189e-03 7.195995e+00) (1.800745e-04 7.074442e-07 -3.169392e-02)) ((3.533127e-03 -7.219204e-02 6.002177e-03) (-2.689787e-06 4.607984e-04 -1.508355e-04))
2.76          	((1.243632e-02 -9.708658e-03 8.032503e+00) (1.921090e-04 4.854106e-06 -3.008748e-02)) ((3.713491e-03 -7.850985e-02 5.601595e-03) (-2.944450e-06 4.441368e-04 -1.499866e-04))
2.77          	((9.450987e-03 -9.844438e-03 8.850944e+00) (2.001271e-04 9.292963e-06 -2.843422e-02)) ((3.855310e-03 -8.468851e-02 5.287993e-03) (-3.525381e-06 4.262918e-04 -1.492686e-04))
2.78          	((6.310866e-03 -1.002827e-02 9.650526e+00) (2.055647e-04 1.370495e-05 -2.673985e-02)) ((4.193957e-03 -9.102941e-02 4.889810e-03) (-3.952963e-06 4.075772e-04 -1.483638e-04))
2.79          	((3.366115e-03 -9.111687e-03 1.042864e+01) (2.077954e-04 1.805558e-05 -2.500763e-02)) ((4.129070e-03 -9.730470e-02 4.592390e-03) (-4.369173e-06 3.880553e-04 -1.472450e-04))
2.8           	((2.044175e-04 -9.489862e-03 1.118519e+01) (2.045819e-04 2.292119e-05 -2.324122e-02)) ((4.185694e-03 -1.032335e-01 4.220345e-03) (-4.861355e-06 3.680368e-04 -1.465184e-04))
2.81          	((-3.430040e-03 -1.004667e-02 1.191719e+01) (1.990530e-04 2.812194e-05 -2.144417e-02)) ((4.211729e-03 -1.088248e-01 3.938904e-03) (-5.379497e-06 3.475246e-04 -1.457701e-04))
2.82          	((-6.182270e-03 -1.074514e-02 1.262213e+01) (1.899974e-04 3.295926e-05 -1.962171e-02)) ((4.499467e-03 -1.141065e-01 3.671130e-03) (-6.079323e-06 3.265074e-04 -1.450170e-04))
2.83          	((-8.978227e-03 -9.927991e-03 1.330100e+01) (1.768128e-04 3.796229e-05 -1.777590e-02)) ((4.423831e-03 -1.194218e-01 3.213042e-03) (-6.966376e-06 3.048744e-04 -1.440392e-04))
2.84          	((-1.160901e-02 -9.605645e-03 1.394984e+01) (1.608433e-04 4.274151e-05 -1.591228e-02)) ((4.339545e-03 -1.246155e-01 2.994098e-03) (-7.742373e-06 2.829885e-04 -1.429516e-04))
2.85          	((-1.525102e-02 -9.636478e-03 1.456757e+01) (1.437970e-04 4.705503e-05 -1.403418e-02)) ((4.566617e-03 -1.295658e-01 2.627557e-03) (-8.270373e-06 2.609283e-04 -1.417515e-04))
2.86          	((-1.750619e-02 -8.741297e-03 1.515462e+01) (1.253039e-04 5.047939e-05 -1.214569e-02)) ((4.532638e-03 -1.341930e-01 2.357102e-03) (-8.527702e-06 2.387789e-04 -1.402423e-04))
2.87          	((-1.847511e-02 -7.826253e-03 1.570992e+01) (1.062124e-04 5.420625e-05 -1.025023e-02)) ((4.351489e-03 -1.386441e-01 2.196579e-03) (-8.696423e-06 2.166966e-04 -1.384750e-04))
2.88          	((-2.112479e-02 -6.082643e-03 1.623302e+01) (8.579928e-05 5.824022e-05 -8.349317e-03)) ((4.478518e-03 -1.428019e-01 1.987028e-03) (-8.878225e-06 1.945568e-04 -1.365292e-04))
2.89          	((-2.297275e-02 -6.157718e-03 1.672445e+01) (6.418606e-05 6.298114e-05 -6.445749e-03)) ((4.626067e-03 -1.464822e-01 1.694137e-03) (-9.178149e-06 1.722596e-04 -1.346714e-04))
2.9           	((-2.463736e-02 -6.034204e-03 1.718584e+01) (4.064124e-05 6.579310e-05 -4.542410e-03)) ((4.491884e-03 -1.500517e-01 1.643051e-03) (-9.284902e-06 1.501998e-04 -1.332231e-04))
2.91          	((-2.634735e-02 -6.565223e-03 1.760785e+01) (1.568019e-05 6.772903e-05 -2.640963e-03)) ((4.460676e-03 -1.535545e-01 1.437190e-03) (-9.238603e-06 1.281188e-04 -1.316126e-04))
2.92          	((-2.700983e-02 -5.770539e-03 1.800055e+01) (-8.840147e-06 7.020422e-05 -7.442697e-04)) ((4.563966e-03 -1.562704e-01 1.119804e-03) (-8.998743e-06 1.059377e-04 -1.293388e-04))
2.93          	((-2.974440e-02 -4.412834e-03 1.835895e+01) (-3.638709e-05 7.244046e-05 1.144224e-03)) ((4.311607e-03 -1.590944e-01 9.790731e-04) (-8.889705e-06 8.373235e-05 -1.267343e-04))
2.94          	((-3.061187e-02 -4.419966e-03 1.868058e+01) (-6.567554e-05 7.308623e-05 3.024156e-03)) ((4.416959e-03 -1.615628e-01 6.869037e-04) (-8.669914e-06 6.139980e-05 -1.241707e-04))
2.95          	((-3.222370e-02 -4.101967e-03 1.896973e+01) (-9.517242e-05 7.160759e-05 4.893017e-03)) ((4.534283e-03 -1.642394e-01 4.352822e-04) (-8.528594e-06 3.923888e-05 -1.221700e-04))
2.96          	((-3.533241e-02 -1.849513e-03 1.920378e+01) (-1.237570e-04 6.979707e-05 6.751778e-03)) ((4.034999e-03 -1.663176e-01 6.348036e-04) (-8.720449e-06 1.700748e-05 -1.206696e-04))
2.97          	((-3.611395e-02 -3.893285e-03 1.941088e+01) (-1.524836e-04 6.889411e-05 8.600258e-03)) ((4.142617e-03 -1.674473e-01 7.208660e-04) (-9.312236e-06 -4.851743e-06 -1.195249e-04))
2.98          	((-3.794646e-02 -7.795100e-04 1.960192e+01) (-1.827716e-04 6.787095e-05 1.043670e-02)) ((4.242003e-03 -1.690198e-01 6.115641e-04) (-9.933798e-06 -2.669184e-05 -1.186391e-04))
2.99          	((-3.800639e-02 -2.398877e-03 1.975461e+01) (-2.149919e-04 6.619198e-05 1.225935e-02)) ((4.120087e-03 -1.696160e-01 2.881578e-04) (-1.046772e-05 -4.844786e-05 -1.181369e-04))
3             	((-4.228796e-02 7.400364e-05 1.984007e+01) (-2.481045e-04 6.409812e-05 1.406757e-02)) ((3.790444e-03 -1.696100e-01 4.607505e-04) (-1.107158e-05 -7.026504e-05 -1.178581e-04))
3.01          	((-4.210120e-02 2.219135e-04 2.004905e+01) (-2.825993e-04 6.193659e-05 1.586414e-02)) ((4.161797e-03 -1.713301e-01 9.392575e-05) (-1.197219e-05 -9.193285e-05 -1.179255e-04))
3.02          	((-4.809619e-02 -2.677411e-03 2.000950e+01) (-3.183730e-04 6.104665e-05 1.763353e-02)) ((4.232612e-03 -1.711139e-01 -6.325578e-05) (-1.287710e-05 -1.131623e-04 -1.181411e-04))
3.03          	((-4.676249e-02 -2.460522e-03 2.018280e+01) (-3.527851e-04 5.880929e-05 1.938885e-02)) ((4.053017e-03 -1.712669e-01 -5.000164e-04) (-1.399794e-05 -1.339499e-04 -1.181527e-04))
3.04          	((-5.146555e-02 -3.802840e-04 2.021072e+01) (-3.840665e-04 5.547364e-05 2.112650e-02)) ((3.618692e-03 -1.708617e-01 -7.544341e-04) (-1.491433e-05 -1.545089e-04 -1.179391e-04))
3.05          	((-5.118410e-02 -1.867895e-03 2.019958e+01) (-4.136532e-04 5.378703e-05 2.284558e-02)) ((3.560935e-03 -1.700846e-01 -8.685243e-04) (-1.593094e-05 -1.748641e-04 -1.176984e-04))
3.06          	((-5.317917e-02 -3.379408e-03 2.014816e+01) (-4.428801e-04 5.232196e-05 2.454233e-02)) ((3.278120e-03 -1.690560e-01 -1.019072e-03) (-1.710030e-05 -1.952847e-04 -1.177172e-04))
3.07          	((-5.403106e-02 -2.531772e-03 2.007038e+01) (-4.716760e-04 5.191335e-05 2.621473e-02)) ((3.137239e-03 -1.672794e-01 -1.191682e-03) (-1.848457e-05 -2.161045e-04 -1.177319e-04))
3.08          	((-5.202441e-02 -1.150207e-03 1.997219e+01) (-4.988206e-04 5.037201e-05 2.785632e-02)) ((3.007772e-03 -1.653243e-01 -1.313246e-03) (-1.975405e-05 -2.368776e-04 -1.174933e-04))
3.09          	((-5.258782e-02 -1.065531e-03 1.984037e+01) (-5.251664e-04 4.948433e-05 2.946760e-02)) ((2.878665e-03 -1.632175e-01 -1.625914e-03) (-2.084578e-05 -2.573573e-04 -1.171479e-04))
3.1           	((-5.371492e-02 -1.437265e-03 1.968078e+01) (-5.508903e-04 4.806030e-05 3.104255e-02)) ((2.738318e-03 -1.607952e-01 -1.872420e-03) (-2.186988e-05 -2.781170e-04 -1.166760e-04))
3.11          	((-5.315602e-02 -2.085289e-03 1.949244e+01) (-5.757000e-04 4.735122e-05 3.257714e-02)) ((2.581981e-03 -1.580241e-01 -2.058319e-03) (-2.259005e-05 -2.989883e-04 -1.160994e-04))
3.12          	((-5.194113e-02 -2.336543e-03 1.927505e+01) (-5.994089e-04 4.632050e-05 3.406529e-02)) ((2.275888e-03 -1.550334e-01 -2.089798e-03) (-2.328700e-05 -3.198324e-04 -1.152629e-04))
3.13          	((-5.104247e-02 -2.543806e-03 1.902656e+01) (-6.242390e-04 4.459091e-05 3.550555e-02)) ((2.069791e-03 -1.518610e-01 -2.176472e-03) (-2.400815e-05 -3.406186e-04 -1.140074e-04))
3.14          	((-4.879713e-02 -2.249320e-03 1.874615e+01) (-6.508586e-04 4.266764e-05 3.688865e-02)) ((1.753452e-03 -1.483412e-01 -2.196162e-03) (-2.467536e-05 -3.612547e-04 -1.126665e-04))
3.15          	((-4.702611e-02 -3.804472e-03 1.843537e+01) (-6.765726e-04 4.089812e-05 3.821359e-02)) ((1.782940e-03 -1.446672e-01 -1.979588e-03) (-2.548412e-05 -3.813183e-04 -1.111916e-04))
3.16          	((-4.479876e-02 -3.684563e-03 1.809618e+01) (-7.041240e-04 3.873061e-05 3.947421e-02)) ((1.480554e-03 -1.408413e-01 -1.727728e-03) (-2.583962e-05 -4.007597e-04 -1.093388e-04))
3.17          	((-4.221061e-02 -4.628361e-03 1.772266e+01) (-7.328119e-04 3.652212e-05 4.066914e-02)) ((1.420729e-03 -1.367948e-01 -1.413138e-03) (-2.602075e-05 -4.194251e-04 -1.072954e-04))
3.18          	((-3.930066e-02 -5.898189e-03 1.731568e+01) (-7.616515e-04 3.420733e-05 4.178854e-02)) ((1.471586e-03 -1.324028e-01 -1.106409e-03) (-2.627894e-05 -4.373048e-04 -1.051418e-04))
3.19          	((-3.748510e-02 -6.413940e-03 1.687828e+01) (-7.910269e-04 3.287660e-05 4.282927e-02)) ((1.325233e-03 -1.280001e-01 -8.360664e-04) (-2.673208e-05 -4.548609e-04 -1.025857e-04))
3.2           	((-3.540182e-02 -5.662857e-03 1.641051e+01) (-8.193449e-04 3.113338e-05 4.378291e-02)) ((1.078968e-03 -1.231660e-01 -3.464921e-04) (-2.688713e-05 -4.714990e-04 -1.001580e-04))
3.21          	((-3.351143e-02 -6.245054e-03 1.591067e+01) (-8.483285e-04 2.823700e-05 4.464878e-02)) ((9.807759e-04 -1.183556e-01 9.593647e-05) (-2.739350e-05 -4.875124e-04 -9.778639e-05))
3.22          	((-3.149667e-02 -6.479899e-03 1.537766e+01) (-8.778058e-04 2.516523e-05 4.542689e-02)) ((8.793672e-04 -1.133067e-01 3.942346e-04) (-2.728909e-05 -5.034124e-04 -9.540996e-05))
3.23          	((-2.963676e-02 -7.230458e-03 1.481363e+01) (-9.074134e-04 2.201097e-05 4.610861e-02)) ((8.477727e-04 -1.080917e-01 7.626466e-04) (-2.650858e-05 -5.187127e-04 -9.309158e-05))
3.24          	((-2.857583e-02 -6.069651e-03 1.421684e+01) (-9.384197e-04 1.701184e-05 4.669136e-02)) ((2.873780e-04 -1.026177e-01 9.338169e-04) (-2.592743e-05 -5.333206e-04 -9.121326e-05))
3.25          	((-2.808251e-02 -7.025680e-03 1.359511e+01) (-9.687566e-04 1.423159e-05 4.717735e-02)) ((2.820324e-04 -9.700792e-02 1.107137e-03) (-2.524797e-05 -5.471514e-04 -8.942640e-05))
3.26          	((-2.847047e-02 -7.451579e-03 1.294447e+01) (-9.988240e-04 1.207936e-05 4.756250e-02)) ((1.348062e-04 -9.113243e-02 1.412162e-03) (-2.397983e-05 -5.604580e-04 -8.814931e-05))
3.27          	((-2.813597e-02 -7.573190e-03 1.226653e+01) (-1.027272e-03 1.074141e-05 4.784854e-02)) ((-2.302276e-05 -8.509009e-02 1.517048e-03) (-2.207589e-05 -5.731138e-04 -8.697833e-05))
3.28          	((-2.684129e-02 -8.499172e-03 1.156005e+01) (-1.054803e-03 9.084458e-06 4.803592e-02)) ((-2.528533e-04 -7.884812e-02 1.719637e-03) (-1.980837e-05 -5.845356e-04 -8.598950e-05))
3.29          	((-2.599684e-02 -7.895865e-03 1.082716e+01) (-1.081432e-03 6.929016e-06 4.812555e-02)) ((-6.285420e-04 -7.246628e-02 1.670216e-03) (-1.756687e-05 -5.954973e-04 -8.547715e-05))
3.3           	((-2.557618e-02 -6.747607e-03 1.007007e+01) (-1.105279e-03 7.058624e-06 4.811629e-02)) ((-8.485094e-04 -6.608441e-02 1.669231e-03) (-1.520092e-05 -6.052499e-04 -8.513519e-05))
3.31          	((-2.525012e-02 -6.334239e-03 9.292662e+00) (-1.126557e-03 6.674984e-06 4.800568e-02)) ((-1.181717e-03 -5.945809e-02 1.680064e-03) (-1.247441e-05 -6.141469e-04 -8.518968e-05))
3.32          	((-2.393982e-02 -6.825395e-03 8.496154e+00) (-1.145712e-03 5.713054e-06 4.779868e-02)) ((-1.393880e-03 -5.248614e-02 1.430349e-03) (-9.388574e-06 -6.218314e-04 -8.555231e-05))
3.33          	((-2.333523e-02 -7.090576e-03 7.682116e+00) (-1.160613e-03 5.226788e-06 4.749428e-02)) ((-1.623069e-03 -4.547344e-02 1.140533e-03) (-6.635526e-06 -6.285295e-04 -8.594508e-05))
3.34          	((-2.175038e-02 -6.747559e-03 6.848589e+00) (-1.173303e-03 4.026289e-06 4.709541e-02)) ((-1.973108e-03 -3.839857e-02 7.525555e-04) (-4.063751e-06 -6.338943e-04 -8.669337e-05))
3.35          	((-2.098376e-02 -6.743263e-03 6.000773e+00) (-1.184607e-03 2.326765e-06 4.660186e-02)) ((-2.149485e-03 -3.144696e-02 3.791201e-04) (-1.359630e-06 -6.382401e-04 -8.755237e-05))
3.36          	((-1.920383e-02 -6.501405e-03 5.140552e+00) (-1.193157e-03 1.308662e-06 4.601721e-02)) ((-2.263749e-03 -2.436605e-02 -1.916219e-05) (1.429934e-06 -6.414494e-04 -8.818446e-05))
3.37          	((-1.781700e-02 -5.985780e-03 4.268928e+00) (-1.198458e-03 5.111073e-07 4.534480e-02)) ((-2.368237e-03 -1.718981e-02 -6.464015e-04) (4.125720e-06 -6.435812e-04 -8.892997e-05))
3.38          	((-1.665990e-02 -5.022445e-03 3.388097e+00) (-1.201008e-03 -1.879169e-06 4.458308e-02)) ((-2.383343e-03 -9.986093e-03 -1.001170e-03) (6.654988e-06 -6.440405e-04 -8.957913e-05))
3.39          	((-1.514467e-02 -4.642606e-03 2.498111e+00) (-1.200446e-03 -4.512093e-06 4.373646e-02)) ((-2.455849e-03 -2.725375e-03 -1.356850e-03) (8.905893e-06 -6.430728e-04 -9.025346e-05))
3.4           	((-1.207317e-02 -3.489512e-03 1.602713e+00) (-1.197091e-03 -6.770523e-06 4.281182e-02)) ((-2.522850e-03 4.613197e-03 -1.760462e-03) (1.102658e-05 -6.408533e-04 -9.140121e-05))
3.41          	((-1.046851e-02 -3.155827e-03 7.023881e-01) (-1.190961e-03 -9.417641e-06 4.180743e-02)) ((-2.518904e-03 1.176445e-02 -2.199303e-03) (1.314764e-05 -6.374547e-04 -9.210939e-05))
3.42          	((-8.354185e-03 -2.100542e-03 -1.983532e-01) (-1.182728e-03 -1.276470e-05 4.073129e-02)) ((-2.734449e-03 1.891568e-02 -2.532909e-03) (1.526624e-05 -6.328879e-04 -9.271609e-05))
3.43          	((-5.616466e-03 -8.959316e-04 -1.101745e+00) (-1.172495e-03 -1.500838e-05 3.958303e-02)) ((-2.741371e-03 2.608790e-02 -2.982793e-03) (1.713991e-05 -6.269347e-04 -9.317174e-05))
3.44          	((-3.385593e-03 7.586615e-04 -2.002279e+00) (-1.160893e-03 -1.584510e-05 3.836316e-02)) ((-2.786337e-03 3.332160e-02 -3.443285e-03) (1.839681e-05 -6.197841e-04 -9.350780e-05))
3.45          	((-1.975678e-04 2.365621e-03 -2.898578e+00) (-1.145765e-03 -1.483158e-05 3.708056e-02)) ((-3.012348e-03 4.060209e-02 -3.638269e-03) (1.955712e-05 -6.115063e-04 -9.363418e-05))
3.46          	((2.282399e-03 3.626845e-03 -3.790938e+00) (-1.127875e-03 -1.439439e-05 3.573757e-02)) ((-2.996867e-03 4.773755e-02 -3.764192e-03) (2.065373e-05 -6.020753e-04 -9.371665e-05))
3.47          	((4.870058e-03 4.479243e-03 -4.674797e+00) (-1.109339e-03 -1.413272e-05 3.433935e-02)) ((-3.079467e-03 5.473876e-02 -4.220888e-03) (2.155361e-05 -5.913996e-04 -9.352752e-05))
3.48          	((8.803241e-03 5.852175e-03 -5.545447e+00) (-1.089001e-03 -1.321010e-05 3.288867e-02)) ((-2.925980e-03 6.193529e-02 -4.487015e-03) (2.254617e-05 -5.796317e-04 -9.299447e-05))
3.49          	((1.141216e-02 6.984935e-03 -6.405172e+00) (-1.067939e-03 -1.175890e-05 3.138830e-02)) ((-2.956738e-03 6.869173e-02 -4.584666e-03) (2.308884e-05 -5.669917e-04 -9.216655e-05))
3.5           	((1.424881e-02 7.918711e-03 -7.249316e+00) (-1.046474e-03 -8.850308e-06 2.984390e-02)) ((-3.054450e-03 7.526688e-02 -4.636635e-03) (2.356353e-05 -5.531187e-04 -9.130194e-05))
3.51          	((1.708095e-02 7.832138e-03 -8.078533e+00) (-1.025471e-03 -5.245161e-06 2.825775e-02)) ((-3.158147e-03 8.193398e-02 -4.703373e-03) (2.379200e-05 -5.385323e-04 -8.974488e-05))
3.52          	((1.930887e-02 9.084418e-03 -8.892457e+00) (-1.004287e-03 -1.226726e-06 2.663046e-02)) ((-3.299837e-03 8.856244e-02 -4.802685e-03) (2.379032e-05 -5.228954e-04 -8.803617e-05))
3.53          	((2.226210e-02 9.217262e-03 -9.685717e+00) (-9.816684e-04 1.979759e-06 2.496681e-02)) ((-3.393261e-03 9.513566e-02 -4.822259e-03) (2.386702e-05 -5.065218e-04 -8.631241e-05))
3.54          	((2.501067e-02 1.053453e-02 -1.046136e+01) (-9.588460e-04 4.294930e-06 2.327252e-02)) ((-3.468200e-03 1.015355e-01 -4.771816e-03) (2.379366e-05 -4.893453e-04 -8.443917e-05))
3.55          	((2.757428e-02 1.028967e-02 -1.121273e+01) (-9.364051e-04 6.315568e-06 2.154921e-02)) ((-3.436439e-03 1.076494e-01 -4.718195e-03) (2.356461e-05 -4.714541e-04 -8.246610e-05))
3.56          	((2.963487e-02 1.078683e-02 -1.194093e+01) (-9.145334e-04 8.271488e-06 1.979901e-02)) ((-3.445956e-03 1.136524e-01 -4.488636e-03) (2.313310e-05 -4.529689e-04 -8.070528e-05))
3.57          	((3.174790e-02 1.105642e-02 -1.264600e+01) (-8.937901e-04 1.071583e-05 1.802556e-02)) ((-3.322075e-03 1.192879e-01 -4.316929e-03) (2.276146e-05 -4.338749e-04 -7.873600e-05))
3.58          	((3.300092e-02 1.149495e-02 -1.332154e+01) (-8.738856e-04 1.374001e-05 1.623315e-02)) ((-3.247233e-03 1.246129e-01 -4.145848e-03) (2.234144e-05 -4.144117e-04 -7.701185e-05))
3.59          	((3.494787e-02 1.225240e-02 -1.397229e+01) (-8.553289e-04 1.564339e-05 1.442583e-02)) ((-3.310434e-03 1.300058e-01 -3.941609e-03) (2.182752e-05 -3.944479e-04 -7.543058e-05))
3.6           	((3.574888e-02 1.165025e-02 -1.459146e+01) (-8.374293e-04 1.774007e-05 1.260415e-02)) ((-3.460502e-03 1.351189e-01 -3.575840e-03) (2.113464e-05 -3.739348e-04 -7.404696e-05))
3.61          	((3.617630e-02 1.117692e-02 -1.517744e+01) (-8.188704e-04 2.145037e-05 1.077182e-02)) ((-3.154127e-03 1.398443e-01 -3.321214e-03) (2.014562e-05 -3.528304e-04 -7.288325e-05))
3.62          	((3.646451e-02 1.313120e-02 -1.573185e+01) (-8.009546e-04 2.479597e-05 8.930166e-03)) ((-3.259914e-03 1.444840e-01 -2.872549e-03) (1.891170e-05 -3.313159e-04 -7.188862e-05))
3.63          	((3.749480e-02 1.301300e-02 -1.625452e+01) (-7.839588e-04 2.721178e-05 7.081120e-03)) ((-3.678982e-03 1.487202e-01 -2.608773e-03) (1.774628e-05 -3.095528e-04 -7.092898e-05))
3.64          	((3.768346e-02 1.181357e-02 -1.674734e+01) (-7.672920e-04 2.899168e-05 5.228208e-03)) ((-3.295668e-03 1.526005e-01 -2.366710e-03) (1.663442e-05 -2.876183e-04 -7.023114e-05))
3.65          	((3.760967e-02 1.166542e-02 -1.720521e+01) (-7.554843e-04 3.215403e-05 3.373800e-03)) ((-3.169076e-03 1.562402e-01 -1.908487e-03) (1.549748e-05 -2.657267e-04 -6.979602e-05))
3.66          	((3.775637e-02 1.262676e-02 -1.762968e+01) (-7.454054e-04 3.488794e-05 1.521386e-03)) ((-2.981745e-03 1.593442e-01 -1.406080e-03) (1.468235e-05 -2.438279e-04 -6.986901e-05))
3.67          	((3.822864e-02 1.250971e-02 -1.802147e+01) (-7.362284e-04 3.807114e-05 -3.261652e-04)) ((-3.002653e-03 1.625017e-01 -1.273818e-03) (1.382848e-05 -2.219405e-04 -6.978575e-05))
3.68          	((3.614070e-02 1.161555e-02 -1.837745e+01) (-7.291565e-04 4.241367e-05 -2.166077e-03)) ((-3.427221e-03 1.652083e-01 -8.696574e-04) (1.275072e-05 -2.002810e-04 -6.973986e-05))
3.69          	((3.499102e-02 1.235797e-02 -1.868898e+01) (-7.240535e-04 4.606257e-05 -3.995671e-03)) ((-3.287763e-03 1.677497e-01 -1.976669e-04) (1.147430e-05 -1.786873e-04 -6.995035e-05))
3.7           	((3.592911e-02 1.427761e-02 -1.896931e+01) (-7.203013e-04 5.051737e-05 -5.816338e-03)) ((-2.883267e-03 1.696611e-01 1.217706e-04) (1.047410e-05 -1.573054e-04 -6.992115e-05))
3.71          	((3.292055e-02 1.408011e-02 -1.921520e+01) (-7.176786e-04 5.496483e-05 -7.626771e-03)) ((-2.875122e-03 1.711645e-01 4.971421e-04) (9.363367e-06 -1.361401e-04 -6.954726e-05))
3.72          	((3.092433e-02 1.424157e-02 -1.943555e+01) (-7.153344e-04 5.665623e-05 -9.424496e-03)) ((-2.861919e-03 1.723527e-01 8.324480e-04) (8.435812e-06 -1.150537e-04 -6.929441e-05))
3.73          	((2.872178e-02 1.325350e-02 -1.961248e+01) (-7.143890e-04 5.832565e-05 -1.120928e-02)) ((-2.826337e-03 1.732998e-01 1.263670e-03) (7.494377e-06 -9.421822e-05 -6.966904e-05))
3.74          	((2.865034e-02 1.181650e-02 -1.976753e+01) (-7.163055e-04 6.057399e-05 -1.298115e-02)) ((-2.528083e-03 1.748893e-01 1.535564e-03) (6.671165e-06 -7.363861e-05 -7.016202e-05))
3.75          	((2.715356e-02 1.262172e-02 -1.989659e+01) (-7.200830e-04 6.265571e-05 -1.473901e-02)) ((-3.212982e-03 1.752393e-01 1.943237e-03) (6.152486e-06 -5.307940e-05 -7.063802e-05))
3.76          	((2.210199e-02 1.225756e-02 -2.009561e+01) (-7.246006e-04 6.312228e-05 -1.648680e-02)) ((-3.140713e-03 1.761155e-01 2.464309e-03) (5.680300e-06 -3.304345e-05 -7.136443e-05))
3.77          	((1.656664e-02 1.314998e-02 -1.998576e+01) (-7.299918e-04 6.144010e-05 -1.820562e-02)) ((-3.701640e-03 1.746137e-01 2.834543e-03) (5.125565e-06 -1.316752e-05 -7.211488e-05))
3.78          	((2.527525e-02 1.406978e-02 -2.014790e+01) (-7.360127e-04 5.897308e-05 -1.990947e-02)) ((-3.737629e-03 1.746665e-01 3.702252e-03) (4.663098e-06 6.423549e-06 -7.299965e-05))
3.79          	((1.909012e-02 1.322899e-02 -2.019165e+01) (-7.409896e-04 5.603223e-05 -2.159706e-02)) ((-3.504889e-03 1.743097e-01 4.126750e-03) (4.153422e-06 2.588249e-05 -7.379077e-05))
3.8           	((1.898843e-02 1.045669e-02 -2.018439e+01) (-7.469084e-04 5.298380e-05 -2.326592e-02)) ((-3.284452e-03 1.733202e-01 4.589569e-03) (3.996624e-06 4.506436e-05 -7.438851e-05))
3.81          	((1.702425e-02 1.179422e-02 -2.013461e+01) (-7.529124e-04 4.995154e-05 -2.491552e-02)) ((-3.544326e-03 1.717492e-01 4.989366e-03) (3.574664e-06 6.446862e-05 -7.510485e-05))
3.82          	((1.615260e-02 1.161692e-02 -2.005525e+01) (-7.585252e-04 4.617081e-05 -2.654277e-02)) ((-3.421401e-03 1.697248e-01 5.303387e-03) (3.367321e-06 8.380067e-05 -7.561504e-05))
3.83          	((1.522732e-02 1.230990e-02 -1.995164e+01) (-7.631303e-04 4.170069e-05 -2.814448e-02)) ((-3.293428e-03 1.672866e-01 5.782535e-03) (3.076801e-06 1.033476e-04 -7.645402e-05))
3.84          	((1.379741e-02 1.079177e-02 -1.980829e+01) (-7.667368e-04 3.653077e-05 -2.971516e-02)) ((-3.477506e-03 1.644173e-01 5.994808e-03) (3.196010e-06 1.229275e-04 -7.740042e-05))
3.85          	((1.429620e-02 9.384868e-03 -1.963079e+01) (-7.692554e-04 3.282650e-05 -3.125072e-02)) ((-3.300161e-03 1.619011e-01 6.495522e-03) (3.340659e-06 1.426057e-04 -7.841989e-05))
3.86          	((1.413543e-02 1.043410e-02 -1.943002e+01) (-7.702021e-04 3.003379e-05 -3.274986e-02)) ((-3.461361e-03 1.588290e-01 7.050226e-03) (3.759818e-06 1.621814e-04 -7.959075e-05))
3.87          	((1.499235e-02 9.700011e-03 -1.920504e+01) (-7.706736e-04 2.522088e-05 -3.420961e-02)) ((-3.486112e-03 1.557417e-01 7.491741e-03) (3.766879e-06 1.820782e-04 -8.078590e-05))
3.88          	((1.544197e-02 9.061953e-03 -1.895136e+01) (-7.691829e-04 2.036897e-05 -3.562390e-02)) ((-3.397453e-03 1.523307e-01 7.807893e-03) (3.733642e-06 2.020506e-04 -8.162144e-05))
3.89          	((1.650653e-02 8.120114e-03 -1.866531e+01) (-7.672953e-04 1.593412e-05 -3.698771e-02)) ((-3.445807e-03 1.486279e-01 8.244231e-03) (3.777283e-06 2.217094e-04 -8.258838e-05))
3.9           	((1.751776e-02 6.962625e-03 -1.834797e+01) (-7.630109e-04 1.045617e-05 -3.830183e-02)) ((-3.251627e-03 1.446279e-01 8.658236e-03) (3.944241e-06 2.417596e-04 -8.368002e-05))
3.91          	((1.905434e-02 8.155229e-03 -1.800060e+01) (-7.573718e-04 4.521241e-06 -3.955704e-02)) ((-3.438800e-03 1.403343e-01 8.945423e-03) (4.167526e-06 2.619507e-04 -8.490431e-05))
3.92          	((1.986882e-02 6.537960e-03 -1.762317e+01) (-7.510505e-04 -6.608214e-07 -4.075008e-02)) ((-3.307427e-03 1.357148e-01 9.130108e-03) (4.432443e-06 2.818201e-04 -8.593019e-05))
3.93          	((2.133258e-02 6.725145e-03 -1.721622e+01) (-7.440908e-04 -5.863374e-06 -4.187706e-02)) ((-3.252162e-03 1.308415e-01 9.403551e-03) (4.477829e-06 3.011982e-04 -8.704187e-05))
3.94          	((2.329135e-02 7.851139e-03 -1.677778e+01) (-7.358481e-04 -1.112230e-05 -4.294006e-02)) ((-3.151347e-03 1.260405e-01 9.544172e-03) (5.072282e-06 3.207155e-04 -8.793815e-05))
3.95          	((2.549043e-02 7.352410e-03 -1.630705e+01) (-7.262490e-04 -1.566421e-05 -4.392489e-02)) ((-3.110543e-03 1.210844e-01 9.872552e-03) (5.323416e-06 3.395720e-04 -8.888165e-05))
3.96          	((2.812765e-02 7.936926e-03 -1.580863e+01) (-7.146354e-04 -1.980219e-05 -4.483597e-02)) ((-3.113826e-03 1.158128e-01 1.018581e-02) (5.690880e-06 3.580304e-04 -8.996253e-05))
3.97          	((3.037765e-02 8.139402e-03 -1.527711e+01) (-7.017998e-04 -2.420543e-05 -4.566816e-02)) ((-3.053103e-03 1.104223e-01 1.039487e-02) (5.576402e-06 3.760014e-04 -9.083300e-05))
3.98          	((3.205331e-02 7.996911e-03 -1.471875e+01) (-6.858893e-04 -2.765254e-05 -4.641590e-02)) ((-3.123566e-03 1.048857e-01 1.039185e-02) (5.496898e-06 3.935513e-04 -9.187487e-05))
3.99          	((3.406677e-02 7.424059e-03 -1.413152e+01) (-6.672594e-04 -3.048315e-05 -4.708173e-02)) ((-2.956101e-03 9.924069e-02 1.043796e-02) (6.062195e-06 4.108147e-04 -9.294002e-05))
4             	((3.668801e-02 7.665315e-03 -1.351585e+01) (-6.474052e-04 -3.432311e-05 -4.765675e-02)) ((-2.973960e-03 9.354717e-02 1.058737e-02) (6.000360e-06 4.270965e-04 -9.431680e-05))
4.01          	((3.955990e-02 7.503068e-03 -1.287186e+01) (-6.258577e-04 -3.771968e-05 -4.814224e-02)) ((-2.807107e-03 8.767059e-02 1.045254e-02) (6.101954e-06 4.420309e-04 -9.589000e-05))
4.02          	((4.121336e-02 7.819950e-03 -1.220052e+01) (-6.017981e-04 -4.035018e-05 -4.853484e-02)) ((-2.664440e-03 8.180643e-02 1.048714e-02) (6.592793e-06 4.565575e-04 -9.742364e-05))
4.03          	((4.242355e-02 7.138913e-03 -1.150550e+01) (-5.779661e-04 -4.186277e-05 -4.883356e-02)) ((-2.441071e-03 7.565924e-02 1.033231e-02) (7.071603e-06 4.702512e-04 -9.933716e-05))
4.04          	((4.348961e-02 7.142116e-03 -1.078487e+01) (-5.535792e-04 -4.422824e-05 -4.903420e-02)) ((-2.246096e-03 6.939695e-02 1.022812e-02) (6.104474e-06 4.827782e-04 -1.016526e-04))
4.05          	((4.462342e-02 6.546926e-03 -1.004141e+01) (-5.263295e-04 -4.623966e-05 -4.913861e-02)) ((-1.873377e-03 6.308352e-02 1.008078e-02) (5.761761e-06 4.937901e-04 -1.040615e-04))
4.06          	((4.621257e-02 6.230081e-03 -9.275959e+00) (-4.949152e-04 -4.746002e-05 -4.914666e-02)) ((-1.610502e-03 5.676724e-02 9.937125e-03) (5.631227e-06 5.042066e-04 -1.064925e-04))
4.07          	((4.723994e-02 6.561498e-03 -8.490605e+00) (-4.624527e-04 -4.818273e-05 -4.905326e-02)) ((-1.536451e-03 5.031887e-02 9.912586e-03) (4.897282e-06 5.136766e-04 -1.094153e-04))
4.08          	((4.714214e-02 6.396527e-03 -7.685802e+00) (-4.295236e-04 -4.796991e-05 -4.886295e-02)) ((-1.507796e-03 4.379287e-02 9.932824e-03) (4.238587e-06 5.215751e-04 -1.123368e-04))
4.09          	((4.742290e-02 4.785568e-03 -6.863636e+00) (-3.959666e-04 -4.851007e-05 -4.857542e-02)) ((-1.207314e-03 3.732448e-02 9.784751e-03) (3.847174e-06 5.277626e-04 -1.152589e-04))
4.1           	((4.751240e-02 4.524686e-03 -6.024692e+00) (-3.621176e-04 -4.816867e-05 -4.818909e-02)) ((-1.036877e-03 3.060759e-02 9.682897e-03) (3.274070e-06 5.330547e-04 -1.181396e-04))
4.11          	((4.671177e-02 3.540332e-03 -5.171391e+00) (-3.279577e-04 -4.692684e-05 -4.770958e-02)) ((-7.396522e-04 2.377375e-02 9.518671e-03) (2.690749e-06 5.370280e-04 -1.207654e-04))
4.12          	((4.584003e-02 2.586858e-03 -4.305427e+00) (-2.933796e-04 -4.677427e-05 -4.713517e-02)) ((-4.107688e-04 1.683309e-02 9.239358e-03) (2.205972e-06 5.391111e-04 -1.234636e-04))
4.13          	((4.377671e-02 1.674449e-03 -3.430038e+00) (-2.590437e-04 -4.520766e-05 -4.647098e-02)) ((-2.616931e-04 9.897248e-03 9.044355e-03) (2.053273e-06 5.401511e-04 -1.261871e-04))
4.14          	((4.219335e-02 1.164828e-03 -2.542623e+00) (-2.247123e-04 -4.475434e-05 -4.571203e-02)) ((9.704095e-05 3.168891e-03 8.808137e-03) (1.709023e-06 5.394094e-04 -1.287829e-04))
4.15          	((4.017099e-02 5.698188e-04 -1.647736e+00) (-1.902515e-04 -4.408998e-05 -4.486487e-02)) ((4.151314e-04 -3.843055e-03 8.600059e-03) (1.401283e-06 5.371760e-04 -1.315500e-04))
4.16          	((3.800045e-02 -3.306961e-04 -7.491263e-01) (-1.574610e-04 -4.230466e-05 -4.393350e-02)) ((6.780489e-04 -1.082122e-02 8.415340e-03) (1.546316e-06 5.339331e-04 -1.343246e-04))
4.17          	((3.572608e-02 -7.928584e-04 1.529953e-01) (-1.252075e-04 -4.140562e-05 -4.291888e-02)) ((1.104042e-03 -1.788517e-02 8.305136e-03) (1.398609e-06 5.290764e-04 -1.371115e-04))
4.18          	((3.278858e-02 -4.286552e-04 1.057026e+00) (-9.416969e-05 -4.037059e-05 -4.182244e-02)) ((1.233287e-03 -2.482746e-02 8.062462e-03) (1.293540e-06 5.229368e-04 -1.395114e-04))
4.19          	((3.031818e-02 -1.397597e-03 1.961602e+00) (-6.384331e-05 -3.862705e-05 -4.065064e-02)) ((1.573157e-03 -3.178123e-02 7.900439e-03) (1.803494e-06 5.156322e-04 -1.420769e-04))
4.2           	((2.728021e-02 -2.086001e-03 2.860996e+00) (-3.666543e-05 -3.552218e-05 -3.940218e-02)) ((1.620735e-03 -3.874138e-02 7.618571e-03) (1.823418e-06 5.067757e-04 -1.447381e-04))
4.21          	((2.440341e-02 -2.219076e-03 3.752468e+00) (-1.159891e-05 -3.262889e-05 -3.808397e-02)) ((1.835524e-03 -4.555671e-02 7.379808e-03) (1.988525e-06 4.964896e-04 -1.470267e-04))
4.22          	((2.125929e-02 -3.163653e-03 4.634649e+00) (1.096027e-05 -2.829688e-05 -3.670080e-02)) ((1.982213e-03 -5.228796e-02 7.108877e-03) (2.311877e-06 4.852344e-04 -1.489998e-04))
4.23          	((1.847893e-02 -3.642285e-03 5.510697e+00) (3.113577e-05 -2.380264e-05 -3.525377e-02)) ((2.297467e-03 -5.899862e-02 6.737127e-03) (2.133521e-06 4.730654e-04 -1.509765e-04))
4.24          	((1.530008e-02 -4.106040e-03 6.371933e+00) (4.938435e-05 -1.907190e-05 -3.374881e-02)) ((2.577573e-03 -6.551342e-02 6.332932e-03) (2.268429e-06 4.597646e-04 -1.523468e-04))
4.25          	((1.190620e-02 -5.039781e-03 7.220515e+00) (6.491951e-05 -1.450511e-05 -3.218665e-02)) ((2.803605e-03 -7.206358e-02 5.955314e-03) (2.282101e-06 4.453857e-04 -1.535362e-04))
4.26          	((8.855914e-03 -5.559747e-03 8.054357e+00) (7.704293e-05 -8.999766e-06 -3.057291e-02)) ((2.978163e-03 -7.841770e-02 5.505422e-03) (2.264443e-06 4.300824e-04 -1.545783e-04))
4.27          	((5.527263e-03 -6.297094e-03 8.870562e+00) (8.592921e-05 -2.608646e-06 -2.891263e-02)) ((3.100832e-03 -8.478844e-02 5.118662e-03) (2.077102e-06 4.136907e-04 -1.552004e-04))
4.28          	((2.541284e-03 -6.603715e-03 9.669484e+00) (9.129340e-05 4.002620e-06 -2.721029e-02)) ((3.231722e-03 -9.095840e-02 4.870244e-03) (1.986512e-06 3.963724e-04 -1.556145e-04))
4.29          	((1.454224e-04 -6.700079e-03 1.044813e+01) (9.289307e-05 1.013331e-05 -2.546875e-02)) ((3.423922e-03 -9.712547e-02 4.461890e-03) (1.689193e-06 3.783547e-04 -1.559594e-04))
4.3           	((-3.021233e-03 -6.602145e-03 1.120056e+01) (9.201678e-05 1.749676e-05 -2.369358e-02)) ((3.516004e-03 -1.030858e-01 4.153883e-03) (1.441389e-06 3.597634e-04 -1.561256e-04))
4.31          	((-6.296239e-03 -7.152363e-03 1.193236e+01) (8.827186e-05 2.510673e-05 -2.188830e-02)) ((3.687933e-03 -1.088706e-01 3.738381e-03) (1.082634e-06 3.404402e-04 -1.561063e-04))
4.32          	((-9.242668e-03 -6.412972e-03 1.263719e+01) (8.176093e-05 3.245520e-05 -2.005669e-02)) ((3.828299e-03 -1.141977e-01 3.487884e-03) (7.943464e-07 3.207750e-04 -1.560167e-04))
4.33          	((-1.099680e-02 -5.008220e-03 1.331287e+01) (7.186495e-05 3.960394e-05 -1.820247e-02)) ((3.773488e-03 -1.193219e-01 3.181627e-03) (5.009859e-07 3.004567e-04 -1.555789e-04))
4.34          	((-1.348878e-02 -6.626931e-03 1.396204e+01) (5.987018e-05 4.638825e-05 -1.633026e-02)) ((3.919237e-03 -1.245071e-01 2.988791e-03) (2.430934e-08 2.797190e-04 -1.549758e-04))
4.35          	((-1.636239e-02 -7.170897e-03 1.457952e+01) (4.566307e-05 5.175189e-05 -1.444238e-02)) ((4.188085e-03 -1.294596e-01 2.631110e-03) (-5.262751e-07 2.587287e-04 -1.542534e-04))
4.36          	((-1.889080e-02 -5.649215e-03 1.516838e+01) (3.032456e-05 5.681186e-05 -1.254244e-02)) ((4.147029e-03 -1.341203e-01 2.375107e-03) (-1.120954e-06 2.374645e-04 -1.532302e-04))
4.37          	((-2.099732e-02 -5.429029e-03 1.572488e+01) (1.274731e-05 6.191832e-05 -1.063539e-02)) ((4.019099e-03 -1.386885e-01 2.531584e-03) (-1.530634e-06 2.160818e-04 -1.521386e-04))
4.38          	((-2.219787e-02 -4.516606e-03 1.624918e+01) (-5.915143e-06 6.732402e-05 -8.723892e-03)) ((4.357301e-03 -1.425955e-01 2.137948e-03) (-1.941325e-06 1.944561e-04 -1.508494e-04))
4.39          	((-2.364810e-02 -5.081745e-03 1.674170e+01) (-2.667107e-05 7.309446e-05 -6.811644e-03)) ((4.382294e-03 -1.463618e-01 1.648722e-03) (-2.149088e-06 1.729378e-04 -1.494103e-04))
4.4           	((-2.565372e-02 -3.474551e-03 1.719966e+01) (-4.850542e-05 7.687521e-05 -4.899124e-03)) ((4.175098e-03 -1.500688e-01 1.544374e-03) (-2.283499e-06 1.514695e-04 -1.481254e-04))
4.41          	((-2.807662e-02 -5.724519e-03 1.762117e+01) (-7.145978e-05 7.972975e-05 -2.988369e-03)) ((4.321438e-03 -1.535156e-01 1.434768e-03) (-2.278382e-06 1.298840e-04 -1.465084e-04))
4.42          	((-2.946791e-02 -2.932687e-03 1.801339e+01) (-9.464764e-05 8.246010e-05 -1.082591e-03)) ((4.256653e-03 -1.565222e-01 1.070901e-03) (-2.437841e-06 1.084184e-04 -1.442930e-04))
4.43          	((-3.130302e-02 -2.863527e-03 1.836958e+01) (-1.197279e-04 8.488644e-05 8.163842e-04)) ((4.360564e-03 -1.590460e-01 9.546112e-04) (-2.431624e-06 8.688374e-05 -1.419771e-04))
4.44          	((-3.278148e-02 -2.987395e-03 1.869481e+01) (-1.468074e-04 8.535188e-05 2.706132e-03)) ((3.998088e-03 -1.616427e-01 7.439719e-04) (-2.342085e-06 6.525679e-05 -1.397795e-04))
4.45          	((-3.334310e-02 -1.272973e-03 1.897849e+01) (-1.745023e-04 8.305375e-05 4.585966e-03)) ((4.378554e-03 -1.643574e-01 5.606338e-04) (-2.214487e-06 4.345834e-05 -1.377172e-04))
4.46          	((-3.580311e-02 8.999847e-05 1.921892e+01) (-2.014008e-04 8.008517e-05 6.453596e-03)) ((4.275478e-03 -1.663916e-01 6.403438e-04) (-2.330400e-06 2.180487e-05 -1.365077e-04))
4.47          	((-3.800707e-02 1.613340e-03 1.942553e+01) (-2.271995e-04 7.909062e-05 8.311952e-03)) ((3.776507e-03 -1.677446e-01 4.333692e-04) (-2.897054e-06 2.216280e-07 -1.353251e-04))
4.48          	((-4.005502e-02 9.202227e-04 1.961569e+01) (-2.544036e-04 7.709846e-05 1.015701e-02)) ((4.411628e-03 -1.688564e-01 8.626038e-05) (-3.775939e-06 -2.133605e-05 -1.345058e-04))
4.49          	((-4.074262e-02 1.515567e-04 1.977227e+01) (-2.838147e-04 7.457522e-05 1.198862e-02)) ((3.785567e-03 -1.697565e-01 3.589182e-04) (-4.507727e-06 -4.288999e-05 -1.341654e-04))
4.5           	((-4.623147e-02 2.337196e-03 1.986796e+01) (-3.150855e-04 7.121298e-05 1.380793e-02)) ((3.354485e-03 -1.700384e-01 7.461142e-04) (-5.168415e-06 -6.457852e-05 -1.339980e-04))
4.51          	((-4.579938e-02 -2.119307e-03 2.005600e+01) (-3.467132e-04 6.770015e-05 1.561720e-02)) ((4.177152e-03 -1.711694e-01 -5.520365e-05) (-5.748426e-06 -8.594316e-05 -1.339692e-04))
4.52          	((-5.078136e-02 -1.366129e-03 2.002261e+01) (-3.798035e-04 6.534574e-05 1.740028e-02)) ((3.860421e-03 -1.714950e-01 -1.886661e-04) (-6.788656e-06 -1.070290e-04 -1.338613e-04))
4.53          	((-4.928311e-02 -2.937048e-04 2.016813e+01) (-4.119534e-04 6.275939e-05 1.916790e-02)) ((3.829982e-03 -1.712111e-01 -3.266717e-04) (-7.907085e-06 -1.279766e-04 -1.336780e-04))
4.54          	((-5.312999e-02 6.946092e-04 2.020948e+01) (-4.415111e-04 5.865679e-05 2.091633e-02)) ((3.740593e-03 -1.711830e-01 -7.979928e-04) (-9.081284e-06 -1.485348e-04 -1.333143e-04))
4.55          	((-5.299818e-02 -9.257066e-05 2.019751e+01) (-4.691334e-04 5.462809e-05 2.264516e-02)) ((3.753650e-03 -1.705030e-01 -8.287830e-04) (-1.030185e-05 -1.688692e-04 -1.330316e-04))
4.56          	((-5.355036e-02 -1.188783e-04 2.014713e+01) (-4.973812e-04 5.237050e-05 2.435201e-02)) ((3.540162e-03 -1.691285e-01 -1.071956e-03) (-1.163552e-05 -1.892374e-04 -1.329134e-04))
4.57          	((-5.595700e-02 -3.365722e-04 2.007051e+01) (-5.245896e-04 5.063229e-05 2.603310e-02)) ((3.365414e-03 -1.673877e-01 -1.262171e-03) (-1.311606e-05 -2.097199e-04 -1.325655e-04))
4.58          	((-5.454145e-02 -4.584104e-04 1.996833e+01) (-5.515473e-04 4.760455e-05 2.768610e-02)) ((3.158123e-03 -1.656435e-01 -1.298657e-03) (-1.478459e-05 -2.302334e-04 -1.321426e-04))
4.59          	((-5.450300e-02 -1.294053e-04 1.984095e+01) (-5.769034e-04 4.560538e-05 2.930663e-02)) ((3.206794e-03 -1.635085e-01 -1.661211e-03) (-1.626000e-05 -2.508073e-04 -1.315024e-04))
4.6           	((-5.441662e-02 9.668203e-04 1.968028e+01) (-6.019038e-04 4.314673e-05 3.088943e-02)) ((3.029006e-03 -1.610183e-01 -1.765869e-03) (-1.730593e-05 -2.712452e-04 -1.308033e-04))
4.61          	((-5.412537e-02 3.237164e-04 1.949222e+01) (-6.261130e-04 4.071101e-05 3.243065e-02)) ((2.810492e-03 -1.581390e-01 -1.912218e-03) (-1.853951e-05 -2.915968e-04 -1.300061e-04))
4.62          	((-5.331624e-02 -3.875646e-04 1.927481e+01) (-6.505449e-04 3.820878e-05 3.392946e-02)) ((2.747941e-03 -1.551144e-01 -1.999281e-03) (-1.934832e-05 -3.123050e-04 -1.288282e-04))
4.63          	((-5.173851e-02 -1.225535e-03 1.902598e+01) (-6.763906e-04 3.478050e-05 3.537735e-02)) ((2.591351e-03 -1.518981e-01 -1.963311e-03) (-1.972553e-05 -3.325609e-04 -1.271251e-04))
4.64          	((-5.021869e-02 -2.380940e-03 1.874501e+01) (-7.021007e-04 3.043379e-05 3.676860e-02)) ((2.435712e-03 -1.484989e-01 -1.850265e-03) (-2.046312e-05 -3.526084e-04 -1.251138e-04))
4.65          	((-4.731781e-02 -2.307136e-03 1.843143e+01) (-7.284763e-04 2.586806e-05 3.810092e-02)) ((2.393957e-03 -1.447371e-01 -1.575463e-03) (-2.078997e-05 -3.720436e-04 -1.229610e-04))
4.66          	((-4.522812e-02 -1.583647e-03 1.808804e+01) (-7.554837e-04 2.094705e-05 3.937079e-02)) ((2.127097e-03 -1.408057e-01 -1.304662e-03) (-2.104016e-05 -3.914508e-04 -1.206025e-04))
4.67          	((-4.184085e-02 -1.229489e-03 1.771241e+01) (-7.841331e-04 1.671761e-05 4.057168e-02)) ((1.956404e-03 -1.367815e-01 -9.250286e-04) (-2.106429e-05 -4.101341e-04 -1.181222e-04))
4.68          	((-3.879697e-02 -1.681069e-03 1.730291e+01) (-8.130705e-04 1.083182e-05 4.169609e-02)) ((1.871575e-03 -1.323453e-01 -5.144339e-04) (-2.140721e-05 -4.279124e-04 -1.155954e-04))
4.69          	((-3.620201e-02 -2.367629e-03 1.686282e+01) (-8.431647e-04 5.662637e-06 4.273952e-02)) ((1.895649e-03 -1.278446e-01 -2.370925e-04) (-2.230875e-05 -4.453098e-04 -1.124225e-04))
4.7           	((-3.402944e-02 -1.864327e-03 1.639590e+01) (-8.723501e-04 1.372431e-06 4.369684e-02)) ((1.635479e-03 -1.230847e-01 2.885079e-04) (-2.273442e-05 -4.620946e-04 -1.095033e-04))
4.71          	((-3.231077e-02 -1.723329e-03 1.589396e+01) (-9.008704e-04 -4.444547e-06 4.456828e-02)) ((1.456703e-03 -1.182018e-01 8.260080e-04) (-2.301082e-05 -4.782205e-04 -1.069119e-04))
4.72          	((-3.039530e-02 -4.335546e-03 1.536014e+01) (-9.301209e-04 -1.132486e-05 4.535019e-02)) ((1.491082e-03 -1.132375e-01 1.215849e-03) (-2.289827e-05 -4.942441e-04 -1.046427e-04))
4.73          	((-2.842804e-02 -3.979814e-03 1.479477e+01) (-9.597732e-04 -1.943536e-05 4.603588e-02)) ((1.239518e-03 -1.080122e-01 1.592853e-03) (-2.197317e-05 -5.094466e-04 -1.026180e-04))
4.74          	((-2.709680e-02 -3.225369e-03 1.419750e+01) (-9.896375e-04 -2.734297e-05 4.662371e-02)) ((9.183136e-04 -1.025796e-01 1.957352e-03) (-2.132152e-05 -5.239769e-04 -1.007281e-04))
4.75          	((-2.708614e-02 -3.699184e-03 1.357380e+01) (-1.018321e-03 -3.338706e-05 4.711121e-02)) ((7.329078e-04 -9.699991e-02 2.228121e-03) (-2.042709e-05 -5.380801e-04 -9.923039e-05))
4.76          	((-2.736118e-02 -4.486556e-03 1.292443e+01) (-1.047815e-03 -3.817814e-05 4.749890e-02)) ((5.227248e-04 -9.123105e-02 2.530041e-03) (-1.946605e-05 -5.516464e-04 -9.820393e-05))
4.77          	((-2.686909e-02 -3.586176e-03 1.224311e+01) (-1.076291e-03 -4.252029e-05 4.778624e-02)) ((2.520489e-04 -8.515557e-02 2.570892e-03) (-1.778029e-05 -5.641971e-04 -9.724231e-05))
4.78          	((-2.590232e-02 -4.218622e-03 1.153456e+01) (-1.103447e-03 -4.585717e-05 4.797482e-02)) ((2.078274e-05 -7.898550e-02 2.640549e-03) (-1.591946e-05 -5.759101e-04 -9.675016e-05))
4.79          	((-2.475920e-02 -4.390295e-03 1.080132e+01) (-1.129169e-03 -4.962111e-05 4.806471e-02)) ((-1.103346e-04 -7.259359e-02 2.726233e-03) (-1.376805e-05 -5.873195e-04 -9.667190e-05))
4.8           	((-2.422100e-02 -3.722833e-03 1.004510e+01) (-1.152444e-03 -5.305176e-05 4.805509e-02)) ((-4.350713e-04 -6.623404e-02 2.795218e-03) (-1.131610e-05 -5.973501e-04 -9.684316e-05))
4.81          	((-2.412437e-02 -2.776968e-03 9.267870e+00) (-1.173063e-03 -5.621335e-05 4.794627e-02)) ((-9.091860e-04 -5.961660e-02 2.613047e-03) (-8.693086e-06 -6.067346e-04 -9.731080e-05))
4.82          	((-2.342572e-02 -2.990086e-03 8.471328e+00) (-1.191251e-03 -5.955917e-05 4.774012e-02)) ((-1.147245e-03 -5.289529e-02 2.346334e-03) (-5.589877e-06 -6.149917e-04 -9.794577e-05))
4.83          	((-2.167360e-02 -3.417032e-03 7.657102e+00) (-1.206901e-03 -6.281801e-05 4.743415e-02)) ((-1.508656e-03 -4.573956e-02 2.105927e-03) (-2.950634e-06 -6.219597e-04 -9.876238e-05))
4.84          	((-2.074237e-02 -3.235220e-03 6.824658e+00) (-1.219621e-03 -6.555147e-05 4.703302e-02)) ((-1.902023e-03 -3.873460e-02 1.798539e-03) (-4.020134e-07 -6.280080e-04 -9.967750e-05))
4.85          	((-2.044707e-02 -2.622047e-03 5.978868e+00) (-1.229259e-03 -6.840071e-05 4.653873e-02)) ((-1.973507e-03 -3.180305e-02 1.294878e-03) (2.325028e-06 -6.327331e-04 -1.007564e-04))
4.86          	((-1.865004e-02 -1.963545e-03 5.118538e+00) (-1.236939e-03 -7.097003e-05 4.595327e-02)) ((-2.116569e-03 -2.479243e-02 9.485846e-04) (5.114908e-06 -6.370685e-04 -1.018769e-04))
4.87          	((-1.752452e-02 -1.071082e-03 4.248192e+00) (-1.241194e-03 -7.278492e-05 4.527880e-02)) ((-2.349424e-03 -1.770547e-02 2.839607e-04) (7.758434e-06 -6.396530e-04 -1.029764e-04))
4.88          	((-1.588869e-02 -1.583926e-03 3.368988e+00) (-1.243343e-03 -7.630687e-05 4.451395e-02)) ((-2.282187e-03 -1.046684e-02 -1.472957e-04) (1.032663e-05 -6.410182e-04 -1.040845e-04))
4.89          	((-1.443746e-02 -7.963157e-04 2.480177e+00) (-1.242711e-03 -7.972388e-05 4.366562e-02)) ((-2.523889e-03 -3.245395e-03 -5.692410e-04) (1.292348e-05 -6.407639e-04 -1.051865e-04))
4.9           	((-1.238487e-02 6.589793e-04 1.585154e+00) (-1.237907e-03 -8.305721e-05 4.273674e-02)) ((-2.702417e-03 3.970382e-03 -1.105737e-03) (1.517738e-05 -6.390918e-04 -1.065799e-04))
4.91          	((-1.058334e-02 1.475824e-03 6.859096e-01) (-1.230565e-03 -8.745279e-05 4.173205e-02)) ((-2.702347e-03 1.118467e-02 -1.570012e-03) (1.723630e-05 -6.365634e-04 -1.077636e-04))
4.92          	((-7.410024e-03 2.010688e-03 -2.155926e-01) (-1.221080e-03 -9.119842e-05 4.065054e-02)) ((-2.894185e-03 1.835899e-02 -1.853095e-03) (1.895981e-05 -6.322838e-04 -1.086610e-04))
4.93          	((-5.094270e-03 2.976891e-03 -1.116071e+00) (-1.208979e-03 -9.226156e-05 3.949802e-02)) ((-2.936512e-03 2.555799e-02 -2.418885e-03) (2.058836e-05 -6.268654e-04 -1.094799e-04))
4.94          	((-2.641349e-03 4.026267e-03 -2.016013e+00) (-1.194953e-03 -9.225805e-05 3.827868e-02)) ((-2.945228e-03 3.284424e-02 -2.840789e-03) (2.196345e-05 -6.200829e-04 -1.099178e-04))
4.95          	((6.960800e-04 6.313578e-03 -2.911319e+00) (-1.177736e-03 -9.164602e-05 3.699608e-02)) ((-3.111907e-03 4.013768e-02 -3.030437e-03) (2.296978e-05 -6.124250e-04 -1.100831e-04))
4.96          	((3.709142e-03 7.964880e-03 -3.801208e+00) (-1.159723e-03 -9.053571e-05 3.565306e-02)) ((-3.177263e-03 4.735972e-02 -3.378994e-03) (2.393832e-05 -6.034827e-04 -1.101486e-04))
4.97          	((5.643917e-03 8.778796e-03 -4.681290e+00) (-1.140066e-03 -8.931964e-05 3.425455e-02)) ((-3.118830e-03 5.418369e-02 -3.732407e-03) (2.477221e-05 -5.933752e-04 -1.098987e-04))
4.98          	((9.044173e-03 9.090779e-03 -5.549684e+00) (-1.118408e-03 -8.686895e-05 3.280299e-02)) ((-3.239140e-03 6.120221e-02 -4.059296e-03) (2.567682e-05 -5.821163e-04 -1.093714e-04))
4.99          	((1.158769e-02 9.886991e-03 -6.406849e+00) (-1.096386e-03 -8.422650e-05 3.130068e-02)) ((-3.292067e-03 6.799217e-02 -4.276238e-03) (2.630985e-05 -5.698351e-04 -1.083912e-04))
5             	((1.434402e-02 1.030228e-02 -7.251071e+00) (-1.074281e-03 -8.022499e-05 2.975499e-02)) ((-3.303971e-03 7.469102e-02 -4.377986e-03) (2.680395e-05 -5.563279e-04 -1.071225e-04))
5.01          	((1.717807e-02 1.141649e-02 -8.080207e+00) (-1.051241e-03 -7.668237e-05 2.816579e-02)) ((-3.324615e-03 8.127936e-02 -4.406647e-03) (2.683298e-05 -5.418518e-04 -1.055499e-04))
5.02          	((1.974706e-02 1.179985e-02 -8.893299e+00) (-1.029319e-03 -7.299463e-05 2.653695e-02)) ((-3.414362e-03 8.778715e-02 -4.380819e-03) (2.696995e-05 -5.267779e-04 -1.040033e-04))
5.03          	((2.292070e-02 1.269067e-02 -9.685571e+00) (-1.007139e-03 -6.956368e-05 2.487195e-02)) ((-3.566184e-03 9.439430e-02 -4.484757e-03) (2.690190e-05 -5.106545e-04 -1.024024e-04))
5.04          	((2.553117e-02 1.354351e-02 -1.045803e+01) (-9.850592e-04 -6.576690e-05 2.317576e-02)) ((-3.739922e-03 1.007822e-01 -4.435134e-03) (2.665504e-05 -4.937850e-04 -1.005285e-04))
5.05          	((2.803031e-02 1.207888e-02 -1.120797e+01) (-9.626610e-04 -6.252837e-05 2.145046e-02)) ((-3.473998e-03 1.069132e-01 -4.365131e-03) (2.618990e-05 -4.762818e-04 -9.867827e-05))
5.06          	((3.002307e-02 1.261179e-02 -1.193438e+01) (-9.400999e-04 -5.974437e-05 1.969781e-02)) ((-3.578881e-03 1.129426e-01 -4.254901e-03) (2.584210e-05 -4.578419e-04 -9.670608e-05))
5.07          	((3.160508e-02 1.339045e-02 -1.263802e+01) (-9.187192e-04 -5.675921e-05 1.792310e-02)) ((-3.495948e-03 1.185667e-01 -4.094959e-03) (2.544887e-05 -4.388209e-04 -9.470865e-05))
5.08          	((3.379648e-02 1.273857e-02 -1.331314e+01) (-8.985950e-04 -5.399296e-05 1.613005e-02)) ((-3.386027e-03 1.240019e-01 -3.924830e-03) (2.518910e-05 -4.193194e-04 -9.268685e-05))
5.09          	((3.499139e-02 1.424767e-02 -1.396423e+01) (-8.789086e-04 -5.157350e-05 1.432139e-02)) ((-3.459339e-03 1.292801e-01 -3.601068e-03) (2.469431e-05 -3.992279e-04 -9.099876e-05))
5.1           	((3.641629e-02 1.324623e-02 -1.458314e+01) (-8.601468e-04 -4.912178e-05 1.250005e-02)) ((-3.481595e-03 1.344018e-01 -3.313482e-03) (2.409513e-05 -3.787575e-04 -8.936483e-05))
5.11          	((3.661572e-02 1.369208e-02 -1.516921e+01) (-8.409335e-04 -4.599746e-05 1.066767e-02)) ((-3.464673e-03 1.393234e-01 -2.963287e-03) (2.328877e-05 -3.577078e-04 -8.796589e-05))
5.12          	((3.766374e-02 1.443690e-02 -1.572448e+01) (-8.235623e-04 -4.266233e-05 8.827101e-03)) ((-3.342678e-03 1.439469e-01 -2.619807e-03) (2.229058e-05 -3.363456e-04 -8.675543e-05))
5.13          	((3.841755e-02 1.391504e-02 -1.624695e+01) (-8.078367e-04 -3.930144e-05 6.980124e-03)) ((-3.595769e-03 1.480648e-01 -2.353857e-03) (2.106352e-05 -3.149616e-04 -8.561611e-05))
5.14          	((3.789597e-02 1.399553e-02 -1.673731e+01) (-7.928940e-04 -3.520774e-05 5.129042e-03)) ((-3.550910e-03 1.519829e-01 -2.104632e-03) (1.985319e-05 -2.933268e-04 -8.474107e-05))
5.15          	((3.866757e-02 1.336352e-02 -1.719226e+01) (-7.808142e-04 -3.024157e-05 3.277396e-03)) ((-3.272133e-03 1.555407e-01 -1.747966e-03) (1.863574e-05 -2.715009e-04 -8.389993e-05))
5.16          	((3.876083e-02 1.306238e-02 -1.761377e+01) (-7.705665e-04 -2.567228e-05 1.427728e-03)) ((-3.305513e-03 1.589650e-01 -1.393909e-03) (1.744041e-05 -2.494802e-04 -8.352351e-05))
5.17          	((3.820694e-02 1.324008e-02 -1.800570e+01) (-7.616426e-04 -2.245185e-05 -4.176595e-04)) ((-3.005602e-03 1.620777e-01 -1.176524e-03) (1.648484e-05 -2.275431e-04 -8.306166e-05))
5.18          	((3.603410e-02 1.326184e-02 -1.836011e+01) (-7.550011e-04 -1.851351e-05 -2.256055e-03)) ((-3.883850e-03 1.647871e-01 -6.670164e-04) (1.551816e-05 -2.058034e-04 -8.250737e-05))
5.19          	((3.557671e-02 1.317124e-02 -1.867668e+01) (-7.500104e-04 -1.422211e-05 -4.084629e-03)) ((-3.608063e-03 1.671529e-01 -3.278944e-05) (1.442629e-05 -1.841995e-04 -8.228045e-05))
5.2           	((3.566404e-02 1.252949e-02 -1.895445e+01) (-7.462158e-04 -9.513353e-06 -5.903813e-03)) ((-2.664929e-03 1.690972e-01 8.374413e-05) (1.345424e-05 -1.627564e-04 -8.199661e-05))
5.21          	((3.369965e-02 1.369665e-02 -1.920213e+01) (-7.432441e-04 -5.539119e-06 -7.713333e-03)) ((-3.164682e-03 1.705979e-01 3.948701e-04) (1.247641e-05 -1.413284e-04 -8.136846e-05))
5.22          	((3.246545e-02 1.552853e-02 -1.942325e+01) (-7.412195e-04 -3.336133e-06 -9.510649e-03)) ((-3.294626e-03 1.719774e-01 8.874303e-04) (1.148765e-05 -1.201226e-04 -8.106192e-05))
5.23          	((3.008594e-02 1.503296e-02 -1.960406e+01) (-7.402641e-04 -1.362702e-06 -1.129565e-02)) ((-3.072244e-03 1.729698e-01 1.092861e-03) (1.069593e-05 -9.900697e-05 -8.145509e-05))
5.24          	((2.832007e-02 1.289968e-02 -1.975637e+01) (-7.405822e-04 1.123161e-08 -1.306816e-02)) ((-3.457605e-03 1.743292e-01 1.575582e-03) (1.002872e-05 -7.820368e-05 -8.190629e-05))
5.25          	((2.674179e-02 1.038527e-02 -1.987880e+01) (-7.431980e-04 1.689769e-06 -1.482653e-02)) ((-3.090445e-03 1.749597e-01 2.040617e-03) (9.432840e-06 -5.772030e-05 -8.212802e-05))
5.26          	((2.115784e-02 1.157487e-02 -2.006840e+01) (-7.474112e-04 3.055021e-06 -1.657593e-02)) ((-3.027181e-03 1.757261e-01 2.513926e-03) (8.976861e-06 -3.749965e-05 -8.245179e-05))
5.27          	((1.731293e-02 1.107499e-02 -1.995923e+01) (-7.516976e-04 2.420790e-06 -1.829632e-02)) ((-3.718746e-03 1.740987e-01 2.808789e-03) (8.417459e-06 -1.750258e-05 -8.302869e-05))
5.28          	((2.247479e-02 1.237184e-02 -2.011503e+01) (-7.570870e-04 -3.430728e-08 -2.000240e-02)) ((-3.924712e-03 1.746981e-01 3.067257e-03) (8.027807e-06 2.315376e-06 -8.357489e-05))
5.29          	((1.960067e-02 1.179005e-02 -2.016240e+01) (-7.609722e-04 -2.677637e-06 -2.169105e-02)) ((-3.623368e-03 1.740316e-01 3.833254e-03) (7.732659e-06 2.195695e-05 -8.418985e-05))
5.3           	((1.867846e-02 1.075537e-02 -2.015663e+01) (-7.649207e-04 -4.872293e-06 -2.336171e-02)) ((-4.012510e-03 1.730756e-01 4.415619e-03) (7.629010e-06 4.149273e-05 -8.479775e-05))
5.31          	((1.557149e-02 9.706557e-03 -2.010979e+01) (-7.688942e-04 -7.508334e-06 -2.501263e-02)) ((-3.684976e-03 1.714686e-01 4.736229e-03) (7.369055e-06 6.106205e-05 -8.524349e-05))
5.32          	((1.471248e-02 9.684286e-03 -2.003050e+01) (-7.722150e-04 -1.163051e-05 -2.664374e-02)) ((-3.550463e-03 1.693895e-01 4.918798e-03) (7.335829e-06 8.097357e-05 -8.571321e-05))
5.33          	((1.410783e-02 1.035132e-02 -1.991948e+01) (-7.743057e-04 -1.555488e-05 -2.824783e-02)) ((-3.337783e-03 1.669949e-01 5.439995e-03) (7.395544e-06 1.008323e-04 -8.648666e-05))
5.34          	((1.259438e-02 9.381420e-03 -1.977593e+01) (-7.768914e-04 -2.016027e-05 -2.982202e-02)) ((-3.333457e-03 1.642312e-01 5.864809e-03) (7.650752e-06 1.206221e-04 -8.735815e-05))
5.35          	((1.342508e-02 8.785517e-03 -1.960029e+01) (-7.795610e-04 -2.502790e-05 -3.136028e-02)) ((-3.720006e-03 1.616608e-01 6.169355e-03) (7.867582e-06 1.403837e-04 -8.873466e-05))
5.36          	((1.297414e-02 7.813041e-03 -1.939544e+01) (-7.808395e-04 -2.846341e-05 -3.286157e-02)) ((-3.484237e-03 1.586937e-01 6.644843e-03) (8.406830e-06 1.598847e-04 -9.024006e-05))
5.37          	((1.302165e-02 8.763352e-03 -1.917231e+01) (-7.806814e-04 -3.355620e-05 -3.432301e-02)) ((-3.558345e-03 1.555148e-01 7.095098e-03) (8.684766e-06 1.798312e-04 -9.170627e-05))
5.38          	((1.410101e-02 7.257246e-03 -1.891914e+01) (-7.791967e-04 -3.921393e-05 -3.573998e-02)) ((-3.465799e-03 1.521774e-01 7.442748e-03) (8.956678e-06 1.996845e-04 -9.299321e-05))
5.39          	((1.452208e-02 6.789950e-03 -1.863538e+01) (-7.766596e-04 -4.463559e-05 -3.710764e-02)) ((-3.597216e-03 1.485152e-01 7.785789e-03) (9.126383e-06 2.196476e-04 -9.441574e-05))
5.4           	((1.545941e-02 6.441690e-03 -1.831581e+01) (-7.721109e-04 -4.997234e-05 -3.842319e-02)) ((-3.571176e-03 1.444930e-01 8.077823e-03) (9.513718e-06 2.396375e-04 -9.605505e-05))
5.41          	((1.640931e-02 6.591328e-03 -1.796862e+01) (-7.662112e-04 -5.663195e-05 -3.968065e-02)) ((-3.423747e-03 1.400985e-01 8.394255e-03) (9.869051e-06 2.597684e-04 -9.774649e-05))
5.42          	((1.807068e-02 6.248173e-03 -1.759216e+01) (-7.590363e-04 -6.301738e-05 -4.087522e-02)) ((-3.415911e-03 1.355200e-01 8.751335e-03) (1.042822e-05 2.795885e-04 -9.950044e-05))
5.43          	((1.946171e-02 5.018239e-03 -1.718569e+01) (-7.514656e-04 -6.704835e-05 -4.200262e-02)) ((-3.320781e-03 1.307859e-01 8.925975e-03) (1.055263e-05 2.991760e-04 -1.013286e-04))
5.44          	((2.144150e-02 6.096967e-03 -1.674736e+01) (-7.431425e-04 -7.217175e-05 -4.306306e-02)) ((-3.173029e-03 1.259419e-01 9.113651e-03) (1.124025e-05 3.184474e-04 -1.030341e-04))
5.45          	((2.318455e-02 6.245179e-03 -1.627598e+01) (-7.342159e-04 -7.635419e-05 -4.404650e-02)) ((-3.233439e-03 1.209614e-01 9.402433e-03) (1.163304e-05 3.372471e-04 -1.047966e-04))
5.46          	((2.595831e-02 5.858570e-03 -1.577652e+01) (-7.248393e-04 -8.049960e-05 -4.495618e-02)) ((-3.137376e-03 1.156884e-01 9.707436e-03) (1.186664e-05 3.553596e-04 -1.063555e-04))
5.47          	((2.862453e-02 7.504250e-03 -1.524686e+01) (-7.127473e-04 -8.349046e-05 -4.578675e-02)) ((-3.079946e-03 1.103223e-01 9.935474e-03) (1.156314e-05 3.736869e-04 -1.079834e-04))
5.48          	((3.040148e-02 8.431444e-03 -1.468799e+01) (-6.981915e-04 -8.671103e-05 -4.653089e-02)) ((-3.317411e-03 1.047055e-01 1.001602e-02) (1.146423e-05 3.909728e-04 -1.096239e-04))
5.49          	((3.149922e-02 7.805398e-03 -1.410029e+01) (-6.802456e-04 -8.947898e-05 -4.719008e-02)) ((-3.157389e-03 9.902076e-02 9.907762e-03) (1.109206e-05 4.079255e-04 -1.112424e-04))
5.5           	((3.390842e-02 8.429769e-03 -1.348570e+01) (-6.623875e-04 -9.060716e-05 -4.776100e-02)) ((-3.079665e-03 9.343823e-02 1.004496e-02) (1.086832e-05 4.238961e-04 -1.130345e-04))
5.51          	((3.706033e-02 8.169541e-03 -1.284273e+01) (-6.431304e-04 -9.151514e-05 -4.824246e-02)) ((-3.107144e-03 8.756198e-02 9.970786e-03) (1.050509e-05 4.391037e-04 -1.150592e-04))
5.52          	((3.892066e-02 8.166706e-03 -1.217176e+01) (-6.219647e-04 -9.258903e-05 -4.862927e-02)) ((-2.912823e-03 8.170798e-02 9.891226e-03) (1.057399e-05 4.529319e-04 -1.170596e-04))
5.53          	((3.984030e-02 9.119496e-03 -1.147649e+01) (-6.008608e-04 -9.311832e-05 -4.892025e-02)) ((-2.899159e-03 7.544472e-02 9.806463e-03) (1.020880e-05 4.658160e-04 -1.195171e-04))
5.54          	((4.136123e-02 8.427257e-03 -1.075687e+01) (-5.780799e-04 -9.292417e-05 -4.911626e-02)) ((-2.628243e-03 6.923365e-02 9.556471e-03) (9.656317e-06 4.778843e-04 -1.220035e-04))
5.55          	((4.241872e-02 7.860629e-03 -1.001400e+01) (-5.519917e-04 -9.313091e-05 -4.921636e-02)) ((-2.275126e-03 6.288986e-02 9.298151e-03) (9.031856e-06 4.888477e-04 -1.243196e-04))
5.56          	((4.303784e-02 6.420428e-03 -9.248875e+00) (-5.246601e-04 -9.257433e-05 -4.921769e-02)) ((-1.920565e-03 5.649039e-02 9.175285e-03) (8.069700e-06 4.985303e-04 -1.271457e-04))
5.57          	((4.422218e-02 6.715630e-03 -8.464330e+00) (-4.964795e-04 -9.097411e-05 -4.912481e-02)) ((-1.844574e-03 5.002504e-02 9.159685e-03) (7.402762e-06 5.074461e-04 -1.299462e-04))
5.58          	((4.482386e-02 6.922962e-03 -7.659773e+00) (-4.660117e-04 -9.003069e-05 -4.892985e-02)) ((-1.959670e-03 4.358084e-02 9.076265e-03) (6.457389e-06 5.149878e-04 -1.330568e-04))
5.59          	((4.538229e-02 6.466469e-03 -6.837303e+00) (-4.348991e-04 -8.849289e-05 -4.863716e-02)) ((-1.894366e-03 3.705301e-02 8.842883e-03) (5.539479e-06 5.212117e-04 -1.360918e-04))
5.6           	((4.561094e-02 4.864359e-03 -5.998620e+00) (-4.036117e-04 -8.690475e-05 -4.825201e-02)) ((-1.578443e-03 3.026999e-02 8.712822e-03) (4.876227e-06 5.260611e-04 -1.389897e-04))
5.61          	((4.430311e-02 3.277715e-03 -5.146160e+00) (-3.715322e-04 -8.527531e-05 -4.776993e-02)) ((-1.318053e-03 2.336331e-02 8.479923e-03) (4.279706e-06 5.295351e-04 -1.417448e-04))
5.62          	((4.330521e-02 3.156877e-03 -4.280616e+00) (-3.385712e-04 -8.218043e-05 -4.719573e-02)) ((-1.053765e-03 1.652198e-02 8.337837e-03) (3.660634e-06 5.317030e-04 -1.444265e-04))
5.63          	((4.169834e-02 2.658355e-03 -3.402951e+00) (-3.049260e-04 -7.991577e-05 -4.652887e-02)) ((-9.604892e-04 9.471496e-03 8.177196e-03) (2.902497e-06 5.324246e-04 -1.469628e-04))
5.64          	((4.040300e-02 2.508196e-03 -2.517334e+00) (-2.698512e-04 -7.791373e-05 -4.577213e-02)) ((-7.767855e-04 2.665208e-03 7.951133e-03) (2.090006e-06 5.320291e-04 -1.497444e-04))
5.65          	((3.877989e-02 8.788676e-04 -1.623878e+00) (-2.352354e-04 -7.666377e-05 -4.492875e-02)) ((-3.620952e-04 -4.264114e-03 7.779462e-03) (1.989812e-06 5.299911e-04 -1.523464e-04))
5.66          	((3.655813e-02 6.079070e-04 -7.270768e-01) (-2.028318e-04 -7.470175e-05 -4.399780e-02)) ((-2.068763e-04 -1.121235e-02 7.575926e-03) (1.447242e-06 5.263260e-04 -1.549677e-04))
5.67          	((3.377453e-02 6.394079e-04 1.747057e-01) (-1.697588e-04 -7.387343e-05 -4.298297e-02)) ((-3.101562e-05 -1.819784e-02 7.413863e-03) (1.793526e-06 5.213321e-04 -1.575809e-04))
5.68          	((3.101690e-02 1.359509e-05 1.077986e+00) (-1.380068e-04 -7.374889e-05 -4.188826e-02)) ((3.629905e-04 -2.516034e-02 7.270963e-03) (1.519272e-06 5.147304e-04 -1.600224e-04))
5.69          	((2.866892e-02 -8.418677e-04 1.980726e+00) (-1.083108e-04 -7.176156e-05 -4.071771e-02)) ((7.099810e-04 -3.219405e-02 7.201098e-03) (1.202706e-06 5.070579e-04 -1.624224e-04))
5.7           	((2.613164e-02 -8.403616e-04 2.879590e+00) (-7.971189e-05 -6.912365e-05 -3.947358e-02)) ((6.706472e-04 -3.898548e-02 7.138101e-03) (1.594809e-06 4.983639e-04 -1.649652e-04))
5.71          	((2.255938e-02 -1.693664e-03 3.771414e+00) (-5.428056e-05 -6.633773e-05 -3.815785e-02)) ((8.774288e-04 -4.582362e-02 6.932425e-03) (1.843397e-06 4.880452e-04 -1.673037e-04))
5.72          	((1.978976e-02 -2.203039e-03 4.652790e+00) (-3.238696e-05 -6.385363e-05 -3.677833e-02)) ((9.714045e-04 -5.253050e-02 6.660711e-03) (2.282595e-06 4.766469e-04 -1.693204e-04))
5.73          	((1.684413e-02 -3.590014e-03 5.523893e+00) (-1.249446e-05 -5.940606e-05 -3.533507e-02)) ((1.382314e-03 -5.920079e-02 6.304204e-03) (2.427167e-06 4.642383e-04 -1.710854e-04))
5.74          	((1.400931e-02 -4.134730e-03 6.385728e+00) (5.535805e-06 -5.379600e-05 -3.383270e-02)) ((1.642033e-03 -6.573547e-02 6.013537e-03) (2.780118e-06 4.508477e-04 -1.724775e-04))
5.75          	((1.074175e-02 -4.018281e-03 7.235363e+00) (2.027629e-05 -4.829429e-05 -3.227484e-02)) ((1.849674e-03 -7.214889e-02 5.694703e-03) (3.157518e-06 4.364546e-04 -1.734964e-04))
5.76          	((7.785815e-03 -4.320546e-03 8.067968e+00) (3.243442e-05 -4.266206e-05 -3.066560e-02)) ((2.040112e-03 -7.858095e-02 5.387267e-03) (3.102056e-06 4.210739e-04 -1.741382e-04))
5.77          	((4.069812e-03 -5.096268e-03 8.883242e+00) (4.169146e-05 -3.676229e-05 -2.901147e-02)) ((2.312231e-03 -8.485162e-02 5.058049e-03) (3.267368e-06 4.047790e-04 -1.745762e-04))
5.78          	((1.158003e-03 -4.934719e-03 9.678787e+00) (4.862711e-05 -2.932667e-05 -2.731398e-02)) ((2.448033e-03 -9.096396e-02 4.672802e-03) (3.048120e-06 3.875301e-04 -1.748685e-04))
5.79          	((-1.870241e-03 -5.713330e-03 1.045594e+01) (5.264718e-05 -2.102206e-05 -2.557835e-02)) ((2.637247e-03 -9.713792e-02 4.387698e-03) (2.894977e-06 3.699276e-04 -1.748695e-04))
5.8           	((-4.418444e-03 -6.262586e-03 1.120962e+01) (5.270511e-05 -1.279664e-05 -2.380948e-02)) ((2.869395e-03 -1.030436e-01 3.969095e-03) (2.735421e-06 3.514919e-04 -1.747396e-04))
5.81          	((-8.123787e-03 -6.544886e-03 1.194001e+01) (5.083153e-05 -4.361311e-06 -2.201060e-02)) ((3.030324e-03 -1.087768e-01 3.736133e-03) (2.384906e-06 3.324416e-04 -1.743070e-04))
5.82          	((-1.104940e-02 -6.379743e-03 1.264621e+01) (4.659271e-05 3.938830e-06 -2.018590e-02)) ((3.150684e-03 -1.140051e-01 3.422367e-03) (2.023800e-06 3.129197e-04 -1.739109e-04))
5.83          	((-1.336974e-02 -5.667760e-03 1.331860e+01) (3.912738e-05 1.226739e-05 -1.833865e-02)) ((3.208543e-03 -1.193097e-01 3.197527e-03) (1.577739e-06 2.928158e-04 -1.734542e-04))
5.84          	((-1.490454e-02 -5.902832e-03 1.396701e+01) (2.895249e-05 2.085967e-05 -1.647292e-02)) ((3.389948e-03 -1.243367e-01 2.926230e-03) (1.313146e-06 2.722185e-04 -1.725949e-04))
5.85          	((-1.733327e-02 -6.854177e-03 1.458427e+01) (1.636245e-05 2.879512e-05 -1.459184e-02)) ((3.666160e-03 -1.291503e-01 2.655538e-03) (1.115995e-06 2.512788e-04 -1.713847e-04))
5.86          	((-2.024629e-02 -6.345783e-03 1.517436e+01) (2.031277e-06 3.574471e-05 -1.269889e-02)) ((3.890558e-03 -1.340110e-01 2.568329e-03) (6.941680e-07 2.302122e-04 -1.700196e-04))
5.87          	((-2.213981e-02 -5.261210e-03 1.572838e+01) (-1.469031e-05 4.176479e-05 -1.079669e-02)) ((3.809074e-03 -1.382826e-01 2.324464e-03) (2.356885e-07 2.088730e-04 -1.685565e-04))
5.88          	((-2.442766e-02 -4.094320e-03 1.625235e+01) (-3.219602e-05 4.671710e-05 -8.890166e-03)) ((3.964577e-03 -1.425113e-01 2.049422e-03) (-1.239487e-07 1.873352e-04 -1.668744e-04))
5.89          	((-2.633104e-02 -5.736456e-03 1.674299e+01) (-5.215991e-05 5.280957e-05 -6.982332e-03)) ((3.739252e-03 -1.462141e-01 1.750126e-03) (-6.023527e-07 1.657118e-04 -1.653327e-04))
5.9           	((-2.892350e-02 -5.214410e-03 1.720306e+01) (-7.369970e-05 5.846573e-05 -5.074872e-03)) ((4.120044e-03 -1.500592e-01 1.612862e-03) (-8.707275e-07 1.441198e-04 -1.638128e-04))
5.91          	((-3.078705e-02 -7.006795e-03 1.762202e+01) (-9.490161e-05 6.177853e-05 -3.170708e-03)) ((4.044913e-03 -1.532743e-01 1.448128e-03) (-9.440999e-07 1.226318e-04 -1.618653e-04))
5.92          	((-3.167594e-02 -4.842105e-03 1.801157e+01) (-1.177272e-04 6.549215e-05 -1.271115e-03)) ((3.999281e-03 -1.563450e-01 1.189693e-03) (-1.194992e-06 1.011585e-04 -1.594121e-04))
5.93          	((-3.328016e-02 -2.758322e-03 1.836791e+01) (-1.424946e-04 6.696947e-05 6.214997e-04)) ((4.260788e-03 -1.590115e-01 9.967016e-04) (-1.358350e-06 7.975797e-05 -1.568798e-04))
5.94          	((-3.561565e-02 -3.473262e-03 1.869293e+01) (-1.687810e-04 6.689950e-05 2.505331e-03)) ((4.158905e-03 -1.615542e-01 9.175077e-04) (-1.445169e-06 5.830265e-05 -1.545581e-04))
5.95          	((-3.607228e-02 -2.510769e-03 1.897547e+01) (-1.948833e-04 6.493161e-05 4.378678e-03)) ((4.252693e-03 -1.641634e-01 6.799924e-04) (-1.533964e-06 3.681105e-05 -1.524281e-04))
5.96          	((-3.912109e-02 -2.342232e-03 1.921321e+01) (-2.199710e-04 6.247382e-05 6.241541e-03)) ((4.205571e-03 -1.663158e-01 6.328491e-04) (-1.679060e-06 1.518234e-05 -1.509761e-04))
5.97          	((-4.145049e-02 1.979706e-04 1.942325e+01) (-2.453151e-04 6.095048e-05 8.094874e-03)) ((3.476560e-03 -1.676504e-01 5.200675e-04) (-2.262660e-06 -6.328041e-06 -1.496702e-04))
5.98          	((-4.329504e-02 -4.533909e-04 1.961663e+01) (-2.713196e-04 5.892082e-05 9.935501e-03)) ((4.057849e-03 -1.688862e-01 3.662125e-04) (-3.198912e-06 -2.760376e-05 -1.486605e-04))
5.99          	((-4.514401e-02 9.967019e-04 1.977471e+01) (-2.993704e-04 5.630499e-05 1.176423e-02)) ((4.011702e-03 -1.697874e-01 3.953482e-04) (-4.267972e-06 -4.886781e-05 -1.483047e-04))
6             	((-4.848405e-02 -2.439470e-04 1.988119e+01) (-3.282299e-04 5.224264e-05 1.358054e-02)) ((3.945992e-03 -1.707629e-01 7.746186e-04) (-5.012407e-06 -7.041135e-05 -1.483308e-04))
6.01          	((-5.125571e-02 -1.189805e-03 2.004119e+01) (-3.593652e-04 4.703404e-05 1.538524e-02)) ((3.900128e-03 -1.709968e-01 4.764058e-04) (-5.776155e-06 -9.171986e-05 -1.486403e-04))
6.02          	((-5.533541e-02 -1.707599e-03 2.000341e+01) (-3.907229e-04 4.298418e-05 1.716391e-02)) ((3.950541e-03 -1.710475e-01 1.600764e-04) (-6.911623e-06 -1.128283e-04 -1.485227e-04))
6.03          	((-5.436285e-02 -1.172118e-03 2.015478e+01) (-4.208426e-04 3.863034e-05 1.892809e-02)) ((3.649539e-03 -1.713386e-01 -3.555351e-04) (-8.097559e-06 -1.335524e-04 -1.483682e-04))
6.04          	((-5.466961e-02 -2.165925e-03 2.019190e+01) (-4.484702e-04 3.316913e-05 2.067412e-02)) ((3.897012e-03 -1.712338e-01 -3.273588e-04) (-9.377523e-06 -1.539441e-04 -1.483059e-04))
6.05          	((-5.562455e-02 -1.243470e-03 2.018368e+01) (-4.741038e-04 2.716642e-05 2.239914e-02)) ((3.672512e-03 -1.704625e-01 -6.139904e-04) (-1.068359e-05 -1.739858e-04 -1.482071e-04))
6.06          	((-5.682830e-02 -6.218645e-04 2.013573e+01) (-5.005335e-04 2.239851e-05 2.410334e-02)) ((3.497260e-03 -1.693303e-01 -7.082884e-04) (-1.216148e-05 -1.943163e-04 -1.482592e-04))
6.07          	((-5.833792e-02 -3.009317e-04 2.005692e+01) (-5.259617e-04 1.906758e-05 2.578229e-02)) ((3.456780e-03 -1.674772e-01 -7.248134e-04) (-1.340677e-05 -2.144882e-04 -1.483518e-04))
6.08          	((-5.738926e-02 -1.662410e-03 1.995345e+01) (-5.510151e-04 1.554590e-05 2.743313e-02)) ((3.425686e-03 -1.655963e-01 -1.019853e-03) (-1.496849e-05 -2.348035e-04 -1.481628e-04))
6.09          	((-5.720811e-02 -4.032156e-04 1.982540e+01) (-5.744618e-04 1.228909e-05 2.905382e-02)) ((3.480127e-03 -1.635828e-01 -1.341370e-03) (-1.641348e-05 -2.551888e-04 -1.478617e-04))
6.1           	((-5.717405e-02 -1.300377e-03 1.966638e+01) (-5.990462e-04 8.625781e-06 3.063575e-02)) ((3.417312e-03 -1.611185e-01 -1.370061e-03) (-1.751721e-05 -2.753076e-04 -1.475146e-04))
6.11          	((-5.723315e-02 -1.242368e-03 1.947515e+01) (-6.238081e-04 4.263667e-06 3.217701e-02)) ((3.212692e-03 -1.583158e-01 -1.515527e-03) (-1.873428e-05 -2.952699e-04 -1.469910e-04))
6.12          	((-5.583431e-02 -1.181176e-03 1.925853e+01) (-6.485168e-04 6.241781e-07 3.367229e-02)) ((3.027227e-03 -1.552973e-01 -1.505664e-03) (-1.943013e-05 -3.154764e-04 -1.463213e-04))
6.13          	((-5.410448e-02 -2.332479e-03 1.900863e+01) (-6.729974e-04 -3.378447e-06 3.512009e-02)) ((3.054845e-03 -1.519815e-01 -1.562043e-03) (-1.966320e-05 -3.357467e-04 -1.451157e-04))
6.14          	((-5.170227e-02 -3.251221e-03 1.872696e+01) (-6.983137e-04 -8.630105e-06 3.651021e-02)) ((2.980965e-03 -1.484107e-01 -1.442008e-03) (-2.025916e-05 -3.554847e-04 -1.436300e-04))
6.15          	((-4.952078e-02 -2.658825e-03 1.841434e+01) (-7.245572e-04 -1.419297e-05 3.784208e-02)) ((2.807587e-03 -1.448419e-01 -1.142493e-03) (-2.068044e-05 -3.749874e-04 -1.418031e-04))
6.16          	((-4.726957e-02 -1.905717e-03 1.806966e+01) (-7.514943e-04 -2.001462e-05 3.910891e-02)) ((2.530689e-03 -1.408815e-01 -7.725343e-04) (-2.077434e-05 -3.937439e-04 -1.399688e-04))
6.17          	((-4.410181e-02 -2.244349e-03 1.769214e+01) (-7.787074e-04 -2.573064e-05 4.030861e-02)) ((2.484689e-03 -1.366719e-01 -3.383600e-04) (-2.074495e-05 -4.118819e-04 -1.379782e-04))
6.18          	((-4.077393e-02 -2.957266e-03 1.728396e+01) (-8.070723e-04 -3.092950e-05 4.143421e-02)) ((2.371914e-03 -1.323372e-01 1.602981e-05) (-2.083040e-05 -4.292665e-04 -1.358978e-04))
6.19          	((-3.778717e-02 -3.148515e-03 1.684663e+01) (-8.374465e-04 -3.549726e-05 4.247800e-02)) ((2.370055e-03 -1.277827e-01 3.654393e-04) (-2.129628e-05 -4.466641e-04 -1.336179e-04))
6.2           	((-3.555671e-02 -2.891266e-03 1.637753e+01) (-8.684269e-04 -4.074579e-05 4.343854e-02)) ((2.213685e-03 -1.229465e-01 7.532096e-04) (-2.162005e-05 -4.630076e-04 -1.311669e-04))
6.21          	((-3.335619e-02 -3.255138e-03 1.587586e+01) (-8.982705e-04 -4.738936e-05 4.430944e-02)) ((1.914605e-03 -1.180744e-01 1.189731e-03) (-2.172479e-05 -4.790274e-04 -1.292911e-04))
6.22          	((-3.187926e-02 -4.894684e-03 1.534274e+01) (-9.283799e-04 -5.505374e-05 4.508999e-02)) ((1.887947e-03 -1.130632e-01 1.637178e-03) (-2.164664e-05 -4.943287e-04 -1.275931e-04))
6.23          	((-2.989099e-02 -4.470672e-03 1.477746e+01) (-9.565230e-04 -6.277052e-05 4.577739e-02)) ((1.609462e-03 -1.078429e-01 2.132726e-03) (-2.080364e-05 -5.091971e-04 -1.263805e-04))
6.24          	((-2.867684e-02 -4.713306e-03 1.418115e+01) (-9.858002e-04 -6.939182e-05 4.636488e-02)) ((1.387321e-03 -1.023130e-01 2.544706e-03) (-1.975516e-05 -5.238722e-04 -1.255967e-04))
6.25          	((-2.815207e-02 -4.497200e-03 1.355878e+01) (-1.015941e-03 -7.522998e-05 4.685342e-02)) ((1.136110e-03 -9.659024e-02 2.788351e-03) (-1.854951e-05 -5.380050e-04 -1.249855e-04))
6.26          	((-2.866846e-02 -5.332212e-03 1.290772e+01) (-1.045550e-03 -8.099656e-05 4.724502e-02)) ((8.948516e-04 -9.090173e-02 3.084509e-03) (-1.689003e-05 -5.518154e-04 -1.248020e-04))
6.27          	((-2.817838e-02 -4.666190e-03 1.222855e+01) (-1.075596e-03 -8.550482e-05 4.753494e-02)) ((5.792164e-04 -8.472040e-02 3.162976e-03) (-1.549443e-05 -5.644567e-04 -1.246287e-04))
6.28          	((-2.703021e-02 -5.179342e-03 1.152085e+01) (-1.102365e-03 -8.850392e-05 4.772657e-02)) ((3.440288e-04 -7.852958e-02 3.134028e-03) (-1.374407e-05 -5.764573e-04 -1.248465e-04))
6.29          	((-2.602863e-02 -3.839792e-03 1.078747e+01) (-1.129902e-03 -9.151089e-05 4.781690e-02)) ((1.024200e-04 -7.208853e-02 3.168826e-03) (-1.180233e-05 -5.876346e-04 -1.252475e-04))
6.3           	((-2.581252e-02 -3.677959e-03 1.003369e+01) (-1.153863e-03 -9.367796e-05 4.780996e-02)) ((-1.124432e-04 -6.563382e-02 3.235462e-03) (-9.199542e-06 -5.983539e-04 -1.261658e-04))
6.31          	((-2.571381e-02 -2.961729e-03 9.256202e+00) (-1.175213e-03 -9.579239e-05 4.770358e-02)) ((-6.215587e-04 -5.898850e-02 3.162047e-03) (-6.657940e-06 -6.080764e-04 -1.272370e-04))
6.32          	((-2.500752e-02 -2.516113e-03 8.461104e+00) (-1.194115e-03 -9.787752e-05 4.749828e-02)) ((-1.062990e-03 -5.226008e-02 2.939705e-03) (-3.507494e-06 -6.164067e-04 -1.285117e-04))
6.33          	((-2.373015e-02 -2.626891e-03 7.646872e+00) (-1.209833e-03 -1.010605e-04 4.719197e-02)) ((-1.402613e-03 -4.527899e-02 2.736313e-03) (-7.778411e-07 -6.236576e-04 -1.297907e-04))
6.34          	((-2.266714e-02 -2.281769e-03 6.815632e+00) (-1.222760e-03 -1.035212e-04 4.679243e-02)) ((-1.712053e-03 -3.817568e-02 2.536614e-03) (1.772697e-06 -6.298496e-04 -1.309779e-04))
6.35          	((-2.256255e-02 -1.751959e-03 5.969443e+00) (-1.231842e-03 -1.055568e-04 4.629877e-02)) ((-1.916004e-03 -3.132454e-02 2.129591e-03) (4.699521e-06 -6.349596e-04 -1.323863e-04))
6.36          	((-2.106776e-02 -1.182638e-03 5.110067e+00) (-1.238571e-03 -1.078816e-04 4.571493e-02)) ((-2.072261e-03 -2.421650e-02 1.680706e-03) (7.141957e-06 -6.392672e-04 -1.335531e-04))
6.37          	((-1.927595e-02 -1.335283e-04 4.240335e+00) (-1.244027e-03 -1.094771e-04 4.504122e-02)) ((-2.297338e-03 -1.704476e-02 1.154674e-03) (9.782129e-06 -6.424266e-04 -1.348098e-04))
6.38          	((-1.841204e-02 3.898551e-04 3.360638e+00) (-1.247162e-03 -1.114207e-04 4.427935e-02)) ((-2.346430e-03 -9.924832e-03 6.614521e-04) (1.246103e-05 -6.439596e-04 -1.362032e-04))
6.39          	((-1.703421e-02 1.168223e-03 2.472236e+00) (-1.246546e-03 -1.139755e-04 4.343310e-02)) ((-2.492246e-03 -2.774187e-03 2.256723e-04) (1.492614e-05 -6.440531e-04 -1.375021e-04))
6.4           	((-1.484960e-02 2.929443e-03 1.578806e+00) (-1.242048e-03 -1.171129e-04 4.250651e-02)) ((-2.642051e-03 4.454689e-03 -2.610687e-04) (1.697451e-05 -6.428480e-04 -1.388710e-04))
6.41          	((-1.283108e-02 3.718855e-03 6.797626e-01) (-1.235296e-03 -1.202817e-04 4.150241e-02)) ((-2.676550e-03 1.156854e-02 -7.192641e-04) (1.905545e-05 -6.403118e-04 -1.402134e-04))
6.42          	((-9.680203e-03 3.915676e-03 -2.218002e-01) (-1.225743e-03 -1.235544e-04 4.042364e-02)) ((-2.929092e-03 1.875165e-02 -9.949512e-04) (2.102262e-05 -6.366596e-04 -1.412091e-04))
6.43          	((-7.168938e-03 5.031841e-03 -1.121969e+00) (-1.212936e-03 -1.248289e-04 3.927266e-02)) ((-2.979703e-03 2.602204e-02 -1.594600e-03) (2.300088e-05 -6.316269e-04 -1.420897e-04))
6.44          	((-5.432159e-03 6.323098e-03 -2.018803e+00) (-1.199045e-03 -1.252733e-04 3.805599e-02)) ((-3.082460e-03 3.316006e-02 -2.094436e-03) (2.454298e-05 -6.251270e-04 -1.426684e-04))
6.45          	((-1.894086e-03 8.234137e-03 -2.913343e+00) (-1.183174e-03 -1.252941e-04 3.677359e-02)) ((-3.107702e-03 4.038733e-02 -2.350690e-03) (2.579231e-05 -6.174535e-04 -1.428905e-04))
6.46          	((1.547553e-03 9.993849e-03 -3.805850e+00) (-1.166065e-03 -1.247557e-04 3.543248e-02)) ((-3.069291e-03 4.765046e-02 -2.608812e-03) (2.682895e-05 -6.086847e-04 -1.429464e-04))
6.47          	((3.313092e-03 1.078693e-02 -4.684275e+00) (-1.146603e-03 -1.238437e-04 3.403724e-02)) ((-3.006657e-03 5.450211e-02 -2.957207e-03) (2.802914e-05 -5.984805e-04 -1.428835e-04))
6.48          	((6.676248e-03 1.233739e-02 -5.551688e+00) (-1.125818e-03 -1.224664e-04 3.258734e-02)) ((-3.255222e-03 6.144390e-02 -3.355362e-03) (2.895410e-05 -5.872763e-04 -1.424054e-04))
6.49          	((9.618909e-03 1.272339e-02 -6.409217e+00) (-1.104465e-03 -1.203711e-04 3.108886e-02)) ((-3.238440e-03 6.825297e-02 -3.578528e-03) (2.984650e-05 -5.749463e-04 -1.417675e-04))
6.5           	((1.243418e-02 1.282758e-02 -7.252471e+00) (-1.082139e-03 -1.178987e-04 2.954522e-02)) ((-3.371660e-03 7.489656e-02 -3.737330e-03) (3.030059e-05 -5.612740e-04 -1.406270e-04))
6.51          	((1.491988e-02 1.395628e-02 -8.080909e+00) (-1.059168e-03 -1.155947e-04 2.795784e-02)) ((-3.437038e-03 8.134997e-02 -3.754082e-03) (3.085256e-05 -5.466614e-04 -1.393937e-04))
6.52          	((1.790704e-02 1.372950e-02 -8.895246e+00) (-1.037787e-03 -1.131303e-04 2.633139e-02)) ((-3.438508e-03 8.800456e-02 -3.723450e-03) (3.123087e-05 -5.312888e-04 -1.379431e-04))
6.53          	((2.078164e-02 1.515324e-02 -9.687854e+00) (-1.016228e-03 -1.094945e-04 2.467060e-02)) ((-3.493461e-03 9.443823e-02 -3.991714e-03) (3.117936e-05 -5.149642e-04 -1.363811e-04))
6.54          	((2.378575e-02 1.594033e-02 -1.045932e+01) (-9.940374e-04 -1.066964e-04 2.297817e-02)) ((-3.627085e-03 1.007424e-01 -3.837854e-03) (3.131448e-05 -4.979552e-04 -1.345443e-04))
6.55          	((2.639876e-02 1.565187e-02 -1.121051e+01) (-9.726518e-04 -1.040672e-04 2.125523e-02)) ((-3.455683e-03 1.069069e-01 -3.683441e-03) (3.131819e-05 -4.801972e-04 -1.328834e-04))
6.56          	((2.806888e-02 1.566034e-02 -1.193636e+01) (-9.512617e-04 -1.022355e-04 1.950727e-02)) ((-3.422824e-03 1.128895e-01 -3.583533e-03) (3.119086e-05 -4.615893e-04 -1.309462e-04))
6.57          	((2.964971e-02 1.533997e-02 -1.263776e+01) (-9.316961e-04 -1.002375e-04 1.773743e-02)) ((-3.418789e-03 1.185006e-01 -3.512298e-03) (3.105827e-05 -4.424457e-04 -1.289329e-04))
6.58          	((3.213130e-02 1.550651e-02 -1.331529e+01) (-9.119081e-04 -9.795924e-05 1.594942e-02)) ((-3.412547e-03 1.239523e-01 -3.453860e-03) (3.106496e-05 -4.226153e-04 -1.267238e-04))
6.59          	((3.354128e-02 1.644554e-02 -1.396620e+01) (-8.931249e-04 -9.532033e-05 1.414452e-02)) ((-3.483012e-03 1.292678e-01 -3.027511e-03) (3.098922e-05 -4.022670e-04 -1.248242e-04))
6.6           	((3.507062e-02 1.581176e-02 -1.458500e+01) (-8.748277e-04 -9.278258e-05 1.232752e-02)) ((-3.481989e-03 1.343937e-01 -2.720583e-03) (3.063281e-05 -3.814591e-04 -1.229280e-04))
6.61          	((3.516840e-02 1.596875e-02 -1.517235e+01) (-8.573884e-04 -8.978174e-05 1.050008e-02)) ((-3.356038e-03 1.391473e-01 -2.537024e-03) (2.996002e-05 -3.603724e-04 -1.212178e-04))
6.62          	((3.645356e-02 1.572307e-02 -1.572557e+01) (-8.406545e-04 -8.592283e-05 8.665370e-03)) ((-3.277699e-03 1.437545e-01 -2.156635e-03) (2.917355e-05 -3.389452e-04 -1.194019e-04))
6.63          	((3.695917e-02 1.604907e-02 -1.624751e+01) (-8.253521e-04 -8.255914e-05 6.824745e-03)) ((-3.543498e-03 1.478747e-01 -1.793710e-03) (2.811839e-05 -3.174364e-04 -1.177176e-04))
6.64          	((3.669230e-02 1.499866e-02 -1.673831e+01) (-8.116906e-04 -7.801806e-05 4.980448e-03)) ((-3.289190e-03 1.517907e-01 -1.664575e-03) (2.694503e-05 -2.956922e-04 -1.165606e-04))
6.65          	((3.678432e-02 1.610442e-02 -1.719517e+01) (-8.008018e-04 -7.351277e-05 3.135152e-03)) ((-3.270003e-03 1.554458e-01 -1.444027e-03) (2.580702e-05 -2.736407e-04 -1.153798e-04))
6.66          	((3.729965e-02 1.534209e-02 -1.761825e+01) (-7.906290e-04 -6.906915e-05 1.292669e-03)) ((-3.358020e-03 1.588821e-01 -9.783084e-04) (2.474413e-05 -2.516683e-04 -1.145548e-04))
6.67          	((3.626848e-02 1.408975e-02 -1.800817e+01) (-7.826446e-04 -6.559500e-05 -5.457004e-04)) ((-3.150038e-03 1.618346e-01 -7.218742e-04) (2.409419e-05 -2.300277e-04 -1.137165e-04))
6.68          	((3.375120e-02 1.363121e-02 -1.835961e+01) (-7.753249e-04 -6.074459e-05 -2.377768e-03)) ((-3.754076e-03 1.646945e-01 -3.602421e-04) (2.329886e-05 -2.083599e-04 -1.127065e-04))
6.69          	((3.385338e-02 1.438190e-02 -1.867839e+01) (-7.690658e-04 -5.598182e-05 -4.200820e-03)) ((-3.655825e-03 1.669057e-01 1.420377e-04) (2.238101e-05 -1.867857e-04 -1.119626e-04))
6.7           	((3.432758e-02 1.481476e-02 -1.895792e+01) (-7.640540e-04 -5.189257e-05 -6.013636e-03)) ((-2.636142e-03 1.688734e-01 3.044669e-04) (2.152642e-05 -1.652959e-04 -1.110302e-04))
6.71          	((3.223843e-02 1.590225e-02 -1.920391e+01) (-7.611534e-04 -4.843948e-05 -7.816787e-03)) ((-3.436504e-03 1.704320e-01 6.128021e-04) (2.078038e-05 -1.441002e-04 -1.099210e-04))
6.72          	((3.159064e-02 1.448132e-02 -1.942545e+01) (-7.587147e-04 -4.559836e-05 -9.608466e-03)) ((-3.368713e-03 1.716864e-01 1.184167e-03) (1.977556e-05 -1.229323e-04 -1.092518e-04))
6.73          	((2.882899e-02 1.428189e-02 -1.960031e+01) (-7.576254e-04 -4.431876e-05 -1.138767e-02)) ((-3.152271e-03 1.731591e-01 1.536906e-03) (1.913654e-05 -1.019790e-04 -1.091731e-04))
6.74          	((2.683651e-02 1.338195e-02 -1.975279e+01) (-7.561517e-04 -4.351114e-05 -1.315352e-02)) ((-3.418097e-03 1.737929e-01 1.751889e-03) (1.865984e-05 -8.112785e-05 -1.088566e-04))
6.75          	((2.460489e-02 1.094853e-02 -1.987757e+01) (-7.577463e-04 -4.178729e-05 -1.490571e-02)) ((-2.858491e-03 1.743750e-01 2.135863e-03) (1.819312e-05 -6.050429e-05 -1.085352e-04))
6.76          	((1.972724e-02 9.248808e-03 -2.005322e+01) (-7.604079e-04 -4.068462e-05 -1.664919e-02)) ((-3.284174e-03 1.754228e-01 2.602276e-03) (1.773216e-05 -4.011049e-05 -1.084606e-04))
6.77          	((1.655217e-02 1.223680e-02 -1.995630e+01) (-7.635438e-04 -4.100679e-05 -1.836509e-02)) ((-3.940462e-03 1.742116e-01 2.859765e-03) (1.735197e-05 -2.039679e-05 -1.084563e-04))
6.78          	((2.081630e-02 1.246088e-02 -2.010845e+01) (-7.671274e-04 -4.288983e-05 -2.006755e-02)) ((-3.738735e-03 1.742476e-01 3.137605e-03) (1.692145e-05 -5.194952e-07 -1.086310e-04))
6.79          	((1.831315e-02 1.063524e-02 -2.014948e+01) (-7.696568e-04 -4.529822e-05 -2.175279e-02)) ((-3.698146e-03 1.738316e-01 3.773473e-03) (1.679589e-05 1.920336e-05 -1.086833e-04))
6.8           	((1.776384e-02 8.239875e-03 -2.014655e+01) (-7.710702e-04 -4.766745e-05 -2.341947e-02)) ((-3.791699e-03 1.725027e-01 4.291694e-03) (1.678661e-05 3.878186e-05 -1.087982e-04))
6.81          	((1.488758e-02 7.939857e-03 -2.010290e+01) (-7.730494e-04 -5.102538e-05 -2.506836e-02)) ((-3.574509e-03 1.709611e-01 4.490347e-03) (1.663593e-05 5.848136e-05 -1.089977e-04))
6.82          	((1.420445e-02 8.184848e-03 -2.002318e+01) (-7.741684e-04 -5.477279e-05 -2.669635e-02)) ((-3.698913e-03 1.689449e-01 4.812688e-03) (1.695481e-05 7.832900e-05 -1.090963e-04))
6.83          	((1.175151e-02 8.217699e-03 -1.991373e+01) (-7.747664e-04 -5.983394e-05 -2.829750e-02)) ((-3.434498e-03 1.664329e-01 5.363254e-03) (1.715499e-05 9.824186e-05 -1.094059e-04))
6.84          	((1.065330e-02 7.974231e-03 -1.976873e+01) (-7.759876e-04 -6.462715e-05 -2.986928e-02)) ((-3.562553e-03 1.637965e-01 5.644839e-03) (1.752091e-05 1.180540e-04 -1.100370e-04))
6.85          	((1.173259e-02 7.442428e-03 -1.959193e+01) (-7.773585e-04 -7.057241e-05 -3.140567e-02)) ((-3.593723e-03 1.612729e-01 5.937338e-03) (1.798253e-05 1.378700e-04 -1.108972e-04))
6.86          	((1.319523e-02 5.896248e-03 -1.938900e+01) (-7.761627e-04 -7.557917e-05 -3.290576e-02)) ((-3.558486e-03 1.584429e-01 6.429408e-03) (1.871942e-05 1.578998e-04 -1.121771e-04))
6.87          	((1.259990e-02 5.774419e-03 -1.916588e+01) (-7.746906e-04 -8.196044e-05 -3.436592e-02)) ((-3.646817e-03 1.552245e-01 6.655046e-03) (1.926339e-05 1.779296e-04 -1.137214e-04))
6.88          	((1.339823e-02 5.590197e-03 -1.891330e+01) (-7.716660e-04 -8.855533e-05 -3.578116e-02)) ((-3.586000e-03 1.518386e-01 6.980032e-03) (1.987245e-05 1.976546e-04 -1.150050e-04))
6.89          	((1.411046e-02 4.846965e-03 -1.862648e+01) (-7.676568e-04 -9.531688e-05 -3.714825e-02)) ((-3.564855e-03 1.480487e-01 7.271803e-03) (2.059537e-05 2.178438e-04 -1.163694e-04))
6.9           	((1.539654e-02 4.476187e-03 -1.830963e+01) (-7.616855e-04 -1.017155e-04 -3.846571e-02)) ((-3.582562e-03 1.439278e-01 7.505184e-03) (2.086974e-05 2.382273e-04 -1.179473e-04))
6.91          	((1.643510e-02 3.973223e-03 -1.796312e+01) (-7.549474e-04 -1.085934e-04 -3.972340e-02)) ((-3.423991e-03 1.394393e-01 7.801018e-03) (2.128297e-05 2.588465e-04 -1.195571e-04))
6.92          	((1.856880e-02 4.236421e-03 -1.758628e+01) (-7.468673e-04 -1.156108e-04 -4.092030e-02)) ((-3.530545e-03 1.349297e-01 8.204548e-03) (2.197707e-05 2.789495e-04 -1.210381e-04))
6.93          	((2.048099e-02 3.685333e-03 -1.718083e+01) (-7.381541e-04 -1.215151e-04 -4.205055e-02)) ((-3.585309e-03 1.302431e-01 8.368766e-03) (2.228628e-05 2.991129e-04 -1.227439e-04))
6.94          	((2.285312e-02 3.970587e-03 -1.674178e+01) (-7.283007e-04 -1.284483e-04 -4.311143e-02)) ((-3.439364e-03 1.254376e-01 8.563607e-03) (2.295637e-05 3.190508e-04 -1.245473e-04))
6.95          	((2.547278e-02 4.405934e-03 -1.627145e+01) (-7.192201e-04 -1.346112e-04 -4.410026e-02)) ((-3.458676e-03 1.204871e-01 8.609219e-03) (2.356481e-05 3.384703e-04 -1.261967e-04))
6.96          	((2.771674e-02 5.003811e-03 -1.577067e+01) (-7.082209e-04 -1.400659e-04 -4.501310e-02)) ((-3.241259e-03 1.151169e-01 8.875162e-03) (2.370897e-05 3.570734e-04 -1.275567e-04))
6.97          	((3.028785e-02 5.809477e-03 -1.524126e+01) (-6.970110e-04 -1.445957e-04 -4.584463e-02)) ((-3.322846e-03 1.097903e-01 8.978454e-03) (2.348660e-05 3.755010e-04 -1.290977e-04))
6.98          	((3.247166e-02 6.523694e-03 -1.468156e+01) (-6.820905e-04 -1.475015e-04 -4.659113e-02)) ((-3.507964e-03 1.041803e-01 9.020293e-03) (2.322297e-05 3.930136e-04 -1.308426e-04))
6.99          	((3.433016e-02 6.120774e-03 -1.409477e+01) (-6.647905e-04 -1.509301e-04 -4.725075e-02)) ((-3.549758e-03 9.861992e-02 8.915727e-03) (2.245230e-05 4.099922e-04 -1.324966e-04))
7             	((3.720585e-02 7.370614e-03 -1.347974e+01) (-6.478629e-04 -1.535727e-04 -4.782343e-02)) ((-3.444523e-03 9.302483e-02 8.975653e-03) (2.233793e-05 4.257947e-04 -1.341502e-04))
7.01          	((4.015572e-02 6.823619e-03 -1.283600e+01) (-6.300899e-04 -1.555777e-04 -4.830335e-02)) ((-3.298187e-03 8.716547e-02 8.956732e-03) (2.141483e-05 4.407687e-04 -1.361076e-04))
7.02          	((4.280992e-02 7.284497e-03 -1.216603e+01) (-6.108800e-04 -1.576689e-04 -4.869139e-02)) ((-3.216452e-03 8.141431e-02 8.840315e-03) (2.103823e-05 4.547879e-04 -1.381083e-04))
7.03          	((4.402098e-02 9.152246e-03 -1.147010e+01) (-5.918900e-04 -1.583799e-04 -4.898491e-02)) ((-3.250055e-03 7.524988e-02 8.726328e-03) (2.036649e-05 4.673179e-04 -1.404227e-04))
7.04          	((4.533850e-02 8.533162e-03 -1.075007e+01) (-5.726731e-04 -1.581940e-04 -4.917833e-02)) ((-3.046219e-03 6.909233e-02 8.484053e-03) (1.888762e-05 4.788555e-04 -1.429387e-04))
7.05          	((4.672892e-02 8.046840e-03 -1.000740e+01) (-5.510519e-04 -1.568924e-04 -4.927682e-02)) ((-2.693236e-03 6.286105e-02 8.269932e-03) (1.762899e-05 4.892865e-04 -1.452879e-04))
7.06          	((4.738902e-02 7.260281e-03 -9.242946e+00) (-5.259280e-04 -1.553377e-04 -4.927959e-02)) ((-2.309975e-03 5.644493e-02 8.229347e-03) (1.633922e-05 4.986050e-04 -1.479425e-04))
7.07          	((4.819678e-02 7.277170e-03 -8.458358e+00) (-5.010836e-04 -1.526886e-04 -4.918581e-02)) ((-2.160251e-03 5.021452e-02 8.185449e-03) (1.504657e-05 5.068657e-04 -1.505600e-04))
7.08          	((4.904537e-02 7.988395e-03 -7.654134e+00) (-4.760453e-04 -1.497958e-04 -4.899049e-02)) ((-2.376578e-03 4.387302e-02 8.020822e-03) (1.308858e-05 5.133440e-04 -1.532243e-04))
7.09          	((4.965228e-02 8.147866e-03 -6.830190e+00) (-4.477645e-04 -1.469035e-04 -4.869925e-02)) ((-2.408334e-03 3.733290e-02 7.931828e-03) (1.161989e-05 5.186195e-04 -1.560654e-04))
7.1           	((4.938721e-02 6.831489e-03 -5.991173e+00) (-4.194987e-04 -1.429242e-04 -4.830970e-02)) ((-2.125173e-03 3.056185e-02 7.725831e-03) (1.006138e-05 5.227362e-04 -1.587974e-04))
7.11          	((4.854769e-02 4.909431e-03 -5.136436e+00) (-3.904535e-04 -1.401198e-04 -4.782737e-02)) ((-1.773909e-03 2.361370e-02 7.499934e-03) (8.769595e-06 5.254816e-04 -1.614391e-04))
7.12          	((4.698084e-02 4.667002e-03 -4.270536e+00) (-3.594337e-04 -1.362214e-04 -4.725213e-02)) ((-1.596936e-03 1.665818e-02 7.331945e-03) (8.003285e-06 5.269283e-04 -1.637444e-04))
7.13          	((4.551346e-02 3.977224e-03 -3.393219e+00) (-3.290686e-04 -1.325397e-04 -4.658402e-02)) ((-1.583244e-03 9.726844e-03 7.167718e-03) (6.317509e-06 5.268910e-04 -1.660114e-04))
7.14          	((4.439923e-02 3.962697e-03 -2.506297e+00) (-2.966681e-04 -1.290238e-04 -4.582676e-02)) ((-1.405195e-03 2.914135e-03 6.984991e-03) (5.365020e-06 5.255243e-04 -1.685284e-04))
7.15          	((4.271630e-02 3.114506e-03 -1.610998e+00) (-2.644730e-04 -1.265179e-04 -4.498141e-02)) ((-1.065408e-03 -4.064573e-03 6.886014e-03) (4.847987e-06 5.228326e-04 -1.710897e-04))
7.16          	((3.965236e-02 2.544683e-03 -7.129811e-01) (-2.323731e-04 -1.241123e-04 -4.405070e-02)) ((-9.750282e-04 -1.118166e-02 6.720485e-03) (4.193088e-06 5.187534e-04 -1.734495e-04))
7.17          	((3.711670e-02 2.523361e-03 1.900318e-01) (-2.008284e-04 -1.224154e-04 -4.303823e-02)) ((-7.277865e-04 -1.813381e-02 6.475575e-03) (3.779779e-06 5.134002e-04 -1.759005e-04))
7.18          	((3.433137e-02 1.472788e-03 1.093660e+00) (-1.703730e-04 -1.214572e-04 -4.194540e-02)) ((-3.550333e-04 -2.526269e-02 6.325130e-03) (3.302300e-06 5.063473e-04 -1.783237e-04))
7.19          	((3.176635e-02 4.514345e-04 1.995657e+00) (-1.398912e-04 -1.188820e-04 -4.077545e-02)) ((1.881941e-05 -3.224084e-02 6.191735e-03) (2.785679e-06 4.983740e-04 -1.806360e-04))
7.2           	((2.901331e-02 3.358304e-04 2.895480e+00) (-1.097903e-04 -1.156915e-04 -3.953116e-02)) ((1.002568e-04 -3.909111e-02 6.187065e-03) (2.696291e-06 4.894702e-04 -1.829216e-04))
7.21          	((2.583510e-02 2.083130e-05 3.787916e+00) (-8.273154e-05 -1.129469e-04 -3.821936e-02)) ((1.177076e-04 -4.592996e-02 5.990518e-03) (2.589334e-06 4.790943e-04 -1.851579e-04))
7.22          	((2.269784e-02 -8.940590e-04 4.669903e+00) (-5.848553e-05 -1.106773e-04 -3.684299e-02)) ((3.554720e-04 -5.272394e-02 5.735591e-03) (2.920438e-06 4.675423e-04 -1.870230e-04))
7.23          	((1.932484e-02 -2.358339e-03 5.541116e+00) (-3.783487e-05 -1.071929e-04 -3.540110e-02)) ((5.691963e-04 -5.939182e-02 5.469271e-03) (2.757557e-06 4.550262e-04 -1.887701e-04))
7.24          	((1.651608e-02 -2.490466e-03 6.403046e+00) (-1.946086e-05 -1.037082e-04 -3.390282e-02)) ((9.240219e-04 -6.596021e-02 5.193817e-03) (2.805504e-06 4.416991e-04 -1.904434e-04))
7.25          	((1.320076e-02 -3.456691e-03 7.252426e+00) (-2.995127e-06 -9.976211e-05 -3.234976e-02)) ((1.291924e-03 -7.230809e-02 4.922059e-03) (2.888683e-06 4.275724e-04 -1.917389e-04))
7.26          	((9.935377e-03 -2.707768e-03 8.084390e+00) (9.848082e-06 -9.492636e-05 -3.074496e-02)) ((1.217440e-03 -7.870909e-02 4.729908e-03) (2.718218e-06 4.123615e-04 -1.926504e-04))
7.27          	((6.670789e-03 -3.339785e-03 8.900320e+00) (1.998885e-05 -8.958938e-05 -2.909493e-02)) ((1.503801e-03 -8.513079e-02 4.486368e-03) (2.605963e-06 3.961889e-04 -1.933871e-04))
7.28          	((3.765187e-03 -3.717106e-03 9.695302e+00) (2.775937e-05 -8.296213e-05 -2.740259e-02)) ((1.791755e-03 -9.119981e-02 4.087609e-03) (2.355742e-06 3.792156e-04 -1.938297e-04))
7.29          	((7.194511e-04 -4.815734e-03 1.047070e+01) (3.351533e-05 -7.457821e-05 -2.567207e-02)) ((2.098435e-03 -9.735451e-02 3.755396e-03) (2.048845e-06 3.618057e-04 -1.937852e-04))
7.3           	((-1.887249e-03 -4.984707e-03 1.122417e+01) (3.583943e-05 -6.505625e-05 -2.390769e-02)) ((2.420641e-03 -1.032026e-01 3.399487e-03) (1.484520e-06 3.435432e-04 -1.935208e-04))
7.31          	((-6.348585e-03 -5.871418e-03 1.195419e+01) (3.561683e-05 -5.532427e-05 -2.211418e-02)) ((2.514592e-03 -1.088056e-01 3.236680e-03) (9.578413e-07 3.248486e-04 -1.929181e-04))
7.32          	((-9.614497e-03 -5.799615e-03 1.265862e+01) (3.391702e-05 -4.526004e-05 -2.029471e-02)) ((2.589138e-03 -1.140197e-01 2.902578e-03) (5.930400e-07 3.057960e-04 -1.919744e-04))
7.33          	((-1.211315e-02 -4.805867e-03 1.333108e+01) (2.829218e-05 -3.567507e-05 -1.845262e-02)) ((2.634756e-03 -1.194516e-01 2.633149e-03) (6.887420e-08 2.861081e-04 -1.911002e-04))
7.34          	((-1.377687e-02 -5.635886e-03 1.397696e+01) (2.042742e-05 -2.546280e-05 -1.659225e-02)) ((2.956466e-03 -1.244690e-01 2.492033e-03) (-3.356415e-07 2.659651e-04 -1.898714e-04))
7.35          	((-1.619167e-02 -5.607078e-03 1.459472e+01) (9.533388e-06 -1.642032e-05 -1.471610e-02)) ((3.132531e-03 -1.292258e-01 2.352651e-03) (-7.633840e-07 2.453881e-04 -1.885928e-04))
7.36          	((-1.945881e-02 -6.292040e-03 1.518310e+01) (-2.746635e-06 -8.440765e-06 -1.282791e-02)) ((3.581316e-03 -1.339640e-01 2.214640e-03) (-1.153961e-06 2.246198e-04 -1.870623e-04))
7.37          	((-2.167523e-02 -5.185657e-03 1.573619e+01) (-1.776011e-05 -1.948134e-06 -1.093092e-02)) ((3.519163e-03 -1.384295e-01 1.973191e-03) (-1.667444e-06 2.035762e-04 -1.853736e-04))
7.38          	((-2.465290e-02 -4.016224e-03 1.625878e+01) (-3.300696e-05 3.736035e-06 -9.029140e-03)) ((3.538722e-03 -1.427341e-01 1.688424e-03) (-2.186812e-06 1.824433e-04 -1.835703e-04))
7.39          	((-2.648805e-02 -4.270618e-03 1.674961e+01) (-5.071547e-05 1.041534e-05 -7.126220e-03)) ((3.468263e-03 -1.463508e-01 1.528519e-03) (-2.721400e-06 1.611470e-04 -1.818879e-04))
7.4           	((-2.926264e-02 -5.973398e-03 1.720418e+01) (-7.008701e-05 1.665849e-05 -5.223936e-03)) ((4.010634e-03 -1.499372e-01 1.359119e-03) (-3.005606e-06 1.398128e-04 -1.801762e-04))
7.41          	((-3.070034e-02 -6.442618e-03 1.762611e+01) (-8.968743e-05 2.049217e-05 -3.324643e-03)) ((3.682504e-03 -1.532050e-01 1.297238e-03) (-3.141299e-06 1.185591e-04 -1.781574e-04))
7.42          	((-3.192315e-02 -6.161474e-03 1.801422e+01) (-1.100521e-04 2.476479e-05 -1.430925e-03)) ((4.046174e-03 -1.563500e-01 1.094560e-03) (-3.391049e-06 9.740997e-05 -1.756623e-04))
7.43          	((-3.327987e-02 -2.731784e-03 1.836869e+01) (-1.324001e-04 2.698521e-05 4.569101e-04)) ((3.784126e-03 -1.590720e-01 8.150734e-04) (-3.472883e-06 7.629724e-05 -1.729982e-04))
7.44          	((-3.575373e-02 -3.107821e-03 1.869371e+01) (-1.569071e-04 2.849601e-05 2.336514e-03)) ((3.992256e-03 -1.616964e-01 7.572251e-04) (-3.712364e-06 5.515614e-05 -1.703565e-04))
7.45          	((-3.732410e-02 -2.938196e-03 1.897413e+01) (-1.815744e-04 2.790048e-05 4.204700e-03)) ((4.265215e-03 -1.639041e-01 6.172380e-04) (-3.801073e-06 3.408622e-05 -1.682834e-04))
7.46          	((-4.100652e-02 -2.689875e-03 1.920959e+01) (-2.062337e-04 2.674452e-05 6.062347e-03)) ((3.876531e-03 -1.661780e-01 4.934819e-04) (-4.045778e-06 1.286784e-05 -1.666289e-04))
7.47          	((-4.298791e-02 -4.150639e-04 1.942404e+01) (-2.291516e-04 2.598517e-05 7.910329e-03)) ((3.616706e-03 -1.678093e-01 4.886451e-04) (-4.501337e-06 -8.174211e-06 -1.653699e-04))
7.48          	((-4.417255e-02 -1.605010e-03 1.961286e+01) (-2.532728e-04 2.376472e-05 9.745977e-03)) ((3.964460e-03 -1.689503e-01 4.567784e-04) (-5.424517e-06 -2.901440e-05 -1.642945e-04))
7.49          	((-4.526324e-02 5.944477e-04 1.977109e+01) (-2.793872e-04 2.012289e-05 1.156970e-02)) ((4.112745e-03 -1.699737e-01 2.743931e-04) (-6.319812e-06 -4.988607e-05 -1.638797e-04))
7.5           	((-4.787483e-02 -9.929485e-04 1.988771e+01) (-3.072314e-04 1.585272e-05 1.338023e-02)) ((3.688927e-03 -1.709922e-01 7.678778e-04) (-7.239303e-06 -7.094584e-05 -1.640695e-04))
