# Forces      
# CofR        : (0.000000e+00 0.000000e+00 0.000000e+00)
# Time        forces(pressure viscous)	moments(pressure viscous)
0             	((0.000000e+00 0.000000e+00 0.000000e+00) (0.000000e+00 0.000000e+00 0.000000e+00)) ((0.000000e+00 0.000000e+00 0.000000e+00) (0.000000e+00 0.000000e+00 0.000000e+00))
0.01          	((-7.075913e-02 -2.384141e-02 3.970143e+01) (-3.996370e-05 4.457662e-06 3.388764e-03)) ((7.614256e-03 -3.510148e-01 -3.019448e-03) (-1.092456e-06 -3.660275e-05 2.290203e-06))
0.02          	((-7.055607e-02 -2.189284e-02 3.898623e+01) (-7.880911e-05 7.073055e-06 6.777363e-03)) ((7.317838e-03 -3.450430e-01 -2.754688e-03) (-2.127478e-06 -7.358528e-05 4.413415e-06))
0.03          	((-7.202997e-02 -2.266003e-02 3.921987e+01) (-1.171101e-04 9.022844e-06 1.017137e-02)) ((7.355844e-03 -3.466548e-01 -2.628666e-03) (-3.104095e-06 -1.108146e-04 6.328002e-06))
0.04          	((-7.069378e-02 -2.286212e-02 3.903482e+01) (-1.552668e-04 1.091826e-05 1.355242e-02)) ((7.306715e-03 -3.447352e-01 -2.480678e-03) (-4.158793e-06 -1.481143e-04 7.890807e-06))
0.05          	((-6.941313e-02 -2.301822e-02 3.883727e+01) (-1.931877e-04 1.259139e-05 1.692325e-02)) ((7.228976e-03 -3.421592e-01 -2.321774e-03) (-5.172266e-06 -1.854367e-04 8.962657e-06))
0.06          	((-6.868045e-02 -2.321949e-02 3.864129e+01) (-2.310595e-04 1.432997e-05 2.029182e-02)) ((7.152975e-03 -3.392696e-01 -2.208878e-03) (-6.285093e-06 -2.228369e-04 9.566716e-06))
0.07          	((-6.828966e-02 -2.337110e-02 3.842954e+01) (-2.690139e-04 1.577579e-05 2.366377e-02)) ((7.018831e-03 -3.359984e-01 -2.135965e-03) (-7.409822e-06 -2.604348e-04 9.605834e-06))
0.08          	((-6.698945e-02 -2.356249e-02 3.818669e+01) (-3.070198e-04 1.719473e-05 2.704230e-02)) ((6.897947e-03 -3.321149e-01 -2.077271e-03) (-8.894962e-06 -2.981981e-04 9.194138e-06))
0.09          	((-6.580671e-02 -2.357981e-02 3.791028e+01) (-3.445881e-04 1.876466e-05 3.042583e-02)) ((6.766449e-03 -3.276549e-01 -1.944150e-03) (-1.026639e-05 -3.365391e-04 8.485564e-06))
0.1           	((-6.461235e-02 -2.345000e-02 3.760020e+01) (-3.824952e-04 1.934924e-05 3.380436e-02)) ((6.656832e-03 -3.226152e-01 -1.845715e-03) (-1.198578e-05 -3.749383e-04 7.511896e-06))
0.11          	((-6.328002e-02 -2.319048e-02 3.725371e+01) (-4.208498e-04 2.049568e-05 3.716832e-02)) ((6.458561e-03 -3.169926e-01 -1.760968e-03) (-1.372760e-05 -4.138310e-04 6.360511e-06))
0.12          	((-6.133306e-02 -2.368509e-02 3.686695e+01) (-4.612153e-04 2.248193e-05 4.050436e-02)) ((6.256291e-03 -3.107820e-01 -1.790859e-03) (-1.540870e-05 -4.540233e-04 5.036376e-06))
0.13          	((-5.944823e-02 -2.401565e-02 3.643637e+01) (-5.038991e-04 2.734706e-05 4.380243e-02)) ((6.074925e-03 -3.040772e-01 -1.780497e-03) (-1.706737e-05 -4.945987e-04 3.448155e-06))
0.14          	((-5.718720e-02 -2.365365e-02 3.595582e+01) (-5.474313e-04 3.160719e-05 4.704019e-02)) ((5.873004e-03 -2.969702e-01 -1.872433e-03) (-1.883871e-05 -5.358667e-04 1.536928e-06))
0.15          	((-5.517616e-02 -2.341795e-02 3.542072e+01) (-5.913624e-04 3.578038e-05 5.020746e-02)) ((5.616198e-03 -2.895165e-01 -2.107222e-03) (-2.053269e-05 -5.774734e-04 -6.390278e-07))
0.16          	((-5.324204e-02 -2.389427e-02 3.483246e+01) (-6.402557e-04 3.969507e-05 5.327978e-02)) ((5.326365e-03 -2.818633e-01 -2.245210e-03) (-2.249706e-05 -6.203732e-04 -2.578500e-06))
0.17          	((-5.062438e-02 -2.410641e-02 3.418738e+01) (-6.926486e-04 4.431014e-05 5.624675e-02)) ((5.045296e-03 -2.736934e-01 -2.497389e-03) (-2.338194e-05 -6.639187e-04 -4.103708e-06))
0.18          	((-4.884504e-02 -2.420839e-02 3.348500e+01) (-7.477078e-04 5.001963e-05 5.909220e-02)) ((4.853952e-03 -2.650678e-01 -2.760740e-03) (-2.345438e-05 -7.081862e-04 -5.053561e-06))
0.19          	((-4.762861e-02 -2.489106e-02 3.272931e+01) (-8.015420e-04 5.625326e-05 6.179714e-02)) ((4.411449e-03 -2.562077e-01 -3.110282e-03) (-2.477125e-05 -7.520620e-04 -5.509824e-06))
0.2           	((-4.624437e-02 -2.451140e-02 3.191444e+01) (-8.561851e-04 6.251335e-05 6.434560e-02)) ((4.192289e-03 -2.469282e-01 -3.488356e-03) (-2.507248e-05 -7.963720e-04 -5.629727e-06))
0.21          	((-4.489406e-02 -2.478547e-02 3.103163e+01) (-9.083375e-04 6.854121e-05 6.671228e-02)) ((3.960829e-03 -2.371793e-01 -4.191384e-03) (-2.525445e-05 -8.399925e-04 -5.982530e-06))
0.22          	((-4.282355e-02 -2.437579e-02 3.009457e+01) (-9.610553e-04 7.490915e-05 6.888405e-02)) ((3.432865e-03 -2.268279e-01 -4.684069e-03) (-2.583206e-05 -8.824056e-04 -6.015616e-06))
0.23          	((-4.123096e-02 -2.279127e-02 2.911000e+01) (-1.010931e-03 8.207079e-05 7.084800e-02)) ((3.002987e-03 -2.161178e-01 -5.254284e-03) (-2.592016e-05 -9.224402e-04 -5.438125e-06))
0.24          	((-3.964078e-02 -2.202973e-02 2.806919e+01) (-1.058562e-03 9.168970e-05 7.258723e-02)) ((2.594484e-03 -2.049967e-01 -5.606050e-03) (-2.647152e-05 -9.609984e-04 -5.156845e-06))
0.25          	((-3.838032e-02 -2.141509e-02 2.698086e+01) (-1.099854e-03 1.017888e-04 7.410101e-02)) ((1.911409e-03 -1.934345e-01 -6.322851e-03) (-2.652715e-05 -9.981848e-04 -4.780476e-06))
0.26          	((-3.728200e-02 -2.056038e-02 2.583430e+01) (-1.141024e-03 1.125487e-04 7.538669e-02)) ((1.305806e-03 -1.814760e-01 -6.787481e-03) (-2.557657e-05 -1.033993e-03 -4.869384e-06))
0.27          	((-3.455312e-02 -1.920945e-02 2.463651e+01) (-1.181626e-03 1.206426e-04 7.644634e-02)) ((8.880301e-04 -1.692809e-01 -7.061641e-03) (-2.466281e-05 -1.071402e-03 -4.802687e-06))
0.28          	((-3.192707e-02 -1.812868e-02 2.338068e+01) (-1.223085e-03 1.297603e-04 7.727210e-02)) ((-9.715863e-05 -1.563755e-01 -7.063334e-03) (-2.313474e-05 -1.107503e-03 -4.677430e-06))
0.29          	((-2.872318e-02 -1.631330e-02 2.208140e+01) (-1.262369e-03 1.399395e-04 7.786034e-02)) ((-7.066199e-04 -1.433173e-01 -7.315744e-03) (-2.085435e-05 -1.140669e-03 -4.487582e-06))
0.3           	((-2.553540e-02 -1.483120e-02 2.072376e+01) (-1.295518e-03 1.462301e-04 7.820972e-02)) ((-1.542591e-03 -1.300417e-01 -7.592481e-03) (-1.877329e-05 -1.170792e-03 -4.437067e-06))
0.31          	((-2.186641e-02 -1.281600e-02 1.931189e+01) (-1.327147e-03 1.508292e-04 7.832929e-02)) ((-2.357881e-03 -1.164986e-01 -7.768417e-03) (-1.633681e-05 -1.197548e-03 -4.488476e-06))
0.32          	((-1.974379e-02 -1.025177e-02 1.784921e+01) (-1.354555e-03 1.531623e-04 7.822903e-02)) ((-3.128368e-03 -1.033910e-01 -8.152933e-03) (-1.322911e-05 -1.221574e-03 -5.013639e-06))
0.33          	((-1.501266e-02 -6.942521e-03 1.634427e+01) (-1.380310e-03 1.530269e-04 7.790056e-02)) ((-4.041098e-03 -9.018748e-02 -8.383127e-03) (-1.094187e-05 -1.240589e-03 -5.047255e-06))
0.34          	((-1.004123e-02 -4.642274e-03 1.479569e+01) (-1.400116e-03 1.525242e-04 7.735981e-02)) ((-4.243468e-03 -7.642829e-02 -8.683579e-03) (-8.491352e-06 -1.255445e-03 -4.380939e-06))
0.35          	((-6.088414e-03 -2.695322e-03 1.320452e+01) (-1.407167e-03 1.498767e-04 7.661192e-02)) ((-5.136135e-03 -6.256635e-02 -8.874900e-03) (-5.538039e-06 -1.265576e-03 -3.768447e-06))
0.36          	((4.541053e-04 -1.049770e-03 1.157609e+01) (-1.409375e-03 1.468720e-04 7.566191e-02)) ((-5.801304e-03 -4.829291e-02 -9.168346e-03) (-2.855142e-06 -1.270971e-03 -3.258261e-06))
0.37          	((4.217181e-03 -1.075419e-04 9.919708e+00) (-1.411620e-03 1.434185e-04 7.451984e-02)) ((-5.873682e-03 -3.411635e-02 -9.412730e-03) (1.136562e-06 -1.271708e-03 -2.356323e-06))
0.38          	((1.145385e-02 1.556379e-03 8.226422e+00) (-1.406288e-03 1.419715e-04 7.319460e-02)) ((-6.427905e-03 -1.941363e-02 -9.146541e-03) (5.289418e-06 -1.268165e-03 -9.632761e-07))
0.39          	((1.863159e-02 4.131844e-03 6.494242e+00) (-1.395528e-03 1.385592e-04 7.169126e-02)) ((-6.232991e-03 -5.118586e-03 -9.467329e-03) (8.953765e-06 -1.260675e-03 1.063126e-06))
0.4           	((2.670871e-02 6.293970e-03 4.737122e+00) (-1.381822e-03 1.354871e-04 7.002028e-02)) ((-6.023715e-03 9.718564e-03 -9.518663e-03) (1.137705e-05 -1.249435e-03 3.738562e-06))
0.41          	((3.551459e-02 9.041659e-03 2.964542e+00) (-1.364789e-03 1.338057e-04 6.818892e-02)) ((-6.467016e-03 2.475424e-02 -9.555412e-03) (1.441529e-05 -1.235274e-03 6.580347e-06))
0.42          	((4.250390e-02 1.034717e-02 1.176510e+00) (-1.344654e-03 1.307786e-04 6.621043e-02)) ((-6.952465e-03 3.961988e-02 -9.487331e-03) (1.775749e-05 -1.218020e-03 8.692032e-06))
0.43          	((4.926159e-02 1.181672e-02 -6.252197e-01) (-1.322975e-03 1.238475e-04 6.408518e-02)) ((-6.824379e-03 5.432215e-02 -9.314025e-03) (2.011281e-05 -1.197306e-03 1.082873e-05))
0.44          	((5.682638e-02 1.319743e-02 -2.429750e+00) (-1.297568e-03 1.152152e-04 6.182453e-02)) ((-7.136640e-03 6.939312e-02 -9.583238e-03) (2.186056e-05 -1.173175e-03 1.284929e-05))
0.45          	((6.602211e-02 1.351389e-02 -4.245467e+00) (-1.270178e-03 1.053460e-04 5.943098e-02)) ((-7.187869e-03 8.452688e-02 -9.697899e-03) (2.439207e-05 -1.146450e-03 1.474098e-05))
0.46          	((7.274467e-02 1.449425e-02 -6.052891e+00) (-1.238093e-03 9.112015e-05 5.690770e-02)) ((-7.259700e-03 9.960721e-02 -9.441311e-03) (2.638738e-05 -1.117373e-03 1.684738e-05))
0.47          	((8.034499e-02 1.482871e-02 -7.855589e+00) (-1.200107e-03 7.617183e-05 5.425947e-02)) ((-7.395823e-03 1.143934e-01 -8.936137e-03) (2.789535e-05 -1.085981e-03 1.823957e-05))
0.48          	((9.097571e-02 1.499777e-02 -9.643886e+00) (-1.163357e-03 6.374565e-05 5.150284e-02)) ((-7.433657e-03 1.292841e-01 -8.926595e-03) (2.950766e-05 -1.052256e-03 1.976968e-05))
0.49          	((9.964411e-02 1.772557e-02 -1.141823e+01) (-1.126295e-03 4.889092e-05 4.863563e-02)) ((-7.778611e-03 1.435880e-01 -8.863127e-03) (3.086448e-05 -1.017145e-03 2.096665e-05))
0.5           	((1.060601e-01 1.636392e-02 -1.317370e+01) (-1.093436e-03 3.930915e-05 4.567283e-02)) ((-7.978617e-03 1.575448e-01 -8.763235e-03) (3.298902e-05 -9.805417e-04 2.181236e-05))
0.51          	((1.115446e-01 1.576373e-02 -1.490425e+01) (-1.060749e-03 3.029373e-05 4.261382e-02)) ((-8.119871e-03 1.713466e-01 -8.205842e-03) (3.440657e-05 -9.419862e-04 2.229266e-05))
0.52          	((1.167926e-01 1.546826e-02 -1.660038e+01) (-1.032723e-03 2.191661e-05 3.946609e-02)) ((-8.246532e-03 1.848710e-01 -8.181584e-03) (3.513305e-05 -9.018617e-04 2.249265e-05))
0.53          	((1.198325e-01 1.520223e-02 -1.826764e+01) (-1.006368e-03 1.421113e-05 3.623712e-02)) ((-8.054408e-03 1.977224e-01 -7.607888e-03) (3.575627e-05 -8.604898e-04 2.234307e-05))
0.54          	((1.213360e-01 1.647102e-02 -1.989949e+01) (-9.839315e-04 1.062801e-05 3.293248e-02)) ((-8.385070e-03 2.106578e-01 -7.043345e-03) (3.628258e-05 -8.182748e-04 2.159490e-05))
0.55          	((1.202582e-01 1.617954e-02 -2.149383e+01) (-9.653447e-04 9.205684e-06 2.956010e-02)) ((-8.434639e-03 2.227238e-01 -6.444666e-03) (3.687123e-05 -7.744817e-04 2.026586e-05))
0.56          	((1.213307e-01 1.864422e-02 -2.303278e+01) (-9.495256e-04 8.317841e-06 2.612605e-02)) ((-8.586565e-03 2.345216e-01 -6.114309e-03) (3.698842e-05 -7.299535e-04 1.815416e-05))
0.57          	((1.219403e-01 1.948839e-02 -2.452482e+01) (-9.342204e-04 6.999049e-06 2.263817e-02)) ((-8.405905e-03 2.456436e-01 -5.542106e-03) (3.718046e-05 -6.846017e-04 1.601764e-05))
0.58          	((1.203272e-01 1.904547e-02 -2.596093e+01) (-9.201886e-04 6.128963e-06 1.910120e-02)) ((-8.789352e-03 2.566375e-01 -4.911589e-03) (3.741470e-05 -6.393220e-04 1.428817e-05))
0.59          	((1.176603e-01 2.107429e-02 -2.734059e+01) (-9.092589e-04 7.443908e-06 1.552089e-02)) ((-8.633334e-03 2.668498e-01 -4.344379e-03) (3.734265e-05 -5.933767e-04 1.220679e-05))
0.6           	((1.134969e-01 2.197408e-02 -2.867663e+01) (-8.995351e-04 1.153729e-05 1.190501e-02)) ((-9.183193e-03 2.762473e-01 -3.638068e-03) (3.671565e-05 -5.466287e-04 9.425554e-06))
0.61          	((1.099505e-01 2.198979e-02 -2.994195e+01) (-8.898053e-04 1.478955e-05 8.257978e-03)) ((-9.645226e-03 2.851857e-01 -2.782738e-03) (3.582596e-05 -4.990463e-04 6.836074e-06))
0.62          	((1.050971e-01 2.464925e-02 -3.112913e+01) (-8.829009e-04 1.968229e-05 4.582975e-03)) ((-8.461793e-03 2.932938e-01 -1.939274e-03) (3.518979e-05 -4.514824e-04 4.500520e-06))
0.63          	((1.004885e-01 2.666277e-02 -3.226981e+01) (-8.800995e-04 2.428061e-05 8.819621e-04)) ((-8.713262e-03 3.013753e-01 -1.571026e-03) (3.415797e-05 -4.037806e-04 2.930711e-06))
0.64          	((9.261903e-02 2.705010e-02 -3.335184e+01) (-8.755252e-04 2.669617e-05 -2.836994e-03)) ((-9.956739e-03 3.091844e-01 -9.349707e-04) (3.331303e-05 -3.558946e-04 6.877224e-07))
0.65          	((8.770754e-02 3.119091e-02 -3.435569e+01) (-8.718780e-04 2.948730e-05 -6.568332e-03)) ((-9.474801e-03 3.152032e-01 -4.838725e-04) (3.249532e-05 -3.076623e-04 -7.409123e-07))
0.66          	((8.069191e-02 3.078656e-02 -3.528792e+01) (-8.648673e-04 3.520404e-05 -1.031138e-02)) ((-8.570198e-03 3.206807e-01 4.128249e-04) (3.132124e-05 -2.586400e-04 -1.527138e-06))
0.67          	((7.423707e-02 3.485981e-02 -3.617103e+01) (-8.521095e-04 3.415931e-05 -1.406580e-02)) ((-8.935051e-03 3.254697e-01 1.001848e-03) (3.083149e-05 -2.093498e-04 -3.152098e-06))
0.68          	((6.656527e-02 3.579993e-02 -3.700018e+01) (-8.376896e-04 3.418391e-05 -1.783694e-02)) ((-8.501144e-03 3.290779e-01 1.627388e-03) (3.163961e-05 -1.598182e-04 -4.023282e-06))
0.69          	((6.261399e-02 3.812609e-02 -3.777149e+01) (-8.185984e-04 3.178462e-05 -2.162348e-02)) ((-8.500124e-03 3.325756e-01 3.419631e-03) (3.322369e-05 -1.094669e-04 -5.881004e-06))
0.7           	((5.575250e-02 3.670556e-02 -3.849724e+01) (-7.960496e-04 3.177975e-05 -2.543004e-02)) ((-8.202773e-03 3.354979e-01 4.224736e-03) (3.528701e-05 -5.941429e-05 -8.011278e-06))
0.71          	((5.182404e-02 3.921487e-02 -3.916611e+01) (-7.685932e-04 2.506967e-05 -2.927096e-02)) ((-7.399928e-03 3.374491e-01 4.449187e-03) (3.807930e-05 -9.297628e-06 -9.764688e-06))
0.72          	((4.928896e-02 3.535925e-02 -3.977106e+01) (-7.339124e-04 1.501436e-05 -3.313971e-02)) ((-7.344324e-03 3.393670e-01 5.746530e-03) (4.063928e-05 4.218359e-05 -1.091318e-05))
0.73          	((5.066906e-02 3.692412e-02 -4.032905e+01) (-6.941934e-04 6.725301e-06 -3.704182e-02)) ((-7.885157e-03 3.402217e-01 7.061208e-03) (4.304192e-05 9.527477e-05 -1.196987e-05))
0.74          	((5.301980e-02 3.771036e-02 -4.083771e+01) (-6.355723e-04 2.373462e-06 -4.097054e-02)) ((-6.878197e-03 3.409764e-01 8.535876e-03) (4.547396e-05 1.506105e-04 -1.238987e-05))
0.75          	((5.351045e-02 3.040297e-02 -4.132959e+01) (-5.656196e-04 -1.446624e-06 -4.493009e-02)) ((-5.976889e-03 3.400018e-01 1.010071e-02) (4.806194e-05 2.090826e-04 -1.231245e-05))
0.76          	((5.515633e-02 3.261033e-02 -4.186789e+01) (-4.860198e-04 -8.570950e-06 -4.892458e-02)) ((-6.252714e-03 3.417506e-01 1.165107e-02) (5.027103e-05 2.702700e-04 -1.263040e-05))
0.77          	((5.403417e-02 3.180894e-02 -4.200570e+01) (-4.021160e-04 -8.302289e-06 -5.293028e-02)) ((-6.544010e-03 3.386421e-01 1.230105e-02) (5.232787e-05 3.336719e-04 -1.305384e-05))
0.78          	((6.263921e-02 2.968238e-02 -4.259125e+01) (-3.111117e-04 -3.609567e-06 -5.697504e-02)) ((-6.086585e-03 3.400375e-01 1.383424e-02) (5.351369e-05 3.997011e-04 -1.445799e-05))
0.79          	((7.767230e-02 2.487688e-02 -4.283433e+01) (-2.103505e-04 3.332025e-06 -6.104060e-02)) ((-5.440392e-03 3.396680e-01 1.548499e-02) (5.433331e-05 4.682348e-04 -1.631485e-05))
0.8           	((8.562769e-02 2.337160e-02 -4.310001e+01) (-1.067250e-04 1.434148e-05 -6.511295e-02)) ((-5.133759e-03 3.376193e-01 1.719164e-02) (5.499805e-05 5.376866e-04 -1.815020e-05))
0.81          	((9.291657e-02 1.877363e-02 -4.333227e+01) (-1.759847e-06 2.968468e-05 -6.918610e-02)) ((-4.415390e-03 3.350937e-01 1.793031e-02) (5.407458e-05 6.078674e-04 -1.928776e-05))
0.82          	((1.055647e-01 1.816792e-02 -4.350781e+01) (1.033532e-04 5.080240e-05 -7.325051e-02)) ((-4.039629e-03 3.330560e-01 1.910084e-02) (5.237630e-05 6.791856e-04 -2.105629e-05))
0.83          	((1.243270e-01 1.361761e-02 -4.360918e+01) (2.029617e-04 7.439073e-05 -7.729379e-02)) ((-2.840966e-03 3.301521e-01 1.988991e-02) (5.145305e-05 7.511479e-04 -2.375532e-05))
0.84          	((1.396018e-01 1.148313e-02 -4.360012e+01) (3.007121e-04 9.585213e-05 -8.128038e-02)) ((-2.260361e-03 3.260330e-01 2.039542e-02) (4.926965e-05 8.233805e-04 -2.623412e-05))
0.85          	((1.565043e-01 6.335707e-03 -4.351801e+01) (3.919483e-04 1.213061e-04 -8.517624e-02)) ((-1.784806e-03 3.224010e-01 2.099129e-02) (4.610906e-05 8.960787e-04 -2.940385e-05))
0.86          	((1.743700e-01 1.854359e-03 -4.339451e+01) (4.765821e-04 1.479917e-04 -8.896619e-02)) ((-8.668398e-04 3.186339e-01 2.143703e-02) (4.163296e-05 9.709793e-04 -3.354981e-05))
0.87          	((1.900902e-01 -4.144206e-04 -4.320518e+01) (5.633913e-04 1.729500e-04 -9.262676e-02)) ((-3.683775e-04 3.140123e-01 2.162165e-02) (3.576782e-05 1.047327e-03 -3.928309e-05))
0.88          	((2.053122e-01 -7.539078e-03 -4.297502e+01) (6.524778e-04 1.974498e-04 -9.613888e-02)) ((3.052392e-04 3.091214e-01 2.121737e-02) (3.094560e-05 1.124034e-03 -4.552634e-05))
0.89          	((2.212754e-01 -1.169082e-02 -4.266921e+01) (7.461202e-04 2.167516e-04 -9.947718e-02)) ((8.811668e-04 3.043847e-01 2.093261e-02) (2.708677e-05 1.201299e-03 -5.298809e-05))
0.9           	((2.347321e-01 -1.989785e-02 -4.230230e+01) (8.471013e-04 2.383496e-04 -1.026133e-01)) ((1.632618e-03 2.989462e-01 2.080204e-02) (2.328087e-05 1.278241e-03 -6.240350e-05))
0.91          	((2.444858e-01 -2.705446e-02 -4.186100e+01) (9.559845e-04 2.562066e-04 -1.055288e-01)) ((2.804634e-03 2.935222e-01 2.066497e-02) (1.841809e-05 1.355524e-03 -7.347959e-05))
0.92          	((2.527349e-01 -3.124608e-02 -4.134253e+01) (1.066646e-03 2.688596e-04 -1.082029e-01)) ((3.035017e-03 2.883780e-01 2.068082e-02) (1.511718e-05 1.431385e-03 -8.592641e-05))
0.93          	((2.622302e-01 -3.812551e-02 -4.074073e+01) (1.189570e-03 2.737550e-04 -1.106181e-01)) ((3.640847e-03 2.823071e-01 2.070726e-02) (1.257301e-05 1.504616e-03 -1.001676e-04))
0.94          	((2.706925e-01 -4.388487e-02 -4.004475e+01) (1.324780e-03 2.759602e-04 -1.127585e-01)) ((4.381036e-03 2.766453e-01 2.049868e-02) (9.845579e-06 1.574932e-03 -1.154036e-04))
0.95          	((2.737304e-01 -4.969303e-02 -3.925117e+01) (1.473244e-03 2.743133e-04 -1.146137e-01)) ((5.676231e-03 2.706466e-01 2.003068e-02) (6.838419e-06 1.642186e-03 -1.323353e-04))
0.96          	((2.743810e-01 -5.556243e-02 -3.836830e+01) (1.635034e-03 2.680075e-04 -1.161796e-01)) ((5.961988e-03 2.644394e-01 2.009066e-02) (3.649392e-06 1.705337e-03 -1.494910e-04))
0.97          	((2.726612e-01 -5.892481e-02 -3.739082e+01) (1.803722e-03 2.572554e-04 -1.174699e-01)) ((6.629396e-03 2.575771e-01 2.060910e-02) (6.847713e-07 1.761232e-03 -1.684903e-04))
0.98          	((2.676191e-01 -6.312922e-02 -3.632149e+01) (1.980924e-03 2.475419e-04 -1.184574e-01)) ((7.049032e-03 2.509198e-01 2.136658e-02) (-3.220313e-06 1.810869e-03 -1.870415e-04))
0.99          	((2.604258e-01 -6.402767e-02 -3.516717e+01) (2.162782e-03 2.395685e-04 -1.191470e-01)) ((7.556023e-03 2.438156e-01 2.178646e-02) (-7.885750e-06 1.853443e-03 -2.049782e-04))
1             	((2.513627e-01 -6.786765e-02 -3.392491e+01) (2.344400e-03 2.328683e-04 -1.195504e-01)) ((7.531339e-03 2.356967e-01 2.216543e-02) (-1.334340e-05 1.887638e-03 -2.225595e-04))
1.01          	((2.415935e-01 -6.848999e-02 -3.258833e+01) (2.528529e-03 2.309686e-04 -1.196764e-01)) ((7.015336e-03 2.271158e-01 2.324307e-02) (-1.830537e-05 1.912834e-03 -2.382756e-04))
1.02          	((2.298914e-01 -6.581462e-02 -3.117692e+01) (2.706264e-03 2.348854e-04 -1.195235e-01)) ((7.450941e-03 2.176804e-01 2.361487e-02) (-2.365616e-05 1.929733e-03 -2.525635e-04))
1.03          	((2.163308e-01 -6.351078e-02 -2.969036e+01) (2.882992e-03 2.479584e-04 -1.191149e-01)) ((7.353035e-03 2.076703e-01 2.430916e-02) (-2.954961e-05 1.937708e-03 -2.650908e-04))
1.04          	((2.043030e-01 -6.020934e-02 -2.813248e+01) (3.053015e-03 2.631334e-04 -1.184549e-01)) ((7.515853e-03 1.971457e-01 2.522022e-02) (-3.428506e-05 1.935957e-03 -2.761630e-04))
1.05          	((1.908848e-01 -5.576924e-02 -2.650075e+01) (3.219595e-03 2.776138e-04 -1.175447e-01)) ((7.014017e-03 1.862881e-01 2.618301e-02) (-3.847524e-05 1.926474e-03 -2.856937e-04))
1.06          	((1.776595e-01 -5.247483e-02 -2.482029e+01) (3.381855e-03 2.944515e-04 -1.163895e-01)) ((6.630615e-03 1.748251e-01 2.677346e-02) (-4.193730e-05 1.910968e-03 -2.936426e-04))
1.07          	((1.645295e-01 -5.030194e-02 -2.308203e+01) (3.542138e-03 3.179031e-04 -1.150125e-01)) ((6.852873e-03 1.630989e-01 2.750644e-02) (-4.687519e-05 1.889620e-03 -2.991685e-04))
1.08          	((1.489983e-01 -4.724796e-02 -2.129459e+01) (3.688775e-03 3.431912e-04 -1.134100e-01)) ((6.439471e-03 1.508716e-01 2.822963e-02) (-5.036939e-05 1.862328e-03 -3.021001e-04))
1.09          	((1.331367e-01 -4.446782e-02 -1.946318e+01) (3.825547e-03 3.624373e-04 -1.115959e-01)) ((6.755886e-03 1.381990e-01 2.892487e-02) (-5.326472e-05 1.830995e-03 -3.030735e-04))
1.1           	((1.220573e-01 -4.117035e-02 -1.760200e+01) (3.946904e-03 3.819522e-04 -1.095849e-01)) ((7.055919e-03 1.256729e-01 2.989691e-02) (-5.453525e-05 1.795443e-03 -3.031042e-04))
1.11          	((1.099795e-01 -4.317447e-02 -1.571533e+01) (4.047182e-03 4.037658e-04 -1.073836e-01)) ((7.689405e-03 1.123215e-01 3.046446e-02) (-5.496111e-05 1.756565e-03 -3.023533e-04))
1.12          	((1.006840e-01 -4.263231e-02 -1.380564e+01) (4.125745e-03 4.244934e-04 -1.049984e-01)) ((7.699295e-03 9.845192e-02 3.017161e-02) (-5.589645e-05 1.715279e-03 -3.010946e-04))
1.13          	((9.205727e-02 -3.978192e-02 -1.187901e+01) (4.184426e-03 4.446088e-04 -1.024336e-01)) ((7.500212e-03 8.467984e-02 3.064878e-02) (-5.555186e-05 1.671255e-03 -2.987902e-04))
1.14          	((8.563499e-02 -3.835449e-02 -9.933282e+00) (4.218164e-03 4.628845e-04 -9.969654e-02)) ((8.193526e-03 7.065151e-02 3.082376e-02) (-5.495355e-05 1.624241e-03 -2.953929e-04))
1.15          	((7.828109e-02 -3.645590e-02 -7.973903e+00) (4.230541e-03 4.829266e-04 -9.679872e-02)) ((7.932102e-03 5.569438e-02 3.081449e-02) (-5.374775e-05 1.576126e-03 -2.912392e-04))
1.16          	((7.257474e-02 -3.239053e-02 -6.009613e+00) (4.228464e-03 5.054374e-04 -9.374062e-02)) ((7.534027e-03 4.096338e-02 3.105251e-02) (-5.284095e-05 1.527244e-03 -2.863022e-04))
1.17          	((6.728947e-02 -3.286283e-02 -4.036447e+00) (4.208730e-03 5.259348e-04 -9.053195e-02)) ((7.840671e-03 2.602284e-02 3.068816e-02) (-5.164259e-05 1.477328e-03 -2.806822e-04))
1.18          	((6.163862e-02 -3.083099e-02 -2.057402e+00) (4.177478e-03 5.428654e-04 -8.717420e-02)) ((7.893161e-03 1.059324e-02 3.017570e-02) (-5.094709e-05 1.425587e-03 -2.748199e-04))
1.19          	((5.577959e-02 -3.067082e-02 -8.059667e-02) (4.140289e-03 5.620212e-04 -8.367138e-02)) ((7.998760e-03 -4.695881e-03 2.940627e-02) (-5.007351e-05 1.372736e-03 -2.695691e-04))
1.2           	((5.033933e-02 -3.205118e-02 1.885199e+00) (4.092321e-03 5.829725e-04 -8.003558e-02)) ((8.213815e-03 -1.992432e-02 2.879496e-02) (-5.018893e-05 1.318894e-03 -2.636646e-04))
1.21          	((4.510767e-02 -3.083073e-02 3.845932e+00) (4.034512e-03 6.038189e-04 -7.627969e-02)) ((8.340103e-03 -3.533995e-02 2.815208e-02) (-5.117176e-05 1.264071e-03 -2.582661e-04))
1.22          	((3.847674e-02 -3.024019e-02 5.787058e+00) (3.969381e-03 6.176344e-04 -7.241526e-02)) ((8.209596e-03 -5.024666e-02 2.693680e-02) (-5.232805e-05 1.208172e-03 -2.547299e-04))
1.23          	((2.995690e-02 -3.349459e-02 7.713142e+00) (3.903693e-03 6.249895e-04 -6.844503e-02)) ((8.179242e-03 -6.527469e-02 2.560816e-02) (-5.296745e-05 1.150607e-03 -2.520977e-04))
1.24          	((2.259977e-02 -3.166702e-02 9.625056e+00) (3.833320e-03 6.272625e-04 -6.438375e-02)) ((7.707216e-03 -8.063110e-02 2.442776e-02) (-5.318063e-05 1.091839e-03 -2.506403e-04))
1.25          	((1.780411e-02 -2.894872e-02 1.149772e+01) (3.756906e-03 6.238468e-04 -6.023863e-02)) ((7.217904e-03 -9.488154e-02 2.299290e-02) (-5.348997e-05 1.031871e-03 -2.496756e-04))
1.26          	((1.380895e-02 -2.989561e-02 1.334668e+01) (3.671026e-03 6.173053e-04 -5.601839e-02)) ((7.431116e-03 -1.095760e-01 2.139721e-02) (-5.325093e-05 9.704170e-04 -2.483506e-04))
1.27          	((9.352720e-03 -3.198449e-02 1.516423e+01) (3.574236e-03 6.076695e-04 -5.173959e-02)) ((7.459156e-03 -1.237209e-01 1.951233e-02) (-5.239698e-05 9.085313e-04 -2.467810e-04))
1.28          	((6.895950e-03 -3.192737e-02 1.693883e+01) (3.477032e-03 6.016913e-04 -4.740687e-02)) ((7.346317e-03 -1.373833e-01 1.789015e-02) (-5.147272e-05 8.451154e-04 -2.443608e-04))
1.29          	((8.548561e-04 -3.168191e-02 1.867169e+01) (3.377435e-03 5.955161e-04 -4.302549e-02)) ((6.949288e-03 -1.512652e-01 1.600128e-02) (-5.056029e-05 7.814431e-04 -2.404767e-04))
1.3           	((-4.701835e-03 -3.196110e-02 2.035297e+01) (3.273272e-03 5.858047e-04 -3.860454e-02)) ((7.348330e-03 -1.647975e-01 1.440291e-02) (-4.963107e-05 7.179875e-04 -2.355704e-04))
1.31          	((-9.702171e-03 -3.261126e-02 2.197900e+01) (3.163533e-03 5.760781e-04 -3.414823e-02)) ((7.382012e-03 -1.778025e-01 1.306508e-02) (-4.771943e-05 6.542843e-04 -2.302534e-04))
1.32          	((-1.289451e-02 -3.465058e-02 2.355146e+01) (3.052007e-03 5.626846e-04 -2.966796e-02)) ((7.192029e-03 -1.905815e-01 1.181139e-02) (-4.512353e-05 5.895872e-04 -2.245730e-04))
1.33          	((-1.506887e-02 -3.697032e-02 2.506519e+01) (2.936440e-03 5.462012e-04 -2.516671e-02)) ((6.994072e-03 -2.027799e-01 1.022763e-02) (-4.201772e-05 5.235886e-04 -2.177464e-04))
1.34          	((-2.087478e-02 -3.523780e-02 2.652070e+01) (2.815904e-03 5.309485e-04 -2.065416e-02)) ((6.520900e-03 -2.143544e-01 9.208217e-03) (-3.868640e-05 4.562294e-04 -2.103266e-04))
1.35          	((-2.650327e-02 -3.457243e-02 2.790605e+01) (2.692147e-03 5.144350e-04 -1.613121e-02)) ((6.253284e-03 -2.254526e-01 7.996243e-03) (-3.558098e-05 3.882928e-04 -2.042230e-04))
1.36          	((-3.234380e-02 -3.584718e-02 2.921484e+01) (2.570205e-03 4.934727e-04 -1.160621e-02)) ((6.185496e-03 -2.359748e-01 7.049179e-03) (-3.253597e-05 3.203846e-04 -1.991063e-04))
1.37          	((-3.910793e-02 -3.455159e-02 3.046015e+01) (2.452348e-03 4.709513e-04 -7.087854e-03)) ((6.098776e-03 -2.460308e-01 6.423422e-03) (-2.936642e-05 2.521303e-04 -1.958581e-04))
1.38          	((-4.624043e-02 -3.396059e-02 3.163552e+01) (2.334494e-03 4.475946e-04 -2.574413e-03)) ((5.514537e-03 -2.555830e-01 6.150868e-03) (-2.703785e-05 1.836375e-04 -1.935770e-04))
1.39          	((-5.434555e-02 -2.832603e-02 3.274215e+01) (2.219186e-03 4.222278e-04 1.934279e-03)) ((5.576689e-03 -2.650589e-01 5.362699e-03) (-2.499149e-05 1.150179e-04 -1.927301e-04))
1.4           	((-6.316788e-02 -3.131522e-02 3.378720e+01) (2.107194e-03 3.976515e-04 6.433581e-03)) ((5.079110e-03 -2.732677e-01 4.194988e-03) (-2.338832e-05 4.636209e-05 -1.931508e-04))
1.41          	((-6.741692e-02 -3.086594e-02 3.474663e+01) (1.994467e-03 3.720274e-04 1.092231e-02)) ((5.361733e-03 -2.807508e-01 3.836896e-03) (-2.280833e-05 -2.199769e-05 -1.954211e-04))
1.42          	((-7.492880e-02 -2.590099e-02 3.565504e+01) (1.883325e-03 3.427173e-04 1.540030e-02)) ((4.938990e-03 -2.890368e-01 3.113078e-03) (-2.281133e-05 -8.972107e-05 -2.007346e-04))
1.43          	((-8.345063e-02 -2.616840e-02 3.649867e+01) (1.774922e-03 3.200687e-04 1.986534e-02)) ((5.813236e-03 -2.960984e-01 2.384918e-03) (-2.326441e-05 -1.564347e-04 -2.078537e-04))
1.44          	((-8.850885e-02 -2.479691e-02 3.726743e+01) (1.667831e-03 2.951561e-04 2.432160e-02)) ((4.740394e-03 -3.023832e-01 2.533243e-03) (-2.485933e-05 -2.231823e-04 -2.161614e-04))
1.45          	((-1.003806e-01 -2.269297e-02 3.796270e+01) (1.566176e-03 2.714074e-04 2.877428e-02)) ((3.811040e-03 -3.085959e-01 2.163429e-03) (-2.716908e-05 -2.891854e-04 -2.249870e-04))
1.46          	((-1.091736e-01 -2.221191e-02 3.862102e+01) (1.470508e-03 2.508002e-04 3.321839e-02)) ((4.405098e-03 -3.142953e-01 1.328395e-03) (-2.943711e-05 -3.530490e-04 -2.362810e-04))
1.47          	((-1.168257e-01 -2.395411e-02 3.922428e+01) (1.377306e-03 2.375925e-04 3.765250e-02)) ((5.079608e-03 -3.185554e-01 2.730791e-04) (-3.181548e-05 -4.160151e-04 -2.500482e-04))
1.48          	((-1.228308e-01 -1.948416e-02 3.976618e+01) (1.282166e-03 2.272879e-04 4.208094e-02)) ((4.775429e-03 -3.232635e-01 -1.071861e-03) (-3.477769e-05 -4.776251e-04 -2.649864e-04))
1.49          	((-1.297952e-01 -2.236624e-02 4.023595e+01) (1.187397e-03 2.234267e-04 4.650875e-02)) ((4.160062e-03 -3.265188e-01 -1.494476e-03) (-3.703912e-05 -5.387824e-04 -2.821976e-04))
1.5           	((-1.341325e-01 -1.802238e-02 4.066701e+01) (1.086534e-03 2.202825e-04 5.093404e-02)) ((3.693447e-03 -3.303572e-01 -2.161974e-03) (-3.944703e-05 -5.989899e-04 -2.998130e-04))
1.51          	((-1.475526e-01 -1.361603e-02 4.128571e+01) (9.879853e-04 2.218980e-04 5.537832e-02)) ((3.175835e-03 -3.344681e-01 -4.525882e-03) (-4.160558e-05 -6.585451e-04 -3.170600e-04))
1.52          	((-1.522006e-01 -1.110186e-02 4.148743e+01) (8.943793e-04 2.292711e-04 5.979818e-02)) ((2.840853e-03 -3.351670e-01 -6.149657e-03) (-4.387851e-05 -7.168493e-04 -3.343472e-04))
1.53          	((-1.548477e-01 -1.428340e-02 4.203610e+01) (8.112697e-04 2.421118e-04 6.422404e-02)) ((3.484982e-03 -3.378669e-01 -7.329422e-03) (-4.481688e-05 -7.737872e-04 -3.515966e-04))
1.54          	((-1.504264e-01 -1.657175e-02 4.233282e+01) (7.273146e-04 2.644102e-04 6.863338e-02)) ((4.482187e-03 -3.385758e-01 -8.533254e-03) (-4.480821e-05 -8.293760e-04 -3.684542e-04))
1.55          	((-1.515152e-01 -1.514613e-02 4.260231e+01) (6.434306e-04 2.878995e-04 7.302063e-02)) ((4.151913e-03 -3.384853e-01 -9.959015e-03) (-4.496178e-05 -8.842197e-04 -3.862931e-04))
1.56          	((-1.505256e-01 -1.318000e-02 4.281547e+01) (5.592670e-04 3.153349e-04 7.736177e-02)) ((4.134043e-03 -3.368566e-01 -1.110722e-02) (-4.488010e-05 -9.383153e-04 -4.038918e-04))
1.57          	((-1.521166e-01 -1.285772e-02 4.298914e+01) (4.696054e-04 3.415117e-04 8.163563e-02)) ((3.473279e-03 -3.344617e-01 -1.183800e-02) (-4.355358e-05 -9.919161e-04 -4.205448e-04))
1.58          	((-1.472618e-01 -1.285603e-02 4.307477e+01) (3.808623e-04 3.663524e-04 8.582099e-02)) ((3.625817e-03 -3.319807e-01 -1.199364e-02) (-4.237968e-05 -1.045826e-03 -4.344244e-04))
1.59          	((-1.367200e-01 -1.477905e-02 4.312591e+01) (2.899162e-04 3.961672e-04 8.990050e-02)) ((4.542386e-03 -3.278913e-01 -1.220181e-02) (-4.108224e-05 -1.100361e-03 -4.466815e-04))
1.6           	((-1.251464e-01 -1.482546e-02 4.313013e+01) (1.991165e-04 4.229071e-04 9.386840e-02)) ((5.136002e-03 -3.240219e-01 -1.132451e-02) (-3.949399e-05 -1.155199e-03 -4.576788e-04))
1.61          	((-1.144281e-01 -1.420085e-02 4.307004e+01) (9.957887e-05 4.547194e-04 9.770176e-02)) ((4.686578e-03 -3.193492e-01 -1.041203e-02) (-3.970228e-05 -1.209321e-03 -4.675981e-04))
1.62          	((-1.032718e-01 -1.361916e-02 4.294845e+01) (-3.709526e-06 4.935218e-04 1.013849e-01)) ((4.418612e-03 -3.136991e-01 -8.584047e-03) (-3.810290e-05 -1.263578e-03 -4.762248e-04))
1.63          	((-9.717604e-02 -1.094642e-02 4.275340e+01) (-1.120338e-04 5.376829e-04 1.048693e-01)) ((4.558917e-03 -3.081520e-01 -6.748123e-03) (-3.452116e-05 -1.319830e-03 -4.833984e-04))
1.64          	((-8.819228e-02 -1.549845e-02 4.248778e+01) (-2.248580e-04 5.793146e-04 1.081408e-01)) ((4.611446e-03 -3.019179e-01 -4.623634e-03) (-2.792534e-05 -1.375243e-03 -4.875172e-04))
1.65          	((-7.832443e-02 -1.399275e-02 4.214430e+01) (-3.410125e-04 6.167963e-04 1.111765e-01)) ((3.487031e-03 -2.946206e-01 -2.322965e-03) (-2.004659e-05 -1.431695e-03 -4.893619e-04))
1.66          	((-7.240585e-02 -1.117326e-02 4.172414e+01) (-4.581956e-04 6.554669e-04 1.139591e-01)) ((2.435904e-03 -2.863738e-01 -5.876160e-04) (-1.096497e-05 -1.487954e-03 -4.899184e-04))
1.67          	((-6.550504e-02 -1.472250e-02 4.122599e+01) (-5.779279e-04 6.962061e-04 1.164823e-01)) ((2.204591e-03 -2.781963e-01 8.731042e-04) (-5.159437e-07 -1.543183e-03 -4.886211e-04))
1.68          	((-6.124548e-02 -1.067544e-02 4.064591e+01) (-6.921068e-04 7.384197e-04 1.187392e-01)) ((1.096228e-03 -2.702501e-01 1.748001e-03) (8.590337e-06 -1.598698e-03 -4.856973e-04))
1.69          	((-5.640048e-02 -1.055747e-02 3.997343e+01) (-8.080904e-04 7.738112e-04 1.207102e-01)) ((-1.461511e-04 -2.612941e-01 1.604515e-03) (1.863813e-05 -1.653524e-03 -4.820152e-04))
1.7           	((-5.169990e-02 -1.026477e-02 3.921509e+01) (-9.238395e-04 8.035441e-04 1.223956e-01)) ((-1.494651e-03 -2.523293e-01 7.507310e-04) (2.996424e-05 -1.707358e-03 -4.786145e-04))
1.71          	((-4.993517e-02 -1.169392e-02 3.836828e+01) (-1.036081e-03 8.227264e-04 1.237857e-01)) ((-2.321281e-03 -2.432550e-01 -2.263793e-04) (4.253001e-05 -1.759722e-03 -4.765796e-04))
1.72          	((-4.642494e-02 -1.103673e-02 3.743025e+01) (-1.144001e-03 8.337007e-04 1.248797e-01)) ((-3.525942e-03 -2.344170e-01 -2.167553e-03) (5.599581e-05 -1.809083e-03 -4.747747e-04))
1.73          	((-4.049794e-02 -7.933782e-03 3.640515e+01) (-1.249661e-03 8.345076e-04 1.256845e-01)) ((-4.506831e-03 -2.251976e-01 -5.151619e-03) (6.916658e-05 -1.855581e-03 -4.724535e-04))
1.74          	((-3.419685e-02 -6.446901e-03 3.527468e+01) (-1.340630e-03 8.278300e-04 1.261997e-01)) ((-5.725176e-03 -2.152859e-01 -8.193223e-03) (8.244616e-05 -1.897781e-03 -4.700199e-04))
1.75          	((-2.432191e-02 -5.133652e-03 3.405605e+01) (-1.426316e-03 8.179371e-04 1.264312e-01)) ((-6.075729e-03 -2.048875e-01 -1.204805e-02) (9.548841e-05 -1.935695e-03 -4.687423e-04))
1.76          	((-1.951157e-02 -1.139145e-03 3.275305e+01) (-1.513435e-03 8.102285e-04 1.263897e-01)) ((-7.364929e-03 -1.949507e-01 -1.636129e-02) (1.087035e-04 -1.970232e-03 -4.668072e-04))
1.77          	((-1.036283e-02 4.368163e-03 3.136865e+01) (-1.593462e-03 8.003591e-04 1.260794e-01)) ((-7.948605e-03 -1.847367e-01 -2.028722e-02) (1.203827e-04 -2.000230e-03 -4.640327e-04))
1.78          	((1.404474e-03 9.277577e-03 2.989885e+01) (-1.673362e-03 7.795419e-04 1.255030e-01)) ((-8.426834e-03 -1.743303e-01 -2.358622e-02) (1.308598e-04 -2.026492e-03 -4.608816e-04))
1.79          	((1.533773e-02 1.434578e-02 2.835314e+01) (-1.749993e-03 7.517344e-04 1.246745e-01)) ((-9.230064e-03 -1.639499e-01 -2.739699e-02) (1.393816e-04 -2.047437e-03 -4.563871e-04))
1.8           	((2.894002e-02 2.069547e-02 2.673767e+01) (-1.822150e-03 7.232591e-04 1.236023e-01)) ((-9.581346e-03 -1.531635e-01 -3.104649e-02) (1.453999e-04 -2.063831e-03 -4.504379e-04))
1.81          	((4.084510e-02 2.720918e-02 2.505143e+01) (-1.893295e-03 6.986918e-04 1.222902e-01)) ((-9.856711e-03 -1.419976e-01 -3.335711e-02) (1.490777e-04 -2.075473e-03 -4.431355e-04))
1.82          	((5.414378e-02 3.319481e-02 2.330992e+01) (-1.964763e-03 6.734258e-04 1.207467e-01)) ((-9.920495e-03 -1.301751e-01 -3.480649e-02) (1.515420e-04 -2.083463e-03 -4.340046e-04))
1.83          	((6.647557e-02 3.544851e-02 2.151508e+01) (-2.040505e-03 6.490750e-04 1.189780e-01)) ((-1.009997e-02 -1.184936e-01 -3.596863e-02) (1.535562e-04 -2.087508e-03 -4.240359e-04))
1.84          	((7.704774e-02 3.893740e-02 1.967609e+01) (-2.117343e-03 6.240196e-04 1.169953e-01)) ((-1.007954e-02 -1.060180e-01 -3.713104e-02) (1.553518e-04 -2.088040e-03 -4.124898e-04))
1.85          	((8.623523e-02 3.997722e-02 1.780157e+01) (-2.194936e-03 5.991843e-04 1.148039e-01)) ((-9.753178e-03 -9.330421e-02 -3.819718e-02) (1.565284e-04 -2.085104e-03 -3.998585e-04))
1.86          	((9.468340e-02 4.226475e-02 1.589426e+01) (-2.278850e-03 5.778741e-04 1.124121e-01)) ((-1.017834e-02 -8.031139e-02 -3.899367e-02) (1.566697e-04 -2.079510e-03 -3.851624e-04))
1.87          	((1.015347e-01 4.311305e-02 1.394998e+01) (-2.363341e-03 5.575696e-04 1.098281e-01)) ((-9.486122e-03 -6.707344e-02 -3.946574e-02) (1.562752e-04 -2.069326e-03 -3.690132e-04))
1.88          	((1.063006e-01 4.254013e-02 1.198938e+01) (-2.451127e-03 5.425091e-04 1.070627e-01)) ((-9.355643e-03 -5.297013e-02 -3.980019e-02) (1.554413e-04 -2.055604e-03 -3.523021e-04))
1.89          	((1.120188e-01 4.103424e-02 1.001268e+01) (-2.545973e-03 5.291009e-04 1.041271e-01)) ((-8.995851e-03 -3.854850e-02 -3.969342e-02) (1.552167e-04 -2.039380e-03 -3.347439e-04))
1.9           	((1.142232e-01 4.133828e-02 8.025188e+00) (-2.640462e-03 5.128673e-04 1.010288e-01)) ((-8.868119e-03 -2.406148e-02 -4.001976e-02) (1.548888e-04 -2.018995e-03 -3.167395e-04))
1.91          	((1.177582e-01 3.632632e-02 6.033667e+00) (-2.731183e-03 4.988445e-04 9.778206e-02)) ((-8.217056e-03 -9.544007e-03 -3.954318e-02) (1.540882e-04 -1.995197e-03 -2.988369e-04))
1.92          	((1.210248e-01 3.332598e-02 4.038077e+00) (-2.823118e-03 4.828056e-04 9.438881e-02)) ((-7.724291e-03 5.727793e-03 -3.858271e-02) (1.513004e-04 -1.967989e-03 -2.813377e-04))
1.93          	((1.258823e-01 2.833532e-02 2.042037e+00) (-2.909680e-03 4.651865e-04 9.085882e-02)) ((-7.232499e-03 2.111583e-02 -3.789302e-02) (1.479151e-04 -1.937514e-03 -2.645043e-04))
1.94          	((1.254239e-01 2.309215e-02 5.721222e-02) (-2.991660e-03 4.438306e-04 8.720599e-02)) ((-6.708054e-03 3.624672e-02 -3.769517e-02) (1.441096e-04 -1.904187e-03 -2.480495e-04))
1.95          	((1.230777e-01 2.322629e-02 -1.922355e+00) (-3.060924e-03 4.160129e-04 8.343413e-02)) ((-7.194848e-03 5.119712e-02 -3.693368e-02) (1.389787e-04 -1.868058e-03 -2.329724e-04))
1.96          	((1.220662e-01 1.448235e-02 -3.884514e+00) (-3.118121e-03 3.907154e-04 7.954602e-02)) ((-6.315550e-03 6.647241e-02 -3.569888e-02) (1.334091e-04 -1.828935e-03 -2.195601e-04))
1.97          	((1.193794e-01 7.884762e-03 -5.818850e+00) (-3.162054e-03 3.665959e-04 7.555830e-02)) ((-6.281378e-03 8.132373e-02 -3.484486e-02) (1.271110e-04 -1.786571e-03 -2.070239e-04))
1.98          	((1.161078e-01 4.855039e-03 -7.738409e+00) (-3.192022e-03 3.419816e-04 7.148185e-02)) ((-6.418042e-03 9.623947e-02 -3.257165e-02) (1.200927e-04 -1.741867e-03 -1.951433e-04))
1.99          	((1.129733e-01 2.358947e-03 -9.632495e+00) (-3.207601e-03 3.123340e-04 6.732314e-02)) ((-6.121786e-03 1.113607e-01 -3.110003e-02) (1.124287e-04 -1.694420e-03 -1.835397e-04))
2             	((1.101385e-01 4.958554e-05 -1.150032e+01) (-3.209194e-03 2.861867e-04 6.308647e-02)) ((-6.482481e-03 1.263286e-01 -2.938766e-02) (1.040357e-04 -1.644114e-03 -1.728126e-04))
2.01          	((1.067744e-01 2.697021e-04 -1.333438e+01) (-3.198246e-03 2.644347e-04 5.878066e-02)) ((-7.051084e-03 1.406855e-01 -2.746449e-02) (9.458178e-05 -1.591153e-03 -1.622605e-04))
2.02          	((1.018014e-01 6.120873e-04 -1.513317e+01) (-3.178164e-03 2.462243e-04 5.441332e-02)) ((-7.827222e-03 1.543013e-01 -2.530722e-02) (8.496618e-05 -1.535946e-03 -1.533571e-04))
2.03          	((9.756558e-02 3.469841e-03 -1.689321e+01) (-3.146246e-03 2.324046e-04 4.998706e-02)) ((-8.553948e-03 1.682813e-01 -2.346360e-02) (7.544574e-05 -1.478363e-03 -1.462568e-04))
2.04          	((9.259612e-02 3.838105e-03 -1.861927e+01) (-3.103235e-03 2.209238e-04 4.551140e-02)) ((-8.613136e-03 1.824742e-01 -2.186748e-02) (6.598759e-05 -1.418350e-03 -1.400948e-04))
2.05          	((8.516133e-02 9.060525e-03 -2.030796e+01) (-3.051437e-03 2.141475e-04 4.099573e-02)) ((-9.882682e-03 1.958217e-01 -1.982360e-02) (5.702793e-05 -1.356153e-03 -1.344588e-04))
2.06          	((7.899757e-02 1.329210e-02 -2.194709e+01) (-2.989858e-03 2.079800e-04 3.644426e-02)) ((-1.100088e-02 2.087180e-01 -1.776958e-02) (4.727570e-05 -1.292256e-03 -1.289877e-04))
2.07          	((7.097342e-02 1.457243e-02 -2.352838e+01) (-2.921319e-03 2.065174e-04 3.186110e-02)) ((-1.142638e-02 2.209150e-01 -1.588293e-02) (3.782678e-05 -1.227109e-03 -1.245159e-04))
2.08          	((6.466375e-02 1.930939e-02 -2.505213e+01) (-2.848056e-03 2.066288e-04 2.725380e-02)) ((-1.191625e-02 2.325325e-01 -1.395380e-02) (2.913861e-05 -1.160556e-03 -1.214548e-04))
2.09          	((5.628501e-02 2.152711e-02 -2.651680e+01) (-2.773716e-03 2.082923e-04 2.262746e-02)) ((-1.266274e-02 2.442289e-01 -1.194476e-02) (2.090079e-05 -1.093167e-03 -1.183735e-04))
2.1           	((4.478639e-02 2.798412e-02 -2.793414e+01) (-2.695983e-03 2.083907e-04 1.798948e-02)) ((-1.300107e-02 2.546318e-01 -9.996539e-03) (1.372688e-05 -1.024969e-03 -1.146542e-04))
2.11          	((3.452744e-02 3.458224e-02 -2.927656e+01) (-2.617462e-03 2.104873e-04 1.334190e-02)) ((-1.365515e-02 2.652786e-01 -7.811335e-03) (7.158815e-06 -9.564771e-04 -1.113043e-04))
2.12          	((2.316007e-02 4.097816e-02 -3.055941e+01) (-2.538055e-03 2.077432e-04 8.686693e-03)) ((-1.415922e-02 2.751471e-01 -5.859634e-03) (2.535015e-06 -8.876354e-04 -1.088092e-04))
2.13          	((1.625314e-02 4.516089e-02 -3.176601e+01) (-2.453071e-03 2.049630e-04 4.025147e-03)) ((-1.423015e-02 2.841618e-01 -4.176507e-03) (-1.940136e-06 -8.184095e-04 -1.061896e-04))
2.14          	((9.240079e-03 4.804787e-02 -3.289265e+01) (-2.368060e-03 1.973747e-04 -6.393623e-04)) ((-1.506198e-02 2.929183e-01 -2.389915e-03) (-5.217164e-06 -7.492989e-04 -1.037586e-04))
2.15          	((-2.107451e-03 5.516884e-02 -3.395144e+01) (-2.284104e-03 1.908382e-04 -5.303675e-03)) ((-1.465795e-02 2.997874e-01 3.596257e-04) (-8.507458e-06 -6.797210e-04 -1.009885e-04))
2.16          	((-1.135446e-02 6.304718e-02 -3.495676e+01) (-2.201900e-03 1.865681e-04 -9.963771e-03)) ((-1.457071e-02 3.058493e-01 1.569572e-03) (-1.074890e-05 -6.101723e-04 -9.729911e-05))
2.17          	((-1.901894e-02 6.524109e-02 -3.590090e+01) (-2.114200e-03 1.870646e-04 -1.462255e-02)) ((-1.417315e-02 3.121620e-01 3.895462e-03) (-1.253290e-05 -5.398517e-04 -9.303766e-05))
2.18          	((-2.963164e-02 7.029541e-02 -3.676647e+01) (-2.027987e-03 1.899308e-04 -1.928438e-02)) ((-1.431512e-02 3.178297e-01 5.516614e-03) (-1.379071e-05 -4.699442e-04 -8.790985e-05))
2.19          	((-3.536294e-02 7.460812e-02 -3.757114e+01) (-1.938841e-03 1.950349e-04 -2.394593e-02)) ((-1.475850e-02 3.241725e-01 7.637643e-03) (-1.453671e-05 -4.007322e-04 -8.268764e-05))
2.2           	((-3.973741e-02 8.221655e-02 -3.832873e+01) (-1.857351e-03 1.990360e-04 -2.861487e-02)) ((-1.626019e-02 3.289405e-01 9.436746e-03) (-1.527624e-05 -3.330387e-04 -7.711138e-05))
2.21          	((-4.338362e-02 8.628264e-02 -3.902924e+01) (-1.772328e-03 2.052942e-04 -3.328747e-02)) ((-1.526041e-02 3.312196e-01 1.070486e-02) (-1.518568e-05 -2.661759e-04 -7.233449e-05))
2.22          	((-5.160237e-02 8.128061e-02 -3.965738e+01) (-1.684693e-03 2.077516e-04 -3.797937e-02)) ((-1.406165e-02 3.333734e-01 1.283288e-02) (-1.289751e-05 -1.999429e-04 -6.727881e-05))
2.23          	((-5.233301e-02 8.040535e-02 -4.022683e+01) (-1.602655e-03 2.067316e-04 -4.269301e-02)) ((-1.485076e-02 3.353876e-01 1.512552e-02) (-1.049477e-05 -1.344078e-04 -6.218134e-05))
2.24          	((-4.743187e-02 8.693746e-02 -4.074906e+01) (-1.528108e-03 2.086876e-04 -4.742034e-02)) ((-1.370055e-02 3.371486e-01 1.708186e-02) (-7.889761e-06 -6.810715e-05 -5.602541e-05))
2.25          	((-4.815781e-02 8.123550e-02 -4.124085e+01) (-1.449312e-03 2.196034e-04 -5.215114e-02)) ((-1.276590e-02 3.379314e-01 1.897432e-02) (-5.979047e-06 -1.324133e-06 -4.981841e-05))
2.26          	((-5.951381e-02 8.024258e-02 -4.179673e+01) (-1.369424e-03 2.285063e-04 -5.689444e-02)) ((-1.248396e-02 3.384111e-01 2.011236e-02) (-4.982848e-06 6.630688e-05 -4.315546e-05))
2.27          	((-4.482479e-02 7.543614e-02 -4.191554e+01) (-1.283798e-03 2.379822e-04 -6.161294e-02)) ((-1.187157e-02 3.358257e-01 2.216267e-02) (-4.792847e-06 1.362910e-04 -3.611552e-05))
2.28          	((-5.102478e-02 8.142392e-02 -4.244559e+01) (-1.196811e-03 2.484536e-04 -6.633934e-02)) ((-1.131088e-02 3.362194e-01 2.391562e-02) (-4.867711e-06 2.069855e-04 -3.021672e-05))
2.29          	((-4.488878e-02 8.034371e-02 -4.269534e+01) (-1.102819e-03 2.625414e-04 -7.106461e-02)) ((-1.076518e-02 3.350728e-01 2.518666e-02) (-5.702711e-06 2.800300e-04 -2.330374e-05))
2.3           	((-4.203519e-02 7.529803e-02 -4.292834e+01) (-1.006565e-03 2.735057e-04 -7.577351e-02)) ((-9.890567e-03 3.321412e-01 2.642005e-02) (-8.377766e-06 3.548033e-04 -1.619054e-05))
2.31          	((-2.998975e-02 7.064411e-02 -4.312858e+01) (-9.065857e-04 2.840371e-04 -8.045561e-02)) ((-9.518473e-03 3.290649e-01 2.744402e-02) (-1.354507e-05 4.305437e-04 -9.544799e-06))
2.32          	((-1.885698e-02 6.416851e-02 -4.325189e+01) (-8.065181e-04 2.955281e-04 -8.508982e-02)) ((-8.803212e-03 3.258140e-01 2.811647e-02) (-2.012633e-05 5.089053e-04 -3.297480e-06))
2.33          	((-8.774130e-03 5.802707e-02 -4.331260e+01) (-7.075877e-04 3.109496e-04 -8.965688e-02)) ((-8.477938e-03 3.225840e-01 2.853319e-02) (-2.677159e-05 5.892240e-04 2.095777e-06))
2.34          	((4.275531e-03 4.905281e-02 -4.331548e+01) (-6.080734e-04 3.298483e-04 -9.413185e-02)) ((-7.500764e-03 3.193731e-01 2.834029e-02) (-3.200415e-05 6.705629e-04 6.686999e-06))
2.35          	((1.461563e-02 4.300519e-02 -4.325767e+01) (-5.103942e-04 3.435588e-04 -9.849625e-02)) ((-6.098105e-03 3.154290e-01 2.823778e-02) (-3.719426e-05 7.545754e-04 9.213563e-06))
2.36          	((2.240503e-02 3.809347e-02 -4.312551e+01) (-4.143446e-04 3.559376e-04 -1.027121e-01)) ((-5.332126e-03 3.115128e-01 2.829452e-02) (-4.154360e-05 8.406937e-04 1.048716e-05))
2.37          	((3.622683e-02 2.613058e-02 -4.294091e+01) (-3.185561e-04 3.694540e-04 -1.067676e-01)) ((-4.639709e-03 3.077296e-01 2.768239e-02) (-4.504459e-05 9.297807e-04 1.037524e-05))
2.38          	((4.959833e-02 1.287219e-02 -4.270289e+01) (-2.180966e-04 3.861823e-04 -1.106299e-01)) ((-3.655693e-03 3.035753e-01 2.680291e-02) (-4.997886e-05 1.020571e-03 7.554053e-06))
2.39          	((5.805944e-02 -5.416449e-04 -4.239646e+01) (-1.149172e-04 4.035434e-04 -1.142757e-01)) ((-2.501032e-03 2.993233e-01 2.524290e-02) (-5.508391e-05 1.111041e-03 2.144698e-06))
2.4           	((7.100162e-02 -1.256073e-02 -4.201534e+01) (-1.001920e-05 4.267714e-04 -1.176843e-01)) ((-6.180464e-04 2.945809e-01 2.336983e-02) (-6.024806e-05 1.200993e-03 -5.440718e-06))
2.41          	((8.796769e-02 -2.730457e-02 -4.155975e+01) (9.950625e-05 4.436675e-04 -1.208327e-01)) ((1.487157e-03 2.887358e-01 2.207372e-02) (-6.444542e-05 1.290148e-03 -1.603516e-05))
2.42          	((1.027700e-01 -4.266686e-02 -4.102857e+01) (2.219780e-04 4.544956e-04 -1.237064e-01)) ((3.481588e-03 2.828064e-01 2.068282e-02) (-6.812037e-05 1.377202e-03 -2.947508e-05))
2.43          	((1.155074e-01 -5.381776e-02 -4.041624e+01) (3.524325e-04 4.543364e-04 -1.262811e-01)) ((5.007298e-03 2.772413e-01 1.872329e-02) (-7.041907e-05 1.460836e-03 -4.497283e-05))
2.44          	((1.302336e-01 -6.778087e-02 -3.970378e+01) (4.952502e-04 4.511975e-04 -1.285474e-01)) ((6.936905e-03 2.709298e-01 1.661755e-02) (-7.245975e-05 1.538953e-03 -6.258483e-05))
2.45          	((1.396450e-01 -8.069850e-02 -3.890345e+01) (6.522207e-04 4.432856e-04 -1.304899e-01)) ((9.043070e-03 2.641266e-01 1.494835e-02) (-7.404520e-05 1.612837e-03 -8.128456e-05))
2.46          	((1.516428e-01 -9.333753e-02 -3.800431e+01) (8.232760e-04 4.259817e-04 -1.321118e-01)) ((1.082672e-02 2.567654e-01 1.320829e-02) (-7.464966e-05 1.682160e-03 -1.001369e-04))
2.47          	((1.624798e-01 -1.049307e-01 -3.700881e+01) (1.013190e-03 4.020222e-04 -1.334087e-01)) ((1.208989e-02 2.493746e-01 1.159308e-02) (-7.444931e-05 1.746854e-03 -1.180830e-04))
2.48          	((1.692511e-01 -1.157223e-01 -3.592268e+01) (1.210190e-03 3.752741e-04 -1.343819e-01)) ((1.311789e-02 2.415790e-01 1.054685e-02) (-7.371350e-05 1.805206e-03 -1.360855e-04))
2.49          	((1.740885e-01 -1.199912e-01 -3.474439e+01) (1.415521e-03 3.490760e-04 -1.350383e-01)) ((1.327948e-02 2.337553e-01 9.542216e-03) (-7.311936e-05 1.857318e-03 -1.542537e-04))
2.5           	((1.775588e-01 -1.255253e-01 -3.347914e+01) (1.631552e-03 3.273486e-04 -1.353774e-01)) ((1.335492e-02 2.260682e-01 8.477431e-03) (-7.207216e-05 1.902724e-03 -1.709068e-04))
2.51          	((1.797335e-01 -1.329186e-01 -3.213728e+01) (1.857188e-03 3.099912e-04 -1.354134e-01)) ((1.379783e-02 2.180890e-01 7.862128e-03) (-7.145141e-05 1.941557e-03 -1.870538e-04))
2.52          	((1.780211e-01 -1.346036e-01 -3.071325e+01) (2.082304e-03 2.990477e-04 -1.351593e-01)) ((1.433052e-02 2.100421e-01 7.080504e-03) (-7.247328e-05 1.973275e-03 -2.034367e-04))
2.53          	((1.744414e-01 -1.373280e-01 -2.922276e+01) (2.313624e-03 2.942197e-04 -1.346219e-01)) ((1.437513e-02 2.020690e-01 6.367589e-03) (-7.356484e-05 1.997748e-03 -2.190780e-04))
2.54          	((1.650000e-01 -1.349082e-01 -2.766809e+01) (2.539075e-03 2.927393e-04 -1.338065e-01)) ((1.442123e-02 1.938500e-01 6.005074e-03) (-7.391184e-05 2.014725e-03 -2.341535e-04))
2.55          	((1.568865e-01 -1.319132e-01 -2.605898e+01) (2.753313e-03 2.938708e-04 -1.327291e-01)) ((1.457868e-02 1.856386e-01 5.520849e-03) (-7.509643e-05 2.023869e-03 -2.500350e-04))
2.56          	((1.462466e-01 -1.304803e-01 -2.438714e+01) (2.953415e-03 2.947260e-04 -1.313965e-01)) ((1.437197e-02 1.773821e-01 5.563300e-03) (-7.619048e-05 2.024227e-03 -2.641583e-04))
2.57          	((1.356691e-01 -1.273885e-01 -2.266705e+01) (3.138425e-03 3.065131e-04 -1.298198e-01)) ((1.423037e-02 1.685804e-01 6.479271e-03) (-7.793877e-05 2.015884e-03 -2.771739e-04))
2.58          	((1.217914e-01 -1.233169e-01 -2.090773e+01) (3.295831e-03 3.243503e-04 -1.280134e-01)) ((1.440323e-02 1.590900e-01 7.350933e-03) (-7.991056e-05 1.999457e-03 -2.881762e-04))
2.59          	((1.107303e-01 -1.182938e-01 -1.910554e+01) (3.436755e-03 3.448425e-04 -1.259908e-01)) ((1.418093e-02 1.490214e-01 8.561894e-03) (-8.105537e-05 1.976949e-03 -2.982389e-04))
2.6           	((9.951233e-02 -1.107452e-01 -1.727216e+01) (3.553225e-03 3.652430e-04 -1.237574e-01)) ((1.381289e-02 1.384503e-01 1.004177e-02) (-8.158214e-05 1.948859e-03 -3.057946e-04))
2.61          	((8.959143e-02 -1.049943e-01 -1.540420e+01) (3.647932e-03 3.896441e-04 -1.213249e-01)) ((1.373651e-02 1.270237e-01 1.161315e-02) (-8.247297e-05 1.915226e-03 -3.112441e-04))
2.62          	((7.899764e-02 -9.932664e-02 -1.350934e+01) (3.726140e-03 4.175617e-04 -1.186964e-01)) ((1.375752e-02 1.148410e-01 1.358800e-02) (-8.298439e-05 1.876120e-03 -3.157901e-04))
2.63          	((7.186544e-02 -9.210152e-02 -1.159918e+01) (3.786474e-03 4.427349e-04 -1.158733e-01)) ((1.305892e-02 1.016309e-01 1.526906e-02) (-8.270711e-05 1.831526e-03 -3.195021e-04))
2.64          	((6.707816e-02 -8.461866e-02 -9.670615e+00) (3.831864e-03 4.597568e-04 -1.128662e-01)) ((1.233554e-02 8.843826e-02 1.726365e-02) (-8.168075e-05 1.783378e-03 -3.223938e-04))
2.65          	((5.853795e-02 -7.556802e-02 -7.725243e+00) (3.857707e-03 4.740534e-04 -1.096767e-01)) ((1.142199e-02 7.477814e-02 1.869655e-02) (-8.036553e-05 1.730651e-03 -3.245013e-04))
2.66          	((5.355833e-02 -6.901661e-02 -5.761817e+00) (3.871849e-03 4.911086e-04 -1.063154e-01)) ((1.093049e-02 6.028295e-02 2.036017e-02) (-7.838055e-05 1.674350e-03 -3.255315e-04))
2.67          	((4.699384e-02 -6.286368e-02 -3.795808e+00) (3.876118e-03 5.034346e-04 -1.027860e-01)) ((1.073748e-02 4.568847e-02 2.203260e-02) (-7.571235e-05 1.615356e-03 -3.252254e-04))
2.68          	((4.176973e-02 -5.609620e-02 -1.817933e+00) (3.871203e-03 5.097052e-04 -9.909188e-02)) ((1.036925e-02 3.095696e-02 2.356582e-02) (-7.198581e-05 1.553606e-03 -3.238715e-04))
2.69          	((3.420922e-02 -4.850811e-02 1.570105e-01) (3.856510e-03 5.151582e-04 -9.524175e-02)) ((1.003348e-02 1.606740e-02 2.436756e-02) (-6.863777e-05 1.490001e-03 -3.228024e-04))
2.7           	((2.995694e-02 -4.275226e-02 2.130951e+00) (3.836298e-03 5.159520e-04 -9.123954e-02)) ((1.000068e-02 9.369285e-04 2.489547e-02) (-6.365780e-05 1.424087e-03 -3.218891e-04))
2.71          	((2.606768e-02 -3.929582e-02 4.091140e+00) (3.806310e-03 5.178774e-04 -8.710170e-02)) ((1.043121e-02 -1.387520e-02 2.482944e-02) (-5.903920e-05 1.355974e-03 -3.217706e-04))
2.72          	((2.106476e-02 -3.507689e-02 6.042173e+00) (3.776115e-03 5.182190e-04 -8.283647e-02)) ((1.033380e-02 -2.890214e-02 2.480985e-02) (-5.490096e-05 1.287595e-03 -3.221739e-04))
2.73          	((1.682898e-02 -3.259801e-02 7.972594e+00) (3.744241e-03 5.199472e-04 -7.844798e-02)) ((1.037756e-02 -4.423633e-02 2.438724e-02) (-5.218090e-05 1.218417e-03 -3.232248e-04))
2.74          	((1.128471e-02 -3.024244e-02 9.878947e+00) (3.699619e-03 5.185925e-04 -7.395495e-02)) ((1.045742e-02 -5.914770e-02 2.376154e-02) (-4.995697e-05 1.148146e-03 -3.238884e-04))
2.75          	((5.704191e-03 -2.753261e-02 1.176314e+01) (3.648049e-03 5.131280e-04 -6.936509e-02)) ((1.032322e-02 -7.380255e-02 2.304368e-02) (-4.784981e-05 1.076570e-03 -3.251020e-04))
2.76          	((-1.696065e-03 -2.571775e-02 1.361116e+01) (3.589090e-03 5.087286e-04 -6.468969e-02)) ((1.017547e-02 -8.839311e-02 2.230942e-02) (-4.580746e-05 1.003653e-03 -3.263553e-04))
2.77          	((-5.713472e-03 -2.371626e-02 1.542890e+01) (3.518908e-03 5.047283e-04 -5.994068e-02)) ((1.007323e-02 -1.027148e-01 2.119077e-02) (-4.316250e-05 9.295254e-04 -3.270117e-04))
2.78          	((-1.004918e-02 -2.159085e-02 1.719942e+01) (3.438919e-03 4.997591e-04 -5.512885e-02)) ((9.948975e-03 -1.168934e-01 2.024525e-02) (-4.077195e-05 8.552588e-04 -3.268130e-04))
2.79          	((-1.521228e-02 -1.947531e-02 1.892986e+01) (3.350120e-03 4.945085e-04 -5.026453e-02)) ((1.021896e-02 -1.309592e-01 1.914665e-02) (-3.833484e-05 7.814829e-04 -3.255558e-04))
2.8           	((-2.099164e-02 -1.965903e-02 2.061101e+01) (3.252884e-03 4.885810e-04 -4.535279e-02)) ((1.024989e-02 -1.447813e-01 1.785633e-02) (-3.493897e-05 7.077281e-04 -3.229435e-04))
2.81          	((-2.406172e-02 -1.466441e-02 2.223252e+01) (3.147409e-03 4.774799e-04 -4.040392e-02)) ((1.019327e-02 -1.584645e-01 1.728048e-02) (-3.115347e-05 6.337386e-04 -3.196939e-04))
2.82          	((-2.719145e-02 -1.322880e-02 2.379867e+01) (3.034143e-03 4.641304e-04 -3.542447e-02)) ((1.056001e-02 -1.721231e-01 1.629576e-02) (-2.755283e-05 5.600498e-04 -3.157123e-04))
2.83          	((-2.943044e-02 -8.571385e-03 2.530504e+01) (2.916463e-03 4.501957e-04 -3.042562e-02)) ((9.797456e-03 -1.852239e-01 1.522142e-02) (-2.374043e-05 4.866422e-04 -3.096708e-04))
2.84          	((-3.233057e-02 -8.154684e-03 2.674116e+01) (2.788934e-03 4.376548e-04 -2.541625e-02)) ((9.072668e-03 -1.971482e-01 1.437194e-02) (-1.984114e-05 4.137153e-04 -3.028922e-04))
2.85          	((-3.614130e-02 -9.952103e-03 2.811671e+01) (2.656487e-03 4.283846e-04 -2.040173e-02)) ((8.936119e-03 -2.084303e-01 1.358119e-02) (-1.452780e-05 3.411100e-04 -2.959450e-04))
2.86          	((-3.973413e-02 -6.499989e-03 2.942563e+01) (2.516196e-03 4.155462e-04 -1.538503e-02)) ((8.378686e-03 -2.198035e-01 1.286836e-02) (-8.806562e-06 2.676778e-04 -2.889360e-04))
2.87          	((-4.297627e-02 -8.482964e-03 3.066117e+01) (2.368817e-03 4.008084e-04 -1.037271e-02)) ((8.280276e-03 -2.303358e-01 1.268973e-02) (-4.095230e-06 1.943802e-04 -2.820843e-04))
2.88          	((-4.820395e-02 -9.062192e-03 3.183231e+01) (2.219885e-03 3.857335e-04 -5.372353e-03)) ((8.670248e-03 -2.413004e-01 1.191674e-02) (-3.117203e-07 1.210764e-04 -2.753536e-04))
2.89          	((-5.305604e-02 -1.118832e-02 3.292991e+01) (2.067706e-03 3.693714e-04 -3.899593e-04)) ((8.441953e-03 -2.512325e-01 1.157783e-02) (2.757263e-06 4.808369e-05 -2.684859e-04))
2.9           	((-5.831278e-02 -1.198475e-02 3.395835e+01) (1.912850e-03 3.530336e-04 4.580298e-03)) ((8.280008e-03 -2.606324e-01 1.114214e-02) (5.399099e-06 -2.394708e-05 -2.613945e-04))
2.91          	((-6.410629e-02 -1.351307e-02 3.491784e+01) (1.758867e-03 3.380358e-04 9.526307e-03)) ((8.671760e-03 -2.693191e-01 1.105810e-02) (6.861118e-06 -9.465299e-05 -2.561019e-04))
2.92          	((-7.125622e-02 -1.128877e-02 3.581279e+01) (1.604076e-03 3.231648e-04 1.445003e-02)) ((8.520896e-03 -2.777801e-01 1.056016e-02) (7.820708e-06 -1.633367e-04 -2.522329e-04))
2.93          	((-7.873082e-02 -1.380401e-02 3.665049e+01) (1.448720e-03 3.089385e-04 1.934935e-02)) ((7.895552e-03 -2.859532e-01 1.031701e-02) (8.303246e-06 -2.300080e-04 -2.503979e-04))
2.94          	((-8.170990e-02 -1.380965e-02 3.740267e+01) (1.295021e-03 2.938538e-04 2.422913e-02)) ((6.090259e-03 -2.926541e-01 1.035835e-02) (8.532855e-06 -2.957342e-04 -2.505222e-04))
2.95          	((-9.004472e-02 -9.093845e-03 3.809224e+01) (1.143733e-03 2.816539e-04 2.908266e-02)) ((6.124673e-03 -2.989278e-01 1.013634e-02) (8.651530e-06 -3.601099e-04 -2.515090e-04))
2.96          	((-9.897420e-02 -1.240964e-02 3.874509e+01) (9.949913e-04 2.748695e-04 3.390809e-02)) ((7.118311e-03 -3.041305e-01 8.997576e-03) (8.558803e-06 -4.228974e-04 -2.562816e-04))
2.97          	((-1.119842e-01 -1.115330e-02 3.934144e+01) (8.477916e-04 2.661080e-04 3.870923e-02)) ((6.699989e-03 -3.092162e-01 8.887751e-03) (7.602166e-06 -4.840297e-04 -2.633687e-04))
2.98          	((-1.188944e-01 -1.307556e-02 3.987084e+01) (6.994857e-04 2.567807e-04 4.348338e-02)) ((6.780414e-03 -3.139897e-01 8.727404e-03) (5.390164e-06 -5.433819e-04 -2.721261e-04))
2.99          	((-1.273371e-01 -1.107448e-02 4.036038e+01) (5.497862e-04 2.537741e-04 4.823452e-02)) ((5.190417e-03 -3.187820e-01 8.599039e-03) (3.770948e-06 -6.012616e-04 -2.832898e-04))
3             	((-1.358975e-01 -1.276967e-02 4.074968e+01) (4.006777e-04 2.543512e-04 5.296449e-02)) ((4.387483e-03 -3.207058e-01 8.102540e-03) (1.499342e-06 -6.574278e-04 -2.963169e-04))
3.01          	((-1.515334e-01 -1.261953e-02 4.132806e+01) (2.579540e-04 2.595921e-04 5.767949e-02)) ((5.906637e-03 -3.244798e-01 5.781539e-03) (-7.698627e-07 -7.128301e-04 -3.115587e-04))
3.02          	((-1.505331e-01 -1.614606e-02 4.154472e+01) (1.267571e-04 2.693476e-04 6.234759e-02)) ((6.318841e-03 -3.255015e-01 5.218551e-03) (-3.083365e-06 -7.662207e-04 -3.272973e-04))
3.03          	((-1.470545e-01 -9.127304e-03 4.209899e+01) (2.144218e-06 2.843008e-04 6.699287e-02)) ((5.622811e-03 -3.289527e-01 5.438112e-03) (-4.405965e-06 -8.181805e-04 -3.427643e-04))
3.04          	((-1.518984e-01 -7.846111e-03 4.238339e+01) (-1.235502e-04 3.051986e-04 7.159556e-02)) ((5.208138e-03 -3.302864e-01 4.217678e-03) (-6.830293e-06 -8.687270e-04 -3.571217e-04))
3.05          	((-1.534276e-01 -3.062272e-03 4.261815e+01) (-2.506053e-04 3.256923e-04 7.614426e-02)) ((4.674035e-03 -3.308678e-01 3.441972e-03) (-1.046726e-05 -9.190562e-04 -3.708191e-04))
3.06          	((-1.548540e-01 -3.547013e-03 4.281618e+01) (-3.730166e-04 3.478688e-04 8.062183e-02)) ((4.211651e-03 -3.302776e-01 3.176058e-03) (-1.358852e-05 -9.688834e-04 -3.826008e-04))
3.07          	((-1.497175e-01 -2.940691e-03 4.295807e+01) (-4.954138e-04 3.716076e-04 8.502098e-02)) ((4.724283e-03 -3.290458e-01 2.123855e-03) (-1.462830e-05 -1.017979e-03 -3.933423e-04))
3.08          	((-1.420561e-01 -3.254048e-03 4.304707e+01) (-6.214649e-04 3.903344e-04 8.931478e-02)) ((4.705248e-03 -3.272410e-01 2.051962e-03) (-1.703246e-05 -1.067689e-03 -4.018349e-04))
3.09          	((-1.363493e-01 2.252976e-03 4.307547e+01) (-7.452907e-04 4.120488e-04 9.349059e-02)) ((4.848488e-03 -3.243883e-01 1.815126e-03) (-1.943296e-05 -1.116917e-03 -4.084303e-04))
3.1           	((-1.316000e-01 4.383656e-03 4.305399e+01) (-8.680126e-04 4.379398e-04 9.752848e-02)) ((5.460562e-03 -3.216234e-01 2.320296e-03) (-2.198732e-05 -1.166066e-03 -4.134120e-04))
3.11          	((-1.278383e-01 7.707758e-03 4.297395e+01) (-9.985878e-04 4.606398e-04 1.014190e-01)) ((5.241617e-03 -3.181261e-01 2.650307e-03) (-2.143611e-05 -1.215181e-03 -4.160147e-04))
3.12          	((-1.195349e-01 9.974644e-03 4.282007e+01) (-1.126916e-03 4.856091e-04 1.051277e-01)) ((5.468305e-03 -3.143619e-01 2.996170e-03) (-1.985155e-05 -1.264559e-03 -4.169451e-04))
3.13          	((-1.106021e-01 1.319919e-02 4.259925e+01) (-1.250442e-03 5.084093e-04 1.086396e-01)) ((5.132748e-03 -3.096058e-01 4.081630e-03) (-1.422958e-05 -1.314039e-03 -4.158942e-04))
3.14          	((-1.066066e-01 1.526028e-02 4.230678e+01) (-1.369335e-03 5.264998e-04 1.119271e-01)) ((4.911706e-03 -3.045274e-01 4.772820e-03) (-5.532247e-06 -1.362589e-03 -4.121576e-04))
3.15          	((-1.023788e-01 2.160627e-02 4.192716e+01) (-1.482322e-03 5.421417e-04 1.149729e-01)) ((3.265687e-03 -2.983109e-01 5.723050e-03) (5.114381e-06 -1.411046e-03 -4.052826e-04))
3.16          	((-9.976618e-02 2.295582e-02 4.147517e+01) (-1.588990e-03 5.550678e-04 1.177657e-01)) ((2.149762e-03 -2.914272e-01 6.972809e-03) (1.724259e-05 -1.458854e-03 -3.956061e-04))
3.17          	((-9.689465e-02 2.499917e-02 4.094639e+01) (-1.688656e-03 5.634465e-04 1.202999e-01)) ((5.216594e-04 -2.840431e-01 8.271243e-03) (3.013120e-05 -1.505991e-03 -3.829055e-04))
3.18          	((-9.648328e-02 2.586445e-02 4.033448e+01) (-1.778158e-03 5.671407e-04 1.225643e-01)) ((-2.750947e-04 -2.757733e-01 9.163329e-03) (4.328885e-05 -1.553196e-03 -3.687320e-04))
3.19          	((-9.736150e-02 2.280211e-02 3.962917e+01) (-1.876625e-03 5.631800e-04 1.245482e-01)) ((-1.271242e-03 -2.668229e-01 8.862587e-03) (5.843523e-05 -1.600261e-03 -3.531173e-04))
3.2           	((-1.001586e-01 2.376444e-02 3.883933e+01) (-1.973221e-03 5.553710e-04 1.262414e-01)) ((-2.673549e-03 -2.575142e-01 8.030267e-03) (7.490710e-05 -1.646384e-03 -3.374943e-04))
3.21          	((-1.048497e-01 2.405608e-02 3.795627e+01) (-2.060777e-03 5.413374e-04 1.276403e-01)) ((-3.277564e-03 -2.473499e-01 7.373809e-03) (9.138968e-05 -1.691738e-03 -3.222947e-04))
3.22          	((-1.101801e-01 2.566938e-02 3.699292e+01) (-2.141337e-03 5.188766e-04 1.287405e-01)) ((-3.835065e-03 -2.377297e-01 5.705566e-03) (1.079188e-04 -1.736819e-03 -3.078735e-04))
3.23          	((-1.150036e-01 2.497356e-02 3.593686e+01) (-2.217744e-03 4.864306e-04 1.295373e-01)) ((-3.628750e-03 -2.277023e-01 3.754616e-03) (1.234935e-04 -1.780824e-03 -2.953321e-04))
3.24          	((-1.140436e-01 2.601176e-02 3.479505e+01) (-2.289503e-03 4.497138e-04 1.300336e-01)) ((-3.807864e-03 -2.174537e-01 1.936949e-03) (1.370490e-04 -1.823889e-03 -2.849283e-04))
3.25          	((-1.107289e-01 2.958056e-02 3.356536e+01) (-2.347950e-03 4.156772e-04 1.302325e-01)) ((-4.096276e-03 -2.065821e-01 -5.205687e-04) (1.485497e-04 -1.864000e-03 -2.764550e-04))
3.26          	((-1.067101e-01 3.009636e-02 3.225469e+01) (-2.411108e-03 3.858115e-04 1.301413e-01)) ((-4.773991e-03 -1.959513e-01 -3.346849e-03) (1.575141e-04 -1.902277e-03 -2.692778e-04))
3.27          	((-9.937798e-02 3.149960e-02 3.086967e+01) (-2.466334e-03 3.595960e-04 1.297632e-01)) ((-5.134567e-03 -1.855572e-01 -6.180113e-03) (1.651743e-04 -1.937394e-03 -2.619757e-04))
3.28          	((-8.760688e-02 3.358946e-02 2.940581e+01) (-2.515172e-03 3.427705e-04 1.291039e-01)) ((-5.438328e-03 -1.754975e-01 -8.382674e-03) (1.707110e-04 -1.968640e-03 -2.544701e-04))
3.29          	((-7.306873e-02 3.205185e-02 2.786864e+01) (-2.569295e-03 3.307888e-04 1.281784e-01)) ((-5.688421e-03 -1.649003e-01 -1.110020e-02) (1.742085e-04 -1.995907e-03 -2.462821e-04))
3.3           	((-5.894367e-02 3.426646e-02 2.626472e+01) (-2.628552e-03 3.300881e-04 1.269868e-01)) ((-6.595476e-03 -1.546726e-01 -1.327266e-02) (1.754627e-04 -2.018625e-03 -2.373743e-04))
3.31          	((-4.272644e-02 3.576054e-02 2.459565e+01) (-2.695222e-03 3.399325e-04 1.255476e-01)) ((-6.558209e-03 -1.440018e-01 -1.540790e-02) (1.750466e-04 -2.037526e-03 -2.274991e-04))
3.32          	((-3.027143e-02 3.720816e-02 2.287694e+01) (-2.766547e-03 3.598981e-04 1.238711e-01)) ((-6.583780e-03 -1.334815e-01 -1.671037e-02) (1.727395e-04 -2.051383e-03 -2.165069e-04))
3.33          	((-1.737053e-02 3.952009e-02 2.109910e+01) (-2.840807e-03 3.870804e-04 1.219655e-01)) ((-7.018377e-03 -1.225026e-01 -1.788797e-02) (1.693404e-04 -2.060596e-03 -2.054827e-04))
3.34          	((-5.531473e-03 3.926275e-02 1.927634e+01) (-2.916445e-03 4.180909e-04 1.198387e-01)) ((-7.523012e-03 -1.112903e-01 -1.839563e-02) (1.659424e-04 -2.065066e-03 -1.941582e-04))
3.35          	((7.076049e-03 4.017610e-02 1.741469e+01) (-2.995314e-03 4.461600e-04 1.175032e-01)) ((-7.664178e-03 -9.960358e-02 -1.944712e-02) (1.625334e-04 -2.063706e-03 -1.827188e-04))
3.36          	((1.412811e-02 3.897723e-02 1.552282e+01) (-3.083997e-03 4.734012e-04 1.149654e-01)) ((-7.638833e-03 -8.796480e-02 -2.047201e-02) (1.597954e-04 -2.057886e-03 -1.711415e-04))
3.37          	((2.207274e-02 3.480218e-02 1.360071e+01) (-3.173770e-03 5.010374e-04 1.122283e-01)) ((-7.058723e-03 -7.549604e-02 -2.104031e-02) (1.570727e-04 -2.046666e-03 -1.608938e-04))
3.38          	((2.857176e-02 3.458725e-02 1.165880e+01) (-3.269547e-03 5.292774e-04 1.093052e-01)) ((-7.007506e-03 -6.291226e-02 -2.131490e-02) (1.544639e-04 -2.030992e-03 -1.502436e-04))
3.39          	((3.239771e-02 3.153961e-02 9.696660e+00) (-3.371102e-03 5.567284e-04 1.062089e-01)) ((-7.011110e-03 -4.946493e-02 -2.162001e-02) (1.528723e-04 -2.010750e-03 -1.395654e-04))
3.4           	((3.990328e-02 2.921473e-02 7.725655e+00) (-3.470983e-03 5.845619e-04 1.029411e-01)) ((-6.608671e-03 -3.541763e-02 -2.141824e-02) (1.518418e-04 -1.986017e-03 -1.285825e-04))
3.41          	((4.284094e-02 2.381687e-02 5.743770e+00) (-3.567312e-03 6.110250e-04 9.951590e-02)) ((-6.155784e-03 -2.120113e-02 -2.117868e-02) (1.506120e-04 -1.956961e-03 -1.179140e-04))
3.42          	((4.352980e-02 2.088705e-02 3.761445e+00) (-3.661503e-03 6.318557e-04 9.594532e-02)) ((-6.375498e-03 -6.491835e-03 -2.176526e-02) (1.496968e-04 -1.923788e-03 -1.069616e-04))
3.43          	((4.513416e-02 1.657008e-02 1.782219e+00) (-3.747338e-03 6.485040e-04 9.223694e-02)) ((-6.142851e-03 8.670068e-03 -2.257452e-02) (1.485598e-04 -1.888022e-03 -9.607544e-05))
3.44          	((4.754720e-02 1.272160e-02 -1.971634e-01) (-3.822018e-03 6.618593e-04 8.840117e-02)) ((-6.002931e-03 2.402312e-02 -2.272494e-02) (1.461346e-04 -1.849055e-03 -8.554166e-05))
3.45          	((4.772398e-02 6.318999e-03 -2.163030e+00) (-3.889562e-03 6.691877e-04 8.445398e-02)) ((-5.745657e-03 3.971890e-02 -2.243925e-02) (1.428391e-04 -1.807176e-03 -7.590356e-05))
3.46          	((4.702736e-02 3.267684e-03 -4.113118e+00) (-3.941983e-03 6.690113e-04 8.040113e-02)) ((-5.959526e-03 5.521529e-02 -2.232107e-02) (1.387420e-04 -1.761638e-03 -6.671283e-05))
3.47          	((4.691030e-02 -1.688503e-03 -6.046804e+00) (-3.981146e-03 6.655151e-04 7.624781e-02)) ((-6.028435e-03 7.082861e-02 -2.194277e-02) (1.338983e-04 -1.712603e-03 -5.768000e-05))
3.48          	((4.541573e-02 -5.389543e-03 -7.959686e+00) (-4.004913e-03 6.553718e-04 7.200818e-02)) ((-5.890062e-03 8.660441e-02 -2.143933e-02) (1.280221e-04 -1.660755e-03 -4.904356e-05))
3.49          	((4.379784e-02 -8.787518e-03 -9.849915e+00) (-4.013493e-03 6.430833e-04 6.768849e-02)) ((-5.647226e-03 1.016370e-01 -2.037481e-02) (1.213322e-04 -1.606128e-03 -4.075590e-05))
3.5           	((4.102938e-02 -1.376559e-02 -1.171812e+01) (-4.005274e-03 6.296574e-04 6.329489e-02)) ((-5.395109e-03 1.168366e-01 -1.919624e-02) (1.145166e-04 -1.548187e-03 -3.443811e-05))
3.51          	((3.827122e-02 -1.648944e-02 -1.355691e+01) (-3.982556e-03 6.180233e-04 5.883357e-02)) ((-5.243937e-03 1.320407e-01 -1.794972e-02) (1.069823e-04 -1.487478e-03 -2.931538e-05))
3.52          	((3.577228e-02 -1.385618e-02 -1.534958e+01) (-3.949286e-03 6.065575e-04 5.431178e-02)) ((-5.796615e-03 1.466672e-01 -1.711899e-02) (9.897943e-05 -1.425108e-03 -2.489854e-05))
3.53          	((3.270414e-02 -1.317714e-02 -1.711132e+01) (-3.905754e-03 5.945504e-04 4.973806e-02)) ((-5.839327e-03 1.608751e-01 -1.593934e-02) (9.098892e-05 -1.360847e-03 -2.157195e-05))
3.54          	((2.729221e-02 -1.129289e-02 -1.882709e+01) (-3.851960e-03 5.854727e-04 4.512138e-02)) ((-5.874299e-03 1.754415e-01 -1.447312e-02) (8.291684e-05 -1.294870e-03 -2.019552e-05))
3.55          	((2.244679e-02 -1.241913e-02 -2.049582e+01) (-3.787913e-03 5.777852e-04 4.046675e-02)) ((-6.131400e-03 1.895401e-01 -1.307955e-02) (7.603369e-05 -1.227919e-03 -1.982931e-05))
3.56          	((1.699823e-02 -8.950132e-03 -2.212300e+01) (-3.718329e-03 5.700452e-04 3.577366e-02)) ((-6.737591e-03 2.034495e-01 -1.191061e-02) (6.866470e-05 -1.161306e-03 -1.920288e-05))
3.57          	((1.044714e-02 -5.794320e-03 -2.369643e+01) (-3.645295e-03 5.643386e-04 3.105209e-02)) ((-7.232101e-03 2.159671e-01 -1.033168e-02) (6.176554e-05 -1.095044e-03 -1.948610e-05))
3.58          	((5.009089e-03 1.300764e-03 -2.520897e+01) (-3.564931e-03 5.533719e-04 2.630991e-02)) ((-7.815717e-03 2.285463e-01 -9.166095e-03) (5.569038e-05 -1.029146e-03 -1.959412e-05))
3.59          	((-2.218210e-03 1.028103e-02 -2.666582e+01) (-3.474458e-03 5.392909e-04 2.155191e-02)) ((-9.026947e-03 2.404912e-01 -7.720831e-03) (5.005785e-05 -9.634533e-04 -1.936598e-05))
3.6           	((-9.525728e-03 1.704662e-02 -2.806284e+01) (-3.379828e-03 5.221282e-04 1.678426e-02)) ((-9.759343e-03 2.526966e-01 -6.057299e-03) (4.503860e-05 -8.976885e-04 -1.930524e-05))
3.61          	((-1.776349e-02 1.585377e-02 -2.939211e+01) (-3.280329e-03 5.010569e-04 1.201354e-02)) ((-1.041353e-02 2.632867e-01 -4.383002e-03) (4.109433e-05 -8.324692e-04 -1.821996e-05))
3.62          	((-2.814457e-02 2.429991e-02 -3.065874e+01) (-3.172779e-03 4.747995e-04 7.243509e-03)) ((-1.114971e-02 2.734008e-01 -2.880501e-03) (3.849954e-05 -7.678335e-04 -1.686099e-05))
3.63          	((-3.475309e-02 2.672849e-02 -3.185284e+01) (-3.063914e-03 4.488719e-04 2.479307e-03)) ((-1.172712e-02 2.832793e-01 -1.788626e-03) (3.586560e-05 -7.039928e-04 -1.512360e-05))
3.64          	((-4.109642e-02 2.857495e-02 -3.297214e+01) (-2.953433e-03 4.219683e-04 -2.272500e-03)) ((-1.195230e-02 2.923536e-01 -4.158776e-04) (3.333386e-05 -6.409085e-04 -1.268726e-05))
3.65          	((-4.652701e-02 3.771762e-02 -3.401744e+01) (-2.837170e-03 3.909401e-04 -7.018472e-03)) ((-1.220144e-02 3.004142e-01 1.046492e-03) (3.175791e-05 -5.786729e-04 -8.845247e-06))
3.66          	((-5.423396e-02 4.360771e-02 -3.500066e+01) (-2.716076e-03 3.584162e-04 -1.175993e-02)) ((-1.267070e-02 3.077552e-01 2.437443e-03) (3.047908e-05 -5.161556e-04 -3.378035e-06))
3.67          	((-6.135543e-02 5.192115e-02 -3.592977e+01) (-2.596307e-03 3.287871e-04 -1.649767e-02)) ((-1.213013e-02 3.149092e-01 3.597577e-03) (2.942138e-05 -4.540913e-04 2.837513e-06))
3.68          	((-6.831434e-02 5.530645e-02 -3.677395e+01) (-2.477696e-03 3.038277e-04 -2.123273e-02)) ((-1.270507e-02 3.211387e-01 5.142586e-03) (2.765100e-05 -3.926551e-04 9.799735e-06))
3.69          	((-7.194668e-02 5.586248e-02 -3.756963e+01) (-2.358727e-03 2.810998e-04 -2.596904e-02)) ((-1.331733e-02 3.270100e-01 6.287187e-03) (2.624412e-05 -3.320869e-04 1.729677e-05))
3.7           	((-7.844814e-02 5.776011e-02 -3.830525e+01) (-2.237950e-03 2.596916e-04 -3.070543e-02)) ((-1.399950e-02 3.318322e-01 7.559552e-03) (2.485358e-05 -2.720455e-04 2.448308e-05))
3.71          	((-8.972046e-02 6.354762e-02 -3.897123e+01) (-2.116483e-03 2.340638e-04 -3.544682e-02)) ((-1.416934e-02 3.353348e-01 8.595994e-03) (2.412866e-05 -2.134650e-04 3.135050e-05))
3.72          	((-9.016922e-02 6.160956e-02 -3.959019e+01) (-1.998872e-03 2.056720e-04 -4.020207e-02)) ((-1.425654e-02 3.387456e-01 1.012916e-02) (2.337805e-05 -1.554145e-04 3.790680e-05))
3.73          	((-8.978416e-02 6.319745e-02 -4.013874e+01) (-1.887336e-03 1.754328e-04 -4.497446e-02)) ((-1.389336e-02 3.406655e-01 1.179762e-02) (2.369892e-05 -9.691950e-05 4.461941e-05))
3.74          	((-9.065698e-02 6.129527e-02 -4.064393e+01) (-1.775153e-03 1.394733e-04 -4.976459e-02)) ((-1.387131e-02 3.407695e-01 1.291045e-02) (2.465825e-05 -3.712647e-05 5.170015e-05))
3.75          	((-8.813288e-02 6.051917e-02 -4.111456e+01) (-1.663144e-03 1.030100e-04 -5.456384e-02)) ((-1.319006e-02 3.413005e-01 1.448445e-02) (2.576154e-05 2.359201e-05 5.862442e-05))
3.76          	((-9.355597e-02 6.645644e-02 -4.161528e+01) (-1.557646e-03 6.715630e-05 -5.936566e-02)) ((-1.276621e-02 3.418153e-01 1.505264e-02) (2.628485e-05 8.482222e-05 6.642905e-05))
3.77          	((-7.928454e-02 6.165681e-02 -4.175007e+01) (-1.455154e-03 3.669895e-05 -6.414666e-02)) ((-1.219156e-02 3.388854e-01 1.568218e-02) (2.672886e-05 1.473331e-04 7.318710e-05))
3.78          	((-8.344505e-02 6.388396e-02 -4.224747e+01) (-1.357492e-03 6.899736e-06 -6.893816e-02)) ((-1.108007e-02 3.388314e-01 1.675545e-02) (2.632507e-05 2.123317e-04 7.942828e-05))
3.79          	((-7.532658e-02 6.383478e-02 -4.249675e+01) (-1.259041e-03 -1.683902e-05 -7.372721e-02)) ((-1.172025e-02 3.379501e-01 1.709593e-02) (2.555787e-05 2.808834e-04 8.571155e-05))
3.8           	((-6.853496e-02 6.101759e-02 -4.271211e+01) (-1.161000e-03 -3.720562e-05 -7.849717e-02)) ((-1.122714e-02 3.350610e-01 1.788642e-02) (2.237368e-05 3.534627e-04 9.155958e-05))
3.81          	((-5.859137e-02 5.770166e-02 -4.287564e+01) (-1.065185e-03 -5.550112e-05 -8.322540e-02)) ((-1.056989e-02 3.311451e-01 1.775701e-02) (1.687493e-05 4.295415e-04 9.722938e-05))
3.82          	((-4.736563e-02 5.688363e-02 -4.297545e+01) (-9.718372e-04 -6.921188e-05 -8.789901e-02)) ((-1.053578e-02 3.273595e-01 1.791840e-02) (9.831329e-06 5.088555e-04 1.021088e-04))
3.83          	((-3.471910e-02 5.139799e-02 -4.301562e+01) (-8.785309e-04 -8.116891e-05 -9.249561e-02)) ((-1.025795e-02 3.237810e-01 1.726864e-02) (1.999631e-06 5.918356e-04 1.051343e-04))
3.84          	((-2.145709e-02 4.564101e-02 -4.300203e+01) (-7.773739e-04 -8.849247e-05 -9.699362e-02)) ((-9.852458e-03 3.202645e-01 1.652645e-02) (-6.399830e-06 6.773508e-04 1.075849e-04))
3.85          	((-6.170754e-03 3.998214e-02 -4.295123e+01) (-6.727104e-04 -9.145463e-05 -1.013685e-01)) ((-9.412041e-03 3.168297e-01 1.504948e-02) (-1.450089e-05 7.663078e-04 1.094044e-04))
3.86          	((5.479541e-03 3.074330e-02 -4.283109e+01) (-5.644282e-04 -8.936058e-05 -1.055851e-01)) ((-7.923856e-03 3.125884e-01 1.393547e-02) (-1.943239e-05 8.581263e-04 1.089317e-04))
3.87          	((2.075155e-02 2.280471e-02 -4.265066e+01) (-4.499269e-04 -7.677279e-05 -1.096326e-01)) ((-6.458378e-03 3.086572e-01 1.233453e-02) (-2.339094e-05 9.526411e-04 1.060761e-04))
3.88          	((3.529995e-02 1.297238e-02 -4.241748e+01) (-3.240149e-04 -5.886877e-05 -1.134798e-01)) ((-5.514573e-03 3.047026e-01 1.016369e-02) (-2.743402e-05 1.048325e-03 9.990687e-05))
3.89          	((4.730524e-02 3.659495e-04 -4.210974e+01) (-1.850856e-04 -3.737296e-05 -1.171073e-01)) ((-4.575553e-03 3.002956e-01 7.589511e-03) (-3.123619e-05 1.145382e-03 9.246344e-05))
3.9           	((6.211975e-02 -1.383342e-02 -4.173894e+01) (-3.746375e-05 -1.063708e-05 -1.204926e-01)) ((-3.019224e-03 2.954803e-01 5.005888e-03) (-3.320192e-05 1.241576e-03 8.376034e-05))
3.91          	((7.698430e-02 -2.494104e-02 -4.128738e+01) (1.193287e-04 1.990838e-05 -1.236124e-01)) ((-2.031107e-03 2.901747e-01 3.065639e-03) (-3.315792e-05 1.335523e-03 7.393368e-05))
3.92          	((9.140219e-02 -3.469239e-02 -4.076364e+01) (2.846611e-04 4.707757e-05 -1.264640e-01)) ((-1.777434e-04 2.846903e-01 1.423778e-03) (-3.194398e-05 1.426923e-03 6.430971e-05))
3.93          	((1.059502e-01 -4.860356e-02 -4.015720e+01) (4.559189e-04 6.185383e-05 -1.290259e-01)) ((2.131462e-03 2.788485e-01 -2.283474e-04) (-2.869932e-05 1.515189e-03 5.442390e-05))
3.94          	((1.235350e-01 -6.322912e-02 -3.947031e+01) (6.332133e-04 7.004297e-05 -1.312888e-01)) ((4.161214e-03 2.728424e-01 -1.509469e-03) (-2.383542e-05 1.597886e-03 4.537345e-05))
3.95          	((1.396116e-01 -7.552913e-02 -3.869329e+01) (8.150810e-04 7.181027e-05 -1.332375e-01)) ((5.904579e-03 2.666058e-01 -2.406753e-03) (-1.877559e-05 1.675203e-03 3.811086e-05))
3.96          	((1.539341e-01 -8.719751e-02 -3.782701e+01) (1.005312e-03 6.705816e-05 -1.348724e-01)) ((8.323713e-03 2.604658e-01 -3.228359e-03) (-1.371807e-05 1.747121e-03 3.324581e-05))
3.97          	((1.639463e-01 -9.562913e-02 -3.686646e+01) (1.198746e-03 6.731428e-05 -1.361841e-01)) ((9.820457e-03 2.532148e-01 -3.932855e-03) (-8.204992e-06 1.812922e-03 3.136892e-05))
3.98          	((1.704123e-01 -1.029788e-01 -3.581843e+01) (1.391888e-03 6.890301e-05 -1.371783e-01)) ((1.222394e-02 2.460037e-01 -4.056427e-03) (-1.858208e-06 1.870503e-03 3.064649e-05))
3.99          	((1.790904e-01 -1.084278e-01 -3.468261e+01) (1.591297e-03 6.848915e-05 -1.378495e-01)) ((1.447414e-02 2.388361e-01 -4.356038e-03) (3.847352e-06 1.920358e-03 3.023061e-05))
4             	((1.824037e-01 -1.137082e-01 -3.345551e+01) (1.794227e-03 7.116190e-05 -1.382068e-01)) ((1.565049e-02 2.317390e-01 -4.301136e-03) (9.060907e-06 1.963365e-03 2.837263e-05))
4.01          	((1.835967e-01 -1.200887e-01 -3.214693e+01) (2.002019e-03 7.759686e-05 -1.382615e-01)) ((1.708357e-02 2.243303e-01 -4.355939e-03) (1.334004e-05 1.998518e-03 2.535084e-05))
4.02          	((1.797563e-01 -1.236920e-01 -3.075641e+01) (2.213038e-03 8.719281e-05 -1.380205e-01)) ((1.856754e-02 2.160565e-01 -4.117183e-03) (1.701755e-05 2.025804e-03 2.150950e-05))
4.03          	((1.768856e-01 -1.263366e-01 -2.929158e+01) (2.415761e-03 9.952946e-05 -1.374898e-01)) ((2.002380e-02 2.077712e-01 -3.547130e-03) (1.963794e-05 2.045504e-03 1.811591e-05))
4.04          	((1.704566e-01 -1.232915e-01 -2.775539e+01) (2.609114e-03 1.161423e-04 -1.366766e-01)) ((2.106192e-02 1.991183e-01 -2.577726e-03) (2.172836e-05 2.057111e-03 1.545871e-05))
4.05          	((1.600306e-01 -1.256827e-01 -2.615853e+01) (2.786234e-03 1.388850e-04 -1.355947e-01)) ((2.177725e-02 1.904503e-01 -1.803922e-03) (2.307085e-05 2.059446e-03 1.222173e-05))
4.06          	((1.500664e-01 -1.253659e-01 -2.449332e+01) (2.943734e-03 1.611265e-04 -1.342577e-01)) ((2.206251e-02 1.816337e-01 -1.739074e-03) (2.373922e-05 2.053834e-03 8.992452e-06))
4.07          	((1.383122e-01 -1.228645e-01 -2.277867e+01) (3.081675e-03 1.886392e-04 -1.326772e-01)) ((2.184153e-02 1.724636e-01 -3.490906e-04) (2.298702e-05 2.040024e-03 5.641999e-06))
4.08          	((1.268324e-01 -1.212462e-01 -2.102009e+01) (3.194811e-03 2.208934e-04 -1.308581e-01)) ((2.134858e-02 1.629065e-01 1.173349e-03) (2.136350e-05 2.018167e-03 1.591551e-06))
4.09          	((1.150866e-01 -1.190025e-01 -1.921144e+01) (3.286507e-03 2.528680e-04 -1.288106e-01)) ((2.090927e-02 1.521635e-01 3.255741e-03) (1.926468e-05 1.990096e-03 -2.633702e-06))
4.1           	((1.048721e-01 -1.155307e-01 -1.736374e+01) (3.356889e-03 2.854209e-04 -1.265440e-01)) ((2.058100e-02 1.401943e-01 5.214698e-03) (1.653363e-05 1.956350e-03 -6.739039e-06))
4.11          	((9.377224e-02 -1.089985e-01 -1.548355e+01) (3.403698e-03 3.121360e-04 -1.240681e-01)) ((1.925438e-02 1.283191e-01 6.940289e-03) (1.334173e-05 1.917100e-03 -1.051774e-05))
4.12          	((8.474926e-02 -1.004968e-01 -1.357964e+01) (3.429585e-03 3.338809e-04 -1.213854e-01)) ((1.792223e-02 1.152697e-01 9.232795e-03) (1.085235e-05 1.873555e-03 -1.389073e-05))
4.13          	((7.763917e-02 -9.185976e-02 -1.165064e+01) (3.444604e-03 3.554188e-04 -1.185081e-01)) ((1.674387e-02 1.024849e-01 1.172781e-02) (8.693146e-06 1.827166e-03 -1.742939e-05))
4.14          	((6.925023e-02 -8.418603e-02 -9.710919e+00) (3.442975e-03 3.768061e-04 -1.154394e-01)) ((1.508810e-02 8.928254e-02 1.422635e-02) (7.130154e-06 1.776487e-03 -2.166828e-05))
4.15          	((6.359798e-02 -7.436947e-02 -7.755192e+00) (3.429891e-03 3.936109e-04 -1.121876e-01)) ((1.316940e-02 7.548960e-02 1.613638e-02) (6.425196e-06 1.722553e-03 -2.638945e-05))
4.16          	((5.666392e-02 -6.569688e-02 -5.788178e+00) (3.411589e-03 4.044349e-04 -1.087560e-01)) ((1.155650e-02 6.132252e-02 1.776668e-02) (6.467837e-06 1.665166e-03 -3.129930e-05))
4.17          	((5.025197e-02 -5.917744e-02 -3.809487e+00) (3.389212e-03 4.130052e-04 -1.051488e-01)) ((1.062739e-02 4.675774e-02 1.942523e-02) (6.303419e-06 1.605111e-03 -3.553927e-05))
4.18          	((4.285918e-02 -5.266989e-02 -1.825984e+00) (3.368578e-03 4.189818e-04 -1.013760e-01)) ((9.514399e-03 3.176585e-02 2.077876e-02) (6.777849e-06 1.543990e-03 -4.065261e-05))
4.19          	((3.717617e-02 -4.416980e-02 1.607280e-01) (3.347387e-03 4.277057e-04 -9.744697e-02)) ((8.259876e-03 1.667593e-02 2.199000e-02) (7.139305e-06 1.482324e-03 -4.678196e-05))
4.2           	((3.080298e-02 -3.885079e-02 2.137356e+00) (3.321988e-03 4.360164e-04 -9.337154e-02)) ((7.678034e-03 1.658459e-03 2.267706e-02) (7.188212e-06 1.419717e-03 -5.389952e-05))
4.21          	((2.413967e-02 -3.083840e-02 4.100617e+00) (3.289290e-03 4.400802e-04 -8.916089e-02)) ((7.153413e-03 -1.371121e-02 2.242377e-02) (7.227606e-06 1.356036e-03 -6.233083e-05))
4.22          	((1.944009e-02 -2.503180e-02 6.054229e+00) (3.250724e-03 4.403676e-04 -8.482290e-02)) ((6.552568e-03 -2.908913e-02 2.231432e-02) (7.392678e-06 1.291370e-03 -7.106188e-05))
4.23          	((1.402907e-02 -1.981457e-02 7.994318e+00) (3.212255e-03 4.414604e-04 -8.036816e-02)) ((6.012652e-03 -4.446002e-02 2.238019e-02) (7.218604e-06 1.225526e-03 -8.071906e-05))
4.24          	((9.531970e-03 -1.707813e-02 9.903330e+00) (3.173597e-03 4.469725e-04 -7.580556e-02)) ((5.932324e-03 -5.977530e-02 2.205619e-02) (6.868650e-06 1.158611e-03 -8.996686e-05))
4.25          	((4.642944e-03 -1.322169e-02 1.178699e+01) (3.132828e-03 4.582626e-04 -7.114715e-02)) ((5.655912e-03 -7.511722e-02 2.130833e-02) (5.411025e-06 1.091382e-03 -9.912540e-05))
4.26          	((7.762635e-04 -1.181269e-02 1.364658e+01) (3.083805e-03 4.757348e-04 -6.640022e-02)) ((5.570756e-03 -9.029060e-02 2.059621e-02) (3.722060e-06 1.023180e-03 -1.081584e-04))
4.27          	((-4.394454e-03 -9.912291e-03 1.546527e+01) (3.030462e-03 4.897412e-04 -6.158057e-02)) ((5.741164e-03 -1.053138e-01 1.959234e-02) (2.269217e-06 9.540279e-04 -1.171103e-04))
4.28          	((-8.258753e-03 -7.051972e-03 1.724854e+01) (2.972599e-03 5.030279e-04 -5.670089e-02)) ((5.335168e-03 -1.193469e-01 1.854464e-02) (8.300338e-07 8.839585e-04 -1.248170e-04))
4.29          	((-1.213716e-02 -4.849454e-03 1.898088e+01) (2.906821e-03 5.113096e-04 -5.176709e-02)) ((5.406267e-03 -1.332080e-01 1.766599e-02) (-1.077882e-07 8.132551e-04 -1.306945e-04))
4.3           	((-1.701598e-02 -2.460655e-03 2.066640e+01) (2.831816e-03 5.142114e-04 -4.678987e-02)) ((5.363679e-03 -1.474657e-01 1.648878e-02) (-1.160988e-06 7.422808e-04 -1.356404e-04))
4.31          	((-2.191858e-02 -3.732604e-04 2.229728e+01) (2.751265e-03 5.137794e-04 -4.177580e-02)) ((5.712847e-03 -1.619117e-01 1.518822e-02) (-2.578486e-06 6.717039e-04 -1.396242e-04))
4.32          	((-2.613999e-02 2.730408e-03 2.386446e+01) (2.666137e-03 5.120917e-04 -3.673093e-02)) ((5.558407e-03 -1.753027e-01 1.416113e-02) (-3.517299e-06 6.012051e-04 -1.425130e-04))
4.33          	((-2.815517e-02 5.384209e-03 2.537378e+01) (2.578285e-03 5.072599e-04 -3.166190e-02)) ((5.008201e-03 -1.882782e-01 1.349809e-02) (-4.030755e-06 5.312062e-04 -1.444954e-04))
4.34          	((-3.256573e-02 8.853095e-03 2.681636e+01) (2.483229e-03 5.079708e-04 -2.658200e-02)) ((3.916939e-03 -2.006804e-01 1.276599e-02) (-4.596923e-06 4.616642e-04 -1.461398e-04))
4.35          	((-3.555092e-02 5.769733e-03 2.819509e+01) (2.377918e-03 5.103338e-04 -2.149524e-02)) ((3.806153e-03 -2.126821e-01 1.175669e-02) (-3.901536e-06 3.925488e-04 -1.462765e-04))
4.36          	((-4.111690e-02 7.449895e-03 2.949973e+01) (2.262774e-03 5.057347e-04 -1.640450e-02)) ((3.923516e-03 -2.242803e-01 1.093409e-02) (-2.456529e-06 3.239541e-04 -1.459647e-04))
4.37          	((-4.768368e-02 6.462633e-03 3.074371e+01) (2.133356e-03 4.982233e-04 -1.131796e-02)) ((3.934907e-03 -2.351759e-01 1.010982e-02) (-1.360746e-06 2.557420e-04 -1.459251e-04))
4.38          	((-5.289024e-02 7.038776e-03 3.191474e+01) (1.998748e-03 4.902779e-04 -6.243970e-03)) ((4.296760e-03 -2.463702e-01 9.925590e-03) (-3.061025e-07 1.876705e-04 -1.443064e-04))
4.39          	((-5.884563e-02 8.382864e-03 3.300274e+01) (1.866947e-03 4.816364e-04 -1.188615e-03)) ((3.734951e-03 -2.563466e-01 9.345074e-03) (-3.544170e-08 1.199250e-04 -1.414861e-04))
4.4           	((-6.737612e-02 1.169830e-02 3.403895e+01) (1.729626e-03 4.722455e-04 3.846946e-03)) ((3.776459e-03 -2.659205e-01 8.678784e-03) (1.552509e-07 5.247938e-05 -1.396116e-04))
4.41          	((-7.640113e-02 6.179683e-03 3.500015e+01) (1.585124e-03 4.602607e-04 8.862390e-03)) ((3.375428e-03 -2.746311e-01 7.899670e-03) (-3.379062e-08 -1.472617e-05 -1.381575e-04))
4.42          	((-8.297676e-02 6.996698e-03 3.589413e+01) (1.435337e-03 4.471007e-04 1.385315e-02)) ((2.726953e-03 -2.831007e-01 7.660378e-03) (-8.566281e-07 -8.026053e-05 -1.378446e-04))
4.43          	((-9.344312e-02 7.607187e-03 3.672594e+01) (1.282104e-03 4.291345e-04 1.881809e-02)) ((2.383311e-03 -2.926928e-01 7.634231e-03) (-1.925147e-06 -1.443071e-04 -1.399062e-04))
4.44          	((-1.021883e-01 9.203128e-03 3.746918e+01) (1.125974e-03 4.108774e-04 2.374959e-02)) ((1.589441e-03 -3.006500e-01 8.611565e-03) (-3.057731e-06 -2.065978e-04 -1.425582e-04))
4.45          	((-1.128949e-01 7.898395e-03 3.815816e+01) (9.689339e-04 3.974357e-04 2.865714e-02)) ((2.864398e-03 -3.065412e-01 7.625893e-03) (-4.096273e-06 -2.666556e-04 -1.461083e-04))
4.46          	((-1.266852e-01 9.664087e-03 3.880107e+01) (8.168400e-04 3.849645e-04 3.353766e-02)) ((2.678096e-03 -3.118972e-01 7.371163e-03) (-4.830227e-06 -3.251360e-04 -1.516885e-04))
4.47          	((-1.363487e-01 7.015207e-03 3.939814e+01) (6.642144e-04 3.706887e-04 3.839355e-02)) ((3.060716e-03 -3.178266e-01 7.146773e-03) (-5.824026e-06 -3.810729e-04 -1.579137e-04))
4.48          	((-1.490804e-01 5.647316e-03 3.994147e+01) (5.084121e-04 3.583665e-04 4.322315e-02)) ((2.703525e-03 -3.232552e-01 7.346914e-03) (-7.670480e-06 -4.349376e-04 -1.663084e-04))
4.49          	((-1.618424e-01 1.099341e-02 4.043837e+01) (3.547191e-04 3.448487e-04 4.802463e-02)) ((1.498079e-03 -3.277776e-01 7.273547e-03) (-8.936899e-06 -4.874545e-04 -1.763235e-04))
4.5           	((-1.758812e-01 1.443471e-02 4.087779e+01) (2.127947e-04 3.399851e-04 5.280253e-02)) ((2.344945e-03 -3.296316e-01 6.505712e-03) (-1.029839e-05 -5.378186e-04 -1.871260e-04))
4.51          	((-1.926717e-01 1.688949e-02 4.137501e+01) (6.461529e-05 3.431744e-04 5.756383e-02)) ((1.732431e-03 -3.339877e-01 5.597435e-03) (-1.265064e-05 -5.873740e-04 -1.993445e-04))
4.52          	((-1.894474e-01 1.639181e-02 4.160497e+01) (-7.801677e-05 3.538522e-04 6.228399e-02)) ((2.450116e-03 -3.357327e-01 6.040053e-03) (-1.593474e-05 -6.351287e-04 -2.109278e-04))
4.53          	((-1.898198e-01 1.522967e-02 4.214344e+01) (-2.141353e-04 3.685313e-04 6.697903e-02)) ((2.005855e-03 -3.390198e-01 6.372994e-03) (-1.865179e-05 -6.813752e-04 -2.224410e-04))
4.54          	((-1.951206e-01 1.831710e-02 4.244321e+01) (-3.487412e-04 3.837478e-04 7.163710e-02)) ((2.006881e-03 -3.412766e-01 5.410063e-03) (-2.100467e-05 -7.274469e-04 -2.326190e-04))
4.55          	((-2.025334e-01 1.896274e-02 4.267221e+01) (-4.810377e-04 4.064878e-04 7.624229e-02)) ((1.447773e-03 -3.418614e-01 5.414556e-03) (-2.396222e-05 -7.737488e-04 -2.416315e-04))
4.56          	((-2.050826e-01 2.294361e-02 4.287307e+01) (-6.113507e-04 4.263937e-04 8.077594e-02)) ((9.964288e-04 -3.411580e-01 4.684032e-03) (-2.664399e-05 -8.201025e-04 -2.504812e-04))
4.57          	((-2.002000e-01 2.025726e-02 4.301130e+01) (-7.370286e-04 4.420097e-04 8.522779e-02)) ((1.298594e-03 -3.389043e-01 5.025341e-03) (-2.817660e-05 -8.666796e-04 -2.592120e-04))
4.58          	((-2.038854e-01 2.425969e-02 4.309374e+01) (-8.674303e-04 4.536343e-04 8.957455e-02)) ((1.497303e-03 -3.375129e-01 5.151067e-03) (-2.918465e-05 -9.145597e-04 -2.669770e-04))
4.59          	((-2.024445e-01 2.539131e-02 4.312351e+01) (-9.920801e-04 4.681281e-04 9.379443e-02)) ((2.009223e-03 -3.352222e-01 5.736086e-03) (-3.087581e-05 -9.632173e-04 -2.726685e-04))
4.6           	((-2.022847e-01 2.619055e-02 4.309720e+01) (-1.118392e-03 4.866542e-04 9.787770e-02)) ((2.459628e-03 -3.325406e-01 5.767072e-03) (-3.364893e-05 -1.013351e-03 -2.776379e-04))
4.61          	((-2.017922e-01 3.223831e-02 4.300613e+01) (-1.245764e-03 5.030516e-04 1.018060e-01)) ((2.209908e-03 -3.292079e-01 6.041506e-03) (-3.445305e-05 -1.064981e-03 -2.805300e-04))
4.62          	((-1.985071e-01 3.091920e-02 4.285233e+01) (-1.368658e-03 5.213242e-04 1.055404e-01)) ((2.070277e-03 -3.253840e-01 6.480888e-03) (-3.275349e-05 -1.116435e-03 -2.832389e-04))
4.63          	((-1.967645e-01 3.570669e-02 4.263148e+01) (-1.482274e-03 5.388152e-04 1.090637e-01)) ((1.933970e-03 -3.210692e-01 7.411439e-03) (-2.906201e-05 -1.168805e-03 -2.832680e-04))
4.64          	((-1.935650e-01 3.938203e-02 4.233731e+01) (-1.590423e-03 5.596515e-04 1.123450e-01)) ((1.097985e-03 -3.157706e-01 8.083311e-03) (-2.255499e-05 -1.222140e-03 -2.807123e-04))
4.65          	((-1.928786e-01 3.756682e-02 4.195618e+01) (-1.687663e-03 5.824116e-04 1.153777e-01)) ((2.006373e-04 -3.097201e-01 8.576916e-03) (-1.504747e-05 -1.275854e-03 -2.759031e-04))
4.66          	((-1.889919e-01 4.055631e-02 4.150049e+01) (-1.771433e-03 6.060400e-04 1.181462e-01)) ((-8.672261e-04 -3.025244e-01 9.583496e-03) (-6.606082e-06 -1.328741e-03 -2.688088e-04))
4.67          	((-1.879232e-01 4.532687e-02 4.096506e+01) (-1.846384e-03 6.293376e-04 1.206461e-01)) ((-1.653322e-03 -2.954481e-01 9.867020e-03) (2.232650e-06 -1.380596e-03 -2.614302e-04))
4.68          	((-1.881075e-01 4.385550e-02 4.034875e+01) (-1.921012e-03 6.449222e-04 1.228728e-01)) ((-2.212867e-03 -2.870624e-01 9.912345e-03) (9.807951e-06 -1.433804e-03 -2.536978e-04))
4.69          	((-1.901946e-01 4.068054e-02 3.964489e+01) (-2.003580e-03 6.514239e-04 1.248178e-01)) ((-3.106206e-03 -2.775460e-01 9.574767e-03) (1.934091e-05 -1.486141e-03 -2.458046e-04))
4.7           	((-1.922462e-01 3.915942e-02 3.885460e+01) (-2.076144e-03 6.554688e-04 1.264672e-01)) ((-3.892269e-03 -2.677852e-01 8.774035e-03) (3.041817e-05 -1.537128e-03 -2.384493e-04))
4.71          	((-1.948918e-01 4.220302e-02 3.798169e+01) (-2.145788e-03 6.465007e-04 1.278172e-01)) ((-4.231322e-03 -2.572033e-01 7.168652e-03) (4.139759e-05 -1.587696e-03 -2.310327e-04))
4.72          	((-1.973728e-01 3.912062e-02 3.702386e+01) (-2.211143e-03 6.224258e-04 1.288654e-01)) ((-4.442027e-03 -2.466818e-01 5.161714e-03) (5.150000e-05 -1.638164e-03 -2.242637e-04))
4.73          	((-1.980241e-01 3.472820e-02 3.597350e+01) (-2.273212e-03 5.919751e-04 1.296031e-01)) ((-4.498998e-03 -2.354325e-01 3.018345e-03) (6.081362e-05 -1.687921e-03 -2.177954e-04))
4.74          	((-1.907417e-01 3.144166e-02 3.483214e+01) (-2.329827e-03 5.560589e-04 1.300384e-01)) ((-4.799535e-03 -2.235225e-01 7.080502e-04) (6.889317e-05 -1.738103e-03 -2.106445e-04))
4.75          	((-1.822435e-01 2.944777e-02 3.361619e+01) (-2.388392e-03 5.145015e-04 1.301696e-01)) ((-4.515351e-03 -2.120902e-01 -2.832951e-03) (7.594617e-05 -1.788230e-03 -2.028216e-04))
4.76          	((-1.715560e-01 2.455710e-02 3.231116e+01) (-2.440110e-03 4.724343e-04 1.300011e-01)) ((-4.818319e-03 -2.004977e-01 -5.833007e-03) (8.280246e-05 -1.836508e-03 -1.943531e-04))
4.77          	((-1.592235e-01 1.894710e-02 3.092954e+01) (-2.490199e-03 4.398116e-04 1.295453e-01)) ((-4.700770e-03 -1.890946e-01 -9.512703e-03) (8.847247e-05 -1.882044e-03 -1.845223e-04))
4.78          	((-1.403162e-01 1.822053e-02 2.946586e+01) (-2.541384e-03 4.145081e-04 1.288028e-01)) ((-4.625560e-03 -1.772205e-01 -1.264046e-02) (9.194128e-05 -1.923674e-03 -1.736410e-04))
4.79          	((-1.229819e-01 1.467397e-02 2.793230e+01) (-2.600556e-03 3.948706e-04 1.277812e-01)) ((-4.438940e-03 -1.651093e-01 -1.512098e-02) (9.383586e-05 -1.961110e-03 -1.620398e-04))
4.8           	((-1.042973e-01 1.279518e-02 2.633313e+01) (-2.661860e-03 3.798939e-04 1.265010e-01)) ((-4.423088e-03 -1.533238e-01 -1.764570e-02) (9.482095e-05 -1.994982e-03 -1.500137e-04))
4.81          	((-8.653989e-02 1.611560e-02 2.465333e+01) (-2.731027e-03 3.682665e-04 1.249712e-01)) ((-4.581454e-03 -1.409742e-01 -1.962892e-02) (9.522740e-05 -2.023621e-03 -1.355707e-04))
4.82          	((-6.933073e-02 1.613360e-02 2.292366e+01) (-2.811132e-03 3.611672e-04 1.232077e-01)) ((-4.190859e-03 -1.287430e-01 -2.123767e-02) (9.487404e-05 -2.047429e-03 -1.202653e-04))
4.83          	((-5.375103e-02 1.435954e-02 2.113781e+01) (-2.900054e-03 3.611526e-04 1.212197e-01)) ((-4.328657e-03 -1.163648e-01 -2.225287e-02) (9.422017e-05 -2.064219e-03 -1.064396e-04))
4.84          	((-4.258685e-02 1.465378e-02 1.930993e+01) (-2.992883e-03 3.626399e-04 1.190219e-01)) ((-4.325198e-03 -1.041163e-01 -2.306410e-02) (9.301287e-05 -2.076123e-03 -9.383556e-05))
4.85          	((-3.321733e-02 1.665994e-02 1.743957e+01) (-3.088230e-03 3.668452e-04 1.166188e-01)) ((-4.196194e-03 -9.189941e-02 -2.432348e-02) (9.224798e-05 -2.082318e-03 -8.171259e-05))
4.86          	((-2.408614e-02 1.389331e-02 1.553787e+01) (-3.188522e-03 3.754464e-04 1.140197e-01)) ((-3.963988e-03 -7.994256e-02 -2.431747e-02) (9.201486e-05 -2.083274e-03 -7.025016e-05))
4.87          	((-1.601290e-02 1.497564e-02 1.361475e+01) (-3.291171e-03 3.817097e-04 1.112300e-01)) ((-4.130563e-03 -6.663963e-02 -2.452604e-02) (9.283262e-05 -2.079102e-03 -5.974676e-05))
4.88          	((-1.171632e-02 1.759668e-02 1.167088e+01) (-3.397188e-03 3.913961e-04 1.082575e-01)) ((-4.719966e-03 -5.347133e-02 -2.545143e-02) (9.474096e-05 -2.069184e-03 -4.997777e-05))
4.89          	((-5.566820e-03 1.334532e-02 9.707515e+00) (-3.506616e-03 4.016998e-04 1.051155e-01)) ((-4.378633e-03 -3.964533e-02 -2.539104e-02) (9.726514e-05 -2.054108e-03 -4.062227e-05))
4.9           	((-8.626702e-04 1.245557e-02 7.734295e+00) (-3.612216e-03 4.156664e-04 1.018089e-01)) ((-4.436193e-03 -2.513376e-02 -2.592814e-02) (1.005162e-04 -2.033070e-03 -3.156740e-05))
4.91          	((2.115860e-03 1.215034e-02 5.756667e+00) (-3.715262e-03 4.337956e-04 9.835034e-02)) ((-5.055445e-03 -1.119049e-02 -2.617568e-02) (1.038291e-04 -2.008019e-03 -2.308881e-05))
4.92          	((5.234249e-03 1.068887e-02 3.772346e+00) (-3.815023e-03 4.485372e-04 9.475390e-02)) ((-5.236452e-03 3.809864e-03 -2.663790e-02) (1.075703e-04 -1.978930e-03 -1.524978e-05))
4.93          	((6.208155e-03 8.276762e-03 1.789330e+00) (-3.904967e-03 4.614229e-04 9.103321e-02)) ((-5.256383e-03 1.872643e-02 -2.612304e-02) (1.106388e-04 -1.945708e-03 -8.466028e-06))
4.94          	((7.384043e-03 6.108264e-03 -1.877230e-01) (-3.985280e-03 4.724851e-04 8.719069e-02)) ((-5.755765e-03 3.445704e-02 -2.620960e-02) (1.118594e-04 -1.909084e-03 -2.792783e-06))
4.95          	((1.044800e-02 3.378817e-03 -2.151190e+00) (-4.052799e-03 4.822754e-04 8.324084e-02)) ((-6.112348e-03 4.949997e-02 -2.639347e-02) (1.115287e-04 -1.869627e-03 2.429079e-06))
4.96          	((1.413879e-02 1.532354e-03 -4.098390e+00) (-4.102910e-03 4.920723e-04 7.918799e-02)) ((-6.587471e-03 6.518248e-02 -2.563079e-02) (1.092993e-04 -1.826639e-03 7.218352e-06))
4.97          	((1.646132e-02 -2.412292e-03 -6.031383e+00) (-4.135744e-03 4.975259e-04 7.504316e-02)) ((-6.214466e-03 8.061935e-02 -2.465184e-02) (1.056521e-04 -1.780618e-03 1.181394e-05))
4.98          	((1.848012e-02 -8.548587e-03 -7.946279e+00) (-4.156040e-03 5.006911e-04 7.081030e-02)) ((-6.007420e-03 9.592201e-02 -2.405004e-02) (1.015361e-04 -1.731516e-03 1.465998e-05))
4.99          	((1.973408e-02 -9.544561e-03 -9.835573e+00) (-4.163519e-03 5.022368e-04 6.650281e-02)) ((-6.330803e-03 1.111470e-01 -2.264932e-02) (9.667230e-05 -1.679661e-03 1.612213e-05))
5             	((1.857731e-02 -1.211576e-02 -1.170126e+01) (-4.155565e-03 5.023072e-04 6.212596e-02)) ((-7.393115e-03 1.258598e-01 -2.140574e-02) (9.064822e-05 -1.625059e-03 1.653179e-05))
5.01          	((1.777478e-02 -1.398553e-02 -1.353781e+01) (-4.134113e-03 5.004589e-04 5.768475e-02)) ((-7.557196e-03 1.406648e-01 -2.042762e-02) (8.528376e-05 -1.568070e-03 1.668161e-05))
5.02          	((1.763803e-02 -1.342395e-02 -1.533468e+01) (-4.104301e-03 5.002383e-04 5.318770e-02)) ((-7.982685e-03 1.552652e-01 -1.897511e-02) (7.951735e-05 -1.508947e-03 1.562481e-05))
5.03          	((1.628180e-02 -1.368868e-02 -1.709704e+01) (-4.065524e-03 4.978712e-04 4.864048e-02)) ((-8.162357e-03 1.696005e-01 -1.764656e-02) (7.458343e-05 -1.447904e-03 1.415984e-05))
5.04          	((1.468785e-02 -1.004476e-02 -1.881920e+01) (-4.020108e-03 4.966187e-04 4.405157e-02)) ((-8.774044e-03 1.835223e-01 -1.620318e-02) (7.020176e-05 -1.384946e-03 1.169153e-05))
5.05          	((1.101890e-02 -9.491727e-03 -2.050038e+01) (-3.966931e-03 4.957117e-04 3.941614e-02)) ((-8.902698e-03 1.972571e-01 -1.479560e-02) (6.547853e-05 -1.321618e-03 9.196657e-06))
5.06          	((6.847576e-03 -6.945131e-03 -2.212515e+01) (-3.907086e-03 4.941343e-04 3.474851e-02)) ((-9.366759e-03 2.101938e-01 -1.337667e-02) (6.169934e-05 -1.258024e-03 7.165527e-06))
5.07          	((1.448132e-03 -3.112714e-03 -2.369825e+01) (-3.842551e-03 4.864444e-04 3.005391e-02)) ((-1.000564e-02 2.229188e-01 -1.197708e-02) (5.871998e-05 -1.193613e-03 5.712409e-06))
5.08          	((-2.954883e-03 5.208503e-04 -2.522208e+01) (-3.768785e-03 4.745961e-04 2.533717e-02)) ((-1.036680e-02 2.350406e-01 -1.031762e-02) (5.553192e-05 -1.128952e-03 4.755357e-06))
5.09          	((-6.496074e-03 5.590896e-03 -2.668540e+01) (-3.691863e-03 4.605966e-04 2.059819e-02)) ((-1.120344e-02 2.471160e-01 -8.683044e-03) (5.326150e-05 -1.064758e-03 4.731802e-06))
5.1           	((-1.580848e-02 1.003619e-02 -2.808829e+01) (-3.609231e-03 4.387869e-04 1.585114e-02)) ((-1.192878e-02 2.586002e-01 -7.147893e-03) (5.172323e-05 -1.000212e-03 5.080253e-06))
5.11          	((-2.439005e-02 1.518866e-02 -2.942641e+01) (-3.522171e-03 4.125324e-04 1.109924e-02)) ((-1.220679e-02 2.691281e-01 -5.073414e-03) (5.048744e-05 -9.362565e-04 6.189803e-06))
5.12          	((-3.251507e-02 1.999878e-02 -3.069367e+01) (-3.431840e-03 3.827745e-04 6.344441e-03)) ((-1.231076e-02 2.787481e-01 -3.639792e-03) (4.919273e-05 -8.721513e-04 7.936893e-06))
5.13          	((-4.037416e-02 2.524732e-02 -3.189250e+01) (-3.338316e-03 3.542615e-04 1.590546e-03)) ((-1.331910e-02 2.885037e-01 -1.991209e-03) (4.820276e-05 -8.084296e-04 8.660166e-06))
5.14          	((-4.928809e-02 2.910749e-02 -3.302640e+01) (-3.246065e-03 3.222018e-04 -3.158621e-03)) ((-1.268337e-02 2.967757e-01 -7.092168e-04) (4.833823e-05 -7.458867e-04 9.964970e-06))
5.15          	((-5.396878e-02 3.576620e-02 -3.405216e+01) (-3.155498e-03 2.850042e-04 -7.903135e-03)) ((-1.331090e-02 3.044441e-01 8.709354e-04) (4.875357e-05 -6.844802e-04 1.300085e-05))
5.16          	((-6.058629e-02 4.096221e-02 -3.504442e+01) (-3.062356e-03 2.514286e-04 -1.263826e-02)) ((-1.353797e-02 3.115444e-01 2.444693e-03) (4.938113e-05 -6.235510e-04 1.714851e-05))
5.17          	((-6.765373e-02 4.663096e-02 -3.596561e+01) (-2.967900e-03 2.246603e-04 -1.737204e-02)) ((-1.334117e-02 3.185375e-01 3.849092e-03) (4.995523e-05 -5.628416e-04 2.134573e-05))
5.18          	((-7.342948e-02 4.955777e-02 -3.683796e+01) (-2.877145e-03 2.033527e-04 -2.210510e-02)) ((-1.362652e-02 3.242676e-01 5.112778e-03) (4.995683e-05 -5.034444e-04 2.639041e-05))
5.19          	((-7.933288e-02 5.069941e-02 -3.763603e+01) (-2.789928e-03 1.868124e-04 -2.684430e-02)) ((-1.465970e-02 3.295169e-01 6.970313e-03) (4.924587e-05 -4.450529e-04 3.412585e-05))
5.2           	((-8.613101e-02 5.672400e-02 -3.836430e+01) (-2.699686e-03 1.655727e-04 -3.158858e-02)) ((-1.470053e-02 3.341731e-01 8.306067e-03) (4.889800e-05 -3.870877e-04 4.191646e-05))
5.21          	((-9.454939e-02 6.331977e-02 -3.903926e+01) (-2.613247e-03 1.418499e-04 -3.634154e-02)) ((-1.549992e-02 3.379962e-01 9.272811e-03) (4.967907e-05 -3.298248e-04 4.899620e-05))
5.22          	((-9.853895e-02 6.333980e-02 -3.965205e+01) (-2.531047e-03 1.127312e-04 -4.111034e-02)) ((-1.542794e-02 3.402525e-01 1.115365e-02) (5.071233e-05 -2.733268e-04 5.619118e-05))
5.23          	((-1.003057e-01 6.565512e-02 -4.020252e+01) (-2.453332e-03 8.480677e-05 -4.590193e-02)) ((-1.510771e-02 3.419389e-01 1.306401e-02) (5.237142e-05 -2.169855e-04 6.325378e-05))
5.24          	((-9.904863e-02 6.237672e-02 -4.070676e+01) (-2.376883e-03 5.447758e-05 -5.070913e-02)) ((-1.521620e-02 3.426992e-01 1.375073e-02) (5.437131e-05 -1.593391e-04 7.031867e-05))
5.25          	((-9.602681e-02 6.544599e-02 -4.114558e+01) (-2.299129e-03 2.690247e-05 -5.552017e-02)) ((-1.444773e-02 3.435018e-01 1.533809e-02) (5.647611e-05 -1.002621e-04 7.715942e-05))
5.26          	((-9.754593e-02 6.098359e-02 -4.162812e+01) (-2.227828e-03 -1.842964e-06 -6.033618e-02)) ((-1.373866e-02 3.423685e-01 1.613854e-02) (5.790939e-05 -4.098144e-05 8.331147e-05))
5.27          	((-8.974311e-02 7.241976e-02 -4.180044e+01) (-2.161142e-03 -2.134762e-05 -6.513672e-02)) ((-1.292433e-02 3.399060e-01 1.726740e-02) (5.825509e-05 2.003400e-05 8.844131e-05))
5.28          	((-9.256328e-02 7.785004e-02 -4.228614e+01) (-2.094438e-03 -3.671923e-05 -6.994571e-02)) ((-1.303329e-02 3.403798e-01 1.891190e-02) (5.774822e-05 8.446699e-05 9.271624e-05))
5.29          	((-8.891387e-02 7.834310e-02 -4.254263e+01) (-2.026787e-03 -5.562916e-05 -7.475149e-02)) ((-1.324557e-02 3.380354e-01 1.873375e-02) (5.695017e-05 1.527203e-04 9.526238e-05))
5.3           	((-8.285652e-02 7.907741e-02 -4.274190e+01) (-1.952210e-03 -7.022629e-05 -7.954152e-02)) ((-1.264967e-02 3.344303e-01 2.002267e-02) (5.462600e-05 2.252912e-04 9.782947e-05))
5.31          	((-7.289019e-02 7.529029e-02 -4.291594e+01) (-1.875324e-03 -8.544509e-05 -8.430336e-02)) ((-1.241593e-02 3.299325e-01 1.989082e-02) (5.052629e-05 3.009588e-04 1.001489e-04))
5.32          	((-6.465372e-02 7.125819e-02 -4.302830e+01) (-1.795109e-03 -9.540161e-05 -8.900745e-02)) ((-1.193577e-02 3.258911e-01 2.056075e-02) (4.504802e-05 3.798292e-04 1.014443e-04))
5.33          	((-5.588636e-02 6.998944e-02 -4.305762e+01) (-1.709897e-03 -1.005439e-04 -9.363284e-02)) ((-1.161531e-02 3.219148e-01 2.035559e-02) (3.879127e-05 4.621458e-04 1.016675e-04))
5.34          	((-3.994895e-02 6.643044e-02 -4.304997e+01) (-1.616009e-03 -1.034050e-04 -9.815467e-02)) ((-1.127155e-02 3.178449e-01 2.011353e-02) (3.326115e-05 5.476247e-04 1.012963e-04))
5.35          	((-2.501945e-02 5.551947e-02 -4.298354e+01) (-1.514394e-03 -1.010399e-04 -1.025541e-01)) ((-1.063275e-02 3.141791e-01 1.948903e-02) (2.719256e-05 6.363119e-04 1.008960e-04))
5.36          	((-1.103826e-02 5.128973e-02 -4.286050e+01) (-1.401753e-03 -9.563887e-05 -1.068017e-01)) ((-1.015879e-02 3.096430e-01 1.861709e-02) (2.356604e-05 7.274366e-04 9.873408e-05))
5.37          	((4.161041e-03 4.703389e-02 -4.267635e+01) (-1.277200e-03 -8.398306e-05 -1.108740e-01)) ((-9.854991e-03 3.056864e-01 1.762530e-02) (2.078653e-05 8.213642e-04 9.315153e-05))
5.38          	((1.964035e-02 3.492147e-02 -4.242732e+01) (-1.136777e-03 -6.441343e-05 -1.147434e-01)) ((-8.781006e-03 3.013992e-01 1.614674e-02) (1.841720e-05 9.173047e-04 8.504968e-05))
5.39          	((3.284160e-02 2.488819e-02 -4.212219e+01) (-9.814684e-04 -3.531879e-05 -1.183895e-01)) ((-7.625053e-03 2.970429e-01 1.416036e-02) (1.577457e-05 1.014768e-03 7.559255e-05))
5.4           	((4.930141e-02 1.340060e-02 -4.173731e+01) (-8.129577e-04 -1.809871e-06 -1.217942e-01)) ((-6.678334e-03 2.925888e-01 1.231972e-02) (1.334319e-05 1.111914e-03 6.460915e-05))
5.41          	((6.796035e-02 2.566173e-03 -4.127936e+01) (-6.276867e-04 3.273544e-05 -1.249299e-01)) ((-5.319753e-03 2.875837e-01 1.067814e-02) (1.332083e-05 1.207164e-03 5.389975e-05))
5.42          	((8.398824e-02 -1.047730e-02 -4.073460e+01) (-4.295616e-04 6.613492e-05 -1.277894e-01)) ((-3.475080e-03 2.819168e-01 9.124572e-03) (1.452638e-05 1.299607e-03 4.266149e-05))
5.43          	((1.032093e-01 -2.741175e-02 -4.011941e+01) (-2.189182e-04 9.311612e-05 -1.303610e-01)) ((-6.362793e-04 2.763409e-01 7.781423e-03) (1.742551e-05 1.388946e-03 3.157802e-05))
5.44          	((1.197003e-01 -4.069856e-02 -3.941465e+01) (1.984666e-08 1.122226e-04 -1.326322e-01)) ((1.879594e-03 2.706680e-01 6.403809e-03) (2.192161e-05 1.473262e-03 2.012611e-05))
5.45          	((1.395397e-01 -5.502046e-02 -3.862571e+01) (2.291201e-04 1.253001e-04 -1.345919e-01)) ((4.498309e-03 2.644276e-01 4.833207e-03) (2.728452e-05 1.551447e-03 9.078850e-06))
5.46          	((1.540013e-01 -6.734343e-02 -3.774652e+01) (4.684934e-04 1.365439e-04 -1.362338e-01)) ((7.177365e-03 2.579749e-01 3.751809e-03) (3.267716e-05 1.623178e-03 -6.649937e-07))
5.47          	((1.692939e-01 -7.522526e-02 -3.677945e+01) (7.177653e-04 1.473561e-04 -1.375510e-01)) ((9.602076e-03 2.513817e-01 2.776080e-03) (3.850873e-05 1.688619e-03 -1.011805e-05))
5.48          	((1.791312e-01 -8.384127e-02 -3.572130e+01) (9.718795e-04 1.620673e-04 -1.385437e-01)) ((1.185653e-02 2.443155e-01 1.792084e-03) (4.396593e-05 1.744963e-03 -1.835255e-05))
5.49          	((1.875104e-01 -9.141501e-02 -3.457259e+01) (1.229067e-03 1.731150e-04 -1.392184e-01)) ((1.424194e-02 2.373515e-01 8.529004e-04) (4.945759e-05 1.793793e-03 -2.614995e-05))
5.5           	((1.933580e-01 -9.600123e-02 -3.334717e+01) (1.485229e-03 1.883994e-04 -1.395758e-01)) ((1.655305e-02 2.295640e-01 -3.807117e-05) (5.485855e-05 1.834768e-03 -3.404155e-05))
5.51          	((1.959319e-01 -1.013417e-01 -3.203237e+01) (1.736494e-03 2.058096e-04 -1.396262e-01)) ((1.784642e-02 2.220465e-01 -4.886993e-04) (5.952660e-05 1.868227e-03 -4.227781e-05))
5.52          	((1.955516e-01 -1.036042e-01 -3.064139e+01) (1.986202e-03 2.240733e-04 -1.393828e-01)) ((1.942974e-02 2.137803e-01 -1.043070e-03) (6.286060e-05 1.894383e-03 -4.981553e-05))
5.53          	((1.910636e-01 -1.091217e-01 -2.918234e+01) (2.228113e-03 2.445698e-04 -1.388461e-01)) ((2.038757e-02 2.057381e-01 -1.072844e-03) (6.438823e-05 1.912839e-03 -5.745521e-05))
5.54          	((1.844691e-01 -1.070524e-01 -2.765035e+01) (2.453079e-03 2.677738e-04 -1.380265e-01)) ((2.091548e-02 1.968763e-01 -8.704744e-04) (6.451003e-05 1.922248e-03 -6.456258e-05))
5.55          	((1.728652e-01 -1.099973e-01 -2.605531e+01) (2.659587e-03 2.936383e-04 -1.369392e-01)) ((2.168794e-02 1.874818e-01 -8.471410e-04) (6.312671e-05 1.922949e-03 -7.138426e-05))
5.56          	((1.623642e-01 -1.100847e-01 -2.439566e+01) (2.844583e-03 3.207842e-04 -1.355995e-01)) ((2.161622e-02 1.785141e-01 -7.355730e-04) (6.162005e-05 1.915136e-03 -7.782426e-05))
5.57          	((1.518113e-01 -1.088162e-01 -2.269061e+01) (3.002466e-03 3.534868e-04 -1.340185e-01)) ((2.153782e-02 1.691237e-01 -3.847435e-04) (5.921761e-05 1.898976e-03 -8.364872e-05))
5.58          	((1.400538e-01 -1.077603e-01 -2.093880e+01) (3.132810e-03 3.929002e-04 -1.321939e-01)) ((2.151242e-02 1.590567e-01 7.741179e-04) (5.612014e-05 1.875585e-03 -8.984443e-05))
5.59          	((1.274672e-01 -1.049371e-01 -1.914069e+01) (3.241357e-03 4.278218e-04 -1.301419e-01)) ((2.096493e-02 1.480822e-01 1.789052e-03) (5.258218e-05 1.846028e-03 -9.556807e-05))
5.6           	((1.146445e-01 -9.985022e-02 -1.730247e+01) (3.320930e-03 4.595743e-04 -1.278703e-01)) ((2.046824e-02 1.361074e-01 3.258761e-03) (4.939458e-05 1.809889e-03 -1.011263e-04))
5.61          	((1.043781e-01 -9.701524e-02 -1.543197e+01) (3.376415e-03 4.922316e-04 -1.253896e-01)) ((1.926708e-02 1.237901e-01 4.724240e-03) (4.571782e-05 1.768418e-03 -1.078064e-04))
5.62          	((9.289491e-02 -9.085845e-02 -1.353305e+01) (3.408918e-03 5.203566e-04 -1.227021e-01)) ((1.857669e-02 1.106566e-01 6.660139e-03) (4.268019e-05 1.722472e-03 -1.147199e-04))
5.63          	((8.441406e-02 -7.989868e-02 -1.161075e+01) (3.421534e-03 5.481302e-04 -1.198234e-01)) ((1.684602e-02 9.707892e-02 8.308771e-03) (3.940870e-05 1.674034e-03 -1.220203e-04))
5.64          	((7.628757e-02 -7.106139e-02 -9.677679e+00) (3.416966e-03 5.748890e-04 -1.167541e-01)) ((1.494111e-02 8.382793e-02 1.044878e-02) (3.676068e-05 1.622929e-03 -1.290856e-04))
5.65          	((6.886709e-02 -6.037988e-02 -7.727796e+00) (3.399035e-03 6.014894e-04 -1.134983e-01)) ((1.323749e-02 6.980005e-02 1.231278e-02) (3.450958e-05 1.569019e-03 -1.370400e-04))
5.66          	((6.014290e-02 -5.160034e-02 -5.764496e+00) (3.373621e-03 6.233861e-04 -1.100634e-01)) ((1.173633e-02 5.512549e-02 1.351946e-02) (3.281195e-05 1.512550e-03 -1.457763e-04))
5.67          	((5.136719e-02 -4.389748e-02 -3.792446e+00) (3.343173e-03 6.426628e-04 -1.064546e-01)) ((1.067763e-02 4.053551e-02 1.496340e-02) (3.183965e-05 1.454512e-03 -1.548234e-04))
5.68          	((4.380863e-02 -3.674428e-02 -1.808650e+00) (3.313234e-03 6.669687e-04 -1.026796e-01)) ((9.758909e-03 2.518036e-02 1.625373e-02) (3.150287e-05 1.395238e-03 -1.644841e-04))
5.69          	((3.566716e-02 -2.705316e-02 1.715000e-01) (3.282211e-03 6.906221e-04 -9.874060e-02)) ((8.516120e-03 1.004361e-02 1.737754e-02) (3.114383e-05 1.335526e-03 -1.748402e-04))
5.7           	((2.792667e-02 -1.619081e-02 2.147076e+00) (3.249432e-03 7.115034e-04 -9.464853e-02)) ((7.508587e-03 -5.591643e-03 1.811567e-02) (3.101506e-05 1.274919e-03 -1.858835e-04))
5.71          	((2.214215e-02 -9.571301e-03 4.112483e+00) (3.213006e-03 7.317520e-04 -9.041926e-02)) ((7.014451e-03 -2.064758e-02 1.832504e-02) (3.078457e-05 1.213944e-03 -1.974462e-04))
5.72          	((1.475434e-02 -2.867338e-03 6.064308e+00) (3.169625e-03 7.540153e-04 -8.605768e-02)) ((6.338582e-03 -3.602057e-02 1.802892e-02) (2.939590e-05 1.152088e-03 -2.089854e-04))
5.73          	((9.411184e-03 2.622445e-03 8.001625e+00) (3.129968e-03 7.741897e-04 -8.157534e-02)) ((5.795570e-03 -5.172858e-02 1.800356e-02) (2.828034e-05 1.089674e-03 -2.209974e-04))
5.74          	((4.006020e-03 7.265132e-03 9.913734e+00) (3.088550e-03 7.957794e-04 -7.698416e-02)) ((5.426241e-03 -6.697473e-02 1.772193e-02) (2.688185e-05 1.026604e-03 -2.330347e-04))
5.75          	((-1.667298e-03 1.141699e-02 1.179699e+01) (3.044315e-03 8.144180e-04 -7.229284e-02)) ((5.103331e-03 -8.195181e-02 1.705541e-02) (2.499004e-05 9.633094e-04 -2.440947e-04))
5.76          	((-6.579364e-03 1.402165e-02 1.364872e+01) (2.993181e-03 8.325278e-04 -6.751537e-02)) ((5.184003e-03 -9.710058e-02 1.682256e-02) (2.379584e-05 8.989632e-04 -2.547397e-04))
5.77          	((-1.202067e-02 1.266825e-02 1.546856e+01) (2.936307e-03 8.519986e-04 -6.265828e-02)) ((5.016670e-03 -1.115347e-01 1.571770e-02) (2.148459e-05 8.347802e-04 -2.648851e-04))
5.78          	((-1.450250e-02 1.285241e-02 1.724392e+01) (2.873385e-03 8.673488e-04 -5.773889e-02)) ((4.764744e-03 -1.254520e-01 1.481115e-02) (1.976973e-05 7.700083e-04 -2.738848e-04))
5.79          	((-1.883365e-02 1.459921e-02 1.898104e+01) (2.805878e-03 8.786921e-04 -5.276400e-02)) ((4.788409e-03 -1.388975e-01 1.392467e-02) (1.900629e-05 7.044310e-04 -2.813577e-04))
5.8           	((-2.422389e-02 1.851723e-02 2.066374e+01) (2.732332e-03 8.824782e-04 -4.774736e-02)) ((4.311311e-03 -1.528395e-01 1.306869e-02) (1.811194e-05 6.390818e-04 -2.874518e-04))
5.81          	((-2.687753e-02 2.268910e-02 2.229172e+01) (2.650383e-03 8.793988e-04 -4.269191e-02)) ((4.342895e-03 -1.667390e-01 1.228021e-02) (1.665826e-05 5.737237e-04 -2.921085e-04))
5.82          	((-3.059920e-02 2.491168e-02 2.386328e+01) (2.562907e-03 8.757474e-04 -3.760718e-02)) ((4.265236e-03 -1.804676e-01 1.137811e-02) (1.509569e-05 5.086489e-04 -2.947236e-04))
5.83          	((-3.358688e-02 2.710620e-02 2.537085e+01) (2.473009e-03 8.692443e-04 -3.249695e-02)) ((3.659371e-03 -1.934899e-01 1.060287e-02) (1.385732e-05 4.442794e-04 -2.961993e-04))
5.84          	((-3.743284e-02 2.502709e-02 2.681367e+01) (2.375524e-03 8.626034e-04 -2.737374e-02)) ((3.027751e-03 -2.054923e-01 9.688285e-03) (1.302586e-05 3.799229e-04 -2.967339e-04))
5.85          	((-4.159893e-02 2.280661e-02 2.819468e+01) (2.271915e-03 8.565001e-04 -2.224612e-02)) ((2.664773e-03 -2.168911e-01 9.279365e-03) (1.365559e-05 3.158396e-04 -2.957926e-04))
5.86          	((-4.626403e-02 2.416759e-02 2.949148e+01) (2.154845e-03 8.448895e-04 -1.711576e-02)) ((2.922993e-03 -2.285882e-01 8.659030e-03) (1.437392e-05 2.517073e-04 -2.938650e-04))
5.87          	((-5.217380e-02 2.758319e-02 3.074001e+01) (2.027356e-03 8.270527e-04 -1.199436e-02)) ((2.697350e-03 -2.395401e-01 8.205704e-03) (1.539396e-05 1.874419e-04 -2.916356e-04))
5.88          	((-5.839951e-02 2.407469e-02 3.190867e+01) (1.890134e-03 8.076208e-04 -6.888818e-03)) ((2.491446e-03 -2.503021e-01 7.943884e-03) (1.661753e-05 1.238508e-04 -2.885577e-04))
5.89          	((-6.640995e-02 2.448538e-02 3.300107e+01) (1.752288e-03 7.925459e-04 -1.806249e-03)) ((2.203586e-03 -2.595036e-01 6.870059e-03) (1.753454e-05 6.076326e-05 -2.839437e-04))
5.9           	((-7.410330e-02 2.192006e-02 3.402864e+01) (1.611224e-03 7.773121e-04 3.257322e-03)) ((2.554887e-03 -2.691913e-01 6.708495e-03) (1.776176e-05 -1.973600e-06 -2.795209e-04))
5.91          	((-8.141494e-02 2.221463e-02 3.499340e+01) (1.464557e-03 7.616501e-04 8.300203e-03)) ((2.082055e-03 -2.776468e-01 6.204576e-03) (1.749543e-05 -6.380812e-05 -2.752590e-04))
5.92          	((-8.831223e-02 2.356613e-02 3.588583e+01) (1.314077e-03 7.446235e-04 1.331600e-02)) ((1.382920e-03 -2.864166e-01 5.988539e-03) (1.710249e-05 -1.245411e-04 -2.726885e-04))
5.93          	((-9.634139e-02 2.283586e-02 3.671060e+01) (1.161737e-03 7.251497e-04 1.830593e-02)) ((7.050215e-04 -2.955648e-01 6.060855e-03) (1.676902e-05 -1.841645e-04 -2.723123e-04))
5.94          	((-1.017062e-01 2.638634e-02 3.744663e+01) (1.007578e-03 7.071303e-04 2.326434e-02)) ((1.254335e-05 -3.027256e-01 7.199057e-03) (1.534855e-05 -2.419641e-04 -2.725387e-04))
5.95          	((-1.143443e-01 2.591189e-02 3.813863e+01) (8.534898e-04 6.869969e-04 2.819947e-02)) ((5.432432e-04 -3.090197e-01 6.167313e-03) (1.366540e-05 -2.979949e-04 -2.734568e-04))
5.96          	((-1.285887e-01 2.353539e-02 3.878678e+01) (7.017978e-04 6.630726e-04 3.310865e-02)) ((8.580503e-04 -3.149257e-01 5.966843e-03) (1.210180e-05 -3.529878e-04 -2.765294e-04))
5.97          	((-1.411117e-01 2.044586e-02 3.936986e+01) (5.493131e-04 6.395090e-04 3.799273e-02)) ((1.339541e-03 -3.200138e-01 6.112471e-03) (9.942691e-06 -4.063718e-04 -2.804403e-04))
5.98          	((-1.492735e-01 2.502141e-02 3.990325e+01) (3.988335e-04 6.171848e-04 4.285302e-02)) ((9.764635e-04 -3.248449e-01 6.514279e-03) (7.718746e-06 -4.579633e-04 -2.873579e-04))
5.99          	((-1.638398e-01 2.552795e-02 4.042654e+01) (2.500684e-04 5.970496e-04 4.768939e-02)) ((-5.132399e-04 -3.288961e-01 5.971294e-03) (5.460231e-06 -5.073259e-04 -2.957841e-04))
6             	((-1.700689e-01 2.833207e-02 4.087539e+01) (1.115295e-04 5.836862e-04 5.250059e-02)) ((5.630174e-04 -3.321406e-01 5.413829e-03) (2.364047e-06 -5.539461e-04 -3.054777e-04))
6.01          	((-1.841359e-01 2.746044e-02 4.135204e+01) (-2.390941e-05 5.777890e-04 5.729979e-02)) ((-3.164650e-04 -3.360021e-01 4.412101e-03) (-1.269587e-06 -6.002668e-04 -3.171228e-04))
6.02          	((-1.817313e-01 2.290946e-02 4.156518e+01) (-1.543138e-04 5.800200e-04 6.205119e-02)) ((3.488885e-04 -3.381115e-01 5.492016e-03) (-5.868630e-06 -6.453890e-04 -3.284661e-04))
6.03          	((-1.817490e-01 2.647363e-02 4.207515e+01) (-2.817739e-04 5.870963e-04 6.677864e-02)) ((3.066647e-04 -3.408203e-01 4.887849e-03) (-1.072558e-05 -6.895096e-04 -3.400630e-04))
6.04          	((-1.913414e-01 2.975305e-02 4.238583e+01) (-4.065992e-04 5.966401e-04 7.146604e-02)) ((7.778471e-05 -3.428542e-01 4.168839e-03) (-1.611220e-05 -7.336508e-04 -3.516063e-04))
6.05          	((-1.964143e-01 2.697927e-02 4.262444e+01) (-5.306848e-04 6.092791e-04 7.610230e-02)) ((4.224044e-04 -3.432975e-01 3.946399e-03) (-2.190547e-05 -7.779104e-04 -3.628871e-04))
6.06          	((-1.955996e-01 2.974453e-02 4.281501e+01) (-6.522660e-04 6.188030e-04 8.066523e-02)) ((-3.672534e-04 -3.421963e-01 3.410890e-03) (-2.829058e-05 -8.228252e-04 -3.733015e-04))
6.07          	((-1.977116e-01 3.077516e-02 4.294787e+01) (-7.736178e-04 6.288593e-04 8.514289e-02)) ((-5.751381e-04 -3.404054e-01 3.413354e-03) (-3.349914e-05 -8.680958e-04 -3.843654e-04))
6.08          	((-1.951677e-01 2.936308e-02 4.302596e+01) (-8.956394e-04 6.330309e-04 8.951353e-02)) ((-2.154630e-05 -3.386329e-01 3.085365e-03) (-3.791722e-05 -9.147639e-04 -3.940376e-04))
6.09          	((-1.943843e-01 3.374257e-02 4.305329e+01) (-1.010937e-03 6.400338e-04 9.375620e-02)) ((-2.606865e-04 -3.359512e-01 3.325022e-03) (-4.331923e-05 -9.629721e-04 -4.023614e-04))
6.1           	((-1.945481e-01 3.435282e-02 4.302409e+01) (-1.122178e-03 6.525604e-04 9.786377e-02)) ((1.113845e-05 -3.332592e-01 3.179564e-03) (-4.998833e-05 -1.011676e-03 -4.100279e-04))
6.11          	((-1.933333e-01 3.334035e-02 4.292531e+01) (-1.230543e-03 6.621515e-04 1.018150e-01)) ((1.044656e-04 -3.297740e-01 3.090885e-03) (-5.359925e-05 -1.062230e-03 -4.167769e-04))
6.12          	((-1.909099e-01 4.067660e-02 4.277111e+01) (-1.330334e-03 6.716118e-04 1.055691e-01)) ((-5.530293e-04 -3.256130e-01 3.142698e-03) (-5.487616e-05 -1.114029e-03 -4.230275e-04))
6.13          	((-1.883096e-01 4.339318e-02 4.254681e+01) (-1.417198e-03 6.782393e-04 1.091121e-01)) ((-3.677504e-04 -3.211636e-01 3.193046e-03) (-5.437882e-05 -1.167083e-03 -4.267206e-04))
6.14          	((-1.856170e-01 4.768743e-02 4.224623e+01) (-1.495942e-03 6.912788e-04 1.124156e-01)) ((-8.513487e-04 -3.157300e-01 3.002332e-03) (-5.006974e-05 -1.221252e-03 -4.276935e-04))
6.15          	((-1.845373e-01 4.891955e-02 4.186251e+01) (-1.561987e-03 7.114801e-04 1.154667e-01)) ((-2.132169e-03 -3.092114e-01 3.289994e-03) (-4.409751e-05 -1.275937e-03 -4.266993e-04))
6.16          	((-1.841078e-01 5.103808e-02 4.140051e+01) (-1.615490e-03 7.323855e-04 1.182556e-01)) ((-3.161891e-03 -3.023166e-01 3.851646e-03) (-3.758423e-05 -1.330552e-03 -4.233555e-04))
6.17          	((-1.806453e-01 5.492327e-02 4.086271e+01) (-1.658095e-03 7.507074e-04 1.207740e-01)) ((-4.178423e-03 -2.947807e-01 3.761353e-03) (-3.015675e-05 -1.384485e-03 -4.190320e-04))
6.18          	((-1.835284e-01 5.369977e-02 4.024260e+01) (-1.701478e-03 7.648536e-04 1.230199e-01)) ((-5.334266e-03 -2.862204e-01 3.121637e-03) (-2.297259e-05 -1.439464e-03 -4.156470e-04))
6.19          	((-1.835268e-01 5.179688e-02 3.953391e+01) (-1.746941e-03 7.702857e-04 1.249763e-01)) ((-6.124310e-03 -2.764688e-01 2.456280e-03) (-1.472517e-05 -1.493866e-03 -4.125184e-04))
6.2           	((-1.825451e-01 4.855929e-02 3.874712e+01) (-1.787440e-03 7.684396e-04 1.266398e-01)) ((-6.428213e-03 -2.667225e-01 1.301563e-03) (-4.283969e-06 -1.547581e-03 -4.081083e-04))
6.21          	((-1.869899e-01 4.893788e-02 3.787053e+01) (-1.828035e-03 7.541153e-04 1.280045e-01)) ((-7.443035e-03 -2.559768e-01 1.488378e-04) (7.356588e-06 -1.600852e-03 -4.034100e-04))
6.22          	((-1.874020e-01 4.952730e-02 3.691143e+01) (-1.865061e-03 7.265413e-04 1.290607e-01)) ((-8.262426e-03 -2.452928e-01 -2.308211e-03) (1.857359e-05 -1.653721e-03 -3.988955e-04))
6.23          	((-1.855904e-01 4.370981e-02 3.586437e+01) (-1.899147e-03 6.867594e-04 1.298049e-01)) ((-8.041217e-03 -2.338608e-01 -4.476235e-03) (2.850204e-05 -1.705754e-03 -3.932571e-04))
6.24          	((-1.794158e-01 3.965356e-02 3.473042e+01) (-1.930316e-03 6.395999e-04 1.302435e-01)) ((-8.250673e-03 -2.224585e-01 -6.790226e-03) (3.797824e-05 -1.757932e-03 -3.858444e-04))
6.25          	((-1.691583e-01 3.420417e-02 3.351612e+01) (-1.963962e-03 5.868713e-04 1.303711e-01)) ((-7.852348e-03 -2.107108e-01 -9.445325e-03) (4.583331e-05 -1.810746e-03 -3.773699e-04))
6.26          	((-1.572344e-01 2.858329e-02 3.222098e+01) (-1.992727e-03 5.338292e-04 1.302001e-01)) ((-8.006733e-03 -1.989321e-01 -1.192923e-02) (5.390669e-05 -1.861335e-03 -3.675632e-04))
6.27          	((-1.431589e-01 2.545574e-02 3.084329e+01) (-2.021874e-03 4.835975e-04 1.297343e-01)) ((-7.183027e-03 -1.874824e-01 -1.477858e-02) (6.062510e-05 -1.908320e-03 -3.559925e-04))
6.28          	((-1.246617e-01 2.660602e-02 2.938680e+01) (-2.052123e-03 4.378403e-04 1.289835e-01)) ((-6.967306e-03 -1.758276e-01 -1.735032e-02) (6.589550e-05 -1.952043e-03 -3.428617e-04))
6.29          	((-1.063517e-01 2.053667e-02 2.785872e+01) (-2.087401e-03 4.038865e-04 1.279569e-01)) ((-6.707964e-03 -1.634337e-01 -1.952362e-02) (6.859368e-05 -1.991769e-03 -3.287671e-04))
6.3           	((-8.636909e-02 1.608884e-02 2.626248e+01) (-2.130162e-03 3.738567e-04 1.266658e-01)) ((-6.184244e-03 -1.513823e-01 -2.124047e-02) (7.040197e-05 -2.027376e-03 -3.137380e-04))
6.31          	((-6.870604e-02 1.372339e-02 2.458915e+01) (-2.181816e-03 3.481669e-04 1.251227e-01)) ((-5.769708e-03 -1.391793e-01 -2.282915e-02) (7.252418e-05 -2.057710e-03 -2.955052e-04))
6.32          	((-5.164260e-02 1.362739e-02 2.286530e+01) (-2.243600e-03 3.305189e-04 1.233420e-01)) ((-5.419899e-03 -1.267002e-01 -2.393314e-02) (7.291509e-05 -2.083069e-03 -2.772003e-04))
6.33          	((-3.959687e-02 1.149797e-02 2.108651e+01) (-2.317256e-03 3.193732e-04 1.213348e-01)) ((-4.641706e-03 -1.147446e-01 -2.502659e-02) (7.315234e-05 -2.101689e-03 -2.599965e-04))
6.34          	((-2.786278e-02 1.050175e-02 1.926406e+01) (-2.399477e-03 3.121175e-04 1.191145e-01)) ((-4.375056e-03 -1.026451e-01 -2.531824e-02) (7.222426e-05 -2.114936e-03 -2.434991e-04))
6.35          	((-1.734785e-02 9.524349e-03 1.740061e+01) (-2.485686e-03 3.058104e-04 1.166888e-01)) ((-4.183474e-03 -9.034149e-02 -2.634924e-02) (7.229604e-05 -2.122668e-03 -2.272175e-04))
6.36          	((-9.873066e-03 1.011588e-02 1.549980e+01) (-2.574169e-03 3.068477e-04 1.140676e-01)) ((-3.756136e-03 -7.820727e-02 -2.664666e-02) (7.241535e-05 -2.124744e-03 -2.129283e-04))
6.37          	((-1.404844e-03 6.629638e-03 1.357874e+01) (-2.670909e-03 3.099799e-04 1.112592e-01)) ((-3.372313e-03 -6.507116e-02 -2.782115e-02) (7.290115e-05 -2.121157e-03 -1.998061e-04))
6.38          	((3.462783e-03 8.725895e-03 1.163976e+01) (-2.774346e-03 3.159661e-04 1.082715e-01)) ((-3.843160e-03 -5.156702e-02 -2.837680e-02) (7.448455e-05 -2.112016e-03 -1.878161e-04))
6.39          	((8.624445e-03 4.766611e-03 9.678065e+00) (-2.882577e-03 3.229573e-04 1.051134e-01)) ((-3.298305e-03 -3.787879e-02 -2.815928e-02) (7.695582e-05 -2.098038e-03 -1.770221e-04))
6.4           	((1.274451e-02 1.418187e-03 7.703668e+00) (-2.988637e-03 3.366264e-04 1.017936e-01)) ((-2.953446e-03 -2.369538e-02 -2.927486e-02) (7.995284e-05 -2.077882e-03 -1.670831e-04))
6.41          	((1.578063e-02 6.140968e-04 5.725985e+00) (-3.094860e-03 3.542313e-04 9.832522e-02)) ((-3.511483e-03 -9.520514e-03 -2.985683e-02) (8.293946e-05 -2.053249e-03 -1.582486e-04))
6.42          	((1.853104e-02 -4.726298e-04 3.740480e+00) (-3.197415e-03 3.678614e-04 9.471982e-02)) ((-3.694080e-03 5.224655e-03 -3.056699e-02) (8.604088e-05 -2.024209e-03 -1.504343e-04))
6.43          	((2.107397e-02 -4.522898e-03 1.758505e+00) (-3.292479e-03 3.803861e-04 9.098867e-02)) ((-3.701022e-03 2.058538e-02 -3.033227e-02) (8.863667e-05 -1.990716e-03 -1.441684e-04))
6.44          	((2.312738e-02 -3.728899e-03 -2.151397e-01) (-3.375562e-03 3.934392e-04 8.713732e-02)) ((-3.994693e-03 3.619989e-02 -3.044457e-02) (9.015526e-05 -1.953373e-03 -1.395181e-04))
6.45          	((2.487162e-02 -7.355613e-03 -2.180374e+00) (-3.447914e-03 4.035110e-04 8.318024e-02)) ((-3.974651e-03 5.154454e-02 -3.081170e-02) (9.032037e-05 -1.912693e-03 -1.361107e-04))
6.46          	((2.816909e-02 -9.334838e-03 -4.129094e+00) (-3.501609e-03 4.106611e-04 7.912628e-02)) ((-3.876875e-03 6.742355e-02 -3.030730e-02) (8.904091e-05 -1.868362e-03 -1.334991e-04))
6.47          	((3.065951e-02 -7.833949e-03 -6.058095e+00) (-3.543887e-03 4.180112e-04 7.497826e-02)) ((-3.935098e-03 8.278935e-02 -2.930930e-02) (8.716497e-05 -1.820678e-03 -1.309383e-04))
6.48          	((3.096498e-02 -1.362207e-02 -7.971677e+00) (-3.570718e-03 4.224883e-04 7.074604e-02)) ((-4.200749e-03 9.815928e-02 -2.839938e-02) (8.453577e-05 -1.770113e-03 -1.295794e-04))
6.49          	((3.319263e-02 -1.732993e-02 -9.863899e+00) (-3.583052e-03 4.261279e-04 6.643113e-02)) ((-3.948753e-03 1.134934e-01 -2.711921e-02) (8.108800e-05 -1.716620e-03 -1.294416e-04))
6.5           	((3.196470e-02 -1.650500e-02 -1.172765e+01) (-3.581162e-03 4.285890e-04 6.204951e-02)) ((-4.574791e-03 1.283156e-01 -2.587426e-02) (7.725325e-05 -1.660727e-03 -1.308578e-04))
6.51          	((3.024072e-02 -1.821460e-02 -1.355832e+01) (-3.567784e-03 4.276769e-04 5.760378e-02)) ((-4.689744e-03 1.432070e-01 -2.464789e-02) (7.387674e-05 -1.602125e-03 -1.329092e-04))
6.52          	((2.922487e-02 -1.559677e-02 -1.535577e+01) (-3.543661e-03 4.263603e-04 5.310658e-02)) ((-5.555239e-03 1.581070e-01 -2.310759e-02) (7.026769e-05 -1.541965e-03 -1.362301e-04))
6.53          	((2.645751e-02 -1.468837e-02 -1.711048e+01) (-3.513239e-03 4.240973e-04 4.855624e-02)) ((-5.995997e-03 1.721914e-01 -2.157487e-02) (6.737954e-05 -1.479296e-03 -1.401432e-04))
6.54          	((2.495557e-02 -1.290254e-02 -1.883619e+01) (-3.471356e-03 4.271270e-04 4.396727e-02)) ((-6.172865e-03 1.862459e-01 -1.992209e-02) (6.507017e-05 -1.414655e-03 -1.446194e-04))
6.55          	((2.318355e-02 -1.009840e-02 -2.050696e+01) (-3.426427e-03 4.297151e-04 3.933543e-02)) ((-6.660887e-03 1.998009e-01 -1.847688e-02) (6.280361e-05 -1.349907e-03 -1.492494e-04))
6.56          	((1.763076e-02 -5.031194e-03 -2.213267e+01) (-3.375354e-03 4.330897e-04 3.467033e-02)) ((-7.014973e-03 2.126225e-01 -1.704429e-02) (6.127475e-05 -1.285139e-03 -1.527115e-04))
6.57          	((1.101243e-02 2.069039e-03 -2.370848e+01) (-3.317083e-03 4.321601e-04 2.997886e-02)) ((-8.291911e-03 2.252704e-01 -1.557257e-02) (6.042573e-05 -1.219752e-03 -1.555340e-04))
6.58          	((7.204732e-03 7.596657e-03 -2.522307e+01) (-3.252141e-03 4.258335e-04 2.526469e-02)) ((-8.943111e-03 2.375294e-01 -1.401057e-02) (5.966969e-05 -1.153704e-03 -1.576567e-04))
6.59          	((1.725748e-03 1.128201e-02 -2.669257e+01) (-3.184534e-03 4.146197e-04 2.053395e-02)) ((-9.436861e-03 2.496146e-01 -1.198329e-02) (5.994765e-05 -1.087970e-03 -1.588216e-04))
6.6           	((-6.580857e-03 1.559207e-02 -2.808814e+01) (-3.111315e-03 3.956453e-04 1.579139e-02)) ((-1.011939e-02 2.604845e-01 -1.050689e-02) (6.085415e-05 -1.022331e-03 -1.591126e-04))
6.61          	((-1.703879e-02 1.899622e-02 -2.941639e+01) (-3.038595e-03 3.737860e-04 1.104239e-02)) ((-1.075735e-02 2.711319e-01 -8.774672e-03) (6.207585e-05 -9.567967e-04 -1.585389e-04))
6.62          	((-2.496092e-02 2.695944e-02 -3.068623e+01) (-2.959607e-03 3.484727e-04 6.292020e-03)) ((-1.119365e-02 2.806225e-01 -7.255095e-03) (6.359926e-05 -8.913779e-04 -1.574081e-04))
6.63          	((-3.467075e-02 3.197787e-02 -3.188498e+01) (-2.874583e-03 3.248601e-04 1.544206e-03)) ((-1.181469e-02 2.900056e-01 -5.565910e-03) (6.562995e-05 -8.266978e-04 -1.568109e-04))
6.64          	((-4.193827e-02 3.641327e-02 -3.300526e+01) (-2.788508e-03 2.972124e-04 -3.199831e-03)) ((-1.221070e-02 2.983497e-01 -3.962635e-03) (6.857090e-05 -7.630915e-04 -1.557736e-04))
6.65          	((-4.763165e-02 4.199500e-02 -3.404443e+01) (-2.703096e-03 2.656568e-04 -7.939047e-03)) ((-1.234685e-02 3.057317e-01 -3.050111e-03) (7.159403e-05 -7.005793e-04 -1.525821e-04))
6.66          	((-5.617524e-02 4.651533e-02 -3.503585e+01) (-2.615774e-03 2.361830e-04 -1.266659e-02)) ((-1.253034e-02 3.130123e-01 -1.101749e-03) (7.464112e-05 -6.385453e-04 -1.473640e-04))
6.67          	((-6.316276e-02 5.020528e-02 -3.595958e+01) (-2.525358e-03 2.105662e-04 -1.739623e-02)) ((-1.208173e-02 3.194309e-01 3.894865e-04) (7.781795e-05 -5.771198e-04 -1.422433e-04))
6.68          	((-6.737078e-02 5.796060e-02 -3.681238e+01) (-2.436578e-03 1.888550e-04 -2.212579e-02)) ((-1.319335e-02 3.250869e-01 1.901862e-03) (8.075322e-05 -5.166974e-04 -1.364160e-04))
6.69          	((-7.313277e-02 5.873073e-02 -3.761373e+01) (-2.351442e-03 1.744621e-04 -2.685695e-02)) ((-1.422380e-02 3.302161e-01 3.466043e-03) (8.307715e-05 -4.572874e-04 -1.285066e-04))
6.7           	((-8.209306e-02 6.454318e-02 -3.833929e+01) (-2.261208e-03 1.608180e-04 -3.159563e-02)) ((-1.458786e-02 3.347103e-01 4.480973e-03) (8.494402e-05 -3.988672e-04 -1.204872e-04))
6.71          	((-8.878333e-02 6.720031e-02 -3.901758e+01) (-2.172788e-03 1.464844e-04 -3.634404e-02)) ((-1.456983e-02 3.383046e-01 5.683895e-03) (8.760012e-05 -3.414996e-04 -1.126271e-04))
6.72          	((-9.371029e-02 6.743147e-02 -3.963214e+01) (-2.088395e-03 1.329632e-04 -4.110498e-02)) ((-1.521021e-02 3.405858e-01 7.533956e-03) (9.058363e-05 -2.843623e-04 -1.047552e-04))
6.73          	((-9.401547e-02 7.096378e-02 -4.017446e+01) (-2.011130e-03 1.134816e-04 -4.589088e-02)) ((-1.590566e-02 3.415014e-01 8.766462e-03) (9.483910e-05 -2.271641e-04 -9.651106e-05))
6.74          	((-9.121219e-02 6.865137e-02 -4.067391e+01) (-1.931417e-03 9.246700e-05 -5.069201e-02)) ((-1.460895e-02 3.421830e-01 9.289227e-03) (9.855282e-05 -1.692619e-04 -8.828307e-05))
6.75          	((-8.288625e-02 7.119458e-02 -4.113065e+01) (-1.848471e-03 7.546763e-05 -5.550054e-02)) ((-1.405298e-02 3.433561e-01 1.124103e-02) (1.021645e-04 -1.103002e-04 -7.987437e-05))
6.76          	((-8.923612e-02 6.934225e-02 -4.161614e+01) (-1.774815e-03 5.996871e-05 -6.031859e-02)) ((-1.411914e-02 3.429261e-01 1.203541e-02) (1.042445e-04 -5.041461e-05 -7.225138e-05))
6.77          	((-7.908041e-02 7.025563e-02 -4.179325e+01) (-1.705862e-03 4.740166e-05 -6.512044e-02)) ((-1.256599e-02 3.397072e-01 1.318915e-02) (1.055515e-04 1.059155e-05 -6.504839e-05))
6.78          	((-7.509249e-02 7.954287e-02 -4.227475e+01) (-1.635473e-03 4.197010e-05 -6.993066e-02)) ((-1.326428e-02 3.405901e-01 1.395195e-02) (1.049787e-04 7.494103e-05 -5.883170e-05))
6.79          	((-7.347037e-02 8.221728e-02 -4.252305e+01) (-1.562940e-03 3.691962e-05 -7.474009e-02)) ((-1.372054e-02 3.380930e-01 1.428716e-02) (1.040183e-04 1.430615e-04 -5.406718e-05))
6.8           	((-6.699621e-02 7.731970e-02 -4.272762e+01) (-1.485110e-03 3.285615e-05 -7.953224e-02)) ((-1.296564e-02 3.337303e-01 1.497131e-02) (1.017764e-04 2.153391e-04 -4.932752e-05))
6.81          	((-5.496596e-02 7.429009e-02 -4.289259e+01) (-1.402360e-03 2.971464e-05 -8.428970e-02)) ((-1.249226e-02 3.301123e-01 1.520625e-02) (9.756509e-05 2.900937e-04 -4.417149e-05))
6.82          	((-4.631831e-02 7.062756e-02 -4.300775e+01) (-1.314195e-03 2.667714e-05 -8.899717e-02)) ((-1.254357e-02 3.262243e-01 1.549773e-02) (9.204324e-05 3.676714e-04 -4.040403e-05))
6.83          	((-3.444852e-02 7.170051e-02 -4.304541e+01) (-1.220168e-03 3.074708e-05 -9.362148e-02)) ((-1.240359e-02 3.218778e-01 1.598830e-02) (8.563389e-05 4.488761e-04 -3.648464e-05))
6.84          	((-1.771339e-02 6.479305e-02 -4.304371e+01) (-1.115661e-03 3.464229e-05 -9.814583e-02)) ((-1.167290e-02 3.179157e-01 1.569754e-02) (8.001973e-05 5.328521e-04 -3.390177e-05))
6.85          	((6.898732e-04 5.584982e-02 -4.296897e+01) (-1.000573e-03 3.703598e-05 -1.025544e-01)) ((-1.179048e-02 3.135805e-01 1.510689e-02) (7.466595e-05 6.198502e-04 -3.089618e-05))
6.86          	((1.706807e-02 5.083422e-02 -4.284820e+01) (-8.739178e-04 4.128561e-05 -1.068112e-01)) ((-1.125082e-02 3.091009e-01 1.453456e-02) (7.088279e-05 7.084732e-04 -2.922113e-05))
6.87          	((3.181204e-02 4.671338e-02 -4.266589e+01) (-7.359601e-04 5.235078e-05 -1.108989e-01)) ((-1.075943e-02 3.050959e-01 1.392943e-02) (6.762405e-05 7.998592e-04 -3.018726e-05))
6.88          	((5.052479e-02 3.540448e-02 -4.242184e+01) (-5.834901e-04 6.819071e-05 -1.147869e-01)) ((-1.019990e-02 3.012049e-01 1.271008e-02) (6.541100e-05 8.928497e-04 -3.463581e-05))
6.89          	((6.765196e-02 2.345022e-02 -4.210538e+01) (-4.176914e-04 8.966110e-05 -1.184518e-01)) ((-9.642816e-03 2.963385e-01 1.105616e-02) (6.277903e-05 9.872605e-04 -4.112324e-05))
6.9           	((8.633393e-02 1.248316e-02 -4.172119e+01) (-2.414735e-04 1.162400e-04 -1.218704e-01)) ((-8.089995e-03 2.913927e-01 9.357521e-03) (6.022911e-05 1.081815e-03 -4.965097e-05))
6.91          	((1.046524e-01 2.190246e-03 -4.126540e+01) (-4.985740e-05 1.472172e-04 -1.250230e-01)) ((-6.707905e-03 2.870008e-01 8.206931e-03) (5.985104e-05 1.174848e-03 -5.798468e-05))
6.92          	((1.243388e-01 -1.189712e-02 -4.072764e+01) (1.530278e-04 1.763509e-04 -1.278992e-01)) ((-4.865685e-03 2.813842e-01 7.324045e-03) (6.096497e-05 1.264468e-03 -6.735954e-05))
6.93          	((1.436795e-01 -2.650318e-02 -4.010496e+01) (3.712649e-04 2.008930e-04 -1.304864e-01)) ((-2.380806e-03 2.760261e-01 6.034464e-03) (6.365323e-05 1.350732e-03 -7.660825e-05))
6.94          	((1.635303e-01 -4.266334e-02 -3.940194e+01) (6.003270e-04 2.187359e-04 -1.327722e-01)) ((-2.302550e-04 2.704843e-01 4.838477e-03) (6.815300e-05 1.432500e-03 -8.557938e-05))
6.95          	((1.814952e-01 -5.462863e-02 -3.861022e+01) (8.375801e-04 2.271183e-04 -1.347464e-01)) ((2.284426e-03 2.642118e-01 4.015353e-03) (7.307655e-05 1.508300e-03 -9.478455e-05))
6.96          	((1.981696e-01 -6.935545e-02 -3.773201e+01) (1.086512e-03 2.356154e-04 -1.364041e-01)) ((5.040382e-03 2.579333e-01 3.124977e-03) (7.824242e-05 1.577925e-03 -1.016544e-04))
6.97          	((2.142449e-01 -8.230909e-02 -3.676688e+01) (1.343464e-03 2.488350e-04 -1.377375e-01)) ((7.205656e-03 2.515581e-01 2.145367e-03) (8.304174e-05 1.641304e-03 -1.082221e-04))
6.98          	((2.248553e-01 -9.016817e-02 -3.570624e+01) (1.612466e-03 2.590253e-04 -1.387454e-01)) ((9.590379e-03 2.441465e-01 1.146650e-03) (8.813576e-05 1.695860e-03 -1.142019e-04))
6.99          	((2.339088e-01 -9.614090e-02 -3.456156e+01) (1.886812e-03 2.723935e-04 -1.394349e-01)) ((1.259986e-02 2.373196e-01 5.649470e-04) (9.317940e-05 1.742405e-03 -1.190187e-04))
7             	((2.406246e-01 -1.025484e-01 -3.333152e+01) (2.160296e-03 2.882185e-04 -1.398046e-01)) ((1.451439e-02 2.292035e-01 3.504200e-05) (9.803483e-05 1.781550e-03 -1.240139e-04))
7.01          	((2.420291e-01 -1.057965e-01 -3.201956e+01) (2.426476e-03 3.093195e-04 -1.398681e-01)) ((1.582931e-02 2.217841e-01 -4.611818e-04) (1.016721e-04 1.813074e-03 -1.288585e-04))
7.02          	((2.408180e-01 -1.082237e-01 -3.062533e+01) (2.684439e-03 3.294635e-04 -1.396347e-01)) ((1.736859e-02 2.131045e-01 -9.981450e-04) (1.039145e-04 1.836661e-03 -1.332430e-04))
7.03          	((2.355155e-01 -1.131677e-01 -2.916445e+01) (2.935817e-03 3.534939e-04 -1.391139e-01)) ((1.877269e-02 2.047868e-01 -1.335131e-03) (1.031636e-04 1.852678e-03 -1.373093e-04))
7.04          	((2.280430e-01 -1.151973e-01 -2.763391e+01) (3.171007e-03 3.788307e-04 -1.383115e-01)) ((1.964143e-02 1.959759e-01 -1.043294e-03) (1.016224e-04 1.860130e-03 -1.415541e-04))
7.05          	((2.164555e-01 -1.156558e-01 -2.603900e+01) (3.382002e-03 4.038262e-04 -1.372384e-01)) ((2.052572e-02 1.863062e-01 -1.304779e-03) (9.934859e-05 1.858734e-03 -1.460586e-04))
7.06          	((2.036292e-01 -1.150790e-01 -2.438394e+01) (3.573725e-03 4.295606e-04 -1.359063e-01)) ((2.110810e-02 1.767102e-01 -1.142420e-03) (9.637949e-05 1.849213e-03 -1.503838e-04))
7.07          	((1.899178e-01 -1.130556e-01 -2.267658e+01) (3.733739e-03 4.575284e-04 -1.343301e-01)) ((2.104994e-02 1.670456e-01 -7.595436e-04) (9.222904e-05 1.831324e-03 -1.543505e-04))
7.08          	((1.759229e-01 -1.130008e-01 -2.092510e+01) (3.864360e-03 4.910775e-04 -1.325129e-01)) ((2.107895e-02 1.567121e-01 -3.067582e-05) (8.766820e-05 1.805565e-03 -1.581683e-04))
7.09          	((1.601439e-01 -1.112041e-01 -1.912513e+01) (3.971124e-03 5.243376e-04 -1.304653e-01)) ((2.070165e-02 1.458280e-01 1.129231e-03) (8.269656e-05 1.774293e-03 -1.615274e-04))
7.1           	((1.463053e-01 -1.057961e-01 -1.728542e+01) (4.054606e-03 5.548771e-04 -1.281923e-01)) ((2.031412e-02 1.331896e-01 2.358108e-03) (7.762001e-05 1.737005e-03 -1.650858e-04))
7.11          	((1.319397e-01 -1.029042e-01 -1.541738e+01) (4.107593e-03 5.812083e-04 -1.257088e-01)) ((1.975277e-02 1.205492e-01 3.702512e-03) (7.228729e-05 1.694546e-03 -1.695430e-04))
7.12          	((1.197874e-01 -9.683004e-02 -1.352108e+01) (4.134037e-03 6.045683e-04 -1.230160e-01)) ((1.895508e-02 1.072550e-01 5.336300e-03) (6.756727e-05 1.647719e-03 -1.747629e-04))
7.13          	((1.082231e-01 -8.929368e-02 -1.160002e+01) (4.142541e-03 6.261656e-04 -1.201291e-01)) ((1.758957e-02 9.412798e-02 7.054936e-03) (6.324036e-05 1.598763e-03 -1.807268e-04))
7.14          	((9.699939e-02 -8.136094e-02 -9.663101e+00) (4.127631e-03 6.441843e-04 -1.170494e-01)) ((1.611972e-02 8.017543e-02 9.137416e-03) (5.893167e-05 1.546923e-03 -1.866599e-04))
7.15          	((8.685469e-02 -6.860588e-02 -7.712181e+00) (4.096732e-03 6.609273e-04 -1.137809e-01)) ((1.440104e-02 6.604496e-02 1.090457e-02) (5.522616e-05 1.492212e-03 -1.933581e-04))
7.16          	((7.705221e-02 -5.876035e-02 -5.747778e+00) (4.054847e-03 6.771011e-04 -1.103325e-01)) ((1.273998e-02 5.121822e-02 1.219655e-02) (5.183528e-05 1.435771e-03 -2.011437e-04))
7.17          	((6.535692e-02 -5.193546e-02 -3.775779e+00) (4.002830e-03 6.882080e-04 -1.067091e-01)) ((1.193903e-02 3.626899e-02 1.360419e-02) (4.927998e-05 1.377773e-03 -2.092450e-04))
7.18          	((5.526987e-02 -4.335384e-02 -1.794281e+00) (3.948021e-03 6.963831e-04 -1.029143e-01)) ((1.037447e-02 2.109024e-02 1.489002e-02) (4.716380e-05 1.319326e-03 -2.179193e-04))
7.19          	((4.481310e-02 -3.666562e-02 1.877458e-01) (3.891024e-03 7.042221e-04 -9.896023e-02)) ((9.547571e-03 5.666573e-03 1.591211e-02) (4.551101e-05 1.260017e-03 -2.272539e-04))
7.2           	((3.652126e-02 -2.559125e-02 2.165146e+00) (3.835310e-03 7.179198e-04 -9.485371e-02)) ((8.350092e-03 -9.669764e-03 1.682843e-02) (4.393417e-05 1.200082e-03 -2.374422e-04))
7.21          	((2.778983e-02 -1.679654e-02 4.130563e+00) (3.776315e-03 7.301354e-04 -9.060867e-02)) ((7.419341e-03 -2.504676e-02 1.665248e-02) (4.233523e-05 1.139413e-03 -2.482331e-04))
7.22          	((1.864693e-02 -9.530829e-03 6.084439e+00) (3.712157e-03 7.449409e-04 -8.623337e-02)) ((6.781889e-03 -4.076751e-02 1.658681e-02) (3.949068e-05 1.077935e-03 -2.592446e-04))
7.23          	((1.057007e-02 -2.644830e-03 8.019791e+00) (3.646516e-03 7.577814e-04 -8.173799e-02)) ((6.429281e-03 -5.609823e-02 1.657283e-02) (3.697216e-05 1.015808e-03 -2.706970e-04))
7.24          	((3.904751e-03 2.273737e-03 9.931777e+00) (3.578983e-03 7.682707e-04 -7.713632e-02)) ((5.918952e-03 -7.136001e-02 1.644775e-02) (3.418917e-05 9.535747e-04 -2.815272e-04))
7.25          	((-1.722765e-03 5.054067e-03 1.181104e+01) (3.512184e-03 7.765776e-04 -7.243619e-02)) ((5.831698e-03 -8.647226e-02 1.572039e-02) (3.112824e-05 8.915547e-04 -2.910450e-04))
7.26          	((-8.279601e-03 7.390835e-03 1.366202e+01) (3.443056e-03 7.878681e-04 -6.765041e-02)) ((5.829797e-03 -1.013532e-01 1.521458e-02) (2.843749e-05 8.288276e-04 -3.002658e-04))
7.27          	((-1.482102e-02 7.831248e-03 1.548116e+01) (3.368068e-03 8.002546e-04 -6.278636e-02)) ((5.531524e-03 -1.160063e-01 1.454812e-02) (2.574346e-05 7.658914e-04 -3.091945e-04))
7.28          	((-1.845737e-02 1.104679e-02 1.725975e+01) (3.289182e-03 8.091679e-04 -5.785466e-02)) ((4.978041e-03 -1.300882e-01 1.384004e-02) (2.316546e-05 7.028655e-04 -3.175297e-04))
7.29          	((-2.144766e-02 1.261478e-02 1.899218e+01) (3.206414e-03 8.119080e-04 -5.287148e-02)) ((4.728308e-03 -1.433343e-01 1.322542e-02) (2.158327e-05 6.392832e-04 -3.241497e-04))
7.3           	((-2.643401e-02 1.858385e-02 2.067868e+01) (3.117841e-03 8.109121e-04 -4.784773e-02)) ((4.146783e-03 -1.571185e-01 1.242927e-02) (1.998608e-05 5.756557e-04 -3.294711e-04))
7.31          	((-3.244535e-02 1.871327e-02 2.230910e+01) (3.022767e-03 8.053054e-04 -4.278357e-02)) ((4.434420e-03 -1.712253e-01 1.180675e-02) (1.788993e-05 5.119020e-04 -3.334945e-04))
7.32          	((-3.623148e-02 2.120465e-02 2.387453e+01) (2.921764e-03 7.975294e-04 -3.768822e-02)) ((4.380747e-03 -1.846133e-01 1.108345e-02) (1.624422e-05 4.485880e-04 -3.351718e-04))
7.33          	((-3.813918e-02 2.499715e-02 2.538580e+01) (2.818568e-03 7.863807e-04 -3.257077e-02)) ((3.566118e-03 -1.973359e-01 1.037005e-02) (1.481653e-05 3.857018e-04 -3.356802e-04))
7.34          	((-4.069868e-02 2.350391e-02 2.682688e+01) (2.710766e-03 7.742272e-04 -2.744017e-02)) ((3.193327e-03 -2.090483e-01 9.450804e-03) (1.374380e-05 3.230829e-04 -3.350042e-04))
7.35          	((-4.439766e-02 2.234707e-02 2.820494e+01) (2.595113e-03 7.633683e-04 -2.230319e-02)) ((2.834814e-03 -2.206120e-01 8.820605e-03) (1.386874e-05 2.605483e-04 -3.327904e-04))
7.36          	((-4.971597e-02 2.431783e-02 2.950397e+01) (2.470534e-03 7.454092e-04 -1.716500e-02)) ((3.061128e-03 -2.322057e-01 8.173210e-03) (1.462583e-05 1.977626e-04 -3.299593e-04))
7.37          	((-5.316527e-02 2.304683e-02 3.074725e+01) (2.336494e-03 7.240918e-04 -1.203479e-02)) ((2.495592e-03 -2.428964e-01 7.669403e-03) (1.573325e-05 1.354187e-04 -3.270449e-04))
7.38          	((-5.872900e-02 2.401761e-02 3.192224e+01) (2.192373e-03 7.059209e-04 -6.921545e-03)) ((2.797420e-03 -2.532222e-01 7.478806e-03) (1.741980e-05 7.371149e-05 -3.232959e-04))
7.39          	((-6.759863e-02 2.046967e-02 3.301733e+01) (2.049756e-03 6.877339e-04 -1.827209e-03)) ((2.760487e-03 -2.623657e-01 6.631216e-03) (1.852911e-05 1.269078e-05 -3.182832e-04))
7.4           	((-7.311512e-02 2.023135e-02 3.403922e+01) (1.900990e-03 6.694454e-04 3.244073e-03)) ((2.857535e-03 -2.717194e-01 6.392050e-03) (1.956193e-05 -4.798292e-05 -3.128964e-04))
7.41          	((-8.174857e-02 1.482014e-02 3.500519e+01) (1.749245e-03 6.534954e-04 8.292027e-03)) ((2.761635e-03 -2.802589e-01 5.869754e-03) (2.022343e-05 -1.076511e-04 -3.074253e-04))
7.42          	((-8.736073e-02 1.907348e-02 3.589330e+01) (1.595634e-03 6.344517e-04 1.331687e-02)) ((2.779249e-03 -2.888247e-01 5.431018e-03) (2.127624e-05 -1.662222e-04 -3.033750e-04))
7.43          	((-9.325663e-02 1.868764e-02 3.671314e+01) (1.440900e-03 6.155541e-04 1.831573e-02)) ((2.410231e-03 -2.974882e-01 5.600964e-03) (2.141508e-05 -2.235753e-04 -3.016150e-04))
7.44          	((-9.622826e-02 2.217306e-02 3.745522e+01) (1.285862e-03 5.949832e-04 2.328380e-02)) ((1.959423e-03 -3.043667e-01 6.759590e-03) (2.082758e-05 -2.792005e-04 -3.005703e-04))
7.45          	((-1.075713e-01 2.360164e-02 3.814799e+01) (1.131618e-03 5.763487e-04 2.822898e-02)) ((1.483665e-03 -3.106755e-01 5.724164e-03) (2.019533e-05 -3.332579e-04 -2.997779e-04))
7.46          	((-1.216108e-01 1.920036e-02 3.879041e+01) (9.777003e-04 5.547153e-04 3.315130e-02)) ((2.520398e-03 -3.165842e-01 5.153041e-03) (1.924883e-05 -3.860436e-04 -3.010425e-04))
7.47          	((-1.303285e-01 1.929480e-02 3.936603e+01) (8.281144e-04 5.317646e-04 3.804790e-02)) ((2.622885e-03 -3.217779e-01 5.054532e-03) (1.785232e-05 -4.374940e-04 -3.043441e-04))
7.48          	((-1.404513e-01 2.036140e-02 3.991269e+01) (6.805888e-04 5.099198e-04 4.291887e-02)) ((2.344929e-03 -3.262005e-01 5.452025e-03) (1.642204e-05 -4.866669e-04 -3.104915e-04))
7.49          	((-1.516997e-01 2.129273e-02 4.043298e+01) (5.367671e-04 4.896825e-04 4.776750e-02)) ((1.095269e-03 -3.300551e-01 5.192099e-03) (1.501395e-05 -5.334032e-04 -3.182510e-04))
7.5           	((-1.564844e-01 2.401228e-02 4.089468e+01) (4.039683e-04 4.769424e-04 5.259390e-02)) ((1.823859e-03 -3.332708e-01 4.282690e-03) (1.221647e-05 -5.782386e-04 -3.273925e-04))
