# Forces      
# CofR        : (0.000000e+00 0.000000e+00 0.000000e+00)
# Time        forces(pressure viscous)	moments(pressure viscous)
0             	((0.000000e+00 0.000000e+00 0.000000e+00) (0.000000e+00 0.000000e+00 0.000000e+00)) ((0.000000e+00 0.000000e+00 0.000000e+00) (0.000000e+00 0.000000e+00 0.000000e+00))
0.01          	((3.277488e-04 4.972999e-04 1.785149e+01) (5.284977e-09 -2.405667e-07 1.381876e-03)) ((-1.014686e-08 6.143621e-09 -9.684382e-10) (2.110054e-08 2.625326e-08 6.623091e-10))
0.02          	((7.916555e-05 1.586587e-04 1.762579e+01) (1.782862e-08 -3.959452e-07 2.760139e-03)) ((-2.225370e-08 1.899681e-08 -3.087647e-10) (4.061323e-08 5.414478e-08 1.046952e-09))
0.03          	((2.550572e-04 -1.398586e-04 1.769565e+01) (3.372992e-08 -5.390851e-07 4.146569e-03)) ((-2.068797e-09 -1.353600e-09 2.813339e-10) (5.918236e-08 8.066972e-08 1.324956e-09))
0.04          	((4.092961e-05 -7.356882e-05 1.757546e+01) (5.541420e-08 -6.721737e-07 5.539818e-03)) ((-7.675240e-09 4.600705e-09 1.141718e-10) (7.856085e-08 1.085068e-07 1.594556e-09))
0.05          	((2.451507e-06 1.042583e-04 1.742782e+01) (6.933946e-08 -7.970948e-07 6.940364e-03)) ((-1.294011e-08 8.883678e-09 4.852862e-11) (9.933987e-08 1.342929e-07 1.985561e-09))
0.06          	((-2.648362e-05 -6.045404e-06 1.726080e+01) (9.396029e-08 -9.157145e-07 8.348384e-03)) ((-8.728976e-09 6.078617e-09 9.041553e-11) (1.215590e-07 1.584360e-07 2.371708e-09))
0.07          	((6.797077e-06 -4.788524e-05 1.706787e+01) (1.277937e-07 -1.018580e-06 9.763232e-03)) ((-1.056596e-08 6.748018e-09 1.320772e-10) (1.405400e-07 1.784011e-07 2.926380e-09))
0.08          	((-3.609402e-05 -8.151461e-05 1.684555e+01) (1.470768e-07 -1.132021e-06 1.118422e-02)) ((-8.244889e-09 4.990189e-09 1.324214e-10) (1.662803e-07 2.026431e-07 3.696259e-09))
0.09          	((-6.240264e-05 -6.121943e-05 1.659308e+01) (1.581057e-07 -1.245845e-06 1.260874e-02)) ((-1.159482e-08 7.609837e-09 8.170478e-11) (1.882303e-07 2.294919e-07 4.412759e-09))
0.1           	((2.242269e-05 -1.100384e-04 1.631113e+01) (1.951003e-07 -1.347478e-06 1.403576e-02)) ((-4.873819e-09 2.804248e-09 2.107473e-10) (2.178729e-07 2.481687e-07 5.072640e-09))
0.11          	((9.724552e-07 -5.695203e-05 1.600037e+01) (2.448802e-07 -1.425298e-06 1.546193e-02)) ((-2.764314e-09 -5.827383e-10 3.998855e-10) (2.463117e-07 2.663074e-07 5.537703e-09))
0.12          	((1.105976e-05 -1.402128e-04 1.566114e+01) (2.910176e-07 -1.505366e-06 1.688525e-02)) ((-3.161544e-09 -2.414182e-10 3.175785e-10) (2.674436e-07 2.886717e-07 5.842971e-09))
0.13          	((-3.733250e-05 -4.932757e-05 1.529418e+01) (3.398878e-07 -1.561645e-06 1.830273e-02)) ((-3.467427e-09 5.576454e-10 3.108730e-10) (2.954157e-07 2.995072e-07 6.982593e-09))
0.14          	((-6.656560e-05 -8.419944e-05 1.489996e+01) (4.272584e-07 -1.590811e-06 1.971205e-02)) ((-1.229143e-09 -1.247017e-09 3.053115e-10) (3.418511e-07 2.952236e-07 7.984211e-09))
0.15          	((-3.230705e-05 -6.021295e-05 1.447904e+01) (5.807538e-07 -1.544799e-06 2.111104e-02)) ((4.933411e-09 -7.298112e-09 1.192532e-10) (4.050838e-07 2.765085e-07 8.725351e-09))
0.16          	((-2.368933e-04 1.721690e-04 1.403239e+01) (6.779104e-07 -1.536741e-06 2.249892e-02)) ((2.978381e-09 -5.342190e-09 -4.194250e-11) (4.485699e-07 2.397477e-07 9.825329e-09))
0.17          	((-1.118796e-04 3.721159e-05 1.356076e+01) (7.942722e-07 -1.521589e-06 2.387815e-02)) ((3.071911e-09 -5.064775e-09 2.330863e-10) (5.048462e-07 2.215970e-07 1.016544e-08))
0.18          	((-4.795651e-05 2.661399e-04 1.306523e+01) (9.621711e-07 -1.436093e-06 2.524405e-02)) ((4.177500e-09 -5.895920e-09 1.032627e-10) (5.676364e-07 2.059086e-07 1.080560e-08))
0.19          	((-2.146550e-04 3.102619e-04 1.254666e+01) (1.106750e-06 -1.274568e-06 2.659334e-02)) ((6.719102e-09 -8.529109e-09 -3.251132e-11) (5.668399e-07 2.376354e-07 1.128434e-08))
0.2           	((-1.472276e-04 -9.341517e-06 1.200602e+01) (1.234316e-06 -1.187256e-06 2.792107e-02)) ((7.060523e-09 -9.140142e-09 3.509093e-10) (6.104226e-07 2.434289e-07 1.173423e-08))
0.21          	((-8.659860e-05 2.204644e-04 1.144412e+01) (1.303806e-06 -9.988068e-07 2.922359e-02)) ((5.408556e-09 -7.391770e-09 4.869940e-10) (5.863663e-07 2.347127e-07 1.212854e-08))
0.22          	((2.843778e-05 2.728036e-05 1.086199e+01) (1.437772e-06 -9.256508e-07 3.051036e-02)) ((5.903316e-09 -8.420340e-09 7.244565e-10) (6.416475e-07 2.217541e-07 1.264920e-08))
0.23          	((7.598596e-06 -6.362936e-05 1.026061e+01) (1.574128e-06 -9.023135e-07 3.176729e-02)) ((6.204801e-09 -8.917292e-09 6.390727e-10) (7.217944e-07 2.037850e-07 1.320058e-08))
0.24          	((-2.630679e-05 -3.578521e-05 9.640980e+00) (1.706608e-06 -9.091211e-07 3.298616e-02)) ((5.632293e-09 -8.446509e-09 6.252374e-10) (7.964212e-07 1.956556e-07 1.362634e-08))
0.25          	((8.957756e-05 -4.008538e-05 9.004286e+00) (1.782898e-06 -9.316692e-07 3.415880e-02)) ((5.528039e-09 -8.656934e-09 8.472474e-10) (8.757459e-07 1.812865e-07 1.413628e-08))
0.26          	((3.747028e-05 3.062912e-05 8.351541e+00) (1.862372e-06 -9.787955e-07 3.528314e-02)) ((2.874879e-09 -6.119757e-09 7.216920e-10) (9.538481e-07 1.528095e-07 1.464810e-08))
0.27          	((3.053154e-05 -6.421855e-05 7.683879e+00) (1.899599e-06 -1.033992e-06 3.635626e-02)) ((7.968409e-09 -1.131506e-08 5.502973e-10) (1.017569e-06 1.265236e-07 1.491816e-08))
0.28          	((1.664538e-05 -6.795627e-05 7.002752e+00) (1.854650e-06 -1.111163e-06 3.738076e-02)) ((9.463322e-09 -1.260428e-08 3.374250e-10) (1.088940e-06 7.731744e-08 1.507558e-08))
0.29          	((-1.236024e-05 -7.670285e-05 6.309177e+00) (1.653997e-06 -7.653659e-07 3.836386e-02)) ((1.084682e-08 -1.380653e-08 2.374355e-10) (1.200894e-06 -3.018001e-08 1.524903e-08))
0.3           	((-1.883167e-05 -6.796349e-05 5.604193e+00) (1.538792e-06 -9.390284e-07 3.929868e-02)) ((1.037696e-08 -1.336941e-08 3.720599e-10) (1.243075e-06 -4.301628e-08 1.509834e-08))
0.31          	((-1.177361e-05 -8.287923e-05 4.889022e+00) (1.479248e-06 -1.172252e-06 4.018165e-02)) ((6.986625e-09 -9.986092e-09 1.812389e-10) (1.286692e-06 -4.069834e-08 1.495844e-08))
0.32          	((-2.383018e-05 -7.844518e-05 4.165157e+00) (1.420894e-06 -1.408146e-06 4.099868e-02)) ((7.646446e-09 -1.103253e-08 6.743840e-11) (1.320556e-06 -4.101236e-08 1.502243e-08))
0.33          	((-1.145774e-05 -6.738920e-05 3.434631e+00) (1.318380e-06 -1.663545e-06 4.173672e-02)) ((6.129071e-09 -9.635675e-09 1.669832e-10) (1.357793e-06 -4.209526e-08 1.491973e-08))
0.34          	((-1.758955e-05 -5.211358e-05 2.698055e+00) (1.205037e-06 -1.883165e-06 4.238266e-02)) ((5.871901e-09 -9.609026e-09 2.485504e-10) (1.397385e-06 -5.427038e-08 1.452679e-08))
0.35          	((8.447896e-06 -4.167962e-05 1.956435e+00) (1.236390e-06 -1.954158e-06 4.292836e-02)) ((5.691304e-09 -9.453321e-09 8.486679e-11) (1.383753e-06 -9.961388e-09 1.429222e-08))
0.36          	((4.494217e-06 -4.892720e-05 1.211406e+00) (1.101419e-06 -2.169736e-06 4.336421e-02)) ((4.025554e-09 -8.257440e-09 1.514525e-10) (1.415660e-06 -1.790426e-08 1.416893e-08))
0.37          	((-1.023097e-05 -5.371008e-05 4.645765e-01) (9.473826e-07 -2.386341e-06 4.368689e-02)) ((3.510111e-09 -7.592473e-09 8.905505e-11) (1.454821e-06 -3.837571e-08 1.406137e-08))
0.38          	((-7.408897e-06 -4.834688e-05 -2.828095e-01) (8.021836e-07 -2.576713e-06 4.389710e-02)) ((6.115492e-09 -1.089999e-08 1.641739e-10) (1.486148e-06 -5.792636e-08 1.381800e-08))
0.39          	((5.843508e-06 -3.704041e-05 -1.029316e+00) (6.402764e-07 -2.773590e-06 4.399901e-02)) ((3.138559e-09 -7.673650e-09 2.078504e-10) (1.509397e-06 -7.386988e-08 1.351021e-08))
0.4           	((-8.056306e-07 -4.226697e-05 -1.774153e+00) (4.901546e-07 -2.902099e-06 4.399213e-02)) ((3.132584e-09 -7.819062e-09 2.636850e-10) (1.510985e-06 -9.221563e-08 1.307218e-08))
0.41          	((1.444045e-05 -4.326671e-05 -2.517447e+00) (3.387700e-07 -3.033893e-06 4.389045e-02)) ((4.500024e-09 -9.071838e-09 3.248318e-10) (1.510419e-06 -1.095164e-07 1.263443e-08))
0.42          	((1.931297e-05 -5.287062e-05 -3.256313e+00) (2.146052e-07 -3.171319e-06 4.368620e-02)) ((3.067023e-09 -7.710053e-09 2.185509e-10) (1.510493e-06 -1.170303e-07 1.223204e-08))
0.43          	((1.749102e-05 -7.184064e-05 -3.986900e+00) (1.317384e-07 -3.247892e-06 4.337019e-02)) ((3.970996e-09 -8.503849e-09 3.493824e-10) (1.504657e-06 -1.289910e-07 1.179624e-08))
0.44          	((3.337663e-05 -7.381667e-05 -4.707873e+00) (-7.043396e-08 -3.168295e-06 4.294981e-02)) ((3.453847e-09 -7.677706e-09 3.155824e-10) (1.445365e-06 -1.863292e-07 1.137301e-08))
0.45          	((2.114858e-05 -7.405216e-05 -5.419227e+00) (-5.383947e-07 -2.847021e-06 4.242985e-02)) ((2.831585e-09 -6.839147e-09 3.732624e-10) (1.294102e-06 -3.601167e-07 1.113195e-08))
0.46          	((2.047094e-05 -4.609990e-05 -6.120947e+00) (-5.564011e-07 -2.852817e-06 4.181160e-02)) ((2.117396e-09 -5.946970e-09 3.585663e-10) (1.317501e-06 -3.487792e-07 1.042923e-08))
0.47          	((3.030083e-05 -3.443829e-05 -6.813235e+00) (-6.988642e-07 -3.203378e-06 4.109413e-02)) ((1.419487e-09 -4.891533e-09 4.204054e-10) (1.489232e-06 -4.495995e-07 9.717762e-09))
0.48          	((2.117561e-05 -6.820942e-06 -7.494937e+00) (-6.099538e-07 -3.253338e-06 4.027464e-02)) ((6.976135e-10 -4.075672e-09 3.082020e-10) (1.493144e-06 -4.222280e-07 9.134661e-09))
0.49          	((1.814509e-05 -1.369098e-05 -8.164248e+00) (-6.195852e-07 -3.322891e-06 3.936228e-02)) ((8.421252e-11 -3.015658e-09 3.037200e-10) (1.507921e-06 -4.264412e-07 7.917751e-09))
0.5           	((5.729477e-06 3.624619e-06 -8.819549e+00) (-7.158628e-07 -3.424863e-06 3.835785e-02)) ((-5.159321e-10 -2.412224e-09 3.881425e-10) (1.515362e-06 -4.478228e-07 7.419972e-09))
0.51          	((-2.411378e-05 -5.558049e-06 -9.459448e+00) (-6.977200e-07 -3.289030e-06 3.726190e-02)) ((-1.059404e-09 -1.512060e-09 5.336767e-10) (1.439040e-06 -4.369134e-07 6.999625e-09))
0.52          	((-7.523195e-06 -3.903698e-05 -1.008317e+01) (-7.767945e-07 -2.990800e-06 3.608321e-02)) ((-1.752858e-09 -9.250233e-10 6.124012e-10) (1.315408e-06 -4.669756e-07 6.563531e-09))
0.53          	((-3.357893e-05 -3.528441e-05 -1.069026e+01) (-7.177933e-07 -2.863803e-06 3.482365e-02)) ((-1.640297e-09 -5.806058e-10 3.025288e-10) (1.253215e-06 -4.421239e-07 6.239434e-09))
0.54          	((-7.319431e-05 -3.738482e-05 -1.127837e+01) (-6.452670e-07 -2.754206e-06 3.348748e-02)) ((-1.802535e-09 -1.607676e-10 4.101736e-10) (1.206704e-06 -4.200764e-07 5.685691e-09))
0.55          	((-4.440574e-05 -7.496605e-05 -1.184536e+01) (-6.672551e-07 -2.567887e-06 3.208163e-02)) ((-4.260286e-09 2.698905e-09 3.754960e-10) (1.136580e-06 -4.274711e-07 5.239172e-09))
0.56          	((-8.559947e-05 -4.208583e-05 -1.239166e+01) (-6.592955e-07 -2.366508e-06 3.061273e-02)) ((-5.176420e-09 4.171490e-09 3.107196e-10) (1.070671e-06 -4.373756e-07 4.736076e-09))
0.57          	((-4.005542e-05 -3.500733e-05 -1.291646e+01) (-6.261866e-07 -2.181486e-06 2.908727e-02)) ((-5.799677e-09 5.070134e-09 3.350793e-10) (1.012714e-06 -4.418176e-07 4.267761e-09))
0.58          	((-7.847285e-05 -1.541294e-05 -1.341609e+01) (-5.614803e-07 -2.006612e-06 2.751173e-02)) ((-5.275592e-09 4.750132e-09 3.375757e-10) (9.600910e-07 -4.405131e-07 3.740573e-09))
0.59          	((-8.438756e-05 1.278669e-06 -1.389296e+01) (-5.053827e-07 -1.864262e-06 2.589237e-02)) ((-5.048056e-09 4.976279e-09 2.710716e-10) (9.103593e-07 -4.344001e-07 3.192931e-09))
0.6           	((-6.730396e-05 -1.832816e-05 -1.434535e+01) (-4.302722e-07 -1.711318e-06 2.423558e-02)) ((-5.953114e-09 6.270702e-09 2.755521e-10) (8.609657e-07 -4.237118e-07 2.578820e-09))
0.61          	((-9.577073e-05 2.505028e-06 -1.477130e+01) (-3.471318e-07 -1.555749e-06 2.254779e-02)) ((-4.005974e-09 5.082302e-09 9.969272e-12) (8.163075e-07 -4.152472e-07 1.971484e-09))
0.62          	((-9.383330e-05 6.848698e-06 -1.517178e+01) (-2.708340e-07 -1.417455e-06 2.083590e-02)) ((-4.121249e-09 5.521983e-09 -1.088547e-10) (7.709588e-07 -3.993001e-07 1.489112e-09))
0.63          	((-1.114332e-04 -3.197122e-05 -1.554553e+01) (-1.666067e-07 -1.283731e-06 1.910865e-02)) ((-2.539233e-09 3.496889e-09 1.713768e-10) (7.316980e-07 -3.820476e-07 8.428697e-10))
0.64          	((-6.925074e-05 7.149641e-06 -1.589203e+01) (-1.283448e-07 -1.164132e-06 1.737099e-02)) ((-9.156673e-10 2.304076e-09 1.370185e-10) (6.889636e-07 -3.726547e-07 -4.934713e-11))
0.65          	((-1.629920e-04 7.739011e-05 -1.621064e+01) (-1.169214e-07 -1.005918e-06 1.562595e-02)) ((-1.704373e-10 1.039999e-09 3.768492e-11) (6.377966e-07 -3.739632e-07 -7.885160e-10))
0.66          	((-6.088912e-05 -2.056184e-04 -1.650022e+01) (-7.074519e-08 -8.336368e-07 1.387869e-02)) ((4.136568e-09 -3.805480e-10 -2.581392e-11) (5.897912e-07 -3.755989e-07 -1.372054e-09))
0.67          	((-2.018941e-04 -1.341150e-04 -1.676040e+01) (-6.713043e-08 -6.869438e-07 1.213480e-02)) ((3.787254e-09 -1.953078e-09 9.447715e-11) (5.376703e-07 -3.762918e-07 -2.084635e-09))
0.68          	((2.237182e-05 -3.033065e-04 -1.699029e+01) (-8.712067e-08 -6.064353e-07 1.039875e-02)) ((5.663449e-09 -2.928132e-09 2.063406e-10) (4.911442e-07 -3.794221e-07 -2.613867e-09))
0.69          	((-9.383070e-05 -2.193488e-04 -1.718834e+01) (-9.320829e-08 -4.878368e-07 8.675249e-03)) ((7.459944e-09 -5.588481e-09 6.203907e-10) (4.456373e-07 -3.859678e-07 -3.311235e-09))
0.7           	((3.085947e-05 -5.221833e-05 -1.735409e+01) (-1.099949e-07 -3.941938e-07 6.970122e-03)) ((9.255079e-09 -9.368998e-09 -2.707604e-10) (4.051896e-07 -3.911488e-07 -3.718512e-09))
0.71          	((-9.435633e-05 -1.951052e-04 -1.748640e+01) (-1.940115e-07 -3.669352e-07 5.289146e-03)) ((5.863475e-09 -2.325390e-09 3.418315e-10) (3.611601e-07 -3.950758e-07 -4.261332e-09))
0.72          	((-1.007136e-04 -3.556547e-04 -1.758611e+01) (-2.307850e-07 -2.973104e-07 3.631376e-03)) ((7.062747e-09 -4.249286e-09 6.550660e-12) (3.342499e-07 -4.171258e-07 -4.731556e-09))
0.73          	((4.233679e-05 3.899318e-05 -1.765266e+01) (-4.281195e-07 -3.806248e-07 1.989407e-03)) ((1.560156e-08 -5.475985e-09 5.693284e-10) (2.949464e-07 -4.238326e-07 -4.915009e-09))
0.74          	((-5.561880e-04 -2.771436e-05 -1.773329e+01) (-6.266131e-07 -4.725750e-07 3.634321e-04)) ((2.819958e-08 -2.426739e-08 -5.190745e-10) (2.559447e-07 -4.253821e-07 -5.112847e-09))
0.75          	((2.509901e-04 3.829627e-04 -1.782836e+01) (-7.188417e-07 -4.482664e-07 -1.240286e-03)) ((1.899444e-08 -2.684924e-08 2.242874e-10) (2.001543e-07 -4.147533e-07 -5.934992e-09))
0.76          	((1.480539e-03 1.747539e-03 -1.797026e+01) (-8.028384e-07 -3.918088e-07 -2.819043e-03)) ((5.150223e-09 -1.165194e-08 1.254510e-09) (1.661353e-07 -4.282801e-07 -7.148565e-09))
0.77          	((-1.121757e-03 -7.788633e-04 -1.787820e+01) (-9.687629e-07 -4.052998e-07 -4.372536e-03)) ((-1.023548e-09 -4.015623e-09 3.666011e-10) (1.282683e-07 -4.413947e-07 -7.531281e-09))
0.78          	((-7.011168e-04 -7.236592e-04 -1.775737e+01) (-1.096617e-06 -4.116561e-07 -5.916869e-03)) ((-2.185607e-09 3.241019e-09 6.580911e-10) (1.028072e-07 -4.606076e-07 -8.562758e-09))
0.79          	((-2.307100e-04 -4.681157e-05 -1.761392e+01) (-1.248507e-06 -3.850812e-07 -7.455418e-03)) ((1.452649e-08 -1.258106e-08 7.256952e-10) (6.501556e-08 -4.815507e-07 -9.947990e-09))
0.8           	((-3.055576e-04 1.759264e-04 -1.745735e+01) (-1.273616e-06 -2.587530e-07 -8.996368e-03)) ((1.182342e-08 -9.182890e-09 1.289959e-09) (3.901085e-08 -5.105576e-07 -1.069359e-08))
0.81          	((-1.079444e-04 5.619339e-05 -1.727421e+01) (-1.406564e-06 -2.398834e-07 -1.053999e-02)) ((1.169161e-08 -1.005230e-08 2.179582e-10) (-1.436830e-08 -5.123310e-07 -1.156810e-08))
0.82          	((-2.465670e-04 -2.396660e-04 -1.707653e+01) (-1.579050e-06 -2.355896e-07 -1.208671e-02)) ((9.276315e-09 -8.715967e-09 4.620126e-10) (-5.046482e-08 -5.235446e-07 -1.245625e-08))
0.83          	((-8.178642e-05 -2.153296e-04 -1.685314e+01) (-1.619921e-06 -1.723374e-07 -1.363465e-02)) ((5.002543e-09 -3.574301e-09 8.940419e-10) (-1.099446e-07 -5.103997e-07 -1.345744e-08))
0.84          	((-1.129261e-05 -9.646775e-05 -1.660161e+01) (-1.676074e-06 -9.571499e-08 -1.518557e-02)) ((9.490057e-09 -7.122832e-09 5.762795e-10) (-1.596622e-07 -4.834610e-07 -1.391319e-08))
0.85          	((3.306776e-05 -1.609729e-04 -1.632083e+01) (-1.780254e-06 -8.710350e-08 -1.673646e-02)) ((1.748596e-08 -1.530784e-08 7.917388e-10) (-2.047289e-07 -4.734272e-07 -1.398223e-08))
0.86          	((2.641761e-04 1.127296e-04 -1.601011e+01) (-1.804389e-06 -6.242028e-08 -1.828514e-02)) ((4.347054e-09 -2.135453e-09 1.139505e-09) (-2.302353e-07 -4.938974e-07 -1.427136e-08))
0.87          	((1.829121e-04 2.339155e-04 -1.567059e+01) (-1.803676e-06 4.059106e-08 -1.982669e-02)) ((-3.659845e-09 4.414128e-09 7.299314e-10) (-2.338846e-07 -5.171084e-07 -1.485309e-08))
0.88          	((1.261834e-04 1.731587e-04 -1.530336e+01) (-1.708329e-06 2.737097e-07 -2.135909e-02)) ((1.505409e-09 -9.342234e-10 8.387001e-10) (-2.199934e-07 -5.574953e-07 -1.575063e-08))
0.89          	((8.140507e-05 2.735670e-04 -1.490870e+01) (-1.619485e-06 5.723359e-07 -2.288023e-02)) ((-7.135392e-09 5.126636e-09 5.219131e-10) (-1.939962e-07 -5.908833e-07 -1.647936e-08))
0.9           	((9.065536e-05 2.121161e-04 -1.448784e+01) (-1.575303e-06 7.187501e-07 -2.439246e-02)) ((-4.320266e-09 2.628594e-09 -3.781979e-11) (-2.230749e-07 -5.987659e-07 -1.691128e-08))
0.91          	((9.549383e-05 2.253071e-04 -1.404151e+01) (-1.454231e-06 9.614288e-07 -2.589549e-02)) ((-3.155632e-09 1.351403e-09 2.210484e-10) (-3.061898e-07 -5.692340e-07 -1.699705e-08))
0.92          	((2.812314e-04 -7.683167e-05 -1.357023e+01) (-1.399275e-06 1.181184e-06 -2.738097e-02)) ((-7.059761e-09 5.657281e-09 3.184697e-10) (-4.276143e-07 -4.840830e-07 -1.697768e-08))
0.93          	((2.211806e-04 1.323374e-04 -1.307479e+01) (-1.371738e-06 1.336855e-06 -2.884948e-02)) ((-1.015251e-08 8.927438e-09 6.138482e-10) (-5.761141e-07 -3.730139e-07 -1.770994e-08))
0.94          	((2.979438e-04 6.619809e-05 -1.255588e+01) (-1.106968e-06 1.589694e-06 -3.030796e-02)) ((-1.272466e-08 1.141009e-08 6.081455e-10) (-7.299099e-07 -3.008683e-07 -1.673187e-08))
0.95          	((4.274373e-04 -1.308110e-04 -1.201476e+01) (-8.456582e-07 1.837261e-06 -3.173978e-02)) ((-1.070386e-08 9.629902e-09 7.206275e-10) (-8.859021e-07 -2.225968e-07 -1.522402e-08))
0.96          	((2.573623e-04 5.757924e-06 -1.145265e+01) (-7.219425e-07 1.999680e-06 -3.314368e-02)) ((-5.949390e-09 5.927208e-09 7.826671e-10) (-1.035177e-06 -1.368908e-07 -1.371276e-08))
0.97          	((4.031044e-04 1.522275e-04 -1.087034e+01) (-6.115866e-07 2.113904e-06 -3.451769e-02)) ((-8.388889e-09 8.867952e-09 6.106617e-10) (-1.163445e-06 -8.174619e-08 -1.229483e-08))
0.98          	((2.689279e-04 1.934373e-04 -1.026879e+01) (-5.631876e-07 2.196041e-06 -3.585604e-02)) ((-8.345952e-09 9.830172e-09 8.290384e-10) (-1.283364e-06 -3.244347e-08 -1.112051e-08))
0.99          	((1.841300e-04 4.369391e-04 -9.649011e+00) (-4.958779e-07 2.234848e-06 -3.714361e-02)) ((-7.881321e-09 9.095389e-09 2.892186e-10) (-1.418349e-06 2.325973e-08 -9.905349e-09))
1             	((1.555659e-04 1.675017e-04 -9.012294e+00) (-5.008469e-07 2.242847e-06 -3.837167e-02)) ((-1.168093e-08 1.295679e-08 5.859257e-10) (-1.601824e-06 1.429086e-07 -8.644334e-09))
1.01          	((1.666017e-04 1.942097e-04 -8.359510e+00) (-3.437268e-07 2.384396e-06 -3.953276e-02)) ((-1.296546e-08 1.433026e-08 5.506043e-10) (-1.733238e-06 2.104493e-07 -8.152753e-09))
1.02          	((4.668177e-05 2.241853e-04 -7.691860e+00) (-1.683767e-07 2.574253e-06 -4.062349e-02)) ((-1.391982e-08 1.559955e-08 4.997440e-10) (-1.854206e-06 2.752113e-07 -7.554063e-09))
1.03          	((6.037185e-05 1.626229e-04 -7.010684e+00) (-6.055192e-08 2.698278e-06 -4.164366e-02)) ((-1.655926e-08 1.782060e-08 7.156456e-10) (-1.967905e-06 3.372869e-07 -6.850596e-09))
1.04          	((4.278948e-05 1.111025e-04 -6.317079e+00) (-8.269742e-08 2.752957e-06 -4.259337e-02)) ((-1.434818e-08 1.575110e-08 6.319387e-10) (-2.069580e-06 3.825982e-07 -6.035396e-09))
1.05          	((-5.935931e-06 9.288269e-05 -5.612096e+00) (-1.369672e-08 2.801163e-06 -4.346297e-02)) ((-1.207577e-08 1.273504e-08 8.056369e-10) (-2.185297e-06 4.494951e-07 -5.372629e-09))
1.06          	((1.135355e-05 1.145577e-04 -4.897150e+00) (4.408165e-08 2.808936e-06 -4.425191e-02)) ((-9.180497e-09 9.747127e-09 7.449027e-10) (-2.304430e-06 5.246341e-07 -4.715523e-09))
1.07          	((-6.916901e-06 7.905781e-05 -4.173069e+00) (4.936150e-08 2.755164e-06 -4.495186e-02)) ((-6.747381e-09 7.634225e-09 7.260412e-10) (-2.417532e-06 5.975975e-07 -3.733779e-09))
1.08          	((-1.168989e-05 9.523538e-05 -3.441563e+00) (8.773131e-08 2.733161e-06 -4.555929e-02)) ((-6.163212e-09 6.765998e-09 8.772827e-10) (-2.514808e-06 6.584307e-07 -3.071674e-09))
1.09          	((2.421748e-06 8.503711e-05 -2.704729e+00) (9.312859e-08 2.672815e-06 -4.608544e-02)) ((-7.916270e-09 8.688633e-09 8.746180e-10) (-2.603074e-06 7.159306e-07 -2.447484e-09))
1.1           	((1.841281e-05 1.038157e-04 -1.963359e+00) (-3.497836e-07 2.155463e-06 -4.652413e-02)) ((-5.813892e-09 6.473490e-09 8.776466e-10) (-2.548045e-06 6.355546e-07 -1.658578e-09))
1.11          	((1.725305e-05 1.120901e-04 -1.218292e+00) (-7.933945e-07 1.624118e-06 -4.686652e-02)) ((-1.509669e-09 2.058643e-09 9.626233e-10) (-2.481555e-06 5.473585e-07 -9.489473e-10))
1.12          	((3.744400e-05 1.449441e-04 -4.710461e-01) (-1.171735e-06 1.163366e-06 -4.711334e-02)) ((-3.047633e-09 3.058505e-09 9.605216e-10) (-2.432503e-06 4.811273e-07 -2.022952e-10))
1.13          	((4.209974e-05 1.210975e-04 2.765302e-01) (-1.645796e-06 6.140320e-07 -4.726385e-02)) ((-1.177669e-09 1.099633e-09 1.032883e-09) (-2.342448e-06 3.841867e-07 5.877342e-10))
1.14          	((4.407781e-05 1.287782e-04 1.023348e+00) (-1.718311e-06 4.318891e-07 -4.734006e-02)) ((-1.759696e-09 1.146340e-09 1.058899e-09) (-2.186510e-06 2.318762e-07 1.340402e-09))
1.15          	((3.828908e-05 1.344147e-04 1.768380e+00) (-1.962553e-06 8.701705e-08 -4.731826e-02)) ((-3.467726e-09 2.654087e-09 9.770384e-10) (-2.161409e-06 2.085835e-07 2.011645e-09))
1.16          	((2.851808e-05 1.293158e-04 2.511906e+00) (-2.024867e-06 -3.787357e-08 -4.717757e-02)) ((-1.637347e-09 5.544618e-10 9.718434e-10) (-2.044585e-06 1.258639e-07 4.240196e-09))
1.17          	((2.608724e-05 1.263391e-04 3.250911e+00) (-2.152134e-06 -2.316766e-07 -4.694068e-02)) ((-1.976781e-09 4.482075e-10 8.805232e-10) (-1.977202e-06 9.074050e-08 5.604144e-09))
1.18          	((1.314433e-05 1.142089e-04 3.981897e+00) (-2.441447e-06 -6.459564e-07 -4.658564e-02)) ((-2.141786e-09 4.641315e-10 9.459180e-10) (-1.994649e-06 1.177396e-07 5.636380e-09))
1.19          	((2.324044e-07 1.091343e-04 4.703022e+00) (-2.923649e-06 -1.158247e-06 -4.611574e-02)) ((-1.705553e-09 -3.676473e-10 8.560405e-10) (-2.053729e-06 2.781442e-07 2.804472e-09))
1.2           	((-1.602032e-05 9.157934e-05 5.414503e+00) (-3.389885e-06 -1.784851e-06 -4.554321e-02)) ((-1.112713e-09 -8.907447e-11 9.581889e-10) (-2.212483e-06 4.428345e-07 3.116453e-09))
1.21          	((-2.488535e-05 8.128274e-05 6.116500e+00) (-3.828198e-06 -2.372258e-06 -4.485850e-02)) ((-2.929216e-09 8.758483e-10 8.720315e-10) (-2.389673e-06 6.249428e-07 4.318588e-09))
1.22          	((-2.295623e-05 6.035983e-05 6.809133e+00) (-4.020743e-06 -2.873724e-06 -4.406385e-02)) ((-3.386688e-09 6.694350e-10 9.051191e-10) (-2.526494e-06 6.400058e-07 7.597397e-09))
1.23          	((-2.198569e-05 5.341991e-05 7.491213e+00) (-4.130390e-06 -3.272282e-06 -4.316635e-02)) ((-2.306638e-09 -4.887528e-10 7.535156e-10) (-2.585099e-06 6.117228e-07 1.069827e-08))
1.24          	((-1.858147e-05 2.749787e-05 8.160759e+00) (-4.198290e-06 -3.579934e-06 -4.216817e-02)) ((-2.293853e-09 -8.494836e-10 9.773028e-10) (-2.578218e-06 5.733314e-07 1.255651e-08))
1.25          	((-1.863769e-05 2.994535e-05 8.816546e+00) (-4.139255e-06 -3.654656e-06 -4.107533e-02)) ((-1.488146e-09 -1.400302e-09 8.010305e-10) (-2.468739e-06 4.945597e-07 1.445134e-08))
1.26          	((-2.526237e-05 3.458007e-05 9.456818e+00) (-4.095112e-06 -3.671688e-06 -3.989652e-02)) ((-1.550168e-09 -2.173142e-09 8.794556e-10) (-2.328544e-06 4.273993e-07 1.449965e-08))
1.27          	((-9.663644e-06 2.638843e-05 1.008089e+01) (-4.093748e-06 -3.771023e-06 -3.863585e-02)) ((-1.838781e-09 -2.057347e-09 8.225674e-10) (-2.239811e-06 4.072978e-07 1.468971e-08))
1.28          	((7.749868e-06 2.184707e-05 1.068805e+01) (-4.155264e-06 -3.955705e-06 -3.729533e-02)) ((-1.596949e-09 -2.675217e-09 7.888165e-10) (-2.161593e-06 4.020499e-07 1.479034e-08))
1.29          	((-3.392938e-05 2.690543e-05 1.127634e+01) (-4.199090e-06 -4.122728e-06 -3.588104e-02)) ((-9.212274e-11 -4.600339e-09 7.004960e-10) (-2.081548e-06 4.019271e-07 1.488420e-08))
1.3           	((4.104024e-06 9.801342e-06 1.184326e+01) (-4.206953e-06 -4.232125e-06 -3.439852e-02)) ((1.593847e-09 -6.002473e-09 5.559494e-10) (-1.978429e-06 3.890712e-07 1.492352e-08))
1.31          	((1.149262e-05 1.642279e-05 1.238983e+01) (-4.176766e-06 -4.292183e-06 -3.285396e-02)) ((3.735806e-09 -8.394070e-09 5.473505e-10) (-1.857366e-06 3.658666e-07 1.487237e-08))
1.32          	((3.681457e-06 3.959757e-07 1.291441e+01) (-4.108809e-06 -4.302882e-06 -3.125529e-02)) ((2.541443e-09 -7.228052e-09 6.015661e-10) (-1.729247e-06 3.385588e-07 1.480358e-08))
1.33          	((3.589017e-05 2.508958e-05 1.341449e+01) (-4.005312e-06 -4.258007e-06 -2.960791e-02)) ((1.014530e-09 -6.416092e-09 5.918271e-10) (-1.593667e-06 3.089468e-07 1.445864e-08))
1.34          	((4.625772e-05 -1.496707e-05 1.389170e+01) (-3.846335e-06 -4.166737e-06 -2.791830e-02)) ((-6.939617e-10 -4.010919e-09 6.230485e-10) (-1.456457e-06 2.776793e-07 1.481933e-08))
1.35          	((-1.685883e-05 -1.399995e-05 1.434432e+01) (-3.688622e-06 -4.070490e-06 -2.619287e-02)) ((-1.227519e-09 -4.212935e-09 7.411275e-10) (-1.321283e-06 2.489433e-07 1.516060e-08))
1.36          	((2.914168e-05 -4.497994e-05 1.477107e+01) (-3.539772e-06 -4.007777e-06 -2.443963e-02)) ((-1.558507e-09 -3.886539e-09 5.983521e-10) (-1.222738e-06 2.343781e-07 1.551762e-08))
1.37          	((1.896261e-05 -5.054816e-05 1.517152e+01) (-3.375405e-06 -3.937827e-06 -2.266481e-02)) ((-2.433622e-09 -2.339186e-09 5.766533e-10) (-1.135040e-06 2.272342e-07 1.555509e-08))
1.38          	((-4.792593e-05 -1.168233e-04 1.554579e+01) (-3.187471e-06 -3.838761e-06 -2.087364e-02)) ((-1.612773e-09 -3.093692e-09 3.619641e-10) (-1.042133e-06 2.163462e-07 1.560718e-08))
1.39          	((-4.739580e-07 -1.348255e-04 1.589233e+01) (-2.947924e-06 -3.683041e-06 -1.907269e-02)) ((-2.799565e-09 -2.419203e-09 7.459962e-10) (-9.433858e-07 2.005991e-07 1.579903e-08))
1.4           	((9.443025e-06 -1.018581e-04 1.621096e+01) (-2.745873e-06 -3.577137e-06 -1.726979e-02)) ((-5.617401e-09 1.052386e-09 2.078162e-10) (-8.572270e-07 1.952610e-07 1.560908e-08))
1.41          	((-6.829268e-05 -1.287771e-04 1.650024e+01) (-2.518712e-06 -3.445320e-06 -1.547022e-02)) ((-5.072910e-09 3.308480e-09 1.063752e-10) (-7.643260e-07 1.802486e-07 1.581967e-08))
1.42          	((7.028715e-05 2.627228e-04 1.676045e+01) (-2.286993e-06 -3.292218e-06 -1.367761e-02)) ((-6.319499e-09 2.731129e-09 1.948264e-10) (-6.747409e-07 1.660843e-07 1.543448e-08))
1.43          	((-1.531538e-04 -8.103207e-05 1.698966e+01) (-2.075858e-06 -3.160399e-06 -1.189688e-02)) ((-8.309874e-09 5.499681e-09 8.745037e-12) (-5.926948e-07 1.581378e-07 1.542938e-08))
1.44          	((1.654580e-04 1.881202e-04 1.718688e+01) (-1.806896e-06 -2.988225e-06 -1.013227e-02)) ((-6.304641e-09 2.956853e-09 2.157987e-10) (-5.199817e-07 1.555351e-07 1.514887e-08))
1.45          	((-2.466935e-04 -2.572049e-04 1.735099e+01) (-1.770856e-06 -3.037465e-06 -8.387065e-03)) ((-1.171567e-08 7.425571e-09 -2.058694e-10) (-4.571062e-07 1.571525e-07 1.516669e-08))
1.46          	((-8.096355e-05 1.424854e-04 1.748378e+01) (-1.833122e-06 -3.168073e-06 -6.666842e-03)) ((-1.356844e-08 9.632273e-09 4.936384e-10) (-3.978444e-07 1.597543e-07 1.508041e-08))
1.47          	((3.004037e-05 1.596386e-04 1.758173e+01) (-1.888448e-06 -3.298668e-06 -4.975470e-03)) ((-3.240926e-09 -1.730207e-09 1.939015e-10) (-3.481902e-07 1.691939e-07 1.517881e-08))
1.48          	((-3.418972e-04 -3.883265e-04 1.765232e+01) (-1.836805e-06 -3.324843e-06 -3.311694e-03)) ((-9.078847e-09 1.101529e-08 -6.533110e-10) (-2.893691e-07 1.665287e-07 1.485442e-08))
1.49          	((1.631757e-04 5.454965e-05 1.775890e+01) (-1.979436e-06 -3.552662e-06 -1.665560e-03)) ((-1.841745e-08 2.125984e-08 7.827712e-11) (-2.390427e-07 1.719669e-07 1.394954e-08))
1.5           	((1.270099e-04 -2.560378e-04 1.783539e+01) (-1.800749e-06 -3.485572e-06 -2.938378e-05)) ((-3.053565e-08 -1.657063e-09 5.416154e-09) (-1.561023e-07 1.493530e-07 1.353342e-08))
1.51          	((8.587127e-04 6.332143e-04 1.792303e+01) (-1.677790e-06 -3.422524e-06 1.582098e-03)) ((-3.860165e-08 4.168389e-08 -2.442598e-09) (-6.864034e-08 1.220538e-07 1.322249e-08))
1.52          	((-5.075177e-04 -6.441256e-04 1.787672e+01) (-1.676877e-06 -3.485138e-06 3.145967e-03)) ((1.435153e-09 4.376575e-11 7.807826e-10) (-1.738465e-08 1.312656e-07 1.287243e-08))
1.53          	((-4.391145e-04 -6.316794e-04 1.776654e+01) (-1.599704e-06 -3.522050e-06 4.687673e-03)) ((-2.167304e-08 1.596039e-08 7.115502e-10) (2.221151e-08 1.504174e-07 1.279738e-08))
1.54          	((-5.636557e-05 -6.678669e-05 1.761462e+01) (-1.687737e-06 -3.740102e-06 6.222324e-03)) ((-2.643826e-09 -4.857847e-09 2.604642e-10) (6.376867e-08 1.656438e-07 1.349622e-08))
1.55          	((1.977706e-04 -3.390073e-05 1.745542e+01) (-1.748759e-06 -3.982196e-06 7.752526e-03)) ((-2.120990e-08 1.414120e-08 3.458611e-10) (1.345409e-07 1.595998e-07 1.464124e-08))
1.56          	((1.806013e-04 -1.805610e-04 1.727552e+01) (-1.733701e-06 -4.145189e-06 9.284494e-03)) ((-7.034259e-09 4.924522e-09 8.257822e-10) (1.947720e-07 1.610666e-07 1.544599e-08))
1.57          	((4.527551e-05 -1.055995e-04 1.707705e+01) (-1.802197e-06 -4.292457e-06 1.081846e-02)) ((-8.729731e-09 6.000652e-09 7.956883e-11) (2.292278e-07 1.577722e-07 1.650181e-08))
1.58          	((-2.990508e-04 -1.383215e-04 1.685320e+01) (-1.887596e-06 -4.518931e-06 1.235309e-02)) ((-6.373615e-09 2.857231e-09 1.804796e-11) (2.824555e-07 1.443674e-07 1.763762e-08))
1.59          	((-1.828657e-04 8.052334e-05 1.660122e+01) (-1.946762e-06 -4.692345e-06 1.388804e-02)) ((-6.746789e-09 3.005273e-09 3.516491e-10) (3.382634e-07 1.513225e-07 1.943004e-08))
1.6           	((1.411031e-05 -2.345714e-04 1.631920e+01) (-1.886279e-06 -4.721090e-06 1.542200e-02)) ((-2.959829e-09 1.179623e-09 -1.140029e-10) (3.661457e-07 1.667844e-07 2.108761e-08))
1.61          	((-3.530111e-04 6.628396e-05 1.600860e+01) (-1.868529e-06 -4.770180e-06 1.695175e-02)) ((-2.111587e-09 -1.492678e-09 -3.748627e-11) (3.929698e-07 1.770989e-07 2.208422e-08))
1.62          	((-1.762829e-04 1.041376e-04 1.566895e+01) (-1.847452e-06 -4.824311e-06 1.847385e-02)) ((-3.017356e-09 -6.626352e-10 -3.416481e-10) (4.314703e-07 1.683995e-07 2.337788e-08))
1.63          	((-5.169133e-05 7.792761e-06 1.530138e+01) (-1.621379e-06 -4.669738e-06 1.998211e-02)) ((3.502719e-09 -7.221332e-09 1.199153e-10) (4.641423e-07 1.686002e-07 2.420913e-08))
1.64          	((1.727792e-05 -1.964604e-04 1.490646e+01) (-1.380102e-06 -4.499717e-06 2.147724e-02)) ((4.586410e-09 -7.285594e-09 4.422388e-10) (4.731218e-07 1.458137e-07 2.705672e-08))
1.65          	((4.876723e-07 -2.238056e-04 1.448560e+01) (-1.298258e-06 -4.440098e-06 2.295851e-02)) ((6.075644e-09 -9.335706e-09 4.290932e-11) (4.073793e-07 1.801461e-07 2.803235e-08))
1.66          	((-1.156501e-04 -2.754055e-04 1.403897e+01) (-1.089841e-06 -4.260207e-06 2.442887e-02)) ((9.173976e-09 -1.149002e-08 -1.009111e-10) (3.528086e-07 2.110490e-07 2.851788e-08))
1.67          	((-1.612149e-04 -1.336229e-04 1.356741e+01) (-8.590228e-07 -3.995334e-06 2.588434e-02)) ((1.273862e-08 -1.554041e-08 -3.367958e-11) (3.295182e-07 2.181236e-07 2.839128e-08))
1.68          	((-4.163684e-04 9.086972e-07 1.307162e+01) (-4.335056e-07 -3.596787e-06 2.732255e-02)) ((8.742847e-09 -1.151313e-08 -8.962642e-11) (3.548005e-07 2.284620e-07 2.966556e-08))
1.69          	((-2.433917e-05 -1.218433e-04 1.255273e+01) (-1.068965e-07 -3.332825e-06 2.874592e-02)) ((8.203276e-09 -1.081159e-08 2.673960e-10) (4.455064e-07 2.081892e-07 3.039371e-08))
1.7           	((-6.353350e-04 2.172601e-04 1.201167e+01) (2.564225e-07 -3.059218e-06 3.014781e-02)) ((9.539807e-09 -1.168859e-08 -3.626213e-10) (5.865842e-07 1.597213e-07 3.072542e-08))
1.71          	((-3.385202e-04 -1.170754e-04 1.144965e+01) (4.829044e-07 -2.813115e-06 3.152648e-02)) ((3.794110e-09 -5.156674e-09 9.327255e-11) (6.972115e-07 7.416769e-08 2.989598e-08))
1.72          	((-3.223873e-04 5.649011e-05 1.086753e+01) (6.895463e-07 -2.446148e-06 3.287698e-02)) ((7.595339e-09 -8.869338e-09 -2.415860e-10) (7.131810e-07 2.595088e-08 2.915549e-08))
1.73          	((-1.473359e-04 9.046558e-05 1.026624e+01) (7.532740e-07 -2.357878e-06 3.418803e-02)) ((5.822230e-09 -6.750727e-09 -1.200300e-10) (8.079833e-07 -1.028100e-07 3.265668e-08))
1.74          	((7.470601e-05 -5.068108e-05 9.646666e+00) (8.119998e-07 -2.492288e-06 3.545581e-02)) ((5.697860e-09 -6.418588e-09 -7.033413e-11) (9.582025e-07 -1.409573e-07 3.373935e-08))
1.75          	((1.433655e-05 -1.108134e-04 9.010115e+00) (8.059758e-07 -2.713350e-06 3.666374e-02)) ((1.022729e-10 -1.165064e-09 1.604512e-10) (1.108369e-06 -1.647398e-07 3.388977e-08))
1.76          	((3.715693e-06 -1.653786e-04 8.357521e+00) (7.125006e-07 -3.000632e-06 3.780487e-02)) ((-2.065691e-09 1.129183e-09 2.368051e-10) (1.238270e-06 -1.841012e-07 3.369302e-08))
1.77          	((-8.261393e-05 -8.298546e-05 7.689930e+00) (5.852497e-07 -3.284560e-06 3.887721e-02)) ((-2.284622e-09 4.954573e-10 1.741395e-10) (1.343933e-06 -1.976627e-07 3.347321e-08))
1.78          	((-6.210776e-05 -1.413271e-04 7.008818e+00) (5.933207e-07 -3.243176e-06 3.987857e-02)) ((2.097684e-09 -4.053136e-09 5.392389e-11) (1.282309e-06 -1.361185e-07 3.245696e-08))
1.79          	((6.661505e-06 -5.817576e-05 6.315146e+00) (3.857012e-07 -3.543810e-06 4.080489e-02)) ((1.400581e-09 -4.052866e-09 2.285066e-10) (1.327637e-06 -1.288701e-07 3.205446e-08))
1.8           	((-7.141928e-05 -1.180190e-04 5.610165e+00) (9.414846e-08 -3.977486e-06 4.165477e-02)) ((2.682433e-09 -5.889613e-09 2.462832e-10) (1.411016e-06 -1.396271e-07 3.135271e-08))
1.81          	((-7.236202e-05 -1.123660e-04 4.895175e+00) (-2.105038e-07 -4.411774e-06 4.242315e-02)) ((2.139143e-09 -5.891001e-09 3.665122e-10) (1.492399e-06 -1.563842e-07 3.051203e-08))
1.82          	((-2.878227e-05 -1.023951e-04 4.170918e+00) (-5.527018e-07 -4.861393e-06 4.310400e-02)) ((2.674006e-09 -6.260629e-09 4.973081e-10) (1.563600e-06 -1.716408e-07 2.952142e-08))
1.83          	((-7.372020e-05 -1.148320e-04 3.439368e+00) (-8.314440e-07 -5.249441e-06 4.369746e-02)) ((3.246688e-09 -7.742447e-09 3.500993e-10) (1.632100e-06 -1.967488e-07 2.899744e-08))
1.84          	((-8.172698e-05 -1.240254e-04 2.702612e+00) (-1.163212e-06 -5.668596e-06 4.420068e-02)) ((3.528904e-09 -8.380402e-09 1.925824e-10) (1.688878e-06 -2.174310e-07 2.876534e-08))
1.85          	((-8.937026e-05 -1.293901e-04 1.961100e+00) (-1.477621e-06 -6.033122e-06 4.460957e-02)) ((5.461292e-09 -1.101340e-08 4.579029e-11) (1.727360e-06 -2.264027e-07 2.877106e-08))
1.86          	((-1.011874e-04 -1.148234e-04 1.215940e+00) (-1.690876e-06 -6.301227e-06 4.493362e-02)) ((3.367161e-09 -9.535977e-09 2.892418e-10) (1.750303e-06 -2.326133e-07 2.806388e-08))
1.87          	((-8.246827e-05 -1.068219e-04 4.688006e-01) (-1.894922e-06 -6.551783e-06 4.516530e-02)) ((1.811968e-09 -7.963820e-09 4.278204e-10) (1.756186e-06 -2.318249e-07 2.713410e-08))
1.88          	((-1.013346e-04 -1.307454e-04 -2.790158e-01) (-2.076980e-06 -6.757231e-06 4.529855e-02)) ((2.475446e-09 -8.339958e-09 3.996623e-10) (1.746423e-06 -2.223702e-07 2.613553e-08))
1.89          	((-7.778235e-05 -1.056609e-04 -1.025816e+00) (-2.294693e-06 -6.986392e-06 4.533025e-02)) ((8.888190e-10 -6.540911e-09 3.411989e-10) (1.732280e-06 -2.089893e-07 2.581715e-08))
1.9           	((-6.606303e-05 -9.486053e-05 -1.770851e+00) (-2.613532e-06 -7.263998e-06 4.525919e-02)) ((-4.872611e-10 -5.234512e-09 3.857351e-10) (1.711973e-06 -1.826873e-07 2.511687e-08))
1.91          	((-4.951332e-05 -7.679241e-05 -2.514322e+00) (-2.934493e-06 -7.435677e-06 4.509050e-02)) ((1.725945e-09 -7.388179e-09 3.210544e-10) (1.670895e-06 -1.745955e-07 2.464957e-08))
1.92          	((-5.192092e-05 -1.003573e-04 -3.253246e+00) (-3.175652e-06 -7.655687e-06 4.484218e-02)) ((2.921556e-09 -8.115838e-09 2.528250e-10) (1.639824e-06 -1.545017e-07 2.430308e-08))
1.93          	((-4.978809e-05 -1.117905e-04 -3.984046e+00) (-3.365168e-06 -7.824250e-06 4.449330e-02)) ((2.757416e-09 -7.820795e-09 4.795935e-10) (1.602041e-06 -1.424761e-07 2.378871e-08))
1.94          	((-2.274947e-05 -9.008655e-05 -4.705398e+00) (-3.716010e-06 -8.094841e-06 4.403754e-02)) ((3.719794e-09 -8.606578e-09 2.579464e-10) (1.522226e-06 -9.388266e-08 2.286951e-08))
1.95          	((-1.439470e-05 -7.911420e-05 -5.417391e+00) (-3.887838e-06 -8.198062e-06 4.348167e-02)) ((3.727106e-09 -8.298314e-09 8.340799e-11) (1.479819e-06 -8.479717e-08 2.206938e-08))
1.96          	((-1.133539e-05 -5.112747e-05 -6.119596e+00) (-4.310260e-06 -7.956478e-06 4.281974e-02)) ((3.649918e-09 -7.936468e-09 2.112738e-10) (1.302429e-06 -2.071120e-07 2.127289e-08))
1.97          	((-4.541915e-06 -4.052811e-05 -6.812147e+00) (-4.385037e-06 -7.950387e-06 4.205348e-02)) ((4.625952e-09 -8.041836e-09 1.067298e-10) (1.258530e-06 -2.019255e-07 2.056591e-08))
1.98          	((1.135955e-05 1.760990e-06 -7.493925e+00) (-4.370416e-06 -7.959523e-06 4.119143e-02)) ((5.015645e-09 -8.437252e-09 3.406889e-11) (1.243387e-06 -1.626118e-07 1.985915e-08))
1.99          	((8.189854e-06 1.148370e-05 -8.163452e+00) (-4.388113e-06 -7.932976e-06 4.023269e-02)) ((4.681032e-09 -7.695000e-09 1.228055e-10) (1.216700e-06 -1.168138e-07 1.903135e-08))
2             	((1.652927e-05 2.834242e-05 -8.818832e+00) (-4.357717e-06 -7.883545e-06 3.918093e-02)) ((3.933772e-09 -7.328364e-09 6.215781e-11) (1.186608e-06 -8.699980e-08 1.870062e-08))
2.01          	((-8.902192e-06 1.308647e-05 -9.459124e+00) (-4.299977e-06 -7.773691e-06 3.803896e-02)) ((3.171873e-09 -5.738929e-09 4.993799e-11) (1.150995e-06 -7.039568e-08 1.827130e-08))
2.02          	((-3.358815e-05 -1.975719e-05 -1.008316e+01) (-4.237335e-06 -7.633155e-06 3.681267e-02)) ((1.321137e-09 -4.165841e-09 1.042762e-10) (1.108122e-06 -6.158139e-08 1.773188e-08))
2.03          	((-1.326190e-05 1.647571e-05 -1.068993e+01) (-4.197381e-06 -7.481949e-06 3.550834e-02)) ((-4.416248e-10 -2.500555e-09 3.126689e-10) (1.056367e-06 -5.179984e-08 1.693095e-08))
2.04          	((-5.063819e-05 -3.011323e-08 -1.127810e+01) (-4.158148e-06 -7.306531e-06 3.413212e-02)) ((-1.775731e-09 -5.872656e-10 3.217994e-10) (1.000072e-06 -4.345526e-08 1.617480e-08))
2.05          	((-2.600974e-05 -8.415551e-06 -1.184497e+01) (-4.101571e-06 -7.117529e-06 3.269040e-02)) ((-3.576361e-09 1.003027e-09 2.482525e-10) (9.409692e-07 -3.891084e-08 1.557340e-08))
2.06          	((-5.132860e-05 9.193012e-06 -1.239153e+01) (-4.050105e-06 -6.922526e-06 3.118925e-02)) ((-4.206647e-09 2.378532e-09 2.180838e-10) (8.767667e-07 -3.264125e-08 1.457089e-08))
2.07          	((-4.447855e-05 9.425082e-06 -1.291594e+01) (-3.978122e-06 -6.682334e-06 2.963478e-02)) ((-3.169566e-09 1.695800e-09 1.490216e-10) (8.137843e-07 -2.666070e-08 1.380570e-08))
2.08          	((-3.436067e-05 3.286701e-05 -1.341615e+01) (-3.900765e-06 -6.440209e-06 2.803338e-02)) ((-1.683305e-09 5.582485e-10 2.097548e-10) (7.510301e-07 -2.233956e-08 1.294293e-08))
2.09          	((-6.114539e-05 3.281481e-05 -1.389336e+01) (-3.813344e-06 -6.184443e-06 2.639111e-02)) ((-2.235088e-09 1.481087e-09 1.273198e-10) (6.881961e-07 -1.838932e-08 1.226480e-08))
2.1           	((-7.033969e-05 1.745360e-05 -1.434597e+01) (-3.720217e-06 -5.915579e-06 2.471518e-02)) ((-3.403315e-09 3.233464e-09 1.426388e-10) (6.276516e-07 -1.807540e-08 1.166341e-08))
2.11          	((-4.740059e-05 3.440813e-05 -1.477278e+01) (-3.600186e-06 -5.620561e-06 2.301050e-02)) ((-3.448740e-09 3.194090e-09 8.143176e-11) (5.652562e-07 -1.698982e-08 1.091971e-08))
2.12          	((-1.197877e-04 3.515895e-05 -1.517364e+01) (-3.477164e-06 -5.318366e-06 2.128418e-02)) ((-2.232404e-09 2.753582e-09 -5.546343e-11) (5.086174e-07 -1.956395e-08 1.023807e-08))
2.13          	((-5.430784e-05 1.182276e-05 -1.554745e+01) (-3.339190e-06 -5.016159e-06 1.954253e-02)) ((-1.857559e-09 2.183645e-09 9.965807e-11) (4.507588e-07 -1.466141e-08 9.512710e-09))
2.14          	((-1.677890e-04 1.116940e-05 -1.589405e+01) (-3.197333e-06 -4.735230e-06 1.779381e-02)) ((1.150686e-09 8.513791e-11 -2.809867e-10) (3.963522e-07 -4.557170e-09 8.610116e-09))
2.15          	((-1.276037e-04 5.729261e-05 -1.621245e+01) (-3.076236e-06 -4.491364e-06 1.604072e-02)) ((4.036921e-09 -4.441647e-09 3.418968e-10) (3.427571e-07 1.160265e-08 7.793710e-09))
2.16          	((-1.040805e-04 -1.516911e-04 -1.650157e+01) (-2.912022e-06 -4.195063e-06 1.428923e-02)) ((6.588844e-09 -3.353817e-09 -2.009510e-10) (2.925534e-07 1.360493e-08 6.918898e-09))
2.17          	((-3.960985e-05 -3.062440e-04 -1.676181e+01) (-2.780559e-06 -3.940642e-06 1.254337e-02)) ((8.958355e-09 -6.252198e-09 -1.201053e-10) (2.434053e-07 1.562651e-08 5.875411e-09))
2.18          	((-1.682283e-05 -2.345829e-04 -1.699076e+01) (-2.705480e-06 -3.735668e-06 1.080751e-02)) ((6.512754e-09 -4.493088e-09 -2.071743e-10) (2.002763e-07 5.049104e-09 5.367639e-09))
2.19          	((-1.016018e-04 -1.186303e-04 -1.718789e+01) (-2.575106e-06 -3.470675e-06 9.085598e-03)) ((9.559832e-09 -7.052495e-09 -1.343119e-10) (1.641504e-07 -8.521060e-09 4.758133e-09))
2.2           	((-2.421222e-04 -1.170655e-04 -1.735136e+01) (-2.523095e-06 -3.262930e-06 7.382845e-03)) ((1.426118e-08 -1.406390e-08 -2.734318e-10) (1.311242e-07 -2.825077e-08 4.158271e-09))
2.21          	((8.327751e-05 -1.162021e-04 -1.748285e+01) (-2.539687e-06 -3.160936e-06 5.705096e-03)) ((9.190479e-09 -8.706710e-09 2.706338e-10) (1.025821e-07 -4.735150e-08 3.678968e-09))
2.22          	((-2.018020e-04 -4.286268e-04 -1.757864e+01) (-2.515598e-06 -3.009066e-06 4.052315e-03)) ((1.408000e-08 -9.543902e-09 -3.419820e-10) (6.466608e-08 -5.979489e-08 2.668799e-09))
2.23          	((-2.231125e-04 -2.901610e-04 -1.764838e+01) (-2.586170e-06 -2.970721e-06 2.417634e-03)) ((2.794130e-08 -2.113896e-08 9.085652e-10) (2.021906e-08 -5.973324e-08 2.444642e-09))
2.24          	((-3.028324e-04 1.587537e-04 -1.775128e+01) (-2.724533e-06 -3.008774e-06 7.993246e-04)) ((2.849579e-08 -2.191916e-08 8.847192e-10) (-3.005828e-08 -5.959270e-08 1.501795e-09))
2.25          	((4.665967e-04 8.126900e-04 -1.782545e+01) (-2.738289e-06 -2.883712e-06 -7.986180e-04)) ((3.490049e-08 -5.914727e-08 1.211513e-09) (-9.052002e-08 -3.818195e-08 9.412468e-10))
2.26          	((8.575166e-04 1.111049e-03 -1.794025e+01) (-2.821084e-06 -2.822019e-06 -2.374614e-03)) ((2.432485e-08 -3.432819e-08 -2.843803e-09) (-1.179431e-07 -5.732483e-08 7.413195e-10))
2.27          	((-1.349720e-03 -8.970434e-04 -1.788024e+01) (-2.811334e-06 -2.636785e-06 -3.919302e-03)) ((-1.029853e-08 6.857502e-09 1.858897e-09) (-1.520043e-07 -7.464061e-08 -7.989256e-10))
2.28          	((-8.083257e-04 -7.858244e-04 -1.776203e+01) (-2.976871e-06 -2.669242e-06 -5.452252e-03)) ((-1.577381e-08 1.738061e-08 1.766309e-09) (-1.894935e-07 -7.786876e-08 -1.757580e-09))
2.29          	((-1.524807e-04 -9.331365e-05 -1.761798e+01) (-3.160639e-06 -2.718403e-06 -6.981562e-03)) ((7.966994e-09 -3.716663e-09 6.894126e-10) (-2.354872e-07 -8.263365e-08 -3.215916e-09))
2.3           	((-3.436814e-04 3.467699e-05 -1.745951e+01) (-3.132197e-06 -2.542887e-06 -8.510523e-03)) ((1.083008e-08 -9.558998e-09 9.362126e-10) (-2.586826e-07 -1.153715e-07 -4.379420e-09))
2.31          	((-5.698891e-05 1.687128e-04 -1.728081e+01) (-3.233244e-06 -2.498106e-06 -1.004244e-02)) ((8.985267e-09 -7.802447e-09 1.008674e-09) (-2.920543e-07 -1.312164e-07 -5.516869e-09))
2.32          	((-3.290170e-05 -3.816990e-05 -1.708035e+01) (-3.398806e-06 -2.494499e-06 -1.157684e-02)) ((9.940751e-10 1.679535e-10 7.124643e-10) (-3.566104e-07 -1.196014e-07 -6.834564e-09))
2.33          	((2.530807e-05 4.004244e-05 -1.685448e+01) (-3.592511e-06 -2.603282e-06 -1.311240e-02)) ((-1.215916e-09 2.438820e-09 6.722762e-10) (-4.099802e-07 -1.076886e-07 -7.231692e-09))
2.34          	((5.988117e-05 -1.300911e-04 -1.660175e+01) (-3.663798e-06 -2.565106e-06 -1.464968e-02)) ((1.125672e-08 -9.434089e-09 1.158211e-09) (-4.825007e-07 -9.136761e-08 -7.807967e-09))
2.35          	((2.098337e-05 -7.978919e-05 -1.631918e+01) (-3.760496e-06 -2.550312e-06 -1.618596e-02)) ((-4.757064e-09 5.575864e-09 3.293165e-10) (-5.368685e-07 -6.885621e-08 -8.346589e-09))
2.36          	((2.447734e-04 1.054860e-04 -1.600797e+01) (-3.724612e-06 -2.387663e-06 -1.772046e-02)) ((-5.896372e-10 3.028120e-09 1.053568e-09) (-5.882192e-07 -5.224486e-08 -8.175884e-09))
2.37          	((3.181684e-04 1.207183e-04 -1.566819e+01) (-3.675064e-06 -2.268696e-06 -1.924398e-02)) ((4.575387e-10 9.765982e-10 1.131591e-09) (-6.594681e-07 -3.604913e-08 -8.325110e-09))
2.38          	((2.446315e-04 1.625802e-04 -1.530092e+01) (-3.581805e-06 -2.066305e-06 -2.075525e-02)) ((-9.468292e-10 9.796761e-10 7.795120e-10) (-7.183566e-07 -2.535106e-08 -7.936962e-09))
2.39          	((1.817607e-04 2.666212e-04 -1.490601e+01) (-3.478393e-06 -1.850458e-06 -2.225496e-02)) ((-7.200401e-09 4.827305e-09 8.471263e-10) (-7.779132e-07 -1.142492e-08 -7.747176e-09))
2.4           	((2.090417e-04 3.107622e-04 -1.448508e+01) (-3.477884e-06 -1.726141e-06 -2.374294e-02)) ((-1.114357e-08 9.461175e-09 -6.495812e-11) (-8.487084e-07 1.399041e-08 -7.276395e-09))
2.41          	((1.777042e-05 1.879327e-04 -1.403856e+01) (-3.421998e-06 -1.533461e-06 -2.522326e-02)) ((-1.316425e-08 1.113282e-08 4.190436e-10) (-9.283280e-07 4.560363e-08 -6.999381e-09))
2.42          	((2.890119e-04 9.396343e-05 -1.356726e+01) (-3.344702e-06 -1.427122e-06 -2.669027e-02)) ((-1.230993e-08 1.041898e-08 1.020535e-10) (-1.032892e-06 8.504224e-08 -6.561412e-09))
2.43          	((2.551632e-04 2.408836e-04 -1.307178e+01) (-3.289411e-06 -1.295530e-06 -2.813989e-02)) ((-1.432716e-08 1.159498e-08 2.135463e-10) (-1.134398e-06 1.346575e-07 -5.826925e-09))
2.44          	((3.012584e-04 -1.015435e-04 -1.255285e+01) (-3.210527e-06 -1.159314e-06 -2.957277e-02)) ((-1.763877e-08 1.533022e-08 6.905689e-10) (-1.245401e-06 1.937408e-07 -5.716417e-09))
2.45          	((4.104385e-04 1.754768e-04 -1.201169e+01) (-3.048293e-06 -9.329460e-07 -3.098425e-02)) ((-1.215286e-08 1.099974e-08 5.158612e-10) (-1.352191e-06 2.685453e-07 -5.612894e-09))
2.46          	((5.195702e-04 1.164847e-05 -1.144954e+01) (-2.825640e-06 -7.305298e-07 -3.237770e-02)) ((-1.297676e-08 1.194808e-08 8.580990e-10) (-1.429037e-06 2.886517e-07 -4.762444e-09))
2.47          	((2.789741e-04 1.284159e-04 -1.086731e+01) (-2.725271e-06 -6.514267e-07 -3.374051e-02)) ((-1.714805e-08 1.735898e-08 7.289539e-10) (-1.504932e-06 3.026322e-07 -3.606799e-09))
2.48          	((4.270376e-04 1.212004e-05 -1.026595e+01) (-2.830137e-06 -7.868131e-07 -3.507101e-02)) ((-1.665628e-08 1.649697e-08 9.856600e-10) (-1.595136e-06 3.293629e-07 -2.795021e-09))
2.49          	((1.885171e-04 1.361255e-04 -9.646542e+00) (-2.906140e-06 -8.764504e-07 -3.635250e-02)) ((-1.244888e-08 1.469474e-08 1.076340e-09) (-1.665192e-06 3.445680e-07 -1.674283e-09))
2.5           	((2.037379e-04 3.444147e-04 -9.009997e+00) (-3.031201e-06 -1.019316e-06 -3.757686e-02)) ((-1.391773e-08 1.503857e-08 8.419310e-10) (-1.743919e-06 3.659411e-07 -1.028025e-09))
2.51          	((1.416241e-04 2.476852e-04 -8.357378e+00) (-3.216711e-06 -1.238170e-06 -3.873351e-02)) ((-1.723875e-08 1.954066e-08 9.242808e-10) (-1.824279e-06 3.906061e-07 -6.429367e-10))
2.52          	((1.027468e-04 1.554070e-04 -7.689942e+00) (-3.369531e-06 -1.429643e-06 -3.982035e-02)) ((-1.644604e-08 1.729741e-08 8.872782e-10) (-1.896196e-06 4.097394e-07 -1.660677e-10))
2.53          	((9.964638e-05 2.134419e-04 -7.008917e+00) (-3.508969e-06 -1.555043e-06 -4.083227e-02)) ((-1.545539e-08 1.728769e-08 1.088046e-09) (-1.983572e-06 4.362067e-07 3.806297e-10))
2.54          	((6.874285e-05 7.541074e-05 -6.315259e+00) (-3.660155e-06 -1.692611e-06 -4.176980e-02)) ((-1.564945e-08 1.723876e-08 1.004135e-09) (-2.067621e-06 4.610053e-07 9.863906e-10))
2.55          	((1.750163e-05 6.474322e-05 -5.610423e+00) (-3.806889e-06 -1.856422e-06 -4.263187e-02)) ((-1.208994e-08 1.336328e-08 1.272531e-09) (-2.141645e-06 4.767165e-07 1.257808e-09))
2.56          	((-2.168571e-06 5.925801e-05 -4.895472e+00) (-4.014288e-06 -2.073399e-06 -4.341030e-02)) ((-9.959142e-09 1.125201e-08 1.174199e-09) (-2.214025e-06 5.003702e-07 1.726714e-09))
2.57          	((1.265463e-05 7.237413e-05 -4.171328e+00) (-4.223436e-06 -2.322572e-06 -4.410290e-02)) ((-9.237035e-09 9.948759e-09 1.203783e-09) (-2.287619e-06 5.280503e-07 2.650463e-09))
2.58          	((5.426918e-05 1.038919e-04 -3.439957e+00) (-4.450550e-06 -2.585353e-06 -4.470728e-02)) ((-9.169724e-09 9.609388e-09 1.389428e-09) (-2.351494e-06 5.544235e-07 3.390457e-09))
2.59          	((5.420219e-05 9.693130e-05 -2.703321e+00) (-4.642961e-06 -2.822952e-06 -4.521988e-02)) ((-8.844932e-09 1.056182e-08 1.345186e-09) (-2.405624e-06 5.767774e-07 4.255798e-09))
2.6           	((5.809546e-05 1.219749e-04 -1.961869e+00) (-4.716592e-06 -2.937627e-06 -4.564264e-02)) ((-9.844576e-09 1.004738e-08 1.236855e-09) (-2.324412e-06 5.054844e-07 8.554821e-09))
2.61          	((7.037168e-05 1.485325e-04 -1.216793e+00) (-4.906544e-06 -3.174532e-06 -4.598143e-02)) ((-8.344080e-09 9.286186e-09 1.297312e-09) (-2.359363e-06 5.201764e-07 9.225392e-09))
2.62          	((7.474587e-05 1.547151e-04 -4.696825e-01) (-5.253315e-06 -3.583619e-06 -4.622394e-02)) ((-5.026260e-09 6.293820e-09 1.205759e-09) (-2.395116e-06 5.326329e-07 8.951099e-09))
2.63          	((8.025435e-05 1.457436e-04 2.781117e-01) (-5.511699e-06 -3.914183e-06 -4.636618e-02)) ((-4.573526e-09 4.916484e-09 1.276737e-09) (-2.420600e-06 5.410941e-07 9.074494e-09))
2.64          	((6.673341e-05 1.344883e-04 1.024919e+00) (-5.855347e-06 -4.355989e-06 -4.640603e-02)) ((-3.082541e-09 3.442158e-09 1.274316e-09) (-2.411364e-06 5.241817e-07 9.329041e-09))
2.65          	((5.871049e-05 1.295606e-04 1.769981e+00) (-5.837884e-06 -4.443882e-06 -4.635508e-02)) ((-1.737326e-09 2.081125e-09 1.274768e-09) (-2.288515e-06 4.204571e-07 1.109339e-08))
2.66          	((4.039057e-05 1.221607e-04 2.513383e+00) (-6.078955e-06 -4.824337e-06 -4.622323e-02)) ((-2.174831e-09 1.967857e-09 1.100895e-09) (-2.186195e-06 3.716249e-07 1.201919e-08))
2.67          	((2.775641e-05 1.131946e-04 3.252382e+00) (-6.328960e-06 -5.218629e-06 -4.598307e-02)) ((-3.572976e-09 2.841408e-09 1.132220e-09) (-2.116488e-06 3.504228e-07 1.295371e-08))
2.68          	((1.063276e-05 1.104958e-04 3.983105e+00) (-6.732404e-06 -5.732038e-06 -4.563513e-02)) ((-3.109688e-09 2.041716e-09 1.229951e-09) (-2.111032e-06 4.099460e-07 1.650670e-08))
2.69          	((-9.579412e-06 8.844436e-05 4.704526e+00) (-6.908183e-06 -6.025497e-06 -4.517859e-02)) ((-2.271632e-09 1.032716e-09 1.274176e-09) (-2.062255e-06 3.917406e-07 1.779535e-08))
2.7           	((6.818961e-06 8.574154e-05 5.416821e+00) (-6.996737e-06 -6.217327e-06 -4.461850e-02)) ((-2.243025e-09 7.118479e-10 1.183823e-09) (-1.999719e-06 3.586308e-07 1.867282e-08))
2.71          	((-1.537760e-07 7.961550e-05 6.119300e+00) (-7.456132e-06 -6.663056e-06 -4.394897e-02)) ((-2.842996e-09 8.209275e-10 1.357015e-09) (-2.025762e-06 4.615380e-07 1.749385e-08))
2.72          	((6.527706e-06 6.211956e-05 6.811948e+00) (-7.799539e-06 -7.128749e-06 -4.318012e-02)) ((-4.266194e-09 2.075090e-09 1.215406e-09) (-2.068376e-06 5.355716e-07 1.875267e-08))
2.73          	((-5.686915e-06 6.492517e-05 7.493881e+00) (-7.772369e-06 -7.218770e-06 -4.231036e-02)) ((-3.390682e-09 1.950357e-09 1.118622e-09) (-1.993129e-06 4.843349e-07 2.058307e-08))
2.74          	((-8.815450e-06 4.862315e-05 8.163420e+00) (-7.672605e-06 -7.230524e-06 -4.133902e-02)) ((-2.710922e-09 2.533021e-10 1.043520e-09) (-1.893957e-06 4.166434e-07 2.222267e-08))
2.75          	((3.287629e-05 3.656771e-05 8.818978e+00) (-7.665801e-06 -7.315451e-06 -4.027215e-02)) ((-2.812874e-09 -1.286072e-10 9.922286e-10) (-1.762756e-06 3.256160e-07 2.339522e-08))
2.76          	((3.482533e-05 5.058910e-05 9.459372e+00) (-7.529242e-06 -7.260435e-06 -3.911559e-02)) ((-3.996765e-09 5.547090e-10 1.264157e-09) (-1.675252e-06 2.824698e-07 2.414162e-08))
2.77          	((1.730811e-06 4.820415e-05 1.008364e+01) (-7.360637e-06 -7.163375e-06 -3.787509e-02)) ((-2.466585e-09 -9.258616e-10 1.171283e-09) (-1.609635e-06 2.643937e-07 2.459746e-08))
2.78          	((4.648150e-05 3.828676e-05 1.069041e+01) (-7.110036e-06 -6.987194e-06 -3.655687e-02)) ((-1.328800e-09 -2.895476e-09 1.070745e-09) (-1.521882e-06 2.280201e-07 2.500478e-08))
2.79          	((8.452889e-06 6.411249e-05 1.127837e+01) (-6.959255e-06 -6.910096e-06 -3.516794e-02)) ((-2.326070e-10 -4.521888e-09 9.848803e-10) (-1.469153e-06 2.281618e-07 2.507969e-08))
2.8           	((4.401932e-05 2.137424e-05 1.184538e+01) (-6.837222e-06 -6.868741e-06 -3.371266e-02)) ((2.103218e-09 -6.327487e-09 7.291005e-10) (-1.422930e-06 2.361224e-07 2.518366e-08))
2.81          	((4.840710e-05 5.069060e-05 1.239204e+01) (-6.736252e-06 -6.854387e-06 -3.219702e-02)) ((3.725037e-09 -8.246526e-09 7.450053e-10) (-1.359803e-06 2.382222e-07 2.525612e-08))
2.82          	((3.198571e-05 2.697896e-05 1.291630e+01) (-6.660794e-06 -6.847431e-06 -3.062733e-02)) ((2.938620e-09 -7.116512e-09 7.607965e-10) (-1.297185e-06 2.465915e-07 2.516193e-08))
2.83          	((6.365622e-05 4.004042e-05 1.341645e+01) (-6.552997e-06 -6.816598e-06 -2.901005e-02)) ((7.824933e-10 -6.426054e-09 7.008300e-10) (-1.232115e-06 2.517760e-07 2.566863e-08))
2.84          	((5.737424e-05 1.333340e-05 1.389362e+01) (-6.337564e-06 -6.735754e-06 -2.735124e-02)) ((-8.144249e-10 -4.633545e-09 7.162588e-10) (-1.165582e-06 2.394822e-07 2.602445e-08))
2.85          	((2.395635e-05 -4.255136e-05 1.434631e+01) (-6.114063e-06 -6.626676e-06 -2.565741e-02)) ((-9.687899e-10 -4.300702e-09 6.546996e-10) (-1.098286e-06 2.306741e-07 2.603787e-08))
2.86          	((-9.980480e-06 -4.683322e-05 1.477308e+01) (-5.867297e-06 -6.465951e-06 -2.393521e-02)) ((-2.482789e-09 -3.082090e-09 7.275572e-10) (-1.028171e-06 2.236185e-07 2.579077e-08))
2.87          	((-5.912362e-06 -8.160404e-05 1.517397e+01) (-5.620620e-06 -6.287496e-06 -2.219039e-02)) ((-2.243752e-09 -2.588982e-09 8.953092e-10) (-9.577808e-07 2.190745e-07 2.541307e-08))
2.88          	((-2.773348e-05 -9.507036e-05 1.554800e+01) (-5.370619e-06 -6.101654e-06 -2.042951e-02)) ((-4.039902e-09 -1.401414e-09 5.620759e-10) (-8.865649e-07 2.178118e-07 2.510971e-08))
2.89          	((1.003081e-05 -1.757315e-04 1.589445e+01) (-5.092574e-06 -5.881440e-06 -1.866055e-02)) ((-3.485625e-09 -7.773060e-10 5.780406e-10) (-8.137137e-07 2.171474e-07 2.455101e-08))
2.9           	((-8.259072e-06 -8.056817e-05 1.621272e+01) (-4.789908e-06 -5.649065e-06 -1.688907e-02)) ((-6.248229e-09 1.731283e-09 2.120053e-10) (-7.354247e-07 2.059937e-07 2.434352e-08))
2.91          	((1.520999e-04 3.036131e-04 1.650198e+01) (-4.450715e-06 -5.393189e-06 -1.511896e-02)) ((-3.408571e-09 1.637797e-09 2.596864e-10) (-6.614691e-07 1.910653e-07 2.421143e-08))
2.92          	((-5.884917e-05 -7.743197e-05 1.676202e+01) (-4.210478e-06 -5.239019e-06 -1.335563e-02)) ((-7.133605e-09 3.856054e-09 5.762811e-10) (-5.958354e-07 1.841488e-07 2.348908e-08))
2.93          	((3.815853e-05 1.818236e-04 1.699048e+01) (-3.937014e-06 -5.049755e-06 -1.160311e-02)) ((-9.523123e-09 5.977626e-09 3.211264e-12) (-5.344333e-07 1.812888e-07 2.317212e-08))
2.94          	((-2.326109e-05 -1.474733e-04 1.718665e+01) (-3.646151e-06 -4.850276e-06 -9.864960e-03)) ((-8.381459e-09 4.562450e-09 3.281025e-10) (-4.828153e-07 1.797615e-07 2.310259e-08))
2.95          	((-1.123083e-04 -1.406474e-04 1.734963e+01) (-3.646580e-06 -4.943133e-06 -8.145921e-03)) ((-9.653200e-09 4.885590e-09 4.286769e-11) (-4.339572e-07 1.821039e-07 2.305533e-08))
2.96          	((2.030032e-05 2.379791e-04 1.748230e+01) (-3.671518e-06 -5.047169e-06 -6.451360e-03)) ((-7.765720e-09 4.795909e-09 9.052338e-11) (-3.943503e-07 1.931089e-07 2.287516e-08))
2.97          	((4.023751e-05 2.199698e-04 1.757808e+01) (-3.649647e-06 -5.114253e-06 -4.783932e-03)) ((-1.662989e-09 -3.116591e-09 -8.287905e-11) (-3.536451e-07 2.036772e-07 2.318180e-08))
2.98          	((-7.879070e-05 -1.817326e-04 1.765497e+01) (-3.636176e-06 -5.187855e-06 -3.140110e-03)) ((-2.165975e-08 2.403488e-08 7.072919e-10) (-3.036637e-07 2.010295e-07 2.259308e-08))
2.99          	((-2.763178e-04 -4.306094e-04 1.776824e+01) (-3.764901e-06 -5.402978e-06 -1.514502e-03)) ((-1.298237e-09 2.908371e-09 -9.460234e-10) (-2.580669e-07 2.030477e-07 2.205466e-08))
3             	((5.350364e-04 1.496502e-04 1.782074e+01) (-3.361696e-06 -5.103866e-06 9.854514e-05)) ((-7.109782e-08 3.169361e-08 1.750731e-09) (-1.706651e-07 1.710393e-07 2.161773e-08))
3.01          	((1.209992e-03 1.038879e-03 1.792427e+01) (-3.451812e-06 -5.266204e-06 1.689594e-03)) ((-2.558619e-08 3.906193e-08 8.528192e-10) (-8.937484e-08 1.445093e-07 2.155124e-08))
3.02          	((-6.803646e-04 -7.344529e-04 1.787087e+01) (-3.304036e-06 -5.193852e-06 3.237646e-03)) ((2.732744e-10 -4.406286e-09 -1.003886e-10) (-5.035915e-08 1.573393e-07 2.094383e-08))
3.03          	((-7.424083e-04 -8.804397e-04 1.776678e+01) (-3.264770e-06 -5.266098e-06 4.766967e-03)) ((-1.912369e-08 1.281889e-08 5.754699e-10) (-3.051121e-08 1.902083e-07 2.106466e-08))
3.04          	((-1.077940e-04 -1.979678e-04 1.761577e+01) (-3.279008e-06 -5.443152e-06 6.290551e-03)) ((-3.012996e-09 -2.574319e-09 2.569017e-10) (6.671043e-09 1.964777e-07 2.184900e-08))
3.05          	((-8.460999e-05 -1.871913e-04 1.745693e+01) (-3.395783e-06 -5.694585e-06 7.810506e-03)) ((-1.742855e-08 8.454530e-09 -1.623053e-10) (5.505372e-08 2.013108e-07 2.263378e-08))
3.06          	((2.221197e-04 3.499739e-05 1.728007e+01) (-3.407149e-06 -5.854916e-06 9.332628e-03)) ((-1.669044e-08 1.181894e-08 1.200149e-09) (1.072123e-07 1.994166e-07 2.302539e-08))
3.07          	((1.713840e-04 -3.372280e-04 1.707992e+01) (-3.524701e-06 -6.157352e-06 1.085656e-02)) ((-7.618953e-09 6.086055e-09 3.108408e-10) (1.494829e-07 2.011999e-07 2.411067e-08))
3.08          	((-7.382669e-06 -1.147723e-04 1.685415e+01) (-3.561381e-06 -6.334124e-06 1.238145e-02)) ((-3.141353e-09 -6.521737e-11 2.607177e-10) (2.213289e-07 1.781549e-07 2.555123e-08))
3.09          	((-4.075623e-04 -1.552077e-04 1.660152e+01) (-3.577223e-06 -6.449852e-06 1.390738e-02)) ((-5.416096e-09 3.012299e-11 9.843217e-11) (2.590009e-07 1.892221e-07 2.664313e-08))
3.1           	((-2.160227e-04 -3.398858e-05 1.631811e+01) (-3.572181e-06 -6.516025e-06 1.543178e-02)) ((3.901106e-10 -3.576440e-09 -5.434037e-11) (3.152960e-07 1.874364e-07 2.802029e-08))
3.11          	((-2.115340e-05 -2.106390e-04 1.600691e+01) (-3.589114e-06 -6.674291e-06 1.695359e-02)) ((2.784066e-09 -3.984751e-09 -2.025344e-10) (3.655347e-07 1.819562e-07 2.900925e-08))
3.12          	((-3.849708e-04 9.699142e-05 1.566708e+01) (-3.485010e-06 -6.660887e-06 1.846701e-02)) ((1.256213e-10 -5.308518e-09 5.430909e-11) (4.459254e-07 1.434099e-07 3.069067e-08))
3.13          	((-2.280435e-04 5.092577e-05 1.529943e+01) (-3.303375e-06 -6.584330e-06 1.996581e-02)) ((3.286149e-11 -3.799560e-09 -1.166420e-10) (5.288479e-07 1.259077e-07 3.216422e-08))
3.14          	((-3.828020e-05 -7.708836e-05 1.490442e+01) (-3.055946e-06 -6.498199e-06 2.145117e-02)) ((1.376295e-08 -1.794844e-08 3.503370e-10) (6.130201e-07 1.048955e-07 3.312561e-08))
3.15          	((-3.393615e-05 -1.921573e-04 1.448343e+01) (-2.928199e-06 -6.522751e-06 2.292229e-02)) ((1.064600e-08 -1.368515e-08 2.809678e-10) (6.798258e-07 8.944630e-08 3.411162e-08))
3.16          	((-9.233668e-05 -2.780925e-04 1.403684e+01) (-2.706467e-06 -6.432975e-06 2.438140e-02)) ((9.085124e-09 -1.136712e-08 5.381896e-11) (7.694297e-07 5.305757e-08 3.533305e-08))
3.17          	((-2.633387e-04 -3.285171e-04 1.356542e+01) (-2.421621e-06 -6.252803e-06 2.582607e-02)) ((1.417283e-08 -1.712542e-08 2.536609e-10) (8.323248e-07 3.664559e-08 3.585790e-08))
3.18          	((-2.484106e-04 -8.938863e-05 1.306971e+01) (-2.092838e-06 -6.014558e-06 2.725428e-02)) ((9.632096e-09 -1.315678e-08 -3.177352e-10) (9.108223e-07 2.130321e-11 3.661443e-08))
3.19          	((-3.427034e-04 -2.019248e-04 1.255068e+01) (-1.806203e-06 -5.812890e-06 2.866674e-02)) ((1.583457e-08 -1.765053e-08 3.185114e-10) (9.953238e-07 -3.551629e-08 3.722650e-08))
3.2           	((-3.562615e-04 2.761426e-05 1.200954e+01) (-1.482500e-06 -5.563222e-06 3.005334e-02)) ((1.665959e-08 -1.963048e-08 -1.721711e-10) (1.085182e-06 -7.649169e-08 3.795632e-08))
3.21          	((-3.194183e-04 9.116168e-05 1.144746e+01) (-1.085517e-06 -5.201279e-06 3.141712e-02)) ((1.069806e-08 -1.258485e-08 -1.395242e-10) (1.112967e-06 -1.036065e-07 3.807704e-08))
3.22          	((-2.767596e-04 -1.535649e-04 1.086520e+01) (-8.345066e-07 -4.978412e-06 3.275838e-02)) ((6.018551e-09 -7.715066e-09 -3.567331e-10) (1.180776e-06 -1.328141e-07 3.838690e-08))
3.23          	((-4.843324e-04 8.199039e-05 1.026391e+01) (-8.471344e-07 -4.787637e-06 3.406423e-02)) ((5.179906e-09 -7.109451e-09 -5.648486e-10) (1.161782e-06 -2.028167e-07 3.753359e-08))
3.24          	((-2.037884e-04 -1.618697e-04 9.644452e+00) (-7.328514e-07 -4.719757e-06 3.532960e-02)) ((5.837940e-09 -6.790713e-09 -2.689478e-10) (1.176521e-06 -1.729353e-07 3.765450e-08))
3.25          	((-1.023253e-04 -5.582297e-05 9.007966e+00) (-7.889593e-07 -4.905411e-06 3.654053e-02)) ((1.601461e-09 -2.601695e-09 -3.349657e-10) (1.296174e-06 -2.089945e-07 3.851051e-08))
3.26          	((1.216751e-05 -2.087419e-04 8.355432e+00) (-9.275781e-07 -5.254771e-06 3.768626e-02)) ((-5.160048e-10 -1.867739e-10 -1.064664e-11) (1.441642e-06 -2.546620e-07 3.860095e-08))
3.27          	((-8.650595e-05 -1.856373e-04 7.687990e+00) (-1.193735e-06 -5.655614e-06 3.876013e-02)) ((2.017379e-09 -3.453924e-09 -1.248057e-10) (1.578952e-06 -3.160668e-07 3.859302e-08))
3.28          	((-9.889778e-05 -9.771245e-05 7.006941e+00) (-1.389390e-06 -5.909971e-06 3.976282e-02)) ((4.687007e-09 -6.720231e-09 2.605132e-11) (1.653672e-06 -3.262768e-07 3.820123e-08))
3.29          	((-1.107343e-04 -1.827615e-04 6.313285e+00) (-1.555461e-06 -5.871830e-06 4.069040e-02)) ((-8.092725e-10 -2.225204e-09 -6.945753e-11) (1.575578e-06 -3.344753e-07 3.848938e-08))
3.3           	((-1.441270e-04 -1.958304e-04 5.608487e+00) (-1.564466e-06 -5.954246e-06 4.153888e-02)) ((4.041065e-09 -7.678691e-09 -2.828084e-11) (1.534167e-06 -2.507771e-07 3.790117e-08))
3.31          	((-1.507244e-04 -1.823232e-04 4.893513e+00) (-1.864173e-06 -6.358118e-06 4.230619e-02)) ((3.302676e-09 -7.080817e-09 -3.884818e-11) (1.611403e-06 -2.501401e-07 3.702568e-08))
3.32          	((-1.249731e-04 -1.633374e-04 4.169378e+00) (-2.189612e-06 -6.826509e-06 4.298879e-02)) ((4.370752e-09 -8.487762e-09 8.414768e-11) (1.709968e-06 -2.562054e-07 3.617413e-08))
3.33          	((-1.533104e-04 -1.849796e-04 3.438055e+00) (-2.690189e-06 -7.446802e-06 4.358435e-02)) ((6.853050e-09 -1.139734e-08 -3.493731e-12) (1.749315e-06 -2.416289e-07 3.522868e-08))
3.34          	((-1.456636e-04 -1.436977e-04 2.701356e+00) (-3.322137e-06 -8.179825e-06 4.408910e-02)) ((8.075296e-09 -1.308494e-08 1.555829e-10) (1.902478e-06 -3.571213e-07 3.425909e-08))
3.35          	((-1.399366e-04 -1.367595e-04 1.959920e+00) (-3.564586e-06 -8.496951e-06 4.450163e-02)) ((9.271456e-09 -1.503663e-08 -1.019879e-10) (1.955878e-06 -3.846054e-07 3.364311e-08))
3.36          	((-1.164538e-04 -1.405296e-04 1.214833e+00) (-3.745629e-06 -8.724079e-06 4.481762e-02)) ((8.457335e-09 -1.450975e-08 -7.748467e-12) (1.968202e-06 -3.823018e-07 3.297394e-08))
3.37          	((-1.088109e-04 -1.326510e-04 4.675610e-01) (-3.930683e-06 -8.938605e-06 4.505229e-02)) ((6.333849e-09 -1.236922e-08 2.468146e-11) (1.963871e-06 -3.640657e-07 3.201820e-08))
3.38          	((-1.245087e-04 -1.310466e-04 -2.801811e-01) (-4.327195e-06 -9.061882e-06 4.518599e-02)) ((5.772273e-09 -1.180786e-08 1.311978e-10) (1.901791e-06 -4.378264e-07 3.400785e-08))
3.39          	((-1.273486e-04 -1.320467e-04 -1.026991e+00) (-4.528054e-06 -9.298610e-06 4.521872e-02)) ((4.854562e-09 -1.084591e-08 2.970839e-10) (1.879630e-06 -4.020874e-07 3.327335e-08))
3.4           	((-1.040442e-04 -1.187851e-04 -1.772025e+00) (-4.768127e-06 -9.570518e-06 4.514993e-02)) ((3.910079e-09 -9.886520e-09 6.089923e-11) (1.866478e-06 -3.475772e-07 3.226587e-08))
3.41          	((-1.012023e-04 -1.254298e-04 -2.515374e+00) (-4.991542e-06 -9.797811e-06 4.497971e-02)) ((4.321939e-09 -1.000539e-08 1.316012e-10) (1.849118e-06 -3.213007e-07 3.129130e-08))
3.42          	((-9.317350e-05 -1.257645e-04 -3.254279e+00) (-6.080047e-06 -9.373532e-06 4.471873e-02)) ((5.128856e-09 -1.041068e-08 6.644140e-11) (1.540718e-06 -6.976565e-07 3.986646e-08))
3.43          	((-8.646126e-05 -1.192619e-04 -3.985106e+00) (-6.274718e-06 -9.693339e-06 4.437908e-02)) ((5.117789e-09 -1.037849e-08 2.115093e-10) (1.508440e-06 -5.979225e-07 3.805650e-08))
3.44          	((-6.548565e-05 -1.103635e-04 -4.706640e+00) (-6.245189e-06 -9.952835e-06 4.393138e-02)) ((6.811803e-09 -1.211010e-08 1.196176e-10) (1.529474e-06 -4.715926e-07 3.439514e-08))
3.45          	((-2.886366e-05 -7.757410e-05 -5.419110e+00) (-6.363046e-06 -1.005335e-05 4.337702e-02)) ((6.119605e-09 -1.079144e-08 8.977718e-11) (1.492831e-06 -4.075384e-07 3.287785e-08))
3.46          	((-2.770991e-05 -3.580379e-05 -6.121650e+00) (-6.340217e-06 -1.010036e-05 4.272143e-02)) ((6.660648e-09 -1.103784e-08 -1.193521e-12) (1.464386e-06 -3.342451e-07 3.047065e-08))
3.47          	((-2.432894e-05 -3.967616e-05 -6.814194e+00) (-6.568866e-06 -9.849991e-06 4.196531e-02)) ((7.003302e-09 -1.083532e-08 3.571886e-11) (1.313491e-06 -3.886279e-07 2.828178e-08))
3.48          	((-2.305810e-05 -3.316264e-05 -7.496003e+00) (-6.554893e-06 -9.809916e-06 4.110805e-02)) ((6.809393e-09 -1.010619e-08 -9.873413e-11) (1.273721e-06 -3.503108e-07 2.687099e-08))
3.49          	((-3.884888e-05 -1.341496e-05 -8.165316e+00) (-7.224286e-06 -1.011923e-05 4.015618e-02)) ((7.162985e-09 -1.008920e-08 -1.713874e-10) (1.362093e-06 -5.369492e-07 2.652745e-08))
3.5           	((-4.622203e-05 -1.645520e-05 -8.820785e+00) (-7.032973e-06 -1.003186e-05 3.911423e-02)) ((6.305986e-09 -9.173873e-09 -2.504310e-10) (1.330796e-06 -4.588743e-07 2.565121e-08))
3.51          	((-2.298908e-05 1.943349e-05 -9.460913e+00) (-6.821793e-06 -9.724319e-06 3.798239e-02)) ((5.030358e-09 -8.147578e-09 7.923909e-11) (1.238960e-06 -3.867039e-07 2.505025e-08))
3.52          	((-3.224273e-05 1.349665e-05 -1.008512e+01) (-6.556045e-06 -9.494366e-06 3.676730e-02)) ((3.817034e-09 -6.630810e-09 1.343589e-12) (1.178231e-06 -2.886694e-07 2.405084e-08))
3.53          	((-2.707021e-05 1.829056e-05 -1.069163e+01) (-6.326685e-06 -9.286497e-06 3.547329e-02)) ((2.216787e-09 -4.969943e-09 3.473956e-11) (1.123466e-06 -2.136033e-07 2.293068e-08))
3.54          	((-6.495797e-05 1.298410e-05 -1.127964e+01) (-6.133306e-06 -9.069309e-06 3.410655e-02)) ((3.837156e-11 -2.514133e-09 2.061919e-10) (1.063223e-06 -1.580698e-07 2.169837e-08))
3.55          	((-3.617801e-05 5.887469e-07 -1.184659e+01) (-5.984577e-06 -8.860552e-06 3.267371e-02)) ((-2.284414e-09 -1.433388e-11 1.171770e-10) (1.002565e-06 -1.203609e-07 2.065440e-08))
3.56          	((-3.138259e-05 2.512563e-05 -1.239290e+01) (-5.856887e-06 -8.643727e-06 3.118148e-02)) ((-2.270578e-09 2.105014e-10 2.460859e-10) (9.357353e-07 -9.168163e-08 1.964546e-08))
3.57          	((-6.287079e-05 1.596877e-05 -1.291778e+01) (-5.710131e-06 -8.371021e-06 2.963577e-02)) ((-1.571881e-09 4.080658e-11 1.538267e-10) (8.660384e-07 -6.616987e-08 1.907836e-08))
3.58          	((-5.297953e-05 2.392371e-05 -1.341774e+01) (-5.570485e-06 -8.093436e-06 2.804306e-02)) ((-5.192195e-10 -4.872684e-10 1.061868e-10) (7.988841e-07 -4.782214e-08 1.842292e-08))
3.59          	((-5.910572e-05 5.122580e-05 -1.389450e+01) (-5.421302e-06 -7.797734e-06 2.640957e-02)) ((-4.082550e-10 -2.083226e-10 1.882747e-10) (7.332279e-07 -3.282316e-08 1.746430e-08))
3.6           	((-9.413613e-05 7.657243e-06 -1.434781e+01) (-5.272058e-06 -7.485655e-06 2.474234e-02)) ((-4.942313e-10 6.189424e-10 -1.368421e-10) (6.665320e-07 -1.885322e-08 1.663316e-08))
3.61          	((-8.355271e-05 4.090406e-05 -1.477435e+01) (-5.115754e-06 -7.158963e-06 2.304664e-02)) ((5.691546e-10 -5.578605e-10 6.607757e-11) (6.002361e-07 -4.243069e-09 1.574338e-08))
3.62          	((-1.087238e-04 1.688984e-05 -1.517528e+01) (-4.937948e-06 -6.806396e-06 2.132934e-02)) ((1.336377e-09 -5.161676e-10 -4.567095e-11) (5.324339e-07 7.841523e-09 1.464324e-08))
3.63          	((-1.041150e-04 2.058394e-05 -1.554929e+01) (-4.752223e-06 -6.466006e-06 1.959765e-02)) ((3.356337e-10 -1.541947e-10 2.130285e-10) (4.685565e-07 2.510825e-08 1.354891e-08))
3.64          	((-1.535761e-04 3.279892e-05 -1.589562e+01) (-4.574733e-06 -6.148870e-06 1.785907e-02)) ((2.873992e-09 -2.628299e-09 -1.691286e-10) (4.074805e-07 4.270794e-08 1.234505e-08))
3.65          	((-1.310677e-04 8.484572e-05 -1.621370e+01) (-4.381512e-06 -5.848954e-06 1.611639e-02)) ((5.932176e-09 -5.562132e-09 -3.012389e-10) (3.514745e-07 6.898219e-08 1.122017e-08))
3.66          	((3.235958e-05 -2.565063e-04 -1.650295e+01) (-4.215292e-06 -5.542644e-06 1.437466e-02)) ((8.885015e-09 -4.867544e-09 -8.351225e-11) (2.895013e-07 7.930860e-08 1.022221e-08))
3.67          	((-1.329062e-04 -2.789048e-04 -1.676273e+01) (-4.037148e-06 -5.235218e-06 1.263882e-02)) ((9.784344e-09 -7.407510e-09 -1.101964e-10) (2.329929e-07 9.154153e-08 9.352636e-09))
3.68          	((-1.406011e-05 -1.480663e-04 -1.699128e+01) (-3.892603e-06 -4.953048e-06 1.091222e-02)) ((7.153479e-09 -6.343694e-09 -1.058289e-10) (1.850433e-07 9.019172e-08 8.302796e-09))
3.69          	((-1.645750e-04 -1.610724e-04 -1.718730e+01) (-3.793088e-06 -4.695607e-06 9.199957e-03)) ((1.162258e-08 -8.661141e-09 -4.083666e-10) (1.376666e-07 8.327360e-08 7.405762e-09))
3.7           	((-5.997065e-05 -1.323894e-04 -1.734983e+01) (-3.665541e-06 -4.416687e-06 7.507196e-03)) ((1.397853e-08 -1.308067e-08 -2.674879e-10) (9.428092e-08 7.597795e-08 6.841679e-09))
3.71          	((-9.323215e-05 -1.460009e-05 -1.748184e+01) (-3.675082e-06 -4.298339e-06 5.838488e-03)) ((1.146573e-08 -1.074877e-08 -2.054495e-10) (6.217787e-08 5.639729e-08 6.204934e-09))
3.72          	((-2.335543e-04 -4.982416e-04 -1.757602e+01) (-3.629329e-06 -4.107774e-06 4.194778e-03)) ((2.086629e-08 -1.640029e-08 -2.149571e-11) (2.331122e-09 6.545101e-08 5.922078e-09))
3.73          	((-6.520331e-04 -5.578773e-04 -1.765276e+01) (-3.721140e-06 -4.077950e-06 2.569236e-03)) ((3.556372e-08 -2.695408e-08 3.440402e-10) (-4.976969e-08 7.192604e-08 5.394047e-09))
3.74          	((-1.340712e-04 1.023591e-04 -1.776180e+01) (-3.822835e-06 -4.093254e-06 9.606589e-04)) ((1.200596e-08 -9.705499e-09 5.918412e-10) (-1.088946e-07 8.053368e-08 4.834187e-09))
3.75          	((9.378022e-04 1.317903e-03 -1.781650e+01) (-3.829754e-06 -3.921552e-06 -6.290874e-04)) ((1.196647e-08 -3.157348e-08 3.117329e-10) (-1.761646e-07 1.055970e-07 4.107383e-09))
3.76          	((6.952519e-04 7.937920e-04 -1.792411e+01) (-3.938835e-06 -3.883756e-06 -2.198398e-03)) ((4.273623e-08 -6.090138e-08 -1.985208e-09) (-2.189880e-07 1.043429e-07 3.720110e-09))
3.77          	((-1.205878e-03 -8.161068e-04 -1.787915e+01) (-3.846831e-06 -3.606896e-06 -3.734759e-03)) ((-3.349978e-09 3.815812e-09 2.990713e-09) (-2.589243e-07 9.493950e-08 2.343092e-09))
3.78          	((-1.033908e-03 -9.293000e-04 -1.776196e+01) (-3.958713e-06 -3.595540e-06 -5.258253e-03)) ((-4.892989e-09 7.034575e-09 1.261391e-09) (-2.934858e-07 8.519973e-08 7.919513e-10))
3.79          	((-3.654790e-04 -2.345195e-04 -1.761882e+01) (-4.095504e-06 -3.602669e-06 -6.778878e-03)) ((-1.335967e-09 4.645872e-09 9.802704e-10) (-3.456875e-07 9.177150e-08 -9.049722e-10))
3.8           	((-1.653455e-04 9.863321e-05 -1.745839e+01) (-4.125276e-06 -3.498145e-06 -8.298428e-03)) ((1.464866e-08 -1.225570e-08 7.996845e-10) (-3.656416e-07 5.791603e-08 -2.002015e-09))
3.81          	((-1.175977e-04 2.274845e-04 -1.728280e+01) (-4.186039e-06 -3.389792e-06 -9.821094e-03)) ((1.250284e-08 -1.052596e-08 1.309310e-09) (-4.106729e-07 4.748783e-08 -3.288404e-09))
3.82          	((-1.203159e-04 -5.364969e-05 -1.708216e+01) (-4.440191e-06 -3.497701e-06 -1.134642e-02)) ((8.218074e-09 -7.796243e-09 1.222552e-09) (-4.569456e-07 4.607830e-08 -4.262612e-09))
3.83          	((1.835185e-05 9.380375e-05 -1.685499e+01) (-4.526347e-06 -3.456763e-06 -1.287285e-02)) ((3.367899e-09 -3.665433e-09 7.566098e-10) (-5.215255e-07 7.997377e-08 -5.034724e-09))
3.84          	((1.961433e-04 -8.528645e-05 -1.660178e+01) (-4.602783e-06 -3.434095e-06 -1.440082e-02)) ((-6.453537e-10 4.721812e-09 1.018550e-09) (-6.001362e-07 1.393623e-07 -5.313021e-09))
3.85          	((2.228931e-05 -1.600701e-04 -1.631915e+01) (-4.675335e-06 -3.422784e-06 -1.592803e-02)) ((-3.124242e-09 3.850153e-09 1.110573e-09) (-6.480451e-07 1.714890e-07 -5.173279e-09))
3.86          	((1.900820e-04 -7.154249e-05 -1.600710e+01) (-4.678232e-06 -3.359447e-06 -1.745493e-02)) ((-6.420019e-09 8.828874e-09 9.179670e-10) (-7.155980e-07 1.922691e-07 -4.924978e-09))
3.87          	((3.415735e-04 4.473200e-04 -1.566711e+01) (-4.673964e-06 -3.246180e-06 -1.897050e-02)) ((-6.548883e-09 8.786365e-09 9.003899e-10) (-7.814643e-07 2.035902e-07 -4.487766e-09))
3.88          	((2.520255e-04 5.522793e-05 -1.529949e+01) (-4.536173e-06 -3.054426e-06 -2.047309e-02)) ((-1.096347e-09 -1.219290e-11 7.888314e-10) (-8.500705e-07 2.081301e-07 -4.262749e-09))
3.89          	((3.250260e-04 1.285360e-04 -1.490462e+01) (-4.410363e-06 -2.836883e-06 -2.196365e-02)) ((-9.609770e-09 7.967322e-09 8.421226e-10) (-9.092049e-07 2.156429e-07 -4.254447e-09))
3.9           	((1.045192e-04 3.111779e-04 -1.448335e+01) (-4.338656e-06 -2.680279e-06 -2.344106e-02)) ((-1.479077e-08 1.297967e-08 6.556753e-10) (-9.856824e-07 2.386599e-07 -3.911462e-09))
3.91          	((1.778827e-04 9.970358e-05 -1.403686e+01) (-4.251641e-06 -2.533297e-06 -2.490637e-02)) ((-1.285344e-08 1.008076e-08 5.639181e-11) (-1.080345e-06 2.748537e-07 -3.729588e-09))
3.92          	((2.307458e-04 2.712198e-04 -1.356565e+01) (-4.193850e-06 -2.436709e-06 -2.635753e-02)) ((-1.697414e-08 1.483199e-08 4.297828e-10) (-1.200146e-06 3.346267e-07 -3.430523e-09))
3.93          	((2.077511e-04 1.363431e-04 -1.307016e+01) (-4.184316e-06 -2.402880e-06 -2.779468e-02)) ((-1.535133e-08 1.256012e-08 3.965658e-10) (-1.339921e-06 4.170051e-07 -3.002086e-09))
3.94          	((4.626704e-04 1.771750e-04 -1.255113e+01) (-4.042480e-06 -2.280125e-06 -2.921624e-02)) ((-2.001813e-08 1.760556e-08 3.239091e-10) (-1.470029e-06 4.794624e-07 -2.135655e-09))
3.95          	((3.202057e-04 1.818329e-04 -1.200988e+01) (-3.713763e-06 -1.970010e-06 -3.061317e-02)) ((-2.162391e-08 1.986800e-08 6.205154e-10) (-1.566396e-06 5.119819e-07 -1.574256e-09))
3.96          	((4.881256e-04 1.028170e-04 -1.144774e+01) (-3.407300e-06 -1.735247e-06 -3.198918e-02)) ((-1.818689e-08 1.614338e-08 9.369533e-10) (-1.684569e-06 5.839489e-07 3.749520e-10))
3.97          	((3.587318e-04 1.944927e-04 -1.086537e+01) (-3.214370e-06 -1.610781e-06 -3.333804e-02)) ((-1.706935e-08 1.661221e-08 8.655220e-10) (-1.760268e-06 5.994819e-07 2.307799e-09))
3.98          	((3.376552e-04 3.553141e-05 -1.026392e+01) (-3.179432e-06 -1.705855e-06 -3.465116e-02)) ((-1.618378e-08 1.656056e-08 8.519892e-10) (-1.888896e-06 6.592093e-07 5.197218e-09))
3.99          	((3.206784e-04 6.277342e-06 -9.644518e+00) (-3.229702e-06 -1.855939e-06 -3.591934e-02)) ((-1.837905e-08 1.965356e-08 1.299305e-09) (-1.994997e-06 6.933968e-07 5.113510e-09))
4             	((2.065517e-04 1.424767e-04 -9.007996e+00) (-3.356323e-06 -1.973615e-06 -3.713590e-02)) ((-1.684197e-08 1.847233e-08 1.048913e-09) (-2.060826e-06 7.167210e-07 4.808121e-09))
4.01          	((1.179170e-04 1.760528e-04 -8.355422e+00) (-3.481455e-06 -2.074438e-06 -3.829104e-02)) ((-2.039233e-08 2.222427e-08 1.118828e-09) (-2.126657e-06 7.494284e-07 4.639670e-09))
4.02          	((1.430639e-04 2.091882e-04 -7.687998e+00) (-3.625702e-06 -2.218506e-06 -3.937545e-02)) ((-2.027726e-08 2.199198e-08 6.828601e-10) (-2.195615e-06 7.846031e-07 4.779032e-09))
4.03          	((9.497772e-05 1.518159e-04 -7.006910e+00) (-3.955831e-06 -2.590274e-06 -4.038554e-02)) ((-1.846747e-08 2.045261e-08 1.002878e-09) (-2.330935e-06 8.810438e-07 4.822859e-09))
4.04          	((6.823535e-05 1.460935e-04 -6.313224e+00) (-4.319528e-06 -3.179526e-06 -4.132076e-02)) ((-1.499876e-08 1.701192e-08 1.096379e-09) (-2.563987e-06 9.988715e-07 4.145330e-09))
4.05          	((2.945110e-05 5.702558e-05 -5.608370e+00) (-4.501194e-06 -3.437947e-06 -4.217811e-02)) ((-1.338947e-08 1.529995e-08 1.198957e-09) (-2.626629e-06 1.022859e-06 4.207737e-09))
4.06          	((2.900774e-05 3.658046e-05 -4.893388e+00) (-4.669243e-06 -3.659461e-06 -4.295440e-02)) ((-1.470780e-08 1.587804e-08 1.319483e-09) (-2.643555e-06 1.024336e-06 4.909097e-09))
4.07          	((5.537781e-05 6.634895e-05 -4.169341e+00) (-4.840438e-06 -3.890368e-06 -4.364311e-02)) ((-1.214285e-08 1.383676e-08 1.156415e-09) (-2.677868e-06 1.047306e-06 5.589723e-09))
4.08          	((4.961030e-05 7.060432e-05 -3.438104e+00) (-5.027652e-06 -4.143759e-06 -4.424387e-02)) ((-1.251361e-08 1.428980e-08 1.623224e-09) (-2.722010e-06 1.081676e-06 5.994032e-09))
4.09          	((1.035754e-04 1.145952e-04 -2.701385e+00) (-5.230712e-06 -4.404980e-06 -4.475376e-02)) ((-1.287955e-08 1.467842e-08 1.400899e-09) (-2.731058e-06 1.086481e-06 7.163220e-09))
4.1           	((1.105245e-04 1.414336e-04 -1.960045e+00) (-5.303848e-06 -4.548425e-06 -4.517424e-02)) ((-1.340279e-08 1.482194e-08 1.394423e-09) (-2.736199e-06 1.090622e-06 7.992129e-09))
4.11          	((1.243091e-04 1.705810e-04 -1.215014e+00) (-5.879982e-06 -5.212862e-06 -4.551321e-02)) ((-1.058639e-08 1.190342e-08 1.559652e-09) (-2.930255e-06 1.286509e-06 8.721828e-09))
4.12          	((1.123550e-04 1.615721e-04 -4.677138e-01) (-6.026378e-06 -5.481087e-06 -4.575634e-02)) ((-7.824139e-09 9.336451e-09 1.502773e-09) (-2.931510e-06 1.292802e-06 9.401860e-09))
4.13          	((8.480381e-05 1.477574e-04 2.799802e-01) (-6.065155e-06 -5.615233e-06 -4.589925e-02)) ((-5.985896e-09 7.495224e-09 1.570698e-09) (-2.884275e-06 1.254145e-06 1.032452e-08))
4.14          	((6.234272e-05 1.598528e-04 1.026785e+00) (-6.272882e-06 -5.757186e-06 -4.593946e-02)) ((-4.616784e-09 5.612230e-09 1.506560e-09) (-2.830040e-06 1.175783e-06 1.157518e-08))
4.15          	((7.912081e-05 1.382551e-04 1.771865e+00) (-6.534072e-06 -5.977821e-06 -4.587623e-02)) ((-3.150649e-09 3.376197e-09 1.568126e-09) (-2.787145e-06 1.109600e-06 1.153336e-08))
4.16          	((7.377779e-05 1.378225e-04 2.515179e+00) (-6.897807e-06 -6.531875e-06 -4.572031e-02)) ((-4.239973e-09 5.167507e-09 1.439524e-09) (-2.689847e-06 9.125569e-07 1.416943e-08))
4.17          	((4.625979e-05 1.224477e-04 3.254049e+00) (-7.196669e-06 -6.912456e-06 -4.548608e-02)) ((-4.536127e-09 5.379445e-09 1.208309e-09) (-2.668165e-06 8.762406e-07 1.477781e-08))
4.18          	((2.525124e-05 9.703971e-05 3.984972e+00) (-7.422440e-06 -7.133011e-06 -4.514559e-02)) ((-4.135653e-09 3.471520e-09 1.608248e-09) (-2.637976e-06 8.682913e-07 1.436248e-08))
4.19          	((1.174590e-06 8.518222e-05 4.706527e+00) (-7.727413e-06 -7.382584e-06 -4.469871e-02)) ((-3.474954e-09 2.910002e-09 1.377627e-09) (-2.592951e-06 8.779508e-07 1.685016e-08))
4.2           	((3.315444e-06 8.491950e-05 5.419014e+00) (-7.842543e-06 -7.475588e-06 -4.414604e-02)) ((-3.701329e-09 3.211128e-09 1.297102e-09) (-2.525579e-06 8.449775e-07 1.716751e-08))
4.21          	((5.245236e-06 9.362218e-05 6.121772e+00) (-7.940044e-06 -7.570155e-06 -4.349297e-02)) ((-5.065169e-09 3.727068e-09 1.387635e-09) (-2.440996e-06 7.910692e-07 1.699447e-08))
4.22          	((1.594702e-05 9.567742e-05 6.814496e+00) (-8.120636e-06 -7.771197e-06 -4.273174e-02)) ((-4.968878e-09 3.276623e-09 1.288078e-09) (-2.393646e-06 7.766800e-07 1.725027e-08))
4.23          	((5.643748e-05 6.372569e-05 7.496291e+00) (-8.233002e-06 -7.914612e-06 -4.187369e-02)) ((-3.355406e-09 2.319976e-09 1.506389e-09) (-2.326083e-06 7.465469e-07 1.750150e-08))
4.24          	((2.889612e-05 3.754955e-05 8.165717e+00) (-8.255551e-06 -7.978314e-06 -4.091754e-02)) ((-4.320243e-09 2.638515e-09 1.385130e-09) (-2.241715e-06 7.033619e-07 1.776670e-08))
4.25          	((2.181092e-05 4.744997e-05 8.821167e+00) (-8.288116e-06 -8.054385e-06 -3.986775e-02)) ((-4.098376e-09 1.850916e-09 1.188610e-09) (-2.160404e-06 6.686319e-07 1.821304e-08))
4.26          	((6.415132e-05 4.842969e-05 9.461517e+00) (-8.263476e-06 -8.070479e-06 -3.872696e-02)) ((-3.958298e-09 1.102302e-09 1.171683e-09) (-2.072690e-06 6.316023e-07 1.863958e-08))
4.27          	((3.311361e-05 4.961011e-05 1.008580e+01) (-8.180523e-06 -8.037616e-06 -3.750106e-02)) ((-3.470285e-09 -1.767318e-10 1.227369e-09) (-1.986553e-06 6.009573e-07 1.905367e-08))
4.28          	((5.587624e-05 6.662871e-05 1.069226e+01) (-8.090113e-06 -8.004588e-06 -3.619641e-02)) ((-2.567631e-09 -1.330892e-09 1.148125e-09) (-1.899171e-06 5.717550e-07 1.937243e-08))
4.29          	((5.039996e-05 5.970527e-05 1.128025e+01) (-7.981300e-06 -7.950662e-06 -3.481939e-02)) ((-8.103409e-10 -3.707260e-09 9.317141e-10) (-1.811402e-06 5.449602e-07 1.977841e-08))
4.3           	((4.628107e-05 3.301574e-05 1.184710e+01) (-7.910398e-06 -7.922961e-06 -3.337662e-02)) ((2.453516e-09 -6.272573e-09 9.954986e-10) (-1.729186e-06 5.289760e-07 2.001499e-08))
4.31          	((6.653420e-05 5.499636e-05 1.239360e+01) (-7.789546e-06 -7.860838e-06 -3.187444e-02)) ((3.919091e-09 -8.469097e-09 7.630635e-10) (-1.641764e-06 5.071541e-07 2.034312e-08))
4.32          	((4.725242e-05 2.824396e-05 1.291817e+01) (-7.651726e-06 -7.790464e-06 -3.031859e-02)) ((3.108009e-09 -7.805791e-09 8.375639e-10) (-1.548273e-06 4.796654e-07 2.055894e-08))
4.33          	((5.643972e-05 3.918432e-05 1.341804e+01) (-7.479433e-06 -7.684487e-06 -2.871538e-02)) ((1.125028e-09 -6.593156e-09 8.485803e-10) (-1.456518e-06 4.547467e-07 2.081246e-08))
4.34          	((5.161562e-05 -4.634671e-06 1.389493e+01) (-7.278741e-06 -7.543318e-06 -2.707107e-02)) ((-1.445254e-09 -3.527141e-09 6.063277e-10) (-1.367091e-06 4.338286e-07 2.136179e-08))
4.35          	((1.056946e-05 -6.487528e-05 1.434817e+01) (-7.062966e-06 -7.391341e-06 -2.539254e-02)) ((-1.288340e-09 -3.732995e-09 9.652697e-10) (-1.282020e-06 4.174638e-07 2.153445e-08))
4.36          	((-2.372802e-05 -6.659026e-05 1.477460e+01) (-6.819386e-06 -7.208403e-06 -2.368556e-02)) ((-1.482118e-09 -4.768798e-09 1.139284e-09) (-1.196384e-06 4.001310e-07 2.133518e-08))
4.37          	((1.211777e-06 -8.769748e-05 1.517550e+01) (-6.598237e-06 -7.059371e-06 -2.195663e-02)) ((4.739222e-10 -5.099797e-09 8.129211e-10) (-1.113667e-06 3.833381e-07 2.138138e-08))
4.38          	((-2.809934e-05 -8.592259e-05 1.554950e+01) (-6.338520e-06 -6.875849e-06 -2.021215e-02)) ((-3.264026e-09 -2.390087e-09 4.876564e-10) (-1.031278e-06 3.671586e-07 2.173743e-08))
4.39          	((5.031192e-05 -1.333870e-04 1.589568e+01) (-6.036371e-06 -6.651278e-06 -1.846037e-02)) ((-4.093136e-09 -7.957152e-11 8.749160e-10) (-9.455979e-07 3.463525e-07 2.166004e-08))
4.4           	((1.922249e-04 3.432198e-04 1.621399e+01) (-5.728444e-06 -6.414147e-06 -1.670447e-02)) ((-4.774014e-09 1.362569e-09 -5.536694e-11) (-8.600529e-07 3.209902e-07 2.217283e-08))
4.41          	((1.084005e-04 1.472978e-04 1.650323e+01) (-5.385882e-06 -6.139591e-06 -1.495017e-02)) ((-5.586031e-09 2.703400e-09 3.638358e-10) (-7.714969e-07 2.908042e-07 2.191381e-08))
4.42          	((2.672117e-05 -4.657587e-05 1.676272e+01) (-5.111151e-06 -5.957006e-06 -1.320201e-02)) ((-6.768420e-09 4.065980e-09 6.701904e-10) (-6.880138e-07 2.673338e-07 2.188494e-08))
4.43          	((-8.661314e-05 -1.254089e-04 1.699069e+01) (-4.817413e-06 -5.756365e-06 -1.146362e-02)) ((-7.066503e-09 1.831897e-09 7.887196e-10) (-6.108781e-07 2.493853e-07 2.179828e-08))
4.44          	((-2.086830e-04 -1.780467e-04 1.718631e+01) (-4.556885e-06 -5.572014e-06 -9.739652e-03)) ((-1.206826e-08 7.491431e-09 -2.460541e-11) (-5.472267e-07 2.363516e-07 2.159767e-08))
4.45          	((1.057950e-04 -1.874945e-05 1.734888e+01) (-4.512269e-06 -5.625011e-06 -8.035032e-03)) ((-8.302412e-09 3.827008e-09 -3.914446e-10) (-4.847433e-07 2.248808e-07 2.179875e-08))
4.46          	((2.913859e-04 4.525317e-04 1.748226e+01) (-4.495571e-06 -5.688040e-06 -6.354300e-03)) ((-7.869768e-09 4.083150e-09 7.811936e-10) (-4.374718e-07 2.311874e-07 2.196837e-08))
4.47          	((-2.883444e-04 -1.270222e-04 1.757598e+01) (-4.392484e-06 -5.674600e-06 -4.699891e-03)) ((-3.065352e-10 -3.342239e-09 3.295013e-10) (-3.814753e-07 2.203627e-07 2.227515e-08))
4.48          	((1.028938e-05 -5.572570e-05 1.766173e+01) (-4.424436e-06 -5.811638e-06 -3.067445e-03)) ((-1.771678e-08 1.956476e-08 -9.860125e-10) (-3.204896e-07 2.123315e-07 2.208185e-08))
4.49          	((-4.548501e-05 -2.144363e-04 1.777145e+01) (-4.491230e-06 -5.968344e-06 -1.453101e-03)) ((8.011227e-09 -1.188465e-08 -1.413710e-10) (-2.621569e-07 2.043224e-07 2.162229e-08))
4.5           	((6.262787e-04 2.989068e-04 1.781399e+01) (-4.086172e-06 -5.651815e-06 1.476805e-04)) ((-8.712212e-08 4.775143e-08 3.331110e-09) (-1.695617e-07 1.718238e-07 2.094486e-08))
4.51          	((6.629443e-04 4.710507e-04 1.791535e+01) (-4.140335e-06 -5.758289e-06 1.726899e-03)) ((-4.477414e-08 6.059617e-08 7.675980e-10) (-7.795259e-08 1.352013e-07 2.082100e-08))
4.52          	((-5.011584e-04 -5.600013e-04 1.786728e+01) (-4.054586e-06 -5.757720e-06 3.267512e-03)) ((-3.593889e-09 -2.226933e-09 4.043401e-10) (-3.035014e-08 1.439140e-07 1.937543e-08))
4.53          	((-8.919871e-04 -9.784466e-04 1.777045e+01) (-4.033742e-06 -5.829509e-06 4.789880e-03)) ((-1.953516e-08 1.284401e-08 8.445229e-10) (-1.172821e-08 1.800600e-07 1.963590e-08))
4.54          	((-1.208068e-04 -2.610957e-04 1.761561e+01) (-4.071777e-06 -6.021309e-06 6.306659e-03)) ((-5.908758e-09 -9.728742e-10 -6.841934e-11) (4.068514e-08 1.778113e-07 2.075265e-08))
4.55          	((-7.217229e-05 -2.024486e-04 1.745632e+01) (-4.138839e-06 -6.241302e-06 7.820469e-03)) ((-1.775823e-08 1.116633e-08 4.964352e-10) (8.369385e-08 1.818495e-07 2.187293e-08))
4.56          	((2.531309e-04 -1.354292e-04 1.728159e+01) (-4.187746e-06 -6.486008e-06 9.336352e-03)) ((-1.689080e-08 1.154824e-08 8.162437e-10) (1.464285e-07 1.722076e-07 2.247159e-08))
4.57          	((3.122413e-05 -2.576957e-04 1.708177e+01) (-4.258343e-06 -6.702883e-06 1.085435e-02)) ((-9.582673e-09 6.833175e-09 1.654413e-10) (2.074989e-07 1.604427e-07 2.367906e-08))
4.58          	((9.552495e-08 -5.924523e-05 1.685474e+01) (-4.281745e-06 -6.879800e-06 1.237351e-02)) ((-1.216217e-08 8.678537e-09 -4.391476e-10) (2.713089e-07 1.448917e-07 2.519546e-08))
4.59          	((-2.907655e-04 -3.143469e-04 1.660116e+01) (-4.359864e-06 -7.032084e-06 1.389377e-02)) ((1.030059e-09 -3.446001e-09 1.919319e-10) (3.119631e-07 1.455748e-07 2.646360e-08))
4.6           	((-4.347974e-04 3.801153e-05 1.631817e+01) (-4.394032e-06 -7.140402e-06 1.541304e-02)) ((-1.738130e-09 -3.790827e-09 -2.092085e-10) (3.657681e-07 1.354319e-07 2.790268e-08))
4.61          	((-2.353588e-04 -1.352205e-04 1.600635e+01) (-4.373001e-06 -7.258402e-06 1.693084e-02)) ((1.264525e-09 -5.243387e-09 3.069277e-10) (4.398565e-07 1.131485e-07 2.931441e-08))
4.62          	((2.026325e-04 -1.214772e-04 1.566619e+01) (-4.189994e-06 -7.195957e-06 1.843953e-02)) ((5.291553e-09 -7.963753e-09 -8.454324e-11) (5.223625e-07 8.534746e-08 3.100230e-08))
4.63          	((-3.248852e-04 5.377438e-05 1.529829e+01) (-4.008823e-06 -7.119099e-06 1.993354e-02)) ((3.211295e-09 -8.080142e-09 -9.411856e-11) (5.940535e-07 6.543721e-08 3.223940e-08))
4.64          	((-3.215881e-04 1.268893e-04 1.490308e+01) (-3.777301e-06 -7.008206e-06 2.141485e-02)) ((8.248037e-09 -1.339629e-08 3.367954e-11) (6.592020e-07 4.850051e-08 3.365224e-08))
4.65          	((3.052610e-05 -1.433540e-04 1.448185e+01) (-3.649979e-06 -7.009110e-06 2.288179e-02)) ((1.905855e-08 -2.175392e-08 3.608835e-10) (7.197401e-07 3.985900e-08 3.524768e-08))
4.66          	((-2.752832e-04 -3.568785e-04 1.403538e+01) (-3.395010e-06 -6.901710e-06 2.433515e-02)) ((1.040142e-08 -1.453608e-08 -7.681237e-11) (7.925705e-07 1.995107e-08 3.601630e-08))
4.67          	((-1.378998e-04 -1.667291e-04 1.356403e+01) (-3.185909e-06 -6.814079e-06 2.577201e-02)) ((1.391946e-08 -1.534837e-08 1.356392e-10) (8.579616e-07 -1.470332e-09 3.647677e-08))
4.68          	((-2.606301e-04 -2.736806e-04 1.306834e+01) (-3.028540e-06 -6.778584e-06 2.719456e-02)) ((1.689704e-08 -1.994817e-08 5.121794e-10) (9.995101e-07 -9.662099e-08 3.693450e-08))
4.69          	((-3.028737e-04 -7.680124e-05 1.254935e+01) (-2.809082e-06 -6.672057e-06 2.860211e-02)) ((1.431778e-08 -1.641281e-08 -4.986783e-11) (1.082115e-06 -1.262897e-07 3.767868e-08))
4.7           	((-2.656386e-04 -1.384200e-04 1.200807e+01) (-2.609944e-06 -6.500379e-06 2.998330e-02)) ((1.579260e-08 -1.830826e-08 -2.650349e-10) (1.152194e-06 -1.913325e-07 3.853719e-08))
4.71          	((-2.708575e-04 2.468276e-05 1.144589e+01) (-2.196349e-06 -6.179156e-06 3.134049e-02)) ((1.324224e-08 -1.577824e-08 -5.262374e-10) (1.187435e-06 -1.864288e-07 3.861767e-08))
4.72          	((-2.914467e-04 -7.061700e-05 1.086359e+01) (-1.925246e-06 -5.840895e-06 3.267473e-02)) ((8.287173e-09 -1.024104e-08 -4.856113e-10) (1.136480e-06 -1.798313e-07 4.137648e-08))
4.73          	((-3.799258e-04 3.865938e-05 1.026223e+01) (-1.925451e-06 -5.741359e-06 3.397131e-02)) ((6.269481e-09 -8.105113e-09 -6.147345e-10) (1.079591e-06 -1.705479e-07 4.110218e-08))
4.74          	((-4.506956e-04 -1.556181e-04 9.642770e+00) (-1.992670e-06 -5.842140e-06 3.522686e-02)) ((1.650801e-10 -1.586486e-09 -7.119316e-10) (1.079335e-06 -1.559812e-07 4.062280e-08))
4.75          	((-2.397778e-04 -1.363852e-04 9.006299e+00) (-2.153617e-06 -6.162240e-06 3.642843e-02)) ((-1.105375e-10 -1.702586e-09 -1.589895e-10) (1.176191e-06 -1.596429e-07 3.999270e-08))
4.76          	((-1.819018e-04 -2.189875e-04 8.353760e+00) (-2.566131e-06 -6.789506e-06 3.757075e-02)) ((4.001792e-09 -5.124419e-09 -2.337996e-10) (1.343901e-06 -2.372241e-07 3.902408e-08))
4.77          	((-8.364916e-05 -1.873697e-04 7.686372e+00) (-3.101265e-06 -7.305011e-06 3.864665e-02)) ((7.884484e-09 -9.025499e-09 -3.642110e-10) (1.395201e-06 -3.014941e-07 3.808981e-08))
4.78          	((-1.152871e-04 -1.558414e-04 7.005200e+00) (-3.373643e-06 -7.794973e-06 3.964824e-02)) ((3.389216e-09 -5.463211e-09 -4.064987e-10) (1.447238e-06 -2.855860e-07 3.749251e-08))
4.79          	((-1.765565e-04 -2.216498e-04 6.311547e+00) (-3.560358e-06 -8.225539e-06 4.057316e-02)) ((2.949733e-09 -6.510179e-09 -1.301362e-10) (1.470499e-06 -2.349216e-07 3.695875e-08))
4.8           	((-1.553026e-04 -2.181854e-04 5.606769e+00) (-3.939158e-06 -8.818114e-06 4.142091e-02)) ((3.258731e-09 -7.329805e-09 -4.623586e-10) (1.514620e-06 -2.229215e-07 3.622093e-08))
4.81          	((-1.914607e-04 -2.125049e-04 4.891747e+00) (-4.250300e-06 -9.339565e-06 4.219114e-02)) ((2.884470e-09 -6.055611e-09 -2.071112e-10) (1.544956e-06 -1.984252e-07 3.522123e-08))
4.82          	((-2.020299e-04 -2.235907e-04 4.167736e+00) (-4.591889e-06 -9.846439e-06 4.287323e-02)) ((7.517754e-09 -1.251688e-08 -8.440501e-11) (1.563836e-06 -1.746250e-07 3.373063e-08))
4.83          	((-2.209688e-04 -2.335916e-04 3.436403e+00) (-5.123629e-06 -1.028515e-05 4.346614e-02)) ((9.286201e-09 -1.426743e-08 -2.770679e-10) (1.592508e-06 -1.246008e-07 3.278382e-08))
4.84          	((-1.861950e-04 -1.911029e-04 2.699660e+00) (-5.552051e-06 -1.081940e-05 4.396863e-02)) ((9.660275e-09 -1.481694e-08 -6.307618e-11) (1.600481e-06 -1.070437e-07 3.149619e-08))
4.85          	((-1.664895e-04 -1.492244e-04 1.958405e+00) (-6.416740e-06 -1.164267e-05 4.438029e-02)) ((1.191986e-08 -1.736134e-08 -3.163461e-10) (1.688197e-06 -1.452733e-07 3.047091e-08))
4.86          	((-1.431720e-04 -1.100953e-04 1.213211e+00) (-7.029041e-06 -1.217058e-05 4.469974e-02)) ((1.161729e-08 -1.752956e-08 -3.263726e-10) (1.658261e-06 -7.791546e-08 2.949156e-08))
4.87          	((-1.379177e-04 -1.314769e-04 4.658436e-01) (-7.389360e-06 -1.268863e-05 4.494083e-02)) ((9.561350e-09 -1.539097e-08 -1.856107e-10) (1.589459e-06 -1.667855e-08 2.857890e-08))
4.88          	((-1.450769e-04 -1.680214e-04 -2.817797e-01) (-7.616030e-06 -1.308842e-05 4.508011e-02)) ((8.893108e-09 -1.484638e-08 -2.702443e-10) (1.522832e-06 2.400945e-08 2.743954e-08))
4.89          	((-1.341354e-04 -1.293027e-04 -1.028562e+00) (-7.993528e-06 -1.339306e-05 4.511786e-02)) ((8.419147e-09 -1.467433e-08 -1.808848e-10) (1.457994e-06 1.035836e-07 2.733374e-08))
4.9           	((-1.417963e-04 -1.255918e-04 -1.773620e+00) (-8.300822e-06 -1.353823e-05 4.505319e-02)) ((6.640190e-09 -1.270185e-08 -1.948944e-10) (1.427487e-06 1.601755e-07 2.791322e-08))
4.91          	((-1.298960e-04 -1.424604e-04 -2.516827e+00) (-8.193743e-06 -1.336925e-05 4.488633e-02)) ((7.168758e-09 -1.287270e-08 -7.665684e-11) (1.462835e-06 1.269406e-07 2.818165e-08))
4.92          	((-1.253073e-04 -1.377147e-04 -3.255577e+00) (-8.070986e-06 -1.313048e-05 4.461975e-02)) ((8.022543e-09 -1.314282e-08 1.190817e-10) (1.477143e-06 8.233997e-08 2.828249e-08))
4.93          	((-1.105858e-04 -1.377628e-04 -3.986669e+00) (-7.988921e-06 -1.296566e-05 4.427981e-02)) ((6.993627e-09 -1.221856e-08 -3.407637e-11) (1.475839e-06 6.542121e-08 2.768305e-08))
4.94          	((-1.025767e-04 -1.179423e-04 -4.708293e+00) (-8.153094e-06 -1.304524e-05 4.383727e-02)) ((7.257932e-09 -1.248515e-08 -1.746826e-11) (1.485899e-06 4.036955e-08 2.704643e-08))
4.95          	((-6.626644e-05 -8.997967e-05 -5.420825e+00) (-8.258156e-06 -1.274626e-05 4.328729e-02)) ((7.818405e-09 -1.262798e-08 -1.202940e-10) (1.401232e-06 -6.416430e-09 2.653784e-08))
4.96          	((-5.592845e-05 -6.227607e-05 -6.123606e+00) (-8.161291e-06 -1.257752e-05 4.263671e-02)) ((8.207154e-09 -1.249222e-08 -1.504572e-10) (1.365379e-06 8.473182e-09 2.602202e-08))
4.97          	((-6.116281e-05 -5.393646e-05 -6.816247e+00) (-8.163564e-06 -1.257594e-05 4.188532e-02)) ((8.221992e-09 -1.220136e-08 -2.042344e-10) (1.382450e-06 2.692083e-09 2.441487e-08))
4.98          	((-6.091126e-05 -2.546728e-05 -7.497934e+00) (-8.114950e-06 -1.244241e-05 4.103432e-02)) ((7.235634e-09 -1.130445e-08 -1.106398e-10) (1.339667e-06 4.080649e-08 2.368439e-08))
4.99          	((-4.584529e-05 -9.807451e-06 -8.167141e+00) (-8.167285e-06 -1.224973e-05 4.008452e-02)) ((7.477350e-09 -1.119545e-08 -1.910926e-10) (1.307010e-06 6.438608e-08 2.370628e-08))
5             	((-5.086412e-05 1.412692e-05 -8.822468e+00) (-8.028888e-06 -1.197195e-05 3.904731e-02)) ((8.093195e-09 -1.126485e-08 -3.511815e-10) (1.252225e-06 7.593881e-08 2.341837e-08))
5.01          	((-1.827269e-05 4.119409e-06 -9.462674e+00) (-7.892178e-06 -1.171982e-05 3.792236e-02)) ((6.958037e-09 -9.958634e-09 -2.228263e-10) (1.181137e-06 9.438407e-08 2.278851e-08))
5.02          	((-5.052767e-05 1.231571e-05 -1.008682e+01) (-7.700504e-06 -1.136714e-05 3.671280e-02)) ((5.695478e-09 -8.696151e-09 -6.423133e-11) (1.117113e-06 9.633299e-08 2.205317e-08))
5.03          	((-5.166058e-05 6.743969e-06 -1.069303e+01) (-7.523557e-06 -1.104220e-05 3.542602e-02)) ((4.588586e-09 -7.496787e-09 -6.603114e-11) (1.057532e-06 9.622168e-08 2.121743e-08))
5.04          	((-6.430277e-05 3.779981e-06 -1.128117e+01) (-7.344416e-06 -1.069749e-05 3.406635e-02)) ((2.615640e-09 -5.449833e-09 -9.465331e-12) (9.980994e-07 9.494684e-08 2.035761e-08))
5.05          	((-6.457066e-05 1.395365e-05 -1.184802e+01) (-7.166127e-06 -1.033971e-05 3.264014e-02)) ((-4.812605e-10 -1.583229e-09 6.727954e-11) (9.365904e-07 9.479393e-08 1.985446e-08))
5.06          	((-4.661415e-05 1.704198e-05 -1.239418e+01) (-7.005938e-06 -9.990090e-06 3.115394e-02)) ((-1.383414e-09 -6.147729e-10 2.870239e-10) (8.741861e-07 9.546705e-08 1.945432e-08))
5.07          	((-6.894425e-05 3.022552e-05 -1.291913e+01) (-6.871930e-06 -9.663610e-06 2.961425e-02)) ((-1.716305e-10 -1.353386e-09 2.579595e-10) (8.166857e-07 9.095626e-08 1.887212e-08))
5.08          	((-5.953658e-05 3.378247e-05 -1.341925e+01) (-6.678584e-06 -9.276378e-06 2.802759e-02)) ((8.114926e-10 -1.749144e-09 8.788423e-11) (7.518331e-07 9.418877e-08 1.832682e-08))
5.09          	((-8.079105e-05 3.814711e-05 -1.389577e+01) (-6.497225e-06 -8.900846e-06 2.640032e-02)) ((1.630615e-09 -2.142935e-09 2.856243e-11) (6.895189e-07 9.675456e-08 1.750789e-08))
5.1           	((-1.101864e-04 1.555610e-05 -1.434889e+01) (-6.286562e-06 -8.495120e-06 2.473945e-02)) ((3.164301e-09 -2.819748e-09 -2.184378e-10) (6.278003e-07 9.780780e-08 1.688260e-08))
5.11          	((-1.076932e-04 1.564099e-05 -1.477577e+01) (-6.103987e-06 -8.117797e-06 2.305040e-02)) ((6.410647e-11 -8.233809e-10 5.257044e-10) (5.654532e-07 1.028330e-07 1.593292e-08))
5.12          	((-1.133833e-04 2.970597e-05 -1.517639e+01) (-5.892775e-06 -7.715356e-06 2.133951e-02)) ((1.084775e-09 -3.945961e-10 -6.387943e-11) (5.019151e-07 1.085947e-07 1.495974e-08))
5.13          	((-1.231461e-04 4.775476e-05 -1.555040e+01) (-5.670394e-06 -7.325915e-06 1.961474e-02)) ((2.563071e-09 -2.676175e-09 -6.472742e-11) (4.438061e-07 1.208833e-07 1.377640e-08))
5.14          	((-1.749073e-04 9.723716e-05 -1.589653e+01) (-5.438123e-06 -6.923269e-06 1.788283e-02)) ((5.150909e-09 -5.070349e-09 -2.203525e-10) (3.952725e-07 1.212239e-07 1.248707e-08))
5.15          	((4.760714e-05 -1.633878e-04 -1.621477e+01) (-5.219715e-06 -6.584558e-06 1.614727e-02)) ((8.201231e-09 -5.701492e-09 -4.588806e-10) (3.383913e-07 1.398042e-07 1.152583e-08))
5.16          	((-5.800114e-05 -2.624047e-04 -1.650392e+01) (-5.026567e-06 -6.249456e-06 1.441246e-02)) ((8.331828e-09 -5.378842e-09 -1.339731e-10) (2.778915e-07 1.505467e-07 1.048267e-08))
5.17          	((-6.182478e-05 -1.326185e-04 -1.676327e+01) (-4.823051e-06 -5.901548e-06 1.268321e-02)) ((7.889649e-09 -5.816711e-09 -7.123055e-10) (2.228825e-07 1.554933e-07 9.321060e-09))
5.18          	((-9.424447e-05 -1.601499e-04 -1.699134e+01) (-4.603153e-06 -5.538765e-06 1.096336e-02)) ((9.788301e-09 -9.091576e-09 -5.333064e-10) (1.809738e-07 1.452018e-07 8.355122e-09))
5.19          	((-2.437420e-04 -6.650481e-05 -1.718657e+01) (-4.469325e-06 -5.237482e-06 9.258440e-03)) ((1.389729e-08 -1.258369e-08 -2.679280e-10) (1.348759e-07 1.358940e-07 7.794659e-09))
5.2           	((3.945047e-05 -1.127005e-04 -1.734896e+01) (-4.331720e-06 -4.948973e-06 7.572712e-03)) ((1.757243e-08 -1.606182e-08 -3.468516e-10) (9.019383e-08 1.304960e-07 7.211043e-09))
5.21          	((-4.292517e-05 -8.413160e-05 -1.748157e+01) (-4.345109e-06 -4.816144e-06 5.910412e-03)) ((9.957947e-09 -8.536915e-09 -5.470699e-10) (5.727116e-08 1.097949e-07 6.934952e-09))
5.22          	((-6.499372e-04 -6.702293e-04 -1.757465e+01) (-4.288322e-06 -4.597779e-06 4.272567e-03)) ((2.101165e-08 -1.810261e-08 -7.310894e-10) (-2.323450e-09 1.154590e-07 6.286244e-09))
5.23          	((-3.608260e-04 -2.780557e-04 -1.766054e+01) (-4.422317e-06 -4.602926e-06 2.652797e-03)) ((3.658524e-08 -3.075617e-08 1.651722e-09) (-4.837212e-08 1.149466e-07 5.812990e-09))
5.24          	((-1.413653e-04 1.150624e-04 -1.776551e+01) (-4.402933e-06 -4.483999e-06 1.050206e-03)) ((-4.402283e-11 2.823485e-09 9.818732e-10) (-1.139408e-07 1.289790e-07 5.147100e-09))
5.25          	((3.197612e-04 7.784631e-04 -1.781530e+01) (-4.276416e-06 -4.175537e-06 -5.345778e-04)) ((1.689143e-08 -4.667554e-08 -9.003896e-10) (-1.660817e-07 1.367972e-07 4.722678e-09))
5.26          	((8.638231e-04 8.732529e-04 -1.791327e+01) (-4.572981e-06 -4.309599e-06 -2.098144e-03)) ((5.141895e-08 -6.587465e-08 -4.950377e-09) (-2.316035e-07 1.589618e-07 4.488954e-09))
5.27          	((-2.934558e-04 -5.312072e-06 -1.787399e+01) (-4.514597e-06 -4.086513e-06 -3.629692e-03)) ((-2.650484e-09 9.608345e-09 2.012571e-09) (-2.618762e-07 1.405477e-07 3.249126e-09))
5.28          	((-1.438044e-03 -1.202077e-03 -1.776224e+01) (-4.548799e-06 -3.975674e-06 -5.147396e-03)) ((4.646912e-09 -3.616046e-09 1.221067e-09) (-3.041348e-07 1.361623e-07 1.923197e-09))
5.29          	((-5.408001e-04 -4.319361e-04 -1.761953e+01) (-4.712686e-06 -4.004062e-06 -6.662664e-03)) ((-1.963199e-09 5.037635e-09 1.363971e-09) (-3.589914e-07 1.456362e-07 5.955244e-10))
5.3           	((-1.022226e-04 8.826130e-05 -1.745775e+01) (-4.670449e-06 -3.818074e-06 -8.176801e-03)) ((1.043675e-08 -6.914809e-09 1.786593e-10) (-3.779251e-07 1.028232e-07 -3.212444e-10))
5.31          	((-2.613949e-04 3.216720e-05 -1.728335e+01) (-4.852916e-06 -3.824623e-06 -9.693824e-03)) ((1.422957e-08 -1.318082e-08 1.789459e-09) (-4.059823e-07 6.236796e-08 -1.585045e-09))
5.32          	((8.920617e-05 1.608799e-04 -1.708257e+01) (-5.112712e-06 -3.929887e-06 -1.121326e-02)) ((1.037771e-08 -9.232959e-09 6.638364e-10) (-4.500277e-07 5.572346e-08 -3.158871e-09))
5.33          	((-6.628875e-05 -3.156886e-05 -1.685538e+01) (-5.140470e-06 -3.857386e-06 -1.273368e-02)) ((1.133870e-08 -1.305549e-08 1.167683e-09) (-5.393353e-07 1.072111e-07 -4.666942e-09))
5.34          	((1.089981e-04 4.933690e-05 -1.660114e+01) (-5.240622e-06 -3.832222e-06 -1.425462e-02)) ((-3.705807e-09 6.372559e-09 6.853025e-10) (-6.180813e-07 1.386783e-07 -5.900441e-09))
5.35          	((1.131523e-04 -3.324073e-04 -1.631927e+01) (-5.277391e-06 -3.756558e-06 -1.577463e-02)) ((-1.697191e-09 4.703474e-09 8.852346e-10) (-6.949835e-07 1.851093e-07 -6.877530e-09))
5.36          	((1.904842e-04 1.035833e-04 -1.600691e+01) (-5.330459e-06 -3.729837e-06 -1.729355e-02)) ((-7.434440e-09 8.094576e-09 1.041964e-09) (-7.641607e-07 2.087257e-07 -8.165698e-09))
5.37          	((2.015547e-04 1.685765e-04 -1.566610e+01) (-5.315916e-06 -3.631816e-06 -1.880191e-02)) ((-1.084193e-08 1.198403e-08 1.134163e-09) (-8.409916e-07 2.443275e-07 -8.457860e-09))
5.38          	((4.077646e-04 1.011702e-04 -1.529850e+01) (-5.154134e-06 -3.391665e-06 -2.029672e-02)) ((-8.361220e-09 8.480470e-09 7.781214e-10) (-9.121609e-07 2.766752e-07 -8.576250e-09))
5.39          	((1.996908e-04 3.909943e-04 -1.490344e+01) (-5.048712e-06 -3.148866e-06 -2.178058e-02)) ((-6.024552e-09 5.153461e-09 1.150148e-09) (-9.845058e-07 3.185558e-07 -7.873401e-09))
5.4           	((1.632356e-04 2.200631e-05 -1.448202e+01) (-4.938138e-06 -2.950003e-06 -2.325138e-02)) ((-1.375449e-08 1.242561e-08 4.744336e-10) (-1.077990e-06 3.736570e-07 -7.120049e-09))
5.41          	((2.592463e-04 2.149824e-04 -1.403563e+01) (-4.798965e-06 -2.702065e-06 -2.471095e-02)) ((-1.591703e-08 1.372084e-08 3.130885e-10) (-1.206431e-06 4.742483e-07 -5.673267e-09))
5.42          	((2.058335e-04 1.528413e-04 -1.356433e+01) (-4.605909e-06 -2.402196e-06 -2.615390e-02)) ((-1.920484e-08 1.726421e-08 4.022817e-10) (-1.345706e-06 5.762383e-07 -5.157128e-09))
5.43          	((3.083132e-04 2.079520e-04 -1.306882e+01) (-4.387950e-06 -2.060373e-06 -2.758265e-02)) ((-1.972684e-08 1.788907e-08 2.756310e-10) (-1.490843e-06 6.878209e-07 -4.563043e-09))
5.44          	((3.773679e-04 2.955806e-04 -1.254970e+01) (-4.138146e-06 -1.713908e-06 -2.899797e-02)) ((-1.995295e-08 1.750801e-08 5.505390e-10) (-1.678657e-06 8.035791e-07 -3.637130e-09))
5.45          	((3.798715e-04 2.507266e-04 -1.200838e+01) (-3.746139e-06 -1.251551e-06 -3.038817e-02)) ((-2.555411e-08 2.363775e-08 5.876134e-10) (-1.817600e-06 8.654844e-07 -2.002718e-09))
5.46          	((4.551374e-04 5.615534e-05 -1.144621e+01) (-3.346015e-06 -8.071930e-07 -3.175251e-02)) ((-2.066662e-08 1.917207e-08 5.141690e-10) (-1.963180e-06 9.323380e-07 -1.223820e-09))
5.47          	((2.653304e-04 2.390938e-04 -1.086386e+01) (-3.017515e-06 -4.281292e-07 -3.309158e-02)) ((-1.979636e-08 1.937134e-08 1.151874e-09) (-2.133378e-06 1.023132e-06 -1.503570e-09))
5.48          	((4.058863e-04 1.731640e-04 -1.026238e+01) (-2.670235e-06 -5.092190e-08 -3.439597e-02)) ((-1.888411e-08 1.930188e-08 1.217988e-09) (-2.246214e-06 1.060961e-06 -1.733558e-10))
5.49          	((3.507707e-04 -1.409777e-05 -9.642896e+00) (-2.375558e-06 2.751038e-07 -3.565870e-02)) ((-1.457912e-08 1.573201e-08 1.228865e-09) (-2.396021e-06 1.138561e-06 -9.504941e-10))
5.5           	((2.948867e-04 9.656704e-05 -9.006377e+00) (-2.101300e-06 4.861886e-07 -3.686923e-02)) ((-2.001899e-08 2.149631e-08 1.378344e-09) (-2.583345e-06 1.237334e-06 -1.115539e-09))
5.51          	((1.853233e-04 3.855697e-05 -8.353784e+00) (-1.879209e-06 7.019087e-07 -3.801584e-02)) ((-2.309747e-08 2.473539e-08 1.363126e-09) (-2.783175e-06 1.362410e-06 -1.157771e-09))
5.52          	((8.249362e-05 1.010092e-04 -7.686419e+00) (-1.645098e-06 9.509828e-07 -3.909574e-02)) ((-2.820072e-08 3.042623e-08 1.347723e-09) (-2.961567e-06 1.473941e-06 -9.196369e-10))
5.53          	((1.114492e-04 1.188158e-04 -7.005252e+00) (-1.477902e-06 1.135822e-06 -4.010308e-02)) ((-1.674195e-08 1.893385e-08 1.308237e-09) (-3.134459e-06 1.583354e-06 -8.031424e-10))
5.54          	((9.556775e-05 1.698417e-04 -6.311512e+00) (-1.379599e-06 1.187853e-06 -4.103502e-02)) ((-1.747353e-08 1.974277e-08 1.487304e-09) (-3.352273e-06 1.725273e-06 -9.551717e-10))
5.55          	((8.949995e-05 1.227601e-04 -5.606671e+00) (-1.219581e-06 1.354409e-06 -4.189021e-02)) ((-1.758535e-08 1.979359e-08 1.798738e-09) (-3.546862e-06 1.862378e-06 -7.832650e-10))
5.56          	((4.658820e-05 6.796919e-05 -4.891650e+00) (-1.054465e-06 1.535837e-06 -4.266691e-02)) ((-1.335587e-08 1.556165e-08 1.750414e-09) (-3.734516e-06 2.000438e-06 -4.539371e-10))
5.57          	((6.714023e-05 7.742167e-05 -4.167620e+00) (-8.514250e-07 1.731983e-06 -4.335505e-02)) ((-1.681132e-08 1.944937e-08 1.928682e-09) (-3.912014e-06 2.129032e-06 -3.059121e-10))
5.58          	((7.807254e-05 7.127260e-05 -3.436347e+00) (-8.011277e-07 1.780078e-06 -4.395218e-02)) ((-1.611989e-08 1.869853e-08 2.048809e-09) (-4.113479e-06 2.289405e-06 -2.770949e-10))
5.59          	((9.012178e-05 1.446018e-04 -2.699585e+00) (-6.537635e-07 1.914362e-06 -4.445750e-02)) ((-1.469879e-08 1.715540e-08 2.204489e-09) (-4.281473e-06 2.420155e-06 2.505117e-10))
5.6           	((1.357470e-04 1.601297e-04 -1.958329e+00) (-6.699743e-07 1.860124e-06 -4.487268e-02)) ((-1.538781e-08 1.726091e-08 2.029039e-09) (-4.470806e-06 2.575583e-06 3.857340e-10))
5.61          	((1.612930e-04 1.713964e-04 -1.213251e+00) (-4.669862e-07 2.025569e-06 -4.520212e-02)) ((-1.321685e-08 1.557946e-08 2.274333e-09) (-4.472044e-06 2.584040e-06 4.810750e-09))
5.62          	((1.260073e-04 1.576426e-04 -4.658964e-01) (-3.324129e-07 2.107442e-06 -4.544679e-02)) ((-1.041310e-08 1.264590e-08 2.555797e-09) (-4.560224e-06 2.649821e-06 4.624576e-09))
5.63          	((9.863029e-05 1.507219e-04 2.817587e-01) (-3.643312e-07 2.019778e-06 -4.559409e-02)) ((-8.825071e-09 1.162811e-08 2.070828e-09) (-4.649283e-06 2.715591e-06 3.760065e-09))
5.64          	((9.995805e-05 1.748292e-04 1.028545e+00) (-6.311674e-09 1.657207e-06 -4.563746e-02)) ((-6.637750e-09 8.461975e-09 2.416784e-09) (-4.883488e-06 2.650876e-06 3.184385e-09))
5.65          	((1.040640e-04 1.503251e-04 1.773594e+00) (6.879956e-09 1.673031e-06 -4.557846e-02)) ((-5.248569e-09 6.279803e-09 2.514742e-09) (-4.945816e-06 2.739547e-06 3.249179e-09))
5.66          	((9.051612e-05 1.331170e-04 2.516941e+00) (-1.596534e-07 1.615104e-06 -4.541827e-02)) ((-5.937117e-09 6.424691e-09 2.167631e-09) (-4.948464e-06 2.819439e-06 2.921781e-09))
5.67          	((6.847375e-05 1.255060e-04 3.255571e+00) (-5.481663e-07 1.295923e-06 -4.518567e-02)) ((-5.707252e-09 6.335277e-09 2.183812e-09) (-4.874946e-06 2.817622e-06 2.907755e-09))
5.68          	((4.940403e-05 1.189305e-04 3.986622e+00) (-1.002110e-06 9.190395e-07 -4.484384e-02)) ((-5.344919e-09 5.258048e-09 2.056363e-09) (-4.787565e-06 2.813190e-06 2.732906e-09))
5.69          	((1.975312e-05 7.674322e-05 4.708391e+00) (-1.759079e-06 -1.999056e-07 -4.439519e-02)) ((-4.796047e-09 4.102371e-09 1.925296e-09) (-4.784421e-06 2.726048e-06 4.661068e-09))
5.7           	((6.354487e-06 9.716135e-05 5.420884e+00) (-2.106086e-06 -6.674579e-07 -4.384482e-02)) ((-4.555544e-09 4.076235e-09 2.053925e-09) (-4.496816e-06 2.459707e-06 4.427613e-09))
5.71          	((4.162154e-05 9.735205e-05 6.123728e+00) (-2.539524e-06 -1.377609e-06 -4.319298e-02)) ((-4.241563e-09 3.204707e-09 2.163471e-09) (-4.375284e-06 2.310294e-06 5.219385e-09))
5.72          	((3.692030e-05 8.112145e-05 6.816615e+00) (-3.069046e-06 -1.893766e-06 -4.244056e-02)) ((-3.639068e-09 3.727629e-09 2.115620e-09) (-4.223284e-06 2.237444e-06 5.868146e-09))
5.73          	((2.900352e-05 4.300303e-05 7.498320e+00) (-3.821223e-06 -2.681685e-06 -4.158632e-02)) ((-4.922276e-09 3.763126e-09 2.117738e-09) (-4.178715e-06 2.264475e-06 6.033073e-09))
5.74          	((4.416576e-05 5.104753e-05 8.167623e+00) (-4.263172e-06 -3.317631e-06 -4.063977e-02)) ((-5.339413e-09 3.411727e-09 1.747239e-09) (-4.089024e-06 2.198335e-06 6.348551e-09))
5.75          	((2.588009e-05 2.342124e-05 8.822862e+00) (-4.637741e-06 -3.711009e-06 -3.959850e-02)) ((-5.428883e-09 3.046666e-09 1.953487e-09) (-3.882377e-06 2.074132e-06 6.861131e-09))
5.76          	((8.029173e-05 7.059396e-05 9.463416e+00) (-4.845733e-06 -3.926625e-06 -3.846857e-02)) ((-4.168836e-09 1.322199e-09 1.781890e-09) (-3.685243e-06 1.967464e-06 7.341335e-09))
5.77          	((7.238971e-05 7.289798e-05 1.008745e+01) (-5.019761e-06 -4.122883e-06 -3.725326e-02)) ((-4.002564e-09 -1.054610e-10 1.968952e-09) (-3.501587e-06 1.869545e-06 7.928481e-09))
5.78          	((7.797099e-05 4.474576e-05 1.069381e+01) (-5.178108e-06 -4.337817e-06 -3.595902e-02)) ((-3.012024e-09 -5.633276e-10 1.944022e-09) (-3.326571e-06 1.777539e-06 8.205746e-09))
5.79          	((7.029984e-05 7.672602e-05 1.128178e+01) (-5.305205e-06 -4.527549e-06 -3.459203e-02)) ((6.127801e-10 -4.997477e-09 1.686372e-09) (-3.152568e-06 1.685973e-06 8.480522e-09))
5.8           	((3.811452e-05 4.408722e-05 1.184850e+01) (-5.435848e-06 -4.737947e-06 -3.315888e-02)) ((3.224188e-09 -7.209166e-09 1.722105e-09) (-2.980258e-06 1.595440e-06 9.356162e-09))
5.81          	((7.128105e-05 5.056961e-05 1.239491e+01) (-5.548393e-06 -4.935895e-06 -3.166587e-02)) ((2.893161e-09 -7.485321e-09 1.394598e-09) (-2.805394e-06 1.501606e-06 9.637485e-09))
5.82          	((3.304010e-05 1.411056e-05 1.291946e+01) (-5.636219e-06 -5.119965e-06 -3.011932e-02)) ((3.057706e-09 -7.545059e-09 1.238601e-09) (-2.633095e-06 1.408797e-06 1.009204e-08))
5.83          	((4.925409e-05 -6.637975e-06 1.341939e+01) (-5.683486e-06 -5.262016e-06 -2.852567e-02)) ((1.413708e-09 -6.937624e-09 1.103434e-09) (-2.460387e-06 1.316975e-06 1.062735e-08))
5.84          	((4.855957e-05 -1.713824e-05 1.389616e+01) (-5.696210e-06 -5.375590e-06 -2.689105e-02)) ((-1.555903e-09 -4.193401e-09 1.174272e-09) (-2.289694e-06 1.227111e-06 1.116924e-08))
5.85          	((4.224601e-05 -1.611348e-05 1.434925e+01) (-5.728108e-06 -5.484700e-06 -2.522267e-02)) ((2.016930e-09 -7.637361e-09 1.487330e-09) (-2.130645e-06 1.148236e-06 1.114628e-08))
5.86          	((1.265093e-05 -4.734480e-05 1.477585e+01) (-5.730108e-06 -5.577561e-06 -2.352580e-02)) ((1.272576e-09 -7.960408e-09 1.295430e-09) (-1.973580e-06 1.067719e-06 1.082540e-08))
5.87          	((2.556203e-05 -1.114673e-04 1.517645e+01) (-5.682437e-06 -5.630734e-06 -2.180709e-02)) ((-1.229220e-09 -3.386469e-09 7.682157e-10) (-1.815541e-06 9.850254e-07 1.146075e-08))
5.88          	((-2.887269e-05 -5.116197e-05 1.555053e+01) (-5.623822e-06 -5.667821e-06 -2.007317e-02)) ((-5.251511e-09 3.446361e-10 7.893654e-10) (-1.658248e-06 9.039455e-07 1.146169e-08))
5.89          	((3.236944e-04 2.246840e-04 1.589672e+01) (-5.442827e-06 -5.585776e-06 -1.833233e-02)) ((-2.871871e-09 -7.697176e-10 8.483208e-10) (-1.500020e-06 8.183519e-07 1.134516e-08))
5.9           	((9.162094e-05 2.947010e-04 1.621500e+01) (-5.210365e-06 -5.430845e-06 -1.658720e-02)) ((-6.270036e-09 1.884228e-09 2.007895e-11) (-1.345684e-06 7.321493e-07 1.164377e-08))
5.91          	((-1.991758e-05 -1.242736e-04 1.650401e+01) (-4.965518e-06 -5.300390e-06 -1.484376e-02)) ((-6.569867e-09 3.139323e-09 8.213377e-10) (-1.202930e-06 6.584883e-07 1.161614e-08))
5.92          	((4.715780e-05 8.236693e-07 1.676301e+01) (-4.804423e-06 -5.254401e-06 -1.310582e-02)) ((-4.530973e-09 1.941540e-09 7.838966e-10) (-1.056859e-06 5.786424e-07 1.187278e-08))
5.93          	((-2.151278e-04 -2.861205e-04 1.699073e+01) (-4.657062e-06 -5.219376e-06 -1.137770e-02)) ((-1.052786e-08 5.259623e-09 2.299613e-10) (-9.107528e-07 4.979447e-07 1.171204e-08))
5.94          	((-3.912942e-05 -6.429045e-05 1.718599e+01) (-4.507633e-06 -5.167456e-06 -9.664245e-03)) ((-1.217496e-08 7.010375e-09 -3.002171e-10) (-7.931912e-07 4.374848e-07 1.155632e-08))
5.95          	((3.095728e-04 2.646580e-04 1.734881e+01) (-4.523008e-06 -5.310266e-06 -7.969852e-03)) ((-9.791568e-09 5.972347e-09 1.018266e-10) (-6.786296e-07 3.841998e-07 1.333577e-08))
5.96          	((5.555050e-06 1.304732e-04 1.748172e+01) (-4.586550e-06 -5.492667e-06 -6.298826e-03)) ((-5.162903e-09 5.070855e-10 5.238948e-10) (-5.837453e-07 3.508267e-07 1.565191e-08))
5.97          	((-3.117138e-04 -2.932437e-04 1.757565e+01) (-4.526402e-06 -5.551069e-06 -4.653056e-03)) ((9.818790e-10 -5.797645e-09 2.380172e-10) (-4.778469e-07 3.008631e-07 1.532155e-08))
5.98          	((1.717550e-04 1.476704e-04 1.766869e+01) (-4.663754e-06 -5.794104e-06 -3.027785e-03)) ((-2.952506e-08 2.972027e-08 3.383592e-10) (-3.848748e-07 2.643463e-07 1.531420e-08))
5.99          	((3.783770e-05 -1.332528e-04 1.777115e+01) (-4.655993e-06 -5.897966e-06 -1.420826e-03)) ((-1.044651e-08 5.549995e-09 -1.410936e-09) (-2.858357e-07 2.207243e-07 1.518673e-08))
6             	((5.880890e-04 2.870855e-04 1.781229e+01) (-4.362037e-06 -5.686086e-06 1.718584e-04)) ((-8.010005e-08 4.404527e-08 1.166056e-09) (-1.631357e-07 1.626052e-07 1.409679e-08))
6.01          	((7.939587e-04 6.128001e-04 1.790762e+01) (-4.444203e-06 -5.846595e-06 1.742751e-03)) ((-4.980179e-08 6.899303e-08 2.103159e-09) (-4.616333e-08 1.049977e-07 1.463702e-08))
6.02          	((-1.759331e-04 -4.108246e-04 1.786143e+01) (-4.418461e-06 -5.930280e-06 3.278180e-03)) ((-1.320117e-09 -5.325995e-09 -1.354699e-09) (2.262253e-08 9.318458e-08 1.444116e-08))
6.03          	((-1.288736e-03 -1.322702e-03 1.777018e+01) (-4.315480e-06 -5.923926e-06 4.795598e-03)) ((-1.641175e-08 5.784297e-09 -1.236721e-09) (7.798977e-08 9.876552e-08 1.465961e-08))
6.04          	((-2.619753e-04 -4.817131e-04 1.761716e+01) (-4.452779e-06 -6.217631e-06 6.307036e-03)) ((-1.230044e-08 6.157697e-09 6.101735e-10) (1.467176e-07 8.584454e-08 1.624685e-08))
6.05          	((3.039615e-05 -8.925743e-05 1.745641e+01) (-4.487380e-06 -6.425861e-06 7.817196e-03)) ((-1.620751e-08 9.877249e-09 -5.843592e-11) (2.092597e-07 7.373048e-08 1.701242e-08))
6.06          	((-3.254021e-06 -6.874378e-05 1.728290e+01) (-4.615865e-06 -6.746174e-06 9.328366e-03)) ((-1.739449e-08 1.007745e-08 1.140360e-09) (2.744386e-07 6.007152e-08 1.799791e-08))
6.07          	((1.336335e-04 -3.032181e-04 1.708275e+01) (-4.724588e-06 -7.010598e-06 1.084214e-02)) ((-8.043905e-09 4.934048e-09 -4.255273e-10) (3.446679e-07 4.035583e-08 1.867141e-08))
6.08          	((-2.451754e-04 -1.888327e-04 1.685558e+01) (-4.767547e-06 -7.196590e-06 1.235618e-02)) ((-1.332676e-08 9.279263e-09 2.997401e-10) (4.375968e-07 -6.956826e-09 2.028233e-08))
6.09          	((-9.672464e-05 -2.043306e-04 1.660074e+01) (-4.795278e-06 -7.335319e-06 1.387090e-02)) ((2.304550e-09 -3.473019e-09 -1.010102e-10) (5.123443e-07 -2.642490e-08 2.112237e-08))
6.1           	((-5.542435e-04 -4.869454e-05 1.631855e+01) (-4.780919e-06 -7.391357e-06 1.538488e-02)) ((5.970474e-10 -5.765527e-09 1.049290e-10) (5.974654e-07 -6.635392e-08 2.198100e-08))
6.11          	((-2.405644e-04 -1.828094e-04 1.600643e+01) (-4.940243e-06 -7.678540e-06 1.689743e-02)) ((2.242077e-09 -7.430582e-09 6.017899e-10) (6.671430e-07 -9.549593e-08 2.307368e-08))
6.12          	((5.823805e-05 -1.020995e-04 1.566552e+01) (-4.807534e-06 -7.662524e-06 1.840056e-02)) ((6.536574e-09 -9.090764e-09 2.495112e-10) (7.650765e-07 -1.477953e-07 2.443425e-08))
6.13          	((-3.830651e-04 1.952382e-04 1.529758e+01) (-4.643544e-06 -7.602712e-06 1.988890e-02)) ((3.992257e-09 -8.541307e-09 -4.004364e-10) (8.556090e-07 -1.936848e-07 2.590773e-08))
6.14          	((7.979067e-05 -5.108319e-05 1.490224e+01) (-4.465050e-06 -7.558145e-06 2.136298e-02)) ((8.539716e-09 -1.338409e-08 3.313979e-10) (9.139123e-07 -2.251606e-07 2.786457e-08))
6.15          	((-2.759453e-04 -1.380982e-04 1.448086e+01) (-4.324624e-06 -7.560642e-06 2.282558e-02)) ((1.823195e-08 -2.113346e-08 8.265229e-10) (9.954831e-07 -2.698073e-07 2.986099e-08))
6.16          	((-2.595399e-04 -2.559072e-04 1.403440e+01) (-4.079835e-06 -7.458806e-06 2.427478e-02)) ((1.752423e-08 -2.004583e-08 1.836021e-11) (1.081208e-06 -3.218166e-07 3.094270e-08))
6.17          	((-2.355835e-04 -2.524348e-04 1.356298e+01) (-3.860126e-06 -7.371396e-06 2.570884e-02)) ((1.741548e-08 -1.969963e-08 4.605119e-10) (1.163394e-06 -3.697423e-07 3.186496e-08))
6.18          	((-1.973023e-04 -2.096188e-04 1.306736e+01) (-3.570542e-06 -7.190009e-06 2.712684e-02)) ((1.394578e-08 -1.692949e-08 3.465192e-10) (1.231616e-06 -4.369740e-07 3.358368e-08))
6.19          	((-1.554999e-04 -2.058314e-05 1.254824e+01) (-3.339638e-06 -6.936923e-06 2.853433e-02)) ((1.672872e-08 -1.874832e-08 -3.203963e-10) (1.291115e-06 -4.996289e-07 3.479098e-08))
6.2           	((-2.418615e-04 -1.366122e-04 1.200689e+01) (-2.975696e-06 -6.685271e-06 2.991577e-02)) ((1.701920e-08 -1.929317e-08 -1.641373e-10) (1.371074e-06 -5.147564e-07 3.566793e-08))
6.21          	((-2.150058e-04 -1.688662e-05 1.144476e+01) (-2.637427e-06 -6.516638e-06 3.127059e-02)) ((1.320002e-08 -1.589604e-08 -3.921052e-10) (1.476941e-06 -5.389496e-07 3.653630e-08))
6.22          	((-2.210520e-04 -7.262327e-05 1.086239e+01) (-2.398907e-06 -6.423928e-06 3.259755e-02)) ((1.133214e-08 -1.312479e-08 -4.158498e-10) (1.621782e-06 -6.293166e-07 3.773868e-08))
6.23          	((-3.350269e-04 2.848386e-05 1.026096e+01) (-2.394546e-06 -6.474195e-06 3.388927e-02)) ((6.505642e-09 -8.611394e-09 -7.700292e-10) (1.724128e-06 -7.168236e-07 3.498470e-08))
6.24          	((-4.665608e-04 -1.497572e-04 9.641465e+00) (-2.360384e-06 -6.597363e-06 3.514170e-02)) ((-1.600425e-10 -1.647829e-09 -7.160485e-10) (1.805992e-06 -7.358808e-07 3.553228e-08))
6.25          	((-3.934735e-04 -5.884928e-05 9.004984e+00) (-2.575115e-06 -6.951690e-06 3.634153e-02)) ((-1.110534e-09 1.643873e-10 -2.730713e-10) (1.923918e-06 -8.114072e-07 3.407682e-08))
6.26          	((-3.359620e-04 -3.523875e-04 8.352422e+00) (-2.965111e-06 -7.351255e-06 3.747997e-02)) ((1.531322e-09 -3.095936e-09 -4.775375e-11) (2.029995e-06 -9.464281e-07 3.421908e-08))
6.27          	((-2.286434e-04 -2.204128e-04 7.685075e+00) (-3.094639e-06 -7.660503e-06 3.854944e-02)) ((8.788266e-09 -9.841741e-09 -1.769832e-10) (2.093760e-06 -9.532513e-07 3.442400e-08))
6.28          	((-1.785795e-04 -1.930282e-04 7.003860e+00) (-3.153327e-06 -7.962367e-06 3.955030e-02)) ((1.014208e-08 -1.220210e-08 -1.244612e-10) (2.135160e-06 -9.157026e-07 3.578456e-08))
6.29          	((-1.452488e-04 -1.686797e-04 6.310188e+00) (-3.375323e-06 -8.346471e-06 4.047487e-02)) ((2.325191e-09 -5.392748e-09 -7.129782e-11) (2.183318e-06 -9.135789e-07 3.607509e-08))
6.3           	((-1.741674e-04 -2.199383e-04 5.605304e+00) (-3.878223e-06 -8.985552e-06 4.132451e-02)) ((3.451008e-09 -7.226746e-09 -9.378955e-11) (2.280104e-06 -9.514777e-07 3.600182e-08))
6.31          	((-2.214598e-04 -2.515930e-04 4.890266e+00) (-4.155632e-06 -9.432382e-06 4.209556e-02)) ((6.196691e-09 -1.027107e-08 1.838628e-10) (2.375474e-06 -1.007783e-06 3.533098e-08))
6.32          	((-1.962966e-04 -2.104361e-04 4.166329e+00) (-4.232109e-06 -9.664996e-06 4.278056e-02)) ((5.041620e-09 -9.078073e-09 2.226641e-10) (2.386333e-06 -9.869500e-07 3.446984e-08))
6.33          	((-2.510760e-04 -2.147053e-04 3.434929e+00) (-4.384997e-06 -9.950200e-06 4.337463e-02)) ((1.221789e-08 -1.661147e-08 1.496924e-10) (2.385078e-06 -9.689234e-07 3.366980e-08))
6.34          	((-2.126673e-04 -2.054475e-04 2.698207e+00) (-4.994205e-06 -1.068701e-05 4.387645e-02)) ((1.161193e-08 -1.673452e-08 -8.579967e-11) (2.505498e-06 -1.074552e-06 3.290106e-08))
6.35          	((-1.579046e-04 -1.515382e-04 1.957002e+00) (-5.303626e-06 -1.111504e-05 4.428393e-02)) ((1.376134e-08 -1.917728e-08 3.289684e-11) (2.529826e-06 -1.089750e-06 3.268852e-08))
6.36          	((-1.661060e-04 -1.651964e-04 1.211687e+00) (-5.957470e-06 -1.199414e-05 4.460141e-02)) ((1.287010e-08 -1.847356e-08 1.024205e-10) (2.675572e-06 -1.195925e-06 3.169812e-08))
6.37          	((-1.912773e-04 -1.437004e-04 4.643287e-01) (-6.160108e-06 -1.227418e-05 4.484374e-02)) ((1.050794e-08 -1.624211e-08 -1.297149e-10) (2.648452e-06 -1.171717e-06 3.132020e-08))
6.38          	((-1.846480e-04 -1.567024e-04 -2.832439e-01) (-6.245961e-06 -1.229397e-05 4.498595e-02)) ((1.146835e-08 -1.689263e-08 -6.836540e-11) (2.560118e-06 -1.081469e-06 3.104482e-08))
6.39          	((-1.604094e-04 -1.272288e-04 -1.030006e+00) (-6.215820e-06 -1.227869e-05 4.502646e-02)) ((1.051224e-08 -1.626768e-08 1.360003e-10) (2.459615e-06 -1.004336e-06 3.102491e-08))
6.4           	((-1.440469e-04 -1.321407e-04 -1.775013e+00) (-6.298257e-06 -1.233521e-05 4.496360e-02)) ((8.266607e-09 -1.418982e-08 3.192700e-10) (2.362522e-06 -9.248748e-07 3.068950e-08))
6.41          	((-1.299131e-04 -1.313952e-04 -2.518205e+00) (-6.483470e-06 -1.240711e-05 4.479806e-02)) ((8.949059e-09 -1.412140e-08 2.247890e-10) (2.276370e-06 -8.348800e-07 3.026102e-08))
6.42          	((-1.392564e-04 -1.457997e-04 -3.256863e+00) (-6.718610e-06 -1.247583e-05 4.453232e-02)) ((9.487188e-09 -1.469255e-08 3.692774e-10) (2.184222e-06 -7.587393e-07 2.953206e-08))
6.43          	((-1.378072e-04 -1.272195e-04 -3.988032e+00) (-7.335992e-06 -1.276370e-05 4.418721e-02)) ((9.380141e-09 -1.444277e-08 2.612555e-10) (2.252908e-06 -8.185122e-07 2.786489e-08))
6.44          	((-1.270553e-04 -1.311231e-04 -4.709852e+00) (-7.478737e-06 -1.277458e-05 4.374468e-02)) ((8.091732e-09 -1.329557e-08 3.724299e-10) (2.152821e-06 -7.323072e-07 2.671369e-08))
6.45          	((-1.177685e-04 -1.251389e-04 -5.422375e+00) (-7.926910e-06 -1.287146e-05 4.319711e-02)) ((7.857938e-09 -1.244206e-08 3.784322e-10) (2.028096e-06 -7.263209e-07 2.736471e-08))
6.46          	((-8.370901e-05 -9.417847e-05 -6.125218e+00) (-7.940495e-06 -1.279963e-05 4.254707e-02)) ((8.973696e-09 -1.352846e-08 2.349761e-11) (1.908155e-06 -6.250270e-07 2.634202e-08))
6.47          	((-8.758382e-05 -2.869011e-05 -6.817977e+00) (-7.837572e-06 -1.263746e-05 4.180041e-02)) ((8.215172e-09 -1.207381e-08 2.110886e-10) (1.795800e-06 -5.171227e-07 2.539344e-08))
6.48          	((-6.907493e-05 -3.943986e-05 -7.499621e+00) (-7.846648e-06 -1.249396e-05 4.095234e-02)) ((8.638360e-09 -1.262042e-08 -1.269367e-11) (1.680012e-06 -4.069943e-07 2.426361e-08))
6.49          	((-7.903820e-05 -1.426135e-05 -8.168741e+00) (-7.840756e-06 -1.226288e-05 4.000941e-02)) ((1.010569e-08 -1.332468e-08 -9.317834e-12) (1.602992e-06 -3.393158e-07 2.350083e-08))
6.5           	((-7.785328e-05 -3.526594e-06 -8.823918e+00) (-8.111005e-06 -1.205431e-05 3.897667e-02)) ((1.048142e-08 -1.323782e-08 3.373848e-11) (1.533584e-06 -4.102606e-07 2.281599e-08))
6.51          	((-3.650830e-05 2.999055e-05 -9.464189e+00) (-7.969716e-06 -1.178828e-05 3.785837e-02)) ((8.508154e-09 -1.160143e-08 1.166802e-10) (1.447993e-06 -3.625977e-07 2.222343e-08))
6.52          	((-6.039842e-05 1.495652e-05 -1.008814e+01) (-7.847944e-06 -1.158699e-05 3.665506e-02)) ((8.060904e-09 -1.046090e-08 1.358200e-10) (1.343512e-06 -2.802681e-07 2.163615e-08))
6.53          	((-6.298543e-05 5.023103e-06 -1.069438e+01) (-7.662601e-06 -1.128042e-05 3.537268e-02)) ((6.784339e-09 -9.633521e-09 2.020292e-10) (1.259610e-06 -2.289739e-07 2.102000e-08))
6.54          	((-5.390216e-05 8.850382e-06 -1.128236e+01) (-7.619808e-06 -1.080840e-05 3.401779e-02)) ((4.063151e-09 -6.707434e-09 2.313609e-10) (1.137960e-06 -2.361144e-07 2.041861e-08))
6.55          	((-9.729676e-05 -2.068521e-05 -1.184916e+01) (-7.438804e-06 -1.047459e-05 3.259759e-02)) ((1.106831e-09 -2.899187e-09 2.838611e-10) (1.068657e-06 -2.036363e-07 2.022826e-08))
6.56          	((-5.864017e-05 2.949928e-05 -1.239537e+01) (-7.242984e-06 -1.016067e-05 3.111730e-02)) ((-6.825581e-10 -1.397465e-09 5.245863e-10) (1.005788e-06 -1.640093e-07 1.965017e-08))
6.57          	((-7.736598e-05 1.995896e-05 -1.292002e+01) (-7.055613e-06 -9.837796e-06 2.958324e-02)) ((1.605465e-09 -2.957649e-09 2.296876e-10) (9.393006e-07 -1.283442e-07 1.925841e-08))
6.58          	((-8.658445e-05 1.629212e-05 -1.342041e+01) (-6.868182e-06 -9.486557e-06 2.800196e-02)) ((2.523405e-09 -3.315153e-09 3.768796e-10) (8.705255e-07 -9.823785e-08 1.862241e-08))
6.59          	((-1.022211e-04 5.823258e-05 -1.389681e+01) (-6.690247e-06 -9.125400e-06 2.638001e-02)) ((4.211086e-09 -4.904987e-09 9.427207e-11) (8.017272e-07 -7.229384e-08 1.777469e-08))
6.6           	((-1.057389e-04 8.779805e-06 -1.434964e+01) (-6.513698e-06 -8.747213e-06 2.472434e-02)) ((1.981243e-09 -1.922982e-09 2.895143e-10) (7.321625e-07 -5.027532e-08 1.715275e-08))
6.61          	((-1.045006e-04 3.539042e-05 -1.477685e+01) (-6.337162e-06 -8.368009e-06 2.304048e-02)) ((9.451121e-10 -6.790788e-10 5.690048e-12) (6.634296e-07 -2.873558e-08 1.590211e-08))
6.62          	((-1.471061e-04 5.756143e-05 -1.517716e+01) (-6.161062e-06 -7.981898e-06 2.133483e-02)) ((7.675955e-10 -4.983988e-10 -1.354020e-10) (5.931015e-07 -7.194107e-09 1.486898e-08))
6.63          	((-1.847748e-04 6.526159e-05 -1.555117e+01) (-5.932245e-06 -7.570206e-06 1.961611e-02)) ((3.390471e-09 -4.028130e-09 -1.277424e-10) (5.302748e-07 1.731938e-08 1.378592e-08))
6.64          	((4.958549e-05 -9.823913e-05 -1.589733e+01) (-5.714140e-06 -7.185992e-06 1.789013e-02)) ((5.707422e-09 -3.787520e-09 -8.408887e-11) (4.647441e-07 4.073956e-08 1.257622e-08))
6.65          	((5.314801e-05 -1.452215e-04 -1.621570e+01) (-5.485403e-06 -6.837335e-06 1.616050e-02)) ((8.091883e-09 -5.557223e-09 -1.809102e-10) (3.981275e-07 7.530392e-08 1.137726e-08))
6.66          	((-1.328576e-04 -1.282879e-04 -1.650460e+01) (-5.283468e-06 -6.480228e-06 1.443109e-02)) ((6.295472e-09 -4.412006e-09 -1.621585e-10) (3.320301e-07 9.897581e-08 1.039309e-08))
6.67          	((-1.299577e-04 -1.600008e-04 -1.676340e+01) (-5.063052e-06 -6.083993e-06 1.270745e-02)) ((1.006614e-08 -7.915778e-09 -5.599472e-10) (2.718871e-07 1.132043e-07 9.154670e-09))
6.68          	((-1.469134e-04 -1.300076e-04 -1.699129e+01) (-4.894086e-06 -5.732596e-06 1.099352e-02)) ((1.195157e-08 -1.192107e-08 -1.612913e-10) (2.276830e-07 1.146303e-07 8.660878e-09))
6.69          	((-1.977280e-04 -1.535491e-04 -1.718601e+01) (-4.751003e-06 -5.396653e-06 9.294234e-03)) ((1.588042e-08 -1.439406e-08 -3.199363e-10) (1.785912e-07 1.168998e-07 8.093031e-09))
6.7           	((7.519959e-05 1.247730e-05 -1.734872e+01) (-4.603110e-06 -5.085405e-06 7.613950e-03)) ((1.665889e-08 -1.628978e-08 -4.154081e-10) (1.307451e-07 1.192634e-07 7.818436e-09))
6.71          	((-3.359832e-04 -3.784055e-04 -1.748128e+01) (-4.630903e-06 -4.970449e-06 5.956419e-03)) ((1.544935e-08 -1.278025e-08 -4.431651e-10) (8.850435e-08 1.088852e-07 7.178253e-09))
6.72          	((-5.867899e-04 -5.731181e-04 -1.757488e+01) (-4.560370e-06 -4.721416e-06 4.323058e-03)) ((1.558367e-08 -1.402424e-08 1.881694e-10) (2.210387e-08 1.240908e-07 7.140040e-09))
6.73          	((-2.154038e-04 -9.076925e-05 -1.766851e+01) (-4.720499e-06 -4.742627e-06 2.707425e-03)) ((4.359495e-08 -3.822892e-08 1.810836e-09) (-2.416903e-08 1.263460e-07 6.425512e-09))
6.74          	((-9.815134e-05 1.727711e-04 -1.776557e+01) (-4.655440e-06 -4.569412e-06 1.109420e-03)) ((-5.190491e-10 -2.947452e-09 8.157853e-10) (-9.955850e-08 1.538223e-07 5.523503e-09))
6.75          	((4.949650e-04 7.895473e-04 -1.781641e+01) (-4.606358e-06 -4.345478e-06 -4.720283e-04)) ((1.049110e-08 -3.474420e-08 -4.261711e-09) (-1.566888e-07 1.691987e-07 5.170106e-09))
6.76          	((8.027323e-04 9.012990e-04 -1.790791e+01) (-4.799781e-06 -4.365324e-06 -2.031513e-03)) ((5.691572e-08 -7.216854e-08 -4.691611e-09) (-2.144010e-07 1.868868e-07 4.285996e-09))
6.77          	((2.360845e-04 5.714405e-04 -1.786529e+01) (-4.838200e-06 -4.218181e-06 -3.559925e-03)) ((-1.790725e-08 2.704309e-08 4.237497e-09) (-2.554303e-07 1.778720e-07 2.677745e-09))
6.78          	((-1.826661e-03 -1.758122e-03 -1.776236e+01) (-4.838524e-06 -4.096626e-06 -5.073775e-03)) ((9.691615e-09 -7.106023e-09 2.156237e-09) (-2.906561e-07 1.723303e-07 1.634601e-09))
6.79          	((-7.250646e-04 -5.089471e-04 -1.761981e+01) (-5.038255e-06 -4.154239e-06 -6.584844e-03)) ((7.784168e-10 2.252559e-09 1.547261e-09) (-3.325431e-07 1.692264e-07 3.717792e-10))
6.8           	((-2.258308e-04 -1.008219e-04 -1.745833e+01) (-4.952214e-06 -3.947544e-06 -8.095310e-03)) ((1.077570e-08 -7.002709e-09 1.020930e-09) (-3.513658e-07 1.293129e-07 -7.077496e-10))
6.81          	((-3.928145e-04 5.951542e-05 -1.728371e+01) (-5.088440e-06 -3.925336e-06 -9.608114e-03)) ((1.429673e-08 -1.336167e-08 8.616981e-10) (-3.971225e-07 1.119132e-07 -1.533163e-09))
6.82          	((1.215090e-04 9.091946e-05 -1.708300e+01) (-5.242330e-06 -3.889971e-06 -1.112302e-02)) ((1.228036e-08 -1.184319e-08 1.394453e-09) (-4.666743e-07 1.292939e-07 -2.481542e-09))
6.83          	((7.576840e-05 2.137546e-04 -1.685595e+01) (-5.362026e-06 -3.801672e-06 -1.263889e-02)) ((7.966671e-09 -8.476047e-09 1.107047e-09) (-5.455535e-07 1.513967e-07 -3.057750e-09))
6.84          	((8.091485e-05 -2.084153e-05 -1.660088e+01) (-5.485055e-06 -3.856738e-06 -1.415560e-02)) ((-2.929022e-11 2.176727e-09 1.131207e-09) (-6.288741e-07 1.960942e-07 -3.973933e-09))
6.85          	((2.521240e-04 -2.651105e-05 -1.631878e+01) (-5.529452e-06 -3.830779e-06 -1.567209e-02)) ((-3.410670e-09 6.769715e-09 1.040090e-09) (-7.009502e-07 2.260901e-07 -4.736373e-09))
6.86          	((4.344244e-05 -2.120663e-04 -1.600668e+01) (-5.586859e-06 -3.782962e-06 -1.718734e-02)) ((-1.037724e-08 1.161045e-08 1.609723e-09) (-7.692070e-07 2.558441e-07 -4.881535e-09))
6.87          	((1.309946e-04 -1.248248e-04 -1.566554e+01) (-5.546068e-06 -3.634493e-06 -1.869204e-02)) ((-1.261340e-08 1.407588e-08 1.247016e-09) (-8.449324e-07 2.927281e-07 -4.838206e-09))
6.88          	((3.325837e-04 5.143025e-04 -1.529760e+01) (-5.372915e-06 -3.357448e-06 -2.018309e-02)) ((-5.006759e-09 6.142800e-09 6.929974e-10) (-9.089794e-07 3.070664e-07 -4.614736e-09))
6.89          	((2.861115e-04 -6.367836e-05 -1.490249e+01) (-5.304820e-06 -3.190575e-06 -2.166218e-02)) ((-9.852082e-09 8.696810e-09 1.535478e-09) (-9.793627e-07 3.320009e-07 -4.298238e-09))
6.9           	((2.286318e-04 2.016268e-04 -1.448113e+01) (-5.232905e-06 -3.038631e-06 -2.312942e-02)) ((-1.558891e-08 1.371762e-08 3.544991e-10) (-1.062117e-06 3.619434e-07 -3.634605e-09))
6.91          	((1.559027e-04 3.596686e-05 -1.403454e+01) (-5.076250e-06 -2.801199e-06 -2.458419e-02)) ((-2.223231e-08 2.003197e-08 9.591506e-10) (-1.166362e-06 4.121024e-07 -3.331103e-09))
6.92          	((2.930414e-04 3.243462e-04 -1.356325e+01) (-4.886180e-06 -2.534743e-06 -2.602355e-02)) ((-1.442045e-08 1.279453e-08 1.874453e-10) (-1.284235e-06 4.735984e-07 -2.672107e-09))
6.93          	((2.972180e-04 2.955906e-04 -1.306766e+01) (-4.692084e-06 -2.263393e-06 -2.744711e-02)) ((-2.479084e-08 2.277742e-08 7.953897e-10) (-1.424455e-06 5.651901e-07 -2.048924e-09))
6.94          	((3.732472e-04 2.895320e-04 -1.254855e+01) (-4.436015e-06 -1.943689e-06 -2.885919e-02)) ((-2.240652e-08 2.073348e-08 8.678249e-10) (-1.552372e-06 6.589439e-07 -8.834246e-10))
6.95          	((4.346491e-04 2.748791e-04 -1.200726e+01) (-4.131723e-06 -1.577588e-06 -3.024613e-02)) ((-2.539930e-08 2.326811e-08 6.713512e-10) (-1.719415e-06 7.728647e-07 -3.112939e-10))
6.96          	((4.258298e-04 1.767863e-04 -1.144497e+01) (-3.762456e-06 -1.174446e-06 -3.160708e-02)) ((-2.262089e-08 2.113940e-08 1.182891e-09) (-1.853052e-06 8.476967e-07 2.999660e-10))
6.97          	((3.201175e-04 1.994456e-04 -1.086258e+01) (-3.473297e-06 -8.625774e-07 -3.294024e-02)) ((-2.185376e-08 2.117050e-08 1.120365e-09) (-1.997373e-06 9.285804e-07 5.698580e-10))
6.98          	((3.793946e-04 1.383526e-04 -1.026106e+01) (-3.406923e-06 -7.304234e-07 -3.423892e-02)) ((-2.106668e-08 2.173932e-08 1.532294e-09) (-2.157967e-06 1.066107e-06 -1.438553e-09))
6.99          	((3.325367e-04 5.843438e-05 -9.641531e+00) (-3.143485e-06 -4.938557e-07 -3.549618e-02)) ((-1.599237e-08 1.707307e-08 1.579780e-09) (-2.299765e-06 1.142953e-06 -9.103852e-10))
7             	((3.559659e-04 1.892070e-04 -9.004996e+00) (-2.877869e-06 -2.180919e-07 -3.669931e-02)) ((-1.902717e-08 2.052388e-08 1.274117e-09) (-2.436459e-06 1.243005e-06 -1.709428e-09))
7.01          	((2.085204e-04 2.117596e-05 -8.352446e+00) (-2.651431e-06 -3.989456e-08 -3.783920e-02)) ((-2.600068e-08 2.740598e-08 1.382838e-09) (-2.623181e-06 1.364837e-06 1.523722e-10))
7.02          	((1.580245e-04 1.177474e-05 -7.685070e+00) (-2.439998e-06 1.550887e-07 -3.891080e-02)) ((-2.463340e-08 2.698779e-08 1.624019e-09) (-2.760548e-06 1.451020e-06 1.232122e-09))
7.03          	((7.583962e-05 6.156017e-06 -7.003848e+00) (-2.685363e-06 -1.003474e-07 -3.991311e-02)) ((-2.685621e-08 2.956395e-08 1.475144e-09) (-3.008076e-06 1.656984e-06 1.693053e-09))
7.04          	((1.511082e-04 1.480060e-04 -6.310081e+00) (-2.558687e-06 -5.587324e-08 -4.084099e-02)) ((-1.657474e-08 1.862496e-08 1.715444e-09) (-3.166000e-06 1.755195e-06 3.526206e-09))
7.05          	((9.430895e-05 1.770839e-04 -5.605196e+00) (-2.244911e-06 1.524239e-07 -4.169394e-02)) ((-1.854288e-08 2.050691e-08 1.625195e-09) (-3.257152e-06 1.785984e-06 5.049155e-09))
7.06          	((8.754942e-05 1.198470e-04 -4.890182e+00) (-1.962628e-06 3.572018e-07 -4.246747e-02)) ((-1.866799e-08 2.083066e-08 1.606709e-09) (-3.367244e-06 1.847701e-06 6.581112e-09))
7.07          	((9.395688e-05 1.208858e-04 -4.166201e+00) (-1.880695e-06 4.733668e-07 -4.315519e-02)) ((-1.577732e-08 1.821421e-08 1.644637e-09) (-3.564201e-06 1.993844e-06 7.184612e-09))
7.08          	((9.125894e-05 9.790096e-05 -3.434890e+00) (-1.907680e-06 4.609010e-07 -4.375216e-02)) ((-1.755247e-08 1.995819e-08 1.950382e-09) (-3.717831e-06 2.095043e-06 7.738200e-09))
7.09          	((1.231537e-04 1.439947e-04 -2.698087e+00) (-2.097021e-06 2.630359e-07 -4.425767e-02)) ((-1.623042e-08 1.893288e-08 1.802552e-09) (-3.899173e-06 2.231215e-06 9.053808e-09))
7.1           	((1.640311e-04 1.789784e-04 -1.956901e+00) (-2.058183e-06 2.611555e-07 -4.466811e-02)) ((-1.652155e-08 1.894043e-08 1.889102e-09) (-3.990001e-06 2.286352e-06 9.994410e-09))
7.11          	((1.676777e-04 1.535630e-04 -1.211798e+00) (-2.491697e-06 -2.334819e-07 -4.498820e-02)) ((-1.410888e-08 1.649797e-08 1.985742e-09) (-4.184545e-06 2.455771e-06 1.082853e-08))
7.12          	((1.386648e-04 1.559083e-04 -4.643457e-01) (-2.500945e-06 -4.347759e-07 -4.523092e-02)) ((-1.076433e-08 1.312983e-08 2.017934e-09) (-4.260973e-06 2.538677e-06 1.195173e-08))
7.13          	((1.602804e-04 1.446576e-04 2.832938e-01) (-2.514805e-06 -5.127511e-07 -4.537395e-02)) ((-9.700955e-09 1.183546e-08 2.147778e-09) (-4.300278e-06 2.574648e-06 1.205682e-08))
7.14          	((1.378895e-04 1.461464e-04 1.030048e+00) (-2.444923e-06 -6.418504e-07 -4.541726e-02)) ((-7.950598e-09 9.861585e-09 2.032985e-09) (-4.323183e-06 2.613168e-06 1.302189e-08))
7.15          	((8.664810e-05 1.660071e-04 1.775109e+00) (-2.367236e-06 -7.579140e-07 -4.535712e-02)) ((-7.108534e-09 8.235637e-09 1.875331e-09) (-4.333628e-06 2.642886e-06 1.411320e-08))
7.16          	((1.141545e-04 1.464737e-04 2.518317e+00) (-2.534312e-06 -9.043042e-07 -4.519633e-02)) ((-8.083447e-09 8.582471e-09 1.662394e-09) (-4.436845e-06 2.778831e-06 1.701918e-08))
7.17          	((6.856489e-05 1.174894e-04 3.256983e+00) (-2.621986e-06 -9.977305e-07 -4.493776e-02)) ((-7.606742e-09 8.219585e-09 1.549713e-09) (-4.350067e-06 2.716461e-06 2.012269e-08))
7.18          	((3.787477e-05 9.125581e-05 3.988021e+00) (-3.061493e-06 -1.493179e-06 -4.460214e-02)) ((-6.746759e-09 6.780972e-09 1.654478e-09) (-4.232011e-06 2.595753e-06 2.002689e-08))
7.19          	((3.339692e-05 8.983655e-05 4.709886e+00) (-3.384780e-06 -2.040141e-06 -4.416225e-02)) ((-5.785196e-09 4.983303e-09 1.721210e-09) (-4.118709e-06 2.515089e-06 1.950181e-08))
7.2           	((4.944618e-05 1.023423e-04 5.422553e+00) (-3.655939e-06 -2.474289e-06 -4.361516e-02)) ((-4.215358e-09 3.514270e-09 1.792711e-09) (-3.983102e-06 2.446829e-06 1.777597e-08))
7.21          	((4.238803e-05 5.195189e-05 6.125384e+00) (-3.836254e-06 -2.704106e-06 -4.296786e-02)) ((-3.606725e-09 3.232782e-09 1.787499e-09) (-3.934640e-06 2.408875e-06 1.779005e-08))
7.22          	((3.318171e-05 7.262325e-05 6.818343e+00) (-4.213631e-06 -3.084246e-06 -4.222053e-02)) ((-5.466172e-09 4.993061e-09 1.709478e-09) (-3.793126e-06 2.291109e-06 2.003090e-08))
7.23          	((4.890328e-05 4.885747e-05 7.499982e+00) (-4.610670e-06 -3.518752e-06 -4.137382e-02)) ((-5.594643e-09 4.103283e-09 1.668329e-09) (-3.672828e-06 2.191898e-06 2.058923e-08))
7.24          	((4.854834e-05 4.005272e-05 8.169130e+00) (-5.253446e-06 -4.214182e-06 -4.042895e-02)) ((-5.507047e-09 3.548070e-09 1.492830e-09) (-3.640787e-06 2.179345e-06 2.069424e-08))
7.25          	((4.921264e-05 6.278036e-05 8.824389e+00) (-5.657296e-06 -4.644929e-06 -3.939682e-02)) ((-5.141117e-09 2.320449e-09 1.530403e-09) (-3.542286e-06 2.129273e-06 2.192793e-08))
7.26          	((1.045361e-04 6.643746e-05 9.464885e+00) (-5.791505e-06 -4.847740e-06 -3.827467e-02)) ((-4.739365e-09 1.469510e-09 1.377670e-09) (-3.384567e-06 2.012494e-06 2.224382e-08))
7.27          	((8.274441e-05 6.017123e-05 1.008884e+01) (-5.795199e-06 -4.912209e-06 -3.706720e-02)) ((-3.126125e-09 -8.804332e-10 1.555911e-09) (-3.186786e-06 1.862392e-06 2.248968e-08))
7.28          	((8.780126e-05 6.052975e-05 1.069524e+01) (-5.895171e-06 -5.090175e-06 -3.578240e-02)) ((-1.548974e-09 -1.357363e-09 1.679080e-09) (-3.028770e-06 1.752510e-06 2.192300e-08))
7.29          	((8.213761e-05 5.658434e-05 1.128289e+01) (-5.984118e-06 -5.263409e-06 -3.442441e-02)) ((2.556495e-10 -4.611785e-09 1.058100e-09) (-2.881425e-06 1.656121e-06 2.187118e-08))
7.3           	((4.166323e-05 3.221552e-05 1.184969e+01) (-6.054371e-06 -5.423897e-06 -3.299958e-02)) ((3.274315e-09 -8.201725e-09 1.388616e-09) (-2.733947e-06 1.564177e-06 2.241812e-08))
7.31          	((6.654376e-05 4.149654e-05 1.239604e+01) (-6.120485e-06 -5.569013e-06 -3.151440e-02)) ((4.595523e-09 -9.520673e-09 1.069625e-09) (-2.580931e-06 1.470209e-06 2.235479e-08))
7.32          	((5.303428e-05 3.716246e-05 1.292039e+01) (-6.159212e-06 -5.688022e-06 -2.997534e-02)) ((3.992702e-09 -9.093855e-09 1.150117e-09) (-2.426177e-06 1.377304e-06 2.248277e-08))
7.33          	((8.039877e-05 2.172094e-05 1.342050e+01) (-6.193921e-06 -5.800189e-06 -2.838895e-02)) ((1.304348e-09 -7.189145e-09 8.052661e-10) (-2.272807e-06 1.287516e-06 2.252512e-08))
7.34          	((8.050735e-05 1.136413e-06 1.389717e+01) (-6.175135e-06 -5.855988e-06 -2.676165e-02)) ((8.547059e-10 -6.067721e-09 7.749656e-10) (-2.122162e-06 1.201363e-06 2.278051e-08))
7.35          	((8.197353e-05 -2.344755e-05 1.434998e+01) (-6.155183e-06 -5.908161e-06 -2.510070e-02)) ((8.456059e-10 -7.568133e-09 1.187332e-09) (-1.977119e-06 1.122113e-06 2.311066e-08))
7.36          	((4.384377e-06 -6.934968e-05 1.477681e+01) (-6.112157e-06 -5.945630e-06 -2.341129e-02)) ((-3.942651e-10 -4.600442e-09 9.417381e-10) (-1.831048e-06 1.041101e-06 2.327441e-08))
7.37          	((3.436451e-05 -3.704117e-05 1.517723e+01) (-6.023293e-06 -5.938986e-06 -2.170001e-02)) ((-1.995418e-09 -2.767352e-09 7.474791e-10) (-1.688042e-06 9.624583e-07 2.344900e-08))
7.38          	((1.737959e-04 2.804471e-04 1.555141e+01) (-5.878554e-06 -5.862743e-06 -1.997442e-02)) ((-4.334782e-09 -7.289363e-10 1.116626e-09) (-1.559084e-06 8.972893e-07 2.315903e-08))
7.39          	((2.137640e-04 6.003818e-05 1.589745e+01) (-5.644883e-06 -5.696177e-06 -1.824203e-02)) ((-6.904985e-09 2.955230e-09 2.023880e-10) (-1.424449e-06 8.194274e-07 2.313345e-08))
7.4           	((9.188282e-05 1.839358e-04 1.621587e+01) (-5.384538e-06 -5.524782e-06 -1.650544e-02)) ((-6.741254e-09 2.491478e-09 8.814609e-10) (-1.285752e-06 7.420522e-07 2.314184e-08))
7.41          	((1.529381e-05 -7.798928e-05 1.650445e+01) (-5.098873e-06 -5.341728e-06 -1.476965e-02)) ((-5.748698e-09 2.121661e-09 7.127214e-10) (-1.151614e-06 6.693211e-07 2.300208e-08))
7.42          	((-1.967698e-04 -2.507194e-04 1.676331e+01) (-4.992260e-06 -5.325946e-06 -1.303975e-02)) ((-3.804439e-09 5.355919e-11 8.531367e-11) (-1.005143e-06 5.773902e-07 2.310653e-08))
7.43          	((6.838350e-06 -1.039320e-04 1.699059e+01) (-4.809980e-06 -5.240992e-06 -1.131971e-02)) ((-1.268622e-08 7.576148e-09 5.022907e-10) (-8.839524e-07 5.074280e-07 2.302175e-08))
7.44          	((8.825274e-05 4.366323e-05 1.718560e+01) (-4.659940e-06 -5.188132e-06 -9.614102e-03)) ((-1.125721e-08 6.064933e-09 -2.305525e-10) (-7.758807e-07 4.496932e-07 2.310547e-08))
7.45          	((3.671088e-04 2.082572e-04 1.734859e+01) (-4.643772e-06 -5.281797e-06 -7.927238e-03)) ((-6.139265e-09 1.573069e-09 5.875568e-10) (-6.710734e-07 3.964826e-07 2.327049e-08))
7.46          	((-3.735351e-04 -1.671482e-04 1.748165e+01) (-4.727225e-06 -5.475037e-06 -6.263129e-03)) ((-4.988975e-09 6.597800e-10 1.455351e-10) (-5.846089e-07 3.650415e-07 2.351511e-08))
7.47          	((-2.351143e-04 -1.260943e-04 1.757682e+01) (-4.661976e-06 -5.514801e-06 -4.623533e-03)) ((1.241424e-09 -7.238334e-09 -2.634091e-10) (-4.832891e-07 3.146054e-07 2.309083e-08))
7.48          	((3.501598e-04 2.993456e-04 1.767481e+01) (-4.860812e-06 -5.809485e-06 -3.003487e-03)) ((-3.192627e-08 3.050466e-08 -1.650053e-09) (-4.084424e-07 2.901808e-07 2.283660e-08))
7.49          	((2.599751e-04 1.431402e-04 1.777053e+01) (-4.767158e-06 -5.820917e-06 -1.401923e-03)) ((-1.137328e-09 -6.228890e-09 -5.297204e-10) (-3.083734e-07 2.414064e-07 2.264254e-08))
7.5           	((4.242093e-04 1.117659e-04 1.781185e+01) (-4.553001e-06 -5.683107e-06 1.850248e-04)) ((-8.404077e-08 5.047514e-08 1.741029e-09) (-1.840516e-07 1.793180e-07 2.198629e-08))
