# Forces      
# CofR        : (0.000000e+00 0.000000e+00 0.000000e+00)
# Time        forces(pressure viscous)	moments(pressure viscous)
0             	((0.000000e+00 0.000000e+00 0.000000e+00) (0.000000e+00 0.000000e+00 0.000000e+00)) ((0.000000e+00 0.000000e+00 0.000000e+00) (0.000000e+00 0.000000e+00 0.000000e+00))
0.00666667    	((2.703641e+01 1.031573e-03 -1.018521e-01) (5.179697e-03 9.612718e-06 -2.864336e-05)) ((4.775483e-03 8.900422e-01 -1.095150e-02) (-1.540451e-06 1.167400e-04 3.289156e-06))
0.0133333     	((2.670551e+01 1.741032e-03 -1.057462e-01) (1.034415e-02 2.082091e-05 -5.356189e-05)) ((4.585703e-03 8.762323e-01 -1.116740e-02) (-3.106676e-06 2.341384e-04 7.421453e-06))
0.02          	((2.687617e+01 1.287902e-03 -1.043402e-01) (1.550160e-02 3.329850e-05 -7.764669e-05)) ((4.704318e-03 8.737925e-01 -1.132387e-02) (-4.641939e-06 3.516959e-04 1.181809e-05))
0.0266667     	((2.669106e+01 6.230578e-04 -1.096088e-01) (2.061274e-02 4.575342e-05 -1.018639e-04)) ((4.428139e-03 8.708315e-01 -1.122843e-02) (-6.077909e-06 4.686218e-04 1.616351e-05))
0.0333333     	((2.650368e+01 4.314632e-04 -1.134461e-01) (2.566880e-02 5.856950e-05 -1.255477e-04)) ((4.335003e-03 8.661838e-01 -1.114691e-02) (-7.464025e-06 5.846109e-04 2.045816e-05))
0.04          	((2.630606e+01 4.716614e-05 -1.165977e-01) (3.067039e-02 7.167459e-05 -1.487033e-04)) ((4.160556e-03 8.597998e-01 -1.103589e-02) (-8.806913e-06 6.995563e-04 2.474104e-05))
0.0466667     	((2.608668e+01 -3.639526e-04 -1.227320e-01) (3.562042e-02 8.527453e-05 -1.716988e-04)) ((4.065528e-03 8.514819e-01 -1.088985e-02) (-1.008175e-05 8.134238e-04 2.898043e-05))
0.0533333     	((2.583477e+01 -1.243951e-03 -1.258193e-01) (4.052045e-02 9.939865e-05 -1.942462e-04)) ((3.979337e-03 8.417750e-01 -1.074266e-02) (-1.125186e-05 9.260876e-04 3.312936e-05))
0.06          	((2.554838e+01 -1.951334e-03 -1.307736e-01) (4.537187e-02 1.134258e-04 -2.161821e-04)) ((3.840895e-03 8.307974e-01 -1.059120e-02) (-1.231946e-05 1.037497e-03 3.734017e-05))
0.0666667     	((2.522885e+01 -2.764212e-03 -1.367754e-01) (5.017423e-02 1.277548e-04 -2.375044e-04)) ((3.756523e-03 8.184458e-01 -1.040770e-02) (-1.328227e-05 1.147524e-03 4.149434e-05))
0.0733333     	((2.487732e+01 -2.988862e-03 -1.442473e-01) (5.492693e-02 1.417856e-04 -2.581431e-04)) ((3.595575e-03 8.047939e-01 -1.022553e-02) (-1.414540e-05 1.256025e-03 4.560142e-05))
0.08          	((2.449397e+01 -3.968721e-03 -1.516017e-01) (5.962713e-02 1.557183e-04 -2.772399e-04)) ((3.389310e-03 7.897131e-01 -9.996967e-03) (-1.492908e-05 1.363024e-03 4.967722e-05))
0.0866667     	((2.407781e+01 -5.035537e-03 -1.587214e-01) (6.427291e-02 1.695433e-04 -2.948930e-04)) ((3.172191e-03 7.734009e-01 -9.810028e-03) (-1.559340e-05 1.468320e-03 5.368548e-05))
0.0933333     	((2.362889e+01 -5.969677e-03 -1.668383e-01) (6.885740e-02 1.837770e-04 -3.108700e-04)) ((3.053351e-03 7.557055e-01 -9.528281e-03) (-1.610942e-05 1.571679e-03 5.767301e-05))
0.1           	((2.314724e+01 -6.452053e-03 -1.754114e-01) (7.337414e-02 1.984539e-04 -3.255641e-04)) ((2.895860e-03 7.367011e-01 -9.249887e-03) (-1.644810e-05 1.673034e-03 6.169703e-05))
0.106667      	((2.263148e+01 -7.179257e-03 -1.844655e-01) (7.781767e-02 2.137478e-04 -3.391757e-04)) ((2.668145e-03 7.163451e-01 -8.838459e-03) (-1.667175e-05 1.772344e-03 6.570742e-05))
0.113333      	((2.208133e+01 -7.748919e-03 -1.939801e-01) (8.217451e-02 2.293124e-04 -3.516760e-04)) ((2.520739e-03 6.945378e-01 -8.485446e-03) (-1.671663e-05 1.869168e-03 6.981629e-05))
0.12          	((2.149696e+01 -7.981387e-03 -2.019584e-01) (8.643847e-02 2.442790e-04 -3.628929e-04)) ((2.359396e-03 6.714575e-01 -8.208962e-03) (-1.681842e-05 1.963675e-03 7.374261e-05))
0.126667      	((2.087683e+01 -8.015876e-03 -2.121118e-01) (9.059784e-02 2.588693e-04 -3.733246e-04)) ((2.210835e-03 6.470647e-01 -7.882902e-03) (-1.665959e-05 2.055769e-03 7.758451e-05))
0.133333      	((2.022236e+01 -8.351345e-03 -2.232384e-01) (9.464404e-02 2.739191e-04 -3.828763e-04)) ((2.188671e-03 6.213362e-01 -7.556604e-03) (-1.618028e-05 2.145018e-03 8.107946e-05))
0.14          	((1.953270e+01 -8.869534e-03 -2.323327e-01) (9.856543e-02 2.908963e-04 -3.912086e-04)) ((2.187886e-03 5.945309e-01 -7.242063e-03) (-1.569985e-05 2.231984e-03 8.464616e-05))
0.146667      	((1.880755e+01 -9.105813e-03 -2.400598e-01) (1.023483e-01 3.078124e-04 -3.986067e-04)) ((2.019416e-03 5.664655e-01 -6.871644e-03) (-1.519594e-05 2.315886e-03 8.719082e-05))
0.153333      	((1.804584e+01 -8.989272e-03 -2.472791e-01) (1.059800e-01 3.248367e-04 -4.036712e-04)) ((2.006601e-03 5.374970e-01 -6.416529e-03) (-1.444042e-05 2.396818e-03 9.005268e-05))
0.16          	((1.725125e+01 -9.478571e-03 -2.539499e-01) (1.094495e-01 3.409379e-04 -4.076010e-04)) ((1.977862e-03 5.076135e-01 -5.901668e-03) (-1.371292e-05 2.474269e-03 9.235334e-05))
0.166667      	((1.642318e+01 -9.700883e-03 -2.579502e-01) (1.127396e-01 3.589480e-04 -4.094878e-04)) ((1.891411e-03 4.766567e-01 -5.577660e-03) (-1.296151e-05 2.548235e-03 9.474718e-05))
0.173333      	((1.556097e+01 -1.032874e-02 -2.601875e-01) (1.158427e-01 3.766853e-04 -4.101720e-04)) ((1.689915e-03 4.448782e-01 -5.219975e-03) (-1.212156e-05 2.618710e-03 9.665704e-05))
0.18          	((1.466770e+01 -1.133458e-02 -2.610809e-01) (1.187420e-01 3.936792e-04 -4.104475e-04)) ((1.778429e-03 4.118821e-01 -4.787063e-03) (-1.136479e-05 2.685617e-03 9.882135e-05))
0.186667      	((1.374342e+01 -1.228514e-02 -2.553271e-01) (1.214247e-01 4.107173e-04 -4.104842e-04)) ((1.690318e-03 3.778177e-01 -4.296226e-03) (-1.058557e-05 2.749109e-03 1.007087e-04))
0.193333      	((1.279132e+01 -1.289572e-02 -2.522758e-01) (1.238842e-01 4.271937e-04 -4.100372e-04)) ((1.641889e-03 3.430797e-01 -3.976635e-03) (-9.809881e-06 2.808534e-03 1.020835e-04))
0.2           	((1.180999e+01 -1.384202e-02 -2.493248e-01) (1.260964e-01 4.417823e-04 -4.101547e-04)) ((1.552598e-03 3.078577e-01 -3.383879e-03) (-8.813965e-06 2.863037e-03 1.037031e-04))
0.206667      	((1.080292e+01 -1.358369e-02 -2.422530e-01) (1.280557e-01 4.549524e-04 -4.097219e-04)) ((1.252076e-03 2.720859e-01 -2.997322e-03) (-7.803378e-06 2.913116e-03 1.051128e-04))
0.213333      	((9.770136e+00 -1.517757e-02 -2.344683e-01) (1.297544e-01 4.667027e-04 -4.095079e-04)) ((1.316772e-03 2.357132e-01 -2.769579e-03) (-7.170435e-06 2.958704e-03 1.061686e-04))
0.22          	((8.713534e+00 -1.568129e-02 -2.242914e-01) (1.311712e-01 4.779373e-04 -4.067883e-04)) ((1.371913e-03 1.987193e-01 -2.333070e-03) (-6.583106e-06 2.998385e-03 1.077561e-04))
0.226667      	((7.637686e+00 -1.752109e-02 -2.117076e-01) (1.323000e-01 4.888143e-04 -4.046707e-04)) ((1.248469e-03 1.612525e-01 -1.794752e-03) (-5.993046e-06 3.032077e-03 1.089590e-04))
0.233333      	((6.542400e+00 -1.867228e-02 -1.974364e-01) (1.331328e-01 4.973344e-04 -4.031699e-04)) ((8.693253e-04 1.233072e-01 -1.342537e-03) (-5.328051e-06 3.060902e-03 1.095452e-04))
0.24          	((5.428575e+00 -1.902902e-02 -1.827740e-01) (1.336556e-01 5.047953e-04 -3.993673e-04)) ((8.674732e-04 8.522516e-02 -1.010503e-03) (-4.868498e-06 3.083269e-03 1.108833e-04))
0.246667      	((4.297629e+00 -1.957478e-02 -1.664749e-01) (1.338617e-01 5.115371e-04 -3.938374e-04)) ((7.481939e-04 4.662768e-02 -4.823336e-04) (-4.326616e-06 3.098738e-03 1.121649e-04))
0.253333      	((3.154623e+00 -1.943070e-02 -1.517130e-01) (1.337383e-01 5.168406e-04 -3.852130e-04)) ((8.965391e-04 8.154216e-03 1.375348e-04) (-3.766458e-06 3.106650e-03 1.128643e-04))
0.26          	((2.000298e+00 -1.909209e-02 -1.329770e-01) (1.332799e-01 5.205549e-04 -3.751622e-04)) ((7.717091e-04 -3.058589e-02 4.535136e-04) (-3.201365e-06 3.107452e-03 1.139215e-04))
0.266667      	((8.368709e-01 -1.932660e-02 -1.172637e-01) (1.324960e-01 5.230171e-04 -3.614306e-04)) ((6.772035e-04 -6.886816e-02 5.718200e-04) (-2.584143e-06 3.100954e-03 1.144078e-04))
0.273333      	((-3.324445e-01 -2.055664e-02 -1.002892e-01) (1.313784e-01 5.237562e-04 -3.451092e-04)) ((6.805825e-04 -1.071240e-01 9.012036e-04) (-1.971223e-06 3.086970e-03 1.144487e-04))
0.28          	((-1.508425e+00 -2.107203e-02 -7.971736e-02) (1.299322e-01 5.232481e-04 -3.278769e-04)) ((6.008149e-04 -1.451844e-01 1.461219e-03) (-1.376763e-06 3.065773e-03 1.139489e-04))
0.286667      	((-2.686466e+00 -2.107056e-02 -6.269822e-02) (1.281533e-01 5.219068e-04 -3.085637e-04)) ((4.234238e-04 -1.833045e-01 1.942390e-03) (-8.606347e-07 3.036473e-03 1.133449e-04))
0.293333      	((-3.860532e+00 -2.107647e-02 -4.780135e-02) (1.260512e-01 5.199634e-04 -2.859207e-04)) ((2.738016e-04 -2.207233e-01 2.532179e-03) (-3.300500e-07 2.999408e-03 1.119835e-04))
0.3           	((-5.029916e+00 -2.170683e-02 -3.062319e-02) (1.236306e-01 5.150424e-04 -2.601785e-04)) ((2.916637e-04 -2.578865e-01 2.972030e-03) (1.257946e-07 2.954236e-03 1.103015e-04))
0.306667      	((-6.191176e+00 -2.129618e-02 -1.245275e-02) (1.208990e-01 5.092536e-04 -2.322936e-04)) ((8.899136e-05 -2.940946e-01 3.347349e-03) (7.767795e-07 2.901295e-03 1.082700e-04))
0.313333      	((-7.343363e+00 -2.360246e-02 6.516041e-03) (1.178691e-01 5.036064e-04 -2.021062e-04)) ((-6.736291e-05 -3.298200e-01 3.800285e-03) (1.415384e-06 2.840686e-03 1.061643e-04))
0.32          	((-8.482155e+00 -2.323923e-02 2.604183e-02) (1.145494e-01 4.983755e-04 -1.705667e-04)) ((-4.268232e-04 -3.646794e-01 4.022945e-03) (2.027818e-06 2.772314e-03 1.035168e-04))
0.326667      	((-9.610044e+00 -2.254204e-02 4.424441e-02) (1.109547e-01 4.938130e-04 -1.372773e-04)) ((-4.021439e-04 -3.989890e-01 4.492282e-03) (2.459526e-06 2.696800e-03 1.010310e-04))
0.333333      	((-1.072070e+01 -2.300357e-02 6.015611e-02) (1.070930e-01 4.877898e-04 -1.020270e-04)) ((-5.399204e-04 -4.327023e-01 4.833061e-03) (3.000988e-06 2.613961e-03 9.794298e-05))
0.34          	((-1.181346e+01 -2.230183e-02 7.453683e-02) (1.029761e-01 4.806925e-04 -6.481585e-05)) ((-6.014794e-04 -4.656480e-01 5.342103e-03) (3.786260e-06 2.524094e-03 9.434591e-05))
0.346667      	((-1.288502e+01 -2.057020e-02 8.935801e-02) (9.861743e-02 4.748380e-04 -2.790880e-05)) ((-6.585265e-04 -4.974951e-01 5.616416e-03) (4.706031e-06 2.427701e-03 9.017423e-05))
0.353333      	((-1.393260e+01 -1.934225e-02 1.025181e-01) (9.403347e-02 4.675897e-04 1.016525e-05)) ((-9.211328e-04 -5.287132e-01 5.943848e-03) (5.634898e-06 2.325024e-03 8.561963e-05))
0.36          	((-1.495460e+01 -1.980415e-02 1.115354e-01) (8.923963e-02 4.612635e-04 4.903081e-05)) ((-8.943668e-04 -5.588584e-01 6.252191e-03) (6.664086e-06 2.216774e-03 8.070983e-05))
0.366667      	((-1.594770e+01 -1.910273e-02 1.237902e-01) (8.425159e-02 4.539381e-04 8.897185e-05)) ((-1.258983e-03 -5.874864e-01 6.802167e-03) (7.606405e-06 2.103079e-03 7.525787e-05))
0.373333      	((-1.690923e+01 -1.693516e-02 1.371326e-01) (7.908586e-02 4.463960e-04 1.317682e-04)) ((-1.449496e-03 -6.152658e-01 7.103703e-03) (8.381623e-06 1.984383e-03 6.984502e-05))
0.38          	((-1.783729e+01 -1.381569e-02 1.470605e-01) (7.375566e-02 4.385678e-04 1.768372e-04)) ((-1.672200e-03 -6.420417e-01 7.578425e-03) (9.217864e-06 1.861172e-03 6.410964e-05))
0.386667      	((-1.873168e+01 -1.108049e-02 1.550679e-01) (6.827750e-02 4.299555e-04 2.214349e-04)) ((-1.868642e-03 -6.675042e-01 7.771096e-03) (9.940450e-06 1.733950e-03 5.827761e-05))
0.393333      	((-1.958527e+01 -1.190888e-02 1.623104e-01) (6.266795e-02 4.208326e-04 2.640328e-04)) ((-1.658863e-03 -6.916429e-01 8.058081e-03) (1.040169e-05 1.602967e-03 5.247341e-05))
0.4           	((-2.040077e+01 -1.267792e-02 1.695811e-01) (5.694187e-02 4.118132e-04 3.073877e-04)) ((-1.441359e-03 -7.146583e-01 8.308648e-03) (1.061709e-05 1.468783e-03 4.675497e-05))
0.406667      	((-2.117304e+01 -1.278549e-02 1.754672e-01) (5.111496e-02 4.026532e-04 3.509281e-04)) ((-1.770347e-03 -7.361620e-01 8.744724e-03) (1.079968e-05 1.331579e-03 4.081578e-05))
0.413333      	((-2.190160e+01 -1.040750e-02 1.793666e-01) (4.520361e-02 3.914846e-04 3.926171e-04)) ((-2.311412e-03 -7.560467e-01 8.897546e-03) (1.121571e-05 1.191665e-03 3.470978e-05))
0.42          	((-2.258618e+01 -1.139435e-02 1.905343e-01) (3.922225e-02 3.797702e-04 4.329556e-04)) ((-2.431549e-03 -7.744527e-01 9.175785e-03) (1.173259e-05 1.049683e-03 2.875638e-05))
0.426667      	((-2.322429e+01 -1.542795e-02 1.973638e-01) (3.318401e-02 3.691781e-04 4.729247e-04)) ((-2.357666e-03 -7.919311e-01 9.000109e-03) (1.204111e-05 9.064579e-04 2.330581e-05))
0.433333      	((-2.381879e+01 -1.185621e-02 2.021626e-01) (2.710145e-02 3.564489e-04 5.154775e-04)) ((-2.735044e-03 -8.073976e-01 9.197927e-03) (1.231019e-05 7.614074e-04 1.819665e-05))
0.44          	((-2.436498e+01 -9.363387e-03 2.109145e-01) (2.098824e-02 3.435481e-04 5.568573e-04)) ((-2.728745e-03 -8.221717e-01 9.225227e-03) (1.261560e-05 6.152709e-04 1.293409e-05))
0.446667      	((-2.485878e+01 -9.041145e-03 2.122518e-01) (1.485423e-02 3.290362e-04 6.012376e-04)) ((-3.074366e-03 -8.348987e-01 1.018375e-02) (1.317985e-05 4.688913e-04 7.441801e-06))
0.453333      	((-2.530404e+01 -8.319880e-03 2.091720e-01) (8.711805e-03 3.134841e-04 6.442591e-04)) ((-3.029495e-03 -8.458432e-01 1.010308e-02) (1.389480e-05 3.227040e-04 1.661908e-06))
0.46          	((-2.571012e+01 -4.801870e-03 2.113988e-01) (2.574447e-03 2.942408e-04 6.904917e-04)) ((-3.264530e-03 -8.564393e-01 9.427987e-03) (1.470333e-05 1.771908e-04 -3.521621e-06))
0.466667      	((-2.607044e+01 -3.539239e-03 2.025376e-01) (-3.549362e-03 2.744525e-04 7.369071e-04)) ((-3.011741e-03 -8.640148e-01 1.034744e-02) (1.523880e-05 3.234562e-05 -8.383591e-06))
0.473333      	((-2.638349e+01 -9.810404e-03 1.996137e-01) (-9.653100e-03 2.535800e-04 7.824137e-04)) ((-2.960333e-03 -8.706793e-01 1.070575e-02) (1.585111e-05 -1.120991e-04 -1.315095e-05))
0.48          	((-2.665496e+01 -4.250994e-03 1.977653e-01) (-1.573224e-02 2.317302e-04 8.301647e-04)) ((-3.438402e-03 -8.745034e-01 1.071335e-02) (1.631002e-05 -2.559619e-04 -1.704192e-05))
0.486667      	((-2.687932e+01 -8.212884e-03 1.787754e-01) (-2.177796e-02 2.110603e-04 8.772916e-04)) ((-3.330619e-03 -8.777124e-01 1.063759e-02) (1.649707e-05 -3.982670e-04 -2.057040e-05))
0.493333      	((-2.707369e+01 -6.724516e-03 1.817518e-01) (-2.778204e-02 1.887973e-04 9.274018e-04)) ((-3.429588e-03 -8.818558e-01 1.048654e-02) (1.666957e-05 -5.385917e-04 -2.361312e-05))
0.5           	((-2.727279e+01 -4.062005e-03 1.597984e-01) (-3.375023e-02 1.648536e-04 9.783946e-04)) ((-3.689032e-03 -8.861040e-01 1.084679e-02) (1.665748e-05 -6.776324e-04 -2.632154e-05))
0.506667      	((-2.752617e+01 -3.955354e-04 1.988398e-01) (-3.968963e-02 1.391566e-04 1.038631e-03)) ((-4.211947e-03 -8.746451e-01 1.155957e-02) (1.687653e-05 -8.150586e-04 -2.899159e-05))
0.513333      	((-2.725388e+01 1.347997e-03 8.052882e-02) (-4.552205e-02 1.125571e-04 1.103057e-03)) ((-4.295404e-03 -8.766418e-01 1.133961e-02) (1.689083e-05 -9.501506e-04 -3.093000e-05))
0.52          	((-2.755032e+01 -2.296966e-03 9.322008e-02) (-5.132750e-02 8.673039e-05 1.173165e-03)) ((-4.187960e-03 -8.806435e-01 1.137847e-02) (1.708701e-05 -1.083410e-03 -3.250702e-05))
0.526667      	((-2.759340e+01 -6.468377e-04 8.613693e-02) (-5.709984e-02 6.157664e-05 1.244516e-03)) ((-4.389239e-03 -8.786426e-01 1.133211e-02) (1.712534e-05 -1.214912e-03 -3.348853e-05))
0.533333      	((-2.756889e+01 1.719873e-03 5.859500e-02) (-6.283313e-02 3.482887e-05 1.318625e-03)) ((-4.701718e-03 -8.747289e-01 1.186295e-02) (1.697274e-05 -1.344433e-03 -3.454105e-05))
0.54          	((-2.748840e+01 6.456004e-04 5.039479e-02) (-6.851928e-02 7.521248e-06 1.394802e-03)) ((-4.712806e-03 -8.678552e-01 1.153889e-02) (1.689948e-05 -1.472042e-03 -3.562801e-05))
0.546667      	((-2.737646e+01 1.018969e-03 3.601137e-02) (-7.415645e-02 -2.054453e-05 1.471073e-03)) ((-4.700264e-03 -8.594769e-01 1.185588e-02) (1.640455e-05 -1.597488e-03 -3.671477e-05))
0.553333      	((-2.722747e+01 3.747901e-03 1.687839e-02) (-7.973955e-02 -5.000237e-05 1.552812e-03)) ((-4.924042e-03 -8.496259e-01 1.169357e-02) (1.625578e-05 -1.720444e-03 -3.759669e-05))
0.56          	((-2.704411e+01 4.663119e-03 -4.133805e-03) (-8.526691e-02 -8.099065e-05 1.639005e-03)) ((-4.708974e-03 -8.390070e-01 1.187144e-02) (1.593299e-05 -1.840496e-03 -3.848619e-05))
0.566667      	((-2.682130e+01 4.986488e-03 -3.063593e-02) (-9.073103e-02 -1.141386e-04 1.726211e-03)) ((-4.913345e-03 -8.270487e-01 1.173960e-02) (1.553402e-05 -1.958173e-03 -3.961891e-05))
0.573333      	((-2.655743e+01 5.865464e-03 -5.866539e-02) (-9.612789e-02 -1.470959e-04 1.813356e-03)) ((-5.029739e-03 -8.134395e-01 1.158328e-02) (1.492365e-05 -2.073207e-03 -4.154719e-05))
0.58          	((-2.624754e+01 7.693120e-03 -8.568960e-02) (-1.014431e-01 -1.792913e-04 1.899576e-03)) ((-5.081492e-03 -7.987523e-01 1.115091e-02) (1.413842e-05 -2.184981e-03 -4.308514e-05))
0.586667      	((-2.589931e+01 9.013897e-03 -1.140385e-01) (-1.066632e-01 -2.091133e-04 1.987520e-03)) ((-5.461346e-03 -7.818801e-01 1.092038e-02) (1.326355e-05 -2.293648e-03 -4.443257e-05))
0.593333      	((-2.551360e+01 8.735563e-03 -1.463910e-01) (-1.117854e-01 -2.374706e-04 2.070964e-03)) ((-5.342034e-03 -7.637287e-01 1.054585e-02) (1.237243e-05 -2.398968e-03 -4.629317e-05))
0.6           	((-2.508389e+01 1.025979e-02 -1.698615e-01) (-1.167954e-01 -2.645147e-04 2.152960e-03)) ((-5.279803e-03 -7.433428e-01 1.002522e-02) (1.189320e-05 -2.501200e-03 -4.810393e-05))
0.606667      	((-2.461297e+01 1.273387e-02 -1.981200e-01) (-1.216845e-01 -2.897907e-04 2.231656e-03)) ((-5.601449e-03 -7.214091e-01 9.578153e-03) (1.155126e-05 -2.600766e-03 -5.029803e-05))
0.613333      	((-2.409679e+01 1.340615e-02 -2.206505e-01) (-1.264376e-01 -3.128427e-04 2.303555e-03)) ((-6.008091e-03 -6.982593e-01 9.333959e-03) (1.100287e-05 -2.697152e-03 -5.316996e-05))
0.62          	((-2.353859e+01 1.360159e-02 -2.440380e-01) (-1.310445e-01 -3.366158e-04 2.371166e-03)) ((-6.092100e-03 -6.738327e-01 9.042316e-03) (1.085978e-05 -2.790728e-03 -5.599428e-05))
0.626667      	((-2.293663e+01 1.373713e-02 -2.691649e-01) (-1.354847e-01 -3.588194e-04 2.432867e-03)) ((-6.391413e-03 -6.479818e-01 8.670773e-03) (1.055944e-05 -2.880962e-03 -5.923761e-05))
0.633333      	((-2.229068e+01 1.328400e-02 -2.903322e-01) (-1.397431e-01 -3.797153e-04 2.489470e-03)) ((-6.642423e-03 -6.210072e-01 8.515052e-03) (1.047019e-05 -2.968567e-03 -6.271618e-05))
0.64          	((-2.160246e+01 1.323229e-02 -3.107733e-01) (-1.438041e-01 -3.960794e-04 2.539932e-03)) ((-6.745137e-03 -5.927943e-01 8.438264e-03) (1.052567e-05 -3.053033e-03 -6.645749e-05))
0.646667      	((-2.087008e+01 1.186923e-02 -3.281452e-01) (-1.476496e-01 -4.129460e-04 2.584133e-03)) ((-6.826138e-03 -5.637503e-01 8.124346e-03) (1.098737e-05 -3.134427e-03 -7.047508e-05))
0.653333      	((-2.009369e+01 1.139893e-02 -3.425658e-01) (-1.512736e-01 -4.269287e-04 2.624002e-03)) ((-6.833377e-03 -5.336251e-01 7.873279e-03) (1.138967e-05 -3.212508e-03 -7.559846e-05))
0.66          	((-1.927821e+01 1.033712e-02 -3.605075e-01) (-1.546556e-01 -4.395145e-04 2.659157e-03)) ((-7.101330e-03 -5.030774e-01 7.592644e-03) (1.207769e-05 -3.286478e-03 -8.073439e-05))
0.666667      	((-1.842398e+01 9.912430e-03 -3.720372e-01) (-1.577866e-01 -4.510400e-04 2.690687e-03)) ((-7.378774e-03 -4.708890e-01 7.609121e-03) (1.274547e-05 -3.356807e-03 -8.589293e-05))
0.673333      	((-1.753305e+01 8.767779e-03 -3.803209e-01) (-1.606509e-01 -4.613535e-04 2.719683e-03)) ((-7.211964e-03 -4.378332e-01 7.567796e-03) (1.314391e-05 -3.423372e-03 -9.175759e-05))
0.68          	((-1.660451e+01 7.487019e-03 -3.828803e-01) (-1.632334e-01 -4.671824e-04 2.746451e-03)) ((-7.106280e-03 -4.039644e-01 6.843595e-03) (1.307079e-05 -3.485916e-03 -9.783412e-05))
0.686667      	((-1.563829e+01 5.371873e-03 -3.809182e-01) (-1.655350e-01 -4.698985e-04 2.770988e-03)) ((-6.931968e-03 -3.696641e-01 6.415150e-03) (1.209529e-05 -3.545240e-03 -1.040124e-04))
0.693333      	((-1.464103e+01 4.062450e-03 -3.763853e-01) (-1.675360e-01 -4.717355e-04 2.792222e-03)) ((-7.004066e-03 -3.345143e-01 6.383317e-03) (1.066256e-05 -3.599753e-03 -1.096634e-04))
0.7           	((-1.361257e+01 2.160453e-03 -3.720242e-01) (-1.692298e-01 -4.714878e-04 2.812440e-03)) ((-7.249017e-03 -2.984714e-01 5.911998e-03) (8.731056e-06 -3.649493e-03 -1.154239e-04))
0.706667      	((-1.255427e+01 -2.183118e-03 -3.623436e-01) (-1.706072e-01 -4.655479e-04 2.829898e-03)) ((-7.060862e-03 -2.621077e-01 5.303509e-03) (6.111761e-06 -3.693561e-03 -1.213475e-04))
0.713333      	((-1.146817e+01 -3.033454e-03 -3.523817e-01) (-1.716511e-01 -4.581313e-04 2.844766e-03)) ((-7.121548e-03 -2.252790e-01 4.635448e-03) (3.667397e-06 -3.731985e-03 -1.268644e-04))
0.72          	((-1.035765e+01 -1.984691e-03 -3.376373e-01) (-1.723561e-01 -4.501141e-04 2.857821e-03)) ((-7.416571e-03 -1.879224e-01 4.132768e-03) (6.077165e-07 -3.764860e-03 -1.325966e-04))
0.726667      	((-9.223237e+00 -2.369306e-03 -3.223998e-01) (-1.727170e-01 -4.417918e-04 2.871088e-03)) ((-7.439396e-03 -1.502345e-01 3.417972e-03) (-2.599379e-06 -3.791444e-03 -1.373535e-04))
0.733333      	((-8.069656e+00 -4.243088e-03 -3.050546e-01) (-1.727328e-01 -4.327922e-04 2.883860e-03)) ((-7.421222e-03 -1.119904e-01 3.103596e-03) (-5.335520e-06 -3.811845e-03 -1.416324e-04))
0.74          	((-6.898872e+00 -5.105383e-03 -2.871696e-01) (-1.723988e-01 -4.206919e-04 2.894019e-03)) ((-7.187947e-03 -7.358482e-02 2.776181e-03) (-8.224272e-06 -3.825883e-03 -1.450994e-04))
0.746667      	((-5.712046e+00 -4.398714e-03 -2.707612e-01) (-1.717045e-01 -4.056480e-04 2.901986e-03)) ((-7.101881e-03 -3.502490e-02 2.473504e-03) (-1.114510e-05 -3.832265e-03 -1.485035e-04))
0.753333      	((-4.512352e+00 -4.215322e-03 -2.517349e-01) (-1.706573e-01 -3.915838e-04 2.909348e-03)) ((-7.039460e-03 3.561523e-03 1.962407e-03) (-1.357046e-05 -3.831470e-03 -1.507757e-04))
0.76          	((-3.300990e+00 -3.070950e-03 -2.354199e-01) (-1.692556e-01 -3.745820e-04 2.915663e-03)) ((-6.821649e-03 4.219436e-02 1.690082e-03) (-1.595639e-05 -3.822796e-03 -1.521052e-04))
0.766667      	((-2.081654e+00 -2.413713e-03 -2.157389e-01) (-1.674993e-01 -3.535603e-04 2.918762e-03)) ((-6.501676e-03 8.032806e-02 1.202428e-03) (-1.826244e-05 -3.805998e-03 -1.531307e-04))
0.773333      	((-8.567130e-01 -1.289030e-03 -1.950151e-01) (-1.653951e-01 -3.299993e-04 2.920783e-03)) ((-6.011703e-03 1.184964e-01 6.405982e-04) (-2.037786e-05 -3.781087e-03 -1.534779e-04))
0.78          	((3.737080e-01 6.884411e-04 -1.750710e-01) (-1.629408e-01 -3.025497e-04 2.923552e-03)) ((-5.469344e-03 1.566699e-01 4.844310e-04) (-2.258548e-05 -3.747482e-03 -1.534877e-04))
0.786667      	((1.604329e+00 1.551201e-03 -1.530184e-01) (-1.601478e-01 -2.711836e-04 2.924936e-03)) ((-5.044617e-03 1.943501e-01 3.259916e-04) (-2.453354e-05 -3.705225e-03 -1.539104e-04))
0.793333      	((2.830064e+00 1.724260e-03 -1.326162e-01) (-1.570152e-01 -2.364289e-04 2.925569e-03)) ((-4.651235e-03 2.315838e-01 -8.573310e-06) (-2.648747e-05 -3.653853e-03 -1.540278e-04))
0.8           	((4.048491e+00 1.668862e-03 -1.131385e-01) (-1.535645e-01 -2.001954e-04 2.924851e-03)) ((-4.197798e-03 2.684538e-01 -4.588296e-04) (-2.798930e-05 -3.594173e-03 -1.536498e-04))
0.806667      	((5.259626e+00 2.303826e-04 -9.627892e-02) (-1.498073e-01 -1.627939e-04 2.920257e-03)) ((-3.638121e-03 3.043165e-01 -6.749390e-04) (-2.965279e-05 -3.526413e-03 -1.528612e-04))
0.813333      	((6.456365e+00 -5.575596e-04 -8.286997e-02) (-1.457470e-01 -1.245886e-04 2.914849e-03)) ((-3.170099e-03 3.396732e-01 -8.161398e-04) (-3.095263e-05 -3.450645e-03 -1.519295e-04))
0.82          	((7.640548e+00 -1.856693e-03 -7.048029e-02) (-1.413959e-01 -8.533497e-05 2.908898e-03)) ((-2.543055e-03 3.746788e-01 -1.075554e-03) (-3.206465e-05 -3.366475e-03 -1.506811e-04))
0.826667      	((8.810929e+00 -7.409052e-04 -5.471287e-02) (-1.367678e-01 -4.828922e-05 2.902135e-03)) ((-1.702127e-03 4.088481e-01 -1.144328e-03) (-3.256835e-05 -3.274084e-03 -1.488859e-04))
0.833333      	((9.962965e+00 -7.960742e-04 -4.101188e-02) (-1.318793e-01 -1.144109e-05 2.892742e-03)) ((-8.724566e-04 4.422114e-01 -1.274854e-03) (-3.277233e-05 -3.173856e-03 -1.471452e-04))
0.84          	((1.109341e+01 -2.183479e-03 -2.643134e-02) (-1.267397e-01 2.435164e-05 2.882414e-03)) ((-3.035013e-04 4.749191e-01 -1.628835e-03) (-3.297117e-05 -3.065795e-03 -1.446903e-04))
0.846667      	((1.220582e+01 -3.873213e-03 -1.701019e-02) (-1.213681e-01 6.110325e-05 2.869254e-03)) ((2.572914e-04 5.067553e-01 -1.871834e-03) (-3.314150e-05 -2.950968e-03 -1.418308e-04))
0.853333      	((1.329097e+01 -5.080757e-03 -4.486879e-03) (-1.157777e-01 9.608337e-05 2.854377e-03)) ((8.201820e-04 5.374017e-01 -2.216429e-03) (-3.328385e-05 -2.828758e-03 -1.386358e-04))
0.86          	((1.434954e+01 -5.586082e-03 5.830998e-03) (-1.099826e-01 1.327591e-04 2.838111e-03)) ((1.631114e-03 5.670967e-01 -2.215481e-03) (-3.340546e-05 -2.700081e-03 -1.354632e-04))
0.866667      	((1.537698e+01 -5.853490e-03 1.193542e-02) (-1.039996e-01 1.691762e-04 2.821794e-03)) ((2.179403e-03 5.957850e-01 -2.592173e-03) (-3.364595e-05 -2.564923e-03 -1.320816e-04))
0.873333      	((1.636965e+01 -6.868959e-03 1.911468e-02) (-9.784461e-02 2.033398e-04 2.805404e-03)) ((2.841145e-03 6.235216e-01 -3.174371e-03) (-3.402192e-05 -2.423820e-03 -1.287465e-04))
0.88          	((1.732804e+01 -6.479593e-03 2.477686e-02) (-9.153836e-02 2.332797e-04 2.789552e-03)) ((3.310459e-03 6.492718e-01 -3.716096e-03) (-3.441480e-05 -2.277627e-03 -1.246360e-04))
0.886667      	((1.825354e+01 -4.045016e-03 3.001632e-02) (-8.509767e-02 2.602410e-04 2.773148e-03)) ((3.731890e-03 6.745070e-01 -3.987355e-03) (-3.469361e-05 -2.126893e-03 -1.202295e-04))
0.893333      	((1.913901e+01 -3.736452e-03 3.428450e-02) (-7.853913e-02 2.860305e-04 2.754796e-03)) ((3.849422e-03 6.983731e-01 -4.265840e-03) (-3.494091e-05 -1.971654e-03 -1.152068e-04))
0.9           	((1.998220e+01 -3.103552e-03 3.675186e-02) (-7.188147e-02 3.114691e-04 2.733718e-03)) ((3.849472e-03 7.211150e-01 -4.726359e-03) (-3.500930e-05 -1.813033e-03 -1.099616e-04))
0.906667      	((2.078354e+01 -3.714551e-03 4.101318e-02) (-6.514056e-02 3.359570e-04 2.711871e-03)) ((3.956545e-03 7.424416e-01 -5.276801e-03) (-3.506090e-05 -1.651628e-03 -1.044655e-04))
0.913333      	((2.153961e+01 -3.089355e-03 4.214832e-02) (-5.833290e-02 3.602686e-04 2.687512e-03)) ((4.274919e-03 7.623353e-01 -5.541188e-03) (-3.488962e-05 -1.487660e-03 -9.884208e-05))
0.92          	((2.224812e+01 -4.557764e-03 4.111069e-02) (-5.147209e-02 3.833344e-04 2.661986e-03)) ((4.628612e-03 7.801222e-01 -5.980853e-03) (-3.438158e-05 -1.321951e-03 -9.318045e-05))
0.926667      	((2.291318e+01 -8.741824e-04 4.019234e-02) (-4.457510e-02 4.052202e-04 2.636982e-03)) ((4.267415e-03 7.966966e-01 -7.022525e-03) (-3.389130e-05 -1.154734e-03 -8.740114e-05))
0.933333      	((2.353297e+01 -2.832633e-03 3.936424e-02) (-3.765581e-02 4.294085e-04 2.613293e-03)) ((4.767728e-03 8.120535e-01 -7.759275e-03) (-3.368471e-05 -9.864210e-04 -8.133270e-05))
0.94          	((2.409913e+01 -3.495513e-03 2.843656e-02) (-3.072743e-02 4.531189e-04 2.591285e-03)) ((5.012686e-03 8.256836e-01 -8.522399e-03) (-3.378086e-05 -8.174960e-04 -7.506190e-05))
0.946667      	((2.461392e+01 -2.274185e-03 2.086763e-02) (-2.380273e-02 4.764108e-04 2.570227e-03)) ((5.045562e-03 8.383753e-01 -9.268252e-03) (-3.389239e-05 -6.486210e-04 -6.802633e-05))
0.953333      	((2.507970e+01 -9.609673e-04 1.752908e-02) (-1.689233e-02 4.990177e-04 2.552033e-03)) ((5.054129e-03 8.488507e-01 -9.774599e-03) (-3.368798e-05 -4.804573e-04 -6.048120e-05))
0.96          	((2.550428e+01 8.300485e-04 1.520672e-02) (-1.000795e-02 5.213002e-04 2.536580e-03)) ((4.261380e-03 8.581974e-01 -1.010529e-02) (-3.347292e-05 -3.132220e-04 -5.291784e-05))
0.966667      	((2.588118e+01 4.817579e-03 7.643520e-03) (-3.157118e-03 5.442220e-04 2.523659e-03)) ((4.377538e-03 8.666437e-01 -1.070311e-02) (-3.353399e-05 -1.475069e-04 -4.570309e-05))
0.973333      	((2.621091e+01 4.430700e-03 -3.097398e-03) (3.654490e-03 5.693834e-04 2.514239e-03)) ((4.650299e-03 8.736740e-01 -1.054248e-02) (-3.420156e-05 1.598780e-05 -3.905151e-05))
0.98          	((2.648994e+01 9.737060e-03 -1.625266e-02) (1.041544e-02 5.901969e-04 2.510406e-03)) ((4.163808e-03 8.794560e-01 -1.091846e-02) (-3.441602e-05 1.777977e-04 -3.312195e-05))
0.986667      	((2.672103e+01 7.674579e-03 -3.048563e-02) (1.711931e-02 6.083625e-04 2.511455e-03)) ((4.487723e-03 8.824797e-01 -1.230160e-02) (-3.421929e-05 3.370687e-04 -2.769682e-05))
0.993333      	((2.691742e+01 1.827395e-02 -4.936459e-02) (2.376714e-02 6.289243e-04 2.515516e-03)) ((4.106655e-03 8.855262e-01 -1.250294e-02) (-3.371889e-05 4.935401e-04 -2.245648e-05))
1             	((2.709926e+01 2.195447e-02 -8.679578e-02) (3.035221e-02 6.526673e-04 2.523017e-03)) ((3.472466e-03 8.892555e-01 -1.323296e-02) (-3.300602e-05 6.476319e-04 -1.788127e-05))
1.006667      	((2.731980e+01 2.096952e-02 -8.132252e-03) (3.688565e-02 6.721896e-04 2.538647e-03)) ((3.450313e-03 8.782088e-01 -1.283471e-02) (-3.243303e-05 7.992415e-04 -1.337168e-05))
1.013333      	((2.714299e+01 2.336658e-02 -1.670683e-01) (4.329390e-02 6.919379e-04 2.554890e-03)) ((2.638146e-03 8.860916e-01 -1.420904e-02) (-3.159725e-05 9.483147e-04 -8.807637e-06))
1.02          	((2.736472e+01 1.964235e-02 -1.437458e-01) (4.963796e-02 7.128617e-04 2.581370e-03)) ((4.283147e-03 8.868076e-01 -1.404007e-02) (-3.055649e-05 1.094596e-03 -4.080464e-06))
1.026667      	((2.738613e+01 2.376860e-02 -1.651334e-01) (5.590985e-02 7.341548e-04 2.612377e-03)) ((3.420962e-03 8.839166e-01 -1.403349e-02) (-2.952415e-05 1.237772e-03 5.174589e-07))
1.033333      	((2.734639e+01 2.725046e-02 -1.784547e-01) (6.211207e-02 7.519161e-04 2.643883e-03)) ((3.597301e-03 8.790614e-01 -1.473507e-02) (-2.830397e-05 1.377935e-03 4.563626e-06))
1.04          	((2.725994e+01 3.086724e-02 -2.014015e-01) (6.823695e-02 7.671518e-04 2.675896e-03)) ((3.353944e-03 8.729223e-01 -1.442004e-02) (-2.718658e-05 1.515420e-03 8.776907e-06))
1.046667      	((2.713952e+01 2.670513e-02 -2.276420e-01) (7.428459e-02 7.824278e-04 2.711665e-03)) ((3.327883e-03 8.656333e-01 -1.435288e-02) (-2.627033e-05 1.650268e-03 1.303469e-05))
1.053333      	((2.698749e+01 2.567575e-02 -2.581090e-01) (8.025091e-02 7.976575e-04 2.750648e-03)) ((3.635800e-03 8.561863e-01 -1.430825e-02) (-2.522315e-05 1.782164e-03 1.653054e-05))
1.06          	((2.679253e+01 2.418909e-02 -2.896203e-01) (8.613046e-02 8.126960e-04 2.793878e-03)) ((3.806835e-03 8.453548e-01 -1.424423e-02) (-2.433316e-05 1.911217e-03 1.972017e-05))
1.066667      	((2.655913e+01 2.439435e-02 -3.136926e-01) (9.191796e-02 8.237336e-04 2.843389e-03)) ((3.715045e-03 8.337725e-01 -1.392379e-02) (-2.300181e-05 2.037200e-03 2.283720e-05))
1.073333      	((2.628797e+01 2.278210e-02 -3.398066e-01) (9.760527e-02 8.377475e-04 2.897560e-03)) ((3.723511e-03 8.210087e-01 -1.383721e-02) (-2.168211e-05 2.159875e-03 2.547511e-05))
1.08          	((2.597865e+01 1.993637e-02 -3.694216e-01) (1.031880e-01 8.541956e-04 2.957064e-03)) ((4.191828e-03 8.063507e-01 -1.360503e-02) (-2.035347e-05 2.279720e-03 2.766085e-05))
1.086667      	((2.563107e+01 1.567157e-02 -3.969005e-01) (1.086570e-01 8.700941e-04 3.020520e-03)) ((4.428922e-03 7.895433e-01 -1.338418e-02) (-1.862431e-05 2.396357e-03 2.990096e-05))
1.093333      	((2.523765e+01 1.135514e-02 -4.240801e-01) (1.140002e-01 8.857495e-04 3.087111e-03)) ((4.510900e-03 7.707249e-01 -1.318818e-02) (-1.636364e-05 2.508726e-03 3.206237e-05))
1.1           	((2.480311e+01 6.106522e-03 -4.482611e-01) (1.192151e-01 9.041973e-04 3.158887e-03)) ((4.913998e-03 7.504953e-01 -1.265232e-02) (-1.431511e-05 2.617166e-03 3.437412e-05))
1.106667      	((2.432798e+01 2.479040e-04 -4.693279e-01) (1.242896e-01 9.218681e-04 3.234038e-03)) ((5.383383e-03 7.282606e-01 -1.251095e-02) (-1.227412e-05 2.721813e-03 3.716743e-05))
1.113333      	((2.381026e+01 -5.113361e-03 -4.884296e-01) (1.292116e-01 9.433373e-04 3.308549e-03)) ((5.719264e-03 7.045941e-01 -1.246924e-02) (-1.003249e-05 2.822683e-03 3.953613e-05))
1.12          	((2.325229e+01 -7.841091e-03 -5.049702e-01) (1.339642e-01 9.668331e-04 3.384875e-03)) ((5.795210e-03 6.793866e-01 -1.240635e-02) (-8.417483e-06 2.920033e-03 4.244164e-05))
1.126667      	((2.265096e+01 -1.049622e-02 -5.192509e-01) (1.385331e-01 9.893562e-04 3.454669e-03)) ((6.039624e-03 6.533665e-01 -1.251345e-02) (-6.448550e-06 3.013146e-03 4.511382e-05))
1.133333      	((2.200944e+01 -1.204581e-02 -5.348594e-01) (1.429065e-01 1.014285e-03 3.521726e-03)) ((6.177190e-03 6.259374e-01 -1.279268e-02) (-5.013922e-06 3.102160e-03 4.843492e-05))
1.14          	((2.132698e+01 -1.451917e-02 -5.452372e-01) (1.470714e-01 1.040159e-03 3.583609e-03)) ((6.154389e-03 5.972851e-01 -1.289572e-02) (-4.053541e-06 3.186303e-03 5.281845e-05))
1.146667      	((2.060278e+01 -1.604571e-02 -5.536322e-01) (1.510101e-01 1.067850e-03 3.643121e-03)) ((5.992374e-03 5.673418e-01 -1.275759e-02) (-3.100566e-06 3.265698e-03 5.778251e-05))
1.153333      	((1.983672e+01 -1.796194e-02 -5.604870e-01) (1.547080e-01 1.094321e-03 3.697971e-03)) ((6.075718e-03 5.363420e-01 -1.254461e-02) (-2.208457e-06 3.340788e-03 6.380974e-05))
1.16          	((1.903108e+01 -2.101932e-02 -5.653318e-01) (1.581441e-01 1.119653e-03 3.747922e-03)) ((6.434864e-03 5.042481e-01 -1.249715e-02) (-1.213991e-06 3.410803e-03 7.003037e-05))
1.166667      	((1.818589e+01 -2.618075e-02 -5.704711e-01) (1.613069e-01 1.142655e-03 3.789808e-03)) ((6.771732e-03 4.715805e-01 -1.234577e-02) (-5.611886e-07 3.475819e-03 7.723503e-05))
1.173333      	((1.730123e+01 -2.594246e-02 -5.754178e-01) (1.641797e-01 1.160584e-03 3.824335e-03)) ((6.409965e-03 4.374995e-01 -1.223880e-02) (6.187191e-07 3.535632e-03 8.436016e-05))
1.18          	((1.637801e+01 -2.546546e-02 -5.752401e-01) (1.667597e-01 1.172869e-03 3.850858e-03)) ((6.610791e-03 4.030717e-01 -1.194034e-02) (1.599120e-06 3.590390e-03 9.115886e-05))
1.186667      	((1.541875e+01 -2.461163e-02 -5.710769e-01) (1.690314e-01 1.182256e-03 3.871253e-03)) ((6.734838e-03 3.675308e-01 -1.175440e-02) (2.658980e-06 3.639662e-03 9.835415e-05))
1.193333      	((1.442787e+01 -2.621561e-02 -5.645726e-01) (1.709778e-01 1.190670e-03 3.887222e-03)) ((6.360642e-03 3.313977e-01 -1.116235e-02) (3.857159e-06 3.683291e-03 1.052861e-04))
1.2           	((1.340522e+01 -2.736558e-02 -5.537008e-01) (1.725976e-01 1.195271e-03 3.901402e-03)) ((6.276533e-03 2.942088e-01 -1.102609e-02) (4.818501e-06 3.721360e-03 1.124385e-04))
1.206667      	((1.235309e+01 -2.577003e-02 -5.386627e-01) (1.738772e-01 1.192521e-03 3.909765e-03)) ((5.758892e-03 2.571161e-01 -1.059793e-02) (5.787382e-06 3.753542e-03 1.195177e-04))
1.213333      	((1.127469e+01 -2.408898e-02 -5.227307e-01) (1.748108e-01 1.188158e-03 3.914983e-03)) ((5.313705e-03 2.193118e-01 -1.006094e-02) (7.018676e-06 3.779774e-03 1.255603e-04))
1.22          	((1.017032e+01 -2.201126e-02 -5.049651e-01) (1.753943e-01 1.176393e-03 3.913958e-03)) ((5.068611e-03 1.812038e-01 -9.889812e-03) (8.242871e-06 3.799209e-03 1.312453e-04))
1.226667      	((9.044294e+00 -2.091777e-02 -4.819705e-01) (1.756165e-01 1.160002e-03 3.908420e-03)) ((5.063574e-03 1.425641e-01 -8.803418e-03) (9.266624e-06 3.811696e-03 1.356946e-04))
1.233333      	((7.896473e+00 -2.134893e-02 -4.586936e-01) (1.754742e-01 1.143186e-03 3.902028e-03)) ((4.731464e-03 1.037404e-01 -7.960259e-03) (1.026134e-05 3.817450e-03 1.393134e-04))
1.24          	((6.730094e+00 -2.079532e-02 -4.342715e-01) (1.749621e-01 1.124435e-03 3.895864e-03)) ((4.583422e-03 6.487206e-02 -7.193258e-03) (1.128954e-05 3.815747e-03 1.429513e-04))
1.246667      	((5.545672e+00 -2.134683e-02 -4.082967e-01) (1.740846e-01 1.104665e-03 3.885323e-03)) ((4.539067e-03 2.582062e-02 -6.264138e-03) (1.246624e-05 3.806597e-03 1.457631e-04))
1.253333      	((4.349136e+00 -1.922700e-02 -3.811307e-01) (1.728400e-01 1.083180e-03 3.874510e-03)) ((4.100030e-03 -1.293070e-02 -5.518501e-03) (1.360494e-05 3.790190e-03 1.479330e-04))
1.26          	((3.142949e+00 -1.910898e-02 -3.542818e-01) (1.712272e-01 1.060607e-03 3.863422e-03)) ((3.769073e-03 -5.191565e-02 -4.549096e-03) (1.501657e-05 3.766139e-03 1.499279e-04))
1.266667      	((1.927772e+00 -1.857291e-02 -3.245734e-01) (1.692529e-01 1.038556e-03 3.848437e-03)) ((3.137536e-03 -9.076397e-02 -3.857270e-03) (1.644475e-05 3.734465e-03 1.509417e-04))
1.273333      	((7.060412e-01 -1.675410e-02 -2.971871e-01) (1.669217e-01 1.016722e-03 3.830277e-03)) ((2.857154e-03 -1.293724e-01 -2.860777e-03) (1.787316e-05 3.695040e-03 1.509105e-04))
1.28          	((-5.228583e-01 -1.528105e-02 -2.654981e-01) (1.642373e-01 9.946229e-04 3.809779e-03)) ((2.435153e-03 -1.677644e-01 -1.884180e-03) (1.950714e-05 3.647333e-03 1.501952e-04))
1.286667      	((-1.752470e+00 -1.279358e-02 -2.378524e-01) (1.612069e-01 9.718373e-04 3.786648e-03)) ((2.067450e-03 -2.053529e-01 -1.047418e-03) (2.116831e-05 3.591622e-03 1.488269e-04))
1.293333      	((-2.976221e+00 -1.307983e-02 -2.109154e-01) (1.578384e-01 9.504446e-04 3.759633e-03)) ((1.874834e-03 -2.423068e-01 -1.284393e-04) (2.271942e-05 3.527746e-03 1.467737e-04))
1.3           	((-4.193060e+00 -1.278008e-02 -1.831238e-01) (1.541387e-01 9.313656e-04 3.730906e-03)) ((1.632401e-03 -2.789289e-01 7.022384e-04) (2.430906e-05 3.455879e-03 1.442756e-04))
1.306667      	((-5.399483e+00 -1.014281e-02 -1.591231e-01) (1.501197e-01 9.128653e-04 3.702269e-03)) ((1.152398e-03 -3.145051e-01 1.602278e-03) (2.596517e-05 3.376478e-03 1.414551e-04))
1.313333      	((-6.594448e+00 -7.971910e-03 -1.312574e-01) (1.457952e-01 8.973017e-04 3.673887e-03)) ((1.127495e-03 -3.498547e-01 2.286481e-03) (2.763380e-05 3.289246e-03 1.383222e-04))
1.32          	((-7.778372e+00 -6.658325e-03 -1.067106e-01) (1.411788e-01 8.829837e-04 3.645977e-03)) ((8.632264e-04 -3.844431e-01 3.111708e-03) (2.923550e-05 3.194451e-03 1.341166e-04))
1.326667      	((-8.945430e+00 -5.679566e-03 -8.278358e-02) (1.362811e-01 8.698659e-04 3.621107e-03)) ((5.614912e-04 -4.183176e-01 3.794161e-03) (3.084303e-05 3.092044e-03 1.295294e-04))
1.333333      	((-1.009821e+01 -6.233607e-03 -5.735968e-02) (1.311208e-01 8.587689e-04 3.596412e-03)) ((3.310645e-04 -4.515735e-01 4.164254e-03) (3.283900e-05 2.982222e-03 1.245619e-04))
1.34          	((-1.123056e+01 -4.981559e-03 -3.071687e-02) (1.257121e-01 8.499398e-04 3.573819e-03)) ((1.192411e-04 -4.840639e-01 4.741324e-03) (3.470560e-05 2.864855e-03 1.192172e-04))
1.346667      	((-1.234117e+01 -3.736334e-03 -5.972213e-03) (1.200707e-01 8.423947e-04 3.552211e-03)) ((2.579999e-05 -5.154935e-01 5.346347e-03) (3.664703e-05 2.740943e-03 1.139049e-04))
1.353333      	((-1.342595e+01 -3.053389e-03 1.739278e-02) (1.142102e-01 8.358137e-04 3.532233e-03)) ((-1.774267e-04 -5.458085e-01 5.770481e-03) (3.831173e-05 2.610257e-03 1.083761e-04))
1.36          	((-1.448129e+01 -2.720453e-03 3.859868e-02) (1.081503e-01 8.274120e-04 3.513485e-03)) ((-2.790294e-04 -5.755449e-01 5.875130e-03) (3.986506e-05 2.473418e-03 1.030499e-04))
1.366667      	((-1.550758e+01 -4.500180e-03 5.891505e-02) (1.019083e-01 8.183566e-04 3.498317e-03)) ((-3.219133e-04 -6.041979e-01 6.343083e-03) (4.122786e-05 2.330853e-03 9.799012e-05))
1.373333      	((-1.650113e+01 -6.828838e-03 8.111264e-02) (9.549834e-02 8.077058e-04 3.484807e-03)) ((-2.686308e-04 -6.313548e-01 6.684194e-03) (4.225127e-05 2.183042e-03 9.327705e-05))
1.38          	((-1.746038e+01 -6.871423e-03 1.018682e-01) (8.894074e-02 7.976888e-04 3.473749e-03)) ((-4.966830e-04 -6.575115e-01 6.726230e-03) (4.302006e-05 2.030441e-03 8.869235e-05))
1.386667      	((-1.838297e+01 -3.652267e-03 1.191115e-01) (8.225491e-02 7.882830e-04 3.461769e-03)) ((-7.503000e-04 -6.824487e-01 7.456682e-03) (4.338177e-05 1.873917e-03 8.491799e-05))
1.393333      	((-1.926834e+01 -4.611722e-03 1.409782e-01) (7.545765e-02 7.772014e-04 3.449400e-03)) ((-8.659392e-04 -7.062945e-01 7.847016e-03) (4.387537e-05 1.713682e-03 8.096805e-05))
1.4           	((-2.011241e+01 -5.484244e-03 1.619496e-01) (6.856536e-02 7.635461e-04 3.437136e-03)) ((-1.056672e-03 -7.285360e-01 8.804033e-03) (4.426949e-05 1.550292e-03 7.722509e-05))
1.406667      	((-2.090774e+01 -3.763804e-03 1.758457e-01) (6.159619e-02 7.486359e-04 3.426283e-03)) ((-1.153773e-03 -7.490559e-01 8.887979e-03) (4.415889e-05 1.383917e-03 7.357550e-05))
1.413333      	((-2.166169e+01 -4.689286e-03 1.907803e-01) (5.456470e-02 7.312886e-04 3.417529e-03)) ((-9.337217e-04 -7.684417e-01 8.907215e-03) (4.387813e-05 1.215107e-03 7.013001e-05))
1.42          	((-2.236771e+01 -7.528307e-03 2.038908e-01) (4.748801e-02 7.122347e-04 3.411394e-03)) ((-6.740486e-04 -7.869319e-01 9.367578e-03) (4.364442e-05 1.044596e-03 6.713995e-05))
1.426667      	((-2.303345e+01 -1.217783e-02 2.174506e-01) (4.038223e-02 6.919188e-04 3.405383e-03)) ((-1.296098e-04 -8.042708e-01 9.514159e-03) (4.312468e-05 8.726040e-04 6.416955e-05))
1.433333      	((-2.364423e+01 -1.481623e-02 2.327285e-01) (3.326381e-02 6.704818e-04 3.400717e-03)) ((9.872248e-05 -8.195382e-01 9.873228e-03) (4.260291e-05 7.002575e-04 6.194838e-05))
1.44          	((-2.421345e+01 -1.546857e-02 2.394823e-01) (2.614039e-02 6.528355e-04 3.400715e-03)) ((2.311041e-04 -8.329187e-01 9.942638e-03) (4.207212e-05 5.276592e-04 5.997663e-05))
1.446667      	((-2.473435e+01 -1.638062e-02 2.461607e-01) (1.902502e-02 6.359380e-04 3.404358e-03)) ((2.491247e-04 -8.457470e-01 9.660359e-03) (4.124662e-05 3.549620e-04 5.846910e-05))
1.453333      	((-2.520317e+01 -1.273751e-02 2.551538e-01) (1.192781e-02 6.180023e-04 3.412930e-03)) ((-1.788097e-04 -8.573977e-01 9.468814e-03) (4.034888e-05 1.828672e-04 5.742689e-05))
1.46          	((-2.562508e+01 -1.135456e-02 2.684864e-01) (4.860453e-03 6.006043e-04 3.426216e-03)) ((-8.064676e-04 -8.665946e-01 1.129683e-02) (3.953013e-05 1.204237e-05 5.720584e-05))
1.466667      	((-2.599530e+01 -1.508416e-02 2.705161e-01) (-2.168405e-03 5.851096e-04 3.441475e-03)) ((-3.997092e-04 -8.737582e-01 1.082346e-02) (3.862852e-05 -1.581929e-04 5.783198e-05))
1.473333      	((-2.631965e+01 -1.201824e-02 2.700743e-01) (-9.148678e-03 5.682769e-04 3.467058e-03)) ((1.053314e-04 -8.797320e-01 1.190497e-02) (3.767879e-05 -3.272595e-04 5.801135e-05))
1.48          	((-2.659596e+01 -1.476679e-02 2.652192e-01) (-1.607754e-02 5.472560e-04 3.501494e-03)) ((-9.720474e-05 -8.840108e-01 1.243981e-02) (3.714208e-05 -4.947825e-04 5.809726e-05))
1.486667      	((-2.683338e+01 -1.712773e-02 2.665456e-01) (-2.294708e-02 5.279119e-04 3.539365e-03)) ((-1.010293e-04 -8.864022e-01 1.277023e-02) (3.638676e-05 -6.600908e-04 5.869924e-05))
1.493333      	((-2.703170e+01 -1.675991e-02 2.780041e-01) (-2.975267e-02 5.079610e-04 3.578990e-03)) ((3.308104e-04 -8.889475e-01 1.273536e-02) (3.561156e-05 -8.227663e-04 5.970401e-05))
1.5           	((-2.722203e+01 -2.246899e-02 2.601491e-01) (-3.649500e-02 4.869009e-04 3.624629e-03)) ((1.567276e-04 -8.923918e-01 1.282427e-02) (3.469327e-05 -9.834865e-04 6.171316e-05))
1.506667      	((-2.746642e+01 -1.850456e-02 3.609195e-01) (-4.318302e-02 4.619883e-04 3.682404e-03)) ((-2.690584e-04 -8.832451e-01 1.357431e-02) (3.358122e-05 -1.140931e-03 6.399513e-05))
1.513333      	((-2.722447e+01 -1.773300e-02 1.333603e-01) (-4.973594e-02 4.352536e-04 3.744112e-03)) ((-3.041435e-04 -8.851900e-01 1.358501e-02) (3.223513e-05 -1.295407e-03 6.653782e-05))
1.52          	((-2.750516e+01 -1.322661e-02 2.245620e-01) (-5.623313e-02 4.073473e-04 3.816902e-03)) ((-8.227620e-04 -8.883438e-01 1.439618e-02) (3.151770e-05 -1.447469e-03 6.958690e-05))
1.526667      	((-2.753966e+01 -1.599532e-02 2.245466e-01) (-6.266250e-02 3.806415e-04 3.898707e-03)) ((-5.483913e-04 -8.845836e-01 1.389668e-02) (3.106974e-05 -1.596373e-03 7.227959e-05))
1.533333      	((-2.751263e+01 -1.256352e-02 2.083277e-01) (-6.902051e-02 3.538085e-04 3.981751e-03)) ((-9.031698e-04 -8.793067e-01 1.438812e-02) (3.045146e-05 -1.741874e-03 7.579287e-05))
1.54          	((-2.743829e+01 -9.685976e-03 1.921553e-01) (-7.530642e-02 3.278604e-04 4.066703e-03)) ((-1.458385e-03 -8.719588e-01 1.464772e-02) (2.963157e-05 -1.884409e-03 7.956103e-05))
1.546667      	((-2.732295e+01 -1.296477e-02 1.808237e-01) (-8.151432e-02 3.041591e-04 4.155134e-03)) ((-1.746028e-03 -8.636420e-01 1.440263e-02) (2.871259e-05 -2.023989e-03 8.348490e-05))
1.553333      	((-2.717240e+01 -1.195718e-02 1.651496e-01) (-8.763842e-02 2.773780e-04 4.247227e-03)) ((-1.669893e-03 -8.532166e-01 1.394454e-02) (2.741346e-05 -2.160617e-03 8.681858e-05))
1.56          	((-2.698291e+01 -9.227645e-03 1.504275e-01) (-9.367629e-02 2.485166e-04 4.344750e-03)) ((-2.084812e-03 -8.415949e-01 1.373505e-02) (2.602842e-05 -2.293505e-03 8.933281e-05))
1.566667      	((-2.675267e+01 -6.548606e-03 1.352509e-01) (-9.962779e-02 2.189795e-04 4.447453e-03)) ((-2.188766e-03 -8.289161e-01 1.351004e-02) (2.504383e-05 -2.422909e-03 9.135982e-05))
1.573333      	((-2.648368e+01 -5.860316e-03 1.156040e-01) (-1.054780e-01 1.889558e-04 4.548239e-03)) ((-2.493389e-03 -8.147477e-01 1.308794e-02) (2.433580e-05 -2.547832e-03 9.305908e-05))
1.58          	((-2.617148e+01 -3.914016e-03 9.696800e-02) (-1.112180e-01 1.591914e-04 4.647837e-03)) ((-2.979771e-03 -7.987703e-01 1.242166e-02) (2.366826e-05 -2.668633e-03 9.449733e-05))
1.586667      	((-2.582068e+01 -1.765441e-03 7.739903e-02) (-1.168431e-01 1.301769e-04 4.743007e-03)) ((-3.682363e-03 -7.809882e-01 1.205786e-02) (2.241467e-05 -2.785665e-03 9.526094e-05))
1.593333      	((-2.542676e+01 1.042105e-03 6.028134e-02) (-1.223395e-01 1.042840e-04 4.832566e-03)) ((-4.153383e-03 -7.613827e-01 1.169918e-02) (2.079916e-05 -2.898736e-03 9.484485e-05))
1.6           	((-2.499248e+01 4.492164e-03 4.233002e-02) (-1.276964e-01 7.984697e-05 4.918682e-03)) ((-4.832244e-03 -7.404314e-01 1.106288e-02) (1.910907e-05 -3.007863e-03 9.365733e-05))
1.606667      	((-2.451647e+01 5.485571e-03 1.941805e-02) (-1.329036e-01 5.710885e-05 5.001818e-03)) ((-5.185615e-03 -7.178968e-01 1.082336e-02) (1.779767e-05 -3.112617e-03 9.190100e-05))
1.613333      	((-2.399683e+01 6.609001e-03 4.194002e-04) (-1.379487e-01 3.534902e-05 5.080123e-03)) ((-5.348672e-03 -6.938490e-01 1.046515e-02) (1.629951e-05 -3.213241e-03 8.918532e-05))
1.62          	((-2.343668e+01 9.245942e-03 -1.766966e-02) (-1.428198e-01 1.409601e-05 5.154651e-03)) ((-5.904648e-03 -6.683535e-01 1.013529e-02) (1.467251e-05 -3.310488e-03 8.580179e-05))
1.626667      	((-2.283207e+01 1.212412e-02 -3.344708e-02) (-1.474945e-01 -6.719937e-06 5.221855e-03)) ((-6.572766e-03 -6.415690e-01 9.487222e-03) (1.338991e-05 -3.403211e-03 8.154282e-05))
1.633333      	((-2.218396e+01 1.249452e-02 -4.970902e-02) (-1.519566e-01 -2.721666e-05 5.283236e-03)) ((-7.229627e-03 -6.133186e-01 9.118206e-03) (1.281656e-05 -3.492299e-03 7.617710e-05))
1.64          	((-2.149130e+01 1.191452e-02 -6.809482e-02) (-1.561886e-01 -5.072643e-05 5.338835e-03)) ((-7.455138e-03 -5.844362e-01 8.881025e-03) (1.257571e-05 -3.577415e-03 6.948911e-05))
1.646667      	((-2.075852e+01 1.155863e-02 -8.554935e-02) (-1.601776e-01 -7.355735e-05 5.385930e-03)) ((-7.466166e-03 -5.542503e-01 8.387226e-03) (1.234093e-05 -3.657910e-03 6.212540e-05))
1.653333      	((-1.998353e+01 1.140493e-02 -9.489059e-02) (-1.639063e-01 -9.410532e-05 5.422798e-03)) ((-7.794619e-03 -5.236378e-01 8.255697e-03) (1.219823e-05 -3.733920e-03 5.435206e-05))
1.66          	((-1.916711e+01 1.059340e-02 -1.068263e-01) (-1.673591e-01 -1.129386e-04 5.454599e-03)) ((-8.147422e-03 -4.919032e-01 8.068020e-03) (1.169954e-05 -3.805106e-03 4.524550e-05))
1.666667      	((-1.831292e+01 1.130773e-02 -1.176920e-01) (-1.705184e-01 -1.297888e-04 5.482004e-03)) ((-8.450122e-03 -4.590402e-01 7.969074e-03) (1.111379e-05 -3.870932e-03 3.580672e-05))
1.673333      	((-1.742343e+01 9.360998e-03 -1.253970e-01) (-1.733800e-01 -1.438208e-04 5.508233e-03)) ((-8.856374e-03 -4.250813e-01 7.691915e-03) (1.027576e-05 -3.931706e-03 2.622122e-05))
1.68          	((-1.649551e+01 9.556567e-03 -1.312811e-01) (-1.759292e-01 -1.583301e-04 5.531404e-03)) ((-9.127118e-03 -3.905739e-01 7.395233e-03) (9.149815e-06 -3.987376e-03 1.486812e-05))
1.686667      	((-1.553128e+01 1.002765e-02 -1.348333e-01) (-1.781539e-01 -1.716219e-04 5.557168e-03)) ((-9.169264e-03 -3.555340e-01 6.920396e-03) (7.684564e-06 -4.037793e-03 3.417561e-06))
1.693333      	((-1.453380e+01 1.066521e-02 -1.354023e-01) (-1.800491e-01 -1.826091e-04 5.583031e-03)) ((-9.048122e-03 -3.196252e-01 6.401356e-03) (5.646670e-06 -4.082676e-03 -7.778511e-06))
1.7           	((-1.350499e+01 9.895471e-03 -1.290464e-01) (-1.816024e-01 -1.894420e-04 5.608582e-03)) ((-8.992146e-03 -2.830360e-01 5.571480e-03) (3.562386e-06 -4.121873e-03 -1.905408e-05))
1.706667      	((-1.244773e+01 9.219628e-03 -1.226519e-01) (-1.828096e-01 -1.925865e-04 5.633911e-03)) ((-8.760526e-03 -2.457866e-01 4.864914e-03) (1.591567e-06 -4.155064e-03 -2.985799e-05))
1.713333      	((-1.136692e+01 1.192296e-02 -1.174162e-01) (-1.836583e-01 -1.963656e-04 5.656470e-03)) ((-8.642164e-03 -2.084337e-01 4.365118e-03) (-8.351844e-07 -4.180955e-03 -4.069626e-05))
1.72          	((-1.025902e+01 1.379293e-02 -1.097076e-01) (-1.841504e-01 -1.963417e-04 5.677020e-03)) ((-8.773079e-03 -1.706922e-01 3.782342e-03) (-3.381241e-06 -4.200201e-03 -5.158011e-05))
1.726667      	((-9.128267e+00 1.631732e-02 -9.816631e-02) (-1.842786e-01 -1.952086e-04 5.695215e-03)) ((-8.573164e-03 -1.324374e-01 2.933088e-03) (-6.107784e-06 -4.212221e-03 -6.220722e-05))
1.733333      	((-7.976484e+00 1.939003e-02 -8.469550e-02) (-1.840419e-01 -1.912143e-04 5.711596e-03)) ((-8.297406e-03 -9.374309e-02 2.328445e-03) (-8.725898e-06 -4.217078e-03 -7.151564e-05))
1.74          	((-6.806184e+00 1.917593e-02 -7.470530e-02) (-1.834338e-01 -1.833820e-04 5.725178e-03)) ((-8.163350e-03 -5.493884e-02 1.674455e-03) (-1.146961e-05 -4.214343e-03 -8.064468e-05))
1.746667      	((-5.622516e+00 2.120759e-02 -6.387471e-02) (-1.824552e-01 -1.711140e-04 5.735480e-03)) ((-8.143865e-03 -1.633559e-02 1.131462e-03) (-1.373513e-05 -4.203908e-03 -8.833044e-05))
1.753333      	((-4.424860e+00 2.453631e-02 -5.414556e-02) (-1.811077e-01 -1.566601e-04 5.744319e-03)) ((-7.963077e-03 2.219204e-02 7.575524e-04) (-1.588524e-05 -4.185378e-03 -9.517278e-05))
1.76          	((-3.217177e+00 2.693556e-02 -4.335818e-02) (-1.793904e-01 -1.417622e-04 5.749433e-03)) ((-7.589963e-03 6.067424e-02 1.272984e-04) (-1.829545e-05 -4.158911e-03 -1.008565e-04))
1.766667      	((-2.001403e+00 2.761305e-02 -2.935703e-02) (-1.773134e-01 -1.255813e-04 5.749001e-03)) ((-7.076342e-03 9.907487e-02 -2.190553e-04) (-2.051038e-05 -4.124207e-03 -1.057770e-04))
1.773333      	((-7.795432e-01 2.960446e-02 -1.596171e-02) (-1.748731e-01 -1.059507e-04 5.743383e-03)) ((-6.640020e-03 1.372637e-01 -7.327630e-04) (-2.222352e-05 -4.081275e-03 -1.096829e-04))
1.78          	((4.473268e-01 3.174832e-02 8.272436e-04) (-1.720743e-01 -8.378948e-05 5.735417e-03)) ((-6.144806e-03 1.749809e-01 -1.000735e-03) (-2.340857e-05 -4.029640e-03 -1.127891e-04))
1.786667      	((1.676565e+00 3.416192e-02 1.315102e-02) (-1.689283e-01 -5.973792e-05 5.721478e-03)) ((-5.532595e-03 2.122828e-01 -1.409025e-03) (-2.409233e-05 -3.969554e-03 -1.155457e-04))
1.793333      	((2.900893e+00 3.662314e-02 2.487765e-02) (-1.654424e-01 -3.380072e-05 5.703629e-03)) ((-5.102259e-03 2.491249e-01 -1.704367e-03) (-2.470458e-05 -3.900720e-03 -1.178824e-04))
1.8           	((4.117000e+00 3.699109e-02 3.603278e-02) (-1.616282e-01 -6.720649e-06 5.679835e-03)) ((-4.465436e-03 2.853292e-01 -2.116601e-03) (-2.560272e-05 -3.823156e-03 -1.198795e-04))
1.806667      	((5.325567e+00 3.609044e-02 4.300568e-02) (-1.574997e-01 2.344069e-05 5.651014e-03)) ((-3.813895e-03 3.208209e-01 -2.211765e-03) (-2.590535e-05 -3.737578e-03 -1.215156e-04))
1.813333      	((6.520585e+00 3.595017e-02 5.073974e-02) (-1.530614e-01 5.578495e-05 5.620672e-03)) ((-3.333936e-03 3.558337e-01 -2.474280e-03) (-2.598200e-05 -3.642937e-03 -1.227685e-04))
1.82          	((7.701046e+00 3.572201e-02 5.825514e-02) (-1.483290e-01 8.832819e-05 5.588220e-03)) ((-2.738575e-03 3.899786e-01 -2.589429e-03) (-2.578291e-05 -3.540085e-03 -1.236891e-04))
1.826667      	((8.867616e+00 3.323658e-02 6.677303e-02) (-1.433162e-01 1.201224e-04 5.551906e-03)) ((-2.039596e-03 4.237364e-01 -2.781211e-03) (-2.544194e-05 -3.429355e-03 -1.241284e-04))
1.833333      	((1.002011e+01 3.464235e-02 7.576152e-02) (-1.380382e-01 1.512224e-04 5.511514e-03)) ((-1.383573e-03 4.565435e-01 -2.752797e-03) (-2.462654e-05 -3.311333e-03 -1.240465e-04))
1.84          	((1.115259e+01 3.270190e-02 8.586103e-02) (-1.325093e-01 1.836781e-04 5.465074e-03)) ((-6.471994e-04 4.885927e-01 -2.906535e-03) (-2.392388e-05 -3.186065e-03 -1.238420e-04))
1.846667      	((1.226212e+01 2.997905e-02 9.126380e-02) (-1.267446e-01 2.158889e-04 5.416420e-03)) ((4.676600e-05 5.197641e-01 -3.308678e-03) (-2.316543e-05 -3.053728e-03 -1.232653e-04))
1.853333      	((1.334421e+01 2.792467e-02 9.411923e-02) (-1.207635e-01 2.462172e-04 5.364937e-03)) ((3.546051e-04 5.498788e-01 -3.672638e-03) (-2.243496e-05 -2.914371e-03 -1.221702e-04))
1.86          	((1.440087e+01 2.589448e-02 1.011548e-01) (-1.145770e-01 2.744860e-04 5.312956e-03)) ((9.158550e-04 5.787359e-01 -4.013755e-03) (-2.162471e-05 -2.768788e-03 -1.206383e-04))
1.866667      	((1.542550e+01 2.350063e-02 1.077820e-01) (-1.082084e-01 3.014732e-04 5.258980e-03)) ((1.757707e-03 6.067788e-01 -4.069732e-03) (-2.091390e-05 -2.617500e-03 -1.187251e-04))
1.873333      	((1.642140e+01 2.291391e-02 1.120790e-01) (-1.016763e-01 3.272617e-04 5.202955e-03)) ((2.072939e-03 6.336542e-01 -4.280765e-03) (-2.009439e-05 -2.460811e-03 -1.164463e-04))
1.88          	((1.737994e+01 2.258799e-02 1.141287e-01) (-9.499297e-02 3.535686e-04 5.146678e-03)) ((2.280266e-03 6.592698e-01 -4.761864e-03) (-1.924839e-05 -2.299181e-03 -1.139991e-04))
1.886667      	((1.830105e+01 2.016017e-02 1.137988e-01) (-8.817889e-02 3.790299e-04 5.090388e-03)) ((2.935726e-03 6.838231e-01 -5.372222e-03) (-1.873423e-05 -2.133515e-03 -1.112702e-04))
1.893333      	((1.918454e+01 1.853260e-02 1.158622e-01) (-8.125114e-02 4.043865e-04 5.030292e-03)) ((3.224246e-03 7.070558e-01 -5.412689e-03) (-1.833128e-05 -1.964360e-03 -1.080464e-04))
1.9           	((2.002671e+01 1.859978e-02 1.203616e-01) (-7.422723e-02 4.287064e-04 4.967438e-03)) ((3.703510e-03 7.290288e-01 -5.649138e-03) (-1.786581e-05 -1.792181e-03 -1.045488e-04))
1.906667      	((2.082548e+01 1.819399e-02 1.186813e-01) (-6.712512e-02 4.511913e-04 4.904118e-03)) ((3.666659e-03 7.498516e-01 -6.190183e-03) (-1.736133e-05 -1.617391e-03 -1.004890e-04))
1.913333      	((2.158154e+01 1.779296e-02 1.163732e-01) (-5.996057e-02 4.728885e-04 4.839333e-03)) ((3.861503e-03 7.692544e-01 -6.663016e-03) (-1.675649e-05 -1.440338e-03 -9.588882e-05))
1.92          	((2.229291e+01 1.636842e-02 1.172602e-01) (-5.274968e-02 4.954616e-04 4.772598e-03)) ((4.088775e-03 7.867110e-01 -7.212772e-03) (-1.630903e-05 -1.261871e-03 -9.113578e-05))
1.926667      	((2.295934e+01 1.608070e-02 1.150999e-01) (-4.550945e-02 5.187381e-04 4.708156e-03)) ((4.079419e-03 8.029741e-01 -7.625250e-03) (-1.656099e-05 -1.082277e-03 -8.619356e-05))
1.933333      	((2.357986e+01 1.389196e-02 1.109677e-01) (-3.825321e-02 5.416749e-04 4.646853e-03)) ((4.302201e-03 8.178350e-01 -7.857529e-03) (-1.640280e-05 -9.021524e-04 -8.112323e-05))
1.94          	((2.414590e+01 1.374261e-02 9.801218e-02) (-3.099475e-02 5.638351e-04 4.587739e-03)) ((4.552852e-03 8.312763e-01 -8.488191e-03) (-1.642116e-05 -7.226578e-04 -7.605803e-05))
1.946667      	((2.466207e+01 1.496617e-02 9.138027e-02) (-2.374825e-02 5.846277e-04 4.530740e-03)) ((4.448713e-03 8.430007e-01 -8.616665e-03) (-1.641729e-05 -5.443649e-04 -7.059184e-05))
1.953333      	((2.513308e+01 1.353816e-02 9.583945e-02) (-1.652613e-02 6.052480e-04 4.474400e-03)) ((4.288517e-03 8.527128e-01 -8.980357e-03) (-1.592407e-05 -3.669323e-04 -6.488103e-05))
1.96          	((2.555866e+01 1.471109e-02 8.958653e-02) (-9.337994e-03 6.256753e-04 4.422895e-03)) ((4.186081e-03 8.613009e-01 -1.048696e-02) (-1.561108e-05 -1.913999e-04 -5.863753e-05))
1.966667      	((2.594081e+01 1.473842e-02 8.128048e-02) (-2.191689e-03 6.486893e-04 4.375904e-03)) ((3.931048e-03 8.698239e-01 -9.655677e-03) (-1.561165e-05 -1.813595e-05 -5.281252e-05))
1.973333      	((2.626606e+01 1.869727e-02 6.844847e-02) (4.903879e-03 6.730315e-04 4.330718e-03)) ((3.756306e-03 8.771102e-01 -9.319049e-03) (-1.525213e-05 1.530052e-04 -4.769607e-05))
1.98          	((2.654184e+01 2.582204e-02 4.609354e-02) (1.194203e-02 6.976743e-04 4.295529e-03)) ((3.224419e-03 8.815856e-01 -1.017103e-02) (-1.468791e-05 3.214015e-04 -4.299970e-05))
1.986667      	((2.678520e+01 1.939217e-02 2.875705e-02) (1.891510e-02 7.200808e-04 4.264371e-03)) ((3.367470e-03 8.853193e-01 -1.066864e-02) (-1.397087e-05 4.866421e-04 -3.865103e-05))
1.993333      	((2.699131e+01 2.230275e-02 9.957793e-03) (2.582007e-02 7.366105e-04 4.239352e-03)) ((3.304190e-03 8.882203e-01 -1.116304e-02) (-1.311309e-05 6.484584e-04 -3.475605e-05))
2             	((2.716755e+01 2.089193e-02 -2.805617e-02) (3.265410e-02 7.551551e-04 4.221280e-03)) ((3.670911e-03 8.902597e-01 -1.220119e-02) (-1.206692e-05 8.075348e-04 -3.139649e-05))
2.006667      	((2.734563e+01 2.313241e-02 9.669154e-02) (3.942486e-02 7.727976e-04 4.219425e-03)) ((3.487429e-03 8.767603e-01 -1.055567e-02) (-1.104063e-05 9.632603e-04 -2.848592e-05))
2.013333      	((2.721295e+01 2.746745e-02 -1.292271e-01) (4.607335e-02 7.928298e-04 4.214598e-03)) ((2.329545e-03 8.877913e-01 -1.228308e-02) (-9.473358e-06 1.115849e-03 -2.612205e-05))
2.02          	((2.742528e+01 2.575345e-02 -1.175303e-01) (5.264543e-02 8.098305e-04 4.221372e-03)) ((2.932781e-03 8.877307e-01 -1.224439e-02) (-8.163751e-06 1.264926e-03 -2.379699e-05))
2.026667      	((2.745480e+01 2.394035e-02 -1.202432e-01) (5.913410e-02 8.297844e-04 4.234005e-03)) ((2.866269e-03 8.837957e-01 -1.229876e-02) (-7.380195e-06 1.410579e-03 -2.091457e-05))
2.033333      	((2.742145e+01 2.832001e-02 -1.376247e-01) (6.553971e-02 8.475639e-04 4.244252e-03)) ((2.509762e-03 8.778765e-01 -1.248148e-02) (-6.977221e-06 1.552091e-03 -1.843616e-05))
2.04          	((2.734387e+01 2.912750e-02 -1.605190e-01) (7.186060e-02 8.603542e-04 4.254859e-03)) ((2.603458e-03 8.718029e-01 -1.244546e-02) (-6.707321e-06 1.690051e-03 -1.613229e-05))
2.046667      	((2.722555e+01 2.734252e-02 -1.933127e-01) (7.809737e-02 8.696872e-04 4.274786e-03)) ((2.627119e-03 8.632824e-01 -1.278070e-02) (-6.293860e-06 1.825241e-03 -1.393293e-05))
2.053333      	((2.707079e+01 2.529000e-02 -2.239251e-01) (8.423927e-02 8.794536e-04 4.300948e-03)) ((2.588515e-03 8.528126e-01 -1.268016e-02) (-5.586949e-06 1.956585e-03 -1.233129e-05))
2.06          	((2.688003e+01 2.152853e-02 -2.516730e-01) (9.028663e-02 8.866729e-04 4.334998e-03)) ((2.677566e-03 8.419338e-01 -1.289118e-02) (-4.606548e-06 2.084639e-03 -1.017191e-05))
2.066667      	((2.664693e+01 2.023770e-02 -2.800296e-01) (9.623326e-02 8.930309e-04 4.374846e-03)) ((2.676572e-03 8.292584e-01 -1.297478e-02) (-3.453341e-06 2.209404e-03 -8.461898e-06))
2.073333      	((2.637491e+01 1.678736e-02 -3.062599e-01) (1.020715e-01 8.987842e-04 4.419362e-03)) ((2.898103e-03 8.154823e-01 -1.296475e-02) (-2.239886e-06 2.330630e-03 -6.921243e-06))
2.08          	((2.606286e+01 1.097778e-02 -3.364554e-01) (1.077917e-01 9.051167e-04 4.469051e-03)) ((3.408474e-03 8.004616e-01 -1.301486e-02) (-1.277832e-06 2.448580e-03 -5.080283e-06))
2.086667      	((2.571218e+01 5.588858e-03 -3.659401e-01) (1.133841e-01 9.161056e-04 4.523646e-03)) ((3.438951e-03 7.830879e-01 -1.290579e-02) (-5.206270e-08 2.562814e-03 -3.031009e-06))
2.093333      	((2.532043e+01 -3.413246e-04 -3.899395e-01) (1.188425e-01 9.283509e-04 4.581166e-03)) ((3.699308e-03 7.637407e-01 -1.295612e-02) (1.038024e-06 2.673248e-03 -2.681064e-08))
2.1           	((2.488684e+01 -7.684601e-03 -4.168357e-01) (1.241589e-01 9.448577e-04 4.641823e-03)) ((3.903133e-03 7.427604e-01 -1.288564e-02) (1.978474e-06 2.779571e-03 3.220729e-06))
2.106667      	((2.441111e+01 -1.367028e-02 -4.365142e-01) (1.293239e-01 9.616982e-04 4.703542e-03)) ((4.226633e-03 7.201387e-01 -1.295915e-02) (2.760179e-06 2.882397e-03 7.251050e-06))
2.113333      	((2.389340e+01 -1.896847e-02 -4.578227e-01) (1.343259e-01 9.798694e-04 4.764571e-03)) ((4.805538e-03 6.958811e-01 -1.312343e-02) (3.412809e-06 2.981352e-03 1.170731e-05))
2.12          	((2.333133e+01 -2.474713e-02 -4.761848e-01) (1.391485e-01 9.988583e-04 4.823032e-03)) ((5.151700e-03 6.705998e-01 -1.305369e-02) (3.713493e-06 3.076534e-03 1.679678e-05))
2.126667      	((2.272750e+01 -3.061194e-02 -4.910459e-01) (1.437804e-01 1.020141e-03 4.878408e-03)) ((5.721602e-03 6.440443e-01 -1.309609e-02) (4.026167e-06 3.167656e-03 2.226610e-05))
2.133333      	((2.207866e+01 -3.352216e-02 -5.052478e-01) (1.482012e-01 1.040147e-03 4.926472e-03)) ((5.615096e-03 6.163229e-01 -1.285531e-02) (4.326920e-06 3.254101e-03 2.849674e-05))
2.14          	((2.139128e+01 -3.687264e-02 -5.161701e-01) (1.524003e-01 1.060139e-03 4.967256e-03)) ((5.617258e-03 5.872812e-01 -1.300500e-02) (4.024406e-06 3.335921e-03 3.521983e-05))
2.146667      	((2.066023e+01 -4.121140e-02 -5.269335e-01) (1.563599e-01 1.081803e-03 5.002197e-03)) ((6.124318e-03 5.567935e-01 -1.302522e-02) (3.694414e-06 3.413281e-03 4.250952e-05))
2.153333      	((1.988757e+01 -4.452974e-02 -5.384802e-01) (1.600664e-01 1.102356e-03 5.031027e-03)) ((6.251538e-03 5.256148e-01 -1.237954e-02) (3.138736e-06 3.486048e-03 5.014824e-05))
2.16          	((1.907526e+01 -4.471521e-02 -5.454084e-01) (1.635001e-01 1.123552e-03 5.055469e-03)) ((6.329953e-03 4.937185e-01 -1.217471e-02) (2.333148e-06 3.554095e-03 5.832822e-05))
2.166667      	((1.822481e+01 -4.618369e-02 -5.501338e-01) (1.666492e-01 1.142248e-03 5.072502e-03)) ((6.450692e-03 4.605574e-01 -1.211448e-02) (2.022314e-06 3.617184e-03 6.642316e-05))
2.173333      	((1.733471e+01 -4.607069e-02 -5.518287e-01) (1.695056e-01 1.157856e-03 5.085800e-03)) ((6.310968e-03 4.268022e-01 -1.152036e-02) (1.565353e-06 3.675333e-03 7.384543e-05))
2.18          	((1.640930e+01 -4.421047e-02 -5.484201e-01) (1.720611e-01 1.169368e-03 5.092613e-03)) ((6.176780e-03 3.919906e-01 -1.112632e-02) (8.905014e-07 3.728502e-03 8.114247e-05))
2.186667      	((1.544659e+01 -4.364069e-02 -5.478856e-01) (1.742981e-01 1.178375e-03 5.094744e-03)) ((6.137145e-03 3.568531e-01 -1.068076e-02) (3.347000e-07 3.776029e-03 8.833150e-05))
2.193333      	((1.445361e+01 -4.653222e-02 -5.412632e-01) (1.762060e-01 1.181023e-03 5.093124e-03)) ((6.246712e-03 3.207182e-01 -9.917666e-03) (2.761243e-08 3.817351e-03 9.482489e-05))
2.2           	((1.343086e+01 -4.744433e-02 -5.307243e-01) (1.777774e-01 1.180941e-03 5.084565e-03)) ((5.758966e-03 2.836418e-01 -9.630356e-03) (-1.437848e-07 3.852750e-03 1.008134e-04))
2.206667      	((1.237785e+01 -4.594591e-02 -5.149174e-01) (1.790040e-01 1.177326e-03 5.072879e-03)) ((5.236583e-03 2.464415e-01 -9.155374e-03) (-7.632354e-08 3.881878e-03 1.069851e-04))
2.213333      	((1.129957e+01 -4.615505e-02 -4.993800e-01) (1.798767e-01 1.168498e-03 5.058161e-03)) ((5.143047e-03 2.090215e-01 -8.574383e-03) (5.608183e-08 3.904785e-03 1.125649e-04))
2.22          	((1.019546e+01 -4.693751e-02 -4.822932e-01) (1.803897e-01 1.157459e-03 5.041060e-03)) ((5.161498e-03 1.711863e-01 -7.805023e-03) (2.426384e-07 3.921047e-03 1.174276e-04))
2.226667      	((9.069479e+00 -4.574351e-02 -4.609931e-01) (1.805358e-01 1.146410e-03 5.022504e-03)) ((5.252613e-03 1.327894e-01 -7.083254e-03) (5.068663e-07 3.930390e-03 1.211755e-04))
2.233333      	((7.922386e+00 -4.360632e-02 -4.368007e-01) (1.803114e-01 1.135742e-03 5.000223e-03)) ((5.198895e-03 9.428181e-02 -6.257031e-03) (9.532102e-07 3.932434e-03 1.243605e-04))
2.24          	((6.757560e+00 -4.156229e-02 -4.136038e-01) (1.797176e-01 1.125527e-03 4.975514e-03)) ((4.801084e-03 5.560725e-02 -5.478819e-03) (1.430347e-06 3.927002e-03 1.270863e-04))
2.246667      	((5.575754e+00 -4.143385e-02 -3.889779e-01) (1.787497e-01 1.113580e-03 4.947376e-03)) ((4.605641e-03 1.654530e-02 -4.484184e-03) (2.101051e-06 3.913942e-03 1.297090e-04))
2.253333      	((4.382077e+00 -3.873068e-02 -3.622741e-01) (1.774056e-01 1.100139e-03 4.915297e-03)) ((4.402588e-03 -2.209298e-02 -3.679826e-03) (2.612038e-06 3.893346e-03 1.315189e-04))
2.26          	((3.175689e+00 -3.572791e-02 -3.340603e-01) (1.756907e-01 1.084198e-03 4.882341e-03)) ((4.015332e-03 -6.091721e-02 -2.442834e-03) (3.205898e-06 3.864921e-03 1.323869e-04))
2.266667      	((1.961735e+00 -3.475296e-02 -3.061435e-01) (1.736134e-01 1.066478e-03 4.847077e-03)) ((3.820426e-03 -9.966739e-02 -1.718636e-03) (3.675807e-06 3.828408e-03 1.319817e-04))
2.273333      	((7.401541e-01 -3.269939e-02 -2.767134e-01) (1.711737e-01 1.048334e-03 4.811297e-03)) ((3.673027e-03 -1.382644e-01 -1.034984e-03) (4.395520e-06 3.783732e-03 1.313913e-04))
2.28          	((-4.882629e-01 -2.867678e-02 -2.493650e-01) (1.683743e-01 1.029888e-03 4.775738e-03)) ((3.105344e-03 -1.763417e-01 -4.128089e-04) (5.263694e-06 3.730940e-03 1.303940e-04))
2.286667      	((-1.716525e+00 -2.590132e-02 -2.220266e-01) (1.652233e-01 1.011581e-03 4.738787e-03)) ((2.706526e-03 -2.139148e-01 2.632758e-04) (6.477913e-06 3.669372e-03 1.283211e-04))
2.293333      	((-2.941435e+00 -2.582663e-02 -1.923307e-01) (1.617290e-01 9.954405e-04 4.701556e-03)) ((2.634982e-03 -2.509277e-01 7.951223e-04) (7.675482e-06 3.599487e-03 1.254698e-04))
2.3           	((-4.158112e+00 -2.486214e-02 -1.629779e-01) (1.579048e-01 9.825653e-04 4.661519e-03)) ((2.385081e-03 -2.874990e-01 1.225198e-03) (8.827372e-06 3.521667e-03 1.223738e-04))
2.306667      	((-5.365562e+00 -2.266335e-02 -1.332407e-01) (1.537583e-01 9.717705e-04 4.622183e-03)) ((2.366280e-03 -3.234205e-01 1.459512e-03) (9.854977e-06 3.435863e-03 1.189151e-04))
2.313333      	((-6.563454e+00 -1.890567e-02 -1.082301e-01) (1.493015e-01 9.604813e-04 4.584335e-03)) ((1.966618e-03 -3.588201e-01 1.964722e-03) (1.072861e-05 3.341997e-03 1.152881e-04))
2.32          	((-7.747733e+00 -1.584866e-02 -8.365421e-02) (1.445501e-01 9.506746e-04 4.548035e-03)) ((1.667942e-03 -3.935766e-01 2.365671e-03) (1.172657e-05 3.240495e-03 1.115819e-04))
2.326667      	((-8.917216e+00 -1.390332e-02 -5.941648e-02) (1.395174e-01 9.437706e-04 4.512394e-03)) ((1.353208e-03 -4.274974e-01 2.643051e-03) (1.302990e-05 3.131524e-03 1.073157e-04))
2.333333      	((-1.007219e+01 -1.313724e-02 -3.391500e-02) (1.342201e-01 9.362878e-04 4.474998e-03)) ((1.464760e-03 -4.608583e-01 3.153949e-03) (1.418017e-05 3.015128e-03 1.028322e-04))
2.34          	((-1.120515e+01 -1.238165e-02 -7.097290e-03) (1.286704e-01 9.281190e-04 4.438637e-03)) ((1.558094e-03 -4.931067e-01 3.700407e-03) (1.517949e-05 2.891583e-03 9.796357e-05))
2.346667      	((-1.231708e+01 -1.350959e-02 1.770913e-02) (1.228842e-01 9.195974e-04 4.404675e-03)) ((1.583714e-03 -5.245024e-01 3.851278e-03) (1.623981e-05 2.760835e-03 9.285027e-05))
2.353333      	((-1.340514e+01 -1.277893e-02 4.363024e-02) (1.168831e-01 9.101984e-04 4.373790e-03)) ((1.402270e-03 -5.550154e-01 3.861472e-03) (1.718293e-05 2.623435e-03 8.793681e-05))
2.36          	((-1.446425e+01 -1.196211e-02 6.780117e-02) (1.106811e-01 9.019059e-04 4.343535e-03)) ((1.224675e-03 -5.844606e-01 4.079100e-03) (1.777787e-05 2.479890e-03 8.271610e-05))
2.366667      	((-1.549259e+01 -1.311861e-02 8.646459e-02) (1.042944e-01 8.937460e-04 4.315436e-03)) ((1.227828e-03 -6.129023e-01 4.355193e-03) (1.820074e-05 2.330733e-03 7.751396e-05))
2.373333      	((-1.648917e+01 -1.332333e-02 1.068012e-01) (9.774304e-02 8.867148e-04 4.288052e-03)) ((1.005576e-03 -6.399246e-01 4.656675e-03) (1.827315e-05 2.176644e-03 7.307992e-05))
2.38          	((-1.744892e+01 -1.182494e-02 1.303178e-01) (9.104537e-02 8.776850e-04 4.263017e-03)) ((7.525323e-04 -6.656614e-01 4.781382e-03) (1.797705e-05 2.017836e-03 6.879756e-05))
2.386667      	((-1.837406e+01 -1.276633e-02 1.483490e-01) (8.421946e-02 8.676977e-04 4.237277e-03)) ((6.755699e-04 -6.905177e-01 5.113487e-03) (1.752146e-05 1.855097e-03 6.519340e-05))
2.393333      	((-1.925831e+01 -1.115778e-02 1.675797e-01) (7.728067e-02 8.559241e-04 4.212440e-03)) ((3.909216e-04 -7.139573e-01 5.908556e-03) (1.756550e-05 1.689075e-03 6.198890e-05))
2.4           	((-2.010244e+01 -1.245012e-02 1.904375e-01) (7.024866e-02 8.432506e-04 4.187279e-03)) ((4.165034e-04 -7.357602e-01 6.156633e-03) (1.760272e-05 1.520155e-03 5.878877e-05))
2.406667      	((-2.090149e+01 -1.501085e-02 2.039446e-01) (6.313931e-02 8.308757e-04 4.163120e-03)) ((2.050850e-04 -7.562160e-01 6.799621e-03) (1.734884e-05 1.348541e-03 5.582054e-05))
2.413333      	((-2.165696e+01 -1.493723e-02 2.207517e-01) (5.596803e-02 8.164863e-04 4.139449e-03)) ((4.757167e-05 -7.752983e-01 6.989903e-03) (1.707261e-05 1.174437e-03 5.335624e-05))
2.42          	((-2.236613e+01 -1.335138e-02 2.357308e-01) (4.875341e-02 8.022459e-04 4.114426e-03)) ((2.715450e-04 -7.935138e-01 7.308724e-03) (1.690731e-05 9.987692e-04 5.147217e-05))
2.426667      	((-2.303186e+01 -1.586058e-02 2.482773e-01) (4.151106e-02 7.855909e-04 4.092833e-03)) ((3.924694e-04 -8.101995e-01 7.459181e-03) (1.647500e-05 8.220303e-04 4.967858e-05))
2.433333      	((-2.364856e+01 -1.721793e-02 2.604570e-01) (3.425718e-02 7.701690e-04 4.072898e-03)) ((6.062149e-04 -8.249903e-01 7.736302e-03) (1.563911e-05 6.451855e-04 4.807879e-05))
2.44          	((-2.421796e+01 -1.789425e-02 2.712047e-01) (2.700131e-02 7.556523e-04 4.056978e-03)) ((2.525403e-04 -8.381857e-01 7.739742e-03) (1.493184e-05 4.680691e-04 4.703280e-05))
2.446667      	((-2.473808e+01 -1.844818e-02 2.836370e-01) (1.975706e-02 7.432034e-04 4.046180e-03)) ((1.177097e-04 -8.507028e-01 8.165317e-03) (1.416964e-05 2.910274e-04 4.607969e-05))
2.453333      	((-2.520870e+01 -2.035667e-02 2.927065e-01) (1.253722e-02 7.315301e-04 4.040955e-03)) ((-3.671546e-04 -8.609526e-01 8.236758e-03) (1.323369e-05 1.146786e-04 4.513390e-05))
2.46          	((-2.563190e+01 -1.674511e-02 3.061088e-01) (5.349199e-03 7.187068e-04 4.040808e-03)) ((-2.722537e-04 -8.701477e-01 9.139393e-03) (1.247773e-05 -6.041491e-05 4.525189e-05))
2.466667      	((-2.599970e+01 -1.565354e-02 3.116831e-01) (-1.794509e-03 7.055187e-04 4.043547e-03)) ((-1.392937e-04 -8.767473e-01 9.513816e-03) (1.163468e-05 -2.342986e-04 4.522098e-05))
2.473333      	((-2.632407e+01 -1.468991e-02 3.111305e-01) (-8.888761e-03 6.920908e-04 4.055609e-03)) ((-2.160053e-04 -8.834977e-01 1.012726e-02) (1.035333e-05 -4.071176e-04 4.483460e-05))
2.48          	((-2.660306e+01 -1.408866e-02 3.103706e-01) (-1.592545e-02 6.733154e-04 4.075862e-03)) ((-8.565680e-04 -8.874896e-01 1.110992e-02) (9.652627e-06 -5.784792e-04 4.448535e-05))
2.486667      	((-2.684202e+01 -1.600612e-02 3.145890e-01) (-2.290352e-02 6.553100e-04 4.103384e-03)) ((-1.009902e-03 -8.902281e-01 1.123972e-02) (9.066776e-06 -7.475424e-04 4.453546e-05))
2.493333      	((-2.704158e+01 -1.488690e-02 3.082903e-01) (-2.981786e-02 6.380434e-04 4.135919e-03)) ((-7.423275e-04 -8.932516e-01 1.170510e-02) (8.464970e-06 -9.140045e-04 4.524741e-05))
2.5           	((-2.722945e+01 -2.535654e-02 2.846844e-01) (-3.666631e-02 6.235361e-04 4.171431e-03)) ((-1.082227e-04 -8.931151e-01 1.201381e-02) (6.977187e-06 -1.078155e-03 4.633035e-05))
2.506667      	((-2.744521e+01 -1.534448e-02 4.299400e-01) (-4.345605e-02 6.052851e-04 4.218972e-03)) ((-1.668257e-03 -8.874094e-01 1.224261e-02) (5.309817e-06 -1.238887e-03 4.824321e-05))
2.513333      	((-2.724379e+01 -1.729243e-02 1.591547e-01) (-5.010995e-02 5.843466e-04 4.268127e-03)) ((-3.366210e-04 -8.858776e-01 1.194047e-02) (3.205070e-06 -1.395923e-03 5.076673e-05))
2.52          	((-2.748717e+01 -1.005933e-02 2.554863e-01) (-5.670214e-02 5.650552e-04 4.329295e-03)) ((-1.478738e-03 -8.910263e-01 1.321507e-02) (1.451255e-06 -1.550418e-03 5.389677e-05))
2.526667      	((-2.752660e+01 -1.053364e-02 2.713911e-01) (-6.322542e-02 5.431580e-04 4.398399e-03)) ((-1.194532e-03 -8.860194e-01 1.337416e-02) (-3.382508e-07 -1.701624e-03 5.743917e-05))
2.533333      	((-2.749920e+01 -1.239804e-02 2.600794e-01) (-6.967668e-02 5.215770e-04 4.470158e-03)) ((-1.468467e-03 -8.808848e-01 1.318206e-02) (-2.562573e-06 -1.849316e-03 6.179559e-05))
2.54          	((-2.742722e+01 -1.064266e-02 2.475760e-01) (-7.605166e-02 4.981548e-04 4.545189e-03)) ((-2.117177e-03 -8.739681e-01 1.324832e-02) (-4.720365e-06 -1.994145e-03 6.566254e-05))
2.546667      	((-2.731199e+01 -9.890250e-03 2.352503e-01) (-8.234129e-02 4.788425e-04 4.624141e-03)) ((-2.227369e-03 -8.649655e-01 1.346546e-02) (-6.520763e-06 -2.135840e-03 6.980031e-05))
2.553333      	((-2.715838e+01 -1.145392e-02 2.173554e-01) (-8.854287e-02 4.576792e-04 4.706057e-03)) ((-2.062874e-03 -8.543854e-01 1.293329e-02) (-8.010377e-06 -2.274303e-03 7.340107e-05))
2.56          	((-2.696633e+01 -8.833170e-03 2.004923e-01) (-9.465544e-02 4.331482e-04 4.793353e-03)) ((-2.637054e-03 -8.427441e-01 1.273201e-02) (-9.446442e-06 -2.408578e-03 7.634858e-05))
2.566667      	((-2.673481e+01 -5.394029e-03 1.842445e-01) (-1.006728e-01 4.062654e-04 4.884753e-03)) ((-3.017938e-03 -8.295119e-01 1.236088e-02) (-1.091341e-05 -2.538683e-03 7.899755e-05))
2.573333      	((-2.646369e+01 -1.382620e-03 1.730761e-01) (-1.065850e-01 3.786637e-04 4.978006e-03)) ((-3.410610e-03 -8.150299e-01 1.235277e-02) (-1.206886e-05 -2.664748e-03 8.087802e-05))
2.58          	((-2.615239e+01 -7.435125e-04 1.539840e-01) (-1.123857e-01 3.506832e-04 5.069726e-03)) ((-3.614013e-03 -7.985173e-01 1.165979e-02) (-1.283691e-05 -2.786533e-03 8.215768e-05))
2.586667      	((-2.579621e+01 5.554633e-04 1.405371e-01) (-1.180648e-01 3.215917e-04 5.158163e-03)) ((-3.739938e-03 -7.805649e-01 1.112689e-02) (-1.391566e-05 -2.903328e-03 8.246281e-05))
2.593333      	((-2.540080e+01 4.840727e-03 1.212157e-01) (-1.236142e-01 2.950260e-04 5.245968e-03)) ((-4.525184e-03 -7.609097e-01 1.088219e-02) (-1.523413e-05 -3.016497e-03 8.161285e-05))
2.6           	((-2.496710e+01 5.780529e-03 1.079042e-01) (-1.290175e-01 2.685365e-04 5.330164e-03)) ((-5.048700e-03 -7.398152e-01 1.031084e-02) (-1.640836e-05 -3.125249e-03 8.031051e-05))
2.606667      	((-2.448761e+01 6.016453e-03 8.800899e-02) (-1.342650e-01 2.415369e-04 5.412880e-03)) ((-5.545073e-03 -7.167217e-01 1.006739e-02) (-1.716717e-05 -3.229086e-03 7.835818e-05))
2.613333      	((-2.396822e+01 7.707293e-03 7.075525e-02) (-1.393426e-01 2.165438e-04 5.493608e-03)) ((-5.895407e-03 -6.929673e-01 9.669642e-03) (-1.779891e-05 -3.329070e-03 7.537191e-05))
2.62          	((-2.340787e+01 9.113152e-03 5.317876e-02) (-1.442386e-01 1.926642e-04 5.567226e-03)) ((-6.223831e-03 -6.672262e-01 9.113764e-03) (-1.787875e-05 -3.424340e-03 7.156170e-05))
2.626667      	((-2.280342e+01 8.586606e-03 3.623794e-02) (-1.489343e-01 1.678798e-04 5.634269e-03)) ((-6.748927e-03 -6.404146e-01 8.563318e-03) (-1.747033e-05 -3.515093e-03 6.696672e-05))
2.633333      	((-2.215231e+01 9.861896e-03 1.811329e-02) (-1.534157e-01 1.425907e-04 5.698154e-03)) ((-6.990423e-03 -6.118316e-01 8.114701e-03) (-1.671152e-05 -3.601757e-03 6.115757e-05))
2.64          	((-2.146115e+01 1.017472e-02 1.529074e-03) (-1.576593e-01 1.199461e-04 5.755497e-03)) ((-7.468421e-03 -5.826154e-01 8.197662e-03) (-1.581991e-05 -3.684016e-03 5.460799e-05))
2.646667      	((-2.072725e+01 1.095185e-02 -1.197962e-02) (-1.616514e-01 9.733785e-05 5.804462e-03)) ((-8.060679e-03 -5.523867e-01 8.265114e-03) (-1.511686e-05 -3.761865e-03 4.678163e-05))
2.653333      	((-1.995292e+01 8.436470e-03 -2.717864e-02) (-1.653801e-01 7.699258e-05 5.846865e-03)) ((-8.454761e-03 -5.216506e-01 8.121205e-03) (-1.421916e-05 -3.834869e-03 3.788916e-05))
2.66          	((-1.913596e+01 6.217932e-03 -3.957000e-02) (-1.688237e-01 5.807828e-05 5.885573e-03)) ((-8.681212e-03 -4.896004e-01 7.861084e-03) (-1.337451e-05 -3.902694e-03 2.754442e-05))
2.666667      	((-1.828271e+01 5.337080e-03 -5.250015e-02) (-1.719687e-01 3.926091e-05 5.917200e-03)) ((-9.173605e-03 -4.565729e-01 7.444950e-03) (-1.268718e-05 -3.965480e-03 1.662412e-05))
2.673333      	((-1.738913e+01 5.157752e-03 -6.160512e-02) (-1.748082e-01 2.078418e-05 5.945604e-03)) ((-9.431532e-03 -4.226563e-01 7.278210e-03) (-1.225945e-05 -4.023511e-03 5.571348e-06))
2.68          	((-1.645893e+01 5.006496e-03 -6.706652e-02) (-1.773369e-01 2.690676e-06 5.972168e-03)) ((-9.437448e-03 -3.879352e-01 7.069620e-03) (-1.219630e-05 -4.076516e-03 -6.682854e-06))
2.686667      	((-1.549495e+01 6.557206e-03 -6.979217e-02) (-1.795361e-01 -1.229185e-05 5.998871e-03)) ((-9.461440e-03 -3.527802e-01 6.865380e-03) (-1.227374e-05 -4.124112e-03 -1.899791e-05))
2.693333      	((-1.449730e+01 8.034041e-03 -7.336766e-02) (-1.813964e-01 -2.395795e-05 6.028116e-03)) ((-9.453284e-03 -3.165058e-01 6.402457e-03) (-1.261446e-05 -4.166222e-03 -3.176464e-05))
2.7           	((-1.346593e+01 8.018766e-03 -6.970065e-02) (-1.829104e-01 -3.481140e-05 6.055478e-03)) ((-9.247147e-03 -2.797478e-01 5.787702e-03) (-1.310841e-05 -4.202206e-03 -4.463591e-05))
2.706667      	((-1.240633e+01 6.482050e-03 -6.372023e-02) (-1.840778e-01 -4.405784e-05 6.080973e-03)) ((-9.000896e-03 -2.426727e-01 5.210382e-03) (-1.404027e-05 -4.232396e-03 -5.729703e-05))
2.713333      	((-1.132128e+01 7.657416e-03 -5.697305e-02) (-1.848841e-01 -5.150726e-05 6.107351e-03)) ((-8.956841e-03 -2.049372e-01 4.862503e-03) (-1.501308e-05 -4.256254e-03 -6.942630e-05))
2.72          	((-1.021298e+01 9.883877e-03 -5.036429e-02) (-1.853302e-01 -6.055334e-05 6.130850e-03)) ((-8.899683e-03 -1.670325e-01 4.101479e-03) (-1.589533e-05 -4.273182e-03 -8.113712e-05))
2.726667      	((-9.082933e+00 9.388625e-03 -3.974764e-02) (-1.854155e-01 -6.442332e-05 6.151128e-03)) ((-8.601608e-03 -1.288121e-01 3.461122e-03) (-1.680022e-05 -4.283011e-03 -9.237594e-05))
2.733333      	((-7.931659e+00 1.196301e-02 -2.959148e-02) (-1.851290e-01 -6.724065e-05 6.168805e-03)) ((-8.391436e-03 -9.044715e-02 3.029863e-03) (-1.819792e-05 -4.285459e-03 -1.020156e-04))
2.74          	((-6.761378e+00 1.326688e-02 -2.019345e-02) (-1.844728e-01 -6.465946e-05 6.186345e-03)) ((-8.182128e-03 -5.175440e-02 2.803788e-03) (-1.944397e-05 -4.281007e-03 -1.108014e-04))
2.746667      	((-5.576290e+00 1.553731e-02 -8.480884e-03) (-1.834447e-01 -5.824208e-05 6.198881e-03)) ((-7.774340e-03 -1.313288e-02 2.296953e-03) (-2.045047e-05 -4.268704e-03 -1.185813e-04))
2.753333      	((-4.379824e+00 1.897812e-02 6.960660e-05) (-1.820451e-01 -4.988460e-05 6.206976e-03)) ((-7.369213e-03 2.552305e-02 2.056298e-03) (-2.155394e-05 -4.248438e-03 -1.253292e-04))
2.76          	((-3.171725e+00 2.094960e-02 1.330365e-02) (-1.802791e-01 -3.817582e-05 6.213243e-03)) ((-7.021474e-03 6.379994e-02 1.848115e-03) (-2.272438e-05 -4.220358e-03 -1.312213e-04))
2.766667      	((-1.956125e+00 2.362708e-02 2.528933e-02) (-1.781501e-01 -2.541657e-05 6.217989e-03)) ((-6.466550e-03 1.019610e-01 1.432176e-03) (-2.350380e-05 -4.184321e-03 -1.357421e-04))
2.773333      	((-7.334003e-01 2.565764e-02 3.823265e-02) (-1.756578e-01 -1.047564e-05 6.216338e-03)) ((-6.081906e-03 1.400203e-01 1.169485e-03) (-2.357348e-05 -4.139490e-03 -1.396639e-04))
2.78          	((4.922171e-01 2.776599e-02 5.288115e-02) (-1.728087e-01 6.714754e-06 6.207819e-03)) ((-5.527556e-03 1.779272e-01 7.701692e-04) (-2.337272e-05 -4.086524e-03 -1.431286e-04))
2.786667      	((1.720552e+00 2.982901e-02 6.767704e-02) (-1.696127e-01 2.678249e-05 6.194101e-03)) ((-4.789346e-03 2.149704e-01 5.782721e-04) (-2.289502e-05 -4.024708e-03 -1.464291e-04))
2.793333      	((2.944073e+00 3.023893e-02 7.874190e-02) (-1.660750e-01 4.741143e-05 6.175000e-03)) ((-4.172889e-03 2.515490e-01 1.304966e-04) (-2.220084e-05 -3.954316e-03 -1.491869e-04))
2.8           	((4.159157e+00 3.267347e-02 8.416777e-02) (-1.622074e-01 7.147190e-05 6.150094e-03)) ((-3.834609e-03 2.876293e-01 -1.266963e-04) (-2.152406e-05 -3.874744e-03 -1.514780e-04))
2.806667      	((5.366049e+00 3.102090e-02 8.775431e-02) (-1.580233e-01 9.755092e-05 6.120502e-03)) ((-3.152667e-03 3.229338e-01 -2.972721e-04) (-2.091767e-05 -3.786674e-03 -1.536683e-04))
2.813333      	((6.559606e+00 3.201026e-02 9.604053e-02) (-1.535315e-01 1.256001e-04 6.087737e-03)) ((-2.515302e-03 3.576766e-01 -6.635793e-04) (-2.006746e-05 -3.690128e-03 -1.553052e-04))
2.82          	((7.739807e+00 3.099205e-02 1.049645e-01) (-1.487456e-01 1.563218e-04 6.051965e-03)) ((-2.087458e-03 3.918141e-01 -1.068822e-03) (-1.888408e-05 -3.585279e-03 -1.563784e-04))
2.826667      	((8.903776e+00 2.870206e-02 1.090037e-01) (-1.436793e-01 1.876796e-04 6.011674e-03)) ((-1.207425e-03 4.253088e-01 -1.362748e-03) (-1.777240e-05 -3.472624e-03 -1.566556e-04))
2.833333      	((1.005448e+01 2.909602e-02 1.142650e-01) (-1.383465e-01 2.188282e-04 5.965702e-03)) ((-5.278594e-04 4.580858e-01 -1.746141e-03) (-1.659649e-05 -3.352410e-03 -1.564984e-04))
2.84          	((1.118588e+01 2.742974e-02 1.185490e-01) (-1.327644e-01 2.487502e-04 5.915663e-03)) ((1.186936e-04 4.901446e-01 -2.007439e-03) (-1.523973e-05 -3.225000e-03 -1.558611e-04))
2.846667      	((1.229433e+01 2.486617e-02 1.263497e-01) (-1.269477e-01 2.786742e-04 5.860329e-03)) ((9.448043e-04 5.212285e-01 -2.418749e-03) (-1.403438e-05 -3.090694e-03 -1.548564e-04))
2.853333      	((1.337630e+01 2.353644e-02 1.239137e-01) (-1.209133e-01 3.071936e-04 5.801015e-03)) ((1.284668e-03 5.509162e-01 -2.875965e-03) (-1.310841e-05 -2.949940e-03 -1.533923e-04))
2.86          	((1.442974e+01 2.136007e-02 1.255066e-01) (-1.146793e-01 3.362969e-04 5.739408e-03)) ((1.743334e-03 5.797123e-01 -3.325573e-03) (-1.218610e-05 -2.802927e-03 -1.513116e-04))
2.866667      	((1.545654e+01 2.117492e-02 1.311339e-01) (-1.082608e-01 3.644278e-04 5.675233e-03)) ((2.315257e-03 6.078202e-01 -3.338560e-03) (-1.118282e-05 -2.650126e-03 -1.489722e-04))
2.873333      	((1.644924e+01 1.966258e-02 1.316003e-01) (-1.016785e-01 3.920611e-04 5.611625e-03)) ((2.736810e-03 6.348214e-01 -3.564343e-03) (-9.951708e-06 -2.492283e-03 -1.461470e-04))
2.88          	((1.740568e+01 2.013423e-02 1.314944e-01) (-9.494811e-02 4.172210e-04 5.548051e-03)) ((3.121355e-03 6.601453e-01 -3.948216e-03) (-8.830691e-06 -2.329544e-03 -1.429715e-04))
2.886667      	((1.832614e+01 1.692423e-02 1.331361e-01) (-8.808703e-02 4.437469e-04 5.482559e-03)) ((3.569047e-03 6.847517e-01 -4.364260e-03) (-7.971958e-06 -2.162267e-03 -1.395426e-04))
2.893333      	((1.920879e+01 1.658883e-02 1.320013e-01) (-8.111291e-02 4.696451e-04 5.413613e-03)) ((3.846304e-03 7.080683e-01 -4.813554e-03) (-7.438578e-06 -1.991663e-03 -1.356065e-04))
2.9           	((2.004986e+01 1.456107e-02 1.368937e-01) (-7.404338e-02 4.930451e-04 5.345019e-03)) ((4.017313e-03 7.297621e-01 -5.374934e-03) (-6.718369e-06 -1.817741e-03 -1.312839e-04))
2.906667      	((2.084785e+01 1.503393e-02 1.328938e-01) (-6.689516e-02 5.156657e-04 5.274553e-03)) ((3.812704e-03 7.504466e-01 -5.857716e-03) (-6.238168e-06 -1.641197e-03 -1.266825e-04))
2.913333      	((2.160357e+01 1.416608e-02 1.296203e-01) (-5.968776e-02 5.366674e-04 5.200145e-03)) ((4.099358e-03 7.696324e-01 -6.575896e-03) (-5.797980e-06 -1.462860e-03 -1.219591e-04))
2.92          	((2.231390e+01 1.446012e-02 1.268421e-01) (-5.243656e-02 5.609357e-04 5.125336e-03)) ((4.398663e-03 7.870856e-01 -6.950777e-03) (-6.033393e-06 -1.283304e-03 -1.170072e-04))
2.926667      	((2.298030e+01 1.394972e-02 1.234360e-01) (-4.515828e-02 5.836549e-04 5.052555e-03)) ((4.126728e-03 8.031358e-01 -7.540742e-03) (-6.243676e-06 -1.102574e-03 -1.116331e-04))
2.933333      	((2.359554e+01 1.263378e-02 1.196122e-01) (-3.786365e-02 6.070080e-04 4.981326e-03)) ((4.235082e-03 8.177850e-01 -8.022773e-03) (-6.123211e-06 -9.217955e-04 -1.059587e-04))
2.94          	((2.416463e+01 1.289105e-02 1.154979e-01) (-3.056913e-02 6.299834e-04 4.913283e-03)) ((4.538232e-03 8.311103e-01 -8.240856e-03) (-6.134823e-06 -7.413937e-04 -1.000988e-04))
2.946667      	((2.467876e+01 1.737271e-02 1.070213e-01) (-2.328573e-02 6.494453e-04 4.849464e-03)) ((4.177852e-03 8.427111e-01 -8.511257e-03) (-6.418366e-06 -5.617560e-04 -9.372204e-05))
2.953333      	((2.515126e+01 1.460420e-02 1.109346e-01) (-1.602612e-02 6.666454e-04 4.787128e-03)) ((3.904068e-03 8.528667e-01 -8.943832e-03) (-6.482944e-06 -3.837425e-04 -8.714885e-05))
2.96          	((2.557423e+01 1.404282e-02 1.026392e-01) (-8.800396e-03 6.852812e-04 4.727239e-03)) ((3.743708e-03 8.611812e-01 -1.027329e-02) (-6.140510e-06 -2.074138e-04 -8.059988e-05))
2.966667      	((2.595801e+01 1.553625e-02 9.213200e-02) (-1.619114e-03 7.088535e-04 4.672334e-03)) ((3.498153e-03 8.702535e-01 -9.277490e-03) (-5.723871e-06 -3.344219e-05 -7.438334e-05))
2.973333      	((2.627606e+01 1.996563e-02 7.732517e-02) (5.512551e-03 7.350506e-04 4.621184e-03)) ((3.238845e-03 8.771844e-01 -9.312317e-03) (-5.351697e-06 1.383087e-04 -6.927100e-05))
2.98          	((2.655265e+01 2.700329e-02 5.615845e-02) (1.258381e-02 7.583098e-04 4.574715e-03)) ((2.879736e-03 8.821086e-01 -1.086789e-02) (-5.024204e-06 3.073847e-04 -6.464217e-05))
2.986667      	((2.680248e+01 1.517524e-02 3.722253e-02) (1.959127e-02 7.780557e-04 4.534884e-03)) ((3.070255e-03 8.856336e-01 -1.081035e-02) (-4.032519e-06 4.730086e-04 -6.000133e-05))
2.993333      	((2.700792e+01 2.140304e-02 1.427867e-02) (2.652681e-02 7.942251e-04 4.505071e-03)) ((2.238462e-03 8.885460e-01 -1.095230e-02) (-3.439019e-06 6.352681e-04 -5.585758e-05))
3             	((2.719544e+01 2.392079e-02 -3.278202e-02) (3.339367e-02 8.099145e-04 4.480634e-03)) ((1.883425e-03 8.908523e-01 -1.215119e-02) (-2.421174e-06 7.951953e-04 -5.254985e-05))
3.006667      	((2.733527e+01 2.492063e-02 1.259763e-01) (4.019234e-02 8.265944e-04 4.471364e-03)) ((2.628968e-03 8.785940e-01 -1.229037e-02) (-1.550100e-06 9.516357e-04 -4.962964e-05))
3.013333      	((2.721925e+01 2.388052e-02 -1.178674e-01) (4.686845e-02 8.443419e-04 4.461072e-03)) ((1.325126e-03 8.850275e-01 -1.228551e-02) (-3.709644e-07 1.104658e-03 -4.694311e-05))
3.02          	((2.742281e+01 2.607821e-02 -1.306446e-01) (5.346839e-02 8.611201e-04 4.462218e-03)) ((1.186249e-03 8.866155e-01 -1.333593e-02) (4.785378e-07 1.254402e-03 -4.422509e-05))
3.026667      	((2.745894e+01 2.326317e-02 -1.209506e-01) (5.998578e-02 8.789056e-04 4.465907e-03)) ((1.267884e-03 8.813318e-01 -1.343140e-02) (1.058438e-06 1.400958e-03 -4.141859e-05))
3.033333      	((2.743042e+01 2.741511e-02 -1.310419e-01) (6.642251e-02 8.953840e-04 4.470840e-03)) ((1.503770e-03 8.761488e-01 -1.368965e-02) (1.362735e-06 1.543301e-03 -3.847054e-05))
3.04          	((2.735679e+01 2.896429e-02 -1.637217e-01) (7.277158e-02 9.091488e-04 4.475058e-03)) ((1.504823e-03 8.697925e-01 -1.370299e-02) (1.427980e-06 1.681821e-03 -3.560665e-05))
3.046667      	((2.723909e+01 2.515744e-02 -1.923847e-01) (7.903171e-02 9.216508e-04 4.486394e-03)) ((1.192435e-03 8.608608e-01 -1.380545e-02) (1.206619e-06 1.817246e-03 -3.290767e-05))
3.053333      	((2.708365e+01 2.213344e-02 -2.240500e-01) (8.519885e-02 9.338176e-04 4.505605e-03)) ((1.304910e-03 8.510565e-01 -1.395692e-02) (1.456248e-06 1.949303e-03 -3.085886e-05))
3.06          	((2.689047e+01 1.946731e-02 -2.522476e-01) (9.127006e-02 9.409848e-04 4.531677e-03)) ((1.303576e-03 8.393348e-01 -1.399950e-02) (2.344383e-06 2.078453e-03 -2.876220e-05))
3.066667      	((2.665989e+01 1.832046e-02 -2.788054e-01) (9.724092e-02 9.461760e-04 4.561476e-03)) ((8.971250e-04 8.265201e-01 -1.413843e-02) (3.292874e-06 2.203935e-03 -2.671406e-05))
3.073333      	((2.639109e+01 1.529307e-02 -3.095094e-01) (1.031017e-01 9.501608e-04 4.596602e-03)) ((1.127302e-03 8.124270e-01 -1.437986e-02) (4.136191e-06 2.325916e-03 -2.441312e-05))
3.08          	((2.608141e+01 9.759861e-03 -3.400307e-01) (1.088465e-01 9.554255e-04 4.637842e-03)) ((1.826841e-03 7.971954e-01 -1.439063e-02) (4.562336e-06 2.444280e-03 -2.229420e-05))
3.086667      	((2.572909e+01 3.634464e-03 -3.661781e-01) (1.144660e-01 9.642499e-04 4.682647e-03)) ((2.100287e-03 7.796999e-01 -1.447377e-02) (4.851470e-06 2.559140e-03 -2.022581e-05))
3.093333      	((2.533413e+01 -2.863376e-03 -3.932323e-01) (1.199506e-01 9.769342e-04 4.732731e-03)) ((2.363521e-03 7.600564e-01 -1.410432e-02) (5.430680e-06 2.670015e-03 -1.718092e-05))
3.1           	((2.490002e+01 -1.002170e-02 -4.160606e-01) (1.252889e-01 9.934901e-04 4.785111e-03)) ((2.538358e-03 7.393734e-01 -1.411983e-02) (5.597996e-06 2.776747e-03 -1.393949e-05))
3.106667      	((2.442445e+01 -1.678439e-02 -4.379925e-01) (1.304767e-01 1.011473e-03 4.838285e-03)) ((2.891387e-03 7.164422e-01 -1.416639e-02) (5.662979e-06 2.880135e-03 -1.016911e-05))
3.113333      	((2.390560e+01 -2.184337e-02 -4.604702e-01) (1.354980e-01 1.032309e-03 4.894015e-03)) ((3.362594e-03 6.922412e-01 -1.409158e-02) (5.631935e-06 2.979716e-03 -5.969619e-06))
3.12          	((2.334391e+01 -2.749316e-02 -4.795077e-01) (1.403423e-01 1.053465e-03 4.947819e-03)) ((3.769742e-03 6.668033e-01 -1.406844e-02) (5.244681e-06 3.075593e-03 -1.421794e-06))
3.126667      	((2.273876e+01 -3.280948e-02 -4.971822e-01) (1.449897e-01 1.075320e-03 4.996661e-03)) ((3.933210e-03 6.401991e-01 -1.401621e-02) (4.950299e-06 3.167597e-03 3.961333e-06))
3.133333      	((2.208920e+01 -3.744990e-02 -5.114193e-01) (1.494307e-01 1.098087e-03 5.041792e-03)) ((4.130480e-03 6.121329e-01 -1.401141e-02) (4.373965e-06 3.254999e-03 9.573928e-06))
3.14          	((2.139827e+01 -4.264826e-02 -5.247908e-01) (1.536473e-01 1.121161e-03 5.080122e-03)) ((4.608241e-03 5.827280e-01 -1.392037e-02) (3.638576e-06 3.338187e-03 1.546736e-05))
3.146667      	((2.066689e+01 -4.749271e-02 -5.370290e-01) (1.576221e-01 1.143512e-03 5.113977e-03)) ((5.177245e-03 5.523704e-01 -1.397452e-02) (2.973488e-06 3.417305e-03 2.241207e-05))
3.153333      	((1.989331e+01 -4.972156e-02 -5.445041e-01) (1.613442e-01 1.167177e-03 5.143106e-03)) ((5.009045e-03 5.213209e-01 -1.391242e-02) (2.156010e-06 3.491873e-03 2.931014e-05))
3.16          	((1.907891e+01 -5.435272e-02 -5.526950e-01) (1.647932e-01 1.190269e-03 5.164157e-03)) ((5.198804e-03 4.892229e-01 -1.356131e-02) (1.659817e-06 3.562246e-03 3.671856e-05))
3.166667      	((1.822782e+01 -5.385842e-02 -5.579864e-01) (1.679557e-01 1.211866e-03 5.181059e-03)) ((5.457843e-03 4.560470e-01 -1.330927e-02) (1.225623e-06 3.628035e-03 4.431914e-05))
3.173333      	((1.733927e+01 -5.260604e-02 -5.585797e-01) (1.708185e-01 1.228591e-03 5.191127e-03)) ((5.315543e-03 4.222361e-01 -1.304898e-02) (7.814020e-07 3.688717e-03 5.127129e-05))
3.18          	((1.641396e+01 -5.369824e-02 -5.544636e-01) (1.733775e-01 1.240618e-03 5.196613e-03)) ((5.090844e-03 3.876023e-01 -1.250510e-02) (3.355986e-07 3.744408e-03 5.817189e-05))
3.186667      	((1.545212e+01 -5.503642e-02 -5.514343e-01) (1.756186e-01 1.250377e-03 5.197829e-03)) ((5.118255e-03 3.521821e-01 -1.248156e-02) (-3.690633e-07 3.794641e-03 6.514052e-05))
3.193333      	((1.445961e+01 -5.550289e-02 -5.433980e-01) (1.775267e-01 1.255069e-03 5.195977e-03)) ((5.354719e-03 3.159900e-01 -1.201818e-02) (-9.159840e-07 3.838600e-03 7.225796e-05))
3.2           	((1.343752e+01 -5.696065e-02 -5.320394e-01) (1.790944e-01 1.256449e-03 5.191239e-03)) ((5.180748e-03 2.792057e-01 -1.132304e-02) (-1.368319e-06 3.876157e-03 7.840859e-05))
3.206667      	((1.238616e+01 -5.407892e-02 -5.151483e-01) (1.803115e-01 1.253506e-03 5.181151e-03)) ((4.847269e-03 2.422401e-01 -1.075839e-02) (-1.776958e-06 3.907637e-03 8.455577e-05))
3.213333      	((1.130821e+01 -5.437204e-02 -4.999464e-01) (1.811697e-01 1.246112e-03 5.170840e-03)) ((4.772987e-03 2.046280e-01 -1.008617e-02) (-2.081165e-06 3.932214e-03 9.011149e-05))
3.22          	((1.020491e+01 -5.421853e-02 -4.827728e-01) (1.816671e-01 1.236982e-03 5.157674e-03)) ((4.597217e-03 1.665845e-01 -9.440715e-03) (-2.177678e-06 3.950330e-03 9.449161e-05))
3.226667      	((9.079441e+00 -5.169269e-02 -4.574246e-01) (1.817926e-01 1.227600e-03 5.142445e-03)) ((4.646385e-03 1.283312e-01 -8.722847e-03) (-2.282819e-06 3.961507e-03 9.831433e-05))
3.233333      	((7.933892e+00 -4.879008e-02 -4.305637e-01) (1.815446e-01 1.217548e-03 5.124942e-03)) ((4.656492e-03 8.991311e-02 -7.985093e-03) (-2.426233e-06 3.965105e-03 1.018994e-04))
3.24          	((6.769568e+00 -4.621464e-02 -4.049422e-01) (1.809218e-01 1.208367e-03 5.104960e-03)) ((4.413224e-03 5.121271e-02 -6.856030e-03) (-2.233410e-06 3.961209e-03 1.050815e-04))
3.246667      	((5.590510e+00 -4.494739e-02 -3.798993e-01) (1.799196e-01 1.197452e-03 5.079055e-03)) ((4.192241e-03 1.240323e-02 -5.852714e-03) (-2.181934e-06 3.949487e-03 1.078672e-04))
3.253333      	((4.395414e+00 -4.193859e-02 -3.522718e-01) (1.785397e-01 1.185175e-03 5.050790e-03)) ((4.005900e-03 -2.627370e-02 -4.892379e-03) (-2.082172e-06 3.929278e-03 1.103573e-04))
3.26          	((3.189411e+00 -3.942538e-02 -3.191381e-01) (1.767842e-01 1.170698e-03 5.021033e-03)) ((4.084265e-03 -6.513378e-02 -4.006663e-03) (-1.660689e-06 3.901194e-03 1.118543e-04))
3.266667      	((1.974596e+00 -3.789586e-02 -2.883971e-01) (1.746639e-01 1.156365e-03 4.990555e-03)) ((3.696862e-03 -1.040467e-01 -2.919613e-03) (-1.266292e-06 3.864948e-03 1.123941e-04))
3.273333      	((7.530986e-01 -3.484390e-02 -2.586446e-01) (1.721793e-01 1.142042e-03 4.957973e-03)) ((3.331932e-03 -1.422356e-01 -2.072798e-03) (-7.569587e-07 3.820392e-03 1.119566e-04))
3.28          	((-4.743878e-01 -3.054735e-02 -2.281147e-01) (1.693327e-01 1.125978e-03 4.924725e-03)) ((3.086913e-03 -1.802447e-01 -1.350265e-03) (2.124124e-08 3.767720e-03 1.108437e-04))
3.286667      	((-1.702390e+00 -2.842539e-02 -1.970725e-01) (1.661327e-01 1.109730e-03 4.891721e-03)) ((3.015685e-03 -2.177216e-01 -5.482262e-04) (1.077967e-06 3.706189e-03 1.093317e-04))
3.293333      	((-2.928150e+00 -2.771474e-02 -1.647655e-01) (1.625882e-01 1.096324e-03 4.858198e-03)) ((2.773324e-03 -2.547403e-01 1.544691e-04) (1.810072e-06 3.635930e-03 1.070981e-04))
3.3           	((-4.146812e+00 -2.566530e-02 -1.363256e-01) (1.587109e-01 1.086239e-03 4.820986e-03)) ((2.385068e-03 -2.910209e-01 6.417198e-04) (2.621559e-06 3.557214e-03 1.044520e-04))
3.306667      	((-5.354160e+00 -2.354818e-02 -1.066821e-01) (1.545130e-01 1.076197e-03 4.783852e-03)) ((2.447590e-03 -3.268855e-01 9.365769e-04) (3.388735e-06 3.470901e-03 1.012606e-04))
3.313333      	((-6.553384e+00 -2.075559e-02 -8.121556e-02) (1.500047e-01 1.069132e-03 4.746819e-03)) ((2.136745e-03 -3.621493e-01 1.256159e-03) (4.095092e-06 3.376170e-03 9.782487e-05))
3.32          	((-7.739185e+00 -1.745494e-02 -5.687295e-02) (1.452045e-01 1.060917e-03 4.711414e-03)) ((1.656348e-03 -3.966195e-01 1.678337e-03) (4.917137e-06 3.273907e-03 9.407147e-05))
3.326667      	((-8.910320e+00 -1.554912e-02 -2.979914e-02) (1.401225e-01 1.053414e-03 4.675742e-03)) ((1.490722e-03 -4.305453e-01 2.241100e-03) (5.969036e-06 3.163914e-03 8.997906e-05))
3.333333      	((-1.006590e+01 -1.407954e-02 -4.962497e-03) (1.347796e-01 1.043101e-03 4.641354e-03)) ((1.371804e-03 -4.637514e-01 2.805359e-03) (7.280905e-06 3.046439e-03 8.591745e-05))
3.34          	((-1.120002e+01 -1.433123e-02 2.224102e-02) (1.291833e-01 1.033034e-03 4.607682e-03)) ((1.550984e-03 -4.959642e-01 3.162847e-03) (8.215743e-06 2.921408e-03 8.129071e-05))
3.346667      	((-1.231254e+01 -1.495532e-02 4.555763e-02) (1.233535e-01 1.022185e-03 4.577325e-03)) ((1.797321e-03 -5.269724e-01 3.466036e-03) (8.906098e-06 2.789091e-03 7.683091e-05))
3.353333      	((-1.339998e+01 -1.465166e-02 6.985299e-02) (1.173100e-01 1.011212e-03 4.548538e-03)) ((1.760280e-03 -5.573928e-01 3.702294e-03) (9.736411e-06 2.650208e-03 7.204791e-05))
3.36          	((-1.445971e+01 -1.391658e-02 9.070349e-02) (1.110688e-01 1.000926e-03 4.520992e-03)) ((1.380891e-03 -5.867482e-01 4.115528e-03) (1.026396e-05 2.505273e-03 6.717737e-05))
3.366667      	((-1.548839e+01 -1.462982e-02 1.123283e-01) (1.046456e-01 9.904542e-04 4.495207e-03)) ((1.460095e-03 -6.149191e-01 4.191575e-03) (1.041848e-05 2.354546e-03 6.220322e-05))
3.373333      	((-1.648539e+01 -1.516567e-02 1.322667e-01) (9.805883e-02 9.809030e-04 4.469810e-03)) ((1.175451e-03 -6.419224e-01 4.493361e-03) (1.024337e-05 2.198707e-03 5.802113e-05))
3.38          	((-1.744628e+01 -1.284638e-02 1.561970e-01) (9.132799e-02 9.689038e-04 4.443207e-03)) ((9.344798e-04 -6.677267e-01 4.701740e-03) (9.657494e-06 2.038132e-03 5.434534e-05))
3.386667      	((-1.837227e+01 -1.427224e-02 1.751156e-01) (8.447070e-02 9.548157e-04 4.417575e-03)) ((7.991466e-04 -6.923626e-01 5.168087e-03) (9.154675e-06 1.873468e-03 5.148215e-05))
3.393333      	((-1.925751e+01 -1.464875e-02 1.936937e-01) (7.750321e-02 9.402395e-04 4.390993e-03)) ((7.861906e-04 -7.154724e-01 5.661048e-03) (8.897481e-06 1.705615e-03 4.875696e-05))
3.4           	((-2.010105e+01 -1.401974e-02 2.134746e-01) (7.044317e-02 9.257631e-04 4.363027e-03)) ((6.004402e-04 -7.373428e-01 6.092979e-03) (8.658940e-06 1.534846e-03 4.626628e-05))
3.406667      	((-2.090157e+01 -1.587687e-02 2.277769e-01) (6.330756e-02 9.096271e-04 4.336295e-03)) ((3.057991e-04 -7.576980e-01 6.494730e-03) (8.404928e-06 1.361419e-03 4.385643e-05))
3.413333      	((-2.165486e+01 -1.596754e-02 2.429779e-01) (5.611278e-02 8.922142e-04 4.311150e-03)) ((3.666377e-04 -7.769347e-01 6.802461e-03) (8.099527e-06 1.185593e-03 4.196685e-05))
3.42          	((-2.236521e+01 -1.443135e-02 2.563425e-01) (4.887541e-02 8.750504e-04 4.286409e-03)) ((4.598144e-04 -7.950556e-01 6.984776e-03) (7.834937e-06 1.008035e-03 4.019782e-05))
3.426667      	((-2.303085e+01 -1.456414e-02 2.674389e-01) (4.161311e-02 8.560281e-04 4.265049e-03)) ((-9.977810e-05 -8.112676e-01 7.236038e-03) (7.057810e-06 8.291708e-04 3.903500e-05))
3.433333      	((-2.364778e+01 -1.814811e-02 2.837819e-01) (3.434013e-02 8.389887e-04 4.243188e-03)) ((2.970786e-04 -8.260630e-01 7.609531e-03) (5.969073e-06 6.502227e-04 3.804799e-05))
3.44          	((-2.421652e+01 -1.812564e-02 2.920646e-01) (2.706776e-02 8.233729e-04 4.224113e-03)) ((1.340603e-04 -8.393792e-01 7.422003e-03) (4.843396e-06 4.711941e-04 3.698725e-05))
3.446667      	((-2.473549e+01 -1.718990e-02 3.075184e-01) (1.980957e-02 8.088714e-04 4.212077e-03)) ((-3.002510e-04 -8.514245e-01 7.955614e-03) (3.833790e-06 2.926476e-04 3.701698e-05))
3.453333      	((-2.520692e+01 -2.310148e-02 3.174730e-01) (1.257720e-02 7.968346e-04 4.205697e-03)) ((-2.469602e-04 -8.620712e-01 7.977295e-03) (2.801929e-06 1.147754e-04 3.733900e-05))
3.46          	((-2.562804e+01 -1.239564e-02 3.242089e-01) (5.378507e-03 7.833022e-04 4.202976e-03)) ((-3.122568e-04 -8.716715e-01 8.674424e-03) (1.770876e-06 -6.174925e-05 3.796243e-05))
3.466667      	((-2.599826e+01 -1.597446e-02 3.280365e-01) (-1.775069e-03 7.705125e-04 4.203580e-03)) ((-2.927203e-04 -8.788282e-01 9.492419e-03) (6.523446e-07 -2.374735e-04 3.849878e-05))
3.473333      	((-2.632395e+01 -1.434610e-02 3.285496e-01) (-8.878435e-03 7.551089e-04 4.213716e-03)) ((-3.213657e-04 -8.846740e-01 9.629612e-03) (-4.974766e-07 -4.122006e-04 3.849930e-05))
3.48          	((-2.660761e+01 -1.814347e-02 3.262682e-01) (-1.592716e-02 7.371935e-04 4.228414e-03)) ((-8.487250e-04 -8.891189e-01 1.085312e-02) (-1.175156e-06 -5.856189e-04 3.855488e-05))
3.486667      	((-2.684414e+01 -1.936642e-02 3.312037e-01) (-2.291715e-02 7.192556e-04 4.250978e-03)) ((-1.020071e-03 -8.928452e-01 1.065981e-02) (-1.775104e-06 -7.562960e-04 3.908491e-05))
3.493333      	((-2.704202e+01 -1.229872e-02 3.253605e-01) (-2.984085e-02 7.023902e-04 4.279368e-03)) ((-8.580396e-04 -8.943429e-01 1.079110e-02) (-2.392406e-06 -9.243485e-04 4.029671e-05))
3.5           	((-2.723602e+01 -2.254989e-02 3.030052e-01) (-3.669812e-02 6.871375e-04 4.312670e-03)) ((-5.261833e-04 -8.941062e-01 1.191649e-02) (-3.971660e-06 -1.090177e-03 4.170750e-05))
3.506667      	((-2.741501e+01 -1.548369e-02 4.561363e-01) (-4.349105e-02 6.674427e-04 4.356263e-03)) ((-2.425871e-03 -8.923430e-01 1.191334e-02) (-5.837784e-06 -1.252981e-03 4.385596e-05))
3.513333      	((-2.724050e+01 -2.159765e-02 1.920592e-01) (-5.015450e-02 6.451936e-04 4.403070e-03)) ((2.334619e-04 -8.859019e-01 1.168953e-02) (-7.860291e-06 -1.411393e-03 4.620232e-05))
3.52          	((-2.747476e+01 -1.126395e-02 2.723573e-01) (-5.675348e-02 6.235301e-04 4.461059e-03)) ((-1.542335e-03 -8.910778e-01 1.281211e-02) (-9.845123e-06 -1.567534e-03 4.912558e-05))
3.526667      	((-2.751581e+01 -9.888713e-03 2.822532e-01) (-6.328248e-02 6.003925e-04 4.525211e-03)) ((-1.504981e-03 -8.871715e-01 1.322782e-02) (-1.183386e-05 -1.719814e-03 5.242463e-05))
3.533333      	((-2.748653e+01 -1.103125e-02 2.710639e-01) (-6.973782e-02 5.800959e-04 4.591306e-03)) ((-1.341857e-03 -8.816575e-01 1.295443e-02) (-1.401185e-05 -1.868434e-03 5.643145e-05))
3.54          	((-2.741546e+01 -9.148852e-03 2.644324e-01) (-7.611751e-02 5.551491e-04 4.662227e-03)) ((-1.968259e-03 -8.747214e-01 1.313773e-02) (-1.619326e-05 -2.013717e-03 6.058126e-05))
3.546667      	((-2.730093e+01 -8.739418e-03 2.512191e-01) (-8.241049e-02 5.334009e-04 4.737698e-03)) ((-2.069917e-03 -8.659009e-01 1.317772e-02) (-1.798634e-05 -2.156140e-03 6.465988e-05))
3.553333      	((-2.714645e+01 -9.600874e-03 2.331147e-01) (-8.861507e-02 5.121869e-04 4.815440e-03)) ((-2.524841e-03 -8.553717e-01 1.263089e-02) (-1.939473e-05 -2.295091e-03 6.801438e-05))
3.56          	((-2.695634e+01 -7.951112e-03 2.174045e-01) (-9.473128e-02 4.895043e-04 4.898803e-03)) ((-2.603108e-03 -8.437174e-01 1.252254e-02) (-2.066436e-05 -2.430214e-03 7.056064e-05))
3.566667      	((-2.672475e+01 -3.358005e-03 1.969016e-01) (-1.007507e-01 4.629474e-04 4.986262e-03)) ((-2.998837e-03 -8.307284e-01 1.231272e-02) (-2.170112e-05 -2.560760e-03 7.277377e-05))
3.573333      	((-2.645588e+01 -1.447175e-03 1.810036e-01) (-1.066674e-01 4.361220e-04 5.076428e-03)) ((-3.115037e-03 -8.154577e-01 1.222291e-02) (-2.268224e-05 -2.687509e-03 7.462880e-05))
3.58          	((-2.614374e+01 1.453308e-03 1.638203e-01) (-1.124723e-01 4.092241e-04 5.165887e-03)) ((-3.504365e-03 -7.989147e-01 1.181783e-02) (-2.361631e-05 -2.809920e-03 7.531963e-05))
3.586667      	((-2.578877e+01 4.975564e-03 1.494019e-01) (-1.181558e-01 3.819848e-04 5.254273e-03)) ((-3.968553e-03 -7.808950e-01 1.141274e-02) (-2.449628e-05 -2.927647e-03 7.529096e-05))
3.593333      	((-2.539260e+01 6.832539e-03 1.359999e-01) (-1.237079e-01 3.537447e-04 5.340823e-03)) ((-4.549278e-03 -7.615727e-01 1.127175e-02) (-2.593060e-05 -3.040712e-03 7.402322e-05))
3.6           	((-2.495715e+01 9.613508e-03 1.174896e-01) (-1.291142e-01 3.251231e-04 5.426808e-03)) ((-5.059019e-03 -7.403068e-01 1.075387e-02) (-2.719265e-05 -3.149479e-03 7.225872e-05))
3.606667      	((-2.447742e+01 9.188764e-03 9.892783e-02) (-1.343632e-01 2.961788e-04 5.509558e-03)) ((-5.211356e-03 -7.168563e-01 1.040743e-02) (-2.798098e-05 -3.253354e-03 6.984885e-05))
3.613333      	((-2.395728e+01 1.024747e-02 7.817871e-02) (-1.394481e-01 2.670661e-04 5.588696e-03)) ((-5.817808e-03 -6.926039e-01 9.997769e-03) (-2.845980e-05 -3.352625e-03 6.598867e-05))
3.62          	((-2.339588e+01 1.050447e-02 6.052567e-02) (-1.443444e-01 2.396288e-04 5.661631e-03)) ((-6.353988e-03 -6.669763e-01 9.510178e-03) (-2.853149e-05 -3.447511e-03 6.129993e-05))
3.626667      	((-2.279282e+01 1.180306e-02 4.263498e-02) (-1.490399e-01 2.113773e-04 5.728651e-03)) ((-6.994843e-03 -6.400290e-01 8.881861e-03) (-2.806643e-05 -3.537992e-03 5.597574e-05))
3.633333      	((-2.214230e+01 1.314038e-02 2.619207e-02) (-1.535210e-01 1.818247e-04 5.791152e-03)) ((-7.374781e-03 -6.115809e-01 8.938489e-03) (-2.740892e-05 -3.624018e-03 4.985949e-05))
3.64          	((-2.145045e+01 1.184705e-02 8.477349e-03) (-1.577635e-01 1.547539e-04 5.848594e-03)) ((-7.751428e-03 -5.821785e-01 8.739678e-03) (-2.664034e-05 -3.706172e-03 4.297540e-05))
3.646667      	((-2.071813e+01 1.142749e-02 -4.257951e-03) (-1.617548e-01 1.296797e-04 5.898676e-03)) ((-8.320037e-03 -5.518344e-01 8.812098e-03) (-2.572797e-05 -3.784213e-03 3.545891e-05))
3.653333      	((-1.994194e+01 8.587111e-03 -1.987807e-02) (-1.654770e-01 1.045763e-04 5.939599e-03)) ((-8.590893e-03 -5.207619e-01 8.570157e-03) (-2.501025e-05 -3.857073e-03 2.633934e-05))
3.66          	((-1.912593e+01 6.521753e-03 -3.090674e-02) (-1.689153e-01 8.209709e-05 5.977511e-03)) ((-9.053059e-03 -4.887766e-01 8.475922e-03) (-2.435363e-05 -3.924421e-03 1.626178e-05))
3.666667      	((-1.827153e+01 7.105714e-03 -4.284918e-02) (-1.720587e-01 5.938800e-05 6.010303e-03)) ((-9.680666e-03 -4.558008e-01 7.989361e-03) (-2.368412e-05 -3.987352e-03 5.519660e-06))
3.673333      	((-1.737902e+01 8.347181e-03 -5.333918e-02) (-1.748951e-01 3.779288e-05 6.038593e-03)) ((-9.797634e-03 -4.217809e-01 7.796595e-03) (-2.325316e-05 -4.045607e-03 -5.390528e-06))
3.68          	((-1.644778e+01 7.461605e-03 -6.173333e-02) (-1.774142e-01 1.806281e-05 6.063631e-03)) ((-9.735089e-03 -3.868894e-01 7.744385e-03) (-2.305788e-05 -4.098479e-03 -1.684976e-05))
3.686667      	((-1.548417e+01 9.484097e-03 -6.501987e-02) (-1.796058e-01 3.545243e-06 6.087476e-03)) ((-1.010109e-02 -3.515720e-01 7.574311e-03) (-2.299311e-05 -4.145646e-03 -2.878557e-05))
3.693333      	((-1.448622e+01 1.117534e-02 -6.860979e-02) (-1.814585e-01 -8.899273e-06 6.115010e-03)) ((-1.002331e-02 -3.152648e-01 7.242347e-03) (-2.309925e-05 -4.187951e-03 -4.101839e-05))
3.7           	((-1.345394e+01 1.028070e-02 -6.475819e-02) (-1.829615e-01 -1.929111e-05 6.142916e-03)) ((-9.815712e-03 -2.786228e-01 6.582225e-03) (-2.325394e-05 -4.224088e-03 -5.370445e-05))
3.706667      	((-1.239378e+01 1.000106e-02 -5.997556e-02) (-1.841140e-01 -2.712885e-05 6.168621e-03)) ((-9.495387e-03 -2.415248e-01 5.994615e-03) (-2.370069e-05 -4.254461e-03 -6.606221e-05))
3.713333      	((-1.130871e+01 1.034803e-02 -5.750396e-02) (-1.849092e-01 -3.406711e-05 6.192795e-03)) ((-9.508848e-03 -2.037118e-01 5.487334e-03) (-2.442605e-05 -4.278167e-03 -7.765833e-05))
3.72          	((-1.019994e+01 1.272852e-02 -4.735695e-02) (-1.853397e-01 -4.091028e-05 6.215845e-03)) ((-9.401222e-03 -1.657837e-01 5.041722e-03) (-2.494349e-05 -4.295139e-03 -8.885515e-05))
3.726667      	((-9.067928e+00 1.405414e-02 -3.744024e-02) (-1.854047e-01 -4.595325e-05 6.235958e-03)) ((-8.997787e-03 -1.274087e-01 4.514303e-03) (-2.586061e-05 -4.305074e-03 -9.929158e-05))
3.733333      	((-7.916282e+00 1.616044e-02 -2.778806e-02) (-1.851022e-01 -4.760443e-05 6.255048e-03)) ((-8.941983e-03 -8.916801e-02 4.075125e-03) (-2.711308e-05 -4.307785e-03 -1.084646e-04))
3.74          	((-6.745801e+00 1.765695e-02 -1.988447e-02) (-1.844285e-01 -4.508706e-05 6.271225e-03)) ((-8.624910e-03 -5.042601e-02 3.744434e-03) (-2.792787e-05 -4.303090e-03 -1.166000e-04))
3.746667      	((-5.559611e+00 1.931491e-02 -9.077314e-03) (-1.833839e-01 -3.833751e-05 6.283336e-03)) ((-8.103119e-03 -1.185903e-02 3.223956e-03) (-2.826540e-05 -4.290628e-03 -1.235857e-04))
3.753333      	((-4.363894e+00 2.313935e-02 3.427491e-04) (-1.819683e-01 -3.014880e-05 6.293248e-03)) ((-7.722579e-03 2.686392e-02 3.059168e-03) (-2.881653e-05 -4.270602e-03 -1.299010e-04))
3.76          	((-3.154181e+00 2.517001e-02 1.247787e-02) (-1.801842e-01 -2.078191e-05 6.299957e-03)) ((-7.321953e-03 6.524154e-02 2.613497e-03) (-2.929503e-05 -4.242727e-03 -1.350310e-04))
3.766667      	((-1.937957e+00 2.833224e-02 2.261560e-02) (-1.780363e-01 -8.096936e-06 6.304528e-03)) ((-6.956483e-03 1.033539e-01 2.257029e-03) (-2.959961e-05 -4.206182e-03 -1.390754e-04))
3.773333      	((-7.152365e-01 3.030089e-02 3.601598e-02) (-1.755231e-01 7.169603e-06 6.303491e-03)) ((-6.121688e-03 1.414089e-01 1.886771e-03) (-2.953432e-05 -4.161189e-03 -1.426225e-04))
3.78          	((5.111646e-01 3.264102e-02 4.904911e-02) (-1.726568e-01 2.410080e-05 6.295858e-03)) ((-5.660978e-03 1.791952e-01 1.677028e-03) (-2.882592e-05 -4.107788e-03 -1.457591e-04))
3.786667      	((1.739111e+00 3.235684e-02 6.484848e-02) (-1.694407e-01 4.176726e-05 6.283675e-03)) ((-4.797625e-03 2.163568e-01 1.361264e-03) (-2.802111e-05 -4.045426e-03 -1.486668e-04))
3.793333      	((2.963731e+00 3.338528e-02 7.463082e-02) (-1.658866e-01 6.285352e-05 6.266342e-03)) ((-4.240830e-03 2.530574e-01 8.670537e-04) (-2.704804e-05 -3.974405e-03 -1.510734e-04))
3.8           	((4.178913e+00 3.492459e-02 8.186354e-02) (-1.620014e-01 8.583418e-05 6.243195e-03)) ((-3.537292e-03 2.891522e-01 7.424807e-04) (-2.593431e-05 -3.894332e-03 -1.531295e-04))
3.806667      	((5.385122e+00 3.338129e-02 8.640399e-02) (-1.577996e-01 1.103350e-04 6.216375e-03)) ((-2.856188e-03 3.242817e-01 3.588274e-04) (-2.453216e-05 -3.805522e-03 -1.549436e-04))
3.813333      	((6.578442e+00 3.473868e-02 9.427196e-02) (-1.532898e-01 1.372546e-04 6.185397e-03)) ((-2.266990e-03 3.588371e-01 1.976027e-04) (-2.327873e-05 -3.708231e-03 -1.565024e-04))
3.82          	((7.758875e+00 3.235815e-02 1.011613e-01) (-1.484886e-01 1.667889e-04 6.150078e-03)) ((-1.725419e-03 3.930901e-01 -3.679844e-04) (-2.155775e-05 -3.602940e-03 -1.574725e-04))
3.826667      	((8.923385e+00 3.001629e-02 1.061825e-01) (-1.434086e-01 1.972339e-04 6.111250e-03)) ((-9.128884e-04 4.266810e-01 -5.861282e-04) (-1.973484e-05 -3.489705e-03 -1.578123e-04))
3.833333      	((1.007265e+01 3.056447e-02 1.122762e-01) (-1.380621e-01 2.292395e-04 6.067725e-03)) ((-2.277238e-04 4.593020e-01 -1.012737e-03) (-1.803255e-05 -3.368617e-03 -1.576030e-04))
3.84          	((1.120302e+01 2.920036e-02 1.182117e-01) (-1.324661e-01 2.611117e-04 6.018859e-03)) ((6.288974e-04 4.911665e-01 -1.472671e-03) (-1.636375e-05 -3.240592e-03 -1.567327e-04))
3.846667      	((1.231274e+01 2.752943e-02 1.214538e-01) (-1.266406e-01 2.922843e-04 5.966528e-03)) ((1.150902e-03 5.220486e-01 -2.047469e-03) (-1.469618e-05 -3.105649e-03 -1.557159e-04))
3.853333      	((1.339547e+01 2.475214e-02 1.229480e-01) (-1.205992e-01 3.229168e-04 5.908714e-03)) ((1.738534e-03 5.519139e-01 -2.377539e-03) (-1.330600e-05 -2.964392e-03 -1.543756e-04))
3.86          	((1.444817e+01 2.304404e-02 1.220934e-01) (-1.143582e-01 3.534337e-04 5.847805e-03)) ((2.166739e-03 5.806926e-01 -2.974292e-03) (-1.181668e-05 -2.816652e-03 -1.522771e-04))
3.866667      	((1.547231e+01 2.202653e-02 1.271793e-01) (-1.079339e-01 3.847450e-04 5.784664e-03)) ((2.705298e-03 6.085584e-01 -3.240113e-03) (-1.041086e-05 -2.663344e-03 -1.500319e-04))
3.873333      	((1.646481e+01 2.119410e-02 1.291420e-01) (-1.013472e-01 4.126713e-04 5.719889e-03)) ((3.237269e-03 6.353660e-01 -3.416399e-03) (-8.889772e-06 -2.504949e-03 -1.473744e-04))
3.88          	((1.742087e+01 2.071636e-02 1.326932e-01) (-9.461297e-02 4.389948e-04 5.655281e-03)) ((3.464462e-03 6.608106e-01 -3.759200e-03) (-7.426520e-06 -2.341601e-03 -1.442031e-04))
3.886667      	((1.834071e+01 1.824242e-02 1.328397e-01) (-8.774914e-02 4.663938e-04 5.589907e-03)) ((3.928733e-03 6.852834e-01 -4.157891e-03) (-6.177068e-06 -2.174034e-03 -1.407025e-04))
3.893333      	((1.922297e+01 1.753095e-02 1.329136e-01) (-8.077394e-02 4.934437e-04 5.521518e-03)) ((4.471332e-03 7.086371e-01 -4.352765e-03) (-5.136626e-06 -2.002743e-03 -1.369125e-04))
3.9           	((2.006162e+01 1.716298e-02 1.362676e-01) (-7.370524e-02 5.181921e-04 5.450469e-03)) ((4.542509e-03 7.301405e-01 -5.038522e-03) (-4.158227e-06 -1.828070e-03 -1.327948e-04))
3.906667      	((2.086106e+01 1.518657e-02 1.339346e-01) (-6.655866e-02 5.430176e-04 5.377646e-03)) ((4.377721e-03 7.505898e-01 -6.020955e-03) (-3.467820e-06 -1.651049e-03 -1.284279e-04))
3.913333      	((2.161447e+01 1.485858e-02 1.306776e-01) (-5.935151e-02 5.663410e-04 5.301454e-03)) ((4.766864e-03 7.695846e-01 -6.339947e-03) (-2.973020e-06 -1.472309e-03 -1.239187e-04))
3.92          	((2.232506e+01 1.733895e-02 1.300703e-01) (-5.210119e-02 5.912807e-04 5.226138e-03)) ((4.738789e-03 7.871490e-01 -7.054324e-03) (-2.836422e-06 -1.292251e-03 -1.192091e-04))
3.926667      	((2.299130e+01 1.717260e-02 1.241114e-01) (-4.482412e-02 6.160804e-04 5.151072e-03)) ((4.577809e-03 8.032755e-01 -7.771635e-03) (-2.730542e-06 -1.111241e-03 -1.141634e-04))
3.933333      	((2.360494e+01 1.495157e-02 1.249096e-01) (-3.753316e-02 6.399329e-04 5.078699e-03)) ((4.630882e-03 8.173984e-01 -7.874138e-03) (-2.564365e-06 -9.297210e-04 -1.087478e-04))
3.94          	((2.417262e+01 1.533058e-02 1.199182e-01) (-3.024075e-02 6.641248e-04 5.009484e-03)) ((5.022112e-03 8.306908e-01 -8.380793e-03) (-2.463785e-06 -7.487914e-04 -1.030049e-04))
3.946667      	((2.468747e+01 1.924701e-02 1.096355e-01) (-2.296195e-02 6.844739e-04 4.944663e-03)) ((4.498029e-03 8.425842e-01 -8.763819e-03) (-2.298957e-06 -5.687214e-04 -9.643697e-05))
3.953333      	((2.515934e+01 1.482706e-02 1.146306e-01) (-1.570759e-02 7.017499e-04 4.880556e-03)) ((4.401115e-03 8.527707e-01 -9.216264e-03) (-1.985552e-06 -3.899390e-04 -8.996777e-05))
3.96          	((2.558147e+01 1.545512e-02 1.039695e-01) (-8.487067e-03 7.206963e-04 4.817798e-03)) ((4.167756e-03 8.616865e-01 -9.620090e-03) (-1.453537e-06 -2.131924e-04 -8.384458e-05))
3.966667      	((2.596022e+01 1.778512e-02 9.341963e-02) (-1.309622e-03 7.442704e-04 4.760627e-03)) ((3.732046e-03 8.705530e-01 -9.645090e-03) (-1.051234e-06 -3.865875e-05 -7.800368e-05))
3.973333      	((2.627958e+01 2.223050e-02 7.894436e-02) (5.816767e-03 7.700222e-04 4.705941e-03)) ((3.250045e-03 8.771457e-01 -9.757439e-03) (-6.616329e-07 1.336931e-04 -7.314025e-05))
3.98          	((2.656061e+01 2.987358e-02 5.638643e-02) (1.288463e-02 7.923521e-04 4.659389e-03)) ((3.140581e-03 8.818913e-01 -1.102604e-02) (-2.777520e-07 3.032873e-04 -6.877025e-05))
3.986667      	((2.680789e+01 1.925053e-02 3.410923e-02) (1.988636e-02 8.123989e-04 4.620082e-03)) ((2.672442e-03 8.854926e-01 -1.134043e-02) (3.543476e-07 4.696353e-04 -6.413248e-05))
3.993333      	((2.701402e+01 2.341396e-02 1.401066e-02) (2.681862e-02 8.293935e-04 4.590639e-03)) ((1.872602e-03 8.886734e-01 -1.115849e-02) (1.176646e-06 6.323772e-04 -6.006810e-05))
4             	((2.720634e+01 2.804677e-02 -2.910647e-02) (3.368329e-02 8.453965e-04 4.566951e-03)) ((1.603701e-03 8.903205e-01 -1.262669e-02) (2.027049e-06 7.930856e-04 -5.674256e-05))
4.006667      	((2.732740e+01 2.496980e-02 1.529773e-01) (4.047520e-02 8.629977e-04 4.556264e-03)) ((2.523837e-03 8.792544e-01 -1.272815e-02) (3.031208e-06 9.500582e-04 -5.394646e-05))
4.013333      	((2.721824e+01 2.872705e-02 -1.213354e-01) (4.714392e-02 8.808105e-04 4.546881e-03)) ((1.413337e-03 8.836420e-01 -1.248061e-02) (4.087478e-06 1.103648e-03 -5.137105e-05))
4.02          	((2.742277e+01 2.641074e-02 -1.363612e-01) (5.373957e-02 8.979835e-04 4.545554e-03)) ((3.721280e-04 8.860427e-01 -1.368977e-02) (4.910415e-06 1.254193e-03 -4.851003e-05))
4.026667      	((2.746113e+01 2.650827e-02 -1.174962e-01) (6.025580e-02 9.168097e-04 4.546274e-03)) ((1.216429e-03 8.805313e-01 -1.437001e-02) (5.178627e-06 1.401453e-03 -4.557817e-05))
4.033333      	((2.743452e+01 3.029829e-02 -1.326109e-01) (6.669096e-02 9.332755e-04 4.547371e-03)) ((1.517763e-03 8.749484e-01 -1.443967e-02) (5.243236e-06 1.544190e-03 -4.241339e-05))
4.04          	((2.736038e+01 2.823981e-02 -1.623946e-01) (7.304292e-02 9.482498e-04 4.551528e-03)) ((1.387908e-03 8.685230e-01 -1.412805e-02) (4.980735e-06 1.683493e-03 -3.987937e-05))
4.046667      	((2.724257e+01 2.607387e-02 -1.927112e-01) (7.930361e-02 9.604872e-04 4.559981e-03)) ((9.630310e-04 8.596855e-01 -1.421736e-02) (4.760268e-06 1.819531e-03 -3.699630e-05))
4.053333      	((2.709023e+01 2.498551e-02 -2.212179e-01) (8.547570e-02 9.722905e-04 4.577703e-03)) ((6.757944e-04 8.501295e-01 -1.469723e-02) (4.769784e-06 1.952381e-03 -3.457042e-05))
4.06          	((2.689728e+01 2.131246e-02 -2.527759e-01) (9.154839e-02 9.802814e-04 4.601531e-03)) ((7.731916e-04 8.383656e-01 -1.481912e-02) (5.495068e-06 2.081848e-03 -3.236465e-05))
4.066667      	((2.666549e+01 1.835155e-02 -2.817986e-01) (9.752203e-02 9.861284e-04 4.630397e-03)) ((7.159090e-04 8.256776e-01 -1.500412e-02) (6.205304e-06 2.207673e-03 -2.987970e-05))
4.073333      	((2.639579e+01 1.633520e-02 -3.118966e-01) (1.033867e-01 9.899322e-04 4.663406e-03)) ((7.151712e-04 8.117250e-01 -1.509573e-02) (6.899286e-06 2.330057e-03 -2.756802e-05))
4.08          	((2.608890e+01 1.064310e-02 -3.410648e-01) (1.091331e-01 9.963904e-04 4.701140e-03)) ((1.301664e-03 7.960681e-01 -1.514259e-02) (7.226539e-06 2.449101e-03 -2.495489e-05))
4.086667      	((2.573845e+01 4.081070e-03 -3.722100e-01) (1.147571e-01 1.003833e-03 4.745158e-03)) ((1.762742e-03 7.780115e-01 -1.508795e-02) (7.310371e-06 2.564416e-03 -2.189603e-05))
4.093333      	((2.534600e+01 -3.275536e-03 -3.968118e-01) (1.202458e-01 1.016355e-03 4.792289e-03)) ((2.228658e-03 7.584546e-01 -1.498766e-02) (7.835224e-06 2.675255e-03 -1.870754e-05))
4.1           	((2.491052e+01 -1.002549e-02 -4.184502e-01) (1.255911e-01 1.031439e-03 4.842404e-03)) ((2.402799e-03 7.374073e-01 -1.473058e-02) (7.875602e-06 2.782057e-03 -1.503136e-05))
4.106667      	((2.443379e+01 -1.789073e-02 -4.410704e-01) (1.307838e-01 1.050886e-03 4.895104e-03)) ((2.615050e-03 7.147433e-01 -1.479357e-02) (7.577899e-06 2.885761e-03 -1.104495e-05))
4.113333      	((2.391369e+01 -2.365422e-02 -4.602734e-01) (1.358113e-01 1.071696e-03 4.949655e-03)) ((2.888106e-03 6.906017e-01 -1.477788e-02) (7.256143e-06 2.985373e-03 -6.720466e-06))
4.12          	((2.335113e+01 -2.936443e-02 -4.811782e-01) (1.406578e-01 1.093650e-03 5.003661e-03)) ((3.226565e-03 6.650687e-01 -1.483640e-02) (6.441868e-06 3.081159e-03 -2.086944e-06))
4.126667      	((2.274503e+01 -3.518322e-02 -4.987891e-01) (1.453090e-01 1.115539e-03 5.052168e-03)) ((3.534105e-03 6.382112e-01 -1.473984e-02) (5.863572e-06 3.173294e-03 3.131342e-06))
4.133333      	((2.209684e+01 -4.307386e-02 -5.133971e-01) (1.497519e-01 1.138233e-03 5.096243e-03)) ((4.189803e-03 6.103072e-01 -1.473945e-02) (4.693658e-06 3.260738e-03 8.862644e-06))
4.14          	((2.140606e+01 -4.754269e-02 -5.256439e-01) (1.539691e-01 1.161472e-03 5.134223e-03)) ((4.475997e-03 5.809853e-01 -1.466203e-02) (3.841890e-06 3.343978e-03 1.479710e-05))
4.146667      	((2.067277e+01 -5.284073e-02 -5.396706e-01) (1.579448e-01 1.183966e-03 5.167382e-03)) ((4.963345e-03 5.505726e-01 -1.472056e-02) (2.814278e-06 3.423430e-03 2.174870e-05))
4.153333      	((1.989994e+01 -5.629545e-02 -5.464963e-01) (1.616699e-01 1.209453e-03 5.196802e-03)) ((5.194263e-03 5.194421e-01 -1.476693e-02) (2.022056e-06 3.498676e-03 2.843400e-05))
4.16          	((1.908554e+01 -5.897906e-02 -5.550044e-01) (1.651166e-01 1.234189e-03 5.218477e-03)) ((5.364977e-03 4.871090e-01 -1.443019e-02) (1.240956e-06 3.569474e-03 3.538244e-05))
4.166667      	((1.823477e+01 -6.020386e-02 -5.586942e-01) (1.682760e-01 1.254937e-03 5.232639e-03)) ((5.486839e-03 4.540453e-01 -1.421485e-02) (7.195606e-07 3.635245e-03 4.293126e-05))
4.173333      	((1.734620e+01 -5.968540e-02 -5.603642e-01) (1.711349e-01 1.272336e-03 5.243827e-03)) ((5.291759e-03 4.200827e-01 -1.399032e-02) (1.938120e-07 3.696369e-03 4.991450e-05))
4.18          	((1.642032e+01 -5.905287e-02 -5.577246e-01) (1.736912e-01 1.286149e-03 5.248638e-03)) ((5.033478e-03 3.856053e-01 -1.372678e-02) (-3.759943e-07 3.752461e-03 5.688836e-05))
4.186667      	((1.545900e+01 -6.066643e-02 -5.531223e-01) (1.759238e-01 1.296865e-03 5.250425e-03)) ((5.050938e-03 3.502685e-01 -1.351503e-02) (-1.473861e-06 3.803325e-03 6.435216e-05))
4.193333      	((1.446641e+01 -6.260956e-02 -5.433433e-01) (1.778241e-01 1.301753e-03 5.246764e-03)) ((5.500862e-03 3.141115e-01 -1.334422e-02) (-2.127821e-06 3.848037e-03 7.156199e-05))
4.2           	((1.344513e+01 -6.452351e-02 -5.321679e-01) (1.793816e-01 1.305572e-03 5.241909e-03)) ((5.204575e-03 2.774584e-01 -1.277524e-02) (-2.812719e-06 3.886269e-03 7.822044e-05))
4.206667      	((1.239221e+01 -6.210610e-02 -5.150595e-01) (1.805882e-01 1.306044e-03 5.232603e-03)) ((4.885079e-03 2.404477e-01 -1.201291e-02) (-3.532064e-06 3.918379e-03 8.473849e-05))
4.213333      	((1.131475e+01 -5.902922e-02 -4.977187e-01) (1.814356e-01 1.302002e-03 5.222070e-03)) ((4.807385e-03 2.027130e-01 -1.114425e-02) (-3.900199e-06 3.943656e-03 9.021929e-05))
4.22          	((1.021172e+01 -5.921665e-02 -4.784692e-01) (1.819168e-01 1.296754e-03 5.211248e-03)) ((4.852971e-03 1.646024e-01 -1.065041e-02) (-4.206129e-06 3.962058e-03 9.474325e-05))
4.226667      	((9.086404e+00 -5.633072e-02 -4.540882e-01) (1.820296e-01 1.288297e-03 5.196235e-03)) ((4.694371e-03 1.264959e-01 -9.923858e-03) (-4.588839e-06 3.973843e-03 9.852574e-05))
4.233333      	((7.940600e+00 -5.343129e-02 -4.290298e-01) (1.817686e-01 1.279601e-03 5.178736e-03)) ((4.610197e-03 8.811702e-02 -9.122879e-03) (-5.040403e-06 3.978061e-03 1.028062e-04))
4.24          	((6.776804e+00 -4.971437e-02 -4.023155e-01) (1.811270e-01 1.271847e-03 5.158760e-03)) ((4.265736e-03 4.938596e-02 -8.130689e-03) (-5.153799e-06 3.974752e-03 1.066319e-04))
4.246667      	((5.597712e+00 -4.852752e-02 -3.769158e-01) (1.801081e-01 1.263230e-03 5.135453e-03)) ((4.140416e-03 1.066686e-02 -7.099195e-03) (-5.338510e-06 3.963215e-03 1.096104e-04))
4.253333      	((4.402488e+00 -4.545330e-02 -3.489349e-01) (1.787102e-01 1.252177e-03 5.109523e-03)) ((3.910220e-03 -2.798612e-02 -6.068148e-03) (-5.425547e-06 3.943456e-03 1.119488e-04))
4.26          	((3.196212e+00 -4.248203e-02 -3.148869e-01) (1.769364e-01 1.238446e-03 5.082044e-03)) ((3.833560e-03 -6.665479e-02 -5.088041e-03) (-5.309089e-06 3.915813e-03 1.139727e-04))
4.266667      	((1.982255e+00 -4.041969e-02 -2.829949e-01) (1.747988e-01 1.224929e-03 5.052154e-03)) ((3.733768e-03 -1.055722e-01 -4.198342e-03) (-5.260403e-06 3.880288e-03 1.153584e-04))
4.273333      	((7.592660e-01 -3.643285e-02 -2.521801e-01) (1.722964e-01 1.212343e-03 5.021804e-03)) ((3.192801e-03 -1.437720e-01 -3.218198e-03) (-4.786773e-06 3.836347e-03 1.149359e-04))
4.28          	((-4.671633e-01 -3.186194e-02 -2.215098e-01) (1.694342e-01 1.199111e-03 4.990312e-03)) ((2.849917e-03 -1.816475e-01 -2.202735e-03) (-4.136172e-06 3.784074e-03 1.145840e-04))
4.286667      	((-1.696000e+00 -2.994531e-02 -1.917567e-01) (1.662156e-01 1.184559e-03 4.958183e-03)) ((2.600988e-03 -2.190534e-01 -1.468594e-03) (-3.309363e-06 3.723101e-03 1.133162e-04))
4.293333      	((-2.922082e+00 -2.816225e-02 -1.580804e-01) (1.626561e-01 1.172212e-03 4.923187e-03)) ((2.578865e-03 -2.560934e-01 -1.071233e-03) (-2.552840e-06 3.653380e-03 1.110229e-04))
4.3           	((-4.141115e+00 -2.502880e-02 -1.288407e-01) (1.587631e-01 1.163070e-03 4.887196e-03)) ((2.193122e-03 -2.922687e-01 -3.854807e-04) (-1.861434e-06 3.575420e-03 1.082575e-04))
4.306667      	((-5.348884e+00 -2.284738e-02 -9.980305e-02) (1.545523e-01 1.155588e-03 4.850897e-03)) ((2.093998e-03 -3.279022e-01 -2.259091e-04) (-1.336922e-06 3.489579e-03 1.053292e-04))
4.313333      	((-6.547797e+00 -2.271232e-02 -7.637743e-02) (1.500306e-01 1.149328e-03 4.815151e-03)) ((1.828222e-03 -3.632020e-01 1.311552e-04) (-9.689835e-07 3.395433e-03 1.018305e-04))
4.32          	((-7.733981e+00 -1.833178e-02 -5.116468e-02) (1.452188e-01 1.142848e-03 4.780133e-03)) ((1.421291e-03 -3.975887e-01 7.937102e-04) (-1.471217e-07 3.293513e-03 9.811956e-05))
4.326667      	((-8.905591e+00 -1.560861e-02 -2.364352e-02) (1.401281e-01 1.135331e-03 4.746443e-03)) ((1.228706e-03 -4.314811e-01 1.460593e-03) (7.830812e-07 3.183899e-03 9.443398e-05))
4.333333      	((-1.006136e+01 -1.417080e-02 2.253187e-03) (1.347724e-01 1.126062e-03 4.711574e-03)) ((1.069933e-03 -4.647660e-01 1.901699e-03) (1.731953e-06 3.066215e-03 9.079617e-05))
4.34          	((-1.119559e+01 -1.323120e-02 2.866844e-02) (1.291683e-01 1.116350e-03 4.677935e-03)) ((9.490058e-04 -4.966789e-01 2.480700e-03) (2.586229e-06 2.941115e-03 8.647521e-05))
4.346667      	((-1.230838e+01 -1.450437e-02 5.083162e-02) (1.233300e-01 1.106934e-03 4.647867e-03)) ((1.247346e-03 -5.276835e-01 2.804800e-03) (3.470062e-06 2.808623e-03 8.195275e-05))
4.353333      	((-1.339551e+01 -1.262267e-02 7.596152e-02) (1.172807e-01 1.096698e-03 4.617034e-03)) ((1.299182e-03 -5.579212e-01 3.009504e-03) (4.259059e-06 2.669552e-03 7.726359e-05))
4.36          	((-1.445503e+01 -1.258835e-02 9.719673e-02) (1.110334e-01 1.085975e-03 4.588365e-03)) ((1.066703e-03 -5.872039e-01 3.595097e-03) (4.840218e-06 2.524324e-03 7.239364e-05))
4.366667      	((-1.548546e+01 -1.280333e-02 1.181437e-01) (1.046071e-01 1.076651e-03 4.560948e-03)) ((9.470513e-04 -6.153954e-01 3.593960e-03) (5.072660e-06 2.373350e-03 6.773848e-05))
4.373333      	((-1.648177e+01 -1.355532e-02 1.407730e-01) (9.801890e-02 1.068229e-03 4.533893e-03)) ((6.284966e-04 -6.422604e-01 3.806730e-03) (4.808951e-06 2.217129e-03 6.381716e-05))
4.38          	((-1.744312e+01 -1.315883e-02 1.620378e-01) (9.128714e-02 1.055447e-03 4.507582e-03)) ((5.373434e-04 -6.679712e-01 4.271973e-03) (4.302382e-06 2.056038e-03 6.030334e-05))
4.386667      	((-1.836829e+01 -1.369966e-02 1.810851e-01) (8.442848e-02 1.041754e-03 4.481371e-03)) ((3.325738e-04 -6.926218e-01 4.652799e-03) (3.783719e-06 1.890862e-03 5.766125e-05))
4.393333      	((-1.925473e+01 -1.312110e-02 1.997638e-01) (7.746199e-02 1.028196e-03 4.455535e-03)) ((1.870575e-04 -7.156568e-01 5.171771e-03) (3.605311e-06 1.722431e-03 5.532327e-05))
4.4           	((-2.009774e+01 -1.100908e-02 2.200972e-01) (7.040499e-02 1.013756e-03 4.426834e-03)) ((1.264718e-04 -7.374678e-01 5.658119e-03) (3.240458e-06 1.551150e-03 5.282019e-05))
4.406667      	((-2.089766e+01 -1.419834e-02 2.352403e-01) (6.327272e-02 9.999796e-04 4.400077e-03)) ((-3.260698e-05 -7.577317e-01 5.882296e-03) (2.998498e-06 1.376987e-03 5.036787e-05))
4.413333      	((-2.164997e+01 -1.489780e-02 2.485863e-01) (5.608181e-02 9.833664e-04 4.374591e-03)) ((-1.862226e-04 -7.770268e-01 5.998457e-03) (2.738965e-06 1.200556e-03 4.830541e-05))
4.42          	((-2.236101e+01 -1.623646e-02 2.632988e-01) (4.884983e-02 9.652397e-04 4.350134e-03)) ((5.574048e-05 -7.950419e-01 6.396567e-03) (2.258779e-06 1.022351e-03 4.629400e-05))
4.426667      	((-2.302559e+01 -1.500155e-02 2.788080e-01) (4.159413e-02 9.454372e-04 4.326951e-03)) ((-1.249280e-04 -8.111835e-01 6.753337e-03) (1.261865e-06 8.426371e-04 4.515202e-05))
4.433333      	((-2.364320e+01 -1.697475e-02 2.928112e-01) (3.432852e-02 9.284916e-04 4.305452e-03)) ((2.877386e-04 -8.259657e-01 7.431631e-03) (1.015788e-07 6.631387e-04 4.423656e-05))
4.44          	((-2.421325e+01 -1.892345e-02 2.984842e-01) (2.706341e-02 9.128253e-04 4.286700e-03)) ((2.636631e-04 -8.396486e-01 7.352573e-03) (-8.555936e-07 4.833307e-04 4.357088e-05))
4.446667      	((-2.473267e+01 -1.540518e-02 3.122605e-01) (1.981376e-02 8.980154e-04 4.274276e-03)) ((-3.004640e-04 -8.518407e-01 7.523042e-03) (-1.967121e-06 3.041447e-04 4.374439e-05))
4.453333      	((-2.520374e+01 -2.246241e-02 3.249764e-01) (1.259161e-02 8.861605e-04 4.266262e-03)) ((-3.299191e-04 -8.625665e-01 7.588187e-03) (-3.009273e-06 1.256163e-04 4.423544e-05))
4.46          	((-2.562553e+01 -1.346888e-02 3.281120e-01) (5.403978e-03 8.721641e-04 4.262570e-03)) ((-2.283553e-04 -8.724439e-01 8.009485e-03) (-3.968320e-06 -5.181167e-05 4.485569e-05))
4.466667      	((-2.599538e+01 -1.480007e-02 3.331944e-01) (-1.738766e-03 8.584466e-04 4.263587e-03)) ((-4.458903e-04 -8.794245e-01 9.017926e-03) (-4.940056e-06 -2.283802e-04 4.568843e-05))
4.473333      	((-2.632194e+01 -1.783173e-02 3.320438e-01) (-8.833137e-03 8.428405e-04 4.273154e-03)) ((-2.106237e-04 -8.851300e-01 9.587420e-03) (-5.987967e-06 -4.038965e-04 4.619762e-05))
4.48          	((-2.660980e+01 -1.819593e-02 3.301616e-01) (-1.587327e-02 8.257279e-04 4.288047e-03)) ((-8.720194e-04 -8.893409e-01 1.034352e-02) (-6.583991e-06 -5.780146e-04 4.655976e-05))
4.486667      	((-2.684361e+01 -2.128014e-02 3.388133e-01) (-2.285109e-02 8.072406e-04 4.310050e-03)) ((-5.125784e-04 -8.930462e-01 1.029793e-02) (-7.210812e-06 -7.496690e-04 4.728854e-05))
4.493333      	((-2.703896e+01 -9.699242e-03 3.309918e-01) (-2.976327e-02 7.898594e-04 4.336810e-03)) ((-1.119073e-03 -8.945675e-01 1.030963e-02) (-7.975202e-06 -9.184240e-04 4.880705e-05))
4.5           	((-2.723398e+01 -2.021532e-02 3.086289e-01) (-3.661011e-02 7.729630e-04 4.369167e-03)) ((-5.888305e-04 -8.950178e-01 1.134975e-02) (-9.601276e-06 -1.085000e-03 5.010469e-05))
4.506667      	((-2.739125e+01 -1.765613e-02 4.637039e-01) (-4.338926e-02 7.502060e-04 4.416422e-03)) ((-2.886481e-03 -8.950927e-01 1.133058e-02) (-1.099392e-05 -1.248611e-03 5.217784e-05))
4.513333      	((-2.723431e+01 -2.070007e-02 1.970393e-01) (-5.004169e-02 7.278500e-04 4.463119e-03)) ((4.332845e-04 -8.856922e-01 1.133062e-02) (-1.278339e-05 -1.407537e-03 5.461858e-05))
4.52          	((-2.746892e+01 -1.040846e-02 2.890994e-01) (-5.662588e-02 7.044788e-04 4.519665e-03)) ((-1.397631e-03 -8.913018e-01 1.227869e-02) (-1.470240e-05 -1.564147e-03 5.754045e-05))
4.526667      	((-2.750537e+01 -9.943623e-03 2.894982e-01) (-6.314149e-02 6.807116e-04 4.583282e-03)) ((-1.138107e-03 -8.872460e-01 1.298741e-02) (-1.648920e-05 -1.717046e-03 6.092741e-05))
4.533333      	((-2.747970e+01 -8.700535e-03 2.771867e-01) (-6.958511e-02 6.589378e-04 4.648221e-03)) ((-1.259657e-03 -8.818557e-01 1.289056e-02) (-1.797561e-05 -1.865945e-03 6.478951e-05))
4.54          	((-2.740846e+01 -1.018018e-02 2.702428e-01) (-7.595282e-02 6.332795e-04 4.719010e-03)) ((-2.076863e-03 -8.752501e-01 1.290865e-02) (-1.967083e-05 -2.011763e-03 6.894791e-05))
4.546667      	((-2.729335e+01 -1.000407e-02 2.553189e-01) (-8.223525e-02 6.105058e-04 4.793258e-03)) ((-2.223332e-03 -8.662913e-01 1.253346e-02) (-2.115062e-05 -2.154438e-03 7.293541e-05))
4.553333      	((-2.713823e+01 -9.957158e-03 2.360773e-01) (-8.842847e-02 5.884948e-04 4.871061e-03)) ((-2.499480e-03 -8.561790e-01 1.245816e-02) (-2.233279e-05 -2.293779e-03 7.600582e-05))
4.56          	((-2.694928e+01 -7.050563e-03 2.166171e-01) (-9.453378e-02 5.634850e-04 4.954275e-03)) ((-2.636049e-03 -8.446932e-01 1.206340e-02) (-2.335155e-05 -2.429083e-03 7.876142e-05))
4.566667      	((-2.671849e+01 -5.110427e-03 2.011441e-01) (-1.005431e-01 5.385492e-04 5.039917e-03)) ((-2.760320e-03 -8.312169e-01 1.203677e-02) (-2.450608e-05 -2.559918e-03 8.113541e-05))
4.573333      	((-2.645014e+01 -3.142851e-03 1.871642e-01) (-1.064489e-01 5.102482e-04 5.129017e-03)) ((-3.121001e-03 -8.160899e-01 1.175742e-02) (-2.534033e-05 -2.686813e-03 8.230243e-05))
4.58          	((-2.614001e+01 -1.357779e-03 1.706440e-01) (-1.122451e-01 4.819910e-04 5.217337e-03)) ((-3.610166e-03 -7.995551e-01 1.157479e-02) (-2.603349e-05 -2.809238e-03 8.292016e-05))
4.586667      	((-2.578452e+01 2.139878e-03 1.512622e-01) (-1.179198e-01 4.519669e-04 5.305663e-03)) ((-3.885912e-03 -7.811876e-01 1.108482e-02) (-2.707808e-05 -2.926690e-03 8.271805e-05))
4.593333      	((-2.538926e+01 5.360707e-03 1.356602e-01) (-1.234629e-01 4.246293e-04 5.393399e-03)) ((-4.790199e-03 -7.617817e-01 1.097624e-02) (-2.838434e-05 -3.039480e-03 8.114723e-05))
4.6           	((-2.495267e+01 7.414516e-03 1.179172e-01) (-1.288617e-01 3.946860e-04 5.477725e-03)) ((-5.112695e-03 -7.407347e-01 1.053242e-02) (-2.947613e-05 -3.147797e-03 7.907581e-05))
4.606667      	((-2.447259e+01 7.591136e-03 9.677030e-02) (-1.341059e-01 3.638623e-04 5.560287e-03)) ((-5.296092e-03 -7.174501e-01 1.005629e-02) (-3.029642e-05 -3.251461e-03 7.614624e-05))
4.613333      	((-2.395095e+01 8.480860e-03 8.096155e-02) (-1.391777e-01 3.332791e-04 5.638941e-03)) ((-5.797982e-03 -6.932798e-01 9.702804e-03) (-3.094785e-05 -3.350495e-03 7.219178e-05))
4.62          	((-2.338875e+01 1.077521e-02 6.053725e-02) (-1.440683e-01 3.033578e-04 5.712559e-03)) ((-6.212848e-03 -6.674761e-01 9.402982e-03) (-3.112842e-05 -3.445233e-03 6.758219e-05))
4.626667      	((-2.278531e+01 1.060070e-02 4.101144e-02) (-1.487587e-01 2.719789e-04 5.779349e-03)) ((-7.075961e-03 -6.404342e-01 8.878462e-03) (-3.058822e-05 -3.535302e-03 6.221229e-05))
4.633333      	((-2.213579e+01 1.234301e-02 2.518751e-02) (-1.532350e-01 2.393520e-04 5.842429e-03)) ((-7.621029e-03 -6.121853e-01 8.687667e-03) (-2.988959e-05 -3.620998e-03 5.601288e-05))
4.64          	((-2.144399e+01 1.115605e-02 7.043418e-03) (-1.574707e-01 2.090706e-04 5.898648e-03)) ((-7.885482e-03 -5.825997e-01 8.594565e-03) (-2.899442e-05 -3.702762e-03 4.910111e-05))
4.646667      	((-2.071091e+01 9.413524e-03 -4.722750e-03) (-1.614530e-01 1.815215e-04 5.947180e-03)) ((-8.380484e-03 -5.522732e-01 8.811754e-03) (-2.826902e-05 -3.780247e-03 4.130757e-05))
4.653333      	((-1.993504e+01 7.180113e-03 -1.595713e-02) (-1.651698e-01 1.540367e-04 5.988624e-03)) ((-8.847939e-03 -5.211823e-01 8.519794e-03) (-2.738052e-05 -3.852856e-03 3.220677e-05))
4.66          	((-1.911876e+01 5.653913e-03 -3.032291e-02) (-1.686024e-01 1.276289e-04 6.026028e-03)) ((-9.436489e-03 -4.893007e-01 8.393979e-03) (-2.676923e-05 -3.920484e-03 2.224531e-05))
4.666667      	((-1.826455e+01 7.147790e-03 -4.225400e-02) (-1.717405e-01 1.025990e-04 6.058386e-03)) ((-9.913229e-03 -4.562828e-01 7.992521e-03) (-2.632151e-05 -3.983408e-03 1.170216e-05))
4.673333      	((-1.737177e+01 7.414241e-03 -5.363183e-02) (-1.745703e-01 7.952742e-05 6.084292e-03)) ((-1.023868e-02 -4.222245e-01 7.637860e-03) (-2.595513e-05 -4.041267e-03 1.010645e-06))
4.68          	((-1.644015e+01 6.270292e-03 -6.181224e-02) (-1.770872e-01 5.783575e-05 6.108493e-03)) ((-1.011988e-02 -3.872871e-01 7.625880e-03) (-2.571898e-05 -4.094095e-03 -1.034410e-05))
4.686667      	((-1.547600e+01 9.524543e-03 -6.563743e-02) (-1.792744e-01 4.076185e-05 6.131616e-03)) ((-1.052273e-02 -3.518642e-01 7.602825e-03) (-2.547976e-05 -4.141143e-03 -2.254243e-05))
4.693333      	((-1.447821e+01 1.037222e-02 -6.687241e-02) (-1.811205e-01 2.703542e-05 6.158403e-03)) ((-1.035444e-02 -3.155975e-01 7.035843e-03) (-2.562054e-05 -4.183134e-03 -3.530350e-05))
4.7           	((-1.344416e+01 1.063947e-02 -6.118208e-02) (-1.826199e-01 1.572536e-05 6.185795e-03)) ((-1.016911e-02 -2.789250e-01 6.418897e-03) (-2.571853e-05 -4.219395e-03 -4.759634e-05))
4.706667      	((-1.238439e+01 9.855232e-03 -5.843323e-02) (-1.837680e-01 7.937704e-06 6.210414e-03)) ((-9.709657e-03 -2.415740e-01 6.032233e-03) (-2.598667e-05 -4.249777e-03 -5.980232e-05))
4.713333      	((-1.129888e+01 1.150003e-02 -5.535891e-02) (-1.845589e-01 2.560897e-08 6.234531e-03)) ((-9.900020e-03 -2.039371e-01 5.694092e-03) (-2.651809e-05 -4.273504e-03 -7.133853e-05))
4.72          	((-1.018981e+01 1.351712e-02 -4.560546e-02) (-1.849861e-01 -7.971449e-06 6.258511e-03)) ((-9.799185e-03 -1.658093e-01 5.005694e-03) (-2.712413e-05 -4.290434e-03 -8.284731e-05))
4.726667      	((-9.057511e+00 1.379006e-02 -3.679075e-02) (-1.850469e-01 -1.204420e-05 6.279646e-03)) ((-9.332320e-03 -1.273866e-01 4.547390e-03) (-2.808431e-05 -4.300256e-03 -9.329355e-05))
4.733333      	((-7.904851e+00 1.738080e-02 -2.732346e-02) (-1.847409e-01 -1.414792e-05 6.298051e-03)) ((-9.052613e-03 -8.903523e-02 4.131188e-03) (-2.902668e-05 -4.302806e-03 -1.025508e-04))
4.74          	((-6.734510e+00 1.823117e-02 -2.019258e-02) (-1.840643e-01 -1.070768e-05 6.314964e-03)) ((-8.646267e-03 -5.034825e-02 3.741012e-03) (-2.978914e-05 -4.298080e-03 -1.109627e-04))
4.746667      	((-5.548771e+00 2.079551e-02 -1.041635e-02) (-1.830192e-01 -3.566081e-06 6.327182e-03)) ((-8.242841e-03 -1.179017e-02 3.274593e-03) (-3.008185e-05 -4.285593e-03 -1.181485e-04))
4.753333      	((-4.352931e+00 2.545986e-02 -1.811209e-04) (-1.815996e-01 6.140932e-06 6.337232e-03)) ((-7.869531e-03 2.696343e-02 3.175212e-03) (-3.020450e-05 -4.265272e-03 -1.240651e-04))
4.76          	((-3.142764e+00 2.630428e-02 1.006411e-02) (-1.798142e-01 1.640830e-05 6.344123e-03)) ((-7.379322e-03 6.540732e-02 2.755199e-03) (-3.036654e-05 -4.237243e-03 -1.291771e-04))
4.766667      	((-1.925750e+00 2.972518e-02 2.128017e-02) (-1.776657e-01 2.990985e-05 6.347739e-03)) ((-6.814724e-03 1.037202e-01 2.439809e-03) (-3.040243e-05 -4.200941e-03 -1.334085e-04))
4.773333      	((-7.033570e-01 3.185582e-02 3.465533e-02) (-1.751526e-01 4.613304e-05 6.346649e-03)) ((-6.002788e-03 1.416817e-01 2.002570e-03) (-3.027168e-05 -4.155596e-03 -1.372025e-04))
4.78          	((5.233443e-01 3.294273e-02 4.761575e-02) (-1.722859e-01 6.518637e-05 6.338839e-03)) ((-5.382808e-03 1.795471e-01 1.837869e-03) (-2.964723e-05 -4.102037e-03 -1.405797e-04))
4.786667      	((1.751090e+00 3.350430e-02 6.247007e-02) (-1.690710e-01 8.409372e-05 6.327304e-03)) ((-4.636566e-03 2.167761e-01 1.578372e-03) (-2.865802e-05 -4.039475e-03 -1.434958e-04))
4.793333      	((2.975958e+00 3.521807e-02 7.375336e-02) (-1.655176e-01 1.061124e-04 6.310250e-03)) ((-3.928615e-03 2.535322e-01 1.056868e-03) (-2.774987e-05 -3.968336e-03 -1.460837e-04))
4.8           	((4.191174e+00 3.502476e-02 8.054097e-02) (-1.616351e-01 1.311316e-04 6.287311e-03)) ((-3.184075e-03 2.895557e-01 8.998369e-04) (-2.676313e-05 -3.888297e-03 -1.482628e-04))
4.806667      	((5.398147e+00 3.522761e-02 8.549094e-02) (-1.574365e-01 1.571245e-04 6.260274e-03)) ((-2.524609e-03 3.247955e-01 5.397444e-04) (-2.539686e-05 -3.799701e-03 -1.501725e-04))
4.813333      	((6.590923e+00 3.602149e-02 9.190232e-02) (-1.529314e-01 1.864100e-04 6.228861e-03)) ((-2.152526e-03 3.592545e-01 4.263634e-04) (-2.380878e-05 -3.702349e-03 -1.518752e-04))
4.82          	((7.770650e+00 3.402637e-02 9.709803e-02) (-1.481342e-01 2.172587e-04 6.193077e-03)) ((-1.482192e-03 3.935560e-01 -5.090129e-05) (-2.186462e-05 -3.596897e-03 -1.531799e-04))
4.826667      	((8.936148e+00 3.227562e-02 1.042967e-01) (-1.430565e-01 2.493460e-04 6.155674e-03)) ((-6.254447e-04 4.272173e-01 -3.990198e-04) (-1.984551e-05 -3.483296e-03 -1.535814e-04))
4.833333      	((1.008500e+01 3.173170e-02 1.110018e-01) (-1.377158e-01 2.826731e-04 6.111562e-03)) ((6.594129e-05 4.597691e-01 -7.970090e-04) (-1.792893e-05 -3.362223e-03 -1.535470e-04))
4.84          	((1.121502e+01 3.018328e-02 1.171753e-01) (-1.321257e-01 3.164548e-04 6.063246e-03)) ((1.051133e-03 4.915441e-01 -1.294361e-03) (-1.605283e-05 -3.234166e-03 -1.530916e-04))
4.846667      	((1.232440e+01 2.888177e-02 1.209876e-01) (-1.263061e-01 3.494831e-04 6.011058e-03)) ((1.662160e-03 5.223876e-01 -1.811054e-03) (-1.426422e-05 -3.099282e-03 -1.524630e-04))
4.853333      	((1.340698e+01 2.697848e-02 1.228634e-01) (-1.202720e-01 3.824989e-04 5.954593e-03)) ((2.079319e-03 5.522449e-01 -2.222526e-03) (-1.267362e-05 -2.957766e-03 -1.512846e-04))
4.86          	((1.445975e+01 2.461710e-02 1.237829e-01) (-1.140376e-01 4.147448e-04 5.894740e-03)) ((2.653139e-03 5.810460e-01 -2.803408e-03) (-1.120748e-05 -2.809938e-03 -1.495683e-04))
4.866667      	((1.548295e+01 2.343551e-02 1.287965e-01) (-1.076215e-01 4.476609e-04 5.832963e-03)) ((3.277738e-03 6.088763e-01 -3.078637e-03) (-9.666523e-06 -2.656562e-03 -1.475957e-04))
4.873333      	((1.647447e+01 2.335483e-02 1.287495e-01) (-1.010427e-01 4.776971e-04 5.769260e-03)) ((3.755611e-03 6.356027e-01 -3.364319e-03) (-8.121222e-06 -2.498003e-03 -1.451077e-04))
4.88          	((1.743110e+01 2.280175e-02 1.332788e-01) (-9.431615e-02 5.050018e-04 5.704635e-03)) ((4.068294e-03 6.611172e-01 -3.754232e-03) (-6.483769e-06 -2.334718e-03 -1.422431e-04))
4.886667      	((1.835058e+01 2.100112e-02 1.339203e-01) (-8.746224e-02 5.333604e-04 5.638778e-03)) ((4.480144e-03 6.853922e-01 -4.153047e-03) (-5.294179e-06 -2.167201e-03 -1.387926e-04))
4.893333      	((1.923192e+01 1.884097e-02 1.352627e-01) (-8.049727e-02 5.601849e-04 5.570527e-03)) ((4.846284e-03 7.086474e-01 -4.404851e-03) (-4.111618e-06 -1.995850e-03 -1.351195e-04))
4.9           	((2.007032e+01 1.893945e-02 1.381148e-01) (-7.343846e-02 5.853683e-04 5.500173e-03)) ((4.973726e-03 7.302417e-01 -5.123290e-03) (-3.136356e-06 -1.821114e-03 -1.312630e-04))
4.906667      	((2.086849e+01 1.691323e-02 1.370482e-01) (-6.630260e-02 6.103240e-04 5.427657e-03)) ((4.894803e-03 7.505587e-01 -5.919694e-03) (-2.386977e-06 -1.643918e-03 -1.272153e-04))
4.913333      	((2.162142e+01 1.704414e-02 1.362012e-01) (-5.910634e-02 6.341567e-04 5.352512e-03)) ((5.156464e-03 7.694876e-01 -6.324260e-03) (-1.823032e-06 -1.465221e-03 -1.228732e-04))
4.92          	((2.233175e+01 1.815972e-02 1.347353e-01) (-5.186668e-02 6.593065e-04 5.277877e-03)) ((5.161784e-03 7.870446e-01 -7.136313e-03) (-1.646104e-06 -1.285103e-03 -1.186803e-04))
4.926667      	((2.299668e+01 1.922640e-02 1.307621e-01) (-4.460233e-02 6.847268e-04 5.202851e-03)) ((4.881603e-03 8.029966e-01 -7.887109e-03) (-1.449447e-06 -1.103986e-03 -1.141727e-04))
4.933333      	((2.360966e+01 1.724109e-02 1.312173e-01) (-3.732439e-02 7.102643e-04 5.130193e-03)) ((5.044197e-03 8.174520e-01 -8.168058e-03) (-1.423952e-06 -9.223275e-04 -1.091161e-04))
4.94          	((2.417751e+01 1.747565e-02 1.266568e-01) (-3.004434e-02 7.333881e-04 5.061166e-03)) ((5.092324e-03 8.309002e-01 -8.263143e-03) (-1.221282e-06 -7.411741e-04 -1.034919e-04))
4.946667      	((2.469246e+01 2.003106e-02 1.182893e-01) (-2.277704e-02 7.536202e-04 4.997099e-03)) ((4.555371e-03 8.424171e-01 -8.787221e-03) (-1.152310e-06 -5.610515e-04 -9.706765e-05))
4.953333      	((2.516407e+01 1.560261e-02 1.156651e-01) (-1.553561e-02 7.720704e-04 4.933354e-03)) ((4.959011e-03 8.528655e-01 -9.425881e-03) (-7.471880e-07 -3.819076e-04 -9.113438e-05))
4.96          	((2.558523e+01 1.685295e-02 1.069954e-01) (-8.327990e-03 7.906836e-04 4.869867e-03)) ((4.670907e-03 8.616550e-01 -9.876450e-03) (-1.772176e-07 -2.048417e-04 -8.552897e-05))
4.966667      	((2.596327e+01 1.858875e-02 9.033231e-02) (-1.163548e-03 8.129336e-04 4.811633e-03)) ((4.290874e-03 8.705771e-01 -9.532026e-03) (1.152992e-07 -3.040979e-05 -7.997651e-05))
4.973333      	((2.628511e+01 2.407716e-02 8.026897e-02) (5.951841e-03 8.381870e-04 4.757394e-03)) ((3.444031e-03 8.772725e-01 -9.959750e-03) (3.020982e-07 1.419130e-04 -7.527938e-05))
4.98          	((2.656621e+01 2.834378e-02 5.912244e-02) (1.300819e-02 8.602517e-04 4.710587e-03)) ((3.178897e-03 8.819470e-01 -1.118510e-02) (6.533828e-07 3.118421e-04 -7.109726e-05))
4.986667      	((2.681104e+01 2.031279e-02 3.863255e-02) (1.999860e-02 8.802875e-04 4.672040e-03)) ((2.575715e-03 8.853936e-01 -1.141855e-02) (1.137361e-06 4.784910e-04 -6.657897e-05))
4.993333      	((2.701682e+01 2.743851e-02 2.198783e-02) (2.691854e-02 8.981114e-04 4.642690e-03)) ((1.924728e-03 8.879945e-01 -1.129787e-02) (1.905923e-06 6.416445e-04 -6.270757e-05))
5             	((2.721163e+01 2.955208e-02 -2.477924e-02) (3.377392e-02 9.137018e-04 4.619096e-03)) ((1.335912e-03 8.905105e-01 -1.320358e-02) (2.619072e-06 8.025626e-04 -5.960892e-05))
