# Forces      
# CofR        : (0.000000e+00 0.000000e+00 0.000000e+00)
# Time        forces(pressure viscous)	moments(pressure viscous)
0             	((0.000000e+00 0.000000e+00 0.000000e+00) (0.000000e+00 0.000000e+00 0.000000e+00)) ((0.000000e+00 0.000000e+00 0.000000e+00) (0.000000e+00 0.000000e+00 0.000000e+00))
0.00666667    	((3.514904e-04 4.812823e-04 2.673980e+01) (2.201111e-08 -2.058160e-07 1.394962e-03)) ((-9.722487e-09 4.485701e-09 -9.203611e-10) (2.221595e-08 2.661023e-08 5.506986e-10))
0.0133333     	((1.134852e-04 3.137711e-04 2.642719e+01) (4.029251e-08 -3.487154e-07 2.780294e-03)) ((-3.667441e-08 3.148963e-08 -3.693430e-10) (4.310144e-08 5.420201e-08 9.023780e-10))
0.02          	((3.878375e-04 -2.309326e-04 2.653531e+01) (5.569324e-08 -4.949941e-07 4.171209e-03)) ((-2.750350e-09 -2.915265e-09 4.078101e-10) (6.202289e-08 8.227573e-08 1.124006e-09))
0.0266667     	((1.430210e-04 -2.055321e-05 2.634975e+01) (7.890240e-08 -6.185660e-07 5.565289e-03)) ((-9.969957e-09 5.706166e-09 -2.043552e-11) (8.035024e-08 1.098788e-07 1.385806e-09))
0.0333333     	((1.628437e-04 -3.517849e-05 2.612324e+01) (1.095416e-07 -7.393411e-07 6.962119e-03)) ((-2.112215e-08 1.648820e-08 2.748837e-10) (1.002657e-07 1.372627e-07 1.697077e-09))
0.04          	((-9.812282e-05 2.229935e-04 2.586819e+01) (1.322862e-07 -8.454095e-07 8.362058e-03)) ((-1.497577e-08 9.632758e-09 -1.818783e-10) (1.200536e-07 1.614629e-07 2.038336e-09))
0.0466667     	((1.346396e-05 2.135680e-05 2.557560e+01) (1.556020e-07 -9.654233e-07 9.765324e-03)) ((-1.412053e-08 9.333355e-09 3.673612e-10) (1.424867e-07 1.874986e-07 2.449017e-09))
0.0533333     	((4.529810e-05 -8.535339e-05 2.523948e+01) (1.670878e-07 -1.091600e-06 1.117179e-02)) ((-1.558156e-08 1.086917e-08 3.244908e-10) (1.582647e-07 2.208668e-07 2.931674e-09))
0.06          	((2.801139e-05 -2.354845e-05 2.485871e+01) (1.831029e-07 -1.226971e-06 1.258028e-02)) ((-1.402535e-08 1.005553e-08 3.694867e-10) (1.668935e-07 2.564640e-07 3.634398e-09))
0.0666667     	((-6.355941e-05 -1.309256e-04 2.443406e+01) (2.260483e-07 -1.313418e-06 1.398959e-02)) ((-2.132933e-08 1.643132e-08 -1.074127e-11) (1.744906e-07 2.975610e-07 4.199688e-09))
0.0733333     	((7.431441e-06 -1.069738e-05 2.396652e+01) (2.593210e-07 -1.405845e-06 1.539757e-02)) ((-1.052648e-08 6.281986e-09 4.030161e-10) (1.693429e-07 3.496350e-07 4.996556e-09))
0.08          	((-3.944384e-06 -7.570314e-05 2.345664e+01) (3.071352e-07 -1.481938e-06 1.680256e-02)) ((-8.316749e-09 4.573988e-09 5.824676e-10) (1.559558e-07 4.130238e-07 5.745902e-09))
0.0866667     	((9.725623e-05 -6.318907e-05 2.290535e+01) (3.590397e-07 -1.571834e-06 1.820212e-02)) ((-6.762580e-09 1.408060e-09 3.340829e-10) (1.303193e-07 4.836250e-07 6.433473e-09))
0.0933333     	((4.695755e-05 -4.864946e-05 2.231342e+01) (4.766099e-07 -1.565527e-06 1.959412e-02)) ((-5.844137e-09 1.499093e-09 2.861004e-10) (7.246558e-08 5.449002e-07 7.178469e-09))
0.1           	((6.770752e-05 -7.248640e-05 2.168210e+01) (5.247879e-07 -1.627915e-06 2.097726e-02)) ((-4.216086e-09 1.716226e-09 6.157379e-10) (5.208954e-08 6.004813e-07 8.006870e-09))
0.106667      	((9.488985e-05 -1.429944e-04 2.101229e+01) (6.125376e-07 -1.649832e-06 2.234713e-02)) ((-4.523049e-09 1.295947e-09 4.106352e-10) (4.506108e-08 6.536552e-07 8.816027e-09))
0.113333      	((-1.080587e-04 2.103778e-05 2.030512e+01) (7.369084e-07 -1.636137e-06 2.370018e-02)) ((-2.369097e-09 -1.081181e-09 4.646702e-10) (3.947012e-08 7.064088e-07 9.632512e-09))
0.12          	((-5.916507e-05 -1.386559e-04 1.956179e+01) (8.879372e-07 -1.633003e-06 2.503665e-02)) ((7.036686e-09 -1.036992e-08 1.947509e-10) (7.560014e-08 7.107507e-07 1.038615e-08))
0.126667      	((-2.301351e-05 7.245246e-06 1.878335e+01) (1.004575e-06 -1.622353e-06 2.635219e-02)) ((5.179484e-09 -7.134521e-09 2.192040e-10) (1.307089e-07 7.039546e-07 1.103721e-08))
0.133333      	((-2.658433e-04 1.726915e-04 1.797161e+01) (1.075521e-06 -1.641961e-06 2.764171e-02)) ((2.986950e-09 -6.226693e-09 8.239739e-11) (1.912013e-07 6.904890e-07 1.162971e-08))
0.14          	((-1.358378e-04 9.729987e-05 1.712807e+01) (1.230679e-06 -1.549012e-06 2.890350e-02)) ((4.576836e-09 -7.022864e-09 2.057286e-10) (2.662800e-07 6.553697e-07 1.213203e-08))
0.146667      	((-1.706441e-04 3.166527e-04 1.625445e+01) (1.367095e-06 -1.435725e-06 3.013386e-02)) ((7.597933e-09 -9.864956e-09 2.224107e-10) (3.437189e-07 6.021432e-07 1.317654e-08))
0.153333      	((-3.507964e-04 4.352866e-04 1.535236e+01) (1.443420e-06 -1.226645e-06 3.133089e-02)) ((1.000787e-08 -1.211044e-08 -6.187782e-11) (3.652084e-07 5.278500e-07 1.386488e-08))
0.16          	((-1.773851e-04 1.995818e-04 1.442298e+01) (1.568453e-06 -1.131989e-06 3.249848e-02)) ((7.411340e-09 -1.074133e-08 3.623104e-10) (4.371695e-07 4.930779e-07 1.417299e-08))
0.166667      	((-1.475960e-04 9.928617e-05 1.346816e+01) (1.742355e-06 -1.040492e-06 3.362525e-02)) ((7.886663e-09 -1.084659e-08 5.457962e-10) (5.173362e-07 4.670145e-07 1.456414e-08))
0.173333      	((-7.153041e-05 1.623904e-04 1.248939e+01) (1.915457e-06 -9.266864e-07 3.470709e-02)) ((8.814846e-09 -1.202730e-08 9.016071e-10) (6.154812e-07 4.306786e-07 1.501429e-08))
0.18          	((2.054820e-05 -1.009358e-05 1.148851e+01) (2.076830e-06 -8.646379e-07 3.573844e-02)) ((1.022705e-08 -1.309440e-08 9.395964e-10) (7.003035e-07 4.002985e-07 1.528286e-08))
0.186667      	((4.591716e-05 -6.027707e-06 1.046720e+01) (2.195683e-06 -8.398508e-07 3.671485e-02)) ((8.155174e-09 -1.168151e-08 4.789430e-10) (7.824721e-07 3.700033e-07 1.560895e-08))
0.193333      	((1.488982e-05 -2.930833e-05 9.427399e+00) (2.299498e-06 -7.872259e-07 3.762803e-02)) ((9.822032e-09 -1.310488e-08 8.477225e-10) (8.714407e-07 3.193170e-07 1.599994e-08))
0.2           	((1.278357e-04 -4.471559e-05 8.370769e+00) (1.980807e-06 -8.484477e-07 3.848643e-02)) ((8.074284e-09 -1.163804e-08 1.066040e-09) (8.402565e-07 2.336276e-07 1.602819e-08))
0.206667      	((9.990320e-05 6.237781e-06 7.299162e+00) (2.040065e-06 -8.192904e-07 3.928384e-02)) ((8.238571e-09 -1.200793e-08 9.860895e-10) (9.185627e-07 1.842067e-07 1.657374e-08))
0.213333      	((8.585922e-05 -4.874405e-05 6.214468e+00) (2.404928e-06 -5.338051e-07 4.001587e-02)) ((8.147388e-09 -1.178897e-08 7.293025e-10) (1.099385e-06 4.162408e-08 1.716715e-08))
0.22          	((5.340861e-05 -6.191472e-05 5.118833e+00) (2.534740e-06 -5.557721e-07 4.068961e-02)) ((9.128440e-09 -1.245655e-08 7.479442e-10) (1.183704e-06 1.726240e-08 1.728686e-08))
0.226667      	((1.977576e-05 -6.257477e-05 4.013951e+00) (2.445457e-06 -6.836742e-07 4.128625e-02)) ((1.039709e-08 -1.340102e-08 2.600460e-10) (1.243256e-06 5.562660e-09 1.743798e-08))
0.233333      	((5.395074e-05 -4.350857e-05 2.901725e+00) (2.368540e-06 -7.386483e-07 4.181234e-02)) ((1.235563e-08 -1.547377e-08 2.395381e-10) (1.218103e-06 -1.262159e-10 1.767186e-08))
0.24          	((3.037832e-05 -4.430306e-05 1.784329e+00) (2.579425e-06 -5.814987e-07 4.225767e-02)) ((1.071416e-08 -1.382847e-08 2.420012e-10) (1.381460e-06 -1.326462e-07 1.762232e-08))
0.246667      	((1.313541e-05 -7.109885e-05 6.636499e-01) (2.479459e-06 -7.269062e-07 4.262242e-02)) ((1.011680e-08 -1.362900e-08 2.514789e-10) (1.426082e-06 -1.498642e-07 1.727932e-08))
0.253333      	((1.640326e-05 -5.722033e-05 -4.582852e-01) (2.349966e-06 -9.136827e-07 4.289519e-02)) ((7.696267e-09 -1.102739e-08 2.313681e-10) (1.454717e-06 -1.461235e-07 1.693992e-08))
0.26          	((-4.951979e-06 -6.739791e-05 -1.578872e+00) (2.463120e-06 -8.475327e-07 4.307517e-02)) ((8.017990e-09 -1.174307e-08 1.231808e-10) (1.548303e-06 -2.156365e-07 1.680089e-08))
0.266667      	((-1.432499e-05 -7.944572e-05 -2.696502e+00) (2.320368e-06 -1.002200e-06 4.315625e-02)) ((5.795544e-09 -9.588495e-09 1.450102e-10) (1.566066e-06 -2.247549e-07 1.648234e-08))
0.273333      	((-3.818559e-05 -1.108536e-04 -3.810888e+00) (2.123417e-06 -1.219669e-06 4.313269e-02)) ((6.030267e-09 -9.727497e-09 1.441463e-10) (1.573718e-06 -2.213072e-07 1.617035e-08))
0.28          	((-7.671476e-05 -1.893267e-04 -4.922255e+00) (1.931052e-06 -1.419047e-06 4.299968e-02)) ((6.553694e-09 -1.031068e-08 2.975906e-10) (1.577464e-06 -2.209618e-07 1.571544e-08))
0.286667      	((-7.568026e-05 -2.314794e-04 -6.023147e+00) (1.755214e-06 -1.593544e-06 4.275765e-02)) ((4.832042e-09 -8.914450e-09 2.711736e-10) (1.576063e-06 -2.219186e-07 1.520101e-08))
0.293333      	((-8.586828e-05 -2.746675e-04 -7.108000e+00) (1.582352e-06 -1.561944e-06 4.240987e-02)) ((4.160558e-09 -8.480488e-09 3.251439e-10) (1.467527e-06 -2.330010e-07 1.456449e-08))
0.3           	((-4.447848e-05 -2.559968e-04 -8.173674e+00) (1.421092e-06 -1.695982e-06 4.195844e-02)) ((3.004221e-09 -6.943471e-09 3.726485e-10) (1.459761e-06 -2.427262e-07 1.395402e-08))
0.306667      	((-1.782440e-05 -1.786205e-04 -9.221138e+00) (1.235874e-06 -1.888943e-06 4.140484e-02)) ((-1.422694e-10 -3.503387e-09 4.603731e-10) (1.473762e-06 -2.538754e-07 1.332321e-08))
0.313333      	((-2.177003e-05 -1.211582e-04 -1.025225e+01) (1.045813e-06 -2.077199e-06 4.075142e-02)) ((4.382160e-10 -4.164995e-09 3.477528e-10) (1.483193e-06 -2.640823e-07 1.269121e-08))
0.32          	((-4.062094e-05 -6.880544e-05 -1.126852e+01) (8.735858e-07 -2.224413e-06 4.000128e-02)) ((1.314411e-09 -4.757579e-09 1.674408e-10) (1.484096e-06 -2.778867e-07 1.220886e-08))
0.326667      	((-5.413048e-05 -7.563665e-05 -1.226889e+01) (7.134320e-07 -2.023811e-06 3.916280e-02)) ((5.627602e-10 -4.141025e-09 5.123832e-10) (1.337157e-06 -2.908417e-07 1.164404e-08))
0.333333      	((-6.865360e-05 -4.905355e-05 -1.325025e+01) (5.735381e-07 -2.078188e-06 3.823500e-02)) ((-7.856756e-10 -2.746115e-09 3.587105e-10) (1.311810e-06 -3.037247e-07 1.101918e-08))
0.34          	((-1.068707e-04 -8.584359e-05 -1.420948e+01) (4.582218e-07 -2.193998e-06 3.722086e-02)) ((-2.535725e-09 -6.359013e-10 4.043068e-10) (1.319823e-06 -3.150696e-07 1.032698e-08))
0.346667      	((-1.218075e-04 -9.375276e-05 -1.514463e+01) (3.519393e-07 -2.284153e-06 3.612225e-02)) ((-4.621066e-09 1.818822e-09 4.702904e-10) (1.322390e-06 -3.260424e-07 9.444701e-09))
0.353333      	((-1.248212e-04 -6.860973e-05 -1.605463e+01) (2.244855e-07 -2.370101e-06 3.494349e-02)) ((-7.195024e-09 4.624562e-09 3.504826e-10) (1.315149e-06 -3.385431e-07 8.615028e-09))
0.36          	((-1.108681e-04 -9.886831e-05 -1.693846e+01) (1.134626e-07 -2.415404e-06 3.368944e-02)) ((-6.786032e-09 4.119686e-09 4.989168e-10) (1.297180e-06 -3.505258e-07 7.962297e-09))
0.366667      	((-1.084347e-04 -7.414696e-05 -1.779023e+01) (2.820839e-08 -2.409744e-06 3.236537e-02)) ((-5.382462e-09 3.324326e-09 2.372463e-10) (1.270806e-06 -3.626193e-07 7.301659e-09))
0.373333      	((-1.112819e-04 -7.902727e-05 -1.861068e+01) (-1.091458e-07 -2.287646e-06 3.097671e-02)) ((-6.587406e-09 4.733112e-09 2.660156e-10) (1.213599e-06 -3.993767e-07 6.752816e-09))
0.38          	((-1.250259e-04 -4.312723e-05 -1.939481e+01) (-2.236682e-07 -2.148600e-06 2.952879e-02)) ((-5.939259e-09 4.558441e-09 2.697005e-10) (1.154355e-06 -4.325291e-07 6.153194e-09))
0.386667      	((-6.188368e-05 -3.872978e-05 -2.014228e+01) (-3.141576e-07 -2.030487e-06 2.802709e-02)) ((-6.449606e-09 5.472257e-09 9.276742e-11) (1.101835e-06 -4.589357e-07 5.511035e-09))
0.393333      	((-1.402464e-04 1.618311e-05 -2.085462e+01) (-3.899638e-07 -1.938774e-06 2.647714e-02)) ((-6.345501e-09 5.826450e-09 -1.314509e-10) (1.054851e-06 -4.777590e-07 4.667794e-09))
0.4           	((-1.433251e-04 -3.721124e-05 -2.152892e+01) (-4.487446e-07 -1.866483e-06 2.488441e-02)) ((-5.280412e-09 5.857196e-09 7.651171e-11) (1.011107e-06 -4.910629e-07 3.968966e-09))
0.406667      	((-1.236564e-04 -3.085769e-05 -2.216639e+01) (-4.698181e-07 -1.775641e-06 2.325437e-02)) ((-4.760517e-09 3.573307e-09 1.513434e-10) (9.688761e-07 -4.975824e-07 3.462471e-09))
0.413333      	((-1.920385e-04 -5.874528e-05 -2.276543e+01) (-4.783775e-07 -1.683767e-06 2.159219e-02)) ((-3.394921e-09 4.337760e-09 1.732301e-10) (9.263261e-07 -4.994199e-07 2.563880e-09))
0.42          	((-2.202227e-04 -4.942679e-06 -2.332426e+01) (-4.879680e-07 -1.593816e-06 1.990321e-02)) ((7.620657e-10 -1.451838e-10 -8.778247e-11) (8.827748e-07 -4.974587e-07 2.015426e-09))
0.426667      	((-1.975288e-04 -9.749666e-05 -2.384149e+01) (-4.489369e-07 -1.470798e-06 1.819324e-02)) ((1.517739e-09 -3.927704e-10 -1.634764e-10) (8.409824e-07 -4.959180e-07 1.114853e-09))
0.433333      	((-2.615532e-04 -2.970678e-04 -2.431668e+01) (-3.805451e-07 -1.325564e-06 1.646797e-02)) ((5.912999e-09 -2.892365e-09 9.202460e-11) (7.953285e-07 -4.896670e-07 5.895763e-10))
0.44          	((-3.664058e-04 -1.739645e-04 -2.474829e+01) (-3.783400e-07 -1.233834e-06 1.473307e-02)) ((6.826888e-09 -6.610215e-09 8.541826e-11) (7.501698e-07 -4.853570e-07 -1.560991e-10))
0.446667      	((2.388332e-07 -5.776176e-04 -2.513520e+01) (-3.729229e-07 -1.160663e-06 1.299278e-02)) ((7.894387e-09 -4.111084e-09 4.801651e-10) (7.074385e-07 -4.837243e-07 -7.333901e-10))
0.453333      	((7.173681e-05 -3.338615e-04 -2.547656e+01) (-3.873598e-07 -1.102455e-06 1.125200e-02)) ((8.789373e-09 -1.136231e-08 3.810966e-10) (6.631066e-07 -4.818554e-07 -1.363004e-09))
0.46          	((-9.088015e-05 -5.970084e-04 -2.577054e+01) (-4.122643e-07 -1.051144e-06 9.516341e-03)) ((1.429562e-08 -1.156232e-08 -1.859838e-11) (6.180067e-07 -4.801576e-07 -1.884167e-09))
0.466667      	((-3.706120e-04 -6.089617e-04 -2.601852e+01) (-4.865257e-07 -1.008619e-06 7.791007e-03)) ((1.389683e-08 -8.920384e-09 5.902387e-10) (5.650396e-07 -4.828993e-07 -2.404898e-09))
0.473333      	((-3.237316e-04 -5.011036e-04 -2.621826e+01) (-5.266528e-07 -9.278361e-07 6.080482e-03)) ((9.508194e-09 -3.917541e-09 -5.370694e-10) (5.171806e-07 -4.895939e-07 -2.958054e-09))
0.48          	((4.984130e-04 4.885304e-04 -2.637408e+01) (-6.014506e-07 -8.849324e-07 4.386653e-03)) ((1.568742e-08 -1.345110e-08 -2.589396e-10) (4.848927e-07 -5.097328e-07 -3.379507e-09))
0.486667      	((-1.519639e-04 4.115420e-04 -2.650609e+01) (-7.454252e-07 -8.925704e-07 2.703372e-03)) ((3.865981e-09 4.240635e-09 -8.009351e-10) (4.571094e-07 -5.328499e-07 -4.068444e-09))
0.493333      	((-6.050045e-05 4.594420e-04 -2.666245e+01) (-1.040903e-06 -1.050789e-06 1.013880e-03)) ((3.736486e-08 -3.190898e-08 -9.000304e-10) (3.968439e-07 -5.237439e-07 -3.910989e-09))
0.5           	((7.337826e-04 9.376928e-04 -2.677135e+01) (-1.222534e-06 -1.085680e-06 -6.652762e-04)) ((3.412559e-08 -5.368298e-08 2.283820e-09) (3.489114e-07 -5.185789e-07 -4.662691e-09))
0.506667      	((1.949346e-03 2.232536e-03 -2.688927e+01) (-1.156514e-06 -9.057280e-07 -2.307792e-03)) ((4.168594e-08 -5.369426e-08 5.877839e-10) (2.888172e-07 -5.068618e-07 -5.531807e-09))
0.513333      	((-2.297508e-03 -1.646639e-03 -2.676063e+01) (-1.309330e-06 -9.153784e-07 -3.911967e-03)) ((-1.460632e-08 9.437264e-09 1.259180e-09) (2.481138e-07 -5.141998e-07 -6.781121e-09))
0.52          	((-8.773747e-04 -6.450267e-04 -2.665007e+01) (-1.508344e-06 -9.588754e-07 -5.496440e-03)) ((-3.512152e-09 1.243203e-09 3.747035e-10) (2.313125e-07 -5.491797e-07 -7.540810e-09))
0.526667      	((-2.242856e-04 5.260675e-05 -2.644293e+01) (-1.604315e-06 -9.088988e-07 -7.074836e-03)) ((2.069746e-08 -1.705101e-08 1.363484e-09) (1.972153e-07 -5.634288e-07 -8.386039e-09))
0.533333      	((2.298437e-05 8.717026e-05 -2.620429e+01) (-1.717632e-06 -8.903599e-07 -8.646958e-03)) ((1.782101e-08 -1.135985e-08 1.625264e-09) (1.540586e-07 -5.684661e-07 -9.275114e-09))
0.54          	((-5.586247e-04 1.113885e-04 -2.591955e+01) (-1.881707e-06 -8.986346e-07 -1.021724e-02)) ((1.522280e-08 -1.261302e-08 5.686702e-10) (1.163745e-07 -5.767727e-07 -9.851043e-09))
0.546667      	((-3.210558e-04 -1.353373e-05 -2.559947e+01) (-1.961360e-06 -8.378290e-07 -1.178820e-02)) ((1.499113e-08 -1.202071e-08 7.862274e-10) (8.007202e-08 -5.926249e-07 -1.125566e-08))
0.553333      	((-3.543325e-05 8.131603e-05 -2.525579e+01) (-2.104173e-06 -7.943782e-07 -1.335830e-02)) ((1.406838e-08 -9.625487e-09 8.932583e-10) (3.625920e-08 -6.136295e-07 -1.201851e-08))
0.56          	((-2.173416e-05 -3.269661e-04 -2.487699e+01) (-2.153516e-06 -7.774402e-07 -1.492770e-02)) ((2.672884e-08 -2.399716e-08 1.117157e-09) (-2.902970e-08 -5.806131e-07 -1.315144e-08))
0.566667      	((-1.018755e-04 2.543115e-05 -2.445633e+01) (-2.243298e-06 -7.568993e-07 -1.649493e-02)) ((2.089646e-08 -2.053418e-08 1.126883e-09) (-7.898187e-08 -5.669475e-07 -1.396927e-08))
0.573333      	((-4.981932e-05 -7.780000e-05 -2.399071e+01) (-2.358735e-06 -6.980207e-07 -1.806061e-02)) ((1.850720e-08 -1.552077e-08 6.938779e-10) (-1.390501e-07 -5.741518e-07 -1.430529e-08))
0.58          	((1.223141e-04 2.913217e-05 -2.348037e+01) (-2.464673e-06 -7.142585e-07 -1.962228e-02)) ((2.723310e-08 -2.481578e-08 1.263137e-09) (-1.993148e-07 -5.563440e-07 -1.481134e-08))
0.586667      	((3.665446e-04 -6.657606e-05 -2.292790e+01) (-2.425690e-06 -5.705717e-07 -2.117579e-02)) ((1.544778e-08 -9.549117e-09 1.532582e-09) (-2.429450e-07 -5.582321e-07 -1.463713e-08))
0.593333      	((4.282540e-04 1.370991e-04 -2.233512e+01) (-2.439604e-06 -4.206009e-07 -2.271920e-02)) ((2.634298e-09 3.101340e-10 7.772456e-10) (-2.684261e-07 -5.708908e-07 -1.483484e-08))
0.6           	((3.015550e-04 3.744716e-04 -2.170260e+01) (-2.480146e-06 -3.817392e-07 -2.424641e-02)) ((3.954737e-09 -1.436332e-09 9.434640e-10) (-3.191902e-07 -5.760958e-07 -1.472340e-08))
0.606667      	((1.967261e-04 2.882962e-04 -2.103168e+01) (-2.381719e-06 -1.770309e-07 -2.575359e-02)) ((5.314229e-09 -4.433098e-09 6.498851e-10) (-3.616963e-07 -5.879232e-07 -1.446107e-08))
0.613333      	((2.426290e-04 3.258260e-04 -2.032328e+01) (-2.398737e-06 -4.731215e-08 -2.723812e-02)) ((5.012932e-10 2.129783e-10 3.875393e-10) (-4.023176e-07 -5.949442e-07 -1.383144e-08))
0.62          	((1.805538e-04 3.636971e-04 -1.957898e+01) (-2.363493e-06 7.294420e-08 -2.869808e-02)) ((4.585454e-09 -5.531600e-09 1.613626e-10) (-4.548549e-07 -5.985993e-07 -1.315198e-08))
0.626667      	((7.008078e-05 2.849623e-04 -1.880026e+01) (-2.369609e-06 1.631513e-07 -3.013200e-02)) ((-1.931175e-09 -1.171320e-10 -3.057244e-10) (-5.223886e-07 -5.856224e-07 -1.299570e-08))
0.633333      	((1.820136e-04 3.408043e-04 -1.798839e+01) (-2.308569e-06 3.723540e-07 -3.153734e-02)) ((-9.897924e-09 7.274858e-09 1.816163e-10) (-5.825477e-07 -5.694937e-07 -1.254140e-08))
0.64          	((3.507710e-04 3.003466e-04 -1.714471e+01) (-2.182214e-06 5.597406e-07 -3.290819e-02)) ((-7.062157e-09 6.258984e-09 4.660434e-10) (-6.689578e-07 -5.401526e-07 -1.215272e-08))
0.646667      	((3.290185e-04 3.753207e-04 -1.627065e+01) (-2.095218e-06 7.151598e-07 -3.424058e-02)) ((-7.100241e-09 5.534224e-09 7.017893e-10) (-7.772999e-07 -4.872339e-07 -1.180987e-08))
0.653333      	((5.308794e-04 -8.109866e-05 -1.536760e+01) (-1.997872e-06 8.719658e-07 -3.553248e-02)) ((-1.499464e-08 1.277680e-08 1.028631e-09) (-9.096123e-07 -4.067290e-07 -1.139852e-08))
0.66          	((4.226733e-04 -8.956257e-05 -1.443747e+01) (-1.813499e-06 1.087016e-06 -3.677864e-02)) ((-8.114072e-09 7.330272e-09 7.464765e-10) (-1.013640e-06 -3.563729e-07 -1.104734e-08))
0.666667      	((3.704503e-04 -1.114266e-04 -1.348191e+01) (-1.613358e-06 1.324179e-06 -3.797242e-02)) ((-4.513113e-09 4.394420e-09 7.197402e-10) (-1.080575e-06 -3.396105e-07 -1.038743e-08))
0.673333      	((5.098978e-04 -5.477869e-05 -1.250267e+01) (-1.543718e-06 1.418034e-06 -3.910745e-02)) ((-7.245675e-09 7.966074e-09 5.695971e-10) (-1.148617e-06 -3.188098e-07 -1.001793e-08))
0.68          	((4.417652e-04 1.977603e-04 -1.150126e+01) (-1.542167e-06 1.489353e-06 -4.018079e-02)) ((-1.074438e-08 1.169063e-08 7.271763e-10) (-1.206270e-06 -2.980756e-07 -9.393725e-09))
0.686667      	((3.313678e-04 5.033004e-04 -1.047952e+01) (-1.533751e-06 1.492683e-06 -4.118728e-02)) ((-9.277703e-09 1.060778e-08 6.214935e-10) (-1.273975e-06 -2.796279e-07 -8.805255e-09))
0.693333      	((3.507160e-04 3.134542e-04 -9.439292e+00) (-1.546322e-06 1.470804e-06 -4.212148e-02)) ((-1.140454e-08 1.349542e-08 1.017252e-10) (-1.346934e-06 -2.527310e-07 -8.205898e-09))
0.7           	((1.810576e-04 3.702574e-04 -8.382419e+00) (-1.506669e-06 1.510927e-06 -4.297870e-02)) ((-9.021444e-09 1.051356e-08 5.668793e-10) (-1.424262e-06 -2.168471e-07 -7.420674e-09))
0.706667      	((2.560767e-04 4.298119e-04 -7.310651e+00) (-1.482464e-06 1.530282e-06 -4.375933e-02)) ((-9.395338e-09 1.134877e-08 3.788341e-10) (-1.486781e-06 -1.926460e-07 -6.984942e-09))
0.713333      	((2.565417e-04 2.073854e-04 -6.225802e+00) (-1.459687e-06 1.541716e-06 -4.445625e-02)) ((-1.270031e-08 1.516105e-08 5.773418e-10) (-1.543158e-06 -1.709652e-07 -6.852763e-09))
0.72          	((2.163491e-04 3.893050e-04 -5.129970e+00) (-1.550161e-06 1.439082e-06 -4.506689e-02)) ((-1.372568e-08 1.617454e-08 5.271959e-10) (-1.583610e-06 -1.622573e-07 -6.537105e-09))
0.726667      	((1.036825e-04 3.181255e-04 -4.024958e+00) (-1.699522e-06 1.266344e-06 -4.558713e-02)) ((-1.554173e-08 1.850226e-08 5.510562e-10) (-1.613706e-06 -1.609811e-07 -5.910636e-09))
0.733333      	((6.396712e-05 1.987608e-04 -2.912583e+00) (-1.729273e-06 1.203476e-06 -4.601416e-02)) ((-1.063211e-08 1.236174e-08 6.924884e-10) (-1.651729e-06 -1.483710e-07 -5.586855e-09))
0.74          	((8.909279e-05 2.592884e-04 -1.794789e+00) (-1.720681e-06 1.155461e-06 -4.634569e-02)) ((-1.049128e-08 1.234724e-08 6.438527e-10) (-1.682843e-06 -1.427174e-07 -5.316798e-09))
0.746667      	((1.083591e-04 2.378861e-04 -6.737841e-01) (-1.629577e-06 1.175972e-06 -4.658738e-02)) ((-1.019490e-08 1.146229e-08 6.243439e-10) (-1.632306e-06 -2.155104e-07 -4.572372e-09))
0.753333      	((8.594877e-05 2.061778e-04 4.484442e-01) (-1.689672e-06 1.062047e-06 -4.674679e-02)) ((-7.014057e-09 7.926178e-09 7.870201e-10) (-1.661221e-06 -2.015453e-07 -4.158838e-09))
0.76          	((7.788308e-05 2.074956e-04 1.569707e+00) (-1.791976e-06 9.060204e-07 -4.680610e-02)) ((-3.545726e-09 4.310290e-09 8.293056e-10) (-1.702333e-06 -1.681095e-07 -3.718433e-09))
0.766667      	((3.357127e-05 1.508538e-04 2.687883e+00) (-1.932722e-06 7.042939e-07 -4.676537e-02)) ((-2.821283e-09 4.009837e-09 7.333154e-10) (-1.746530e-06 -1.265846e-07 -3.328081e-09))
0.773333      	((8.384405e-06 1.355822e-04 3.801657e+00) (-2.231849e-06 3.870313e-07 -4.662312e-02)) ((-5.188157e-09 5.557783e-09 8.020505e-10) (-1.838638e-06 -5.869866e-09 -1.883249e-09))
0.78          	((-6.446824e-05 8.213490e-05 4.912170e+00) (-2.259155e-06 3.161427e-07 -4.638296e-02)) ((-4.892591e-09 4.975673e-09 7.875041e-10) (-1.762782e-06 -5.597536e-08 -7.473256e-10))
0.786667      	((-8.436146e-05 8.776968e-05 6.015886e+00) (-2.298657e-06 1.725046e-07 -4.604407e-02)) ((-3.564873e-09 2.922343e-09 5.533442e-10) (-1.743014e-06 -7.026199e-08 -4.090980e-10))
0.793333      	((-1.364707e-04 6.395132e-05 7.102363e+00) (-2.303415e-06 6.806658e-08 -4.561585e-02)) ((-3.968748e-09 2.896080e-09 7.004215e-10) (-1.691170e-06 -1.136581e-07 -5.015723e-10))
0.8           	((-1.300294e-04 9.007395e-05 8.169996e+00) (-2.322850e-06 -2.696018e-07 -4.509509e-02)) ((-3.318320e-09 2.110231e-09 5.868741e-10) (-1.746214e-06 -1.361126e-07 5.932460e-10))
0.806667      	((-7.450143e-05 8.499042e-05 9.218327e+00) (-2.424077e-06 -4.930960e-07 -4.447412e-02)) ((-2.132762e-09 3.686674e-10 7.734673e-10) (-1.744938e-06 -1.172436e-07 6.608745e-10))
0.813333      	((-3.103183e-05 5.471717e-05 1.024897e+01) (-2.525400e-06 -6.629753e-07 -4.374857e-02)) ((-1.988059e-11 -1.660032e-09 8.711020e-10) (-1.709006e-06 -1.029155e-07 9.809852e-10))
0.82          	((-5.284185e-05 -1.237433e-05 1.126426e+01) (-2.581012e-06 -1.014671e-06 -4.292921e-02)) ((1.380441e-09 -3.424717e-09 8.769560e-10) (-1.735516e-06 -1.008170e-07 1.422014e-09))
0.826667      	((-6.133882e-05 -6.776494e-05 1.226353e+01) (-2.640503e-06 -1.125216e-06 -4.201540e-02)) ((6.563006e-10 -3.452518e-09 1.094864e-09) (-1.653303e-06 -1.095286e-07 2.106435e-09))
0.833333      	((-7.895294e-05 -9.252494e-05 1.324501e+01) (-2.784450e-06 -1.328593e-06 -4.100997e-02)) ((3.400346e-10 -3.910188e-09 1.088916e-09) (-1.610133e-06 -8.008674e-08 2.067296e-09))
0.84          	((-6.710443e-05 -9.867092e-05 1.420380e+01) (-2.869329e-06 -1.513331e-06 -3.991689e-02)) ((-1.061007e-09 -2.287727e-09 1.040042e-09) (-1.569548e-06 -5.542436e-08 2.068864e-09))
0.846667      	((-9.663628e-05 -1.105779e-04 1.513978e+01) (-2.965809e-06 -1.723835e-06 -3.873625e-02)) ((-2.678960e-09 -7.658733e-10 9.013398e-10) (-1.527355e-06 -3.324466e-08 2.456828e-09))
0.853333      	((-1.053332e-04 -1.342243e-04 1.604912e+01) (-3.019932e-06 -1.907025e-06 -3.747297e-02)) ((-3.517906e-09 -5.439022e-10 7.572957e-10) (-1.482694e-06 -1.573044e-08 3.041281e-09))
0.86          	((-8.413491e-05 -1.004236e-04 1.693302e+01) (-3.074319e-06 -2.081946e-06 -3.613275e-02)) ((-3.274069e-09 -9.012381e-10 7.823118e-10) (-1.438324e-06 6.176649e-09 3.501734e-09))
0.866667      	((-6.539911e-05 -1.005333e-04 1.778414e+01) (-3.144959e-06 -2.282198e-06 -3.472151e-02)) ((-3.073795e-09 -1.398652e-09 9.010419e-10) (-1.390498e-06 2.446984e-08 4.067895e-09))
0.873333      	((-3.724527e-05 -7.420908e-05 1.860490e+01) (-3.204592e-06 -2.475670e-06 -3.324511e-02)) ((-2.267685e-09 -9.653310e-10 6.677260e-10) (-1.340124e-06 4.312536e-08 4.593741e-09))
0.88          	((-5.670058e-05 -1.463378e-04 1.939069e+01) (-3.291441e-06 -2.636608e-06 -3.171010e-02)) ((-1.293503e-09 -2.523788e-09 9.095626e-10) (-1.288933e-06 8.139605e-08 5.118939e-09))
0.886667      	((-7.605545e-05 -8.218655e-05 2.013892e+01) (-3.366072e-06 -2.822441e-06 -3.012221e-02)) ((-7.678962e-10 -4.511544e-09 8.242925e-10) (-1.250408e-06 1.217535e-07 5.779215e-09))
0.893333      	((-2.023900e-05 -1.531235e-04 2.085189e+01) (-3.396234e-06 -2.975091e-06 -2.848802e-02)) ((1.981279e-09 -6.362866e-09 8.640774e-10) (-1.206964e-06 1.530873e-07 6.350463e-09))
0.9           	((-4.434876e-05 -1.709018e-04 2.152709e+01) (-3.404240e-06 -3.116827e-06 -2.681231e-02)) ((3.938587e-09 -6.985317e-09 5.816129e-10) (-1.157955e-06 1.763415e-07 6.892158e-09))
0.906667      	((-1.250316e-04 -1.528034e-04 2.216456e+01) (-3.353465e-06 -3.205499e-06 -2.510075e-02)) ((-4.544717e-09 -7.579919e-10 2.701953e-10) (-1.102590e-06 1.919403e-07 7.310771e-09))
0.913333      	((-1.305432e-05 -3.298172e-04 2.276391e+01) (-3.259336e-06 -3.265946e-06 -2.335913e-02)) ((-3.228861e-09 6.681565e-10 9.647826e-10) (-1.039927e-06 1.991785e-07 7.709012e-09))
0.92          	((-1.232399e-04 -2.835834e-04 2.332255e+01) (-3.143941e-06 -3.294371e-06 -2.159315e-02)) ((-1.883942e-09 -3.456702e-09 5.157626e-10) (-9.705289e-07 2.004884e-07 8.317162e-09))
0.926667      	((-2.608544e-05 -1.782189e-04 2.383969e+01) (-2.954034e-06 -3.236657e-06 -1.980936e-02)) ((-1.773008e-09 -1.634026e-09 4.334524e-11) (-9.004125e-07 2.014816e-07 8.631824e-09))
0.933333      	((-4.469238e-04 -4.297855e-04 2.431484e+01) (-2.759331e-06 -3.183961e-06 -1.801295e-02)) ((-5.757465e-09 4.685623e-10 2.657390e-10) (-8.322889e-07 2.021120e-07 8.928543e-09))
0.94          	((-2.852071e-04 -4.369399e-04 2.474633e+01) (-2.541554e-06 -3.106387e-06 -1.621011e-02)) ((-5.095346e-09 3.347982e-09 1.355201e-10) (-7.547953e-07 1.921864e-07 8.890764e-09))
0.946667      	((-1.954734e-04 3.033742e-04 2.513263e+01) (-2.348510e-06 -3.021162e-06 -1.440564e-02)) ((-4.697374e-09 -5.550252e-10 5.188430e-11) (-6.876488e-07 1.963885e-07 9.358368e-09))
0.953333      	((-4.517190e-05 2.530131e-04 2.547329e+01) (-2.197203e-06 -2.981732e-06 -1.260583e-02)) ((-7.655564e-09 5.609166e-09 -4.149687e-10) (-6.304520e-07 2.083492e-07 9.873457e-09))
0.96          	((-2.837147e-04 6.746046e-05 2.576643e+01) (-2.134441e-06 -3.019753e-06 -1.081560e-02)) ((-1.160712e-08 6.939226e-09 3.252179e-10) (-5.783542e-07 2.245024e-07 1.023312e-08))
0.966667      	((-7.419612e-04 -1.040395e-04 2.601423e+01) (-2.257002e-06 -3.230786e-06 -9.038596e-03)) ((-2.373502e-08 1.309100e-08 1.441423e-10) (-5.306137e-07 2.418559e-07 1.017120e-08))
0.973333      	((-4.269237e-04 -2.454371e-04 2.621004e+01) (-2.297956e-06 -3.375181e-06 -7.278583e-03)) ((-1.899197e-08 1.320775e-08 1.301926e-10) (-4.789396e-07 2.534450e-07 1.046540e-08))
0.98          	((1.196563e-04 -1.606384e-04 2.636558e+01) (-2.282047e-06 -3.483793e-06 -5.539663e-03)) ((-2.032582e-08 1.720395e-08 -3.147856e-10) (-4.304481e-07 2.659571e-07 1.086597e-08))
0.986667      	((-4.539750e-04 -6.886989e-04 2.651944e+01) (-2.385231e-06 -3.711413e-06 -3.819197e-03)) ((4.999670e-09 -1.097400e-08 1.354118e-09) (-3.979167e-07 2.912743e-07 1.093075e-08))
0.993333      	((-6.012137e-05 -4.738856e-04 2.668496e+01) (-2.476265e-06 -3.904917e-06 -2.106887e-03)) ((-1.622188e-08 1.299951e-08 -5.129295e-10) (-3.404796e-07 2.904985e-07 1.077444e-08))
1             	((1.819876e-03 1.266367e-03 2.678577e+01) (-2.476687e-06 -3.997088e-06 -3.864309e-04)) ((-7.036171e-08 3.186489e-08 7.657768e-10) (-2.773785e-07 2.887330e-07 1.102402e-08))
1.006667      	((1.988240e-03 1.643717e-03 2.680695e+01) (-2.152151e-06 -3.816644e-06 1.305411e-03)) ((-9.144490e-08 1.098730e-07 -1.658339e-09) (-1.745739e-07 2.418980e-07 1.166465e-08))
1.013333      	((-6.027651e-04 -9.421987e-04 2.674595e+01) (-1.985928e-06 -3.714674e-06 2.942643e-03)) ((5.008443e-09 -1.099358e-08 1.576153e-09) (-9.859205e-08 2.272343e-07 1.097140e-08))
1.02          	((-5.735793e-04 -8.581049e-04 2.666557e+01) (-2.056720e-06 -3.874839e-06 4.550640e-03)) ((2.545125e-08 -2.193956e-08 7.789910e-10) (-7.888467e-08 2.652084e-07 1.010298e-08))
1.026667      	((3.794929e-05 -2.567885e-04 2.645341e+01) (-1.994558e-06 -3.970192e-06 6.143038e-03)) ((-8.759611e-09 1.139395e-09 -3.870132e-10) (-4.905004e-08 2.933583e-07 1.090607e-08))
1.033333      	((-4.012906e-04 -3.494042e-04 2.620551e+01) (-2.114316e-06 -4.234801e-06 7.727629e-03)) ((-2.265995e-08 1.434728e-08 1.353378e-09) (-2.924490e-09 3.006416e-07 1.146107e-08))
1.04          	((-9.741393e-05 -3.091559e-04 2.592373e+01) (-2.280226e-06 -4.542616e-06 9.304838e-03)) ((-8.750313e-09 1.316009e-09 6.979420e-10) (4.160088e-08 3.082654e-07 1.219504e-08))
1.046667      	((1.961836e-04 -1.222118e-04 2.560516e+01) (-2.274937e-06 -4.703864e-06 1.088019e-02)) ((-1.869560e-08 1.405847e-08 -8.881979e-11) (9.702296e-08 3.134898e-07 1.339317e-08))
1.053333      	((2.874184e-04 -2.431930e-04 2.525671e+01) (-2.324514e-06 -4.898941e-06 1.245434e-02)) ((-6.179286e-09 7.788525e-09 8.958117e-10) (1.502796e-07 2.994162e-07 1.485897e-08))
1.06          	((8.143277e-06 -2.111710e-05 2.487764e+01) (-2.345388e-06 -5.155576e-06 1.402572e-02)) ((-8.511459e-09 5.267666e-09 2.643501e-10) (2.080363e-07 3.357560e-07 1.526144e-08))
1.066667      	((-2.969448e-04 1.423023e-04 2.445608e+01) (-2.477601e-06 -5.287931e-06 1.559382e-02)) ((-1.342584e-08 7.742461e-09 6.993802e-10) (2.655375e-07 2.962408e-07 1.638368e-08))
1.073333      	((-2.300375e-05 -3.052873e-05 2.398998e+01) (-2.528183e-06 -5.454027e-06 1.715688e-02)) ((-5.191522e-09 3.693810e-09 3.675633e-10) (2.997642e-07 3.227865e-07 1.760978e-08))
1.08          	((-2.932041e-04 -2.769328e-04 2.347968e+01) (-2.549756e-06 -5.547882e-06 1.871596e-02)) ((-1.349618e-08 8.000373e-09 2.124784e-10) (3.236676e-07 3.450207e-07 2.067038e-08))
1.086667      	((-3.076302e-04 -6.872829e-05 2.292679e+01) (-2.521828e-06 -5.623451e-06 2.026519e-02)) ((-1.199675e-08 1.015323e-08 6.381237e-10) (3.635624e-07 3.435694e-07 2.117969e-08))
1.093333      	((-5.087272e-04 2.086118e-04 2.233388e+01) (-2.604845e-06 -5.804202e-06 2.180268e-02)) ((1.838111e-09 -4.896328e-09 -4.212339e-10) (3.989410e-07 3.582534e-07 2.217608e-08))
1.1           	((5.819396e-06 4.365283e-05 2.170099e+01) (-2.499220e-06 -5.838544e-06 2.332397e-02)) ((8.999966e-10 -3.542788e-09 -2.332321e-10) (4.567213e-07 3.555463e-07 2.364724e-08))
1.106667      	((-7.706791e-05 -3.268438e-05 2.103019e+01) (-2.294212e-06 -5.779886e-06 2.482399e-02)) ((2.477373e-09 -5.465436e-09 1.260649e-10) (5.293245e-07 3.447093e-07 2.505191e-08))
1.113333      	((-5.284009e-06 -1.694599e-04 2.032180e+01) (-2.159946e-06 -5.768780e-06 2.629971e-02)) ((5.936037e-09 -5.531179e-09 2.555023e-10) (5.796910e-07 3.681675e-07 2.598266e-08))
1.12          	((-1.143844e-05 -3.289399e-04 1.957756e+01) (-2.114767e-06 -5.870512e-06 2.774954e-02)) ((4.077024e-09 -6.397771e-09 2.639057e-10) (6.183614e-07 3.652085e-07 2.714529e-08))
1.126667      	((-1.573317e-04 -2.733842e-04 1.879888e+01) (-2.032080e-06 -5.895973e-06 2.917147e-02)) ((9.198758e-09 -1.143739e-08 9.557365e-10) (6.815440e-07 3.524672e-07 2.798311e-08))
1.133333      	((-2.783671e-04 -2.622578e-04 1.798674e+01) (-1.830538e-06 -5.755149e-06 3.056402e-02)) ((5.251983e-09 -6.685038e-09 4.208512e-10) (7.569586e-07 3.135415e-07 2.805648e-08))
1.14          	((-6.748833e-05 1.016075e-05 1.714278e+01) (-1.596010e-06 -5.596372e-06 3.192346e-02)) ((2.584920e-09 -5.645567e-09 2.842989e-10) (8.276782e-07 2.807229e-07 2.845339e-08))
1.146667      	((-2.797583e-04 -4.378775e-05 1.626858e+01) (-1.327835e-06 -5.398746e-06 3.324409e-02)) ((9.584957e-09 -1.296369e-08 6.950671e-11) (9.102225e-07 2.362374e-07 2.898202e-08))
1.153333      	((-3.733617e-04 7.189840e-05 1.536544e+01) (-9.721789e-07 -5.095201e-06 3.452237e-02)) ((4.605159e-09 -8.232083e-09 3.403363e-10) (9.946761e-07 1.901685e-07 2.889715e-08))
1.16          	((-7.766623e-04 -8.074649e-06 1.443518e+01) (-7.650294e-07 -4.759710e-06 3.575512e-02)) ((3.124122e-09 -6.636567e-09 3.566100e-10) (1.076268e-06 7.684148e-08 2.916538e-08))
1.166667      	((-6.017364e-04 -9.409794e-05 1.347978e+01) (-5.258723e-07 -4.358425e-06 3.693785e-02)) ((-4.901758e-09 9.627073e-11 4.483547e-10) (1.139802e-06 -1.874655e-08 2.913231e-08))
1.173333      	((-4.120547e-04 9.657486e-05 1.250067e+01) (-2.569190e-07 -4.119635e-06 3.806328e-02)) ((-3.781037e-09 5.622520e-10 9.409435e-11) (1.225668e-06 -6.395333e-08 2.932737e-08))
1.18          	((-1.696443e-04 -1.933017e-04 1.149949e+01) (4.797895e-08 -3.913616e-06 3.912522e-02)) ((1.240470e-09 -4.076335e-09 3.723955e-10) (1.309523e-06 -8.752070e-08 2.947035e-08))
1.186667      	((-6.910307e-05 4.380449e-05 1.047802e+01) (3.177842e-07 -3.638781e-06 4.011947e-02)) ((-1.515708e-09 -1.376212e-09 4.150566e-11) (1.335935e-06 -1.017885e-07 2.953047e-08))
1.193333      	((4.716700e-05 7.010572e-05 9.437985e+00) (5.216783e-07 -3.533082e-06 4.104765e-02)) ((-6.059627e-09 4.617219e-09 1.781775e-10) (1.449596e-06 -1.844714e-07 2.884113e-08))
1.2           	((-9.224398e-06 -8.727874e-05 8.381362e+00) (6.188683e-07 -3.538985e-06 4.190116e-02)) ((-7.188552e-09 4.822698e-09 1.726489e-10) (1.530913e-06 -2.091525e-07 2.967645e-08))
1.206667      	((8.056930e-05 -6.102558e-05 7.309777e+00) (6.570205e-07 -3.599554e-06 4.267297e-02)) ((-6.333560e-09 4.138410e-09 4.416243e-10) (1.598379e-06 -2.203099e-07 3.032547e-08))
1.213333      	((-1.988363e-05 -9.715177e-05 6.224977e+00) (5.890841e-07 -3.728882e-06 4.336102e-02)) ((-5.652413e-09 3.854154e-09 2.026412e-10) (1.656368e-06 -2.249039e-07 3.071805e-08))
1.22          	((-2.145578e-06 -7.753469e-05 5.129124e+00) (4.320285e-07 -3.954823e-06 4.396123e-02)) ((-8.975051e-09 5.270984e-09 5.263631e-10) (1.698397e-06 -2.222143e-07 3.123479e-08))
1.226667      	((3.358285e-05 -8.392355e-05 4.024157e+00) (2.964514e-07 -4.149740e-06 4.447210e-02)) ((-1.799874e-09 -2.352038e-09 1.203966e-10) (1.732716e-06 -2.248689e-07 3.179457e-08))
1.233333      	((2.537179e-05 -1.855591e-06 2.911853e+00) (1.098421e-07 -4.321673e-06 4.489399e-02)) ((-5.851094e-09 1.693806e-09 1.238654e-11) (1.800800e-06 -2.851413e-07 3.021099e-08))
1.24          	((6.017856e-05 -1.423580e-05 1.794237e+00) (-5.406511e-08 -4.513323e-06 4.522107e-02)) ((5.196298e-10 -4.642057e-09 -5.305941e-11) (1.829773e-06 -2.909827e-07 3.033190e-08))
1.246667      	((9.757449e-05 1.345533e-05 6.731456e-01) (-2.101268e-07 -4.701159e-06 4.545266e-02)) ((2.623522e-09 -7.542845e-09 -1.386162e-10) (1.863202e-06 -3.032744e-07 2.962785e-08))
1.253333      	((3.981181e-05 -3.421638e-05 -4.490826e-01) (-4.328576e-07 -4.933549e-06 4.558903e-02)) ((1.045586e-09 -5.635912e-09 4.406824e-11) (1.868593e-06 -2.996561e-07 3.019065e-08))
1.26          	((4.919972e-06 -3.854565e-05 -1.570557e+00) (-6.272974e-07 -5.141148e-06 4.564236e-02)) ((-7.197691e-10 -4.735075e-09 3.710982e-11) (1.882793e-06 -3.036307e-07 3.059759e-08))
1.266667      	((1.178841e-05 -2.765527e-05 -2.688729e+00) (-8.565262e-07 -5.365092e-06 4.559555e-02)) ((2.069793e-09 -7.066241e-09 -3.611795e-10) (1.895008e-06 -3.186084e-07 3.058308e-08))
1.273333      	((-4.871680e-05 -9.659829e-05 -3.802484e+00) (-1.103994e-06 -5.617337e-06 4.544853e-02)) ((4.497129e-09 -9.337762e-09 -3.556318e-10) (1.903763e-06 -3.281019e-07 3.041959e-08))
1.28          	((-4.668235e-05 -1.686114e-04 -4.913567e+00) (-1.403296e-06 -5.886614e-06 4.519774e-02)) ((4.706134e-09 -9.014053e-09 -7.968639e-11) (1.908673e-06 -3.460368e-07 3.009934e-08))
1.286667      	((-9.056764e-05 -2.441066e-04 -6.016857e+00) (-1.642794e-06 -6.110850e-06 4.484641e-02)) ((4.745021e-09 -9.434078e-09 4.685382e-11) (1.899444e-06 -3.477002e-07 2.968971e-08))
1.293333      	((-8.035038e-05 -2.779609e-04 -7.103547e+00) (-2.024581e-06 -6.214610e-06 4.439412e-02)) ((1.601582e-09 -6.433980e-09 2.076455e-10) (1.831190e-06 -4.094997e-07 2.966221e-08))
1.3           	((-8.588385e-05 -2.481868e-04 -8.170583e+00) (-2.096783e-06 -6.044373e-06 4.385662e-02)) ((2.942275e-09 -7.527124e-09 2.818578e-10) (1.616101e-06 -3.339224e-07 3.014257e-08))
1.306667      	((-7.256292e-05 -1.888417e-04 -9.218707e+00) (-2.275759e-06 -6.171500e-06 4.322267e-02)) ((5.781725e-09 -9.426725e-09 2.016551e-10) (1.582216e-06 -3.276303e-07 2.940106e-08))
1.313333      	((-5.144878e-05 -1.196418e-04 -1.025020e+01) (-2.542790e-06 -6.237864e-06 4.250055e-02)) ((2.691668e-09 -6.387006e-09 1.854242e-13) (1.541182e-06 -3.415859e-07 2.759229e-08))
1.32          	((-5.226303e-05 -8.304273e-05 -1.126640e+01) (-2.854548e-06 -6.390063e-06 4.168506e-02)) ((-7.863631e-10 -3.103360e-09 -1.076022e-10) (1.555725e-06 -3.339465e-07 2.683055e-08))
1.326667      	((-6.348827e-05 -5.664256e-05 -1.226686e+01) (-3.027042e-06 -6.564552e-06 4.077454e-02)) ((-3.329484e-09 -2.553394e-10 2.880494e-12) (1.566710e-06 -3.346189e-07 2.678382e-08))
1.333333      	((-5.863408e-05 -4.029560e-05 -1.324775e+01) (-3.177440e-06 -6.686225e-06 3.977040e-02)) ((-3.011135e-09 -1.437367e-10 1.966551e-10) (1.554055e-06 -3.398545e-07 2.595439e-08))
1.34          	((-7.804917e-05 -4.392938e-05 -1.420571e+01) (-3.301257e-06 -6.770540e-06 3.868186e-02)) ((-2.078425e-09 -8.677870e-10 1.129842e-10) (1.531699e-06 -3.478650e-07 2.521786e-08))
1.346667      	((-7.663621e-05 -2.668801e-05 -1.514065e+01) (-3.511477e-06 -6.767009e-06 3.751086e-02)) ((-1.471637e-09 -1.435773e-09 1.391832e-10) (1.469063e-06 -3.784595e-07 2.447530e-08))
1.353333      	((-1.071659e-04 -8.274284e-05 -1.605016e+01) (-3.629204e-06 -6.824720e-06 3.625996e-02)) ((-4.072492e-09 9.011891e-10 1.296927e-10) (1.425274e-06 -3.749148e-07 2.363041e-08))
1.36          	((-1.396662e-04 -8.409301e-05 -1.693387e+01) (-3.729969e-06 -6.839283e-06 3.493393e-02)) ((-5.796398e-09 3.017368e-09 2.504956e-10) (1.376655e-06 -3.711206e-07 2.228268e-08))
1.366667      	((-8.851690e-05 -5.607307e-05 -1.778534e+01) (-3.955730e-06 -6.885805e-06 3.354038e-02)) ((-5.423189e-09 1.969311e-09 3.246746e-10) (1.351374e-06 -4.252616e-07 2.106119e-08))
1.373333      	((-7.511166e-05 -4.902496e-07 -1.860655e+01) (-4.184953e-06 -6.930109e-06 3.208351e-02)) ((-4.822473e-09 2.786661e-09 2.848942e-10) (1.322349e-06 -4.690257e-07 2.023194e-08))
1.38          	((-8.644883e-05 -2.919988e-05 -1.939178e+01) (-4.220558e-06 -6.876702e-06 3.056785e-02)) ((-5.795825e-09 4.085297e-09 1.042122e-11) (1.265971e-06 -4.551921e-07 1.967760e-08))
1.386667      	((-1.546427e-05 9.103322e-05 -2.014007e+01) (-4.207981e-06 -6.788801e-06 2.899924e-02)) ((-8.555159e-09 6.730595e-09 -6.865309e-11) (1.198574e-06 -4.280260e-07 1.896680e-08))
1.393333      	((-7.815405e-05 3.342478e-05 -2.085323e+01) (-4.210752e-06 -6.693145e-06 2.738503e-02)) ((-8.105523e-09 7.296800e-09 1.304225e-10) (1.128333e-06 -4.012749e-07 1.750235e-08))
1.4           	((-8.132901e-05 8.563851e-05 -2.152881e+01) (-4.200809e-06 -6.563048e-06 2.573062e-02)) ((-5.946826e-09 6.523328e-09 -6.301610e-11) (1.067773e-06 -3.897096e-07 1.664285e-08))
1.406667      	((2.032513e-05 6.628579e-05 -2.216654e+01) (-4.194320e-06 -6.428222e-06 2.404073e-02)) ((-4.285423e-09 3.724687e-09 -1.911412e-10) (1.004282e-06 -3.794796e-07 1.598124e-08))
1.413333      	((-2.266458e-04 8.358393e-07 -2.276574e+01) (-4.160415e-06 -6.247284e-06 2.232115e-02)) ((-4.208787e-09 3.704895e-09 -3.014151e-10) (9.374304e-07 -3.684382e-07 1.557835e-08))
1.42          	((-2.440785e-04 -7.513868e-05 -2.332441e+01) (-4.118976e-06 -6.058265e-06 2.057853e-02)) ((-1.912057e-09 1.663641e-09 -2.585096e-10) (8.730593e-07 -3.602229e-07 1.480064e-08))
1.426667      	((-2.868177e-04 -6.173904e-05 -2.384144e+01) (-4.040730e-06 -5.825510e-06 1.881793e-02)) ((2.316253e-09 -1.076296e-09 -5.947315e-10) (8.088768e-07 -3.535694e-07 1.419102e-08))
1.433333      	((-3.721056e-04 -2.726800e-04 -2.431661e+01) (-3.979965e-06 -5.622203e-06 1.704538e-02)) ((-1.153552e-09 1.209256e-09 -5.977882e-10) (7.450758e-07 -3.450816e-07 1.365285e-08))
1.44          	((-2.526857e-04 -2.317371e-04 -2.474769e+01) (-3.920950e-06 -5.438809e-06 1.526667e-02)) ((7.457395e-09 -6.109729e-09 5.503089e-10) (6.831250e-07 -3.321711e-07 1.278508e-08))
1.446667      	((-1.182739e-04 -5.158471e-04 -2.513401e+01) (-3.845351e-06 -5.260117e-06 1.348821e-02)) ((1.110131e-08 -8.562899e-09 8.908898e-11) (6.271616e-07 -3.217749e-07 1.237626e-08))
1.453333      	((1.059492e-04 -4.419555e-04 -2.547421e+01) (-3.733093e-06 -5.038854e-06 1.171389e-02)) ((1.892356e-08 -1.625632e-08 -2.704896e-10) (5.707518e-07 -3.181171e-07 1.192178e-08))
1.46          	((-2.446970e-04 -6.999751e-04 -2.576693e+01) (-3.675918e-06 -4.858167e-06 9.947637e-03)) ((1.305586e-08 -1.273768e-08 2.952986e-11) (5.207253e-07 -3.260225e-07 1.128721e-08))
1.466667      	((-3.312648e-05 -4.359919e-04 -2.601460e+01) (-3.701160e-06 -4.764574e-06 8.194201e-03)) ((2.594327e-08 -2.598789e-08 -2.339345e-10) (4.688729e-07 -3.287724e-07 1.095311e-08))
1.473333      	((-2.225758e-04 -1.812235e-04 -2.620982e+01) (-3.710526e-06 -4.640107e-06 6.458418e-03)) ((2.182451e-08 -1.502020e-08 -6.702500e-10) (4.196363e-07 -3.331691e-07 1.039143e-08))
1.48          	((6.305583e-04 6.564511e-04 -2.636248e+01) (-3.719226e-06 -4.534775e-06 4.742212e-03)) ((1.284210e-08 -7.992681e-09 -1.672726e-09) (3.732821e-07 -3.398209e-07 1.024409e-08))
1.486667      	((-3.351370e-04 8.513031e-05 -2.651532e+01) (-3.819375e-06 -4.472938e-06 3.037577e-03)) ((-2.604604e-09 1.084445e-08 5.629889e-11) (3.302917e-07 -3.520846e-07 9.605099e-09))
1.493333      	((6.246265e-04 9.961956e-04 -2.666799e+01) (-4.016894e-06 -4.556353e-06 1.332708e-03)) ((3.468539e-08 -3.831428e-08 -1.477580e-09) (2.716308e-07 -3.435264e-07 9.288232e-09))
1.5           	((9.926162e-04 1.532501e-03 -2.677032e+01) (-4.033439e-06 -4.425947e-06 -3.650492e-04)) ((3.791929e-08 -5.997324e-08 3.434483e-09) (2.099672e-07 -3.310085e-07 8.684780e-09))
1.506667      	((2.729706e-03 2.969822e-03 -2.683349e+01) (-3.914016e-06 -4.174876e-06 -2.028191e-03)) ((6.642976e-08 -8.279867e-08 6.346121e-10) (1.225182e-07 -2.976863e-07 7.461335e-09))
1.513333      	((-2.560443e-03 -1.869220e-03 -2.676396e+01) (-3.930341e-06 -4.018689e-06 -3.647808e-03)) ((-7.435971e-08 7.156187e-08 1.815870e-11) (8.770641e-08 -3.139908e-07 6.319478e-09))
1.52          	((-1.013428e-03 -8.890306e-04 -2.664989e+01) (-4.117125e-06 -4.055854e-06 -5.246874e-03)) ((-1.157605e-08 8.155715e-09 1.464826e-09) (7.681313e-08 -3.534876e-07 4.493997e-09))
1.526667      	((-5.428699e-04 -4.929657e-04 -2.645347e+01) (-4.091874e-06 -3.899420e-06 -6.836984e-03)) ((2.351352e-09 1.468539e-09 1.050845e-09) (5.234067e-08 -3.787213e-07 3.417786e-09))
1.533333      	((-4.895040e-04 -3.228188e-04 -2.621197e+01) (-4.242920e-06 -3.914850e-06 -8.419955e-03)) ((2.246707e-08 -1.766078e-08 1.108386e-09) (9.120516e-09 -3.841232e-07 2.583518e-09))
1.54          	((-4.422917e-04 1.043406e-04 -2.593067e+01) (-4.392761e-06 -3.929410e-06 -9.998723e-03)) ((2.751222e-08 -2.464390e-08 1.689613e-09) (-4.406461e-08 -3.793352e-07 8.067125e-10))
1.546667      	((-3.605834e-04 2.615549e-04 -2.561400e+01) (-4.450417e-06 -3.850657e-06 -1.157848e-02)) ((1.081769e-08 -8.429945e-09 1.101736e-09) (-9.230187e-08 -3.762849e-07 7.531263e-10))
1.553333      	((-2.855668e-04 -1.492939e-05 -2.526032e+01) (-4.569859e-06 -3.854993e-06 -1.315561e-02)) ((5.809249e-09 -7.696575e-09 8.276288e-10) (-1.198147e-07 -3.929093e-07 -1.060694e-09))
1.56          	((-1.879362e-04 -3.232599e-04 -2.487718e+01) (-4.750396e-06 -3.895454e-06 -1.473107e-02)) ((1.970431e-08 -1.625059e-08 1.707924e-09) (-1.950917e-07 -3.739662e-07 -3.165790e-09))
1.566667      	((7.360586e-05 -2.834976e-05 -2.445543e+01) (-4.886170e-06 -3.909594e-06 -1.630314e-02)) ((1.572470e-08 -1.479466e-08 5.919447e-10) (-2.629259e-07 -3.532805e-07 -4.208287e-09))
1.573333      	((6.964402e-05 -3.042431e-05 -2.398981e+01) (-4.989804e-06 -3.861740e-06 -1.787226e-02)) ((1.382698e-08 -1.258958e-08 1.170169e-09) (-3.095415e-07 -3.504938e-07 -4.199623e-09))
1.58          	((5.987319e-05 1.956382e-04 -2.347937e+01) (-5.127156e-06 -3.845080e-06 -1.943577e-02)) ((1.065878e-08 -8.976476e-09 1.202112e-09) (-3.686458e-07 -3.550675e-07 -6.344582e-09))
1.586667      	((3.361300e-04 2.804782e-05 -2.292678e+01) (-5.140124e-06 -3.782046e-06 -2.099069e-02)) ((1.729221e-08 -1.260674e-08 1.140167e-09) (-4.251677e-07 -3.488388e-07 -6.616108e-09))
1.593333      	((4.804639e-04 -2.416804e-04 -2.233360e+01) (-5.105643e-06 -3.639644e-06 -2.253476e-02)) ((4.324928e-09 -6.227503e-10 9.862194e-10) (-4.681968e-07 -3.687658e-07 -6.957858e-09))
1.6           	((4.263329e-04 1.788348e-04 -2.170093e+01) (-5.085718e-06 -3.514149e-06 -2.406022e-02)) ((5.293604e-09 -4.230283e-09 1.452363e-09) (-5.098356e-07 -3.470778e-07 -7.910149e-09))
1.606667      	((1.632877e-04 3.605950e-04 -2.103012e+01) (-4.995787e-06 -3.287476e-06 -2.556534e-02)) ((2.588122e-09 -3.776475e-09 5.342948e-10) (-5.706264e-07 -3.631745e-07 -6.946697e-09))
1.613333      	((3.100662e-04 3.312474e-04 -2.032188e+01) (-4.914675e-06 -3.097564e-06 -2.704726e-02)) ((1.062045e-08 -8.858627e-09 2.086925e-10) (-6.104329e-07 -3.510367e-07 -7.427177e-09))
1.62          	((2.130409e-04 4.237038e-04 -1.957756e+01) (-4.837085e-06 -2.915813e-06 -2.850387e-02)) ((-5.628410e-09 3.132727e-09 3.312322e-10) (-6.779920e-07 -3.589027e-07 -7.843540e-09))
1.626667      	((1.077199e-04 3.049521e-04 -1.879877e+01) (-4.771792e-06 -2.800659e-06 -2.993439e-02)) ((-9.994001e-09 7.466150e-09 -1.969371e-10) (-7.422304e-07 -3.334410e-07 -7.797806e-09))
1.633333      	((1.746402e-04 1.916109e-04 -1.798692e+01) (-4.799965e-06 -2.710888e-06 -3.133567e-02)) ((-1.013255e-08 7.992373e-09 -3.181500e-10) (-8.563024e-07 -2.608555e-07 -7.581979e-09))
1.64          	((3.080861e-04 4.252401e-04 -1.714325e+01) (-4.774797e-06 -2.597001e-06 -3.270499e-02)) ((-1.069931e-08 8.852630e-09 4.675375e-10) (-9.515332e-07 -2.175119e-07 -7.638306e-09))
1.646667      	((4.799153e-04 3.703191e-04 -1.626929e+01) (-4.635159e-06 -2.406613e-06 -3.403596e-02)) ((-1.294193e-08 1.067876e-08 5.389980e-10) (-1.041135e-06 -1.853722e-07 -7.240802e-09))
1.653333      	((3.116609e-04 2.528716e-04 -1.536628e+01) (-4.473098e-06 -2.195318e-06 -3.532481e-02)) ((-6.960650e-09 5.443417e-09 8.139925e-10) (-1.119884e-06 -1.634693e-07 -6.625432e-09))
1.66          	((6.304011e-04 -1.150964e-04 -1.443612e+01) (-4.284163e-06 -1.944957e-06 -3.656653e-02)) ((-2.949006e-09 2.485844e-09 6.599271e-10) (-1.196293e-06 -1.363288e-07 -6.132735e-09))
1.666667      	((3.779334e-04 -1.225587e-04 -1.348063e+01) (-4.144002e-06 -1.795993e-06 -3.775518e-02)) ((-3.185113e-09 2.867113e-09 1.109234e-09) (-1.272896e-06 -1.149356e-07 -5.467434e-09))
1.673333      	((5.117885e-04 -4.975935e-05 -1.250150e+01) (-4.236434e-06 -1.827490e-06 -3.888657e-02)) ((-1.250773e-08 1.387799e-08 7.878346e-10) (-1.350569e-06 -7.719109e-08 -5.233944e-09))
1.68          	((3.539471e-04 9.573222e-05 -1.150037e+01) (-4.216930e-06 -1.788223e-06 -3.995523e-02)) ((-1.106227e-08 1.237836e-08 1.318404e-09) (-1.423207e-06 -5.375136e-08 -4.669383e-09))
1.686667      	((4.072439e-04 3.367852e-04 -1.047886e+01) (-4.269931e-06 -1.825884e-06 -4.095517e-02)) ((-1.104222e-08 1.129577e-08 1.081381e-09) (-1.493395e-06 -3.353154e-08 -4.272926e-09))
1.693333      	((3.117494e-04 2.228055e-04 -9.438851e+00) (-4.363963e-06 -1.887268e-06 -4.188599e-02)) ((-1.332171e-08 1.427217e-08 3.325392e-10) (-1.768643e-06 1.978654e-07 -3.861189e-09))
1.7           	((2.522853e-04 5.846496e-04 -8.382162e+00) (-4.358366e-06 -1.895375e-06 -4.274407e-02)) ((-8.857559e-09 9.936654e-09 6.748642e-10) (-1.853801e-06 2.332304e-07 -3.503988e-09))
1.706667      	((2.298801e-04 3.156962e-04 -7.310482e+00) (-4.345423e-06 -1.963425e-06 -4.352056e-02)) ((-4.675964e-09 7.324144e-09 9.493032e-10) (-1.894403e-06 2.152983e-07 -2.912114e-09))
1.713333      	((2.243573e-04 2.823998e-04 -6.225682e+00) (-4.402976e-06 -2.017944e-06 -4.421135e-02)) ((-1.381034e-08 1.690319e-08 9.275001e-10) (-1.910440e-06 1.965277e-07 -2.576930e-09))
1.72          	((2.165891e-04 2.773795e-04 -5.129816e+00) (-4.512340e-06 -2.132744e-06 -4.481532e-02)) ((-1.271985e-08 1.505611e-08 8.151876e-10) (-1.927172e-06 1.814538e-07 -1.844276e-09))
1.726667      	((1.031947e-04 1.847927e-04 -4.024899e+00) (-4.654426e-06 -2.292576e-06 -4.533067e-02)) ((-9.462658e-09 1.177420e-08 1.021643e-09) (-1.941913e-06 1.676794e-07 -1.945926e-09))
1.733333      	((1.326274e-04 2.356776e-04 -2.912557e+00) (-4.762908e-06 -2.422965e-06 -4.575649e-02)) ((-9.345478e-09 1.196026e-08 8.500117e-10) (-1.963866e-06 1.645517e-07 -1.654684e-09))
1.74          	((1.405242e-04 2.599663e-04 -1.794918e+00) (-4.843278e-06 -2.545083e-06 -4.608621e-02)) ((-1.062361e-08 1.314368e-08 9.632027e-10) (-1.981343e-06 1.611075e-07 -1.260242e-09))
1.746667      	((1.265396e-04 2.101838e-04 -6.738460e-01) (-4.933088e-06 -2.681808e-06 -4.631906e-02)) ((-8.723943e-09 1.085593e-08 1.092739e-09) (-1.993965e-06 1.562959e-07 -7.827648e-10))
1.753333      	((9.112064e-05 1.892168e-04 4.483232e-01) (-5.061741e-06 -2.853265e-06 -4.647006e-02)) ((-5.719173e-09 7.660284e-09 1.015006e-09) (-2.020601e-06 1.714147e-07 -1.453906e-10))
1.76          	((8.629358e-05 2.125755e-04 1.569741e+00) (-5.261409e-06 -3.112509e-06 -4.652513e-02)) ((-4.004163e-09 6.045210e-09 1.144529e-09) (-2.065439e-06 2.074950e-07 4.494418e-10))
1.766667      	((6.874737e-05 1.979418e-04 2.687897e+00) (-5.505091e-06 -3.424001e-06 -4.647725e-02)) ((-4.083639e-09 5.358694e-09 9.186877e-10) (-2.077491e-06 2.164930e-07 7.481412e-10))
1.773333      	((3.913453e-05 1.704212e-04 3.801572e+00) (-5.858649e-06 -3.795358e-06 -4.632768e-02)) ((-5.193051e-09 5.907578e-09 9.382457e-10) (-2.149035e-06 3.174034e-07 2.424336e-09))
1.78          	((5.804950e-06 1.474571e-04 4.912414e+00) (-5.872232e-06 -3.884177e-06 -4.607460e-02)) ((-5.395505e-09 5.946043e-09 1.039631e-09) (-2.144068e-06 3.196530e-07 2.896049e-09))
1.786667      	((-9.526649e-05 9.733436e-05 6.015626e+00) (-5.762075e-06 -4.037016e-06 -4.572602e-02)) ((-5.079184e-09 5.236758e-09 5.650474e-10) (-2.180726e-06 2.595275e-07 3.269812e-09))
1.793333      	((-1.205238e-04 7.538576e-05 7.102404e+00) (-5.696368e-06 -4.054443e-06 -4.528918e-02)) ((-3.349828e-09 3.576449e-09 9.343359e-10) (-2.083643e-06 1.671412e-07 3.831918e-09))
1.8           	((-4.476801e-05 1.217458e-04 8.169020e+00) (-5.744360e-06 -4.179005e-06 -4.475915e-02)) ((-3.656046e-09 3.143534e-09 7.171194e-10) (-2.035418e-06 1.551789e-07 3.852276e-09))
1.806667      	((-1.549728e-05 1.118729e-04 9.217334e+00) (-5.844794e-06 -4.365870e-06 -4.413168e-02)) ((-3.288656e-09 2.667709e-09 9.291832e-10) (-1.998534e-06 1.596154e-07 3.802315e-09))
1.813333      	((5.490079e-06 7.946173e-05 1.024911e+01) (-5.929227e-06 -4.538375e-06 -4.340419e-02)) ((-3.780291e-09 2.548125e-09 9.686826e-10) (-1.961982e-06 1.695446e-07 4.097645e-09))
1.82          	((-2.735802e-05 5.853050e-06 1.126583e+01) (-6.008435e-06 -4.907337e-06 -4.258140e-02)) ((-2.693416e-09 1.912979e-09 1.177199e-09) (-1.991122e-06 1.636905e-07 4.870999e-09))
1.826667      	((-1.358168e-05 -1.342313e-05 1.226613e+01) (-6.315531e-06 -5.274683e-06 -4.166697e-02)) ((-4.204603e-10 2.418105e-10 8.256760e-10) (-2.000530e-06 2.433835e-07 5.830222e-09))
1.833333      	((-6.196732e-05 -8.627858e-05 1.324744e+01) (-6.327693e-06 -5.381080e-06 -4.065930e-02)) ((1.296876e-10 -1.525568e-09 1.050717e-09) (-1.909507e-06 2.177439e-07 6.080262e-09))
1.84          	((-8.139861e-05 -1.041180e-04 1.420537e+01) (-6.337516e-06 -5.480532e-06 -3.956241e-02)) ((-1.822880e-09 1.324447e-10 1.166728e-09) (-1.800561e-06 1.777745e-07 6.412093e-09))
1.846667      	((-9.618082e-05 -1.090819e-04 1.514025e+01) (-6.365132e-06 -5.755637e-06 -3.838394e-02)) ((-4.221215e-09 2.116619e-09 1.123410e-09) (-1.755583e-06 1.484153e-07 7.257976e-09))
1.853333      	((-1.145949e-04 -1.656972e-04 1.604956e+01) (-6.421432e-06 -5.926279e-06 -3.712628e-02)) ((-3.173265e-09 1.589840e-09 6.711170e-10) (-1.708491e-06 1.615578e-07 7.460168e-09))
1.86          	((-1.105984e-04 -1.110099e-04 1.693345e+01) (-6.439475e-06 -6.046256e-06 -3.579266e-02)) ((-3.128980e-09 -2.239502e-10 9.544720e-10) (-1.646493e-06 1.772314e-07 8.183550e-09))
1.866667      	((-6.256348e-05 -1.159295e-04 1.778525e+01) (-6.480589e-06 -6.173457e-06 -3.438782e-02)) ((-1.682106e-09 -7.462228e-10 1.095631e-09) (-1.579652e-06 1.893961e-07 8.572240e-09))
1.873333      	((-2.316267e-05 -6.995399e-05 1.860641e+01) (-6.504172e-06 -6.283195e-06 -3.291779e-02)) ((-1.872853e-09 -1.528120e-09 1.111713e-09) (-1.513839e-06 2.038917e-07 8.867558e-09))
1.88          	((-1.605285e-05 -1.524529e-04 1.939120e+01) (-6.617888e-06 -6.491022e-06 -3.138931e-02)) ((5.672755e-10 -2.920521e-09 9.448778e-10) (-1.484796e-06 2.544094e-07 9.452462e-09))
1.886667      	((-4.330005e-05 -2.437386e-05 2.013935e+01) (-6.644782e-06 -6.602743e-06 -2.980821e-02)) ((5.655191e-10 -5.397334e-09 6.426600e-10) (-1.433822e-06 2.886085e-07 9.859636e-09))
1.893333      	((7.465370e-06 -8.272590e-05 2.085272e+01) (-6.608504e-06 -6.656054e-06 -2.818108e-02)) ((2.980635e-09 -6.244614e-09 8.144997e-10) (-1.371892e-06 3.092452e-07 1.065523e-08))
1.9           	((3.408965e-06 -2.466144e-04 2.152838e+01) (-6.548368e-06 -6.709977e-06 -2.651407e-02)) ((7.513617e-10 -7.181557e-10 1.014451e-09) (-1.304886e-06 3.216138e-07 1.084369e-08))
1.906667      	((-1.423518e-04 -1.427493e-04 2.216629e+01) (-6.412804e-06 -6.681831e-06 -2.481176e-02)) ((-1.543775e-09 -4.719556e-09 6.534213e-10) (-1.230583e-06 3.249658e-07 1.118085e-08))
1.913333      	((-1.196137e-05 -3.523988e-04 2.276546e+01) (-6.245816e-06 -6.640154e-06 -2.307990e-02)) ((-1.477847e-09 -1.225255e-09 5.649393e-10) (-1.149388e-06 3.187453e-07 1.120577e-08))
1.92          	((-1.867003e-04 -3.548006e-04 2.332425e+01) (-6.062578e-06 -6.575126e-06 -2.132438e-02)) ((-6.524655e-11 -4.085109e-09 6.646479e-10) (-1.069048e-06 3.138449e-07 1.188469e-08))
1.926667      	((-1.781143e-05 -1.318362e-04 2.384115e+01) (-5.831876e-06 -6.473507e-06 -1.955153e-02)) ((-4.860198e-11 -2.341621e-09 1.755462e-10) (-9.854378e-07 3.026312e-07 1.232455e-08))
1.933333      	((-4.827085e-04 -4.987673e-04 2.431593e+01) (-5.614431e-06 -6.385006e-06 -1.776618e-02)) ((-4.657023e-09 -2.352339e-09 1.543325e-10) (-9.032425e-07 2.918359e-07 1.242629e-08))
1.94          	((-2.022006e-04 -1.831513e-04 2.474692e+01) (-5.305502e-06 -6.194880e-06 -1.597471e-02)) ((-9.785833e-09 9.433590e-09 1.799836e-10) (-8.134886e-07 2.741028e-07 1.293508e-08))
1.946667      	((-2.635052e-04 9.663549e-05 2.513347e+01) (-4.967440e-06 -5.964662e-06 -1.418233e-02)) ((-9.142397e-09 4.805876e-09 2.634639e-10) (-7.357073e-07 2.695425e-07 1.282309e-08))
1.953333      	((2.018730e-04 6.911624e-04 2.547276e+01) (-4.757499e-06 -5.841920e-06 -1.239540e-02)) ((-1.162937e-08 8.855264e-09 -3.502717e-10) (-6.668932e-07 2.716565e-07 1.337511e-08))
1.96          	((-8.693929e-04 -6.343395e-04 2.576531e+01) (-4.736553e-06 -5.910028e-06 -1.061766e-02)) ((-1.441433e-08 5.581711e-09 6.158575e-10) (-6.064599e-07 2.795453e-07 1.346004e-08))
1.966667      	((-4.022744e-04 -7.778495e-05 2.601264e+01) (-4.804443e-06 -6.071728e-06 -8.852919e-03)) ((-2.563227e-08 1.739141e-08 -2.258985e-10) (-5.601055e-07 2.996213e-07 1.412284e-08))
1.973333      	((-1.341157e-04 4.482967e-04 2.620642e+01) (-4.736622e-06 -6.093533e-06 -7.105537e-03)) ((-2.569875e-08 1.793340e-08 5.680375e-11) (-4.982359e-07 3.020557e-07 1.395574e-08))
1.98          	((-3.683249e-05 -2.211989e-04 2.636284e+01) (-4.763331e-06 -6.230651e-06 -5.378972e-03)) ((-4.910732e-09 1.270810e-09 4.226758e-10) (-4.493486e-07 3.152110e-07 1.442808e-08))
1.986667      	((-7.560764e-04 -1.132671e-03 2.653516e+01) (-4.863318e-06 -6.427441e-06 -3.667925e-03)) ((2.175758e-08 -2.331229e-08 8.520454e-10) (-4.044980e-07 3.274651e-07 1.442364e-08))
1.993333      	((1.370605e-03 9.122232e-04 2.668253e+01) (-4.755947e-06 -6.400372e-06 -1.962957e-03)) ((-3.424895e-08 3.238416e-08 -3.915355e-10) (-3.290529e-07 3.104324e-07 1.388072e-08))
2             	((1.291640e-03 6.934736e-04 2.676769e+01) (-4.450284e-06 -6.201803e-06 -2.570909e-04)) ((-7.453070e-08 3.351987e-08 2.438643e-09) (-2.589431e-07 3.028487e-07 1.432357e-08))
2.006667      	((1.336531e-03 1.171062e-03 2.680226e+01) (-4.183990e-06 -6.082470e-06 1.421971e-03)) ((-8.054731e-08 1.266035e-07 -1.110131e-10) (-1.322797e-07 2.321520e-07 1.402043e-08))
2.013333      	((-2.886457e-04 -6.414439e-04 2.674567e+01) (-4.166134e-06 -6.122149e-06 3.049152e-03)) ((1.415634e-08 -1.967209e-08 1.672979e-09) (-6.212211e-08 2.234600e-07 1.429208e-08))
2.02          	((-7.555740e-04 -1.042600e-03 2.666470e+01) (-4.118323e-06 -6.134942e-06 4.648357e-03)) ((-3.826917e-09 -3.394277e-09 -6.445456e-10) (-3.702916e-08 2.581346e-07 1.353084e-08))
2.026667      	((-2.570338e-04 -3.291790e-04 2.645610e+01) (-4.170040e-06 -6.319639e-06 6.234404e-03)) ((-1.238946e-08 4.727499e-10 2.440474e-10) (2.816221e-09 2.769882e-07 1.373384e-08))
2.033333      	((-3.272042e-04 -4.323845e-04 2.620933e+01) (-4.237516e-06 -6.575471e-06 7.813752e-03)) ((-2.009840e-08 8.856728e-09 1.013662e-09) (4.438655e-08 2.993009e-07 1.432672e-08))
2.04          	((3.411839e-05 -1.801363e-04 2.592677e+01) (-4.397151e-06 -6.916698e-06 9.385688e-03)) ((-3.258517e-08 2.144705e-08 7.899289e-10) (1.070983e-07 3.062349e-07 1.472777e-08))
2.046667      	((2.449319e-04 -1.054968e-04 2.561416e+01) (-4.440675e-06 -7.074456e-06 1.095720e-02)) ((-1.408392e-08 8.437093e-09 7.846805e-10) (1.522808e-07 2.947009e-07 1.605898e-08))
2.053333      	((1.327524e-04 -3.286760e-04 2.526182e+01) (-4.513009e-06 -7.288715e-06 1.252629e-02)) ((-1.461119e-08 1.030979e-08 8.577951e-10) (2.010961e-07 2.986314e-07 1.761880e-08))
2.06          	((-1.603153e-04 -2.285408e-04 2.487702e+01) (-4.616310e-06 -7.517873e-06 1.409284e-02)) ((-1.391754e-08 1.142396e-08 1.103025e-10) (2.710032e-07 2.806267e-07 1.945830e-08))
2.066667      	((-1.030896e-04 -1.205313e-04 2.445510e+01) (-4.678604e-06 -7.687357e-06 1.565541e-02)) ((-4.490217e-10 -2.273286e-09 8.451940e-10) (3.279644e-07 2.690907e-07 1.988754e-08))
2.073333      	((-2.864123e-04 1.958145e-05 2.398924e+01) (-4.694753e-06 -7.855024e-06 1.721373e-02)) ((-1.046143e-08 4.237338e-09 2.613088e-10) (3.594708e-07 2.991415e-07 2.108746e-08))
2.08          	((-3.723625e-05 -2.034028e-04 2.347834e+01) (-4.757364e-06 -8.003194e-06 1.876713e-02)) ((-3.656380e-09 6.161295e-10 -1.033236e-10) (4.138537e-07 3.063810e-07 2.238296e-08))
2.086667      	((-1.625782e-04 -1.678794e-04 2.292573e+01) (-4.741807e-06 -8.147314e-06 2.031126e-02)) ((4.493717e-09 -8.059591e-09 -4.510428e-10) (4.809409e-07 2.819792e-07 2.426198e-08))
2.093333      	((-4.211820e-04 2.009437e-04 2.233221e+01) (-4.812226e-06 -8.291120e-06 2.184443e-02)) ((1.400262e-09 -6.786371e-09 5.840179e-10) (5.048352e-07 3.014820e-07 2.606084e-08))
2.1           	((-3.357922e-04 2.787486e-04 2.169951e+01) (-4.714658e-06 -8.295547e-06 2.335948e-02)) ((8.332589e-09 -1.229659e-08 -4.654059e-10) (5.778840e-07 2.835520e-07 2.772261e-08))
2.106667      	((-2.467141e-05 1.723982e-04 2.102862e+01) (-4.557428e-06 -8.204509e-06 2.485410e-02)) ((-8.222592e-10 -3.123877e-09 -8.419607e-12) (6.454209e-07 2.618189e-07 2.925332e-08))
2.113333      	((-5.014814e-05 -3.497110e-04 2.032046e+01) (-4.353638e-06 -8.097147e-06 2.632524e-02)) ((9.099886e-09 -1.218744e-08 8.201293e-10) (6.913785e-07 2.530426e-07 2.944889e-08))
2.12          	((-4.216918e-05 -3.360025e-04 1.957631e+01) (-4.325880e-06 -8.147583e-06 2.776953e-02)) ((4.826893e-09 -5.039002e-09 7.933411e-10) (7.199832e-07 2.578175e-07 3.112309e-08))
2.126667      	((-6.736073e-05 -1.877193e-04 1.879751e+01) (-4.199478e-06 -8.090849e-06 2.918689e-02)) ((8.963198e-09 -1.126064e-08 7.448288e-10) (7.728255e-07 2.299916e-07 3.156009e-08))
2.133333      	((-1.914479e-04 -3.493973e-04 1.798560e+01) (-3.946745e-06 -7.978607e-06 3.057444e-02)) ((9.102949e-09 -1.168475e-08 5.076256e-10) (8.471549e-07 2.017170e-07 3.191322e-08))
2.14          	((-1.431488e-04 9.624007e-05 1.714175e+01) (-3.682899e-06 -7.830767e-06 3.192820e-02)) ((5.491960e-09 -8.553107e-09 -3.273679e-10) (9.228842e-07 1.708404e-07 3.236125e-08))
2.146667      	((-1.387128e-04 -1.572281e-04 1.626760e+01) (-3.370259e-06 -7.625253e-06 3.324586e-02)) ((7.863035e-09 -1.167560e-08 4.925648e-10) (1.012852e-06 1.303126e-07 3.311636e-08))
2.153333      	((-3.324591e-04 9.208620e-05 1.536452e+01) (-3.027359e-06 -7.363487e-06 3.452201e-02)) ((1.164843e-08 -1.757199e-08 -7.956039e-11) (1.108520e-06 8.129520e-08 3.405835e-08))
2.16          	((-8.035274e-04 -2.710984e-04 1.443440e+01) (-2.642498e-06 -7.042946e-06 3.575207e-02)) ((6.048290e-09 -1.053783e-08 2.652118e-10) (1.192634e-06 4.126537e-08 3.462397e-08))
2.166667      	((-7.835392e-04 -2.485297e-04 1.347898e+01) (-2.337349e-06 -6.766791e-06 3.692910e-02)) ((5.835616e-09 -8.718495e-09 2.521729e-10) (1.286150e-06 -1.681829e-08 3.483307e-08))
2.173333      	((-7.316276e-04 3.011839e-05 1.249988e+01) (-2.257792e-06 -6.654084e-06 3.804858e-02)) ((5.654649e-09 -9.132565e-09 -1.622215e-11) (1.412795e-06 -1.459452e-07 3.510845e-08))
2.18          	((-3.210430e-04 -1.858127e-04 1.149877e+01) (-2.011068e-06 -6.475201e-06 3.910695e-02)) ((6.360585e-09 -7.993850e-09 1.922931e-10) (1.493127e-06 -1.906377e-07 3.505987e-08))
2.186667      	((9.399140e-05 1.008106e-04 1.047739e+01) (-1.831551e-06 -6.381179e-06 4.009723e-02)) ((-1.175007e-09 -1.881096e-09 -5.258287e-10) (1.553475e-06 -2.120770e-07 3.531792e-08))
2.193333      	((5.149393e-05 -2.295670e-05 9.437424e+00) (-1.812965e-06 -6.330742e-06 4.101666e-02)) ((-6.794658e-09 4.334084e-09 2.843560e-10) (1.623481e-06 -3.031877e-07 3.551582e-08))
2.2           	((8.326066e-05 1.139219e-04 8.380879e+00) (-1.710542e-06 -6.315716e-06 4.186579e-02)) ((-5.805696e-09 4.041185e-09 -7.119910e-11) (1.681589e-06 -3.260505e-07 3.525293e-08))
2.206667      	((4.920712e-05 -6.376576e-05 7.309420e+00) (-1.636134e-06 -6.343617e-06 4.263606e-02)) ((-4.210700e-09 1.991537e-09 -2.958925e-10) (1.739082e-06 -3.421929e-07 3.503248e-08))
2.213333      	((1.534448e-05 -1.436964e-04 6.224643e+00) (-1.665413e-06 -6.482012e-06 4.332117e-02)) ((-6.662337e-09 3.405838e-09 3.054902e-12) (1.792842e-06 -3.567738e-07 3.423521e-08))
2.22          	((-3.305900e-05 -1.185585e-04 5.128801e+00) (-1.760638e-06 -6.673124e-06 4.391837e-02)) ((-1.474544e-09 -7.841898e-10 2.418391e-10) (1.836253e-06 -3.655546e-07 3.360115e-08))
2.226667      	((-8.125781e-05 -1.267170e-04 4.023849e+00) (-1.885435e-06 -6.880670e-06 4.442649e-02)) ((1.132597e-09 -5.814114e-09 5.986026e-10) (1.876448e-06 -3.743701e-07 3.289663e-08))
2.233333      	((-5.829743e-05 -8.029923e-05 2.911575e+00) (-1.953866e-06 -6.996674e-06 4.484549e-02)) ((-8.735005e-10 -3.223702e-09 4.852722e-10) (2.000196e-06 -4.763385e-07 3.197525e-08))
2.24          	((-3.186478e-05 -6.879475e-05 1.793833e+00) (-2.142063e-06 -7.232223e-06 4.517221e-02)) ((-3.380391e-09 -1.477141e-09 4.745811e-10) (2.022758e-06 -4.839334e-07 3.089177e-08))
2.246667      	((-4.516845e-05 -6.802003e-05 6.729010e-01) (-2.343414e-06 -7.462942e-06 4.540195e-02)) ((2.844628e-10 -5.078941e-09 7.438640e-11) (2.019781e-06 -4.694874e-07 2.970460e-08))
2.253333      	((-4.578118e-05 -8.187840e-05 -4.494001e-01) (-2.713810e-06 -7.856596e-06 4.553409e-02)) ((1.666654e-09 -6.128386e-09 3.081904e-10) (2.044886e-06 -4.954539e-07 2.812677e-08))
2.26          	((5.464368e-06 -4.978374e-05 -1.570865e+00) (-3.235768e-06 -8.132992e-06 4.558242e-02)) ((2.357500e-09 -7.674118e-09 -1.113310e-10) (2.052515e-06 -6.446061e-07 2.688716e-08))
2.266667      	((-2.457282e-05 -7.815259e-05 -2.688993e+00) (-3.729438e-06 -8.367864e-06 4.553343e-02)) ((5.044145e-09 -9.822630e-09 4.948794e-11) (2.016650e-06 -7.235322e-07 2.742752e-08))
2.273333      	((-9.924224e-05 -1.663890e-04 -3.802849e+00) (-4.010525e-06 -8.687611e-06 4.538498e-02)) ((7.940715e-09 -1.277910e-08 -5.041853e-10) (2.009887e-06 -6.894720e-07 2.584431e-08))
2.28          	((-8.510728e-05 -1.883351e-04 -4.913682e+00) (-4.220352e-06 -8.934736e-06 4.513379e-02)) ((6.561408e-09 -1.076080e-08 1.555828e-10) (2.019846e-06 -6.552126e-07 2.381979e-08))
2.286667      	((-9.947965e-05 -2.738422e-04 -6.017098e+00) (-4.358211e-06 -9.135065e-06 4.478261e-02)) ((9.106263e-09 -1.314139e-08 -1.475167e-12) (2.015613e-06 -6.145263e-07 2.232393e-08))
2.293333      	((-1.302248e-04 -2.653052e-04 -7.103384e+00) (-4.513038e-06 -9.305768e-06 4.432935e-02)) ((7.456086e-09 -1.201321e-08 4.906107e-11) (2.001080e-06 -5.923122e-07 2.123027e-08))
2.3           	((-1.107154e-04 -2.722036e-04 -8.169874e+00) (-4.657065e-06 -9.429976e-06 4.379018e-02)) ((7.744208e-09 -1.172671e-08 1.508736e-10) (1.975335e-06 -5.682803e-07 2.005232e-08))
2.306667      	((-7.395992e-05 -1.912509e-04 -9.218626e+00) (-4.985370e-06 -9.522535e-06 4.315800e-02)) ((8.678898e-09 -1.213851e-08 1.369672e-10) (1.919162e-06 -6.193198e-07 1.986530e-08))
2.313333      	((-6.057005e-05 -1.195592e-04 -1.025076e+01) (-5.172812e-06 -9.638885e-06 4.243492e-02)) ((6.942012e-09 -9.952715e-09 5.214334e-13) (1.879283e-06 -6.112089e-07 1.834874e-08))
2.32          	((-5.759479e-05 -8.070497e-05 -1.126800e+01) (-5.286707e-06 -9.514429e-06 4.161886e-02)) ((5.674814e-09 -9.048960e-09 1.553874e-10) (1.738661e-06 -5.358936e-07 1.758194e-08))
2.326667      	((-6.129120e-05 -4.550992e-05 -1.226835e+01) (-5.450390e-06 -9.615021e-06 4.071052e-02)) ((1.871322e-09 -5.029688e-09 4.541810e-11) (1.695752e-06 -5.111291e-07 1.624469e-08))
2.333333      	((-4.719157e-05 -2.584308e-05 -1.324961e+01) (-5.630957e-06 -9.738180e-06 3.971119e-02)) ((4.988239e-10 -3.592602e-09 3.539932e-10) (1.667530e-06 -5.039219e-07 1.518227e-08))
2.34          	((-1.034861e-04 -4.840605e-05 -1.420696e+01) (-5.814946e-06 -9.844788e-06 3.862587e-02)) ((6.487132e-10 -3.159572e-09 4.675073e-11) (1.636177e-06 -5.031050e-07 1.388456e-08))
2.346667      	((-1.463699e-04 -5.880511e-05 -1.514181e+01) (-5.984709e-06 -9.968528e-06 3.746063e-02)) ((1.083078e-09 -3.073997e-09 1.089735e-10) (1.625770e-06 -4.972102e-07 1.284063e-08))
2.353333      	((-9.510028e-05 -8.271007e-05 -1.605029e+01) (-6.071030e-06 -9.945091e-06 3.621595e-02)) ((-8.917246e-10 -2.134284e-09 1.356103e-10) (1.571091e-06 -4.679231e-07 1.255130e-08))
2.36          	((-1.444249e-04 -8.492286e-05 -1.693455e+01) (-6.094137e-06 -9.846604e-06 3.489590e-02)) ((-1.992049e-09 -4.288872e-10 1.105237e-12) (1.510139e-06 -4.492054e-07 1.194168e-08))
2.366667      	((-9.922239e-05 -3.041786e-05 -1.778616e+01) (-6.162513e-06 -9.766976e-06 3.350620e-02)) ((-3.896263e-09 1.257000e-09 8.780020e-11) (1.439416e-06 -4.409592e-07 1.108462e-08))
2.373333      	((-1.055814e-04 -2.436752e-05 -1.860765e+01) (-6.283769e-06 -9.656170e-06 3.205407e-02)) ((-4.596454e-09 2.719330e-09 1.052198e-10) (1.360318e-06 -4.464126e-07 1.012936e-08))
2.38          	((-4.862969e-05 4.097845e-05 -1.939279e+01) (-6.456077e-06 -9.664715e-06 3.054436e-02)) ((-3.295907e-09 1.662759e-09 8.704900e-12) (1.323633e-06 -4.637949e-07 9.067977e-09))
2.386667      	((-5.327806e-06 9.366096e-05 -2.014063e+01) (-6.605986e-06 -9.605959e-06 2.898269e-02)) ((-6.288182e-09 5.177345e-09 8.299570e-11) (1.266800e-06 -4.775959e-07 7.887713e-09))
2.393333      	((-8.515825e-05 3.175387e-05 -2.085422e+01) (-6.695560e-06 -9.489552e-06 2.737641e-02)) ((-6.438704e-09 6.169932e-09 9.665954e-11) (1.195837e-06 -4.720728e-07 7.368004e-09))
2.4           	((-5.860517e-05 5.681903e-05 -2.152962e+01) (-6.690780e-06 -9.307520e-06 2.572929e-02)) ((-4.064459e-09 3.734198e-09 -1.144363e-10) (1.127396e-06 -4.665741e-07 6.627046e-09))
2.406667      	((-9.051083e-05 5.818904e-05 -2.216783e+01) (-6.617714e-06 -9.072264e-06 2.404716e-02)) ((-8.806188e-10 9.657334e-10 -1.555731e-10) (1.052545e-06 -4.487974e-07 6.040819e-09))
2.413333      	((-1.522364e-04 2.536065e-05 -2.276686e+01) (-6.544834e-06 -8.847516e-06 2.233584e-02)) ((-3.361053e-09 3.159409e-09 -3.805134e-10) (9.733911e-07 -4.218626e-07 5.359964e-09))
2.42          	((-2.299722e-04 2.612725e-06 -2.332563e+01) (-6.437814e-06 -8.597695e-06 2.060172e-02)) ((-8.601872e-10 9.548711e-10 -5.368054e-10) (8.952777e-07 -3.908918e-07 4.766988e-09))
2.426667      	((-2.854480e-04 -9.496083e-05 -2.384241e+01) (-6.291815e-06 -8.306977e-06 1.884975e-02)) ((2.421331e-09 -1.392187e-09 -5.167762e-10) (8.145578e-07 -3.557990e-07 4.146729e-09))
2.433333      	((-4.055503e-04 -1.850323e-04 -2.431745e+01) (-6.162101e-06 -8.035656e-06 1.708596e-02)) ((6.968525e-09 -6.675117e-09 -4.433125e-10) (7.311666e-07 -3.152634e-07 3.259332e-09))
2.44          	((-1.565316e-04 -1.605881e-04 -2.474788e+01) (-5.979387e-06 -7.736169e-06 1.531635e-02)) ((9.543710e-09 -8.505974e-09 -1.504806e-10) (6.545436e-07 -2.748571e-07 2.241281e-09))
2.446667      	((-1.649974e-04 -6.850551e-04 -2.513446e+01) (-5.770511e-06 -7.419811e-06 1.354723e-02)) ((1.190048e-08 -7.992753e-09 2.007835e-10) (5.873746e-07 -2.527160e-07 1.550086e-09))
2.453333      	((1.470443e-04 -7.142169e-04 -2.547346e+01) (-5.641719e-06 -7.181890e-06 1.178234e-02)) ((1.878295e-08 -1.526621e-08 1.610034e-10) (5.244759e-07 -2.399727e-07 5.323503e-10))
2.46          	((-4.624824e-04 -5.436372e-04 -2.576558e+01) (-5.553744e-06 -6.950780e-06 1.002512e-02)) ((1.987702e-08 -2.064636e-08 -4.602723e-10) (4.706272e-07 -2.421313e-07 1.630040e-10))
2.466667      	((-4.723651e-04 -5.834206e-04 -2.601246e+01) (-5.513013e-06 -6.766951e-06 8.280695e-03)) ((2.628870e-08 -2.384030e-08 -6.691609e-10) (4.142448e-07 -2.391952e-07 -2.516370e-11))
2.473333      	((3.800169e-04 1.797943e-04 -2.620678e+01) (-5.487436e-06 -6.599906e-06 6.553722e-03)) ((2.847175e-08 -2.321968e-08 -9.915111e-10) (3.602815e-07 -2.383517e-07 -9.952093e-10))
2.48          	((2.917741e-04 4.355735e-04 -2.636157e+01) (-5.518216e-06 -6.490792e-06 4.845801e-03)) ((1.308351e-08 -9.115930e-09 -5.506217e-10) (3.051318e-07 -2.350670e-07 -8.881790e-10))
2.486667      	((-2.642271e-04 7.235293e-06 -2.652861e+01) (-5.624729e-06 -6.411012e-06 3.148373e-03)) ((-1.046735e-08 1.829577e-08 1.939848e-09) (2.535221e-07 -2.369897e-07 -1.689167e-09))
2.493333      	((3.684438e-04 6.408481e-04 -2.667101e+01) (-5.771421e-06 -6.454396e-06 1.452904e-03)) ((3.722046e-08 -4.418985e-08 -2.721392e-09) (1.802393e-07 -2.099397e-07 -2.230301e-09))
2.5           	((1.792795e-03 2.369267e-03 -2.675639e+01) (-5.551400e-06 -6.080101e-06 -2.358919e-04)) ((1.351095e-08 -4.064688e-08 2.555923e-09) (1.107317e-07 -1.868750e-07 -3.000534e-09))
2.506667      	((2.689641e-03 2.780140e-03 -2.681464e+01) (-5.623382e-06 -5.981428e-06 -1.892893e-03)) ((1.310377e-07 -1.440869e-07 -3.537010e-09) (1.307835e-08 -1.409614e-07 -3.882332e-09))
2.513333      	((-2.802115e-03 -1.943682e-03 -2.676157e+01) (-5.675781e-06 -5.854217e-06 -3.504399e-03)) ((-1.036094e-07 1.069370e-07 4.713817e-09) (-1.886955e-08 -1.582602e-07 -4.590067e-09))
2.52          	((-7.699146e-04 -6.772018e-04 -2.665792e+01) (-5.753236e-06 -5.782870e-06 -5.095100e-03)) ((-2.505179e-08 2.391727e-08 2.104236e-09) (-4.269022e-08 -1.835452e-07 -7.061963e-09))
2.526667      	((-9.677851e-04 -7.700048e-04 -2.645408e+01) (-5.791726e-06 -5.687826e-06 -6.676558e-03)) ((1.334522e-08 -1.102016e-08 1.610844e-09) (-8.164969e-08 -1.913089e-07 -7.840264e-09))
2.533333      	((-5.907338e-04 -4.544535e-04 -2.621287e+01) (-5.858150e-06 -5.632451e-06 -8.252106e-03)) ((2.543062e-08 -1.933314e-08 4.930301e-10) (-1.358102e-07 -1.861245e-07 -7.573073e-09))
2.54          	((-4.220764e-04 -7.808527e-05 -2.592950e+01) (-5.978346e-06 -5.606877e-06 -9.822803e-03)) ((2.255864e-08 -1.948554e-08 1.869276e-09) (-1.864589e-07 -1.757417e-07 -9.110260e-09))
2.546667      	((-5.286807e-04 1.371038e-04 -2.561710e+01) (-6.041882e-06 -5.525223e-06 -1.139366e-02)) ((1.981539e-08 -1.765536e-08 1.350491e-09) (-2.346344e-07 -1.673169e-07 -9.996846e-09))
2.553333      	((-1.664509e-04 2.502966e-05 -2.526465e+01) (-6.207526e-06 -5.569200e-06 -1.296346e-02)) ((2.069170e-08 -2.157304e-08 1.138718e-09) (-3.018063e-07 -1.594913e-07 -1.221776e-08))
2.56          	((-2.612449e-04 -1.588033e-04 -2.487837e+01) (-6.421121e-06 -5.637181e-06 -1.453039e-02)) ((8.798249e-09 -1.047689e-08 1.056159e-09) (-3.633678e-07 -1.553887e-07 -1.323744e-08))
2.566667      	((7.158923e-05 -1.564260e-04 -2.445523e+01) (-6.537098e-06 -5.645489e-06 -1.609367e-02)) ((5.953526e-09 -2.743908e-09 4.161885e-10) (-4.207583e-07 -1.355405e-07 -1.431313e-08))
2.573333      	((1.040110e-04 -6.492891e-05 -2.399000e+01) (-6.641700e-06 -5.588801e-06 -1.765438e-02)) ((1.616911e-08 -1.538659e-08 7.069074e-10) (-5.080463e-07 -9.985809e-08 -1.496959e-08))
2.58          	((3.124450e-05 2.171667e-04 -2.347860e+01) (-6.682916e-06 -5.514757e-06 -1.920930e-02)) ((2.931644e-09 -1.839458e-09 1.408559e-09) (-5.572096e-07 -7.292066e-08 -1.486103e-08))
2.586667      	((3.712851e-04 2.014110e-04 -2.292582e+01) (-6.840505e-06 -5.477221e-06 -2.075571e-02)) ((3.887449e-10 5.096723e-09 1.217962e-09) (-6.107486e-07 -8.817203e-08 -1.555280e-08))
2.593333      	((3.957453e-04 -2.188745e-04 -2.233215e+01) (-6.738266e-06 -5.311410e-06 -2.229126e-02)) ((7.914332e-09 -5.964227e-09 1.889696e-09) (-6.563701e-07 -8.645322e-08 -1.428326e-08))
2.6           	((3.359423e-04 1.550404e-04 -2.169950e+01) (-6.767508e-06 -5.140813e-06 -2.380906e-02)) ((5.617267e-09 -3.303128e-09 5.339470e-10) (-7.248641e-07 -5.579850e-08 -1.333265e-08))
2.606667      	((4.707369e-04 1.751287e-04 -2.102868e+01) (-6.646244e-06 -4.950091e-06 -2.530642e-02)) ((6.384211e-09 -5.642316e-09 1.130183e-09) (-7.890954e-07 -5.951698e-08 -1.200557e-08))
2.613333      	((2.078592e-04 4.056169e-04 -2.032052e+01) (-6.563635e-06 -4.712704e-06 -2.678087e-02)) ((-8.013030e-09 6.161234e-09 2.697004e-10) (-8.557463e-07 -5.343447e-08 -1.180719e-08))
2.62          	((2.658682e-04 3.685642e-04 -1.957623e+01) (-6.487417e-06 -4.592654e-06 -2.823008e-02)) ((-1.086923e-08 9.053439e-09 1.880567e-10) (-9.119326e-07 -1.719371e-08 -1.127356e-08))
2.626667      	((2.414356e-04 2.495819e-04 -1.879741e+01) (-6.563328e-06 -4.509274e-06 -2.965307e-02)) ((-8.321045e-09 6.587500e-09 -1.894779e-10) (-9.847568e-07 -2.064919e-08 -1.074898e-08))
2.633333      	((2.137867e-04 4.683233e-04 -1.798563e+01) (-6.571081e-06 -4.372126e-06 -3.104517e-02)) ((-1.026274e-08 7.827845e-09 -9.657997e-11) (-1.081319e-06 2.059860e-08 -1.028102e-08))
2.64          	((2.677869e-04 4.382202e-04 -1.714209e+01) (-6.686273e-06 -4.373485e-06 -3.240437e-02)) ((-7.062387e-09 3.915026e-09 7.117300e-10) (-1.239901e-06 1.341890e-07 -9.802876e-09))
2.646667      	((4.258700e-04 2.498003e-04 -1.626807e+01) (-6.574878e-06 -4.237446e-06 -3.372765e-02)) ((-8.770258e-09 7.631275e-09 7.194909e-10) (-1.346165e-06 1.882341e-07 -9.189924e-09))
2.653333      	((4.673752e-04 2.941744e-04 -1.536512e+01) (-6.335900e-06 -3.956539e-06 -3.501137e-02)) ((-1.436672e-08 1.246977e-08 9.657731e-10) (-1.408805e-06 2.042980e-07 -8.811669e-09))
2.66          	((5.544971e-04 1.051170e-04 -1.443495e+01) (-6.115283e-06 -3.699520e-06 -3.624939e-02)) ((-7.406979e-09 6.273676e-09 1.404954e-10) (-1.475141e-06 2.233412e-07 -8.208044e-09))
2.666667      	((4.492437e-04 -1.136394e-04 -1.347953e+01) (-5.975053e-06 -3.525731e-06 -3.743339e-02)) ((-1.855933e-08 1.727438e-08 1.439072e-09) (-1.542936e-06 2.464914e-07 -7.354888e-09))
2.673333      	((6.688080e-04 -1.304111e-04 -1.250042e+01) (-5.917004e-06 -3.484248e-06 -3.855785e-02)) ((-1.184837e-08 1.217101e-08 1.064097e-09) (-1.598303e-06 2.531080e-07 -6.683234e-09))
2.68          	((2.219120e-04 1.281147e-04 -1.149932e+01) (-5.887431e-06 -3.490477e-06 -3.962027e-02)) ((-1.868292e-08 1.994460e-08 1.830190e-09) (-1.652256e-06 2.570065e-07 -5.672138e-09))
2.686667      	((3.684000e-04 2.692807e-04 -1.047789e+01) (-5.950724e-06 -3.573377e-06 -4.061626e-02)) ((-1.154157e-08 1.281531e-08 1.062144e-09) (-1.698564e-06 2.578940e-07 -4.618254e-09))
2.693333      	((3.305023e-04 3.593442e-04 -9.437924e+00) (-6.026392e-06 -3.658525e-06 -4.153995e-02)) ((-7.875867e-09 8.230978e-09 5.962101e-10) (-1.758589e-06 2.753762e-07 -3.817204e-09))
2.7           	((2.391026e-04 3.399116e-04 -8.381332e+00) (-6.167715e-06 -3.818371e-06 -4.238976e-02)) ((-1.155164e-08 1.262694e-08 9.639317e-10) (-2.040091e-06 5.159779e-07 -2.992061e-09))
2.706667      	((2.332933e-04 3.359344e-04 -7.309746e+00) (-6.236149e-06 -3.907387e-06 -4.316267e-02)) ((-1.644142e-08 1.916345e-08 8.172115e-10) (-2.096934e-06 5.379872e-07 -1.963532e-09))
2.713333      	((2.565857e-04 3.791693e-04 -6.224968e+00) (-6.380260e-06 -4.079616e-06 -4.385239e-02)) ((-1.424176e-08 1.724921e-08 1.360896e-09) (-2.101082e-06 5.101453e-07 -1.452549e-09))
2.72          	((1.994116e-04 2.659919e-04 -5.129148e+00) (-6.550968e-06 -4.279140e-06 -4.445399e-02)) ((-8.289187e-09 9.621007e-09 1.193330e-09) (-2.091595e-06 4.743956e-07 -8.205985e-10))
2.726667      	((1.665880e-04 1.632838e-04 -4.024138e+00) (-6.704763e-06 -4.470887e-06 -4.496665e-02)) ((-1.879586e-08 2.095004e-08 8.723824e-10) (-2.083829e-06 4.399560e-07 -4.985918e-10))
2.733333      	((1.580573e-04 2.446513e-04 -2.911799e+00) (-6.887544e-06 -4.703155e-06 -4.539302e-02)) ((-9.444532e-09 1.160110e-08 1.220541e-09) (-2.086722e-06 4.204071e-07 2.188831e-10))
2.74          	((1.155086e-04 2.169144e-04 -1.794032e+00) (-7.014462e-06 -4.874910e-06 -4.572463e-02)) ((-1.087009e-08 1.290903e-08 7.910457e-10) (-2.089739e-06 4.082372e-07 8.917997e-10))
2.746667      	((1.274716e-04 1.604002e-04 -6.730979e-01) (-7.149315e-06 -5.061826e-06 -4.595834e-02)) ((-1.218092e-08 1.428421e-08 1.270830e-09) (-2.094613e-06 4.025396e-07 1.767194e-09))
2.753333      	((1.395904e-04 2.114209e-04 4.492245e-01) (-7.321100e-06 -5.317356e-06 -4.609952e-02)) ((-9.948011e-09 1.154038e-08 1.322938e-09) (-2.142478e-06 4.389547e-07 2.388137e-09))
2.76          	((1.090125e-04 2.076932e-04 1.570578e+00) (-7.489245e-06 -5.560847e-06 -4.615240e-02)) ((-5.643064e-09 8.398651e-09 1.036997e-09) (-2.157798e-06 4.499838e-07 3.015953e-09))
2.766667      	((6.989115e-05 1.547571e-04 2.688676e+00) (-7.687372e-06 -5.832950e-06 -4.610896e-02)) ((-7.158713e-09 8.223629e-09 1.249601e-09) (-2.145572e-06 4.400474e-07 3.796091e-09))
2.773333      	((5.546890e-05 1.558013e-04 3.802412e+00) (-7.963157e-06 -6.211736e-06 -4.596219e-02)) ((-8.180991e-09 9.364133e-09 1.175584e-09) (-2.166532e-06 4.758672e-07 4.431571e-09))
2.78          	((-6.353620e-05 1.118797e-04 4.913174e+00) (-7.995559e-06 -6.345301e-06 -4.571536e-02)) ((-9.327085e-09 9.543795e-09 8.965831e-10) (-2.146146e-06 4.726004e-07 5.012644e-09))
2.786667      	((-5.391108e-05 1.328388e-04 6.016447e+00) (-8.048441e-06 -6.499813e-06 -4.536401e-02)) ((-8.530911e-09 9.091356e-09 9.208761e-10) (-2.116084e-06 4.639902e-07 5.638993e-09))
2.793333      	((-5.641414e-05 1.368477e-04 7.102734e+00) (-8.034692e-06 -6.557623e-06 -4.491512e-02)) ((-6.932733e-09 7.150848e-09 9.394012e-10) (-2.004073e-06 3.964384e-07 8.077947e-09))
2.8           	((-3.183294e-05 1.504291e-04 8.169329e+00) (-8.107301e-06 -6.711960e-06 -4.438644e-02)) ((-5.309330e-09 5.231698e-09 7.561349e-10) (-1.976648e-06 3.902383e-07 8.376289e-09))
2.806667      	((-3.260089e-06 1.091450e-04 9.217950e+00) (-8.172290e-06 -6.881521e-06 -4.376207e-02)) ((-4.465046e-09 3.891204e-09 1.096392e-09) (-1.953774e-06 3.918470e-07 8.218063e-09))
2.813333      	((2.164762e-05 4.711872e-05 1.025033e+01) (-8.275214e-06 -7.040017e-06 -4.304095e-02)) ((-4.445565e-09 3.557371e-09 1.240754e-09) (-1.905977e-06 4.015146e-07 7.307810e-09))
2.82          	((-4.601075e-05 -2.575920e-05 1.126783e+01) (-8.354058e-06 -7.237859e-06 -4.222328e-02)) ((-3.701456e-09 2.368541e-09 1.022296e-09) (-1.874538e-06 4.063141e-07 7.408601e-09))
2.826667      	((-4.873470e-05 -4.610197e-05 1.226816e+01) (-8.368976e-06 -7.546871e-06 -4.131096e-02)) ((-1.706801e-09 3.949726e-10 1.272240e-09) (-1.879247e-06 3.935883e-07 8.531188e-09))
2.833333      	((-8.055396e-05 -7.870380e-05 1.324956e+01) (-8.563882e-06 -7.863358e-06 -4.031017e-02)) ((-2.108083e-09 9.033710e-10 1.292447e-09) (-1.877186e-06 4.405587e-07 1.038660e-08))
2.84          	((-6.865132e-05 -1.294833e-04 1.420700e+01) (-8.603475e-06 -7.996878e-06 -3.922370e-02)) ((-3.424427e-09 1.873543e-09 1.253649e-09) (-1.822046e-06 4.372892e-07 1.118474e-08))
2.846667      	((-1.220654e-04 -1.177560e-04 1.514180e+01) (-8.594272e-06 -8.066763e-06 -3.805246e-02)) ((-4.518177e-09 2.088784e-09 1.295403e-09) (-1.757738e-06 4.222618e-07 1.150438e-08))
2.853333      	((-6.547520e-05 -1.480906e-04 1.605036e+01) (-8.532656e-06 -8.095733e-06 -3.680141e-02)) ((-3.620113e-09 1.297642e-09 1.072769e-09) (-1.662479e-06 3.818152e-07 1.187135e-08))
2.86          	((-5.723310e-05 -7.913745e-05 1.693464e+01) (-8.616405e-06 -8.281472e-06 -3.547896e-02)) ((-4.901627e-09 2.559067e-09 1.427722e-09) (-1.584387e-06 3.580920e-07 1.259688e-08))
2.866667      	((-9.154176e-05 -1.221756e-04 1.778650e+01) (-8.626831e-06 -8.392797e-06 -3.408683e-02)) ((-3.601658e-09 9.346072e-10 9.663001e-10) (-1.522317e-06 3.526331e-07 1.292148e-08))
2.873333      	((1.425511e-05 -6.270015e-05 1.860772e+01) (-8.603204e-06 -8.489871e-06 -3.263034e-02)) ((-1.596923e-09 -9.481851e-10 1.145685e-09) (-1.469360e-06 3.543779e-07 1.314326e-08))
2.88          	((-2.315646e-05 -1.161311e-04 1.939254e+01) (-8.544691e-06 -8.532141e-06 -3.111485e-02)) ((-1.623203e-10 -2.700361e-09 1.270344e-09) (-1.411614e-06 3.572412e-07 1.364182e-08))
2.886667      	((-5.120570e-05 -2.002115e-05 2.014041e+01) (-8.465445e-06 -8.543009e-06 -2.954642e-02)) ((4.438678e-10 -5.387832e-09 8.463697e-10) (-1.354025e-06 3.564515e-07 1.395852e-08))
2.893333      	((6.080661e-05 -6.504060e-05 2.085386e+01) (-8.356139e-06 -8.527599e-06 -2.793279e-02)) ((4.016245e-10 -3.104662e-09 1.294076e-09) (-1.290481e-06 3.560177e-07 1.462550e-08))
2.9           	((-6.889971e-05 -2.896661e-04 2.152930e+01) (-8.230118e-06 -8.510892e-06 -2.627808e-02)) ((-2.842663e-10 -4.269673e-09 2.712291e-10) (-1.227537e-06 3.580132e-07 1.493710e-08))
2.906667      	((-1.166492e-04 -1.017549e-04 2.216755e+01) (-8.058512e-06 -8.435729e-06 -2.458809e-02)) ((-2.579000e-09 -3.901434e-09 6.646255e-10) (-1.162220e-06 3.585118e-07 1.552955e-08))
2.913333      	((2.434976e-06 -3.165763e-04 2.276665e+01) (-7.882917e-06 -8.378985e-06 -2.286865e-02)) ((-1.813373e-10 -2.392503e-09 9.944061e-10) (-1.095709e-06 3.577364e-07 1.565038e-08))
2.92          	((-1.419610e-04 -2.742086e-04 2.332534e+01) (-7.706803e-06 -8.313910e-06 -2.112584e-02)) ((-1.126955e-09 -4.778412e-09 1.824423e-10) (-1.026893e-06 3.564271e-07 1.632853e-08))
2.926667      	((-5.463230e-05 -2.024300e-04 2.384211e+01) (-7.476178e-06 -8.196208e-06 -1.936550e-02)) ((-3.382290e-09 2.901832e-09 2.154597e-10) (-9.564881e-07 3.525209e-07 1.626220e-08))
2.933333      	((-4.391847e-04 -4.620784e-04 2.431688e+01) (-7.226016e-06 -8.057873e-06 -1.759283e-02)) ((-9.121464e-09 1.724244e-09 3.270959e-10) (-8.818465e-07 3.440527e-07 1.679493e-08))
2.94          	((6.297686e-05 1.809151e-04 2.474750e+01) (-6.876208e-06 -7.806349e-06 -1.581402e-02)) ((-6.962352e-09 6.410890e-09 5.450582e-10) (-8.077106e-07 3.359821e-07 1.687413e-08))
2.946667      	((-3.459691e-04 6.099071e-06 2.513407e+01) (-6.513757e-06 -7.527951e-06 -1.403524e-02)) ((-9.528027e-09 4.750269e-09 -4.909918e-11) (-7.357196e-07 3.279554e-07 1.684868e-08))
2.953333      	((-1.206884e-04 1.868101e-04 2.547229e+01) (-6.311679e-06 -7.416972e-06 -1.226160e-02)) ((-1.190441e-08 7.499547e-09 9.941311e-11) (-6.696124e-07 3.228298e-07 1.674039e-08))
2.96          	((-6.875306e-04 -6.941874e-04 2.576448e+01) (-6.293624e-06 -7.497034e-06 -1.049643e-02)) ((-1.101608e-08 2.854705e-09 1.935709e-10) (-6.114714e-07 3.253603e-07 1.757892e-08))
2.966667      	((-3.922475e-04 8.580177e-05 2.601123e+01) (-6.288378e-06 -7.583145e-06 -8.743742e-03)) ((-2.163014e-08 1.347689e-08 -3.060409e-11) (-5.699588e-07 3.404129e-07 1.805257e-08))
2.973333      	((-5.552441e-05 6.226108e-04 2.620497e+01) (-6.192246e-06 -7.572915e-06 -7.008355e-03)) ((-3.041540e-08 2.355991e-08 -2.898361e-10) (-5.078582e-07 3.358131e-07 1.818182e-08))
2.98          	((1.326477e-04 -3.174507e-05 2.636561e+01) (-6.263860e-06 -7.750612e-06 -5.292967e-03)) ((-7.593497e-09 4.534393e-09 1.545623e-10) (-4.713047e-07 3.535771e-07 1.844333e-08))
2.986667      	((-6.629643e-04 -1.061551e-03 2.654230e+01) (-6.264765e-06 -7.844675e-06 -3.591524e-03)) ((2.795362e-08 -3.251588e-08 -9.625986e-10) (-4.192334e-07 3.530809e-07 1.842063e-08))
2.993333      	((1.272600e-03 7.639102e-04 2.668074e+01) (-6.248220e-06 -7.916915e-06 -1.894870e-03)) ((-8.177194e-09 1.048225e-08 2.154707e-10) (-3.534296e-07 3.408235e-07 1.799607e-08))
3             	((1.695866e-03 1.150526e-03 2.675182e+01) (-5.671799e-06 -7.469597e-06 -2.014554e-04)) ((-9.484422e-08 5.023794e-08 2.507840e-09) (-2.935080e-07 3.361789e-07 1.847747e-08))
3.006667      	((1.114611e-03 8.149057e-04 2.679485e+01) (-5.473741e-06 -7.399625e-06 1.465715e-03)) ((-1.251539e-07 1.703888e-07 -2.148386e-09) (-1.539214e-07 2.491130e-07 1.778561e-08))
3.013333      	((-5.748256e-04 -8.518857e-04 2.674646e+01) (-5.456334e-06 -7.448523e-06 3.083618e-03)) ((4.444318e-08 -4.569433e-08 1.863738e-09) (-8.610921e-08 2.379131e-07 1.812771e-08))
3.02          	((-1.134298e-03 -1.448186e-03 2.667258e+01) (-5.370728e-06 -7.417454e-06 4.674816e-03)) ((1.830324e-09 -9.356527e-09 1.880552e-09) (-6.719375e-08 2.738614e-07 1.746098e-08))
3.026667      	((-3.336860e-05 9.349377e-05 2.645454e+01) (-5.445099e-06 -7.611092e-06 6.253595e-03)) ((-2.116705e-08 9.746575e-09 -6.013480e-11) (-2.167892e-08 2.855583e-07 1.731751e-08))
3.033333      	((-6.382012e-04 -9.047234e-04 2.621041e+01) (-5.440263e-06 -7.792447e-06 7.826476e-03)) ((-2.920779e-08 1.716713e-08 -9.174608e-10) (2.489108e-08 2.958529e-07 1.798146e-08))
3.04          	((1.146684e-04 9.781790e-05 2.592700e+01) (-5.659046e-06 -8.130626e-06 9.392201e-03)) ((-2.761818e-08 1.555318e-08 1.934805e-09) (7.962764e-08 2.911264e-07 1.916832e-08))
3.046667      	((-3.585164e-05 -1.431460e-04 2.561661e+01) (-5.655496e-06 -8.311951e-06 1.095738e-02)) ((-1.676218e-08 8.091437e-09 3.734882e-11) (1.425830e-07 2.922829e-07 2.036587e-08))
3.053333      	((2.040638e-04 -3.737124e-04 2.526557e+01) (-5.747810e-06 -8.503449e-06 1.252078e-02)) ((-2.259527e-08 1.554300e-08 7.893500e-10) (1.797600e-07 2.898520e-07 2.133162e-08))
3.06          	((4.169870e-04 -3.404510e-04 2.487841e+01) (-5.793101e-06 -8.762263e-06 1.408134e-02)) ((-1.721139e-08 1.859077e-08 9.137217e-10) (2.425621e-07 3.093528e-07 2.281319e-08))
3.066667      	((-2.233773e-04 -1.826117e-04 2.445501e+01) (-5.919027e-06 -8.961949e-06 1.563841e-02)) ((2.578165e-09 -3.558703e-09 4.972259e-10) (3.191045e-07 2.653694e-07 2.417340e-08))
3.073333      	((-5.811712e-04 -1.339732e-04 2.398932e+01) (-5.965841e-06 -9.118148e-06 1.719120e-02)) ((-9.494987e-09 7.276134e-10 -2.246213e-10) (3.486813e-07 2.860726e-07 2.509325e-08))
3.08          	((2.028163e-07 -1.337761e-04 2.347783e+01) (-5.979077e-06 -9.303693e-06 1.873855e-02)) ((1.433554e-09 -5.821326e-09 -1.848841e-11) (4.020803e-07 2.806176e-07 2.640205e-08))
3.086667      	((1.568627e-05 -8.780007e-05 2.292482e+01) (-6.117112e-06 -9.479026e-06 2.027639e-02)) ((5.845071e-09 -1.004496e-08 4.367483e-10) (4.833109e-07 2.551417e-07 2.743930e-08))
3.093333      	((-5.979250e-04 4.244884e-06 2.233114e+01) (-6.114713e-06 -9.562219e-06 2.180407e-02)) ((-1.100064e-09 -2.126367e-09 3.189482e-10) (5.153029e-07 2.643098e-07 2.920584e-08))
3.1           	((-1.619058e-04 3.009716e-04 2.169837e+01) (-5.923797e-06 -9.504187e-06 2.331302e-02)) ((6.862844e-09 -1.088142e-08 7.178035e-11) (5.871357e-07 2.456536e-07 3.077075e-08))
3.106667      	((-3.629761e-04 2.565715e-04 2.102744e+01) (-5.839863e-06 -9.422660e-06 2.480231e-02)) ((6.433108e-09 -1.113710e-08 -1.529218e-10) (6.408890e-07 2.380299e-07 3.354511e-08))
3.113333      	((9.929115e-05 -1.289474e-04 2.031920e+01) (-5.668857e-06 -9.320563e-06 2.626792e-02)) ((1.282118e-08 -1.630389e-08 8.894746e-10) (7.107100e-07 1.933850e-07 3.355166e-08))
3.12          	((-4.853086e-05 -3.197872e-04 1.957504e+01) (-5.506393e-06 -9.300960e-06 2.770851e-02)) ((1.114543e-08 -1.117882e-08 4.009258e-10) (7.530912e-07 1.705893e-07 3.431207e-08))
3.126667      	((-4.861850e-05 -2.342777e-04 1.879633e+01) (-5.356506e-06 -9.215574e-06 2.912238e-02)) ((5.896639e-09 -8.358825e-09 1.035748e-09) (8.102267e-07 1.381587e-07 3.519611e-08))
3.133333      	((-2.109963e-04 -1.810757e-04 1.798447e+01) (-5.123880e-06 -9.093736e-06 3.050619e-02)) ((9.352621e-09 -1.199723e-08 8.419398e-10) (8.511107e-07 1.459059e-07 3.536708e-08))
3.14          	((5.218244e-05 -5.525506e-05 1.714069e+01) (-4.867721e-06 -8.974962e-06 3.185646e-02)) ((6.386345e-09 -8.682517e-09 -8.712100e-11) (9.344898e-07 1.159643e-07 3.605928e-08))
3.146667      	((-2.034466e-04 -1.524848e-04 1.626650e+01) (-4.552772e-06 -8.793837e-06 3.317054e-02)) ((7.762259e-09 -1.331994e-08 1.566649e-10) (1.033769e-06 7.194336e-08 3.642298e-08))
3.153333      	((-3.516450e-04 1.571562e-05 1.536346e+01) (-4.176201e-06 -8.530690e-06 3.444355e-02)) ((1.499165e-08 -2.119474e-08 5.254665e-10) (1.125286e-06 3.305081e-08 3.691823e-08))
3.16          	((-7.607304e-04 -2.403529e-04 1.443332e+01) (-3.853826e-06 -8.219116e-06 3.567069e-02)) ((1.203728e-08 -1.645018e-08 -2.936882e-12) (1.206361e-06 -3.109531e-08 3.745637e-08))
3.166667      	((-8.256115e-04 -2.234729e-04 1.347789e+01) (-3.544246e-06 -7.974288e-06 3.684578e-02)) ((6.590039e-09 -1.046204e-08 4.622233e-10) (1.300928e-06 -8.165030e-08 3.745592e-08))
3.173333      	((-9.518781e-04 -2.285016e-04 1.249886e+01) (-3.282492e-06 -7.784930e-06 3.796293e-02)) ((1.162215e-08 -1.378658e-08 -3.178777e-10) (1.388556e-06 -1.223917e-07 3.765590e-08))
3.18          	((-4.827835e-04 -1.342884e-04 1.149771e+01) (-3.246304e-06 -7.547861e-06 3.901724e-02)) ((3.573382e-09 -6.041414e-09 5.049176e-10) (1.424742e-06 -2.437207e-07 3.773230e-08))
3.186667      	((3.397116e-05 -8.718262e-05 1.047641e+01) (-3.090328e-06 -7.468364e-06 4.000686e-02)) ((-4.475698e-10 -2.871104e-09 -8.069586e-10) (1.488885e-06 -2.765895e-07 3.760540e-08))
3.193333      	((8.282800e-05 5.036590e-06 9.436506e+00) (-2.980790e-06 -7.509237e-06 4.092502e-02)) ((2.485983e-09 -5.616841e-09 -5.004213e-11) (1.561586e-06 -2.879697e-07 3.725736e-08))
3.2           	((9.009591e-05 9.442941e-05 8.380061e+00) (-2.725381e-06 -7.400827e-06 4.176733e-02)) ((-4.040354e-09 1.530314e-09 -3.961270e-10) (1.587843e-06 -2.576097e-07 3.740696e-08))
3.206667      	((7.546825e-05 -4.446196e-06 7.308573e+00) (-2.736500e-06 -7.429090e-06 4.253377e-02)) ((-8.034133e-09 4.946453e-09 -2.293519e-10) (1.694475e-06 -2.255325e-07 3.677706e-08))
3.213333      	((1.457943e-05 -4.579898e-05 6.223863e+00) (-3.060405e-06 -7.813791e-06 4.321746e-02)) ((2.594795e-09 -5.636388e-09 1.440495e-10) (1.795163e-06 -2.658254e-07 3.646474e-08))
3.22          	((-5.767776e-05 -9.914071e-05 5.128084e+00) (-3.282264e-06 -8.093089e-06 4.381510e-02)) ((1.844577e-09 -4.656380e-09 -2.116120e-10) (1.843760e-06 -2.778363e-07 3.601138e-08))
3.226667      	((-5.275019e-05 -1.181186e-04 4.023104e+00) (-3.489185e-06 -8.347304e-06 4.432205e-02)) ((-3.852273e-10 -2.941338e-09 -2.791999e-10) (1.872294e-06 -2.789425e-07 3.562114e-08))
3.233333      	((-1.383383e-04 -1.435738e-04 2.910826e+00) (-3.701745e-06 -8.605692e-06 4.473853e-02)) ((3.867271e-09 -9.689080e-09 -2.025552e-11) (1.902302e-06 -2.825434e-07 3.527921e-08))
3.24          	((-1.150476e-04 -1.333877e-04 1.793025e+00) (-3.986898e-06 -8.879666e-06 4.506633e-02)) ((4.842161e-10 -5.839938e-09 5.057760e-10) (1.920164e-06 -2.711529e-07 3.440656e-08))
3.246667      	((-9.489619e-05 -1.354724e-04 6.721563e-01) (-4.329672e-06 -9.175680e-06 4.529790e-02)) ((2.960014e-09 -7.940110e-09 1.995179e-10) (1.930138e-06 -2.516804e-07 3.285200e-08))
3.253333      	((-4.170538e-05 -7.912635e-05 -4.502408e-01) (-4.624476e-06 -9.476849e-06 4.543181e-02)) ((3.459734e-09 -8.853871e-09 4.868765e-10) (1.946442e-06 -2.594031e-07 3.176980e-08))
3.26          	((-9.257485e-05 -9.587332e-05 -1.571655e+00) (-4.870463e-06 -9.742366e-06 4.547468e-02)) ((6.511343e-09 -1.191860e-08 -6.360810e-11) (1.959710e-06 -2.728082e-07 3.012179e-08))
3.266667      	((-5.224042e-05 -8.260492e-05 -2.689785e+00) (-5.134365e-06 -1.011937e-05 4.542730e-02)) ((8.278608e-09 -1.424548e-08 9.635685e-11) (1.966654e-06 -3.075394e-07 2.964488e-08))
3.273333      	((-1.030433e-04 -1.814244e-04 -3.803618e+00) (-5.381288e-06 -1.034667e-05 4.528335e-02)) ((9.923349e-09 -1.437614e-08 -1.036785e-10) (1.978593e-06 -3.202713e-07 2.834470e-08))
3.28          	((-1.383871e-04 -2.219731e-04 -4.914546e+00) (-5.665696e-06 -1.056980e-05 4.503606e-02)) ((1.120535e-08 -1.589337e-08 -2.750284e-11) (1.989336e-06 -3.433604e-07 2.704983e-08))
3.286667      	((-1.255356e-04 -2.741189e-04 -6.017868e+00) (-5.899171e-06 -1.078391e-05 4.468861e-02)) ((1.102046e-08 -1.579735e-08 -1.748497e-10) (1.985472e-06 -3.496468e-07 2.633746e-08))
3.293333      	((-1.402905e-04 -2.974783e-04 -7.103591e+00) (-6.196935e-06 -1.104109e-05 4.423860e-02)) ((8.322208e-09 -1.362647e-08 -3.560000e-11) (2.001611e-06 -3.800765e-07 2.540694e-08))
3.3           	((-1.026567e-04 -2.407590e-04 -8.170231e+00) (-6.462804e-06 -1.120752e-05 4.368996e-02)) ((7.952828e-09 -1.229692e-08 1.642758e-10) (1.969533e-06 -3.773745e-07 2.441497e-08))
3.306667      	((-1.051447e-04 -1.939499e-04 -9.219270e+00) (-6.721355e-06 -1.138120e-05 4.306095e-02)) ((7.695645e-09 -1.150209e-08 3.107465e-11) (1.932998e-06 -3.702715e-07 2.358627e-08))
3.313333      	((-7.784995e-05 -1.141182e-04 -1.025208e+01) (-6.922825e-06 -1.148830e-05 4.234387e-02)) ((8.003632e-09 -1.183968e-08 -1.856772e-10) (1.889697e-06 -3.576713e-07 2.297858e-08))
3.32          	((-9.744425e-05 -1.061243e-04 -1.126974e+01) (-7.307109e-06 -1.136467e-05 4.153032e-02)) ((6.678118e-09 -9.978233e-09 -4.174696e-11) (1.768905e-06 -4.299226e-07 2.181031e-08))
3.326667      	((-8.068781e-05 -8.141421e-05 -1.227006e+01) (-7.434258e-06 -1.128588e-05 4.062458e-02)) ((4.147348e-09 -7.068088e-09 -2.549306e-10) (1.667620e-06 -4.057871e-07 2.222798e-08))
3.333333      	((-9.517526e-05 -5.586433e-05 -1.325123e+01) (-7.526190e-06 -1.134441e-05 3.962914e-02)) ((2.736655e-09 -6.246421e-09 1.627310e-10) (1.628980e-06 -3.853051e-07 2.141241e-08))
3.34          	((-7.400323e-05 -3.814422e-05 -1.420853e+01) (-7.627299e-06 -1.142989e-05 3.854769e-02)) ((3.217037e-09 -5.977515e-09 2.147250e-11) (1.597395e-06 -3.654316e-07 2.060711e-08))
3.346667      	((-1.687775e-04 -7.290662e-05 -1.514309e+01) (-7.777915e-06 -1.138780e-05 3.738540e-02)) ((3.570065e-09 -6.079060e-09 -2.922621e-10) (1.547712e-06 -3.944817e-07 2.000969e-08))
3.353333      	((-9.446166e-05 -3.033756e-05 -1.605124e+01) (-7.812243e-06 -1.136116e-05 3.614725e-02)) ((3.027906e-09 -5.670257e-09 7.151915e-11) (1.501760e-06 -3.777139e-07 1.907646e-08))
3.36          	((-9.875058e-05 -4.972141e-05 -1.693522e+01) (-7.796888e-06 -1.128823e-05 3.483410e-02)) ((-7.043903e-10 -1.755759e-09 -1.439132e-11) (1.452125e-06 -3.545599e-07 1.814444e-08))
3.366667      	((-1.092814e-04 -2.337980e-05 -1.778734e+01) (-7.796617e-06 -1.120756e-05 3.345084e-02)) ((-2.718239e-09 5.924480e-10 1.100134e-10) (1.391823e-06 -3.286668e-07 1.692940e-08))
3.373333      	((-7.638729e-05 2.239298e-05 -1.860835e+01) (-7.831536e-06 -1.112625e-05 3.200356e-02)) ((-3.643867e-09 1.596408e-09 1.370534e-10) (1.326723e-06 -3.109186e-07 1.603020e-08))
3.38          	((-5.419651e-05 1.114466e-05 -1.939405e+01) (-7.866959e-06 -1.104219e-05 3.049935e-02)) ((-2.602811e-09 1.258150e-09 -2.415546e-11) (1.261941e-06 -2.949956e-07 1.501312e-08))
3.386667      	((-3.383134e-05 6.461490e-05 -2.014163e+01) (-7.874596e-06 -1.091747e-05 2.894423e-02)) ((-3.177140e-09 1.956968e-09 -1.471323e-10) (1.194906e-06 -2.794619e-07 1.410327e-08))
3.393333      	((-7.624461e-05 6.249186e-05 -2.085498e+01) (-7.864567e-06 -1.075526e-05 2.734399e-02)) ((-2.667904e-09 2.668141e-09 -2.375003e-11) (1.124435e-06 -2.655374e-07 1.293549e-08))
3.4           	((-7.693421e-05 5.687897e-05 -2.153063e+01) (-7.801042e-06 -1.053194e-05 2.570300e-02)) ((-1.997095e-09 1.850432e-09 -3.278413e-10) (1.055170e-06 -2.550030e-07 1.218662e-08))
3.406667      	((-6.649746e-05 1.151529e-04 -2.216855e+01) (-7.743957e-06 -1.030402e-05 2.402716e-02)) ((8.627142e-10 -8.510269e-10 -2.560413e-11) (9.839327e-07 -2.443239e-07 1.129918e-08))
3.413333      	((-1.327489e-04 4.791540e-05 -2.276784e+01) (-7.693922e-06 -1.007774e-05 2.232225e-02)) ((-1.627172e-09 2.140370e-09 -8.703107e-10) (9.125738e-07 -2.342897e-07 1.091993e-08))
3.42          	((-1.771889e-04 4.809191e-05 -2.332637e+01) (-7.632093e-06 -9.837281e-06 2.059479e-02)) ((7.891724e-10 -1.428575e-09 1.243576e-10) (8.423281e-07 -2.246786e-07 1.001290e-08))
3.426667      	((-3.282029e-04 -1.002930e-04 -2.384322e+01) (-7.502746e-06 -9.530567e-06 1.884963e-02)) ((2.961611e-09 -3.595567e-09 -3.189504e-10) (7.688958e-07 -2.123812e-07 9.717843e-09))
3.433333      	((-3.396312e-04 -1.110543e-04 -2.431818e+01) (-7.370134e-06 -9.221051e-06 1.709298e-02)) ((7.371447e-09 -5.414165e-09 -4.335856e-10) (6.938780e-07 -1.966226e-07 8.768152e-09))
3.44          	((-1.331138e-04 -5.274095e-04 -2.474814e+01) (-7.214932e-06 -8.933762e-06 1.533075e-02)) ((9.422173e-09 -6.848916e-09 1.889099e-10) (6.294580e-07 -1.815876e-07 7.736171e-09))
3.446667      	((-1.247214e-04 -4.962359e-04 -2.513470e+01) (-6.996106e-06 -8.577690e-06 1.356856e-02)) ((1.459166e-08 -1.067483e-08 -9.564041e-11) (5.622049e-07 -1.707084e-07 6.828680e-09))
3.453333      	((-1.537861e-04 -6.554402e-04 -2.547298e+01) (-6.874014e-06 -8.324238e-06 1.181040e-02)) ((1.762002e-08 -1.840589e-08 -2.915756e-10) (4.975080e-07 -1.613058e-07 5.998892e-09))
3.46          	((-5.706068e-04 -7.121548e-04 -2.576460e+01) (-6.769035e-06 -8.074873e-06 1.005978e-02)) ((1.971669e-08 -1.600922e-08 -3.247690e-10) (4.463723e-07 -1.708082e-07 5.540748e-09))
3.466667      	((-2.034918e-04 -4.142635e-04 -2.601114e+01) (-6.702100e-06 -7.865912e-06 8.321665e-03)) ((2.419135e-08 -2.224496e-08 -1.090713e-09) (3.907121e-07 -1.714551e-07 5.261827e-09))
3.473333      	((1.358087e-04 9.169949e-05 -2.620529e+01) (-6.633816e-06 -7.645016e-06 6.600920e-03)) ((3.547365e-08 -3.410109e-08 -6.150480e-10) (3.340262e-07 -1.717724e-07 4.515749e-09))
3.48          	((3.500787e-04 2.954015e-04 -2.636554e+01) (-6.610116e-06 -7.482199e-06 4.898871e-03)) ((2.004574e-08 -1.182183e-08 1.355613e-10) (2.796430e-07 -1.746957e-07 4.233408e-09))
3.486667      	((-2.265113e-04 2.966613e-04 -2.653644e+01) (-6.713064e-06 -7.398119e-06 3.206638e-03)) ((-1.133433e-08 2.006921e-08 2.169191e-09) (2.233234e-07 -1.742296e-07 3.479601e-09))
3.493333      	((4.251951e-04 6.063044e-04 -2.666929e+01) (-6.821796e-06 -7.406852e-06 1.517934e-03)) ((1.876822e-08 -2.239384e-08 -2.308895e-09) (1.450095e-07 -1.498843e-07 2.337236e-09))
3.5           	((1.685207e-03 1.930121e-03 -2.674973e+01) (-6.599299e-06 -7.037305e-06 -1.641118e-04)) ((2.054091e-08 -4.950617e-08 3.222692e-09) (6.665678e-08 -1.218380e-07 1.799993e-09))
3.506667      	((1.833400e-03 1.793841e-03 -2.680070e+01) (-6.721331e-06 -6.997133e-06 -1.816124e-03)) ((1.377026e-07 -1.594101e-07 -6.076708e-09) (-3.082982e-08 -8.047274e-08 1.649285e-09))
3.513333      	((-2.131243e-03 -1.290601e-03 -2.675727e+01) (-6.765164e-06 -6.873506e-06 -3.422212e-03)) ((-7.578839e-08 8.592209e-08 2.348865e-09) (-6.917177e-08 -9.429812e-08 1.214325e-09))
3.52          	((-1.084009e-03 -9.820722e-04 -2.666518e+01) (-6.788433e-06 -6.737657e-06 -5.007551e-03)) ((-1.740391e-08 1.638324e-08 3.778268e-09) (-8.877054e-08 -1.276223e-07 -1.937808e-09))
3.526667      	((-1.010594e-03 -7.720451e-04 -2.645302e+01) (-6.837561e-06 -6.652421e-06 -6.582705e-03)) ((8.640320e-09 -6.475254e-09 1.069312e-09) (-1.336375e-07 -1.318075e-07 -3.056014e-09))
3.533333      	((-7.717401e-04 -4.195509e-04 -2.621236e+01) (-6.856763e-06 -6.529385e-06 -8.152927e-03)) ((2.880436e-08 -2.366432e-08 1.877434e-09) (-1.734482e-07 -1.407616e-07 -2.810294e-09))
3.54          	((-2.419940e-04 2.015130e-04 -2.592892e+01) (-7.000745e-06 -6.531874e-06 -9.717937e-03)) ((2.168017e-08 -1.855193e-08 2.391897e-09) (-2.273543e-07 -1.350102e-07 -4.687433e-09))
3.546667      	((-7.023612e-04 -2.501226e-04 -2.561718e+01) (-7.120060e-06 -6.499181e-06 -1.128317e-02)) ((2.326484e-08 -2.139650e-08 1.809453e-09) (-2.876025e-07 -1.227807e-07 -5.740615e-09))
3.553333      	((5.261427e-06 2.762798e-04 -2.526787e+01) (-7.251433e-06 -6.457240e-06 -1.284776e-02)) ((2.357706e-08 -2.249122e-08 4.895852e-10) (-3.500129e-07 -1.280616e-07 -6.638478e-09))
3.56          	((7.229784e-05 1.041762e-05 -2.488017e+01) (-7.449373e-06 -6.571649e-06 -1.440883e-02)) ((1.472561e-08 -1.432982e-08 1.198975e-09) (-4.064080e-07 -1.049818e-07 -7.486314e-09))
3.566667      	((-2.869440e-04 -5.381245e-05 -2.445522e+01) (-7.656716e-06 -6.583181e-06 -1.596630e-02)) ((-8.945873e-09 8.237798e-09 1.166387e-09) (-4.704224e-07 -9.165834e-08 -8.239493e-09))
3.573333      	((2.967278e-04 9.148699e-05 -2.398976e+01) (-7.705831e-06 -6.543398e-06 -1.752112e-02)) ((1.891140e-08 -1.775164e-08 1.250991e-09) (-5.462782e-07 -5.291948e-08 -7.349557e-09))
3.58          	((-6.624495e-05 -4.373575e-05 -2.347789e+01) (-7.815750e-06 -6.526076e-06 -1.906975e-02)) ((5.773761e-09 -5.086338e-09 9.295450e-10) (-5.970109e-07 -5.635242e-08 -6.681665e-09))
3.586667      	((4.764066e-04 2.706493e-04 -2.292504e+01) (-7.884399e-06 -6.545390e-06 -2.061008e-02)) ((-5.884509e-09 8.883955e-09 1.284270e-09) (-6.502202e-07 -5.119540e-08 -5.909743e-09))
3.593333      	((3.491884e-04 -2.032517e-04 -2.233122e+01) (-7.872945e-06 -6.374256e-06 -2.213942e-02)) ((2.797421e-09 4.284606e-09 1.009483e-09) (-7.067098e-07 -7.213278e-08 -6.344667e-09))
3.6           	((4.673667e-04 2.170890e-04 -2.169853e+01) (-7.852830e-06 -6.298714e-06 -2.364971e-02)) ((6.643577e-09 -5.650243e-09 1.382444e-09) (-7.850475e-07 -3.516742e-08 -7.580329e-09))
3.606667      	((4.636282e-04 1.987224e-04 -2.102767e+01) (-7.804970e-06 -6.124912e-06 -2.514084e-02)) ((3.344367e-09 -4.597045e-09 7.133396e-10) (-8.711329e-07 2.634228e-08 -7.661263e-09))
3.613333      	((3.353183e-04 4.411224e-04 -2.031934e+01) (-7.765752e-06 -5.976046e-06 -2.660909e-02)) ((-1.223289e-08 1.147114e-08 4.343456e-10) (-9.613471e-07 5.730168e-08 -7.302169e-09))
3.62          	((2.937662e-04 3.496677e-04 -1.957510e+01) (-7.765955e-06 -5.817560e-06 -2.805217e-02)) ((-1.054415e-08 9.265488e-09 6.226539e-10) (-1.098596e-06 1.121690e-07 -6.532691e-09))
3.626667      	((2.960523e-04 3.091968e-04 -1.879641e+01) (-7.732524e-06 -5.694816e-06 -2.946971e-02)) ((-1.236779e-08 1.107239e-08 -4.375936e-10) (-1.159509e-06 1.159023e-07 -6.889793e-09))
3.633333      	((2.818233e-04 4.852075e-04 -1.798463e+01) (-7.654684e-06 -5.500250e-06 -3.085784e-02)) ((-1.017801e-08 8.064008e-09 4.321911e-10) (-1.235694e-06 1.314655e-07 -7.048744e-09))
3.64          	((2.272739e-04 4.405338e-04 -1.714109e+01) (-7.654037e-06 -5.399856e-06 -3.221207e-02)) ((-6.192475e-09 3.770112e-09 6.956708e-10) (-1.339143e-06 1.792720e-07 -6.685690e-09))
3.646667      	((4.117734e-04 2.960059e-04 -1.626702e+01) (-7.700018e-06 -5.331656e-06 -3.353097e-02)) ((-1.424267e-08 1.210579e-08 9.282047e-10) (-1.485385e-06 2.838100e-07 -6.303964e-09))
3.653333      	((4.829854e-04 1.416803e-04 -1.536409e+01) (-7.540611e-06 -5.160285e-06 -3.480984e-02)) ((-1.648247e-08 1.458151e-08 7.949082e-10) (-1.564131e-06 3.123897e-07 -5.956817e-09))
3.66          	((5.899914e-04 2.673541e-04 -1.443394e+01) (-7.394344e-06 -4.968407e-06 -3.604231e-02)) ((-1.948280e-08 1.824087e-08 5.084529e-10) (-1.615830e-06 3.247172e-07 -5.439720e-09))
3.666667      	((5.921602e-04 7.503876e-05 -1.347849e+01) (-7.239391e-06 -4.821190e-06 -3.722225e-02)) ((-1.302795e-08 1.191847e-08 7.176346e-10) (-1.660777e-06 3.287249e-07 -4.962211e-09))
3.673333      	((5.593919e-04 -5.558570e-07 -1.249938e+01) (-7.201368e-06 -4.794355e-06 -3.834270e-02)) ((-2.076211e-08 2.077339e-08 1.492663e-09) (-1.686704e-06 3.202141e-07 -4.618535e-09))
3.68          	((3.042391e-04 4.736894e-05 -1.149826e+01) (-7.340218e-06 -4.960359e-06 -3.939945e-02)) ((-1.201859e-08 1.235732e-08 1.437617e-09) (-1.764390e-06 3.664790e-07 -3.742751e-09))
3.686667      	((2.997481e-04 2.320648e-04 -1.047680e+01) (-7.512709e-06 -5.173241e-06 -4.039244e-02)) ((-1.626501e-08 1.728367e-08 2.045937e-09) (-1.797453e-06 3.683934e-07 -2.765848e-09))
3.693333      	((3.612790e-04 2.265932e-04 -9.436905e+00) (-7.567064e-06 -5.265199e-06 -4.131441e-02)) ((-1.570911e-08 1.697363e-08 8.157968e-10) (-1.813207e-06 3.569285e-07 -2.043367e-09))
3.7           	((2.449906e-04 4.470678e-04 -8.380350e+00) (-7.642464e-06 -5.372834e-06 -4.215904e-02)) ((-1.859689e-08 1.958738e-08 6.621278e-10) (-1.834499e-06 3.541519e-07 -1.176802e-09))
3.706667      	((2.227673e-04 3.010465e-04 -7.308820e+00) (-7.648150e-06 -5.568926e-06 -4.292595e-02)) ((-1.234170e-08 1.421436e-08 1.147883e-09) (-1.815579e-06 4.014892e-07 -1.034609e-09))
3.713333      	((2.119633e-04 2.811080e-04 -6.224046e+00) (-7.841229e-06 -5.818926e-06 -4.361183e-02)) ((-1.770871e-08 2.095257e-08 1.327117e-09) (-1.820443e-06 3.885031e-07 6.837280e-12))
3.72          	((1.668443e-04 1.723315e-04 -5.128266e+00) (-8.113926e-06 -6.126482e-06 -4.421304e-02)) ((-2.286076e-08 2.511089e-08 1.061851e-09) (-1.834923e-06 3.692033e-07 1.025536e-09))
3.726667      	((2.098187e-04 2.467039e-04 -4.023239e+00) (-8.328917e-06 -6.369086e-06 -4.472359e-02)) ((-1.242214e-08 1.361592e-08 1.005594e-09) (-1.834321e-06 3.386728e-07 1.956062e-09))
3.733333      	((1.802252e-04 2.658400e-04 -2.910899e+00) (-8.603349e-06 -6.706949e-06 -4.514475e-02)) ((-1.647656e-08 1.852079e-08 1.452795e-09) (-1.771816e-06 2.841040e-07 1.805065e-09))
3.74          	((1.538809e-04 1.690569e-04 -1.793064e+00) (-8.740077e-06 -6.929961e-06 -4.547645e-02)) ((-1.240165e-08 1.426495e-08 8.529087e-10) (-1.773021e-06 2.613517e-07 3.399479e-09))
3.746667      	((9.742357e-05 1.276970e-04 -6.721846e-01) (-8.916154e-06 -7.164609e-06 -4.571135e-02)) ((-1.457719e-08 1.672126e-08 1.104620e-09) (-1.779816e-06 2.481483e-07 4.356973e-09))
3.753333      	((1.378201e-04 2.067135e-04 4.502068e-01) (-9.073637e-06 -7.387807e-06 -4.584810e-02)) ((-1.351585e-08 1.536640e-08 1.222826e-09) (-1.780065e-06 2.377497e-07 5.581965e-09))
3.76          	((1.607639e-04 2.725268e-04 1.571552e+00) (-9.363145e-06 -7.742810e-06 -4.590203e-02)) ((-1.215294e-08 1.404265e-08 1.379999e-09) (-1.759768e-06 2.143865e-07 6.831131e-09))
3.766667      	((1.542143e-04 2.414805e-04 2.689657e+00) (-9.754177e-06 -8.147782e-06 -4.585881e-02)) ((-1.019286e-08 1.171675e-08 1.244224e-09) (-1.839510e-06 3.336937e-07 5.939986e-09))
3.773333      	((6.489912e-05 1.438233e-04 3.803397e+00) (-9.835062e-06 -8.288012e-06 -4.571466e-02)) ((-1.313719e-08 1.355548e-08 1.551326e-09) (-1.838009e-06 3.391437e-07 6.626036e-09))
3.78          	((-1.596221e-05 1.384244e-04 4.914175e+00) (-9.842355e-06 -8.384789e-06 -4.546773e-02)) ((-1.195619e-08 1.267995e-08 9.451197e-10) (-1.828530e-06 3.305836e-07 7.692149e-09))
3.786667      	((-4.005139e-05 1.456058e-04 6.017564e+00) (-9.817808e-06 -8.451108e-06 -4.512025e-02)) ((-1.082967e-08 1.098515e-08 1.129975e-09) (-1.802526e-06 3.099526e-07 8.874698e-09))
3.793333      	((-3.353897e-05 1.695118e-04 7.103334e+00) (-9.842119e-06 -8.552256e-06 -4.467091e-02)) ((-7.990998e-09 7.880648e-09 1.116624e-09) (-1.766814e-06 2.886780e-07 1.015922e-08))
3.8           	((-2.504256e-06 1.382710e-04 8.170011e+00) (-9.895904e-06 -8.714189e-06 -4.414103e-02)) ((-7.208586e-09 7.137793e-09 1.114005e-09) (-1.730165e-06 2.767269e-07 1.088029e-08))
3.806667      	((-4.729124e-06 1.060483e-04 9.218819e+00) (-1.016884e-05 -9.030167e-06 -4.351932e-02)) ((-6.072815e-09 5.465247e-09 8.372976e-10) (-1.767750e-06 3.735307e-07 1.065237e-08))
3.813333      	((-2.326331e-05 1.407662e-05 1.025198e+01) (-1.022114e-05 -9.181398e-06 -4.279948e-02)) ((-5.359323e-09 4.206029e-09 1.403841e-09) (-1.731793e-06 3.636486e-07 1.114497e-08))
3.82          	((-4.150037e-05 -2.524462e-05 1.126970e+01) (-1.026021e-05 -9.260515e-06 -4.198526e-02)) ((-5.703171e-09 4.778681e-09 1.318421e-09) (-1.664405e-06 3.416209e-07 1.115152e-08))
3.826667      	((-4.777555e-05 -7.579233e-05 1.226994e+01) (-1.025396e-05 -9.356198e-06 -4.107827e-02)) ((-3.153173e-09 1.687173e-09 1.313723e-09) (-1.623085e-06 3.236711e-07 1.146881e-08))
3.833333      	((-3.419971e-05 -7.577538e-05 1.325107e+01) (-1.051183e-05 -9.643537e-06 -4.008061e-02)) ((-4.021803e-09 3.345679e-09 1.526507e-09) (-1.658635e-06 4.153336e-07 1.279336e-08))
3.84          	((-1.067141e-04 -8.822886e-05 1.420875e+01) (-1.049132e-05 -9.822708e-06 -3.899897e-02)) ((-7.292955e-09 6.291886e-09 1.585490e-09) (-1.650173e-06 3.960450e-07 1.344666e-08))
3.846667      	((-1.112181e-04 -1.489244e-04 1.514306e+01) (-1.037666e-05 -9.835809e-06 -3.783650e-02)) ((-5.591422e-09 5.040566e-09 1.053311e-09) (-1.598010e-06 3.665500e-07 1.408997e-08))
3.853333      	((-7.462550e-05 -1.324478e-04 1.605163e+01) (-1.027658e-05 -9.830066e-06 -3.659370e-02)) ((-3.132313e-09 9.147633e-10 1.204895e-09) (-1.535713e-06 3.398297e-07 1.507935e-08))
3.86          	((-2.997715e-05 -3.837765e-05 1.693542e+01) (-1.017904e-05 -9.828665e-06 -3.527535e-02)) ((-3.513004e-09 5.644538e-10 1.474703e-09) (-1.470955e-06 3.173748e-07 1.575214e-08))
3.866667      	((-8.167604e-05 -9.909706e-05 1.778766e+01) (-1.010148e-05 -9.842725e-06 -3.388863e-02)) ((-1.199656e-09 -1.900800e-09 9.366746e-10) (-1.416198e-06 3.095063e-07 1.628544e-08))
3.873333      	((4.050464e-06 -2.259704e-05 1.860868e+01) (-1.014344e-05 -9.981961e-06 -3.243830e-02)) ((-9.833955e-10 -2.124661e-09 1.141897e-09) (-1.405070e-06 3.476364e-07 1.665270e-08))
3.88          	((-3.460526e-05 -1.556684e-04 1.939379e+01) (-1.000362e-05 -1.001298e-05 -3.093002e-02)) ((6.970877e-10 -3.066511e-09 1.223018e-09) (-1.386511e-06 3.426304e-07 1.709724e-08))
3.886667      	((-4.550794e-05 6.325849e-06 2.014130e+01) (-9.852198e-06 -9.943249e-06 -2.937029e-02)) ((-1.943742e-10 -4.719417e-09 9.652861e-10) (-1.336809e-06 3.411161e-07 1.714070e-08))
3.893333      	((9.067558e-05 -1.031141e-04 2.085473e+01) (-9.691765e-06 -9.864407e-06 -2.776495e-02)) ((-2.044198e-09 -2.015077e-09 7.680384e-10) (-1.264702e-06 3.357334e-07 1.767314e-08))
3.9           	((-7.804961e-05 -2.131769e-04 2.153029e+01) (-9.524329e-06 -9.788320e-06 -2.611855e-02)) ((-8.106571e-10 -3.711723e-09 6.707082e-10) (-1.194709e-06 3.340611e-07 1.818433e-08))
3.906667      	((-3.973229e-05 -1.070873e-04 2.216822e+01) (-9.326696e-06 -9.672899e-06 -2.443712e-02)) ((-1.879614e-09 -3.239211e-09 7.651580e-10) (-1.126036e-06 3.337317e-07 1.859634e-08))
3.913333      	((1.665201e-05 -3.425185e-04 2.276755e+01) (-9.092432e-06 -9.546344e-06 -2.272641e-02)) ((-1.196561e-10 -2.397005e-09 1.050803e-09) (-1.058758e-06 3.337128e-07 1.912203e-08))
3.92          	((-1.656036e-04 -3.294238e-04 2.332607e+01) (-8.855153e-06 -9.412046e-06 -2.099275e-02)) ((-4.592494e-09 -1.072654e-09 7.426538e-10) (-9.904112e-07 3.330799e-07 1.944291e-08))
3.926667      	((-1.219880e-04 -1.830260e-04 2.384284e+01) (-8.598595e-06 -9.248799e-06 -1.924163e-02)) ((-1.982134e-09 -2.056846e-10 3.841386e-10) (-9.234909e-07 3.333019e-07 1.946329e-08))
3.933333      	((-2.296047e-04 -1.349553e-04 2.431768e+01) (-8.292558e-06 -9.043634e-06 -1.747855e-02)) ((-8.721933e-09 2.603067e-09 3.359057e-10) (-8.524535e-07 3.266074e-07 1.967311e-08))
3.94          	((9.158310e-05 1.277810e-04 2.474810e+01) (-7.924477e-06 -8.766280e-06 -1.570918e-02)) ((-6.086629e-09 4.173388e-09 6.953791e-10) (-7.877869e-07 3.251094e-07 1.986784e-08))
3.946667      	((-3.600901e-04 1.515467e-04 2.513453e+01) (-7.543848e-06 -8.456564e-06 -1.394024e-02)) ((-9.998666e-09 7.522747e-09 -1.578573e-10) (-7.170715e-07 3.169551e-07 1.964733e-08))
3.953333      	((-3.455453e-04 -3.122338e-04 2.547193e+01) (-7.362721e-06 -8.351607e-06 -1.217607e-02)) ((-1.364074e-08 6.402905e-09 2.824649e-10) (-6.567141e-07 3.144544e-07 2.023113e-08))
3.96          	((-6.616643e-04 -6.691224e-04 2.576394e+01) (-7.352417e-06 -8.453998e-06 -1.041992e-02)) ((-1.029877e-08 2.795913e-09 2.187591e-10) (-6.069643e-07 3.217599e-07 2.072937e-08))
3.966667      	((-1.197174e-05 4.651693e-04 2.601022e+01) (-7.270337e-06 -8.462964e-06 -8.675514e-03)) ((-2.027177e-08 1.349056e-08 2.518521e-10) (-5.696805e-07 3.414648e-07 2.106722e-08))
3.973333      	((-9.863763e-05 3.839592e-04 2.620400e+01) (-7.164170e-06 -8.444222e-06 -6.948632e-03)) ((-2.884164e-08 2.105958e-08 -7.616554e-10) (-5.142805e-07 3.407424e-07 2.091054e-08))
3.98          	((-3.325604e-04 -2.170889e-04 2.636968e+01) (-7.265509e-06 -8.640307e-06 -5.240914e-03)) ((-7.063232e-09 4.448654e-09 1.508031e-09) (-4.877260e-07 3.639551e-07 2.118585e-08))
3.986667      	((-4.079144e-04 -6.606113e-04 2.654643e+01) (-7.243135e-06 -8.698008e-06 -3.545834e-03)) ((2.799750e-08 -3.286912e-08 -1.574462e-09) (-4.399235e-07 3.683416e-07 2.159933e-08))
3.993333      	((1.113583e-03 5.158519e-04 2.667676e+01) (-7.205462e-06 -8.740444e-06 -1.855771e-03)) ((-3.119449e-08 2.580485e-08 6.021971e-10) (-3.714434e-07 3.537607e-07 2.116581e-08))
4             	((1.802844e-03 1.238660e-03 2.674128e+01) (-6.459869e-06 -8.149543e-06 -1.707110e-04)) ((-8.731040e-08 4.261591e-08 1.073448e-09) (-2.983693e-07 3.360715e-07 2.120680e-08))
4.006667      	((1.118841e-03 6.308414e-04 2.678841e+01) (-6.301924e-06 -8.149291e-06 1.488024e-03)) ((-1.411717e-07 1.956137e-07 1.991837e-10) (-1.724449e-07 2.605139e-07 2.026232e-08))
4.013333      	((-4.771752e-04 -6.577407e-04 2.674514e+01) (-6.230090e-06 -8.158310e-06 3.099292e-03)) ((4.568555e-08 -5.425401e-08 2.422894e-10) (-1.130926e-07 2.580225e-07 2.073124e-08))
4.02          	((-8.581664e-04 -1.285289e-03 2.667839e+01) (-6.108688e-06 -8.089770e-06 4.685348e-03)) ((4.179688e-09 -1.465242e-08 1.918699e-09) (-9.646460e-08 2.948347e-07 2.027241e-08))
4.026667      	((-4.507172e-04 -4.188791e-04 2.645258e+01) (-6.186781e-06 -8.284619e-06 6.258810e-03)) ((-2.345506e-08 1.273319e-08 -4.162839e-10) (-5.551635e-08 3.106416e-07 2.072647e-08))
4.033333      	((-6.202357e-04 -6.843205e-04 2.621098e+01) (-6.175657e-06 -8.421351e-06 7.826808e-03)) ((-3.312239e-08 2.267042e-08 3.832007e-10) (-1.160032e-08 3.242349e-07 2.000798e-08))
4.04          	((2.686041e-04 -1.174365e-04 2.592744e+01) (-6.366127e-06 -8.778504e-06 9.388361e-03)) ((-3.167622e-08 2.020094e-08 1.375740e-10) (3.526525e-08 3.314613e-07 2.158278e-08))
4.046667      	((-1.965315e-04 9.464137e-05 2.561698e+01) (-6.380746e-06 -8.935621e-06 1.094903e-02)) ((-1.461353e-08 2.437400e-09 7.932936e-10) (8.588238e-08 3.365527e-07 2.212395e-08))
4.053333      	((3.362135e-04 -3.810503e-04 2.526880e+01) (-6.491071e-06 -9.168940e-06 1.250873e-02)) ((-2.328161e-08 1.529898e-08 4.774397e-10) (1.467867e-07 3.314311e-07 2.398683e-08))
4.06          	((5.028311e-04 -1.309845e-04 2.488059e+01) (-6.599688e-06 -9.434555e-06 1.406503e-02)) ((-1.798921e-08 1.866785e-08 1.162769e-10) (2.062730e-07 3.135754e-07 2.413718e-08))
4.066667      	((-3.428443e-04 -4.119959e-04 2.445507e+01) (-6.695611e-06 -9.682161e-06 1.561712e-02)) ((2.767864e-09 -4.931712e-09 1.162947e-09) (2.591813e-07 3.145980e-07 2.503015e-08))
4.073333      	((-4.722011e-04 -1.484859e-04 2.398905e+01) (-6.726278e-06 -9.865123e-06 1.716682e-02)) ((-1.100866e-08 3.002030e-09 1.641115e-11) (3.203741e-07 3.271565e-07 2.634459e-08))
4.08          	((-3.519267e-04 -2.055520e-04 2.347740e+01) (-6.707207e-06 -9.936380e-06 1.871049e-02)) ((2.915506e-09 -8.256017e-09 -8.964975e-12) (3.647503e-07 3.362052e-07 2.826435e-08))
4.086667      	((1.419002e-04 -7.487762e-05 2.292450e+01) (-6.849569e-06 -1.018634e-05 2.024484e-02)) ((9.759264e-09 -1.149825e-08 3.103274e-10) (4.454001e-07 3.119993e-07 2.882450e-08))
4.093333      	((-3.932061e-04 -2.446949e-04 2.233052e+01) (-6.832954e-06 -1.027573e-05 2.176816e-02)) ((7.354691e-10 -3.475939e-09 3.378392e-10) (4.813250e-07 3.163924e-07 3.093986e-08))
4.1           	((-3.696584e-04 4.744037e-04 2.169771e+01) (-6.658322e-06 -1.018664e-05 2.327252e-02)) ((6.128193e-10 -6.782492e-09 4.036840e-10) (5.344929e-07 2.905575e-07 3.300762e-08))
4.106667      	((-3.943727e-04 2.485750e-04 2.102666e+01) (-6.507095e-06 -1.004808e-05 2.475670e-02)) ((1.783012e-08 -2.036095e-08 -6.855708e-10) (5.669999e-07 2.880925e-07 3.519728e-08))
4.113333      	((1.120794e-04 -2.603265e-05 2.031823e+01) (-6.369846e-06 -9.951607e-06 2.621833e-02)) ((1.152872e-08 -1.625380e-08 9.142586e-10) (6.165246e-07 2.470375e-07 3.717841e-08))
4.12          	((4.568393e-05 -1.046239e-04 1.957406e+01) (-6.288552e-06 -9.902977e-06 2.765482e-02)) ((1.113378e-08 -1.368764e-08 1.111683e-09) (6.564640e-07 2.350915e-07 3.913493e-08))
4.126667      	((-4.763584e-05 -2.033041e-04 1.879550e+01) (-6.095931e-06 -9.762679e-06 2.906551e-02)) ((1.189876e-08 -1.318636e-08 9.926134e-10) (7.198602e-07 2.190413e-07 3.844945e-08))
4.133333      	((-1.254517e-04 -1.959501e-04 1.798363e+01) (-5.846550e-06 -9.613578e-06 3.044652e-02)) ((1.054619e-08 -1.324032e-08 6.903990e-10) (7.853827e-07 1.948828e-07 3.826042e-08))
4.14          	((-9.988194e-05 -1.692748e-04 1.713985e+01) (-5.598734e-06 -9.488276e-06 3.179391e-02)) ((9.139074e-09 -1.103416e-08 1.751862e-10) (8.632555e-07 1.716809e-07 3.844156e-08))
4.146667      	((-3.052939e-04 -1.557767e-04 1.626567e+01) (-5.277249e-06 -9.279866e-06 3.310673e-02)) ((1.094988e-08 -1.678184e-08 -6.141807e-11) (9.707005e-07 1.277397e-07 3.880182e-08))
4.153333      	((-3.102031e-04 -2.048844e-04 1.536256e+01) (-4.930817e-06 -9.044212e-06 3.437889e-02)) ((1.635374e-08 -2.161521e-08 5.923088e-10) (1.074526e-06 8.771176e-08 3.869444e-08))
4.16          	((-6.080906e-04 -2.717605e-04 1.443239e+01) (-4.588020e-06 -8.775847e-06 3.560474e-02)) ((1.622779e-08 -2.112432e-08 -1.768503e-10) (1.186874e-06 3.832787e-08 3.871856e-08))
4.166667      	((-8.374547e-04 -9.286990e-05 1.347698e+01) (-4.314568e-06 -8.518266e-06 3.677741e-02)) ((8.498505e-09 -1.244739e-08 1.855734e-10) (1.293398e-06 -1.583999e-08 3.843410e-08))
4.173333      	((-1.002577e-03 -2.674818e-04 1.249791e+01) (-4.075273e-06 -8.305499e-06 3.789235e-02)) ((1.112881e-08 -1.447986e-08 -2.630240e-10) (1.390999e-06 -5.432275e-08 3.860010e-08))
4.18          	((-5.744900e-04 -1.937217e-04 1.149676e+01) (-3.925827e-06 -8.163253e-06 3.894333e-02)) ((6.627257e-09 -8.858309e-09 2.277955e-10) (1.484681e-06 -9.621003e-08 3.854008e-08))
4.186667      	((-1.746834e-04 -1.638202e-04 1.047543e+01) (-3.998703e-06 -8.175567e-06 3.992821e-02)) ((-1.266471e-09 -2.248250e-09 -3.044767e-10) (1.611794e-06 -2.134670e-07 3.898177e-08))
4.193333      	((4.368431e-05 -6.259968e-05 9.435606e+00) (-3.990149e-06 -8.193685e-06 4.084578e-02)) ((1.069827e-09 -2.742899e-09 -2.793998e-10) (1.695781e-06 -2.480058e-07 3.876238e-08))
4.2           	((4.617175e-05 7.323082e-05 8.379146e+00) (-3.931022e-06 -8.165176e-06 4.168698e-02)) ((-2.238478e-09 -1.443334e-09 -3.630044e-10) (1.765423e-06 -2.670871e-07 3.892979e-08))
4.206667      	((3.227315e-05 -1.198115e-05 7.307647e+00) (-3.888193e-06 -8.171149e-06 4.245053e-02)) ((-1.042483e-09 -2.414345e-09 3.389559e-11) (1.841544e-06 -2.868810e-07 3.894150e-08))
4.213333      	((5.415363e-05 -4.364010e-05 6.223002e+00) (-4.009703e-06 -8.289106e-06 4.313347e-02)) ((-2.823605e-09 1.249972e-10 -1.174829e-10) (1.907470e-06 -2.909288e-07 3.839126e-08))
4.22          	((-1.131353e-04 -1.453048e-04 5.127281e+00) (-4.195847e-06 -8.562421e-06 4.372927e-02)) ((8.827644e-09 -1.249633e-08 -5.242739e-10) (1.949941e-06 -2.967408e-07 3.731431e-08))
4.226667      	((-1.111264e-04 -1.041505e-04 4.022295e+00) (-4.385159e-06 -8.847929e-06 4.423676e-02)) ((3.106428e-09 -5.868907e-09 -3.093993e-10) (1.976474e-06 -2.979505e-07 3.706592e-08))
4.233333      	((-9.846620e-05 -6.893645e-05 2.909948e+00) (-4.570441e-06 -9.118461e-06 4.465193e-02)) ((2.875868e-09 -7.277597e-09 -7.528415e-10) (2.004514e-06 -3.041921e-07 3.646470e-08))
4.24          	((-1.092646e-04 -1.344737e-04 1.792123e+00) (-4.839716e-06 -9.438918e-06 4.497876e-02)) ((6.764029e-09 -1.238996e-08 -4.770169e-11) (2.024233e-06 -3.016926e-07 3.533574e-08))
4.246667      	((-1.458623e-04 -1.711217e-04 6.712547e-01) (-5.110772e-06 -9.709355e-06 4.521188e-02)) ((5.488063e-09 -1.032340e-08 5.678858e-11) (2.051000e-06 -3.071176e-07 3.382279e-08))
4.253333      	((-1.106386e-04 -1.492915e-04 -4.511468e-01) (-5.412451e-06 -1.004070e-05 4.534741e-02)) ((3.850435e-09 -8.546553e-09 -1.528366e-10) (2.064539e-06 -3.191807e-07 3.257992e-08))
4.26          	((-9.244982e-05 -1.134646e-04 -1.572549e+00) (-5.695229e-06 -1.035757e-05 4.539120e-02)) ((5.933682e-09 -1.133987e-08 -5.427389e-11) (2.072792e-06 -3.286949e-07 3.131172e-08))
4.266667      	((-9.875821e-05 -1.143014e-04 -2.690690e+00) (-6.011401e-06 -1.068011e-05 4.534455e-02)) ((8.522751e-09 -1.428816e-08 1.682649e-10) (2.082540e-06 -3.481347e-07 3.045519e-08))
4.273333      	((-1.280655e-04 -1.547422e-04 -3.804457e+00) (-6.272689e-06 -1.094232e-05 4.520149e-02)) ((1.187149e-08 -1.723502e-08 -1.004574e-10) (2.087003e-06 -3.575207e-07 2.925396e-08))
4.28          	((-1.300562e-04 -2.379009e-04 -4.915642e+00) (-6.612530e-06 -1.122652e-05 4.495506e-02)) ((1.162700e-08 -1.619119e-08 -1.228392e-11) (2.079533e-06 -3.613332e-07 2.788388e-08))
4.286667      	((-1.693056e-04 -3.278349e-04 -6.018694e+00) (-7.167930e-06 -1.168202e-05 4.460733e-02)) ((1.166192e-08 -1.657511e-08 -1.493563e-11) (2.199037e-06 -4.813636e-07 2.661420e-08))
4.293333      	((-1.596188e-04 -3.085107e-04 -7.104055e+00) (-7.377433e-06 -1.182303e-05 4.415946e-02)) ((9.318518e-09 -1.394075e-08 2.167851e-11) (2.186659e-06 -4.794421e-07 2.564823e-08))
4.3           	((-9.459761e-05 -1.852825e-04 -8.170896e+00) (-7.544011e-06 -1.195089e-05 4.361241e-02)) ((8.782632e-09 -1.295211e-08 -2.309078e-11) (2.129258e-06 -4.608640e-07 2.484198e-08))
4.306667      	((-1.144375e-04 -1.761805e-04 -9.220055e+00) (-7.638936e-06 -1.185101e-05 4.298282e-02)) ((8.936514e-09 -1.273394e-08 -2.144587e-10) (1.948003e-06 -4.103162e-07 2.207621e-08))
4.313333      	((-8.637633e-05 -1.262317e-04 -1.025369e+01) (-7.889530e-06 -1.186949e-05 4.226594e-02)) ((8.431290e-09 -1.181957e-08 -2.474239e-10) (1.860731e-06 -4.501708e-07 2.238163e-08))
4.32          	((-1.147007e-04 -1.447099e-04 -1.127140e+01) (-8.173049e-06 -1.210022e-05 4.145518e-02)) ((8.951247e-09 -1.168493e-08 -3.838586e-10) (1.843118e-06 -4.643994e-07 2.207240e-08))
4.326667      	((-1.012998e-04 -9.705631e-05 -1.227150e+01) (-8.338001e-06 -1.223560e-05 4.055221e-02)) ((6.477067e-09 -9.893662e-09 -1.683687e-10) (1.811224e-06 -4.506603e-07 2.146071e-08))
4.333333      	((-1.344854e-04 -5.264125e-05 -1.325253e+01) (-8.453747e-06 -1.233707e-05 3.956160e-02)) ((7.863360e-09 -1.019594e-08 -1.724890e-10) (1.772132e-06 -4.220093e-07 2.118843e-08))
4.34          	((-1.212209e-04 -4.438767e-05 -1.421002e+01) (-8.548005e-06 -1.234359e-05 3.848329e-02)) ((5.564965e-09 -7.571042e-09 2.005787e-10) (1.718682e-06 -4.017379e-07 2.041942e-08))
4.346667      	((-1.275618e-04 -5.110570e-05 -1.514416e+01) (-8.713339e-06 -1.225739e-05 3.732319e-02)) ((4.262231e-09 -6.449789e-09 -3.219627e-10) (1.652067e-06 -4.281014e-07 2.003793e-08))
4.353333      	((-7.815021e-05 -1.808284e-05 -1.605240e+01) (-8.948541e-06 -1.237205e-05 3.608876e-02)) ((2.086681e-09 -4.191095e-09 1.746854e-11) (1.660370e-06 -4.768111e-07 1.931738e-08))
4.36          	((-1.075124e-04 -3.680247e-05 -1.693577e+01) (-8.925675e-06 -1.227007e-05 3.478059e-02)) ((8.737869e-10 -2.977711e-09 -1.716321e-10) (1.597681e-06 -4.494906e-07 1.830566e-08))
4.366667      	((-9.501656e-05 -4.323709e-05 -1.778823e+01) (-8.880969e-06 -1.213552e-05 3.340229e-02)) ((-1.449365e-09 -6.727144e-10 1.180378e-10) (1.512348e-06 -4.058723e-07 1.752778e-08))
4.373333      	((-4.792057e-05 2.821580e-05 -1.860902e+01) (-8.854736e-06 -1.199518e-05 3.195973e-02)) ((-1.121826e-09 -3.182374e-10 -3.926073e-12) (1.423191e-06 -3.679117e-07 1.659675e-08))
4.38          	((-8.987901e-05 2.340948e-05 -1.939500e+01) (-8.916417e-06 -1.180673e-05 3.045964e-02)) ((-6.699708e-10 -5.142787e-10 1.918602e-11) (1.315796e-06 -3.663427e-07 1.554476e-08))
4.386667      	((-3.995617e-05 7.237509e-05 -2.014248e+01) (-8.907607e-06 -1.165415e-05 2.890963e-02)) ((-2.358511e-09 1.332318e-09 -4.077641e-11) (1.233814e-06 -3.432239e-07 1.475782e-08))
4.393333      	((-1.283155e-04 5.863944e-05 -2.085570e+01) (-8.855275e-06 -1.147064e-05 2.731397e-02)) ((-2.348144e-09 2.628340e-09 -3.044115e-10) (1.156605e-06 -3.162263e-07 1.394013e-08))
4.4           	((-3.650490e-05 7.656308e-05 -2.153140e+01) (-8.770526e-06 -1.124874e-05 2.567758e-02)) ((-1.495593e-10 3.379637e-10 -4.252876e-10) (1.082721e-06 -2.919359e-07 1.287720e-08))
4.406667      	((-7.880099e-05 8.668471e-05 -2.216905e+01) (-8.670938e-06 -1.100456e-05 2.400638e-02)) ((-9.148819e-10 9.926213e-10 -2.099357e-10) (1.009512e-06 -2.711037e-07 1.240191e-08))
4.413333      	((-1.501303e-04 9.609730e-05 -2.276855e+01) (-8.597887e-06 -1.076960e-05 2.230618e-02)) ((-1.607499e-09 2.548708e-09 -3.670421e-12) (9.352788e-07 -2.505428e-07 1.175436e-08))
4.42          	((-9.518286e-05 5.957049e-05 -2.332694e+01) (-8.503744e-06 -1.052059e-05 2.058374e-02)) ((3.474623e-09 -2.870833e-09 -4.746419e-10) (8.625485e-07 -2.372595e-07 1.060341e-08))
4.426667      	((-3.258114e-04 -9.793620e-05 -2.384373e+01) (-8.341738e-06 -1.019498e-05 1.884353e-02)) ((4.429048e-09 -5.543263e-09 -2.669101e-10) (7.862393e-07 -2.195988e-07 1.019199e-08))
4.433333      	((-3.655514e-04 -5.652330e-05 -2.431865e+01) (-8.198844e-06 -9.888631e-06 1.709177e-02)) ((5.842694e-09 -3.658408e-09 -4.677575e-10) (7.098109e-07 -1.946622e-07 9.377415e-09))
4.44          	((-1.554129e-05 -6.370660e-04 -2.474869e+01) (-8.014785e-06 -9.581512e-06 1.533470e-02)) ((1.238763e-08 -9.246349e-09 -1.246634e-10) (6.419157e-07 -1.755675e-07 8.372977e-09))
4.446667      	((-2.635505e-04 -7.694601e-04 -2.513487e+01) (-7.789255e-06 -9.238124e-06 1.357778e-02)) ((1.450243e-08 -1.058317e-08 3.446035e-10) (5.737068e-07 -1.623351e-07 7.564004e-09))
4.453333      	((-2.257498e-04 -4.348394e-04 -2.547249e+01) (-7.660985e-06 -8.978384e-06 1.182456e-02)) ((1.656905e-08 -1.777336e-08 -3.557212e-10) (5.075564e-07 -1.496328e-07 6.684861e-09))
4.46          	((-5.602960e-04 -6.694128e-04 -2.576402e+01) (-7.587808e-06 -8.765635e-06 1.007860e-02)) ((1.810361e-08 -1.349207e-08 -1.119070e-09) (4.509558e-07 -1.529644e-07 6.272871e-09))
4.466667      	((-8.926237e-05 -2.036827e-04 -2.600992e+01) (-7.422818e-06 -8.459697e-06 8.345128e-03)) ((2.428710e-08 -2.364264e-08 -1.015176e-09) (3.941051e-07 -1.514896e-07 5.879709e-09))
4.473333      	((-1.181904e-04 -2.689455e-04 -2.620434e+01) (-7.366692e-06 -8.256986e-06 6.629193e-03)) ((3.637595e-08 -3.386403e-08 -4.455148e-10) (3.318075e-07 -1.452284e-07 5.473032e-09))
4.48          	((-1.339235e-04 -7.147368e-05 -2.637026e+01) (-7.328594e-06 -8.069277e-06 4.931592e-03)) ((2.036119e-08 -1.287647e-08 -1.637166e-10) (2.758400e-07 -1.477602e-07 4.948429e-09))
4.486667      	((4.212673e-04 9.696214e-04 -2.654302e+01) (-7.454255e-06 -8.011347e-06 3.243309e-03)) ((-5.231778e-09 1.339093e-08 5.908190e-10) (2.100123e-07 -1.382010e-07 4.477581e-09))
4.493333      	((2.643341e-04 4.696000e-04 -2.666460e+01) (-7.512411e-06 -7.962125e-06 1.559591e-03)) ((-1.764503e-09 2.152696e-10 -1.019164e-09) (1.279368e-07 -1.113149e-07 3.164229e-09))
4.5           	((1.917862e-03 2.384363e-03 -2.674566e+01) (-7.232126e-06 -7.549462e-06 -1.172804e-04)) ((2.999018e-08 -5.641051e-08 2.177627e-09) (5.461714e-08 -8.844528e-08 3.079794e-09))
4.506667      	((1.376029e-03 1.308349e-03 -2.679399e+01) (-7.380753e-06 -7.530964e-06 -1.764725e-03)) ((1.463065e-07 -1.678867e-07 -8.818140e-09) (-5.711369e-08 -3.231216e-08 2.364420e-09))
4.513333      	((-8.780362e-04 -2.195120e-04 -2.675501e+01) (-7.488549e-06 -7.463572e-06 -3.366946e-03)) ((-7.057693e-08 8.396237e-08 3.073987e-09) (-1.052749e-07 -3.574668e-08 7.814114e-10))
4.52          	((-1.370196e-03 -1.294989e-03 -2.667107e+01) (-7.463612e-06 -7.283366e-06 -4.948513e-03)) ((-2.059297e-08 1.621243e-08 5.225821e-09) (-1.216240e-07 -7.277684e-08 -1.089580e-09))
4.526667      	((-1.391230e-03 -1.162816e-03 -2.645287e+01) (-7.531770e-06 -7.213421e-06 -6.519306e-03)) ((7.149800e-09 -5.403126e-09 1.951714e-09) (-1.658527e-07 -7.807845e-08 -2.177831e-09))
4.533333      	((-9.331545e-04 -5.395380e-04 -2.621142e+01) (-7.566771e-06 -7.099522e-06 -8.085751e-03)) ((3.135250e-08 -2.605159e-08 2.897147e-09) (-2.198073e-07 -7.158161e-08 -3.163363e-09))
4.54          	((-1.362878e-04 8.004180e-05 -2.592769e+01) (-7.744786e-06 -7.140797e-06 -9.646831e-03)) ((3.069993e-08 -2.706218e-08 1.699709e-09) (-2.756880e-07 -6.273543e-08 -4.234639e-09))
4.546667      	((-5.778576e-04 -5.597763e-05 -2.561660e+01) (-7.805593e-06 -7.056924e-06 -1.120770e-02)) ((2.000894e-08 -1.811572e-08 1.936981e-09) (-3.314381e-07 -5.669623e-08 -5.261615e-09))
4.553333      	((-1.343470e-04 2.156079e-04 -2.526978e+01) (-7.972574e-06 -7.069012e-06 -1.276833e-02)) ((2.347967e-08 -2.235057e-08 9.486660e-10) (-3.828014e-07 -4.213684e-08 -6.397395e-09))
4.56          	((-1.491341e-04 -2.443056e-04 -2.488135e+01) (-8.172567e-06 -7.130173e-06 -1.432553e-02)) ((1.677234e-08 -1.624292e-08 1.710072e-09) (-4.602012e-07 -2.654626e-08 -7.823850e-09))
4.566667      	((9.446815e-05 1.246596e-04 -2.445456e+01) (-8.372052e-06 -7.249440e-06 -1.587928e-02)) ((-2.857186e-09 2.032347e-09 8.542191e-10) (-5.275270e-07 -3.386911e-09 -9.130300e-09))
4.573333      	((2.124054e-05 5.016427e-05 -2.398884e+01) (-8.459797e-06 -7.197032e-06 -1.743028e-02)) ((1.413018e-08 -1.392122e-08 2.028723e-09) (-6.061490e-07 1.917556e-08 -9.803908e-09))
4.58          	((-3.437776e-04 -3.167606e-04 -2.347760e+01) (-8.599094e-06 -7.172248e-06 -1.897508e-02)) ((3.281604e-09 -4.338289e-10 7.571835e-10) (-6.846345e-07 3.564959e-08 -9.388059e-09))
4.586667      	((5.539924e-04 2.486182e-04 -2.292450e+01) (-8.760607e-06 -7.212775e-06 -2.051160e-02)) ((-1.867153e-09 6.415802e-09 1.303472e-09) (-7.202902e-07 3.719472e-08 -1.032034e-08))
4.593333      	((3.375234e-04 4.988459e-05 -2.233030e+01) (-8.770316e-06 -7.103779e-06 -2.203707e-02)) ((1.076927e-09 3.429640e-09 9.200639e-10) (-7.873670e-07 5.013851e-08 -9.997439e-09))
4.6           	((5.300372e-04 2.020775e-04 -2.169763e+01) (-8.702480e-06 -6.907305e-06 -2.354244e-02)) ((8.075149e-09 -7.529797e-09 1.704194e-09) (-8.703599e-07 7.657300e-08 -9.518550e-09))
4.606667      	((4.162145e-04 2.508370e-04 -2.102667e+01) (-8.651042e-06 -6.744194e-06 -2.502798e-02)) ((-3.705602e-09 3.745565e-09 5.285117e-10) (-9.425750e-07 1.028796e-07 -1.069642e-08))
4.613333      	((4.915322e-04 2.364456e-04 -2.031833e+01) (-8.582300e-06 -6.568740e-06 -2.649154e-02)) ((-1.636202e-08 1.591729e-08 6.216040e-10) (-1.059678e-06 1.473806e-07 -1.093194e-08))
4.62          	((3.280070e-04 3.408779e-04 -1.957392e+01) (-8.582265e-06 -6.504083e-06 -2.793048e-02)) ((-3.248592e-09 3.506662e-09 9.684868e-10) (-1.175373e-06 2.332257e-07 -1.185916e-08))
4.626667      	((2.504798e-04 4.465109e-04 -1.879532e+01) (-8.635762e-06 -6.424592e-06 -2.934324e-02)) ((-1.778409e-08 1.564195e-08 -5.182281e-10) (-1.317751e-06 3.270705e-07 -1.173263e-08))
4.633333      	((2.397351e-04 3.709462e-04 -1.798360e+01) (-8.563245e-06 -6.262689e-06 -3.072712e-02)) ((-1.146684e-08 9.155797e-09 4.833212e-10) (-1.407102e-06 3.705520e-07 -1.015702e-08))
4.64          	((3.031936e-04 3.893621e-04 -1.714011e+01) (-8.536366e-06 -6.130846e-06 -3.207762e-02)) ((-9.510077e-09 7.736176e-09 1.099583e-09) (-1.505569e-06 4.067697e-07 -8.721036e-09))
4.646667      	((4.022157e-04 2.845510e-04 -1.626600e+01) (-8.504013e-06 -6.023103e-06 -3.339438e-02)) ((-1.710244e-08 1.521061e-08 6.292516e-10) (-1.676595e-06 5.104881e-07 -7.743191e-09))
4.653333      	((4.434988e-04 2.424482e-04 -1.536303e+01) (-8.283508e-06 -5.729014e-06 -3.467158e-02)) ((-1.686426e-08 1.496709e-08 1.032162e-09) (-1.783420e-06 5.566757e-07 -6.905351e-09))
4.66          	((5.764871e-04 2.101628e-04 -1.443285e+01) (-8.002821e-06 -5.399968e-06 -3.590219e-02)) ((-2.371973e-08 2.273692e-08 4.709660e-10) (-1.882387e-06 5.950553e-07 -5.960306e-09))
4.666667      	((5.888128e-04 2.780461e-04 -1.347748e+01) (-7.716790e-06 -5.037041e-06 -3.707878e-02)) ((-1.459214e-08 1.331595e-08 1.012968e-09) (-1.980558e-06 6.441902e-07 -5.098581e-09))
4.673333      	((5.956940e-04 1.298303e-04 -1.249836e+01) (-7.513298e-06 -4.822721e-06 -3.819730e-02)) ((-2.201870e-08 2.168385e-08 7.020014e-10) (-2.076014e-06 6.854303e-07 -4.447908e-09))
4.68          	((3.713118e-04 -1.817631e-05 -1.149723e+01) (-7.366928e-06 -4.677655e-06 -3.925157e-02)) ((-1.540430e-08 1.487186e-08 2.194602e-09) (-2.177606e-06 7.375453e-07 -3.831323e-09))
4.686667      	((2.851509e-04 1.311684e-04 -1.047576e+01) (-7.556438e-06 -4.872933e-06 -4.023914e-02)) ((-1.318354e-08 1.555189e-08 1.704234e-09) (-2.373309e-06 8.860869e-07 -3.041374e-09))
4.693333      	((3.737576e-04 1.864325e-04 -9.435863e+00) (-7.467252e-06 -4.793184e-06 -4.115791e-02)) ((-1.686681e-08 1.700997e-08 1.717288e-09) (-2.485236e-06 9.555822e-07 -2.788580e-09))
4.7           	((2.279245e-04 3.743253e-04 -8.379329e+00) (-7.364504e-06 -4.695685e-06 -4.200123e-02)) ((-2.030385e-08 2.130603e-08 1.144741e-09) (-2.573246e-06 1.003656e-06 -2.180724e-09))
4.706667      	((1.630062e-04 3.176888e-04 -7.307796e+00) (-7.575841e-06 -4.919945e-06 -4.276541e-02)) ((-2.178388e-08 2.367826e-08 1.695390e-09) (-2.785994e-06 1.177177e-06 -2.028556e-09))
4.713333      	((2.278517e-04 2.694599e-04 -6.223083e+00) (-7.522983e-06 -4.741827e-06 -4.344792e-02)) ((-1.203666e-08 1.456771e-08 1.308450e-09) (-3.029993e-06 1.293356e-06 -1.286128e-09))
4.72          	((2.366818e-04 1.840173e-04 -5.127305e+00) (-7.370375e-06 -4.644510e-06 -4.404359e-02)) ((-1.943249e-08 2.221656e-08 1.418899e-09) (-3.173743e-06 1.413042e-06 -7.011213e-10))
4.726667      	((1.956074e-04 1.337316e-04 -4.022260e+00) (-7.250442e-06 -4.788876e-06 -4.455114e-02)) ((-1.609168e-08 1.909263e-08 1.469351e-09) (-3.221435e-06 1.557288e-06 -1.170766e-09))
4.733333      	((1.653519e-04 2.322372e-04 -2.909898e+00) (-7.416397e-06 -5.230859e-06 -4.496876e-02)) ((-1.306969e-08 1.561047e-08 1.588548e-09) (-3.138411e-06 1.576105e-06 -1.953931e-09))
4.74          	((1.457178e-04 2.616639e-04 -1.792060e+00) (-7.505572e-06 -5.581376e-06 -4.529873e-02)) ((-1.772761e-08 2.066866e-08 1.151675e-09) (-3.043925e-06 1.561649e-06 -2.310571e-09))
4.746667      	((1.748739e-04 1.709276e-04 -6.711734e-01) (-7.622275e-06 -5.930391e-06 -4.553470e-02)) ((-1.742701e-08 1.859937e-08 1.490104e-09) (-2.972966e-06 1.546904e-06 -2.892823e-09))
4.753333      	((2.028956e-04 2.585068e-04 4.512494e-01) (-7.848588e-06 -6.206266e-06 -4.567279e-02)) ((-1.096807e-08 1.288881e-08 1.748783e-09) (-2.925612e-06 1.529579e-06 -3.746793e-09))
4.76          	((1.812968e-04 2.641862e-04 1.572569e+00) (-7.986274e-06 -6.456246e-06 -4.571971e-02)) ((-1.026529e-08 1.153334e-08 1.416798e-09) (-2.884008e-06 1.525878e-06 -3.908920e-09))
4.766667      	((1.761282e-04 2.349473e-04 2.690721e+00) (-8.127032e-06 -6.714074e-06 -4.567580e-02)) ((-1.094600e-08 1.162532e-08 1.451728e-09) (-2.867955e-06 1.546811e-06 -4.313181e-09))
4.773333      	((5.902219e-05 1.537938e-04 3.804461e+00) (-8.223036e-06 -6.907946e-06 -4.553478e-02)) ((-1.365832e-08 1.342979e-08 1.684055e-09) (-2.846753e-06 1.558703e-06 -5.167230e-09))
4.78          	((2.770822e-05 1.429682e-04 4.915323e+00) (-8.317647e-06 -7.099256e-06 -4.529035e-02)) ((-1.199838e-08 1.169659e-08 1.153280e-09) (-2.830496e-06 1.572692e-06 -5.849578e-09))
4.786667      	((-4.613281e-05 1.450944e-04 6.018666e+00) (-8.434446e-06 -7.291430e-06 -4.494579e-02)) ((-1.034199e-08 9.817523e-09 1.206460e-09) (-2.792308e-06 1.562012e-06 -6.643705e-09))
4.793333      	((6.145248e-06 1.691897e-04 7.104001e+00) (-8.534840e-06 -7.464555e-06 -4.449867e-02)) ((-7.884938e-09 7.237072e-09 1.316762e-09) (-2.766971e-06 1.565220e-06 -7.372726e-09))
4.8           	((5.859201e-06 1.705339e-04 8.170722e+00) (-8.627419e-06 -7.591102e-06 -4.395386e-02)) ((-7.024915e-09 6.248592e-09 1.216957e-09) (-2.680047e-06 1.555415e-06 -8.591878e-09))
4.806667      	((1.020820e-05 1.164553e-04 9.219784e+00) (-8.880093e-06 -7.835668e-06 -4.333337e-02)) ((-6.010570e-09 5.094380e-09 1.114682e-09) (-2.626152e-06 1.511602e-06 -9.187483e-09))
4.813333      	((-2.172899e-05 2.775935e-05 1.025355e+01) (-8.995531e-06 -8.032789e-06 -4.261992e-02)) ((-5.129209e-09 5.538480e-09 1.697724e-09) (-2.576048e-06 1.473145e-06 -9.251312e-09))
4.82          	((-6.566385e-05 -5.096560e-05 1.127131e+01) (-9.263285e-06 -8.372090e-06 -4.180840e-02)) ((-7.643890e-09 6.497147e-09 1.210834e-09) (-2.562592e-06 1.489558e-06 -1.014053e-08))
4.826667      	((-5.777828e-05 -8.023177e-05 1.227142e+01) (-9.483014e-06 -8.695220e-06 -4.090569e-02)) ((-4.960527e-09 3.473172e-09 1.153173e-09) (-2.525078e-06 1.469651e-06 -1.010859e-08))
4.833333      	((-7.984175e-05 -1.067485e-04 1.325244e+01) (-9.586538e-06 -8.887568e-06 -3.991335e-02)) ((-2.903260e-09 3.122756e-09 1.101952e-09) (-2.456737e-06 1.415527e-06 -9.349978e-09))
4.84          	((-8.063273e-05 -9.140112e-05 1.421018e+01) (-9.715297e-06 -9.195745e-06 -3.883552e-02)) ((-3.698896e-09 2.601676e-09 1.573237e-09) (-2.431199e-06 1.377846e-06 -9.190454e-09))
4.846667      	((-9.956240e-05 -1.079748e-04 1.514427e+01) (-9.972554e-06 -9.514220e-06 -3.767717e-02)) ((-5.101463e-09 1.904100e-09 1.248181e-09) (-2.415881e-06 1.399582e-06 -7.986543e-09))
4.853333      	((-5.231625e-05 -9.780029e-05 1.605278e+01) (-1.001093e-05 -9.608029e-06 -3.644121e-02)) ((-2.906097e-09 1.862034e-10 9.778052e-10) (-2.316701e-06 1.329773e-06 -6.912526e-09))
4.86          	((-3.727168e-05 -5.916907e-05 1.693628e+01) (-9.982904e-06 -9.640822e-06 -3.512970e-02)) ((-2.487395e-09 -7.783602e-10 1.171498e-09) (-2.201004e-06 1.240522e-06 -5.594928e-09))
4.866667      	((-3.491404e-05 -1.243291e-04 1.778855e+01) (-9.954911e-06 -9.674543e-06 -3.374798e-02)) ((1.926946e-10 -3.391889e-09 1.251889e-09) (-2.087909e-06 1.151495e-06 -4.455474e-09))
4.873333      	((3.256770e-05 -3.359147e-05 1.860952e+01) (-9.946237e-06 -9.723614e-06 -3.230331e-02)) ((3.583195e-10 -3.233053e-09 1.194394e-09) (-1.983902e-06 1.073417e-06 -3.027161e-09))
4.88          	((-3.895807e-05 -9.350782e-05 1.939468e+01) (-9.933522e-06 -9.803057e-06 -3.080075e-02)) ((5.009689e-10 -4.220396e-09 1.343034e-09) (-1.865902e-06 1.002373e-06 -8.765294e-10))
4.886667      	((2.787427e-05 -5.669712e-06 2.014211e+01) (-9.904110e-06 -9.849370e-06 -2.924687e-02)) ((6.226388e-10 -5.604795e-09 1.062774e-09) (-1.776438e-06 9.710853e-07 -3.764807e-10))
4.893333      	((5.573708e-05 -1.358700e-04 2.085538e+01) (-9.837598e-06 -9.866642e-06 -2.764723e-02)) ((-2.987946e-09 -2.267809e-09 7.822437e-10) (-1.686299e-06 9.399510e-07 -1.083135e-10))
4.9           	((-1.469168e-04 -2.133908e-04 2.153101e+01) (-9.737269e-06 -9.851136e-06 -2.600676e-02)) ((1.148462e-09 -5.815371e-09 7.800471e-10) (-1.594093e-06 9.038997e-07 4.207639e-10))
4.906667      	((-5.082913e-05 -1.780290e-04 2.216879e+01) (-9.585845e-06 -9.791412e-06 -2.433147e-02)) ((5.994209e-10 -4.603046e-09 8.726232e-10) (-1.500119e-06 8.632800e-07 1.300437e-09))
4.913333      	((3.528019e-05 -2.617241e-04 2.276830e+01) (-9.392790e-06 -9.700161e-06 -2.262721e-02)) ((1.466888e-10 -3.257722e-09 9.511988e-10) (-1.401619e-06 8.177679e-07 1.907779e-09))
4.92          	((-1.479962e-04 -3.908581e-04 2.332670e+01) (-9.155853e-06 -9.577454e-06 -2.090040e-02)) ((-5.103074e-09 -1.344267e-09 9.478933e-10) (-1.304470e-06 7.709665e-07 2.806469e-09))
4.926667      	((-6.877802e-05 -4.468935e-05 2.384346e+01) (-8.901958e-06 -9.426709e-06 -1.915592e-02)) ((-2.672945e-09 4.998030e-10 2.885229e-10) (-1.204809e-06 7.198576e-07 2.985397e-09))
4.933333      	((-1.427629e-04 5.613162e-05 2.431844e+01) (-8.607585e-06 -9.224287e-06 -1.739957e-02)) ((-6.983761e-09 1.630482e-09 5.025226e-10) (-1.098964e-06 6.627515e-07 3.489302e-09))
4.94          	((5.601684e-05 2.021396e-04 2.474863e+01) (-8.260119e-06 -8.960958e-06 -1.563719e-02)) ((-7.534883e-09 5.944957e-09 3.620693e-10) (-1.002447e-06 6.114727e-07 3.624297e-09))
4.946667      	((-5.312162e-04 -3.721234e-04 2.513456e+01) (-7.920609e-06 -8.705014e-06 -1.387539e-02)) ((-9.472897e-09 3.890226e-09 4.080862e-10) (-9.096936e-07 5.657599e-07 3.578511e-09))
4.953333      	((-1.347968e-04 -1.451972e-04 2.547142e+01) (-7.720442e-06 -8.598717e-06 -1.211749e-02)) ((-1.126740e-08 5.183973e-09 3.422426e-10) (-8.163656e-07 5.202615e-07 4.151451e-09))
4.96          	((-7.503449e-04 -6.747300e-04 2.576334e+01) (-7.763192e-06 -8.740124e-06 -1.036734e-02)) ((-1.204341e-08 6.304978e-09 -3.297803e-11) (-7.393618e-07 4.899790e-07 4.661774e-09))
4.966667      	((-8.836828e-05 2.859503e-04 2.600933e+01) (-7.684574e-06 -8.754481e-06 -8.628842e-03)) ((-2.087503e-08 1.425659e-08 2.015324e-10) (-6.750895e-07 4.722232e-07 4.993854e-09))
4.973333      	((-9.900362e-05 5.028495e-04 2.620326e+01) (-7.603377e-06 -8.753198e-06 -6.908122e-03)) ((-2.702378e-08 2.133270e-08 2.742398e-10) (-5.972199e-07 4.370371e-07 5.153357e-09))
4.98          	((-3.568504e-04 -1.148466e-04 2.637485e+01) (-7.727535e-06 -8.964804e-06 -5.206064e-03)) ((-8.276070e-09 1.404218e-09 -9.586663e-10) (-5.433699e-07 4.241715e-07 6.117190e-09))
4.986667      	((-4.394657e-05 -3.679415e-04 2.655052e+01) (-7.751167e-06 -9.069404e-06 -3.515649e-03)) ((2.673717e-08 -3.290132e-08 -2.582737e-09) (-4.748307e-07 3.994210e-07 6.564328e-09))
4.993333      	((5.575306e-04 -1.421389e-04 2.667259e+01) (-7.655931e-06 -9.066981e-06 -1.830643e-03)) ((-3.648242e-08 3.135115e-08 1.752174e-09) (-3.806043e-07 3.533888e-07 6.330408e-09))
5             	((1.813821e-03 1.112009e-03 2.673481e+01) (-6.982319e-06 -8.572167e-06 -1.519164e-04)) ((-8.214064e-08 3.235538e-08 9.825602e-10) (-2.713485e-07 2.922446e-07 6.258366e-09))
