# Forces      
# CofR        : (0.000000e+00 0.000000e+00 0.000000e+00)
# Time        forces(pressure viscous)	moments(pressure viscous)
0             	((0.000000e+00 0.000000e+00 0.000000e+00) (0.000000e+00 0.000000e+00 0.000000e+00)) ((0.000000e+00 0.000000e+00 0.000000e+00) (0.000000e+00 0.000000e+00 0.000000e+00))
0.01          	((-2.334479e-02 -1.164867e-02 1.991640e+01) (-2.468453e-05 2.494479e-06 1.957020e-03)) ((3.191760e-03 -1.824965e-01 -5.092189e-04) (8.261598e-07 -2.260259e-05 -6.680942e-07))
0.02          	((-1.989621e-02 -1.166813e-02 1.936586e+01) (-4.918368e-05 4.528145e-06 3.983432e-03)) ((3.171818e-03 -1.778876e-01 -5.312485e-04) (1.711804e-06 -4.605528e-05 -1.436399e-06))
0.03          	((-2.064070e-02 -1.158141e-02 1.942474e+01) (-7.386988e-05 6.623480e-06 6.029880e-03)) ((3.245121e-03 -1.782915e-01 -5.602777e-04) (2.622919e-06 -6.994433e-05 -2.293186e-06))
0.04          	((-2.059547e-02 -1.150996e-02 1.931929e+01) (-9.889483e-05 8.571691e-06 8.066857e-03)) ((3.211577e-03 -1.772796e-01 -5.678809e-04) (3.542635e-06 -9.402317e-05 -3.230980e-06))
0.05          	((-2.026433e-02 -1.136059e-02 1.919148e+01) (-1.243263e-04 1.025086e-05 1.008358e-02)) ((3.176818e-03 -1.758713e-01 -5.642356e-04) (4.447738e-06 -1.181898e-04 -4.184420e-06))
0.06          	((-2.012878e-02 -1.123047e-02 1.904945e+01) (-1.501005e-04 1.170673e-05 1.207620e-02)) ((3.127340e-03 -1.742275e-01 -5.766193e-04) (5.339493e-06 -1.423716e-04 -5.124647e-06))
0.07          	((-1.998502e-02 -1.093365e-02 1.888661e+01) (-1.761384e-04 1.288051e-05 1.404218e-02)) ((3.063259e-03 -1.722998e-01 -5.709253e-04) (6.214151e-06 -1.664948e-04 -6.048250e-06))
0.08          	((-1.986843e-02 -1.074885e-02 1.869922e+01) (-2.023530e-04 1.376629e-05 1.597865e-02)) ((2.990339e-03 -1.700529e-01 -5.760179e-04) (7.042020e-06 -1.905126e-04 -6.919838e-06))
0.09          	((-1.967143e-02 -1.046226e-02 1.848703e+01) (-2.286496e-04 1.454443e-05 1.788186e-02)) ((2.895917e-03 -1.674902e-01 -5.865084e-04) (7.802564e-06 -2.144094e-04 -7.666103e-06))
0.1           	((-1.960822e-02 -1.034031e-02 1.825022e+01) (-2.547591e-04 1.540037e-05 1.974822e-02)) ((2.819443e-03 -1.646213e-01 -5.990114e-04) (8.489824e-06 -2.380899e-04 -8.267460e-06))
0.11          	((-1.954877e-02 -1.014728e-02 1.798897e+01) (-2.807218e-04 1.639902e-05 2.157318e-02)) ((2.731621e-03 -1.614436e-01 -6.174524e-04) (9.078498e-06 -2.615114e-04 -8.744229e-06))
0.12          	((-1.938350e-02 -9.853946e-03 1.770287e+01) (-3.067080e-04 1.777674e-05 2.335217e-02)) ((2.627729e-03 -1.579544e-01 -6.253933e-04) (9.591487e-06 -2.847352e-04 -9.020204e-06))
0.13          	((-1.904726e-02 -9.577971e-03 1.739163e+01) (-3.325379e-04 1.939411e-05 2.508067e-02)) ((2.504898e-03 -1.541905e-01 -6.331020e-04) (1.001479e-05 -3.076075e-04 -9.192031e-06))
0.14          	((-1.872509e-02 -9.270704e-03 1.705473e+01) (-3.580494e-04 2.090914e-05 2.675321e-02)) ((2.387064e-03 -1.501590e-01 -6.500673e-04) (1.040633e-05 -3.300594e-04 -9.235895e-06))
0.15          	((-1.822231e-02 -9.033038e-03 1.669187e+01) (-3.828909e-04 2.263248e-05 2.836475e-02)) ((2.313439e-03 -1.458813e-01 -6.676607e-04) (1.072516e-05 -3.521205e-04 -9.127623e-06))
0.16          	((-1.764800e-02 -8.611086e-03 1.630336e+01) (-4.074321e-04 2.478272e-05 2.991084e-02)) ((2.190455e-03 -1.413935e-01 -6.674944e-04) (1.098874e-05 -3.736109e-04 -8.961289e-06))
0.17          	((-1.702917e-02 -8.271758e-03 1.588759e+01) (-4.318082e-04 2.735150e-05 3.138663e-02)) ((2.087891e-03 -1.366771e-01 -6.604201e-04) (1.126163e-05 -3.945981e-04 -8.674095e-06))
0.18          	((-1.629396e-02 -7.846901e-03 1.544534e+01) (-4.556956e-04 3.038387e-05 3.278959e-02)) ((1.988163e-03 -1.317566e-01 -6.993875e-04) (1.147595e-05 -4.151343e-04 -8.245396e-06))
0.19          	((-1.592414e-02 -7.377956e-03 1.497735e+01) (-4.785333e-04 3.370226e-05 3.411599e-02)) ((1.896433e-03 -1.266690e-01 -7.547609e-04) (1.159306e-05 -4.349701e-04 -7.638790e-06))
0.2           	((-1.519639e-02 -7.158799e-03 1.448338e+01) (-5.007393e-04 3.740141e-05 3.536048e-02)) ((1.784173e-03 -1.212814e-01 -8.090485e-04) (1.185155e-05 -4.540488e-04 -7.058573e-06))
0.21          	((-1.424536e-02 -6.578093e-03 1.396306e+01) (-5.229880e-04 4.110895e-05 3.651916e-02)) ((1.656767e-03 -1.157554e-01 -8.144270e-04) (1.219868e-05 -4.723521e-04 -6.409887e-06))
0.22          	((-1.361206e-02 -6.066442e-03 1.341742e+01) (-5.451700e-04 4.456726e-05 3.759137e-02)) ((1.531547e-03 -1.100171e-01 -8.563737e-04) (1.246800e-05 -4.899007e-04 -5.672196e-06))
0.23          	((-1.286206e-02 -5.704903e-03 1.284774e+01) (-5.662599e-04 4.795622e-05 3.857362e-02)) ((1.439076e-03 -1.040755e-01 -8.750466e-04) (1.278077e-05 -5.062494e-04 -5.025089e-06))
0.24          	((-1.208188e-02 -5.023448e-03 1.225539e+01) (-5.863895e-04 5.225979e-05 3.946391e-02)) ((1.310450e-03 -9.795955e-02 -9.359341e-04) (1.269889e-05 -5.215468e-04 -4.490332e-06))
0.25          	((-1.098176e-02 -4.280325e-03 1.163964e+01) (-6.054968e-04 5.649438e-05 4.026113e-02)) ((1.161275e-03 -9.164751e-02 -1.003468e-03) (1.254149e-05 -5.358902e-04 -3.878139e-06))
0.26          	((-9.780430e-03 -3.902856e-03 1.100145e+01) (-6.236346e-04 6.055978e-05 4.096402e-02)) ((1.037228e-03 -8.519833e-02 -1.064218e-03) (1.232351e-05 -5.493153e-04 -3.298648e-06))
0.27          	((-8.753881e-03 -3.612760e-03 1.034258e+01) (-6.399998e-04 6.471913e-05 4.156760e-02)) ((9.173410e-04 -7.868127e-02 -1.090090e-03) (1.197799e-05 -5.614572e-04 -2.855796e-06))
0.28          	((-7.607218e-03 -3.137065e-03 9.665352e+00) (-6.545749e-04 6.855800e-05 4.207031e-02)) ((7.572426e-04 -7.201021e-02 -1.202035e-03) (1.156389e-05 -5.723648e-04 -2.575759e-06))
0.29          	((-6.290294e-03 -2.703128e-03 8.967437e+00) (-6.681387e-04 7.302672e-05 4.247388e-02)) ((6.124058e-04 -6.522881e-02 -1.292191e-03) (1.121236e-05 -5.822207e-04 -2.324767e-06))
0.3           	((-5.111289e-03 -2.115445e-03 8.252054e+00) (-6.807273e-04 7.766220e-05 4.277382e-02)) ((4.660249e-04 -5.836608e-02 -1.334779e-03) (1.112172e-05 -5.899534e-04 -1.926737e-06))
0.31          	((-3.948154e-03 -1.359271e-03 7.520799e+00) (-6.918938e-04 8.257329e-05 4.297145e-02)) ((2.926612e-04 -5.141370e-02 -1.336080e-03) (1.102487e-05 -5.969259e-04 -1.603414e-06))
0.32          	((-2.725943e-03 -7.727203e-04 6.773092e+00) (-7.011507e-04 8.696494e-05 4.306278e-02)) ((1.477068e-04 -4.436861e-02 -1.366219e-03) (1.035807e-05 -6.026184e-04 -1.274638e-06))
0.33          	((-1.518877e-03 -2.481482e-04 6.009516e+00) (-7.089804e-04 9.109567e-05 4.305001e-02)) ((-4.092281e-05 -3.713458e-02 -1.418722e-03) (1.028365e-05 -6.071350e-04 -1.006554e-06))
0.34          	((-4.161839e-04 3.620811e-04 5.231453e+00) (-7.158582e-04 9.443032e-05 4.293297e-02)) ((-2.222050e-04 -2.993637e-02 -1.452851e-03) (1.009607e-05 -6.106557e-04 -8.717508e-07))
0.35          	((8.401655e-04 1.167850e-03 4.443519e+00) (-7.198134e-04 9.717400e-05 4.270937e-02)) ((-3.296692e-04 -2.261108e-02 -1.490355e-03) (1.009668e-05 -6.128569e-04 -7.924479e-07))
0.36          	((2.252643e-03 1.752995e-03 3.643639e+00) (-7.220131e-04 9.926064e-05 4.237993e-02)) ((-4.781204e-04 -1.524703e-02 -1.500021e-03) (1.002356e-05 -6.134680e-04 -5.795516e-07))
0.37          	((3.752874e-03 2.142920e-03 2.835838e+00) (-7.227223e-04 1.006619e-04 4.194413e-02)) ((-6.383164e-04 -7.899888e-03 -1.547272e-03) (9.617223e-06 -6.131517e-04 -2.628911e-07))
0.38          	((5.771548e-03 2.773195e-03 2.017488e+00) (-7.220702e-04 1.014279e-04 4.140239e-02)) ((-8.330480e-04 -4.412874e-04 -1.544320e-03) (9.233659e-06 -6.117078e-04 -6.569864e-08))
0.39          	((7.233300e-03 3.119779e-03 1.193878e+00) (-7.210805e-04 1.018435e-04 4.075965e-02)) ((-1.000820e-03 6.933710e-03 -1.571485e-03) (8.929571e-06 -6.096046e-04 1.831944e-07))
0.4           	((8.624101e-03 3.253822e-03 3.656687e-01) (-7.181737e-04 1.009436e-04 4.001825e-02)) ((-1.207553e-03 1.429011e-02 -1.515772e-03) (8.732395e-06 -6.062531e-04 1.615570e-07))
0.41          	((1.020421e-02 3.689048e-03 -4.681993e-01) (-7.148524e-04 9.966520e-05 3.917777e-02)) ((-1.321321e-03 2.162454e-02 -1.577727e-03) (8.224851e-06 -6.019304e-04 1.443321e-07))
0.42          	((1.222654e-02 4.452170e-03 -1.305284e+00) (-7.101676e-04 9.760512e-05 3.824146e-02)) ((-1.406620e-03 2.904168e-02 -1.533723e-03) (8.128389e-06 -5.965171e-04 2.797699e-07))
0.43          	((1.363034e-02 4.850768e-03 -2.139885e+00) (-7.048989e-04 9.589569e-05 3.721573e-02)) ((-1.649595e-03 3.625944e-02 -1.538314e-03) (8.241903e-06 -5.898682e-04 3.179365e-07))
0.44          	((1.540736e-02 5.253596e-03 -2.975546e+00) (-6.977957e-04 9.410806e-05 3.610445e-02)) ((-1.723162e-03 4.364963e-02 -1.550918e-03) (8.153594e-06 -5.819884e-04 3.018004e-07))
0.45          	((1.677446e-02 5.459961e-03 -3.810238e+00) (-6.886123e-04 9.101904e-05 3.491062e-02)) ((-1.893961e-03 5.084112e-02 -1.528223e-03) (8.277757e-06 -5.727136e-04 3.732866e-07))
0.46          	((1.825371e-02 6.146515e-03 -4.637580e+00) (-6.777530e-04 8.839230e-05 3.364002e-02)) ((-1.941809e-03 5.795447e-02 -1.501748e-03) (8.451361e-06 -5.621230e-04 4.314405e-07))
0.47          	((1.987763e-02 6.734121e-03 -5.457226e+00) (-6.662144e-04 8.521309e-05 3.229589e-02)) ((-2.093847e-03 6.503449e-02 -1.367428e-03) (8.722270e-06 -5.507322e-04 5.122776e-07))
0.48          	((2.096076e-02 6.944805e-03 -6.269066e+00) (-6.529411e-04 8.045048e-05 3.088347e-02)) ((-2.136606e-03 7.195063e-02 -1.309022e-03) (8.786428e-06 -5.378788e-04 2.966445e-07))
0.49          	((2.251491e-02 7.065873e-03 -7.070588e+00) (-6.384055e-04 7.468553e-05 2.940750e-02)) ((-2.310184e-03 7.865227e-02 -1.200462e-03) (8.839987e-06 -5.242248e-04 3.745918e-07))
0.5           	((2.393980e-02 7.372013e-03 -7.860927e+00) (-6.230260e-04 6.869262e-05 2.787191e-02)) ((-2.403100e-03 8.537053e-02 -1.167469e-03) (9.140502e-06 -5.092946e-04 6.285427e-07))
0.51          	((2.538989e-02 7.441674e-03 -8.638236e+00) (-6.074815e-04 6.233291e-05 2.628230e-02)) ((-2.513582e-03 9.195523e-02 -1.103259e-03) (9.325675e-06 -4.934767e-04 6.998655e-07))
0.52          	((2.588255e-02 7.643255e-03 -9.402082e+00) (-5.902433e-04 5.658678e-05 2.464228e-02)) ((-2.588479e-03 9.830344e-02 -1.036819e-03) (9.565923e-06 -4.767107e-04 6.305041e-07))
0.53          	((2.688480e-02 7.937376e-03 -1.014689e+01) (-5.721076e-04 5.091984e-05 2.295855e-02)) ((-2.578795e-03 1.046590e-01 -9.966234e-04) (9.722963e-06 -4.590536e-04 6.677393e-07))
0.54          	((2.868133e-02 8.132205e-03 -1.087230e+01) (-5.539873e-04 4.608078e-05 2.123223e-02)) ((-2.627808e-03 1.108351e-01 -8.483902e-04) (9.787908e-06 -4.405910e-04 9.340362e-07))
0.55          	((3.014688e-02 8.123508e-03 -1.157886e+01) (-5.363869e-04 4.108649e-05 1.946883e-02)) ((-2.757519e-03 1.167330e-01 -7.770263e-04) (9.725909e-06 -4.214561e-04 1.149341e-06))
0.56          	((3.109293e-02 8.114230e-03 -1.226154e+01) (-5.187525e-04 3.645368e-05 1.766984e-02)) ((-2.697971e-03 1.225457e-01 -6.730770e-04) (9.557410e-06 -4.016148e-04 1.256837e-06))
0.57          	((3.229066e-02 8.405517e-03 -1.292134e+01) (-5.019895e-04 3.185304e-05 1.584063e-02)) ((-2.834495e-03 1.281132e-01 -6.026932e-04) (9.456360e-06 -3.811040e-04 1.369356e-06))
0.58          	((3.290594e-02 8.336224e-03 -1.355963e+01) (-4.858062e-04 2.826909e-05 1.398436e-02)) ((-2.888007e-03 1.332904e-01 -5.319694e-04) (9.326778e-06 -3.600334e-04 1.444426e-06))
0.59          	((3.326510e-02 7.825913e-03 -1.416729e+01) (-4.708900e-04 2.455388e-05 1.210575e-02)) ((-2.832280e-03 1.384347e-01 -4.802784e-04) (8.961941e-06 -3.385613e-04 1.633627e-06))
0.6           	((3.368149e-02 7.903358e-03 -1.474670e+01) (-4.561440e-04 2.053291e-05 1.020574e-02)) ((-2.949384e-03 1.431100e-01 -3.845313e-04) (8.459278e-06 -3.166815e-04 1.938082e-06))
0.61          	((3.393259e-02 7.693690e-03 -1.529996e+01) (-4.410713e-04 1.609829e-05 8.286199e-03)) ((-2.994927e-03 1.477002e-01 -3.720266e-04) (7.797939e-06 -2.941935e-04 2.245715e-06))
0.62          	((3.380437e-02 8.051930e-03 -1.582105e+01) (-4.272743e-04 1.244214e-05 6.350524e-03)) ((-3.000750e-03 1.519023e-01 -3.094462e-04) (7.055524e-06 -2.711836e-04 2.746704e-06))
0.63          	((3.362420e-02 7.735837e-03 -1.631533e+01) (-4.155434e-04 8.899630e-06 4.401888e-03)) ((-2.943222e-03 1.558861e-01 -2.519510e-04) (6.342148e-06 -2.478632e-04 3.372377e-06))
0.64          	((3.388408e-02 7.600741e-03 -1.677661e+01) (-4.051005e-04 4.996747e-06 2.443415e-03)) ((-2.974663e-03 1.597136e-01 -2.023430e-04) (5.585432e-06 -2.241714e-04 3.895235e-06))
0.65          	((3.339256e-02 7.691280e-03 -1.720799e+01) (-3.968283e-04 1.805813e-06 4.786910e-04)) ((-2.946913e-03 1.631623e-01 -4.310885e-05) (4.748133e-06 -2.003365e-04 4.392916e-06))
0.66          	((3.217109e-02 7.814410e-03 -1.760375e+01) (-3.895818e-04 -9.933522e-07 -1.490454e-03)) ((-3.137457e-03 1.658983e-01 -8.891861e-05) (3.845755e-06 -1.763227e-04 4.948804e-06))
0.67          	((3.039481e-02 6.334149e-03 -1.796725e+01) (-3.828693e-04 -4.282885e-06 -3.462926e-03)) ((-2.639531e-03 1.686552e-01 2.724456e-05) (2.937392e-06 -1.520577e-04 5.499057e-06))
0.68          	((2.871843e-02 7.214427e-03 -1.830699e+01) (-3.773401e-04 -8.047454e-06 -5.436906e-03)) ((-2.716722e-03 1.711873e-01 1.125435e-04) (1.993701e-06 -1.277499e-04 6.161026e-06))
0.69          	((2.735353e-02 6.780621e-03 -1.860222e+01) (-3.738279e-04 -1.226796e-05 -7.409384e-03)) ((-2.749481e-03 1.734352e-01 2.836297e-06) (9.183454e-07 -1.033541e-04 6.939832e-06))
0.7           	((2.795425e-02 6.923706e-03 -1.886959e+01) (-3.726303e-04 -1.648881e-05 -9.382602e-03)) ((-2.507521e-03 1.749250e-01 2.014501e-04) (-1.382207e-07 -7.881487e-05 7.747668e-06))
0.71          	((2.710071e-02 5.732228e-03 -1.911636e+01) (-3.735530e-04 -2.010264e-05 -1.135308e-02)) ((-2.340431e-03 1.763564e-01 2.451369e-04) (-1.269843e-06 -5.421714e-05 8.534456e-06))
0.72          	((2.594914e-02 5.224591e-03 -1.932918e+01) (-3.751433e-04 -2.474391e-05 -1.332123e-02)) ((-2.390285e-03 1.776485e-01 1.766447e-04) (-2.314667e-06 -2.970725e-05 9.423081e-06))
0.73          	((2.600500e-02 6.795881e-03 -1.950820e+01) (-3.757201e-04 -2.995614e-05 -1.528384e-02)) ((-2.265198e-03 1.782035e-01 3.623973e-04) (-3.386336e-06 -5.209308e-06 1.048895e-05))
0.74          	((2.421559e-02 6.585256e-03 -1.965621e+01) (-3.780672e-04 -3.445682e-05 -1.723830e-02)) ((-2.052621e-03 1.788072e-01 4.851012e-04) (-4.693562e-06 1.931157e-05 1.166787e-05))
0.75          	((2.203757e-02 6.329298e-03 -1.978748e+01) (-3.805066e-04 -3.942602e-05 -1.917719e-02)) ((-2.027033e-03 1.782331e-01 4.932299e-04) (-5.839571e-06 4.359563e-05 1.291805e-05))
0.76          	((2.093943e-02 5.997802e-03 -1.993709e+01) (-3.837149e-04 -4.374293e-05 -2.110553e-02)) ((-2.045280e-03 1.787215e-01 7.949628e-04) (-7.317846e-06 6.777545e-05 1.416001e-05))
0.77          	((1.861724e-02 6.042755e-03 -1.996155e+01) (-3.867957e-04 -4.747003e-05 -2.301213e-02)) ((-1.678722e-03 1.780980e-01 8.353205e-04) (-8.875867e-06 9.194752e-05 1.523534e-05))
0.78          	((1.946949e-02 7.231485e-03 -2.005176e+01) (-3.877172e-04 -5.249392e-05 -2.490123e-02)) ((-1.652740e-03 1.779864e-01 1.024411e-03) (-1.037089e-05 1.162889e-04 1.614276e-05))
0.79          	((1.652141e-02 7.457187e-03 -2.010886e+01) (-3.879994e-04 -5.802880e-05 -2.677346e-02)) ((-1.570176e-03 1.773286e-01 1.116366e-03) (-1.200531e-05 1.409285e-04 1.699567e-05))
0.8           	((1.459340e-02 7.866876e-03 -2.010599e+01) (-3.885671e-04 -6.337507e-05 -2.862374e-02)) ((-1.463495e-03 1.757169e-01 1.389928e-03) (-1.331127e-05 1.656278e-04 1.778574e-05))
0.81          	((1.596956e-02 8.265872e-03 -2.003131e+01) (-3.887634e-04 -6.860986e-05 -3.044450e-02)) ((-1.461121e-03 1.735047e-01 1.584716e-03) (-1.455531e-05 1.904929e-04 1.871016e-05))
0.82          	((1.775956e-02 8.485733e-03 -1.994208e+01) (-3.873279e-04 -7.332317e-05 -3.223285e-02)) ((-1.407552e-03 1.715585e-01 1.828070e-03) (-1.594047e-05 2.157989e-04 1.975073e-05))
0.83          	((1.832872e-02 8.912064e-03 -1.982991e+01) (-3.835736e-04 -7.867909e-05 -3.398236e-02)) ((-1.426620e-03 1.692783e-01 1.935852e-03) (-1.730352e-05 2.412886e-04 2.072323e-05))
0.84          	((2.012625e-02 9.182187e-03 -1.969224e+01) (-3.779719e-04 -8.390674e-05 -3.568886e-02)) ((-1.349781e-03 1.667863e-01 2.080652e-03) (-1.868540e-05 2.670277e-04 2.197044e-05))
0.85          	((2.157781e-02 9.914296e-03 -1.952725e+01) (-3.717306e-04 -8.858944e-05 -3.734685e-02)) ((-1.324034e-03 1.641882e-01 2.198063e-03) (-2.030417e-05 2.927961e-04 2.343852e-05))
0.86          	((2.324110e-02 1.026280e-02 -1.933194e+01) (-3.641355e-04 -9.305598e-05 -3.895296e-02)) ((-1.343900e-03 1.612886e-01 2.400547e-03) (-2.132485e-05 3.183689e-04 2.494607e-05))
0.87          	((2.484391e-02 1.048061e-02 -1.910693e+01) (-3.551065e-04 -9.784757e-05 -4.050501e-02)) ((-1.317053e-03 1.580984e-01 2.610485e-03) (-2.254503e-05 3.441999e-04 2.655213e-05))
0.88          	((2.706744e-02 1.096717e-02 -1.884922e+01) (-3.441003e-04 -1.026562e-04 -4.200062e-02)) ((-1.278443e-03 1.545762e-01 2.816249e-03) (-2.375262e-05 3.703032e-04 2.792870e-05))
0.89          	((2.989557e-02 1.148781e-02 -1.855897e+01) (-3.312804e-04 -1.066240e-04 -4.343602e-02)) ((-1.336962e-03 1.508792e-01 2.993666e-03) (-2.530918e-05 3.962765e-04 2.902712e-05))
0.9           	((3.310040e-02 1.157459e-02 -1.823507e+01) (-3.177191e-04 -1.104760e-04 -4.480703e-02)) ((-1.261589e-03 1.469282e-01 3.063084e-03) (-2.656163e-05 4.220062e-04 2.987426e-05))
0.91          	((3.649050e-02 1.236558e-02 -1.788170e+01) (-3.029179e-04 -1.149866e-04 -4.610922e-02)) ((-1.289043e-03 1.427589e-01 3.184633e-03) (-2.778278e-05 4.480424e-04 3.062962e-05))
0.92          	((3.910208e-02 1.312156e-02 -1.749878e+01) (-2.880970e-04 -1.200229e-04 -4.733709e-02)) ((-1.271903e-03 1.382697e-01 3.222582e-03) (-2.874764e-05 4.731127e-04 3.126436e-05))
0.93          	((4.134438e-02 1.308054e-02 -1.708313e+01) (-2.708343e-04 -1.239042e-04 -4.849206e-02)) ((-1.141818e-03 1.337020e-01 3.170495e-03) (-2.971312e-05 4.981256e-04 3.174678e-05))
0.94          	((4.433447e-02 1.332795e-02 -1.663447e+01) (-2.525783e-04 -1.274585e-04 -4.956869e-02)) ((-9.725461e-04 1.286319e-01 3.065378e-03) (-3.022584e-05 5.220604e-04 3.209985e-05))
0.95          	((4.679159e-02 1.313642e-02 -1.615707e+01) (-2.345583e-04 -1.300491e-04 -5.056509e-02)) ((-8.698154e-04 1.237487e-01 2.871149e-03) (-3.035719e-05 5.457784e-04 3.230582e-05))
0.96          	((4.926167e-02 1.303945e-02 -1.565089e+01) (-2.164471e-04 -1.323434e-04 -5.147773e-02)) ((-8.380885e-04 1.185288e-01 2.587176e-03) (-3.029622e-05 5.683487e-04 3.283193e-05))
0.97          	((5.126380e-02 1.300366e-02 -1.511646e+01) (-1.972697e-04 -1.337612e-04 -5.230225e-02)) ((-8.516073e-04 1.132002e-01 2.237315e-03) (-3.036686e-05 5.905223e-04 3.356244e-05))
0.98          	((5.272890e-02 1.236848e-02 -1.455099e+01) (-1.760919e-04 -1.342222e-04 -5.302887e-02)) ((-6.580857e-04 1.075785e-01 1.875424e-03) (-3.100448e-05 6.116071e-04 3.450589e-05))
0.99          	((5.348175e-02 1.149282e-02 -1.395788e+01) (-1.531779e-04 -1.346532e-04 -5.365717e-02)) ((-4.907497e-04 1.019814e-01 1.405296e-03) (-3.225981e-05 6.317477e-04 3.529534e-05))
1             	((5.446892e-02 1.101511e-02 -1.334052e+01) (-1.302796e-04 -1.374548e-04 -5.418370e-02)) ((-2.841544e-04 9.630896e-02 9.643290e-04) (-3.309072e-05 6.510826e-04 3.588042e-05))
1.01          	((5.496478e-02 1.042513e-02 -1.269647e+01) (-1.066291e-04 -1.396220e-04 -5.461127e-02)) ((-1.060360e-04 9.054647e-02 4.851081e-04) (-3.381543e-05 6.693755e-04 3.608951e-05))
1.02          	((5.521574e-02 9.141244e-03 -1.202476e+01) (-8.153007e-05 -1.442806e-04 -5.493371e-02)) ((2.070648e-04 8.452098e-02 -2.361284e-05) (-3.446380e-05 6.856539e-04 3.606647e-05))
1.03          	((5.488516e-02 8.018962e-03 -1.132878e+01) (-5.489995e-05 -1.481999e-04 -5.515266e-02)) ((4.015726e-04 7.837421e-02 -5.896137e-04) (-3.474167e-05 7.005363e-04 3.609331e-05))
1.04          	((5.462715e-02 6.754085e-03 -1.061124e+01) (-2.728428e-05 -1.529098e-04 -5.526789e-02)) ((5.328352e-04 7.219701e-02 -1.014320e-03) (-3.507848e-05 7.137049e-04 3.629305e-05))
1.05          	((5.406552e-02 6.512859e-03 -9.872261e+00) (1.475673e-06 -1.568287e-04 -5.527660e-02)) ((6.153688e-04 6.570507e-02 -1.393823e-03) (-3.434970e-05 7.252894e-04 3.656747e-05))
1.06          	((5.303030e-02 5.699696e-03 -9.108259e+00) (3.133391e-05 -1.630964e-04 -5.517808e-02)) ((6.633358e-04 5.914549e-02 -1.799776e-03) (-3.316614e-05 7.349002e-04 3.654433e-05))
1.07          	((5.287396e-02 4.974019e-03 -8.326922e+00) (6.101132e-05 -1.694090e-04 -5.497131e-02)) ((7.509006e-04 5.251645e-02 -2.062520e-03) (-3.246279e-05 7.427555e-04 3.670406e-05))
1.08          	((5.189408e-02 4.209504e-03 -7.524175e+00) (9.227855e-05 -1.740233e-04 -5.465941e-02)) ((7.848176e-04 4.571002e-02 -2.224983e-03) (-3.172442e-05 7.486280e-04 3.664441e-05))
1.09          	((5.115194e-02 3.722523e-03 -6.702521e+00) (1.245282e-04 -1.784212e-04 -5.424226e-02)) ((9.151905e-04 3.859225e-02 -2.391990e-03) (-3.026862e-05 7.528260e-04 3.640337e-05))
1.1           	((5.020539e-02 3.033790e-03 -5.866212e+00) (1.569648e-04 -1.825669e-04 -5.372267e-02)) ((9.974689e-04 3.143257e-02 -2.595677e-03) (-2.866260e-05 7.550437e-04 3.620195e-05))
1.11          	((4.921604e-02 2.020860e-03 -5.015875e+00) (1.894948e-04 -1.851004e-04 -5.310302e-02)) ((1.077745e-03 2.420440e-02 -2.737590e-03) (-2.754021e-05 7.552092e-04 3.552183e-05))
1.12          	((4.863368e-02 1.184802e-03 -4.154419e+00) (2.229983e-04 -1.871833e-04 -5.238412e-02)) ((1.195715e-03 1.682695e-02 -2.710613e-03) (-2.676251e-05 7.534485e-04 3.447496e-05))
1.13          	((4.756930e-02 -3.349940e-04 -3.284114e+00) (2.548640e-04 -1.887559e-04 -5.157038e-02)) ((1.280128e-03 9.362127e-03 -2.850843e-03) (-2.541106e-05 7.500765e-04 3.334722e-05))
1.14          	((4.663121e-02 -8.483871e-04 -2.403605e+00) (2.847846e-04 -1.889785e-04 -5.066253e-02)) ((1.324954e-03 1.844704e-03 -2.869941e-03) (-2.462568e-05 7.448013e-04 3.215194e-05))
1.15          	((4.593702e-02 -2.192139e-03 -1.518621e+00) (3.126130e-04 -1.882291e-04 -4.966440e-02)) ((1.559527e-03 -5.656074e-03 -2.922000e-03) (-2.393648e-05 7.379674e-04 3.086295e-05))
1.16          	((4.500373e-02 -3.436229e-03 -6.310436e-01) (3.373581e-04 -1.861813e-04 -4.857858e-02)) ((1.796341e-03 -1.308409e-02 -3.101351e-03) (-2.290097e-05 7.294541e-04 3.004426e-05))
1.17          	((4.361504e-02 -4.065885e-03 2.566294e-01) (3.601453e-04 -1.827657e-04 -4.740479e-02)) ((1.876085e-03 -2.042318e-02 -3.070847e-03) (-2.217414e-05 7.190746e-04 2.967653e-05))
1.18          	((4.212338e-02 -5.597570e-03 1.145313e+00) (3.788061e-04 -1.786141e-04 -4.615078e-02)) ((1.955734e-03 -2.772095e-02 -3.110146e-03) (-2.118769e-05 7.071297e-04 2.963077e-05))
1.19          	((4.097813e-02 -6.490365e-03 2.032953e+00) (3.959121e-04 -1.729254e-04 -4.481489e-02)) ((2.179909e-03 -3.505977e-02 -3.131567e-03) (-2.065809e-05 6.939299e-04 2.983325e-05))
1.2           	((3.979521e-02 -8.389871e-03 2.916664e+00) (4.101318e-04 -1.676782e-04 -4.340363e-02)) ((2.389310e-03 -4.242088e-02 -3.121277e-03) (-1.991198e-05 6.792626e-04 3.035811e-05))
1.21          	((3.767528e-02 -9.236193e-03 3.793671e+00) (4.232319e-04 -1.598978e-04 -4.191693e-02)) ((2.591026e-03 -4.953674e-02 -3.088669e-03) (-1.925005e-05 6.632165e-04 3.086211e-05))
1.22          	((3.578317e-02 -1.032510e-02 4.660972e+00) (4.336434e-04 -1.520524e-04 -4.035813e-02)) ((2.743648e-03 -5.672252e-02 -3.060394e-03) (-1.849560e-05 6.458284e-04 3.183292e-05))
1.23          	((3.378479e-02 -1.183583e-02 5.516864e+00) (4.422077e-04 -1.436908e-04 -3.873365e-02)) ((2.875604e-03 -6.372560e-02 -2.918351e-03) (-1.803054e-05 6.273450e-04 3.281579e-05))
1.24          	((3.216236e-02 -1.218611e-02 6.361353e+00) (4.464078e-04 -1.349228e-04 -3.704571e-02)) ((3.090022e-03 -7.059224e-02 -2.770445e-03) (-1.739250e-05 6.078077e-04 3.354887e-05))
1.25          	((3.108610e-02 -1.264540e-02 7.192181e+00) (4.478532e-04 -1.258107e-04 -3.529664e-02)) ((3.141781e-03 -7.747157e-02 -2.635464e-03) (-1.706573e-05 5.869956e-04 3.437076e-05))
1.26          	((2.918188e-02 -1.351539e-02 8.008334e+00) (4.466149e-04 -1.165486e-04 -3.349442e-02)) ((3.281966e-03 -8.421203e-02 -2.468436e-03) (-1.628629e-05 5.655552e-04 3.515130e-05))
1.27          	((2.758665e-02 -1.406593e-02 8.806675e+00) (4.423845e-04 -1.078250e-04 -3.164255e-02)) ((3.303829e-03 -9.055758e-02 -2.246629e-03) (-1.585793e-05 5.432658e-04 3.594405e-05))
1.28          	((2.598080e-02 -1.475136e-02 9.585338e+00) (4.361016e-04 -9.839907e-05 -2.974340e-02)) ((3.418408e-03 -9.691897e-02 -2.108391e-03) (-1.561511e-05 5.200943e-04 3.685687e-05))
1.29          	((2.464602e-02 -1.564360e-02 1.034493e+01) (4.282129e-04 -8.753741e-05 -2.780294e-02)) ((3.481144e-03 -1.032050e-01 -1.893547e-03) (-1.575149e-05 4.962104e-04 3.756148e-05))
1.3           	((2.308087e-02 -1.552571e-02 1.108034e+01) (4.177346e-04 -7.693550e-05 -2.582289e-02)) ((3.516770e-03 -1.090428e-01 -1.536400e-03) (-1.614251e-05 4.716640e-04 3.833604e-05))
1.31          	((2.097311e-02 -1.536586e-02 1.179318e+01) (4.048530e-04 -6.682446e-05 -2.380840e-02)) ((3.489718e-03 -1.149470e-01 -1.220843e-03) (-1.656889e-05 4.467077e-04 3.904483e-05))
1.32          	((1.865292e-02 -1.564449e-02 1.247901e+01) (3.892461e-04 -5.567193e-05 -2.176329e-02)) ((3.515970e-03 -1.206374e-01 -9.676559e-04) (-1.716326e-05 4.212253e-04 3.959399e-05))
1.33          	((1.644576e-02 -1.584501e-02 1.314058e+01) (3.703734e-04 -4.511400e-05 -1.969149e-02)) ((3.570204e-03 -1.260055e-01 -7.191797e-04) (-1.778724e-05 3.953072e-04 3.990489e-05))
1.34          	((1.448146e-02 -1.614198e-02 1.377577e+01) (3.479808e-04 -3.439697e-05 -1.759670e-02)) ((3.530427e-03 -1.311542e-01 -3.558575e-04) (-1.844901e-05 3.689226e-04 3.987881e-05))
1.35          	((1.207622e-02 -1.612658e-02 1.438109e+01) (3.225877e-04 -2.405636e-05 -1.548330e-02)) ((3.569192e-03 -1.360878e-01 1.261801e-05) (-1.908379e-05 3.423895e-04 3.946287e-05))
1.36          	((9.758986e-03 -1.630336e-02 1.495721e+01) (2.957382e-04 -1.353831e-05 -1.335454e-02)) ((3.606188e-03 -1.409565e-01 2.644773e-04) (-1.970409e-05 3.153648e-04 3.897167e-05))
1.37          	((7.502521e-03 -1.484315e-02 1.549914e+01) (2.677253e-04 -4.745699e-06 -1.121522e-02)) ((3.485273e-03 -1.453704e-01 4.832935e-04) (-2.008617e-05 2.879329e-04 3.844143e-05))
1.38          	((5.664085e-03 -1.490902e-02 1.600843e+01) (2.387341e-04 2.929024e-06 -9.069244e-03)) ((3.404711e-03 -1.494690e-01 8.226375e-04) (-2.029672e-05 2.601748e-04 3.789998e-05))
1.39          	((2.334545e-03 -1.487856e-02 1.649301e+01) (2.084091e-04 9.744183e-06 -6.918724e-03)) ((3.670991e-03 -1.533863e-01 1.242229e-03) (-2.066786e-05 2.322835e-04 3.702377e-05))
1.4           	((-7.945275e-04 -1.450643e-02 1.694097e+01) (1.772039e-04 1.626161e-05 -4.764122e-03)) ((3.753946e-03 -1.571782e-01 1.479551e-03) (-2.095961e-05 2.040043e-04 3.595999e-05))
1.41          	((-2.114023e-03 -1.348044e-02 1.735384e+01) (1.439084e-04 2.215296e-05 -2.608594e-03)) ((3.560996e-03 -1.606285e-01 1.856633e-03) (-2.105538e-05 1.755146e-04 3.486735e-05))
1.42          	((-4.586602e-03 -1.332234e-02 1.773100e+01) (1.088797e-04 2.792198e-05 -4.546951e-04)) ((3.497029e-03 -1.638286e-01 2.228474e-03) (-2.106430e-05 1.469751e-04 3.360117e-05))
1.43          	((-8.195126e-03 -1.192187e-02 1.809038e+01) (7.248755e-05 3.308137e-05 1.695777e-03)) ((3.410720e-03 -1.666921e-01 2.483461e-03) (-2.094762e-05 1.182576e-04 3.162889e-05))
1.44          	((-1.225603e-02 -1.145001e-02 1.840263e+01) (3.593669e-05 3.650870e-05 3.840099e-03)) ((3.310943e-03 -1.690675e-01 2.715720e-03) (-2.085320e-05 8.933284e-05 2.939599e-05))
1.45          	((-1.655793e-02 -1.063608e-02 1.867698e+01) (5.163206e-07 3.894455e-05 5.980002e-03)) ((3.308130e-03 -1.713848e-01 3.184091e-03) (-2.088112e-05 6.021600e-05 2.701519e-05))
1.46          	((-2.004673e-02 -1.113535e-02 1.892472e+01) (-3.531664e-05 4.192720e-05 8.114394e-03)) ((3.428781e-03 -1.733204e-01 3.226464e-03) (-2.119542e-05 3.093397e-05 2.460727e-05))
1.47          	((-2.403222e-02 -9.490428e-03 1.914547e+01) (-7.100108e-05 4.454111e-05 1.023774e-02)) ((3.140505e-03 -1.751112e-01 3.329298e-03) (-2.154009e-05 2.019849e-06 2.244116e-05))
1.48          	((-2.753175e-02 -8.833304e-03 1.932918e+01) (-1.056166e-04 4.712619e-05 1.235023e-02)) ((2.863135e-03 -1.761921e-01 3.484519e-03) (-2.231105e-05 -2.668488e-05 2.036242e-05))
1.49          	((-3.119796e-02 -8.883668e-03 1.948564e+01) (-1.396459e-04 4.930810e-05 1.444992e-02)) ((3.151119e-03 -1.771027e-01 3.479938e-03) (-2.307760e-05 -5.492205e-05 1.811467e-05))
1.5           	((-3.570014e-02 -8.213937e-03 1.958012e+01) (-1.737602e-04 5.162640e-05 1.653226e-02)) ((2.797011e-03 -1.772207e-01 3.421849e-03) (-2.401717e-05 -8.246078e-05 1.594754e-05))
1.51          	((-4.048507e-02 -7.306397e-03 1.974469e+01) (-2.069508e-04 5.346507e-05 1.859641e-02)) ((2.861553e-03 -1.781520e-01 3.555723e-03) (-2.489233e-05 -1.096878e-04 1.369876e-05))
1.52          	((-4.093701e-02 -5.735598e-03 1.979874e+01) (-2.395171e-04 5.410363e-05 2.063394e-02)) ((2.690875e-03 -1.781224e-01 3.481361e-03) (-2.560990e-05 -1.365837e-04 1.138706e-05))
1.53          	((-4.224869e-02 -5.598908e-03 1.989706e+01) (-2.698524e-04 5.543039e-05 2.265154e-02)) ((2.470800e-03 -1.779998e-01 3.190898e-03) (-2.645575e-05 -1.629816e-04 8.949649e-06))
1.54          	((-4.606323e-02 -4.983121e-03 1.991888e+01) (-2.996280e-04 5.752616e-05 2.464731e-02)) ((2.276391e-03 -1.772319e-01 2.829247e-03) (-2.730687e-05 -1.889828e-04 6.993227e-06))
1.55          	((-4.704721e-02 -4.001829e-03 1.990919e+01) (-3.288555e-04 5.857514e-05 2.661390e-02)) ((2.145055e-03 -1.762568e-01 2.809379e-03) (-2.817455e-05 -2.144596e-04 4.952900e-06))
1.56          	((-4.903565e-02 -4.367534e-03 1.986468e+01) (-3.581302e-04 5.831215e-05 2.855296e-02)) ((2.014123e-03 -1.745809e-01 2.648396e-03) (-2.908967e-05 -2.400706e-04 2.628081e-06))
1.57          	((-5.025401e-02 -2.780850e-03 1.979590e+01) (-3.880592e-04 5.694632e-05 3.045690e-02)) ((1.853222e-03 -1.726450e-01 2.352485e-03) (-2.991233e-05 -2.651693e-04 7.075839e-07))
1.58          	((-5.155375e-02 -2.080430e-03 1.969862e+01) (-4.191100e-04 5.383180e-05 3.232088e-02)) ((1.542423e-03 -1.707235e-01 2.071656e-03) (-3.090806e-05 -2.897603e-04 -1.271083e-06))
1.59          	((-5.221919e-02 -2.059026e-03 1.956776e+01) (-4.508724e-04 5.115368e-05 3.413799e-02)) ((1.389765e-03 -1.684167e-01 1.896599e-03) (-3.200773e-05 -3.136651e-04 -3.025758e-06))
1.6           	((-5.225283e-02 -6.236213e-04 1.940623e+01) (-4.835442e-04 4.917050e-05 3.590841e-02)) ((1.133388e-03 -1.655517e-01 1.664912e-03) (-3.300698e-05 -3.370565e-04 -4.606074e-06))
1.61          	((-5.169569e-02 -3.672021e-05 1.921744e+01) (-5.178454e-04 4.592793e-05 3.762402e-02)) ((9.008961e-04 -1.624595e-01 1.352311e-03) (-3.430614e-05 -3.605300e-04 -6.509728e-06))
1.62          	((-5.114385e-02 9.359287e-04 1.899878e+01) (-5.531367e-04 4.410293e-05 3.928540e-02)) ((6.080700e-04 -1.591622e-01 1.028247e-03) (-3.516219e-05 -3.833452e-04 -8.089811e-06))
1.63          	((-5.124112e-02 1.601263e-03 1.874903e+01) (-5.901633e-04 4.223988e-05 4.088247e-02)) ((4.197075e-04 -1.556349e-01 6.698558e-04) (-3.614652e-05 -4.063566e-04 -9.737590e-06))
1.64          	((-5.004263e-02 1.675949e-03 1.847093e+01) (-6.291273e-04 3.950764e-05 4.241342e-02)) ((1.378332e-04 -1.517596e-01 3.251044e-04) (-3.635694e-05 -4.294409e-04 -1.136720e-05))
1.65          	((-4.856245e-02 2.481007e-03 1.816088e+01) (-6.677026e-04 3.726906e-05 4.386677e-02)) ((-2.324939e-04 -1.475600e-01 -1.087602e-04) (-3.714561e-05 -4.519895e-04 -1.307090e-05))
1.66          	((-4.649246e-02 2.158746e-03 1.781984e+01) (-7.053052e-04 3.582389e-05 4.523880e-02)) ((-5.189929e-04 -1.429438e-01 -4.057640e-04) (-3.709624e-05 -4.731243e-04 -1.443473e-05))
1.67          	((-4.549050e-02 2.859076e-03 1.745082e+01) (-7.441999e-04 3.583735e-05 4.652459e-02)) ((-1.004876e-03 -1.382649e-01 -6.498206e-04) (-3.681768e-05 -4.945706e-04 -1.557880e-05))
1.68          	((-4.324844e-02 2.871212e-03 1.705220e+01) (-7.832427e-04 3.616607e-05 4.772666e-02)) ((-1.114419e-03 -1.331713e-01 -8.075977e-04) (-3.666979e-05 -5.158763e-04 -1.647938e-05))
1.69          	((-4.121333e-02 3.586809e-03 1.661826e+01) (-8.219072e-04 3.434591e-05 4.883031e-02)) ((-1.446314e-03 -1.280443e-01 -8.653717e-04) (-3.542644e-05 -5.362790e-04 -1.713791e-05))
1.7           	((-4.009320e-02 3.152091e-03 1.615434e+01) (-8.608944e-04 3.386123e-05 4.983264e-02)) ((-1.614959e-03 -1.225430e-01 -8.727143e-04) (-3.474359e-05 -5.573327e-04 -1.758671e-05))
1.71          	((-3.847977e-02 3.708693e-03 1.565811e+01) (-8.986376e-04 3.449752e-05 5.072532e-02)) ((-1.852102e-03 -1.167297e-01 -7.662160e-04) (-3.391057e-05 -5.768272e-04 -1.788286e-05))
1.72          	((-3.718396e-02 3.096567e-03 1.513284e+01) (-9.348650e-04 3.483274e-05 5.150990e-02)) ((-2.071008e-03 -1.107673e-01 -5.920177e-04) (-3.198630e-05 -5.959828e-04 -1.851490e-05))
1.73          	((-3.576162e-02 3.016153e-03 1.457737e+01) (-9.674059e-04 3.595712e-05 5.218244e-02)) ((-2.284564e-03 -1.044679e-01 -3.691022e-04) (-3.074684e-05 -6.142269e-04 -1.892610e-05))
1.74          	((-3.415194e-02 2.557635e-03 1.399083e+01) (-9.963579e-04 3.563962e-05 5.273490e-02)) ((-2.252587e-03 -9.804013e-02 -1.361652e-04) (-2.872797e-05 -6.308259e-04 -1.951602e-05))
1.75          	((-3.223273e-02 2.580053e-03 1.337681e+01) (-1.020256e-03 3.390019e-05 5.317169e-02)) ((-2.295078e-03 -9.154987e-02 4.229818e-04) (-2.632251e-05 -6.462943e-04 -2.061107e-05))
1.76          	((-3.068934e-02 2.494193e-03 1.273201e+01) (-1.041258e-03 3.063837e-05 5.348849e-02)) ((-2.372775e-03 -8.493806e-02 4.778243e-04) (-2.322743e-05 -6.607357e-04 -2.266789e-05))
1.77          	((-2.906081e-02 3.403521e-03 1.206024e+01) (-1.060321e-03 2.849013e-05 5.368837e-02)) ((-2.418500e-03 -7.813380e-02 6.958477e-04) (-2.063301e-05 -6.734762e-04 -2.515485e-05))
1.78          	((-2.765247e-02 3.410334e-03 1.136241e+01) (-1.075555e-03 2.574001e-05 5.377545e-02)) ((-2.472097e-03 -7.112906e-02 8.974736e-04) (-1.761974e-05 -6.854006e-04 -2.798514e-05))
1.79          	((-2.541993e-02 3.253541e-03 1.063855e+01) (-1.088802e-03 2.170061e-05 5.374184e-02)) ((-2.480140e-03 -6.410224e-02 1.116151e-03) (-1.472738e-05 -6.957148e-04 -3.123294e-05))
1.8           	((-2.289981e-02 3.339306e-03 9.889126e+00) (-1.098759e-03 1.799362e-05 5.360059e-02)) ((-2.439327e-03 -5.707396e-02 1.232956e-03) (-1.194502e-05 -7.045478e-04 -3.492355e-05))
1.81          	((-2.186121e-02 2.822267e-03 9.117779e+00) (-1.107500e-03 1.309738e-05 5.334731e-02)) ((-2.377558e-03 -5.006551e-02 1.366198e-03) (-9.512858e-06 -7.117592e-04 -3.868186e-05))
1.82          	((-1.917649e-02 3.546295e-03 8.327494e+00) (-1.113986e-03 7.281563e-06 5.298578e-02)) ((-2.215685e-03 -4.291922e-02 1.489866e-03) (-6.277391e-06 -7.178771e-04 -4.269257e-05))
1.83          	((-1.724003e-02 2.858059e-03 7.519184e+00) (-1.119011e-03 7.378762e-07 5.251413e-02)) ((-2.076134e-03 -3.583415e-02 1.517731e-03) (-2.543133e-06 -7.228591e-04 -4.653762e-05))
1.84          	((-1.413335e-02 3.261678e-03 6.692204e+00) (-1.122783e-03 -5.488979e-06 5.193912e-02)) ((-2.037038e-03 -2.871729e-02 1.528658e-03) (9.567190e-07 -7.258587e-04 -5.034438e-05))
1.85          	((-1.188936e-02 3.302487e-03 5.851014e+00) (-1.125870e-03 -1.178472e-05 5.126327e-02)) ((-2.045116e-03 -2.182585e-02 1.486686e-03) (4.528465e-06 -7.272394e-04 -5.394461e-05))
1.86          	((-9.440896e-03 3.838776e-03 4.998323e+00) (-1.127442e-03 -1.822247e-05 5.049147e-02)) ((-1.974810e-03 -1.491495e-02 1.575058e-03) (8.214555e-06 -7.274171e-04 -5.741621e-05))
1.87          	((-5.916627e-03 4.023059e-03 4.134618e+00) (-1.127177e-03 -2.323693e-05 4.961848e-02)) ((-2.026457e-03 -7.872622e-03 1.582388e-03) (1.125295e-05 -7.272234e-04 -6.028114e-05))
1.88          	((-2.606546e-03 4.951934e-03 3.260634e+00) (-1.126834e-03 -2.751911e-05 4.865245e-02)) ((-2.086227e-03 -8.008447e-04 1.403559e-03) (1.425611e-05 -7.250319e-04 -6.286188e-05))
1.89          	((3.483941e-04 5.648558e-03 2.378058e+00) (-1.125853e-03 -3.155073e-05 4.759764e-02)) ((-2.092411e-03 6.223308e-03 1.180143e-03) (1.716150e-05 -7.214531e-04 -6.481160e-05))
1.9           	((3.003946e-03 5.480488e-03 1.490022e+00) (-1.124304e-03 -3.696037e-05 4.645845e-02)) ((-2.147862e-03 1.313009e-02 9.829158e-04) (1.991208e-05 -7.174796e-04 -6.658891e-05))
1.91          	((5.671720e-03 5.336664e-03 6.001413e-01) (-1.124314e-03 -4.263641e-05 4.523837e-02)) ((-2.196910e-03 2.012175e-02 8.858869e-04) (2.191352e-05 -7.128005e-04 -6.776662e-05))
1.92          	((8.476583e-03 5.240321e-03 -2.908529e-01) (-1.122026e-03 -4.815660e-05 4.393951e-02)) ((-2.271431e-03 2.713250e-02 6.150861e-04) (2.456958e-05 -7.065854e-04 -6.870518e-05))
1.93          	((1.114386e-02 5.804617e-03 -1.181871e+00) (-1.119079e-03 -5.491230e-05 4.256520e-02)) ((-2.372452e-03 3.424267e-02 4.079202e-04) (2.660448e-05 -6.992179e-04 -6.968628e-05))
1.94          	((1.350217e-02 6.176305e-03 -2.070718e+00) (-1.114200e-03 -6.069760e-05 4.112052e-02)) ((-2.430408e-03 4.117498e-02 2.936866e-04) (2.871610e-05 -6.903994e-04 -7.036178e-05))
1.95          	((1.603594e-02 5.919294e-03 -2.956457e+00) (-1.108693e-03 -6.441197e-05 3.960702e-02)) ((-2.419411e-03 4.818301e-02 4.678410e-05) (3.099829e-05 -6.806470e-04 -7.071496e-05))
1.96          	((1.862805e-02 6.437581e-03 -3.833086e+00) (-1.100845e-03 -6.913793e-05 3.803393e-02)) ((-2.490242e-03 5.525607e-02 -3.736718e-04) (3.254950e-05 -6.700962e-04 -7.093977e-05))
1.97          	((1.983582e-02 7.421940e-03 -4.701169e+00) (-1.091381e-03 -7.436816e-05 3.639776e-02)) ((-2.543734e-03 6.204555e-02 -4.331666e-04) (3.361909e-05 -6.579122e-04 -7.094747e-05))
1.98          	((2.144415e-02 7.457049e-03 -5.559178e+00) (-1.080789e-03 -7.950483e-05 3.470489e-02)) ((-2.654911e-03 6.887833e-02 -7.620535e-04) (3.547369e-05 -6.451197e-04 -7.070025e-05))
1.99          	((2.312336e-02 7.544885e-03 -6.404903e+00) (-1.069110e-03 -8.423568e-05 3.295962e-02)) ((-2.707595e-03 7.567168e-02 -1.084600e-03) (3.659263e-05 -6.314249e-04 -7.032515e-05))
2             	((2.466374e-02 7.703477e-03 -7.237623e+00) (-1.057310e-03 -8.770443e-05 3.116626e-02)) ((-2.691952e-03 8.229341e-02 -1.195065e-03) (3.739533e-05 -6.166233e-04 -6.964203e-05))
2.01          	((2.627918e-02 8.338646e-03 -8.055505e+00) (-1.045964e-03 -9.155256e-05 2.932979e-02)) ((-2.806092e-03 8.888852e-02 -1.535010e-03) (3.804174e-05 -6.009765e-04 -6.869930e-05))
2.02          	((2.715976e-02 8.453526e-03 -8.855313e+00) (-1.034490e-03 -9.431219e-05 2.745486e-02)) ((-2.839775e-03 9.531893e-02 -1.765164e-03) (3.857477e-05 -5.844843e-04 -6.728416e-05))
2.03          	((2.868537e-02 8.577134e-03 -9.637671e+00) (-1.023180e-03 -9.590683e-05 2.554358e-02)) ((-2.999714e-03 1.017091e-01 -1.983499e-03) (3.871144e-05 -5.672098e-04 -6.564230e-05))
2.04          	((2.977011e-02 7.889620e-03 -1.039837e+01) (-1.012615e-03 -9.730600e-05 2.360232e-02)) ((-3.151966e-03 1.080100e-01 -2.172105e-03) (3.890049e-05 -5.489556e-04 -6.401075e-05))
2.05          	((3.018261e-02 7.845209e-03 -1.113650e+01) (-1.002153e-03 -9.804916e-05 2.163100e-02)) ((-3.107676e-03 1.140625e-01 -2.344684e-03) (3.891949e-05 -5.298180e-04 -6.211650e-05))
2.06          	((3.075435e-02 8.441540e-03 -1.185366e+01) (-9.906155e-04 -9.877088e-05 1.963673e-02)) ((-3.352558e-03 1.198114e-01 -2.457062e-03) (3.883520e-05 -5.100365e-04 -6.016315e-05))
2.07          	((3.133271e-02 8.763775e-03 -1.254570e+01) (-9.787520e-04 -9.914927e-05 1.761958e-02)) ((-3.451815e-03 1.254010e-01 -2.435417e-03) (3.869810e-05 -4.897823e-04 -5.842178e-05))
2.08          	((3.191185e-02 8.040393e-03 -1.320938e+01) (-9.677226e-04 -9.962756e-05 1.558465e-02)) ((-3.458150e-03 1.309495e-01 -2.436004e-03) (3.848238e-05 -4.691195e-04 -5.668629e-05))
2.09          	((3.181987e-02 6.992833e-03 -1.384655e+01) (-9.556563e-04 -1.000029e-04 1.353490e-02)) ((-3.414291e-03 1.361642e-01 -2.532350e-03) (3.861220e-05 -4.478280e-04 -5.491437e-05))
2.1           	((3.190763e-02 6.676274e-03 -1.445261e+01) (-9.454596e-04 -1.002658e-04 1.147080e-02)) ((-3.391430e-03 1.411015e-01 -2.445589e-03) (3.812655e-05 -4.258569e-04 -5.329517e-05))
2.11          	((3.197754e-02 7.029241e-03 -1.503184e+01) (-9.369190e-04 -1.004508e-04 9.395352e-03)) ((-3.503748e-03 1.456671e-01 -2.138257e-03) (3.772151e-05 -4.035370e-04 -5.189968e-05))
2.12          	((3.153558e-02 7.209756e-03 -1.558056e+01) (-9.267068e-04 -1.012798e-04 7.310944e-03)) ((-3.552315e-03 1.500372e-01 -2.218675e-03) (3.737043e-05 -3.807495e-04 -5.055255e-05))
2.13          	((3.072273e-02 7.492731e-03 -1.609702e+01) (-9.164040e-04 -1.020539e-04 5.219509e-03)) ((-3.727703e-03 1.541291e-01 -2.124667e-03) (3.710088e-05 -3.574834e-04 -4.947658e-05))
2.14          	((2.962418e-02 7.236255e-03 -1.658202e+01) (-9.058987e-04 -1.028580e-04 3.124617e-03)) ((-3.563127e-03 1.580267e-01 -2.019479e-03) (3.671331e-05 -3.339119e-04 -4.845220e-05))
2.15          	((2.913689e-02 6.557856e-03 -1.703453e+01) (-8.958236e-04 -1.030240e-04 1.030241e-03)) ((-3.476393e-03 1.615338e-01 -1.764528e-03) (3.625784e-05 -3.101762e-04 -4.738033e-05))
2.16          	((2.772923e-02 7.439226e-03 -1.745211e+01) (-8.870486e-04 -1.029518e-04 -1.061902e-03)) ((-3.581735e-03 1.648629e-01 -1.806728e-03) (3.581051e-05 -2.862501e-04 -4.625182e-05))
2.17          	((2.652082e-02 5.548096e-03 -1.784071e+01) (-8.813126e-04 -1.024322e-04 -3.149582e-03)) ((-3.440846e-03 1.677356e-01 -1.584887e-03) (3.520785e-05 -2.621197e-04 -4.502548e-05))
2.18          	((2.477965e-02 6.067853e-03 -1.819561e+01) (-8.773914e-04 -1.022837e-04 -5.231266e-03)) ((-3.123503e-03 1.701725e-01 -1.429727e-03) (3.462441e-05 -2.377756e-04 -4.364932e-05))
2.19          	((2.327152e-02 6.151550e-03 -1.851423e+01) (-8.746131e-04 -1.025137e-04 -7.308970e-03)) ((-3.163478e-03 1.726050e-01 -1.268739e-03) (3.401206e-05 -2.132841e-04 -4.243681e-05))
2.2           	((2.238081e-02 5.168674e-03 -1.879679e+01) (-8.742117e-04 -1.037757e-04 -9.379992e-03)) ((-2.920164e-03 1.745292e-01 -9.049746e-04) (3.338276e-05 -1.886462e-04 -4.130341e-05))
2.21          	((2.108724e-02 6.741047e-03 -1.905246e+01) (-8.742075e-04 -1.074215e-04 -1.144274e-02)) ((-3.035222e-03 1.756611e-01 -6.874302e-04) (3.275790e-05 -1.640187e-04 -4.019137e-05))
2.22          	((1.944038e-02 5.908051e-03 -1.927647e+01) (-8.763959e-04 -1.104794e-04 -1.349629e-02)) ((-2.570835e-03 1.769566e-01 -5.500121e-04) (3.208089e-05 -1.391994e-04 -3.880209e-05))
2.23          	((1.732121e-02 6.740995e-03 -1.946838e+01) (-8.799527e-04 -1.158713e-04 -1.553801e-02)) ((-2.584136e-03 1.778901e-01 -5.383138e-04) (3.126557e-05 -1.144314e-04 -3.717352e-05))
2.24          	((1.710764e-02 7.854109e-03 -1.962402e+01) (-8.852201e-04 -1.208020e-04 -1.756543e-02)) ((-2.894604e-03 1.784785e-01 -3.209462e-04) (3.051145e-05 -8.962933e-05 -3.560873e-05))
2.25          	((1.493521e-02 5.717513e-03 -1.975757e+01) (-8.918040e-04 -1.257795e-04 -1.957528e-02)) ((-2.140486e-03 1.784492e-01 -1.740807e-04) (2.969304e-05 -6.490678e-05 -3.414370e-05))
2.26          	((1.552995e-02 7.112207e-03 -1.992646e+01) (-8.963792e-04 -1.307266e-04 -2.156954e-02)) ((-2.004741e-03 1.793887e-01 -2.277811e-04) (2.866663e-05 -3.997851e-05 -3.256304e-05))
2.27          	((1.145527e-02 6.872702e-03 -1.993343e+01) (-9.019861e-04 -1.371697e-04 -2.353408e-02)) ((-1.624191e-03 1.779740e-01 -1.844344e-04) (2.771759e-05 -1.529423e-05 -3.063771e-05))
2.28          	((1.164584e-02 7.356885e-03 -2.003597e+01) (-9.070496e-04 -1.451925e-04 -2.547746e-02)) ((-1.754567e-03 1.781008e-01 3.075635e-04) (2.647770e-05 9.302696e-06 -2.871625e-05))
2.29          	((6.683570e-03 9.951862e-03 -2.008260e+01) (-9.123026e-04 -1.519047e-04 -2.740016e-02)) ((-1.841971e-03 1.771124e-01 3.494408e-04) (2.511558e-05 3.393046e-05 -2.710279e-05))
2.3           	((6.110568e-03 7.563067e-03 -2.007945e+01) (-9.162096e-04 -1.584814e-04 -2.929962e-02)) ((-1.317411e-03 1.760603e-01 5.605704e-04) (2.382168e-05 5.865239e-05 -2.557410e-05))
2.31          	((4.803939e-03 7.564143e-03 -2.002559e+01) (-9.205529e-04 -1.655648e-04 -3.116774e-02)) ((-1.367930e-03 1.743670e-01 7.311962e-04) (2.267146e-05 8.346550e-05 -2.396544e-05))
2.32          	((7.398399e-03 9.185313e-03 -1.995040e+01) (-9.224779e-04 -1.717843e-04 -3.299890e-02)) ((-1.423577e-03 1.725780e-01 1.084189e-03) (2.137788e-05 1.083743e-04 -2.251577e-05))
2.33          	((6.259392e-03 9.263698e-03 -1.984747e+01) (-9.250897e-04 -1.780940e-04 -3.479446e-02)) ((-1.430976e-03 1.700483e-01 1.298313e-03) (1.996377e-05 1.336596e-04 -2.126645e-05))
2.34          	((5.971143e-03 9.889250e-03 -1.971340e+01) (-9.265676e-04 -1.854988e-04 -3.654760e-02)) ((-1.310890e-03 1.670949e-01 1.453829e-03) (1.879102e-05 1.589916e-04 -2.056051e-05))
2.35          	((6.959968e-03 1.017566e-02 -1.954100e+01) (-9.256068e-04 -1.920224e-04 -3.825460e-02)) ((-1.365694e-03 1.641221e-01 1.637925e-03) (1.769007e-05 1.845686e-04 -1.993227e-05))
2.36          	((8.189935e-03 9.524578e-03 -1.934591e+01) (-9.224689e-04 -1.975355e-04 -3.991192e-02)) ((-1.270718e-03 1.610869e-01 1.918736e-03) (1.670028e-05 2.104795e-04 -1.990244e-05))
2.37          	((9.908708e-03 1.073132e-02 -1.912359e+01) (-9.179114e-04 -2.028014e-04 -4.151446e-02)) ((-1.271409e-03 1.576523e-01 2.111161e-03) (1.571651e-05 2.363030e-04 -2.012065e-05))
2.38          	((1.203583e-02 1.127863e-02 -1.886849e+01) (-9.114206e-04 -2.074135e-04 -4.305385e-02)) ((-1.174674e-03 1.538775e-01 2.340815e-03) (1.464892e-05 2.626190e-04 -2.077524e-05))
2.39          	((1.401314e-02 1.257379e-02 -1.858263e+01) (-9.055207e-04 -2.116805e-04 -4.452941e-02)) ((-1.189745e-03 1.497695e-01 2.577923e-03) (1.374849e-05 2.897876e-04 -2.155287e-05))
2.4           	((1.632335e-02 1.290749e-02 -1.826643e+01) (-8.972285e-04 -2.148943e-04 -4.593239e-02)) ((-9.846013e-04 1.454731e-01 2.578948e-03) (1.266301e-05 3.172186e-04 -2.252536e-05))
2.41          	((1.845476e-02 1.282191e-02 -1.792017e+01) (-8.852578e-04 -2.163774e-04 -4.725925e-02)) ((-8.475615e-04 1.408388e-01 2.687027e-03) (1.146589e-05 3.448275e-04 -2.335608e-05))
2.42          	((2.127411e-02 1.316480e-02 -1.754250e+01) (-8.714872e-04 -2.158797e-04 -4.850649e-02)) ((-7.988364e-04 1.358715e-01 2.825164e-03) (9.904679e-06 3.728294e-04 -2.393751e-05))
2.43          	((2.406577e-02 1.424257e-02 -1.713432e+01) (-8.533744e-04 -2.137835e-04 -4.967024e-02)) ((-9.572525e-04 1.308156e-01 2.898141e-03) (8.489597e-06 4.009289e-04 -2.430979e-05))
2.44          	((2.631995e-02 1.512833e-02 -1.669240e+01) (-8.320390e-04 -2.111998e-04 -5.075073e-02)) ((-9.641251e-04 1.255256e-01 2.939916e-03) (7.281223e-06 4.290224e-04 -2.463946e-05))
2.45          	((2.885722e-02 1.640812e-02 -1.621741e+01) (-8.078810e-04 -2.087067e-04 -5.174635e-02)) ((-8.344727e-04 1.198897e-01 2.942131e-03) (5.964758e-06 4.571619e-04 -2.469887e-05))
2.46          	((3.227693e-02 1.760339e-02 -1.571198e+01) (-7.819523e-04 -2.062020e-04 -5.265187e-02)) ((-7.805687e-04 1.141804e-01 2.846408e-03) (4.781135e-06 4.847952e-04 -2.477836e-05))
2.47          	((3.518613e-02 1.812915e-02 -1.517464e+01) (-7.545035e-04 -2.030070e-04 -5.346714e-02)) ((-7.323796e-04 1.084384e-01 2.782037e-03) (3.157792e-06 5.118751e-04 -2.448947e-05))
2.48          	((3.764253e-02 1.799547e-02 -1.460820e+01) (-7.234420e-04 -1.997479e-04 -5.418158e-02)) ((-4.909435e-04 1.025286e-01 2.706693e-03) (1.464780e-06 5.385323e-04 -2.379442e-05))
2.49          	((3.939431e-02 1.811090e-02 -1.401512e+01) (-6.903778e-04 -1.970591e-04 -5.479522e-02)) ((-4.001362e-04 9.665569e-02 2.496228e-03) (-5.520751e-08 5.641329e-04 -2.284399e-05))
2.5           	((4.177329e-02 1.819421e-02 -1.339458e+01) (-6.565575e-04 -1.929813e-04 -5.530403e-02)) ((-2.237910e-04 9.078314e-02 2.289537e-03) (-1.327569e-06 5.880449e-04 -2.180645e-05))
2.51          	((4.405465e-02 1.740254e-02 -1.274445e+01) (-6.212808e-04 -1.890846e-04 -5.570676e-02)) ((2.113450e-05 8.481076e-02 2.013853e-03) (-2.556143e-06 6.099999e-04 -2.056830e-05))
2.52          	((4.592420e-02 1.712374e-02 -1.206791e+01) (-5.864109e-04 -1.852018e-04 -5.599842e-02)) ((1.463948e-04 7.873636e-02 1.980419e-03) (-3.678449e-06 6.304487e-04 -1.971865e-05))
2.53          	((4.784804e-02 1.653376e-02 -1.136796e+01) (-5.490375e-04 -1.808118e-04 -5.618545e-02)) ((4.437441e-04 7.274407e-02 1.739135e-03) (-5.130345e-06 6.490660e-04 -1.862546e-05))
2.54          	((4.851932e-02 1.605064e-02 -1.064455e+01) (-5.102362e-04 -1.749692e-04 -5.626160e-02)) ((6.214814e-04 6.663380e-02 1.473506e-03) (-5.981689e-06 6.651581e-04 -1.766507e-05))
2.55          	((4.927887e-02 1.519017e-02 -9.895697e+00) (-4.718617e-04 -1.703291e-04 -5.622912e-02)) ((7.755159e-04 6.040841e-02 1.269215e-03) (-7.062515e-06 6.787887e-04 -1.653898e-05))
2.56          	((5.005381e-02 1.381773e-02 -9.125537e+00) (-4.332842e-04 -1.664898e-04 -5.609049e-02)) ((1.024156e-03 5.405750e-02 1.131690e-03) (-7.332072e-06 6.899572e-04 -1.540130e-05))
2.57          	((5.126294e-02 1.278433e-02 -8.335054e+00) (-3.939783e-04 -1.642360e-04 -5.584519e-02)) ((1.189468e-03 4.769747e-02 9.663228e-04) (-7.866491e-06 6.983280e-04 -1.419017e-05))
2.58          	((5.219431e-02 1.199489e-02 -7.526466e+00) (-3.539706e-04 -1.625534e-04 -5.549154e-02)) ((1.326138e-03 4.125791e-02 8.266312e-04) (-7.955951e-06 7.045211e-04 -1.292178e-05))
2.59          	((5.270686e-02 1.043025e-02 -6.700956e+00) (-3.135425e-04 -1.617581e-04 -5.503128e-02)) ((1.591369e-03 3.463892e-02 6.453650e-04) (-8.474826e-06 7.085835e-04 -1.126867e-05))
2.6           	((5.309043e-02 8.219761e-03 -5.859555e+00) (-2.709096e-04 -1.615935e-04 -5.446241e-02)) ((1.704808e-03 2.792196e-02 4.473995e-04) (-8.544403e-06 7.101915e-04 -9.581706e-06))
2.61          	((5.322417e-02 6.497333e-03 -5.004903e+00) (-2.276428e-04 -1.611730e-04 -5.379230e-02)) ((1.746212e-03 2.112962e-02 2.662617e-04) (-8.754318e-06 7.094121e-04 -8.267128e-06))
2.62          	((5.323213e-02 5.549886e-03 -4.138017e+00) (-1.852013e-04 -1.621623e-04 -5.301723e-02)) ((1.702755e-03 1.419042e-02 3.807394e-04) (-8.405268e-06 7.066162e-04 -7.005937e-06))
2.63          	((5.309824e-02 4.665017e-03 -3.263261e+00) (-1.443198e-04 -1.627717e-04 -5.214675e-02)) ((1.708555e-03 7.213034e-03 3.843870e-04) (-7.911600e-06 7.023998e-04 -5.816801e-06))
2.64          	((5.293196e-02 3.072656e-03 -2.380875e+00) (-1.061412e-04 -1.622686e-04 -5.118001e-02)) ((1.814003e-03 3.386617e-04 3.481038e-04) (-7.821286e-06 6.960467e-04 -4.727259e-06))
2.65          	((5.191419e-02 2.527042e-03 -1.491999e+00) (-6.874152e-05 -1.625756e-04 -5.012140e-02)) ((1.846341e-03 -6.759210e-03 3.526863e-04) (-7.465133e-06 6.884341e-04 -3.705835e-06))
2.66          	((5.044448e-02 1.315878e-03 -5.998198e-01) (-3.418022e-05 -1.626846e-04 -4.897286e-02)) ((1.936278e-03 -1.386691e-02 2.958886e-04) (-7.606938e-06 6.792152e-04 -2.686713e-06))
2.67          	((4.845306e-02 5.557033e-04 2.947869e-01) (-2.425984e-06 -1.632664e-04 -4.774028e-02)) ((2.101633e-03 -2.109681e-02 2.142860e-04) (-7.568109e-06 6.685700e-04 -1.458187e-06))
2.68          	((4.669816e-02 -3.553226e-04 1.188910e+00) (2.797354e-05 -1.628826e-04 -4.642410e-02)) ((2.212441e-03 -2.833894e-02 1.274569e-04) (-7.779524e-06 6.564736e-04 -2.765398e-07))
2.69          	((4.496450e-02 -1.160122e-03 2.080597e+00) (5.575074e-05 -1.617302e-04 -4.502873e-02)) ((2.246246e-03 -3.550159e-02 3.121689e-05) (-8.322792e-06 6.430411e-04 8.257957e-07))
2.7           	((4.278979e-02 -1.802956e-03 2.965655e+00) (8.150090e-05 -1.598867e-04 -4.356088e-02)) ((2.251384e-03 -4.259754e-02 5.737599e-05) (-8.728017e-06 6.280052e-04 2.144505e-06))
2.71          	((3.984626e-02 -3.228580e-03 3.843576e+00) (1.054905e-04 -1.588830e-04 -4.202314e-02)) ((2.301577e-03 -4.969987e-02 1.421612e-05) (-8.910715e-06 6.119212e-04 3.607234e-06))
2.72          	((3.680265e-02 -4.239087e-03 4.713286e+00) (1.274485e-04 -1.576053e-04 -4.041717e-02)) ((2.571951e-03 -5.684580e-02 -1.063999e-04) (-9.590075e-06 5.950681e-04 4.893257e-06))
2.73          	((3.433917e-02 -5.326277e-03 5.572463e+00) (1.456481e-04 -1.555342e-04 -3.874450e-02)) ((2.603958e-03 -6.375198e-02 -1.665411e-04) (-1.046690e-05 5.765419e-04 6.305033e-06))
2.74          	((3.134290e-02 -5.982343e-03 6.419780e+00) (1.606085e-04 -1.539002e-04 -3.701244e-02)) ((2.710181e-03 -7.068718e-02 -2.356744e-04) (-1.129377e-05 5.572593e-04 7.872572e-06))
2.75          	((2.876000e-02 -6.723187e-03 7.252548e+00) (1.729941e-04 -1.526082e-04 -3.522138e-02)) ((2.842440e-03 -7.740017e-02 -2.874775e-04) (-1.197686e-05 5.369142e-04 9.425087e-06))
2.76          	((2.634750e-02 -7.712862e-03 8.068734e+00) (1.802436e-04 -1.507429e-04 -3.337567e-02)) ((2.993311e-03 -8.407734e-02 -3.552512e-04) (-1.332156e-05 5.154943e-04 1.102781e-05))
2.77          	((2.416060e-02 -8.333092e-03 8.869128e+00) (1.848726e-04 -1.478351e-04 -3.147995e-02)) ((3.127845e-03 -9.051253e-02 -3.512608e-04) (-1.480439e-05 4.934656e-04 1.239699e-05))
2.78          	((2.192627e-02 -8.749643e-03 9.647462e+00) (1.857567e-04 -1.454630e-04 -2.953704e-02)) ((3.262619e-03 -9.681712e-02 -3.401054e-04) (-1.581882e-05 4.707489e-04 1.347715e-05))
2.79          	((1.958020e-02 -9.578638e-03 1.040724e+01) (1.825187e-04 -1.429389e-04 -2.755343e-02)) ((3.338329e-03 -1.031383e-01 -2.813830e-04) (-1.700653e-05 4.471482e-04 1.435293e-05))
2.8           	((1.731095e-02 -1.050977e-02 1.114506e+01) (1.743773e-04 -1.392178e-04 -2.553161e-02)) ((3.544302e-03 -1.091831e-01 -2.892028e-04) (-1.806159e-05 4.229025e-04 1.523373e-05))
2.81          	((1.452357e-02 -1.123558e-02 1.186099e+01) (1.651216e-04 -1.345930e-04 -2.347656e-02)) ((3.625688e-03 -1.150857e-01 -1.857148e-04) (-1.918611e-05 3.982174e-04 1.601580e-05))
2.82          	((1.203629e-02 -1.203729e-02 1.255018e+01) (1.521579e-04 -1.278088e-04 -2.139252e-02)) ((3.772263e-03 -1.207747e-01 -7.627249e-05) (-2.031195e-05 3.729603e-04 1.667343e-05))
2.83          	((9.619316e-03 -1.216860e-02 1.321470e+01) (1.361115e-04 -1.215575e-04 -1.928615e-02)) ((3.807386e-03 -1.264355e-01 1.773693e-06) (-2.122996e-05 3.472197e-04 1.711775e-05))
2.84          	((7.516687e-03 -1.241550e-02 1.384824e+01) (1.175694e-04 -1.154751e-04 -1.715934e-02)) ((3.996677e-03 -1.314848e-01 -2.071401e-05) (-2.213493e-05 3.211990e-04 1.718605e-05))
2.85          	((5.932724e-03 -1.247264e-02 1.445120e+01) (9.588518e-05 -1.085916e-04 -1.501363e-02)) ((4.000721e-03 -1.362465e-01 1.609510e-04) (-2.299171e-05 2.947542e-04 1.690010e-05))
2.86          	((3.553971e-03 -1.318803e-02 1.502252e+01) (6.978063e-05 -1.018609e-04 -1.285336e-02)) ((4.002036e-03 -1.411093e-01 4.257409e-04) (-2.370489e-05 2.680305e-04 1.651265e-05))
2.87          	((1.804283e-03 -1.287677e-02 1.556592e+01) (4.197909e-05 -9.430504e-05 -1.068006e-02)) ((3.938986e-03 -1.455770e-01 6.765482e-04) (-2.418403e-05 2.410859e-04 1.590523e-05))
2.88          	((-1.422429e-04 -1.225028e-02 1.607968e+01) (1.222563e-05 -8.769724e-05 -8.499049e-03)) ((4.011737e-03 -1.498616e-01 9.170729e-04) (-2.458782e-05 2.139452e-04 1.517022e-05))
2.89          	((-3.005812e-03 -1.163029e-02 1.656179e+01) (-1.949995e-05 -8.280720e-05 -6.313792e-03)) ((4.250926e-03 -1.539230e-01 1.197583e-03) (-2.500536e-05 1.864474e-04 1.424651e-05))
2.9           	((-4.725816e-03 -1.016184e-02 1.700481e+01) (-5.384077e-05 -7.905717e-05 -4.126588e-03)) ((3.886974e-03 -1.572906e-01 1.371307e-03) (-2.514743e-05 1.586900e-04 1.295445e-05))
2.91          	((-6.158749e-03 -1.065305e-02 1.741558e+01) (-9.031247e-05 -7.513233e-05 -1.938521e-03)) ((3.914677e-03 -1.608854e-01 1.545649e-03) (-2.528675e-05 1.304197e-04 1.143191e-05))
2.92          	((-8.097299e-03 -1.089338e-02 1.779994e+01) (-1.295659e-04 -7.087706e-05 2.466962e-04)) ((3.767091e-03 -1.639645e-01 1.793696e-03) (-2.543527e-05 1.020954e-04 9.618306e-06))
2.93          	((-1.127243e-02 -1.122431e-02 1.815327e+01) (-1.702532e-04 -6.605097e-05 2.426984e-03)) ((3.974158e-03 -1.669535e-01 1.989521e-03) (-2.559947e-05 7.376783e-05 7.217614e-06))
2.94          	((-1.448796e-02 -1.096193e-02 1.846926e+01) (-2.111147e-04 -6.089665e-05 4.601817e-03)) ((4.130925e-03 -1.695431e-01 2.295720e-03) (-2.570212e-05 4.533590e-05 4.830938e-06))
2.95          	((-1.870307e-02 -1.117959e-02 1.874550e+01) (-2.521783e-04 -5.522692e-05 6.767792e-03)) ((4.031872e-03 -1.717730e-01 2.597996e-03) (-2.576020e-05 1.665633e-05 2.134048e-06))
2.96          	((-2.141435e-02 -1.038755e-02 1.899324e+01) (-2.938380e-04 -5.122539e-05 8.924537e-03)) ((4.077907e-03 -1.738936e-01 2.667618e-03) (-2.564865e-05 -1.192911e-05 -7.390432e-07))
2.97          	((-2.378886e-02 -9.709610e-03 1.921132e+01) (-3.354202e-04 -4.731379e-05 1.106988e-02)) ((3.835566e-03 -1.752386e-01 2.763040e-03) (-2.566278e-05 -3.998438e-05 -3.358882e-06))
2.98          	((-2.715871e-02 -1.017674e-02 1.939685e+01) (-3.744389e-04 -4.216536e-05 1.320173e-02)) ((3.586581e-03 -1.761740e-01 2.856536e-03) (-2.581636e-05 -6.733856e-05 -5.916971e-06))
2.99          	((-3.168192e-02 -9.383704e-03 1.954471e+01) (-4.144487e-04 -3.680572e-05 1.532022e-02)) ((3.395691e-03 -1.771148e-01 3.155708e-03) (-2.615954e-05 -9.448275e-05 -8.620284e-06))
3             	((-3.485397e-02 -8.484654e-03 1.964812e+01) (-4.539137e-04 -3.160588e-05 1.742097e-02)) ((2.957158e-03 -1.780780e-01 3.215570e-03) (-2.679033e-05 -1.210403e-04 -1.141112e-05))
3.01          	((-3.836706e-02 -1.086305e-02 1.981878e+01) (-4.905184e-04 -2.583136e-05 1.950558e-02)) ((3.367820e-03 -1.784575e-01 2.861598e-03) (-2.726557e-05 -1.471644e-04 -1.422479e-05))
3.02          	((-4.055316e-02 -9.578963e-03 1.986632e+01) (-5.253864e-04 -2.004198e-05 2.156421e-02)) ((3.195607e-03 -1.792398e-01 2.903173e-03) (-2.799701e-05 -1.727288e-04 -1.701739e-05))
3.03          	((-4.404956e-02 -9.126842e-03 1.996935e+01) (-5.577559e-04 -1.367686e-05 2.359957e-02)) ((3.012997e-03 -1.786131e-01 2.793700e-03) (-2.909834e-05 -1.979627e-04 -1.995015e-05))
3.04          	((-4.605386e-02 -9.070456e-03 1.998939e+01) (-5.890977e-04 -6.239792e-06 2.560745e-02)) ((2.956632e-03 -1.780982e-01 2.521544e-03) (-3.035763e-05 -2.229428e-04 -2.308764e-05))
3.05          	((-4.731653e-02 -8.118746e-03 1.997152e+01) (-6.208323e-04 5.974955e-07 2.758594e-02)) ((2.617216e-03 -1.767830e-01 2.525631e-03) (-3.140211e-05 -2.481238e-04 -2.602774e-05))
3.06          	((-4.903276e-02 -7.572178e-03 1.992769e+01) (-6.522118e-04 6.583230e-06 2.953016e-02)) ((2.332569e-03 -1.751373e-01 2.375973e-03) (-3.233439e-05 -2.728909e-04 -2.855513e-05))
3.07          	((-5.140373e-02 -6.731305e-03 1.986278e+01) (-6.824595e-04 1.106804e-05 3.144048e-02)) ((2.331815e-03 -1.733928e-01 2.159510e-03) (-3.301952e-05 -2.973754e-04 -3.097718e-05))
3.08          	((-5.307948e-02 -6.175127e-03 1.976825e+01) (-7.113105e-04 1.428798e-05 3.331022e-02)) ((2.157547e-03 -1.714880e-01 1.984968e-03) (-3.365145e-05 -3.214606e-04 -3.321847e-05))
3.09          	((-5.431710e-02 -5.804952e-03 1.964449e+01) (-7.406211e-04 1.653934e-05 3.513139e-02)) ((1.915506e-03 -1.691794e-01 1.743350e-03) (-3.412478e-05 -3.447853e-04 -3.545865e-05))
3.1           	((-5.424618e-02 -3.601237e-03 1.948693e+01) (-7.700256e-04 1.764117e-05 3.690279e-02)) ((1.319961e-03 -1.664345e-01 1.485843e-03) (-3.462058e-05 -3.676820e-04 -3.759424e-05))
3.11          	((-5.558212e-02 -3.147542e-03 1.929664e+01) (-8.001043e-04 1.913032e-05 3.861957e-02)) ((1.202535e-03 -1.634866e-01 1.234033e-03) (-3.496035e-05 -3.911533e-04 -3.962067e-05))
3.12          	((-5.621084e-02 -2.594539e-03 1.907804e+01) (-8.300097e-04 1.984689e-05 4.027397e-02)) ((1.068321e-03 -1.602399e-01 8.789304e-04) (-3.494773e-05 -4.142469e-04 -4.179487e-05))
3.13          	((-5.575345e-02 -1.235856e-03 1.883143e+01) (-8.591785e-04 1.984368e-05 4.186284e-02)) ((7.701143e-04 -1.567276e-01 6.970058e-04) (-3.518799e-05 -4.368935e-04 -4.380815e-05))
3.14          	((-5.524298e-02 -9.168693e-04 1.855405e+01) (-8.904361e-04 1.939590e-05 4.338052e-02)) ((7.305222e-04 -1.528262e-01 5.146485e-04) (-3.510873e-05 -4.594039e-04 -4.598148e-05))
3.15          	((-5.468453e-02 -2.026587e-03 1.824521e+01) (-9.221439e-04 2.048411e-05 4.481969e-02)) ((6.799569e-04 -1.487981e-01 2.351488e-04) (-3.512341e-05 -4.811286e-04 -4.766697e-05))
3.16          	((-5.430086e-02 -9.333100e-04 1.790557e+01) (-9.549701e-04 2.099374e-05 4.617784e-02)) ((3.397828e-04 -1.444592e-01 8.193628e-05) (-3.510461e-05 -5.033175e-04 -4.898327e-05))
3.17          	((-5.279811e-02 4.233614e-05 1.753188e+01) (-9.850027e-04 2.073383e-05 4.744572e-02)) ((-1.147522e-05 -1.397617e-01 5.040040e-05) (-3.439386e-05 -5.244367e-04 -5.027541e-05))
3.18          	((-5.128904e-02 2.763280e-04 1.712815e+01) (-1.014934e-03 1.932883e-05 4.861314e-02)) ((-2.109775e-04 -1.347405e-01 1.370032e-04) (-3.433333e-05 -5.454837e-04 -5.149993e-05))
3.19          	((-5.011175e-02 1.648986e-03 1.669348e+01) (-1.044096e-03 1.848255e-05 4.968623e-02)) ((-5.514078e-04 -1.296613e-01 2.663535e-04) (-3.318767e-05 -5.661057e-04 -5.253695e-05))
3.2           	((-4.888351e-02 6.879054e-04 1.622496e+01) (-1.074469e-03 1.745054e-05 5.065373e-02)) ((-7.302675e-04 -1.242965e-01 3.396105e-04) (-3.213724e-05 -5.865115e-04 -5.387352e-05))
3.21          	((-4.678305e-02 1.372427e-03 1.572461e+01) (-1.102587e-03 1.635910e-05 5.151513e-02)) ((-1.005225e-03 -1.186413e-01 5.294056e-04) (-3.144272e-05 -6.064321e-04 -5.510155e-05))
3.22          	((-4.567976e-02 8.447623e-04 1.519202e+01) (-1.128591e-03 1.378642e-05 5.226563e-02)) ((-1.163625e-03 -1.128139e-01 7.072388e-04) (-3.065270e-05 -6.252709e-04 -5.646946e-05))
3.23          	((-4.369889e-02 1.362580e-03 1.463189e+01) (-1.152392e-03 1.074624e-05 5.290497e-02)) ((-1.299528e-03 -1.066566e-01 1.003665e-03) (-2.925256e-05 -6.419816e-04 -5.709801e-05))
3.24          	((-4.172494e-02 1.739372e-03 1.403999e+01) (-1.175456e-03 6.352088e-06 5.343383e-02)) ((-1.378625e-03 -1.004438e-01 1.400545e-03) (-2.766427e-05 -6.583993e-04 -5.826956e-05))
3.25          	((-3.903320e-02 1.738863e-03 1.341923e+01) (-1.195395e-03 -7.796203e-07 5.384264e-02)) ((-1.379538e-03 -9.401525e-02 1.816889e-03) (-2.591411e-05 -6.731962e-04 -5.961419e-05))
3.26          	((-3.612013e-02 1.721325e-03 1.277001e+01) (-1.211441e-03 -9.091793e-06 5.413732e-02)) ((-1.549215e-03 -8.736133e-02 2.175992e-03) (-2.395700e-05 -6.860306e-04 -6.165695e-05))
3.27          	((-3.349560e-02 2.474136e-03 1.209102e+01) (-1.223956e-03 -1.910597e-05 5.431624e-02)) ((-1.490503e-03 -8.074993e-02 2.333418e-03) (-2.171738e-05 -6.979148e-04 -6.431581e-05))
3.28          	((-3.082639e-02 2.923098e-03 1.138719e+01) (-1.233911e-03 -3.003721e-05 5.437688e-02)) ((-1.649733e-03 -7.387157e-02 2.542364e-03) (-1.898727e-05 -7.086773e-04 -6.738587e-05))
3.29          	((-2.851174e-02 2.699999e-03 1.065925e+01) (-1.244244e-03 -4.144823e-05 5.432975e-02)) ((-1.631972e-03 -6.707868e-02 2.586397e-03) (-1.507710e-05 -7.181534e-04 -7.061733e-05))
3.3           	((-2.526415e-02 2.521022e-03 9.906893e+00) (-1.252236e-03 -5.302309e-05 5.416610e-02)) ((-1.634673e-03 -6.017761e-02 2.638471e-03) (-1.197610e-05 -7.266232e-04 -7.367411e-05))
3.31          	((-2.265375e-02 2.032535e-03 9.134052e+00) (-1.259109e-03 -6.647685e-05 5.389850e-02)) ((-1.591433e-03 -5.320383e-02 2.702417e-03) (-8.370476e-06 -7.338306e-04 -7.705445e-05))
3.32          	((-1.966700e-02 2.354962e-03 8.340007e+00) (-1.264266e-03 -7.976497e-05 5.352396e-02)) ((-1.601265e-03 -4.616112e-02 2.680578e-03) (-4.525250e-06 -7.398199e-04 -8.015732e-05))
3.33          	((-1.666531e-02 2.584447e-03 7.528053e+00) (-1.269252e-03 -9.064602e-05 5.304506e-02)) ((-1.656606e-03 -3.910098e-02 2.533592e-03) (-6.532583e-07 -7.448012e-04 -8.332590e-05))
3.34          	((-1.416726e-02 2.688239e-03 6.699233e+00) (-1.272388e-03 -1.027897e-04 5.245837e-02)) ((-1.824526e-03 -3.205235e-02 2.353332e-03) (2.899355e-06 -7.480780e-04 -8.620171e-05))
3.35          	((-1.129301e-02 3.108748e-03 5.855754e+00) (-1.273691e-03 -1.138849e-04 5.177368e-02)) ((-1.903231e-03 -2.493460e-02 2.157943e-03) (6.648020e-06 -7.504977e-04 -8.892800e-05))
3.36          	((-7.662369e-03 3.789309e-03 4.999395e+00) (-1.275011e-03 -1.249563e-04 5.099039e-02)) ((-1.979115e-03 -1.777794e-02 1.990926e-03) (9.653606e-06 -7.516686e-04 -9.139504e-05))
3.37          	((-5.382972e-03 4.126205e-03 4.131814e+00) (-1.277461e-03 -1.344392e-04 5.011683e-02)) ((-2.098822e-03 -1.068233e-02 1.733215e-03) (1.277521e-05 -7.521712e-04 -9.352017e-05))
3.38          	((-3.061707e-03 4.059066e-03 3.254905e+00) (-1.279856e-03 -1.432135e-04 4.915001e-02)) ((-2.218580e-03 -3.659183e-03 1.384963e-03) (1.550260e-05 -7.519995e-04 -9.502842e-05))
3.39          	((-3.546562e-04 4.928137e-03 2.372030e+00) (-1.280998e-03 -1.513609e-04 4.809545e-02)) ((-2.386617e-03 3.514836e-03 1.042099e-03) (1.801396e-05 -7.500798e-04 -9.603642e-05))
3.4           	((2.504105e-03 5.910564e-03 1.482293e+00) (-1.282688e-03 -1.602921e-04 4.695421e-02)) ((-2.461069e-03 1.068902e-02 7.515189e-04) (1.989067e-05 -7.478441e-04 -9.668086e-05))
3.41          	((4.752704e-03 6.364652e-03 5.904187e-01) (-1.283496e-03 -1.692488e-04 4.573395e-02)) ((-2.529291e-03 1.780146e-02 3.885630e-04) (2.230242e-05 -7.444909e-04 -9.651873e-05))
3.42          	((6.862218e-03 7.242153e-03 -3.025841e-01) (-1.282472e-03 -1.764663e-04 4.443477e-02)) ((-2.552744e-03 2.492312e-02 1.768011e-04) (2.395148e-05 -7.397185e-04 -9.619930e-05))
3.43          	((9.352675e-03 7.850798e-03 -1.195131e+00) (-1.277666e-03 -1.831978e-04 4.305794e-02)) ((-2.568698e-03 3.213374e-02 -1.011112e-04) (2.614027e-05 -7.334244e-04 -9.548439e-05))
3.44          	((1.151822e-02 8.618364e-03 -2.084851e+00) (-1.272307e-03 -1.878831e-04 4.161268e-02)) ((-2.665377e-03 3.922199e-02 -3.587079e-04) (2.817048e-05 -7.258053e-04 -9.457153e-05))
3.45          	((1.314223e-02 9.053493e-03 -2.969057e+00) (-1.265749e-03 -1.928643e-04 4.009761e-02)) ((-2.671333e-03 4.636901e-02 -4.839441e-04) (2.949116e-05 -7.168717e-04 -9.321552e-05))
3.46          	((1.408053e-02 9.668103e-03 -3.846201e+00) (-1.257702e-03 -1.969226e-04 3.851661e-02)) ((-2.730598e-03 5.345952e-02 -6.625943e-04) (3.119526e-05 -7.070436e-04 -9.163022e-05))
3.47          	((1.587013e-02 1.051821e-02 -4.714137e+00) (-1.247195e-03 -2.002531e-04 3.687857e-02)) ((-2.855089e-03 6.036958e-02 -8.613331e-04) (3.283245e-05 -6.960027e-04 -8.964939e-05))
3.48          	((1.685483e-02 1.085185e-02 -5.571748e+00) (-1.235374e-03 -2.012782e-04 3.518270e-02)) ((-2.906907e-03 6.718343e-02 -9.634339e-04) (3.390993e-05 -6.836326e-04 -8.746930e-05))
3.49          	((1.849395e-02 1.114458e-02 -6.417846e+00) (-1.222253e-03 -2.015151e-04 3.343634e-02)) ((-2.973117e-03 7.401528e-02 -1.204540e-03) (3.492062e-05 -6.701577e-04 -8.513002e-05))
3.5           	((1.984823e-02 1.189498e-02 -7.249779e+00) (-1.209655e-03 -2.025418e-04 3.164197e-02)) ((-2.925955e-03 8.079721e-02 -1.351116e-03) (3.607475e-05 -6.559223e-04 -8.279339e-05))
3.51          	((2.138580e-02 1.239074e-02 -8.065085e+00) (-1.196219e-03 -2.025402e-04 2.980645e-02)) ((-3.022789e-03 8.742715e-02 -1.516274e-03) (3.707707e-05 -6.407336e-04 -8.027379e-05))
3.52          	((2.255127e-02 1.306935e-02 -8.864501e+00) (-1.181712e-03 -2.026692e-04 2.792764e-02)) ((-3.080151e-03 9.394248e-02 -1.665149e-03) (3.785578e-05 -6.243502e-04 -7.736757e-05))
3.53          	((2.322420e-02 1.281432e-02 -9.644636e+00) (-1.166069e-03 -2.021375e-04 2.601425e-02)) ((-3.234677e-03 1.003039e-01 -1.681471e-03) (3.816692e-05 -6.067685e-04 -7.465624e-05))
3.54          	((2.406680e-02 1.292832e-02 -1.040559e+01) (-1.151287e-03 -2.002438e-04 2.407113e-02)) ((-3.323596e-03 1.066359e-01 -1.692728e-03) (3.874225e-05 -5.884506e-04 -7.180563e-05))
3.55          	((2.562306e-02 1.287680e-02 -1.114269e+01) (-1.136573e-03 -1.989645e-04 2.209924e-02)) ((-3.536874e-03 1.128104e-01 -1.683048e-03) (3.900085e-05 -5.689895e-04 -6.906164e-05))
3.56          	((2.604259e-02 1.280023e-02 -1.185713e+01) (-1.121236e-03 -1.975998e-04 2.010175e-02)) ((-3.669057e-03 1.187322e-01 -1.775704e-03) (3.923408e-05 -5.487936e-04 -6.639193e-05))
3.57          	((2.617947e-02 1.308055e-02 -1.254853e+01) (-1.104350e-03 -1.946971e-04 1.808154e-02)) ((-3.850663e-03 1.244593e-01 -1.794258e-03) (3.901890e-05 -5.276910e-04 -6.365685e-05))
3.58          	((2.632812e-02 1.255828e-02 -1.321144e+01) (-1.088204e-03 -1.921899e-04 1.604181e-02)) ((-3.783328e-03 1.299054e-01 -1.782323e-03) (3.899211e-05 -5.060098e-04 -6.089387e-05))
3.59          	((2.676732e-02 1.140354e-02 -1.385089e+01) (-1.072331e-03 -1.902604e-04 1.398749e-02)) ((-3.743507e-03 1.351598e-01 -1.790729e-03) (3.919269e-05 -4.837441e-04 -5.829420e-05))
3.6           	((2.735602e-02 1.125867e-02 -1.446066e+01) (-1.056963e-03 -1.887632e-04 1.191757e-02)) ((-3.613792e-03 1.401348e-01 -1.633083e-03) (3.930301e-05 -4.608307e-04 -5.591899e-05))
3.61          	((2.774038e-02 1.088020e-02 -1.503808e+01) (-1.042400e-03 -1.864140e-04 9.838478e-03)) ((-3.744612e-03 1.446506e-01 -1.510582e-03) (3.952092e-05 -4.373708e-04 -5.366510e-05))
3.62          	((2.768479e-02 9.623855e-03 -1.558350e+01) (-1.027923e-03 -1.833624e-04 7.750184e-03)) ((-3.857920e-03 1.491608e-01 -1.347272e-03) (3.931745e-05 -4.131995e-04 -5.131707e-05))
3.63          	((2.652674e-02 9.628754e-03 -1.609779e+01) (-1.014225e-03 -1.805716e-04 5.656921e-03)) ((-3.893837e-03 1.534785e-01 -1.227551e-03) (3.899397e-05 -3.886322e-04 -4.928720e-05))
3.64          	((2.495298e-02 1.011119e-02 -1.658023e+01) (-1.001199e-03 -1.777757e-04 3.559990e-03)) ((-3.967461e-03 1.573513e-01 -1.188041e-03) (3.860423e-05 -3.637719e-04 -4.736492e-05))
3.65          	((2.421225e-02 9.651196e-03 -1.703345e+01) (-9.884769e-04 -1.756875e-04 1.462734e-03)) ((-3.975600e-03 1.608519e-01 -9.914219e-04) (3.826021e-05 -3.386531e-04 -4.546051e-05))
3.66          	((2.365450e-02 7.749020e-03 -1.745237e+01) (-9.765823e-04 -1.744088e-04 -6.336148e-04)) ((-3.696197e-03 1.641370e-01 -1.139574e-03) (3.787768e-05 -3.133257e-04 -4.349840e-05))
3.67          	((2.256039e-02 7.168417e-03 -1.783626e+01) (-9.657015e-04 -1.726674e-04 -2.727340e-03)) ((-3.714275e-03 1.673266e-01 -9.057645e-04) (3.748954e-05 -2.878584e-04 -4.151689e-05))
3.68          	((2.161301e-02 7.764850e-03 -1.818361e+01) (-9.571884e-04 -1.713561e-04 -4.818629e-03)) ((-3.442076e-03 1.695795e-01 -7.534584e-04) (3.699517e-05 -2.623048e-04 -3.960949e-05))
3.69          	((2.013866e-02 7.596307e-03 -1.850510e+01) (-9.502066e-04 -1.704320e-04 -6.904529e-03)) ((-3.646670e-03 1.721831e-01 -6.371849e-04) (3.639114e-05 -2.366550e-04 -3.836001e-05))
3.7           	((1.981797e-02 6.337520e-03 -1.879505e+01) (-9.449760e-04 -1.706145e-04 -8.985538e-03)) ((-3.290871e-03 1.741827e-01 -3.834919e-04) (3.559875e-05 -2.107172e-04 -3.727608e-05))
3.71          	((1.763840e-02 5.829459e-03 -1.905069e+01) (-9.403735e-04 -1.740381e-04 -1.105849e-02)) ((-3.515622e-03 1.758741e-01 -4.058605e-04) (3.492421e-05 -1.846202e-04 -3.588465e-05))
3.72          	((1.624292e-02 8.165658e-03 -1.927217e+01) (-9.366742e-04 -1.780478e-04 -1.312054e-02)) ((-3.535775e-03 1.771275e-01 -2.293463e-04) (3.419333e-05 -1.584301e-04 -3.444582e-05))
3.73          	((1.425108e-02 7.924979e-03 -1.946180e+01) (-9.341464e-04 -1.821706e-04 -1.516889e-02)) ((-3.136197e-03 1.780385e-01 -1.875979e-04) (3.364597e-05 -1.324206e-04 -3.259196e-05))
3.74          	((1.509277e-02 7.787186e-03 -1.961647e+01) (-9.316201e-04 -1.872926e-04 -1.720136e-02)) ((-3.068768e-03 1.785636e-01 -1.274885e-05) (3.292493e-05 -1.065762e-04 -3.072914e-05))
3.75          	((1.327113e-02 6.042398e-03 -1.975243e+01) (-9.311158e-04 -1.923630e-04 -1.921991e-02)) ((-3.135062e-03 1.787335e-01 -1.073238e-04) (3.192978e-05 -8.049755e-05 -2.893888e-05))
3.76          	((1.162882e-02 8.204920e-03 -1.991747e+01) (-9.324341e-04 -1.981135e-04 -2.122428e-02)) ((-3.000145e-03 1.798983e-01 3.280552e-05) (3.092779e-05 -5.471628e-05 -2.707773e-05))
3.77          	((9.735025e-03 8.834993e-03 -1.991572e+01) (-9.344776e-04 -2.055514e-04 -2.320098e-02)) ((-2.461811e-03 1.786889e-01 1.506722e-04) (2.983079e-05 -2.920030e-05 -2.518591e-05))
3.78          	((8.539719e-03 1.071765e-02 -2.001295e+01) (-9.369047e-04 -2.145688e-04 -2.515603e-02)) ((-2.633690e-03 1.782855e-01 3.687705e-04) (2.890324e-05 -4.033268e-06 -2.343411e-05))
3.79          	((7.483121e-03 9.374029e-03 -2.004155e+01) (-9.389476e-04 -2.229993e-04 -2.708452e-02)) ((-2.532365e-03 1.778193e-01 6.577212e-04) (2.775684e-05 2.094437e-05 -2.134386e-05))
3.8           	((6.306291e-03 9.413926e-03 -2.003125e+01) (-9.413984e-04 -2.311993e-04 -2.898711e-02)) ((-2.388990e-03 1.765247e-01 7.631280e-04) (2.686487e-05 4.554393e-05 -1.978352e-05))
3.81          	((5.880433e-03 1.232191e-02 -1.999184e+01) (-9.439535e-04 -2.389069e-04 -3.086237e-02)) ((-2.608395e-03 1.751169e-01 9.144564e-04) (2.554514e-05 7.010904e-05 -1.806351e-05))
3.82          	((5.951318e-03 1.220355e-02 -1.991465e+01) (-9.464821e-04 -2.462431e-04 -3.270396e-02)) ((-2.499232e-03 1.730882e-01 1.167926e-03) (2.417474e-05 9.481822e-05 -1.637552e-05))
3.83          	((5.699506e-03 1.312581e-02 -1.981191e+01) (-9.486443e-04 -2.533191e-04 -3.450758e-02)) ((-2.685706e-03 1.708682e-01 1.419075e-03) (2.300469e-05 1.193434e-04 -1.487561e-05))
3.84          	((6.300708e-03 1.222398e-02 -1.967101e+01) (-9.486716e-04 -2.593080e-04 -3.626842e-02)) ((-2.590073e-03 1.681638e-01 1.418539e-03) (2.194650e-05 1.442490e-04 -1.352536e-05))
3.85          	((7.132768e-03 1.316441e-02 -1.950151e+01) (-9.495736e-04 -2.652729e-04 -3.798448e-02)) ((-2.619751e-03 1.653414e-01 1.708512e-03) (2.101673e-05 1.691871e-04 -1.264407e-05))
3.86          	((7.957746e-03 1.314985e-02 -1.930422e+01) (-9.465337e-04 -2.709850e-04 -3.965132e-02)) ((-2.421538e-03 1.621783e-01 1.869152e-03) (2.011619e-05 1.947852e-04 -1.196240e-05))
3.87          	((9.301346e-03 1.453100e-02 -1.907768e+01) (-9.439443e-04 -2.779044e-04 -4.126633e-02)) ((-2.594663e-03 1.588227e-01 2.003417e-03) (1.934144e-05 2.201015e-04 -1.165495e-05))
3.88          	((1.117066e-02 1.586697e-02 -1.881377e+01) (-9.370658e-04 -2.848770e-04 -4.282113e-02)) ((-2.442310e-03 1.551218e-01 2.184786e-03) (1.868393e-05 2.462138e-04 -1.141386e-05))
3.89          	((1.340785e-02 1.657332e-02 -1.852356e+01) (-9.274141e-04 -2.904614e-04 -4.430901e-02)) ((-2.467923e-03 1.510711e-01 2.357115e-03) (1.809103e-05 2.723665e-04 -1.155019e-05))
3.9           	((1.527991e-02 1.711685e-02 -1.820323e+01) (-9.173081e-04 -2.951635e-04 -4.572661e-02)) ((-2.396856e-03 1.468168e-01 2.325372e-03) (1.727353e-05 2.988001e-04 -1.197798e-05))
3.91          	((1.735556e-02 1.741095e-02 -1.785052e+01) (-9.037271e-04 -2.977903e-04 -4.706945e-02)) ((-2.301579e-03 1.422671e-01 2.335375e-03) (1.710216e-05 3.256610e-04 -1.210881e-05))
3.92          	((1.984976e-02 1.845774e-02 -1.746687e+01) (-8.864184e-04 -2.994676e-04 -4.833583e-02)) ((-2.223978e-03 1.373391e-01 2.315561e-03) (1.659512e-05 3.528313e-04 -1.168526e-05))
3.93          	((2.216795e-02 1.943387e-02 -1.705082e+01) (-8.648081e-04 -2.988843e-04 -4.952214e-02)) ((-2.206711e-03 1.321979e-01 2.409525e-03) (1.568623e-05 3.796665e-04 -1.085859e-05))
3.94          	((2.403747e-02 2.003212e-02 -1.660355e+01) (-8.405490e-04 -2.991293e-04 -5.062315e-02)) ((-2.188206e-03 1.269160e-01 2.379763e-03) (1.501711e-05 4.068562e-04 -1.013747e-05))
3.95          	((2.671709e-02 2.096988e-02 -1.612410e+01) (-8.137571e-04 -3.001465e-04 -5.163828e-02)) ((-2.138834e-03 1.214274e-01 2.204938e-03) (1.394943e-05 4.338415e-04 -9.293422e-06))
3.96          	((3.001825e-02 2.063217e-02 -1.561248e+01) (-7.835666e-04 -3.004831e-04 -5.256245e-02)) ((-1.798536e-03 1.156817e-01 1.998078e-03) (1.288742e-05 4.604974e-04 -8.714566e-06))
3.97          	((3.324124e-02 2.143640e-02 -1.507163e+01) (-7.515378e-04 -3.005245e-04 -5.339466e-02)) ((-1.558887e-03 1.098596e-01 1.938665e-03) (1.153123e-05 4.870598e-04 -7.897722e-06))
3.98          	((3.484065e-02 2.159803e-02 -1.450177e+01) (-7.177910e-04 -3.006484e-04 -5.412907e-02)) ((-1.513089e-03 1.039149e-01 1.724462e-03) (1.059682e-05 5.128158e-04 -6.837425e-06))
3.99          	((3.680862e-02 2.062363e-02 -1.390438e+01) (-6.839328e-04 -2.991167e-04 -5.476218e-02)) ((-1.128572e-03 9.791012e-02 1.451645e-03) (9.374543e-06 5.366317e-04 -5.602521e-06))
4             	((3.857965e-02 1.972433e-02 -1.328004e+01) (-6.468249e-04 -2.975331e-04 -5.529175e-02)) ((-9.146588e-04 9.186645e-02 1.088564e-03) (8.805961e-06 5.594461e-04 -4.192386e-06))
4.01          	((4.087480e-02 1.922178e-02 -1.262922e+01) (-6.099285e-04 -2.942744e-04 -5.571899e-02)) ((-5.044699e-04 8.585372e-02 7.169348e-04) (8.067134e-06 5.806661e-04 -2.404398e-06))
4.02          	((4.197379e-02 1.823951e-02 -1.195271e+01) (-5.691639e-04 -2.900979e-04 -5.603600e-02)) ((-1.742350e-04 7.975618e-02 4.265636e-04) (7.635299e-06 6.004978e-04 -8.331374e-07))
4.03          	((4.325556e-02 1.634784e-02 -1.125282e+01) (-5.267324e-04 -2.864905e-04 -5.624680e-02)) ((2.063923e-04 7.352790e-02 2.359308e-04) (6.989777e-06 6.183430e-04 5.296302e-07))
4.04          	((4.415473e-02 1.529542e-02 -1.052908e+01) (-4.833577e-04 -2.828051e-04 -5.635248e-02)) ((5.812386e-04 6.733918e-02 -9.723804e-05) (6.395414e-06 6.340971e-04 1.711038e-06))
4.05          	((4.451432e-02 1.415463e-02 -9.781230e+00) (-4.397634e-04 -2.801057e-04 -5.634828e-02)) ((7.577501e-04 6.109839e-02 -4.346509e-04) (5.374144e-06 6.475109e-04 2.796088e-06))
4.06          	((4.461820e-02 1.230054e-02 -9.014266e+00) (-3.967504e-04 -2.784109e-04 -5.623319e-02)) ((1.108001e-03 5.478498e-02 -6.429292e-04) (4.685430e-06 6.584047e-04 3.909961e-06))
4.07          	((4.488032e-02 1.042820e-02 -8.230821e+00) (-3.558720e-04 -2.766682e-04 -5.601027e-02)) ((1.404133e-03 4.834856e-02 -8.644017e-04) (3.874555e-06 6.667375e-04 4.744215e-06))
4.08          	((4.501115e-02 8.827777e-03 -7.425173e+00) (-3.136572e-04 -2.758122e-04 -5.567696e-02)) ((1.531645e-03 4.183067e-02 -1.042158e-03) (2.917373e-06 6.727660e-04 5.689792e-06))
4.09          	((4.475623e-02 7.522521e-03 -6.602430e+00) (-2.708358e-04 -2.742767e-04 -5.523694e-02)) ((1.633641e-03 3.518610e-02 -1.200982e-03) (2.729786e-06 6.765481e-04 6.952469e-06))
4.1           	((4.480523e-02 5.382080e-03 -5.765621e+00) (-2.281714e-04 -2.729176e-04 -5.468803e-02)) ((1.830335e-03 2.843190e-02 -1.314176e-03) (2.186960e-06 6.779756e-04 8.210271e-06))
4.11          	((4.501898e-02 3.219261e-03 -4.916143e+00) (-1.843100e-04 -2.728752e-04 -5.403308e-02)) ((1.900616e-03 2.165280e-02 -1.319856e-03) (1.670985e-06 6.776873e-04 9.309741e-06))
4.12          	((4.459009e-02 2.021915e-03 -4.054833e+00) (-1.422857e-04 -2.721213e-04 -5.327371e-02)) ((1.942924e-03 1.473242e-02 -1.253928e-03) (1.551557e-06 6.756925e-04 1.012060e-05))
4.13          	((4.382359e-02 1.053711e-03 -3.183830e+00) (-1.014140e-04 -2.723003e-04 -5.241242e-02)) ((1.902513e-03 7.649846e-03 -1.170829e-03) (1.074124e-06 6.715466e-04 1.082438e-05))
4.14          	((4.362113e-02 -4.551135e-04 -2.302867e+00) (-6.303849e-05 -2.725878e-04 -5.145576e-02)) ((2.050347e-03 4.861759e-04 -1.002017e-03) (8.118570e-07 6.658018e-04 1.149716e-05))
4.15          	((4.273884e-02 -2.260790e-03 -1.418512e+00) (-2.509697e-05 -2.720433e-04 -5.040850e-02)) ((2.245552e-03 -6.626598e-03 -8.672520e-04) (2.946222e-07 6.587475e-04 1.209839e-05))
4.16          	((4.126295e-02 -3.201237e-03 -5.295207e-01) (8.979168e-06 -2.715062e-04 -4.926787e-02)) ((2.118428e-03 -1.370798e-02 -8.119341e-04) (5.013610e-08 6.499698e-04 1.271531e-05))
4.17          	((3.983209e-02 -3.811150e-03 3.628184e-01) (3.994784e-05 -2.720071e-04 -4.804157e-02)) ((2.156582e-03 -2.091306e-02 -7.287955e-04) (-3.807163e-07 6.398466e-04 1.334127e-05))
4.18          	((3.834367e-02 -4.556417e-03 1.253826e+00) (6.850340e-05 -2.722593e-04 -4.673295e-02)) ((2.254190e-03 -2.813733e-02 -7.016099e-04) (-8.049469e-07 6.283073e-04 1.354179e-05))
4.19          	((3.687434e-02 -5.349725e-03 2.142104e+00) (9.363551e-05 -2.723731e-04 -4.534377e-02)) ((2.339673e-03 -3.530352e-02 -6.477304e-04) (-1.727912e-06 6.149407e-04 1.389602e-05))
4.2           	((3.462338e-02 -6.706139e-03 3.025572e+00) (1.165263e-04 -2.711907e-04 -4.388060e-02)) ((2.304158e-03 -4.243686e-02 -6.308424e-04) (-2.557733e-06 6.007156e-04 1.440073e-05))
4.21          	((3.259916e-02 -7.568534e-03 3.901419e+00) (1.354095e-04 -2.702729e-04 -4.234295e-02)) ((2.339146e-03 -4.952015e-02 -6.807941e-04) (-3.157926e-06 5.852079e-04 1.481529e-05))
4.22          	((3.053113e-02 -8.450686e-03 4.768774e+00) (1.514851e-04 -2.696409e-04 -4.073837e-02)) ((2.461579e-03 -5.641580e-02 -6.377670e-04) (-3.973002e-06 5.690251e-04 1.570619e-05))
4.23          	((2.775468e-02 -9.395415e-03 5.625322e+00) (1.628257e-04 -2.686080e-04 -3.906765e-02)) ((2.623339e-03 -6.337901e-02 -6.561300e-04) (-4.980013e-06 5.512787e-04 1.664129e-05))
4.24          	((2.531688e-02 -1.053427e-02 6.469231e+00) (1.709224e-04 -2.673923e-04 -3.733666e-02)) ((2.729074e-03 -7.036243e-02 -6.703122e-04) (-6.045433e-06 5.328913e-04 1.771400e-05))
4.25          	((2.271691e-02 -1.067904e-02 7.299777e+00) (1.773395e-04 -2.663261e-04 -3.554635e-02)) ((2.700222e-03 -7.706729e-02 -5.724147e-04) (-7.118894e-06 5.135367e-04 1.842533e-05))
4.26          	((2.106343e-02 -1.130699e-02 8.115010e+00) (1.802890e-04 -2.653458e-04 -3.370059e-02)) ((2.804132e-03 -8.366944e-02 -5.710062e-04) (-8.477229e-06 4.927511e-04 1.892203e-05))
4.27          	((1.891983e-02 -1.231363e-02 8.913772e+00) (1.787830e-04 -2.651990e-04 -3.180508e-02)) ((2.843809e-03 -8.999470e-02 -6.231522e-04) (-9.916205e-06 4.713262e-04 1.914534e-05))
4.28          	((1.664466e-02 -1.232465e-02 9.692457e+00) (1.747516e-04 -2.645670e-04 -2.986180e-02)) ((2.950691e-03 -9.631607e-02 -5.478383e-04) (-1.099086e-05 4.492776e-04 1.946299e-05))
4.29          	((1.491045e-02 -1.224679e-02 1.045296e+01) (1.672096e-04 -2.629661e-04 -2.787745e-02)) ((3.034928e-03 -1.026228e-01 -5.430017e-04) (-1.227997e-05 4.263529e-04 1.973956e-05))
4.3           	((1.310247e-02 -1.300719e-02 1.118913e+01) (1.573016e-04 -2.612580e-04 -2.585209e-02)) ((3.240168e-03 -1.086104e-01 -4.491181e-04) (-1.373051e-05 4.026866e-04 1.972466e-05))
4.31          	((1.145321e-02 -1.323672e-02 1.190201e+01) (1.452715e-04 -2.584007e-04 -2.379537e-02)) ((3.378544e-03 -1.144965e-01 -4.279069e-04) (-1.543399e-05 3.783949e-04 1.975483e-05))
4.32          	((9.172830e-03 -1.347502e-02 1.258864e+01) (1.313406e-04 -2.551570e-04 -2.170863e-02)) ((3.509522e-03 -1.202499e-01 -4.020448e-04) (-1.674116e-05 3.539271e-04 1.977043e-05))
4.33          	((6.362134e-03 -1.340377e-02 1.324935e+01) (1.137390e-04 -2.513265e-04 -1.959704e-02)) ((3.527454e-03 -1.256706e-01 -3.144700e-04) (-1.798765e-05 3.290770e-04 1.979570e-05))
4.34          	((4.850393e-03 -1.433532e-02 1.388178e+01) (9.305060e-05 -2.475776e-04 -1.746392e-02)) ((3.640573e-03 -1.309696e-01 -1.731950e-04) (-1.919322e-05 3.037890e-04 1.966852e-05))
4.35          	((3.580420e-03 -1.489407e-02 1.448192e+01) (7.032169e-05 -2.435961e-04 -1.531303e-02)) ((3.704385e-03 -1.359022e-01 6.378221e-05) (-2.037751e-05 2.782174e-04 1.905352e-05))
4.36          	((2.649404e-03 -1.458948e-02 1.505607e+01) (4.416401e-05 -2.388559e-04 -1.314686e-02)) ((3.702519e-03 -1.405531e-01 1.446642e-04) (-2.125754e-05 2.525208e-04 1.822024e-05))
4.37          	((5.951351e-04 -1.439780e-02 1.559767e+01) (1.556061e-05 -2.332141e-04 -1.096825e-02)) ((3.896847e-03 -1.451065e-01 2.798618e-04) (-2.183771e-05 2.263657e-04 1.726757e-05))
4.38          	((-1.201009e-03 -1.279292e-02 1.611145e+01) (-1.463587e-05 -2.273498e-04 -8.780118e-03)) ((3.707986e-03 -1.495000e-01 4.788829e-04) (-2.218507e-05 1.999240e-04 1.611866e-05))
4.39          	((-3.390734e-03 -1.233694e-02 1.659208e+01) (-4.798479e-05 -2.220384e-04 -6.586788e-03)) ((3.871493e-03 -1.533363e-01 7.307779e-04) (-2.236719e-05 1.731149e-04 1.463377e-05))
4.4           	((-4.739142e-03 -1.209402e-02 1.703293e+01) (-8.392067e-05 -2.169703e-04 -4.389906e-03)) ((3.751953e-03 -1.571233e-01 9.962633e-04) (-2.257902e-05 1.459279e-04 1.279861e-05))
4.41          	((-6.443009e-03 -1.235107e-02 1.744408e+01) (-1.218084e-04 -2.117905e-04 -2.191287e-03)) ((3.750875e-03 -1.604173e-01 1.275788e-03) (-2.277194e-05 1.182537e-04 1.091582e-05))
4.42          	((-8.395918e-03 -1.056241e-02 1.782962e+01) (-1.613128e-04 -2.064519e-04 6.539416e-06)) ((3.647349e-03 -1.635591e-01 1.313451e-03) (-2.294345e-05 9.015760e-05 8.910168e-06))
4.43          	((-1.031033e-02 -1.164749e-02 1.818123e+01) (-2.019370e-04 -1.999688e-04 2.196920e-03)) ((4.014807e-03 -1.666477e-01 1.624341e-03) (-2.306150e-05 6.230467e-05 6.668795e-06))
4.44          	((-1.407682e-02 -1.044275e-02 1.849010e+01) (-2.426368e-04 -1.937407e-04 4.381241e-03)) ((4.147823e-03 -1.692787e-01 1.800073e-03) (-2.324418e-05 3.414469e-05 4.348931e-06))
4.45          	((-1.682122e-02 -1.040357e-02 1.876330e+01) (-2.842916e-04 -1.880316e-04 6.556018e-03)) ((3.817445e-03 -1.713237e-01 2.293076e-03) (-2.335387e-05 5.842731e-06 1.701156e-06))
4.46          	((-1.981011e-02 -9.495408e-03 1.901153e+01) (-3.265625e-04 -1.821433e-04 8.722845e-03)) ((3.650833e-03 -1.732009e-01 2.449983e-03) (-2.366828e-05 -2.235419e-05 -1.126202e-06))
4.47          	((-2.280402e-02 -9.574865e-03 1.923213e+01) (-3.674116e-04 -1.754209e-04 1.087611e-02)) ((3.586100e-03 -1.748003e-01 2.468925e-03) (-2.415693e-05 -5.004757e-05 -3.616853e-06))
4.48          	((-2.615881e-02 -9.398622e-03 1.941987e+01) (-4.062973e-04 -1.681202e-04 1.301619e-02)) ((3.720681e-03 -1.759437e-01 2.534168e-03) (-2.467276e-05 -7.707749e-05 -6.101303e-06))
4.49          	((-2.945028e-02 -7.896867e-03 1.957756e+01) (-4.452679e-04 -1.612939e-04 1.514665e-02)) ((3.160617e-03 -1.768227e-01 2.783419e-03) (-2.531103e-05 -1.037805e-04 -8.379668e-06))
4.5           	((-3.333423e-02 -8.842232e-03 1.967760e+01) (-4.832096e-04 -1.550189e-04 1.726077e-02)) ((3.170118e-03 -1.777215e-01 2.844998e-03) (-2.625314e-05 -1.299389e-04 -1.065579e-05))
4.51          	((-3.649330e-02 -8.319429e-03 1.983920e+01) (-5.195216e-04 -1.490010e-04 1.935916e-02)) ((3.203648e-03 -1.787982e-01 2.799120e-03) (-2.742918e-05 -1.556881e-04 -1.312009e-05))
4.52          	((-3.967985e-02 -9.068478e-03 1.988229e+01) (-5.530153e-04 -1.418983e-04 2.142986e-02)) ((3.027120e-03 -1.790335e-01 2.778106e-03) (-2.847634e-05 -1.808990e-04 -1.536651e-05))
4.53          	((-4.208125e-02 -9.142176e-03 1.998157e+01) (-5.838875e-04 -1.352109e-04 2.347719e-02)) ((3.230497e-03 -1.783701e-01 2.633852e-03) (-2.996568e-05 -2.057939e-04 -1.783662e-05))
4.54          	((-4.339733e-02 -7.909627e-03 1.999440e+01) (-6.136380e-04 -1.279095e-04 2.549756e-02)) ((3.018073e-03 -1.777306e-01 2.484155e-03) (-3.140510e-05 -2.304414e-04 -2.028446e-05))
4.55          	((-4.392651e-02 -7.546849e-03 1.998436e+01) (-6.433560e-04 -1.213177e-04 2.749032e-02)) ((2.783981e-03 -1.765917e-01 2.562614e-03) (-3.272490e-05 -2.552409e-04 -2.268637e-05))
4.56          	((-4.643774e-02 -6.631165e-03 1.994334e+01) (-6.728519e-04 -1.146235e-04 2.944973e-02)) ((2.466426e-03 -1.750389e-01 2.354583e-03) (-3.387529e-05 -2.793870e-04 -2.474554e-05))
4.57          	((-4.906960e-02 -6.123919e-03 1.987630e+01) (-7.026206e-04 -1.105622e-04 3.137514e-02)) ((2.348962e-03 -1.732544e-01 2.259268e-03) (-3.494504e-05 -3.038512e-04 -2.654473e-05))
4.58          	((-4.927747e-02 -5.326194e-03 1.978093e+01) (-7.320486e-04 -1.063402e-04 3.325843e-02)) ((2.154042e-03 -1.712344e-01 2.180339e-03) (-3.540893e-05 -3.273900e-04 -2.825569e-05))
4.59          	((-5.136783e-02 -5.565392e-03 1.965355e+01) (-7.615658e-04 -1.048076e-04 3.509692e-02)) ((2.006863e-03 -1.689458e-01 2.038188e-03) (-3.617046e-05 -3.506589e-04 -2.986595e-05))
4.6           	((-5.215025e-02 -3.806088e-03 1.949752e+01) (-7.909337e-04 -1.036650e-04 3.688540e-02)) ((1.645262e-03 -1.663816e-01 1.985939e-03) (-3.641880e-05 -3.743228e-04 -3.163558e-05))
4.61          	((-5.159023e-02 -2.542179e-03 1.931344e+01) (-8.212619e-04 -1.033838e-04 3.862076e-02)) ((1.460044e-03 -1.635711e-01 1.708478e-03) (-3.698963e-05 -3.978408e-04 -3.318519e-05))
4.62          	((-5.254775e-02 -2.101922e-03 1.909479e+01) (-8.505281e-04 -1.029065e-04 4.029341e-02)) ((1.399053e-03 -1.604702e-01 1.515606e-03) (-3.709427e-05 -4.216131e-04 -3.474643e-05))
4.63          	((-5.266261e-02 -9.583139e-04 1.884636e+01) (-8.810794e-04 -1.035828e-04 4.189983e-02)) ((1.045542e-03 -1.569890e-01 1.392234e-03) (-3.743582e-05 -4.448302e-04 -3.634280e-05))
4.64          	((-5.196824e-02 6.747391e-04 1.856540e+01) (-9.145980e-04 -1.052426e-04 4.343492e-02)) ((6.039281e-04 -1.531216e-01 1.292134e-03) (-3.757373e-05 -4.681269e-04 -3.799174e-05))
4.65          	((-5.116447e-02 -1.040040e-03 1.825563e+01) (-9.471041e-04 -1.067720e-04 4.489002e-02)) ((5.455755e-04 -1.490424e-01 1.094364e-03) (-3.710644e-05 -4.911403e-04 -3.910356e-05))
4.66          	((-5.060054e-02 6.379642e-04 1.791400e+01) (-9.816261e-04 -1.083537e-04 4.626255e-02)) ((1.564911e-04 -1.448023e-01 1.088165e-03) (-3.785579e-05 -5.136042e-04 -3.975933e-05))
4.67          	((-4.982899e-02 1.354227e-03 1.753973e+01) (-1.016368e-03 -1.100644e-04 4.754453e-02)) ((-9.038422e-05 -1.401662e-01 1.085695e-03) (-3.712972e-05 -5.360653e-04 -4.044223e-05))
4.68          	((-4.917284e-02 2.149399e-03 1.713351e+01) (-1.047446e-03 -1.137161e-04 4.872889e-02)) ((-4.102770e-04 -1.352800e-01 1.097325e-03) (-3.693137e-05 -5.577587e-04 -4.141750e-05))
4.69          	((-4.852350e-02 2.221664e-03 1.669771e+01) (-1.078431e-03 -1.163893e-04 4.981996e-02)) ((-5.730996e-04 -1.302247e-01 1.219650e-03) (-3.627164e-05 -5.795658e-04 -4.282609e-05))
4.7           	((-4.783337e-02 2.445792e-03 1.622625e+01) (-1.109339e-03 -1.181874e-04 5.080436e-02)) ((-8.523824e-04 -1.249577e-01 1.403579e-03) (-3.505755e-05 -6.002572e-04 -4.401540e-05))
4.71          	((-4.615759e-02 1.538366e-03 1.572463e+01) (-1.138409e-03 -1.200929e-04 5.168009e-02)) ((-1.020833e-03 -1.193426e-01 1.598303e-03) (-3.383557e-05 -6.204127e-04 -4.528747e-05))
4.72          	((-4.563851e-02 1.636305e-03 1.519003e+01) (-1.162282e-03 -1.220590e-04 5.244674e-02)) ((-9.104120e-04 -1.135220e-01 1.783639e-03) (-3.251713e-05 -6.391114e-04 -4.648219e-05))
4.73          	((-4.466502e-02 1.846744e-03 1.462553e+01) (-1.184566e-03 -1.256149e-04 5.310380e-02)) ((-1.078234e-03 -1.074307e-01 2.061425e-03) (-3.140450e-05 -6.569433e-04 -4.715536e-05))
4.74          	((-4.344606e-02 2.443683e-03 1.402975e+01) (-1.204367e-03 -1.291836e-04 5.364211e-02)) ((-1.172439e-03 -1.012127e-01 2.341584e-03) (-3.017154e-05 -6.732025e-04 -4.789889e-05))
4.75          	((-4.156268e-02 2.065239e-03 1.340618e+01) (-1.219965e-03 -1.345980e-04 5.406996e-02)) ((-1.188322e-03 -9.479843e-02 2.641287e-03) (-2.876800e-05 -6.887565e-04 -4.912392e-05))
4.76          	((-3.921093e-02 2.609093e-03 1.275436e+01) (-1.231956e-03 -1.392039e-04 5.437721e-02)) ((-1.407333e-03 -8.831290e-02 3.029853e-03) (-2.658440e-05 -7.025565e-04 -5.113279e-05))
4.77          	((-3.667826e-02 2.979748e-03 1.207322e+01) (-1.241971e-03 -1.446863e-04 5.456299e-02)) ((-1.476651e-03 -8.152675e-02 3.266566e-03) (-2.491302e-05 -7.150113e-04 -5.360924e-05))
4.78          	((-3.486283e-02 3.301545e-03 1.136554e+01) (-1.250024e-03 -1.510999e-04 5.463565e-02)) ((-1.616220e-03 -7.471446e-02 3.436989e-03) (-2.247934e-05 -7.263140e-04 -5.626974e-05))
4.79          	((-3.235615e-02 2.640716e-03 1.063632e+01) (-1.258707e-03 -1.572407e-04 5.459370e-02)) ((-1.629686e-03 -6.774943e-02 3.505021e-03) (-1.966510e-05 -7.367647e-04 -5.913374e-05))
4.8           	((-2.995333e-02 3.025098e-03 9.881773e+00) (-1.264450e-03 -1.639144e-04 5.443902e-02)) ((-1.866081e-03 -6.081573e-02 3.486960e-03) (-1.671532e-05 -7.457187e-04 -6.226008e-05))
4.81          	((-2.768192e-02 2.395367e-03 9.105779e+00) (-1.270544e-03 -1.721676e-04 5.417696e-02)) ((-1.984531e-03 -5.371108e-02 3.550163e-03) (-1.265427e-05 -7.539762e-04 -6.549415e-05))
4.82          	((-2.448025e-02 2.793433e-03 8.311026e+00) (-1.273224e-03 -1.798318e-04 5.379919e-02)) ((-2.008135e-03 -4.653600e-02 3.401037e-03) (-8.689642e-06 -7.606589e-04 -6.878624e-05))
4.83          	((-2.167381e-02 2.960777e-03 7.497671e+00) (-1.275842e-03 -1.858362e-04 5.331816e-02)) ((-2.116504e-03 -3.945066e-02 3.263320e-03) (-4.749295e-06 -7.661654e-04 -7.212932e-05))
4.84          	((-1.915002e-02 3.560830e-03 6.668177e+00) (-1.278537e-03 -1.916898e-04 5.273320e-02)) ((-2.361866e-03 -3.229517e-02 3.041247e-03) (-1.548630e-06 -7.707418e-04 -7.507028e-05))
4.85          	((-1.602992e-02 4.532057e-03 5.823141e+00) (-1.278274e-03 -1.973530e-04 5.204263e-02)) ((-2.509963e-03 -2.510745e-02 2.817815e-03) (2.210888e-06 -7.738085e-04 -7.777710e-05))
4.86          	((-1.303610e-02 4.870981e-03 4.967249e+00) (-1.277955e-03 -2.021300e-04 5.125348e-02)) ((-2.682391e-03 -1.798110e-02 2.557729e-03) (5.486399e-06 -7.754250e-04 -8.027715e-05))
4.87          	((-1.032017e-02 5.261280e-03 4.097300e+00) (-1.277946e-03 -2.069953e-04 5.037232e-02)) ((-2.759327e-03 -1.071911e-02 2.245106e-03) (8.705219e-06 -7.761570e-04 -8.272638e-05))
4.88          	((-6.854378e-03 6.042332e-03 3.219753e+00) (-1.277406e-03 -2.102208e-04 4.939959e-02)) ((-2.928251e-03 -3.542852e-03 1.887717e-03) (1.160647e-05 -7.766684e-04 -8.480023e-05))
4.89          	((-3.981583e-03 7.047816e-03 2.336035e+00) (-1.276400e-03 -2.127595e-04 4.833463e-02)) ((-3.007722e-03 3.565580e-03 1.602981e-03) (1.403932e-05 -7.754879e-04 -8.641881e-05))
4.9           	((-1.101683e-03 7.544165e-03 1.447278e+00) (-1.275216e-03 -2.164515e-04 4.718366e-02)) ((-3.114770e-03 1.076758e-02 1.356839e-03) (1.697199e-05 -7.731315e-04 -8.763012e-05))
4.91          	((1.829965e-03 8.944350e-03 5.548766e-01) (-1.272091e-03 -2.200147e-04 4.595435e-02)) ((-3.211868e-03 1.791452e-02 1.060362e-03) (1.977515e-05 -7.703456e-04 -8.833701e-05))
4.92          	((4.625994e-03 9.810634e-03 -3.377351e-01) (-1.267867e-03 -2.241974e-04 4.464089e-02)) ((-3.259192e-03 2.517517e-02 8.001861e-04) (2.246331e-05 -7.656317e-04 -8.846248e-05))
4.93          	((7.096102e-03 1.118985e-02 -1.229883e+00) (-1.264341e-03 -2.271882e-04 4.325853e-02)) ((-3.243678e-03 3.246576e-02 5.468699e-04) (2.475056e-05 -7.600262e-04 -8.822349e-05))
4.94          	((9.862508e-03 1.142741e-02 -2.118626e+00) (-1.258230e-03 -2.296504e-04 4.180066e-02)) ((-3.289870e-03 3.958784e-02 1.828140e-04) (2.752140e-05 -7.530699e-04 -8.758085e-05))
4.95          	((1.185905e-02 1.257138e-02 -3.001651e+00) (-1.249637e-03 -2.321313e-04 4.027676e-02)) ((-3.366493e-03 4.679300e-02 1.922900e-05) (2.997803e-05 -7.445139e-04 -8.658765e-05))
4.96          	((1.335003e-02 1.329718e-02 -3.877128e+00) (-1.240216e-03 -2.332116e-04 3.868968e-02)) ((-3.565198e-03 5.383330e-02 -1.159926e-04) (3.237175e-05 -7.349823e-04 -8.493355e-05))
4.97          	((1.551954e-02 1.471310e-02 -4.745103e+00) (-1.229537e-03 -2.339950e-04 3.704449e-02)) ((-3.661414e-03 6.080315e-02 -2.954531e-04) (3.405592e-05 -7.243067e-04 -8.334839e-05))
4.98          	((1.712382e-02 1.565843e-02 -5.602223e+00) (-1.218123e-03 -2.344530e-04 3.534082e-02)) ((-3.665869e-03 6.769533e-02 -5.390490e-04) (3.610982e-05 -7.124114e-04 -8.133780e-05))
4.99          	((1.947316e-02 1.593172e-02 -6.444005e+00) (-1.206367e-03 -2.337159e-04 3.358772e-02)) ((-3.655233e-03 7.453329e-02 -7.402586e-04) (3.780392e-05 -6.997157e-04 -7.897743e-05))
5             	((2.111271e-02 1.745669e-02 -7.272821e+00) (-1.193242e-03 -2.324249e-04 3.178567e-02)) ((-3.613279e-03 8.136755e-02 -8.835267e-04) (3.938175e-05 -6.853371e-04 -7.634726e-05))
5.01          	((2.266175e-02 1.788091e-02 -8.086339e+00) (-1.180323e-03 -2.318746e-04 2.994340e-02)) ((-3.661753e-03 8.793773e-02 -1.016124e-03) (4.080798e-05 -6.703227e-04 -7.355501e-05))
5.02          	((2.392565e-02 1.847997e-02 -8.883377e+00) (-1.166088e-03 -2.312522e-04 2.805958e-02)) ((-3.786031e-03 9.439227e-02 -1.165073e-03) (4.192995e-05 -6.541971e-04 -7.068400e-05))
5.03          	((2.495060e-02 1.887096e-02 -9.662337e+00) (-1.152088e-03 -2.298428e-04 2.614092e-02)) ((-3.836162e-03 1.008059e-01 -1.335150e-03) (4.280585e-05 -6.369229e-04 -6.761476e-05))
5.04          	((2.626435e-02 1.885057e-02 -1.042114e+01) (-1.138319e-03 -2.281334e-04 2.419101e-02)) ((-3.879962e-03 1.070668e-01 -1.297971e-03) (4.353959e-05 -6.186339e-04 -6.462239e-05))
5.05          	((2.698129e-02 1.931301e-02 -1.115644e+01) (-1.123583e-03 -2.268954e-04 2.221315e-02)) ((-4.043579e-03 1.132046e-01 -1.201372e-03) (4.429320e-05 -5.993039e-04 -6.163172e-05))
5.06          	((2.843589e-02 1.929968e-02 -1.186917e+01) (-1.108588e-03 -2.258556e-04 2.020871e-02)) ((-4.178677e-03 1.191653e-01 -1.231080e-03) (4.452196e-05 -5.793011e-04 -5.850063e-05))
5.07          	((2.906562e-02 1.845644e-02 -1.255832e+01) (-1.092954e-03 -2.231281e-04 1.818163e-02)) ((-4.395906e-03 1.249712e-01 -1.232527e-03) (4.465408e-05 -5.583590e-04 -5.529244e-05))
5.08          	((2.894563e-02 1.820458e-02 -1.322127e+01) (-1.078153e-03 -2.206718e-04 1.613536e-02)) ((-4.355417e-03 1.304477e-01 -1.233743e-03) (4.498130e-05 -5.366423e-04 -5.209612e-05))
5.09          	((2.906208e-02 1.749545e-02 -1.385673e+01) (-1.063915e-03 -2.195326e-04 1.407241e-02)) ((-4.305276e-03 1.356435e-01 -1.246218e-03) (4.517764e-05 -5.143506e-04 -4.911736e-05))
5.1           	((3.014730e-02 1.722961e-02 -1.446334e+01) (-1.049778e-03 -2.180055e-04 1.199569e-02)) ((-4.240486e-03 1.405487e-01 -1.095553e-03) (4.556847e-05 -4.914064e-04 -4.643826e-05))
5.11          	((2.998340e-02 1.701980e-02 -1.504129e+01) (-1.036657e-03 -2.160540e-04 9.908269e-03)) ((-4.340697e-03 1.451196e-01 -9.839846e-04) (4.576141e-05 -4.678684e-04 -4.393458e-05))
5.12          	((2.969827e-02 1.585042e-02 -1.558584e+01) (-1.023810e-03 -2.136904e-04 7.813155e-03)) ((-4.187627e-03 1.495448e-01 -9.691050e-04) (4.560119e-05 -4.435304e-04 -4.154132e-05))
5.13          	((2.878570e-02 1.470091e-02 -1.609981e+01) (-1.011250e-03 -2.116422e-04 5.712763e-03)) ((-4.054556e-03 1.537524e-01 -8.302936e-04) (4.542934e-05 -4.186377e-04 -3.920536e-05))
5.14          	((2.742448e-02 1.448062e-02 -1.658119e+01) (-9.999645e-04 -2.094733e-04 3.608374e-03)) ((-4.330186e-03 1.576272e-01 -6.257983e-04) (4.504321e-05 -3.934176e-04 -3.684072e-05))
5.15          	((2.688673e-02 1.312940e-02 -1.703377e+01) (-9.903971e-04 -2.080273e-04 1.504190e-03)) ((-4.330784e-03 1.612302e-01 -4.717471e-04) (4.458894e-05 -3.678420e-04 -3.455632e-05))
5.16          	((2.647917e-02 1.266222e-02 -1.745267e+01) (-9.819241e-04 -2.071854e-04 -5.969459e-04)) ((-4.295848e-03 1.644378e-01 -5.562854e-04) (4.414606e-05 -3.419500e-04 -3.238377e-05))
5.17          	((2.528560e-02 1.179752e-02 -1.783390e+01) (-9.750549e-04 -2.067459e-04 -2.695138e-03)) ((-4.015927e-03 1.673939e-01 -4.056263e-04) (4.365668e-05 -3.158117e-04 -3.028028e-05))
5.18          	((2.431780e-02 1.136746e-02 -1.818053e+01) (-9.700912e-04 -2.063967e-04 -4.791539e-03)) ((-3.786163e-03 1.698492e-01 -3.401000e-04) (4.324828e-05 -2.896367e-04 -2.853371e-05))
5.19          	((2.267300e-02 1.032346e-02 -1.850030e+01) (-9.656500e-04 -2.074975e-04 -6.882839e-03)) ((-3.713595e-03 1.722760e-01 -5.436940e-05) (4.280588e-05 -2.631858e-04 -2.721391e-05))
5.2           	((2.150387e-02 8.352686e-03 -1.879001e+01) (-9.614623e-04 -2.091202e-04 -8.968526e-03)) ((-3.517859e-03 1.743127e-01 2.569313e-04) (4.217471e-05 -2.364175e-04 -2.591036e-05))
5.21          	((1.951148e-02 9.208037e-03 -1.904458e+01) (-9.580385e-04 -2.130217e-04 -1.104605e-02)) ((-3.876792e-03 1.760945e-01 2.198057e-04) (4.175461e-05 -2.093643e-04 -2.464957e-05))
5.22          	((1.766089e-02 9.697833e-03 -1.926844e+01) (-9.558357e-04 -2.183488e-04 -1.311129e-02)) ((-3.749350e-03 1.770972e-01 2.690454e-04) (4.126396e-05 -1.823838e-04 -2.292805e-05))
5.23          	((1.705900e-02 9.447434e-03 -1.945628e+01) (-9.556275e-04 -2.244374e-04 -1.516468e-02)) ((-3.166056e-03 1.780661e-01 1.760235e-04) (4.096549e-05 -1.555129e-04 -2.139773e-05))
5.24          	((1.588377e-02 7.116840e-03 -1.961175e+01) (-9.551519e-04 -2.308176e-04 -1.720446e-02)) ((-3.088126e-03 1.785658e-01 3.772624e-04) (4.055590e-05 -1.287022e-04 -1.947940e-05))
5.25          	((1.462205e-02 7.909750e-03 -1.973798e+01) (-9.541208e-04 -2.358979e-04 -1.922802e-02)) ((-3.213252e-03 1.785118e-01 4.318397e-04) (4.000213e-05 -1.019306e-04 -1.746011e-05))
5.26          	((1.093328e-02 8.012790e-03 -1.990186e+01) (-9.548520e-04 -2.426965e-04 -2.124001e-02)) ((-2.956306e-03 1.796344e-01 2.292152e-04) (3.952970e-05 -7.525534e-05 -1.543717e-05))
5.27          	((1.057326e-02 9.252305e-03 -1.989756e+01) (-9.567566e-04 -2.519760e-04 -2.322426e-02)) ((-2.905818e-03 1.786152e-01 2.804580e-04) (3.885505e-05 -4.905170e-05 -1.322564e-05))
5.28          	((1.102735e-02 9.288446e-03 -1.999450e+01) (-9.588335e-04 -2.619817e-04 -2.518724e-02)) ((-2.441254e-03 1.781687e-01 6.028065e-04) (3.814822e-05 -2.280887e-05 -1.127049e-05))
5.29          	((9.042684e-03 8.747966e-03 -2.002108e+01) (-9.598506e-04 -2.706620e-04 -2.712624e-02)) ((-2.604089e-03 1.776933e-01 6.288987e-04) (3.727425e-05 3.093089e-06 -9.349648e-06))
5.3           	((8.035188e-03 1.063081e-02 -2.000722e+01) (-9.602689e-04 -2.809114e-04 -2.903869e-02)) ((-2.571861e-03 1.763984e-01 7.151067e-04) (3.653343e-05 2.877281e-05 -7.748618e-06))
5.31          	((8.377031e-03 1.154482e-02 -1.996694e+01) (-9.620835e-04 -2.908309e-04 -3.092196e-02)) ((-2.539917e-03 1.749276e-01 8.062540e-04) (3.564098e-05 5.430092e-05 -6.176009e-06))
5.32          	((7.627705e-03 1.161137e-02 -1.989524e+01) (-9.635517e-04 -3.003816e-04 -3.277038e-02)) ((-2.580815e-03 1.730019e-01 9.692078e-04) (3.498946e-05 7.981107e-05 -4.661512e-06))
5.33          	((7.173226e-03 1.323930e-02 -1.978635e+01) (-9.652440e-04 -3.098158e-04 -3.458132e-02)) ((-2.710957e-03 1.706310e-01 1.150324e-03) (3.430573e-05 1.051637e-04 -3.329071e-06))
5.34          	((7.881506e-03 1.313770e-02 -1.964893e+01) (-9.645657e-04 -3.199204e-04 -3.634841e-02)) ((-2.718979e-03 1.680660e-01 1.231233e-03) (3.354513e-05 1.307163e-04 -2.186417e-06))
5.35          	((8.500105e-03 1.452655e-02 -1.948148e+01) (-9.622016e-04 -3.280711e-04 -3.806917e-02)) ((-2.815871e-03 1.652230e-01 1.457625e-03) (3.304466e-05 1.563801e-04 -1.274484e-06))
5.36          	((8.601109e-03 1.507064e-02 -1.928096e+01) (-9.597526e-04 -3.369905e-04 -3.974314e-02)) ((-2.832421e-03 1.620861e-01 1.634418e-03) (3.265228e-05 1.822361e-04 -4.089602e-07))
5.37          	((9.600199e-03 1.558868e-02 -1.905469e+01) (-9.560382e-04 -3.452035e-04 -4.136169e-02)) ((-2.954068e-03 1.586383e-01 1.810123e-03) (3.207123e-05 2.084803e-04 2.350139e-07))
5.38          	((1.130288e-02 1.640186e-02 -1.879383e+01) (-9.498535e-04 -3.538747e-04 -4.291910e-02)) ((-2.906750e-03 1.549557e-01 1.915329e-03) (3.193125e-05 2.348279e-04 3.713004e-07))
5.39          	((1.303105e-02 1.742513e-02 -1.850191e+01) (-9.437438e-04 -3.626523e-04 -4.440725e-02)) ((-2.828669e-03 1.510368e-01 2.069732e-03) (3.201883e-05 2.611974e-04 3.562963e-07))
5.4           	((1.452348e-02 1.773913e-02 -1.818181e+01) (-9.334463e-04 -3.696086e-04 -4.582592e-02)) ((-2.773916e-03 1.468199e-01 2.061005e-03) (3.201862e-05 2.885464e-04 1.041254e-07))
5.41          	((1.676851e-02 1.927339e-02 -1.783192e+01) (-9.207365e-04 -3.737489e-04 -4.716548e-02)) ((-2.725606e-03 1.422612e-01 2.205698e-03) (3.201119e-05 3.159400e-04 -1.773639e-08))
5.42          	((1.869924e-02 2.100751e-02 -1.744775e+01) (-9.053104e-04 -3.766851e-04 -4.842241e-02)) ((-2.688368e-03 1.373318e-01 2.165534e-03) (3.173224e-05 3.431228e-04 1.790994e-07))
5.43          	((2.059814e-02 2.225080e-02 -1.703203e+01) (-8.853245e-04 -3.783291e-04 -4.959721e-02)) ((-2.583561e-03 1.322925e-01 2.171643e-03) (3.142053e-05 3.705650e-04 6.184188e-07))
5.44          	((2.230646e-02 2.317362e-02 -1.658421e+01) (-8.603967e-04 -3.804464e-04 -5.068637e-02)) ((-2.759986e-03 1.269498e-01 2.217028e-03) (3.111628e-05 3.980607e-04 1.019759e-06))
5.45          	((2.487659e-02 2.362652e-02 -1.610588e+01) (-8.326043e-04 -3.825811e-04 -5.168672e-02)) ((-2.659617e-03 1.214448e-01 1.986338e-03) (3.076796e-05 4.252292e-04 1.320109e-06))
5.46          	((2.768529e-02 2.393804e-02 -1.559476e+01) (-8.033025e-04 -3.844482e-04 -5.259800e-02)) ((-2.334413e-03 1.157152e-01 1.766233e-03) (2.977797e-05 4.527003e-04 1.324196e-06))
5.47          	((2.999184e-02 2.470038e-02 -1.505310e+01) (-7.720210e-04 -3.865186e-04 -5.341116e-02)) ((-2.061341e-03 1.098141e-01 1.577246e-03) (2.905875e-05 4.791427e-04 1.829350e-06))
5.48          	((3.148246e-02 2.423443e-02 -1.448386e+01) (-7.378955e-04 -3.883129e-04 -5.412835e-02)) ((-1.865868e-03 1.038311e-01 1.308220e-03) (2.810591e-05 5.051319e-04 2.215192e-06))
5.49          	((3.295396e-02 2.327494e-02 -1.388495e+01) (-7.027829e-04 -3.901872e-04 -5.474550e-02)) ((-1.623013e-03 9.779231e-02 1.048321e-03) (2.746774e-05 5.302371e-04 2.832877e-06))
5.5           	((3.493219e-02 2.284657e-02 -1.326080e+01) (-6.661731e-04 -3.902611e-04 -5.525811e-02)) ((-1.347570e-03 9.173902e-02 5.615326e-04) (2.655025e-05 5.534525e-04 3.383815e-06))
5.51          	((3.698928e-02 2.245862e-02 -1.260889e+01) (-6.286095e-04 -3.895323e-04 -5.566593e-02)) ((-8.606376e-04 8.559409e-02 1.213770e-04) (2.528470e-05 5.754954e-04 4.656368e-06))
5.52          	((3.787779e-02 2.060931e-02 -1.193326e+01) (-5.890672e-04 -3.877405e-04 -5.596723e-02)) ((-3.802229e-04 7.946171e-02 -2.914093e-04) (2.419498e-05 5.961925e-04 5.710521e-06))
5.53          	((3.914179e-02 1.942243e-02 -1.123377e+01) (-5.496200e-04 -3.876012e-04 -5.616348e-02)) ((-1.787703e-05 7.337253e-02 -5.553905e-04) (2.326679e-05 6.143926e-04 6.484296e-06))
5.54          	((3.958331e-02 1.796896e-02 -1.050841e+01) (-5.090994e-04 -3.874482e-04 -5.625034e-02)) ((3.372897e-04 6.710499e-02 -9.946077e-04) (2.201203e-05 6.308616e-04 7.244507e-06))
5.55          	((4.024757e-02 1.661483e-02 -9.762274e+00) (-4.697284e-04 -3.871318e-04 -5.623048e-02)) ((6.127238e-04 6.080680e-02 -1.422430e-03) (2.064082e-05 6.454335e-04 8.143818e-06))
5.56          	((4.049756e-02 1.435906e-02 -8.995875e+00) (-4.321773e-04 -3.875277e-04 -5.609961e-02)) ((1.040505e-03 5.450565e-02 -1.745122e-03) (1.914092e-05 6.567459e-04 8.706688e-06))
5.57          	((4.063982e-02 1.178513e-02 -8.210823e+00) (-3.946586e-04 -3.880402e-04 -5.586072e-02)) ((1.547861e-03 4.812635e-02 -1.986350e-03) (1.730476e-05 6.652783e-04 9.352884e-06))
5.58          	((4.021904e-02 9.715154e-03 -7.405658e+00) (-3.571056e-04 -3.889530e-04 -5.551153e-02)) ((1.695788e-03 4.169599e-02 -2.227269e-03) (1.623136e-05 6.717113e-04 9.989500e-06))
5.59          	((4.023743e-02 7.833063e-03 -6.584186e+00) (-3.198846e-04 -3.903285e-04 -5.505623e-02)) ((1.922338e-03 3.510699e-02 -2.396271e-03) (1.499608e-05 6.753980e-04 1.088790e-05))
5.6           	((3.997713e-02 5.571881e-03 -5.746989e+00) (-2.808829e-04 -3.903671e-04 -5.449645e-02)) ((2.019552e-03 2.852825e-02 -2.497702e-03) (1.372883e-05 6.772800e-04 1.185038e-05))
5.61          	((3.995005e-02 3.014380e-03 -4.896995e+00) (-2.422093e-04 -3.916979e-04 -5.382870e-02)) ((2.110798e-03 2.179066e-02 -2.594306e-03) (1.250017e-05 6.770173e-04 1.252308e-05))
5.62          	((4.018704e-02 1.619655e-03 -4.035200e+00) (-2.033796e-04 -3.916275e-04 -5.305958e-02)) ((2.228519e-03 1.481379e-02 -2.454107e-03) (1.095611e-05 6.750514e-04 1.317929e-05))
5.63          	((4.000080e-02 -3.121625e-04 -3.163505e+00) (-1.644747e-04 -3.912548e-04 -5.219270e-02)) ((2.302349e-03 7.776015e-03 -2.202827e-03) (9.525935e-06 6.713489e-04 1.373297e-05))
5.64          	((3.971926e-02 -1.797276e-03 -2.281411e+00) (-1.261318e-04 -3.917387e-04 -5.123054e-02)) ((2.383869e-03 6.627731e-04 -2.030515e-03) (8.194956e-06 6.662889e-04 1.413563e-05))
5.65          	((3.932677e-02 -4.149467e-03 -1.395304e+00) (-9.003374e-05 -3.911093e-04 -5.017580e-02)) ((2.457514e-03 -6.476880e-03 -1.887299e-03) (6.923279e-06 6.594252e-04 1.441853e-05))
5.66          	((3.868336e-02 -5.013139e-03 -5.059906e-01) (-5.604016e-05 -3.911645e-04 -4.903216e-02)) ((2.401346e-03 -1.362217e-02 -1.666824e-03) (5.837093e-06 6.508473e-04 1.472238e-05))
5.67          	((3.776599e-02 -5.403916e-03 3.859281e-01) (-2.521136e-05 -3.910587e-04 -4.780626e-02)) ((2.300723e-03 -2.076859e-02 -1.438833e-03) (4.449161e-06 6.411803e-04 1.487890e-05))
5.68          	((3.661804e-02 -6.554308e-03 1.277201e+00) (3.180201e-06 -3.908596e-04 -4.649833e-02)) ((2.338148e-03 -2.789087e-02 -1.299121e-03) (3.497423e-06 6.296473e-04 1.496415e-05))
5.69          	((3.499284e-02 -8.034015e-03 2.165990e+00) (2.802688e-05 -3.894516e-04 -4.511146e-02)) ((2.461640e-03 -3.509369e-02 -1.175607e-03) (2.130446e-06 6.166079e-04 1.471944e-05))
5.7           	((3.358737e-02 -9.276402e-03 3.049148e+00) (5.079643e-05 -3.871530e-04 -4.365016e-02)) ((2.495466e-03 -4.218621e-02 -1.048583e-03) (1.357214e-06 6.025417e-04 1.468952e-05))
5.71          	((3.214027e-02 -9.829166e-03 3.923827e+00) (6.963123e-05 -3.849694e-04 -4.211789e-02)) ((2.403288e-03 -4.922573e-02 -9.418437e-04) (4.434705e-07 5.872003e-04 1.465526e-05))
5.72          	((3.045708e-02 -1.128392e-02 4.792100e+00) (8.446554e-05 -3.831637e-04 -4.052061e-02)) ((2.486712e-03 -5.618275e-02 -8.784915e-04) (-8.100244e-07 5.705919e-04 1.497997e-05))
5.73          	((2.808511e-02 -1.275717e-02 5.647294e+00) (9.782712e-05 -3.809974e-04 -3.885596e-02)) ((2.691283e-03 -6.304698e-02 -7.541367e-04) (-1.799030e-06 5.525985e-04 1.526520e-05))
5.74          	((2.604944e-02 -1.320480e-02 6.490417e+00) (1.082518e-04 -3.793945e-04 -3.713138e-02)) ((2.787619e-03 -6.982479e-02 -6.269413e-04) (-3.069702e-06 5.337821e-04 1.567494e-05))
5.75          	((2.412813e-02 -1.407109e-02 7.319883e+00) (1.146737e-04 -3.775634e-04 -3.535070e-02)) ((2.864381e-03 -7.650542e-02 -4.780694e-04) (-4.389049e-06 5.141637e-04 1.550460e-05))
5.76          	((2.195314e-02 -1.430601e-02 8.134567e+00) (1.177117e-04 -3.756635e-04 -3.351626e-02)) ((2.841229e-03 -8.312391e-02 -5.084156e-04) (-6.049080e-06 4.932499e-04 1.539460e-05))
5.77          	((2.030405e-02 -1.463993e-02 8.932053e+00) (1.167566e-04 -3.746860e-04 -3.163149e-02)) ((2.897696e-03 -8.950032e-02 -4.864213e-04) (-7.798794e-06 4.719083e-04 1.527178e-05))
5.78          	((1.846079e-02 -1.466741e-02 9.710734e+00) (1.127497e-04 -3.733126e-04 -2.969944e-02)) ((2.859882e-03 -9.579090e-02 -4.684160e-04) (-9.315516e-06 4.498146e-04 1.520023e-05))
5.79          	((1.641827e-02 -1.478808e-02 1.046726e+01) (1.060609e-04 -3.714563e-04 -2.772606e-02)) ((3.049587e-03 -1.020120e-01 -4.158106e-04) (-1.072240e-05 4.270803e-04 1.493117e-05))
5.8           	((1.430983e-02 -1.509400e-02 1.120392e+01) (9.655177e-05 -3.694482e-04 -2.571579e-02)) ((3.086891e-03 -1.081062e-01 -3.247786e-04) (-1.239175e-05 4.034774e-04 1.473561e-05))
5.81          	((1.248702e-02 -1.583855e-02 1.191551e+01) (8.391722e-05 -3.667776e-04 -2.367226e-02)) ((3.163159e-03 -1.139116e-01 -2.571626e-04) (-1.384618e-05 3.790852e-04 1.450075e-05))
5.82          	((9.967861e-03 -1.604760e-02 1.260164e+01) (6.958755e-05 -3.627711e-04 -2.159830e-02)) ((3.345556e-03 -1.196972e-01 -1.955365e-04) (-1.517981e-05 3.543995e-04 1.421365e-05))
5.83          	((7.464570e-03 -1.568597e-02 1.326142e+01) (5.369667e-05 -3.583963e-04 -1.949958e-02)) ((3.496672e-03 -1.252405e-01 -5.581290e-05) (-1.633649e-05 3.293705e-04 1.399774e-05))
5.84          	((5.457125e-03 -1.529813e-02 1.389245e+01) (3.537311e-05 -3.534336e-04 -1.737825e-02)) ((3.630741e-03 -1.304319e-01 8.529894e-05) (-1.748658e-05 3.040245e-04 1.372706e-05))
5.85          	((3.380306e-03 -1.649555e-02 1.449465e+01) (1.391668e-05 -3.481846e-04 -1.523890e-02)) ((3.758171e-03 -1.354140e-01 2.773921e-04) (-1.860666e-05 2.783715e-04 1.300615e-05))
5.86          	((2.481835e-03 -1.514391e-02 1.506500e+01) (-1.008186e-05 -3.426848e-04 -1.308441e-02)) ((3.589426e-03 -1.401266e-01 3.275189e-04) (-1.958887e-05 2.523982e-04 1.191163e-05))
5.87          	((3.129177e-04 -1.440432e-02 1.560661e+01) (-3.676167e-05 -3.373367e-04 -1.091723e-02)) ((3.714260e-03 -1.446652e-01 4.250899e-04) (-2.016384e-05 2.259864e-04 1.083720e-05))
5.88          	((-1.256124e-03 -1.381757e-02 1.611784e+01) (-6.500581e-05 -3.323382e-04 -8.741157e-03)) ((3.807869e-03 -1.488702e-01 6.224411e-04) (-2.060171e-05 1.993739e-04 9.629226e-06))
5.89          	((-4.078825e-03 -1.309818e-02 1.659533e+01) (-9.599988e-05 -3.280470e-04 -6.559516e-03)) ((3.797974e-03 -1.527986e-01 8.498513e-04) (-2.086505e-05 1.724705e-04 8.268177e-06))
5.9           	((-5.505252e-03 -1.307870e-02 1.703396e+01) (-1.294220e-04 -3.248354e-04 -4.374537e-03)) ((3.848573e-03 -1.567786e-01 1.022479e-03) (-2.094247e-05 1.451542e-04 6.435613e-06))
5.91          	((-8.028722e-03 -1.258968e-02 1.744567e+01) (-1.651630e-04 -3.206249e-04 -2.188477e-03)) ((3.668573e-03 -1.601229e-01 1.332613e-03) (-2.127114e-05 1.174986e-04 4.532612e-06))
5.92          	((-9.727502e-03 -1.154665e-02 1.782955e+01) (-2.017759e-04 -3.147353e-04 -2.127169e-06)) ((3.488395e-03 -1.631504e-01 1.292336e-03) (-2.165328e-05 8.948787e-05 2.688830e-06))
5.93          	((-1.222416e-02 -1.159866e-02 1.817707e+01) (-2.392736e-04 -3.083465e-04 2.178564e-03)) ((3.992541e-03 -1.660622e-01 1.539419e-03) (-2.196333e-05 6.149729e-05 5.577519e-07))
5.94          	((-1.617786e-02 -1.055670e-02 1.848487e+01) (-2.775527e-04 -3.018273e-04 4.353276e-03)) ((4.171475e-03 -1.686643e-01 1.707045e-03) (-2.241083e-05 3.320042e-05 -1.838897e-06))
5.95          	((-1.990514e-02 -1.111156e-02 1.875871e+01) (-3.173943e-04 -2.963145e-04 6.520777e-03)) ((4.191876e-03 -1.708570e-01 1.962474e-03) (-2.282802e-05 4.651645e-06 -4.578369e-06))
5.96          	((-2.210328e-02 -1.025736e-02 1.900882e+01) (-3.565515e-04 -2.904311e-04 8.680339e-03)) ((3.906003e-03 -1.727888e-01 2.223546e-03) (-2.333956e-05 -2.404969e-05 -7.187808e-06))
5.97          	((-2.484299e-02 -8.794704e-03 1.922834e+01) (-3.949696e-04 -2.835165e-04 1.082806e-02)) ((3.526308e-03 -1.742891e-01 2.269588e-03) (-2.405361e-05 -5.227152e-05 -9.766134e-06))
5.98          	((-2.833485e-02 -8.648060e-03 1.941317e+01) (-4.342835e-04 -2.760443e-04 1.296458e-02)) ((3.313770e-03 -1.756543e-01 2.445688e-03) (-2.499023e-05 -8.015829e-05 -1.224501e-05))
5.99          	((-3.221088e-02 -6.767264e-03 1.956766e+01) (-4.735027e-04 -2.684227e-04 1.508987e-02)) ((3.267351e-03 -1.765318e-01 2.498412e-03) (-2.589738e-05 -1.072431e-04 -1.436161e-05))
6             	((-3.623689e-02 -7.498472e-03 1.967517e+01) (-5.106607e-04 -2.624534e-04 1.719898e-02)) ((3.099529e-03 -1.774406e-01 2.509670e-03) (-2.680694e-05 -1.336683e-04 -1.655942e-05))
6.01          	((-4.142955e-02 -7.443839e-03 1.982609e+01) (-5.465662e-04 -2.557264e-04 1.929354e-02)) ((3.000279e-03 -1.782279e-01 2.440694e-03) (-2.784637e-05 -1.598204e-04 -1.884424e-05))
6.02          	((-4.399131e-02 -8.739041e-03 1.986865e+01) (-5.807649e-04 -2.490068e-04 2.136135e-02)) ((3.309744e-03 -1.782467e-01 2.490319e-03) (-2.900292e-05 -1.852214e-04 -2.100286e-05))
6.03          	((-4.548912e-02 -7.852825e-03 1.996349e+01) (-6.120185e-04 -2.422104e-04 2.340464e-02)) ((3.054616e-03 -1.778356e-01 2.322055e-03) (-3.031001e-05 -2.104789e-04 -2.344324e-05))
6.04          	((-4.732443e-02 -8.398498e-03 1.998144e+01) (-6.420677e-04 -2.355825e-04 2.542074e-02)) ((2.936052e-03 -1.774079e-01 2.239434e-03) (-3.153583e-05 -2.354117e-04 -2.582262e-05))
6.05          	((-4.838895e-02 -7.112683e-03 1.996978e+01) (-6.709715e-04 -2.300090e-04 2.741164e-02)) ((2.692569e-03 -1.762003e-01 2.242180e-03) (-3.281505e-05 -2.603593e-04 -2.814790e-05))
6.06          	((-5.079868e-02 -6.633897e-03 1.993212e+01) (-7.002870e-04 -2.248982e-04 2.936975e-02)) ((2.475118e-03 -1.746758e-01 2.192163e-03) (-3.362859e-05 -2.847650e-04 -3.017582e-05))
6.07          	((-5.303636e-02 -4.359369e-03 1.986337e+01) (-7.303485e-04 -2.212471e-04 3.129302e-02)) ((2.225310e-03 -1.728094e-01 2.099270e-03) (-3.441602e-05 -3.090510e-04 -3.202710e-05))
6.08          	((-5.432781e-02 -3.701645e-03 1.976648e+01) (-7.598034e-04 -2.177797e-04 3.317505e-02)) ((1.873846e-03 -1.709466e-01 2.187041e-03) (-3.510467e-05 -3.327760e-04 -3.374963e-05))
6.09          	((-5.572994e-02 -2.848377e-03 1.964086e+01) (-7.907030e-04 -2.155223e-04 3.501055e-02)) ((1.804107e-03 -1.686063e-01 2.006739e-03) (-3.552869e-05 -3.562831e-04 -3.540977e-05))
6.1           	((-5.634955e-02 -3.126483e-03 1.948383e+01) (-8.216801e-04 -2.149065e-04 3.679740e-02)) ((1.713694e-03 -1.660302e-01 1.812445e-03) (-3.551248e-05 -3.799032e-04 -3.699574e-05))
6.11          	((-5.646873e-02 -2.067140e-03 1.929482e+01) (-8.533881e-04 -2.150018e-04 3.853222e-02)) ((1.498200e-03 -1.631422e-01 1.612982e-03) (-3.598133e-05 -4.039086e-04 -3.872830e-05))
6.12          	((-5.657373e-02 -6.515920e-04 1.907777e+01) (-8.863010e-04 -2.157333e-04 4.020075e-02)) ((1.166490e-03 -1.600901e-01 1.577942e-03) (-3.602762e-05 -4.273820e-04 -4.018741e-05))
6.13          	((-5.632634e-02 -2.267116e-05 1.883021e+01) (-9.196012e-04 -2.172935e-04 4.180410e-02)) ((1.169421e-03 -1.566662e-01 1.489797e-03) (-3.589916e-05 -4.511548e-04 -4.164576e-05))
6.14          	((-5.575024e-02 1.418354e-03 1.854921e+01) (-9.547966e-04 -2.194661e-04 4.333648e-02)) ((8.978993e-04 -1.527257e-01 1.342263e-03) (-3.551708e-05 -4.743529e-04 -4.323834e-05))
6.15          	((-5.556864e-02 2.486510e-03 1.823732e+01) (-9.929323e-04 -2.224448e-04 4.478834e-02)) ((4.830918e-04 -1.487383e-01 1.276281e-03) (-3.473382e-05 -4.976000e-04 -4.468819e-05))
6.16          	((-5.524781e-02 2.089901e-03 1.789588e+01) (-1.031640e-03 -2.249011e-04 4.615672e-02)) ((4.782289e-04 -1.445172e-01 1.259139e-03) (-3.499559e-05 -5.205944e-04 -4.545218e-05))
6.17          	((-5.428288e-02 2.677586e-03 1.752169e+01) (-1.069491e-03 -2.280074e-04 4.743801e-02)) ((2.350807e-04 -1.399035e-01 1.257905e-03) (-3.416325e-05 -5.432372e-04 -4.639595e-05))
6.18          	((-5.376976e-02 3.123755e-03 1.711593e+01) (-1.104803e-03 -2.306906e-04 4.862173e-02)) ((4.959150e-05 -1.351125e-01 1.438554e-03) (-3.390774e-05 -5.646292e-04 -4.748792e-05))
6.19          	((-5.301585e-02 3.648222e-03 1.667908e+01) (-1.138608e-03 -2.320877e-04 4.970764e-02)) ((-1.976225e-04 -1.300645e-01 1.618886e-03) (-3.254422e-05 -5.859172e-04 -4.898696e-05))
6.2           	((-5.190441e-02 3.692523e-03 1.620850e+01) (-1.170579e-03 -2.336163e-04 5.069031e-02)) ((-4.655360e-04 -1.247780e-01 1.762047e-03) (-3.120563e-05 -6.059012e-04 -5.033036e-05))
6.21          	((-5.064173e-02 3.940164e-03 1.570690e+01) (-1.199839e-03 -2.353761e-04 5.156801e-02)) ((-6.172252e-04 -1.191368e-01 1.994622e-03) (-2.963838e-05 -6.256447e-04 -5.195322e-05))
6.22          	((-5.016261e-02 3.608332e-03 1.517442e+01) (-1.226414e-03 -2.379756e-04 5.233478e-02)) ((-5.739985e-04 -1.132978e-01 2.285170e-03) (-2.889134e-05 -6.443353e-04 -5.321220e-05))
6.23          	((-4.939075e-02 3.743458e-03 1.460990e+01) (-1.249719e-03 -2.405708e-04 5.299423e-02)) ((-5.410100e-04 -1.072367e-01 2.550209e-03) (-2.796100e-05 -6.619463e-04 -5.442479e-05))
6.24          	((-4.807775e-02 3.655956e-03 1.401712e+01) (-1.270640e-03 -2.432328e-04 5.353155e-02)) ((-5.865933e-04 -1.009468e-01 2.801074e-03) (-2.669722e-05 -6.779813e-04 -5.561099e-05))
6.25          	((-4.615203e-02 3.834003e-03 1.339352e+01) (-1.287892e-03 -2.461065e-04 5.395667e-02)) ((-7.111865e-04 -9.451400e-02 3.132624e-03) (-2.482040e-05 -6.925603e-04 -5.707261e-05))
6.26          	((-4.404832e-02 4.592166e-03 1.274171e+01) (-1.301082e-03 -2.499168e-04 5.425993e-02)) ((-7.794031e-04 -8.793474e-02 3.505436e-03) (-2.376361e-05 -7.058424e-04 -5.939529e-05))
6.27          	((-4.140840e-02 4.601818e-03 1.206319e+01) (-1.311866e-03 -2.538566e-04 5.444846e-02)) ((-9.439387e-04 -8.119454e-02 3.736465e-03) (-2.214350e-05 -7.177557e-04 -6.276610e-05))
6.28          	((-3.932376e-02 5.123121e-03 1.135647e+01) (-1.320700e-03 -2.586867e-04 5.452002e-02)) ((-1.098862e-03 -7.429345e-02 3.946394e-03) (-2.031031e-05 -7.293374e-04 -6.630645e-05))
6.29          	((-3.723233e-02 5.114782e-03 1.062616e+01) (-1.327918e-03 -2.650772e-04 5.447829e-02)) ((-1.249245e-03 -6.731075e-02 3.987837e-03) (-1.718465e-05 -7.391654e-04 -6.976229e-05))
6.3           	((-3.496817e-02 5.390007e-03 9.873470e+00) (-1.332903e-03 -2.700449e-04 5.432274e-02)) ((-1.399961e-03 -6.037331e-02 4.013897e-03) (-1.413812e-05 -7.483436e-04 -7.306545e-05))
6.31          	((-3.280108e-02 5.916581e-03 9.097837e+00) (-1.337518e-03 -2.775595e-04 5.405524e-02)) ((-1.615455e-03 -5.323879e-02 3.870201e-03) (-1.059146e-05 -7.557769e-04 -7.677506e-05))
6.32          	((-2.949182e-02 6.421994e-03 8.303028e+00) (-1.340089e-03 -2.846906e-04 5.368073e-02)) ((-1.767949e-03 -4.601859e-02 3.761773e-03) (-6.080311e-06 -7.623924e-04 -8.045253e-05))
6.33          	((-2.686017e-02 7.113666e-03 7.490100e+00) (-1.342359e-03 -2.916323e-04 5.319833e-02)) ((-1.865965e-03 -3.887580e-02 3.639832e-03) (-2.400333e-06 -7.678642e-04 -8.387897e-05))
6.34          	((-2.428120e-02 7.646765e-03 6.659159e+00) (-1.342040e-03 -2.984197e-04 5.260835e-02)) ((-2.156556e-03 -3.163233e-02 3.445967e-03) (1.918591e-06 -7.717976e-04 -8.743155e-05))
6.35          	((-2.137404e-02 8.283013e-03 5.813905e+00) (-1.340102e-03 -3.068581e-04 5.191848e-02)) ((-2.385290e-03 -2.446553e-02 3.126975e-03) (5.858743e-06 -7.744407e-04 -9.061195e-05))
6.36          	((-1.782921e-02 9.751620e-03 4.957296e+00) (-1.337341e-03 -3.126793e-04 5.113161e-02)) ((-2.563576e-03 -1.729304e-02 2.923876e-03) (1.006795e-05 -7.761720e-04 -9.347184e-05))
6.37          	((-1.480132e-02 1.075362e-02 4.089811e+00) (-1.335688e-03 -3.187764e-04 5.025220e-02)) ((-2.656966e-03 -1.007089e-02 2.574767e-03) (1.326143e-05 -7.768858e-04 -9.620565e-05))
6.38          	((-1.163198e-02 1.166763e-02 3.211662e+00) (-1.334748e-03 -3.244037e-04 4.928060e-02)) ((-2.925818e-03 -2.880498e-03 2.185179e-03) (1.656567e-05 -7.770647e-04 -9.865823e-05))
6.39          	((-8.376406e-03 1.302293e-02 2.327479e+00) (-1.332837e-03 -3.301530e-04 4.821585e-02)) ((-3.033820e-03 4.314714e-03 1.886074e-03) (1.985972e-05 -7.755539e-04 -1.004546e-04))
6.4           	((-4.884777e-03 1.352487e-02 1.439414e+00) (-1.329770e-03 -3.353877e-04 4.706664e-02)) ((-3.113700e-03 1.156621e-02 1.682921e-03) (2.294136e-05 -7.734760e-04 -1.014642e-04))
6.41          	((-1.962982e-03 1.458331e-02 5.463105e-01) (-1.326212e-03 -3.414363e-04 4.584046e-02)) ((-3.204928e-03 1.872871e-02 1.333655e-03) (2.621753e-05 -7.707020e-04 -1.021092e-04))
6.42          	((1.091378e-03 1.554434e-02 -3.468729e-01) (-1.321530e-03 -3.471882e-04 4.452920e-02)) ((-3.164761e-03 2.601018e-02 9.740365e-04) (2.954781e-05 -7.660692e-04 -1.020863e-04))
6.43          	((3.967170e-03 1.697288e-02 -1.237982e+00) (-1.314938e-03 -3.524912e-04 4.314438e-02)) ((-3.160000e-03 3.325267e-02 6.943683e-04) (3.244660e-05 -7.598524e-04 -1.018982e-04))
6.44          	((6.986015e-03 1.741932e-02 -2.126863e+00) (-1.306120e-03 -3.550835e-04 4.168896e-02)) ((-3.301678e-03 4.040763e-02 3.563212e-04) (3.555749e-05 -7.525507e-04 -1.010934e-04))
6.45          	((8.800663e-03 1.800222e-02 -3.010720e+00) (-1.296099e-03 -3.572713e-04 4.016812e-02)) ((-3.459053e-03 4.753357e-02 9.585761e-05) (3.846659e-05 -7.441518e-04 -9.943119e-05))
6.46          	((1.081619e-02 1.883527e-02 -3.886022e+00) (-1.285706e-03 -3.598163e-04 3.858362e-02)) ((-3.480003e-03 5.460183e-02 -1.295486e-04) (4.044968e-05 -7.348054e-04 -9.771932e-05))
6.47          	((1.265274e-02 1.935354e-02 -4.752319e+00) (-1.272648e-03 -3.602388e-04 3.693943e-02)) ((-3.536502e-03 6.159622e-02 -3.690687e-04) (4.270701e-05 -7.237664e-04 -9.550450e-05))
6.48          	((1.518741e-02 2.038858e-02 -5.609111e+00) (-1.259971e-03 -3.595444e-04 3.524141e-02)) ((-3.585384e-03 6.849335e-02 -5.110777e-04) (4.464140e-05 -7.120152e-04 -9.297654e-05))
6.49          	((1.725447e-02 2.023994e-02 -6.452131e+00) (-1.246069e-03 -3.593128e-04 3.349068e-02)) ((-3.496663e-03 7.531599e-02 -7.585591e-04) (4.608045e-05 -6.987914e-04 -9.035062e-05))
6.5           	((1.895857e-02 2.167111e-02 -7.280086e+00) (-1.232100e-03 -3.585683e-04 3.169351e-02)) ((-3.497383e-03 8.201793e-02 -9.581882e-04) (4.761426e-05 -6.843295e-04 -8.743447e-05))
6.51          	((2.092418e-02 2.173024e-02 -8.094445e+00) (-1.217883e-03 -3.569514e-04 2.985392e-02)) ((-3.548048e-03 8.858891e-02 -1.123600e-03) (4.913951e-05 -6.692959e-04 -8.435688e-05))
6.52          	((2.243127e-02 2.201869e-02 -8.890618e+00) (-1.202764e-03 -3.559066e-04 2.797446e-02)) ((-3.742408e-03 9.507008e-02 -1.273981e-03) (5.000208e-05 -6.529424e-04 -8.105486e-05))
6.53          	((2.393224e-02 2.154710e-02 -9.669369e+00) (-1.187982e-03 -3.528604e-04 2.605807e-02)) ((-3.708394e-03 1.014168e-01 -1.247844e-03) (5.082658e-05 -6.354327e-04 -7.753889e-05))
6.54          	((2.539068e-02 2.130185e-02 -1.042786e+01) (-1.173358e-03 -3.491665e-04 2.411290e-02)) ((-3.744596e-03 1.075430e-01 -1.378767e-03) (5.171690e-05 -6.168519e-04 -7.417394e-05))
6.55          	((2.656602e-02 2.146204e-02 -1.116419e+01) (-1.159195e-03 -3.464989e-04 2.213727e-02)) ((-3.953442e-03 1.137649e-01 -1.356308e-03) (5.203424e-05 -5.972596e-04 -7.072182e-05))
6.56          	((2.775097e-02 2.132791e-02 -1.187557e+01) (-1.143970e-03 -3.434671e-04 2.013550e-02)) ((-4.110445e-03 1.196963e-01 -1.344721e-03) (5.234401e-05 -5.768170e-04 -6.732502e-05))
6.57          	((2.839720e-02 2.050866e-02 -1.256390e+01) (-1.129371e-03 -3.396216e-04 1.811170e-02)) ((-4.284575e-03 1.255243e-01 -1.295010e-03) (5.256904e-05 -5.556033e-04 -6.394331e-05))
6.58          	((2.901311e-02 1.933204e-02 -1.322655e+01) (-1.114318e-03 -3.357245e-04 1.606724e-02)) ((-4.122746e-03 1.310190e-01 -1.342162e-03) (5.260769e-05 -5.335906e-04 -6.068105e-05))
6.59          	((2.913919e-02 1.932539e-02 -1.386091e+01) (-1.100367e-03 -3.317413e-04 1.400719e-02)) ((-4.199624e-03 1.361579e-01 -1.325036e-03) (5.281622e-05 -5.108563e-04 -5.744896e-05))
6.6           	((3.011327e-02 1.868962e-02 -1.446829e+01) (-1.086665e-03 -3.275112e-04 1.193299e-02)) ((-4.258916e-03 1.410190e-01 -1.145447e-03) (5.284720e-05 -4.874735e-04 -5.457915e-05))
6.61          	((3.105734e-02 1.842792e-02 -1.504466e+01) (-1.073677e-03 -3.236522e-04 9.848808e-03)) ((-4.220532e-03 1.456399e-01 -1.047321e-03) (5.291388e-05 -4.635810e-04 -5.190996e-05))
6.62          	((3.070328e-02 1.730672e-02 -1.558936e+01) (-1.061706e-03 -3.195961e-04 7.756558e-03)) ((-4.072356e-03 1.500785e-01 -9.216432e-04) (5.268544e-05 -4.389245e-04 -4.951026e-05))
6.63          	((3.032669e-02 1.548048e-02 -1.610484e+01) (-1.050217e-03 -3.160781e-04 5.659148e-03)) ((-3.963634e-03 1.541852e-01 -8.945908e-04) (5.242394e-05 -4.136594e-04 -4.726371e-05))
6.64          	((2.910382e-02 1.486797e-02 -1.658572e+01) (-1.040791e-03 -3.122398e-04 3.559162e-03)) ((-4.224141e-03 1.580383e-01 -6.161155e-04) (5.201974e-05 -3.880917e-04 -4.506257e-05))
6.65          	((2.824512e-02 1.405668e-02 -1.703701e+01) (-1.033104e-03 -3.087397e-04 1.459346e-03)) ((-4.307503e-03 1.614955e-01 -4.696465e-04) (5.155540e-05 -3.622741e-04 -4.296057e-05))
6.66          	((2.844458e-02 1.270646e-02 -1.745694e+01) (-1.025982e-03 -3.058768e-04 -6.374927e-04)) ((-4.068664e-03 1.647760e-01 -4.258310e-04) (5.108118e-05 -3.361466e-04 -4.075379e-05))
6.67          	((2.751712e-02 1.182562e-02 -1.783742e+01) (-1.020933e-03 -3.041516e-04 -2.731422e-03)) ((-3.714150e-03 1.676935e-01 -3.479451e-04) (5.056637e-05 -3.097643e-04 -3.857826e-05))
6.68          	((2.631687e-02 1.097683e-02 -1.818613e+01) (-1.018258e-03 -3.025805e-04 -4.822536e-03)) ((-3.744487e-03 1.701914e-01 -3.051756e-04) (4.994895e-05 -2.833572e-04 -3.691027e-05))
6.69          	((2.517539e-02 1.019547e-02 -1.850159e+01) (-1.016368e-03 -3.026336e-04 -6.907872e-03)) ((-3.714345e-03 1.724485e-01 7.319442e-08) (4.949768e-05 -2.569560e-04 -3.556017e-05))
6.7           	((2.402105e-02 9.374564e-03 -1.879081e+01) (-1.015918e-03 -3.036521e-04 -8.986671e-03)) ((-3.587398e-03 1.745795e-01 3.405114e-04) (4.884277e-05 -2.303076e-04 -3.422098e-05))
6.71          	((2.169934e-02 8.489853e-03 -1.904593e+01) (-1.016121e-03 -3.076843e-04 -1.105845e-02)) ((-3.745229e-03 1.761288e-01 3.717572e-04) (4.848862e-05 -2.033373e-04 -3.303263e-05))
6.72          	((2.006837e-02 7.409009e-03 -1.926945e+01) (-1.015489e-03 -3.128458e-04 -1.311945e-02)) ((-3.405311e-03 1.772891e-01 2.618435e-04) (4.792728e-05 -1.762928e-04 -3.145283e-05))
6.73          	((1.844918e-02 8.402322e-03 -1.945987e+01) (-1.017021e-03 -3.186940e-04 -1.516858e-02)) ((-3.269290e-03 1.781109e-01 3.891746e-04) (4.730597e-05 -1.493198e-04 -2.979784e-05))
6.74          	((1.815796e-02 7.705054e-03 -1.961056e+01) (-1.019263e-03 -3.246888e-04 -1.720221e-02)) ((-3.025332e-03 1.786128e-01 5.170833e-04) (4.686101e-05 -1.226125e-04 -2.784258e-05))
6.75          	((1.639418e-02 8.409159e-03 -1.973548e+01) (-1.020030e-03 -3.300698e-04 -1.922128e-02)) ((-3.194715e-03 1.787129e-01 5.941254e-04) (4.633718e-05 -9.601333e-05 -2.598563e-05))
6.76          	((1.290715e-02 6.324114e-03 -1.989185e+01) (-1.022683e-03 -3.361399e-04 -2.122929e-02)) ((-2.734308e-03 1.794723e-01 3.515779e-04) (4.590541e-05 -6.943592e-05 -2.426699e-05))
6.77          	((1.289248e-02 6.654531e-03 -1.988666e+01) (-1.024915e-03 -3.437083e-04 -2.321035e-02)) ((-2.947905e-03 1.781653e-01 3.587514e-04) (4.530758e-05 -4.306489e-05 -2.212698e-05))
6.78          	((1.158339e-02 8.124654e-03 -1.999053e+01) (-1.027008e-03 -3.519329e-04 -2.517109e-02)) ((-2.629672e-03 1.781637e-01 4.554051e-04) (4.472725e-05 -1.692818e-05 -2.002134e-05))
6.79          	((1.212550e-02 8.836637e-03 -2.001161e+01) (-1.029342e-03 -3.607875e-04 -2.711038e-02)) ((-2.698869e-03 1.776217e-01 5.222604e-04) (4.409291e-05 9.205160e-06 -1.853693e-05))
6.8           	((1.059386e-02 9.424796e-03 -2.000185e+01) (-1.031193e-03 -3.701450e-04 -2.902174e-02)) ((-2.737297e-03 1.763783e-01 7.237384e-04) (4.337964e-05 3.492285e-05 -1.696713e-05))
6.81          	((1.035892e-02 1.020878e-02 -1.995400e+01) (-1.032101e-03 -3.793908e-04 -3.090207e-02)) ((-2.525079e-03 1.744446e-01 7.216283e-04) (4.288140e-05 6.035406e-05 -1.563902e-05))
6.82          	((9.439988e-03 9.850924e-03 -1.988161e+01) (-1.035375e-03 -3.886948e-04 -3.274770e-02)) ((-2.553860e-03 1.726866e-01 8.792583e-04) (4.228335e-05 8.579523e-05 -1.422176e-05))
6.83          	((9.968655e-03 1.090932e-02 -1.978002e+01) (-1.037362e-03 -3.978504e-04 -3.455777e-02)) ((-2.629351e-03 1.704622e-01 1.081034e-03) (4.173355e-05 1.117406e-04 -1.291585e-05))
6.84          	((1.024778e-02 1.158110e-02 -1.963791e+01) (-1.036846e-03 -4.079927e-04 -3.632312e-02)) ((-2.702430e-03 1.677885e-01 1.182366e-03) (4.100569e-05 1.374803e-04 -1.187994e-05))
6.85          	((1.034135e-02 1.215811e-02 -1.946791e+01) (-1.035314e-03 -4.172794e-04 -3.804242e-02)) ((-2.735479e-03 1.649304e-01 1.233233e-03) (4.065489e-05 1.634673e-04 -1.119300e-05))
6.86          	((1.041391e-02 1.347471e-02 -1.926893e+01) (-1.034200e-03 -4.261521e-04 -3.971391e-02)) ((-2.725331e-03 1.616643e-01 1.384251e-03) (4.004821e-05 1.896541e-04 -1.057922e-05))
6.87          	((1.171798e-02 1.412255e-02 -1.904392e+01) (-1.030973e-03 -4.342921e-04 -4.133093e-02)) ((-2.776799e-03 1.582940e-01 1.491387e-03) (3.952223e-05 2.161449e-04 -1.007839e-05))
6.88          	((1.288046e-02 1.502932e-02 -1.878405e+01) (-1.024249e-03 -4.430843e-04 -4.288689e-02)) ((-2.840517e-03 1.546046e-01 1.622930e-03) (3.906714e-05 2.432569e-04 -1.004280e-05))
6.89          	((1.473652e-02 1.608584e-02 -1.849170e+01) (-1.017380e-03 -4.524775e-04 -4.437488e-02)) ((-2.807240e-03 1.505941e-01 1.833710e-03) (3.903502e-05 2.702221e-04 -1.057944e-05))
6.9           	((1.645405e-02 1.755759e-02 -1.817463e+01) (-1.008305e-03 -4.608485e-04 -4.578798e-02)) ((-2.793715e-03 1.463222e-01 1.848755e-03) (3.876006e-05 2.975010e-04 -1.103050e-05))
6.91          	((1.808409e-02 1.898531e-02 -1.782522e+01) (-9.949148e-04 -4.672823e-04 -4.712471e-02)) ((-2.800743e-03 1.418418e-01 1.969360e-03) (3.854362e-05 3.253435e-04 -1.127263e-05))
6.92          	((1.963203e-02 2.091173e-02 -1.744190e+01) (-9.781159e-04 -4.733202e-04 -4.838086e-02)) ((-2.799750e-03 1.369240e-01 1.960441e-03) (3.851742e-05 3.536090e-04 -1.137421e-05))
6.93          	((2.121335e-02 2.199255e-02 -1.702653e+01) (-9.577347e-04 -4.794549e-04 -4.955861e-02)) ((-2.617515e-03 1.318450e-01 1.926788e-03) (3.843167e-05 3.821425e-04 -1.132493e-05))
6.94          	((2.257891e-02 2.333264e-02 -1.657991e+01) (-9.336586e-04 -4.840792e-04 -5.064734e-02)) ((-2.688070e-03 1.265519e-01 1.787194e-03) (3.826411e-05 4.100012e-04 -1.119595e-05))
6.95          	((2.495812e-02 2.371930e-02 -1.610144e+01) (-9.046329e-04 -4.900294e-04 -5.164726e-02)) ((-2.673233e-03 1.210840e-01 1.595903e-03) (3.749357e-05 4.379909e-04 -1.107645e-05))
6.96          	((2.736750e-02 2.456955e-02 -1.559195e+01) (-8.722190e-04 -4.962448e-04 -5.255603e-02)) ((-2.491918e-03 1.153354e-01 1.472396e-03) (3.676754e-05 4.657546e-04 -1.150483e-05))
6.97          	((2.969359e-02 2.484234e-02 -1.505135e+01) (-8.380617e-04 -5.012810e-04 -5.337218e-02)) ((-2.278007e-03 1.095569e-01 1.315512e-03) (3.574508e-05 4.932364e-04 -1.138186e-05))
6.98          	((3.069941e-02 2.418891e-02 -1.448401e+01) (-8.015076e-04 -5.061722e-04 -5.408987e-02)) ((-1.942713e-03 1.035834e-01 9.907936e-04) (3.504882e-05 5.195739e-04 -1.124843e-05))
6.99          	((3.251389e-02 2.398137e-02 -1.388729e+01) (-7.623591e-04 -5.102597e-04 -5.470752e-02)) ((-1.712972e-03 9.759448e-02 8.315926e-04) (3.448268e-05 5.448739e-04 -1.102190e-05))
7             	((3.460176e-02 2.339044e-02 -1.326342e+01) (-7.202339e-04 -5.133409e-04 -5.521814e-02)) ((-1.374136e-03 9.161535e-02 4.308111e-04) (3.354585e-05 5.689866e-04 -1.045059e-05))
7.01          	((3.610700e-02 2.304211e-02 -1.261202e+01) (-6.780756e-04 -5.150636e-04 -5.562407e-02)) ((-1.048122e-03 8.551376e-02 -1.118535e-05) (3.260224e-05 5.913669e-04 -9.197397e-06))
7.02          	((3.726234e-02 2.202270e-02 -1.193681e+01) (-6.354293e-04 -5.167587e-04 -5.592516e-02)) ((-6.322670e-04 7.938229e-02 -3.224334e-04) (3.183866e-05 6.121184e-04 -8.304866e-06))
7.03          	((3.793607e-02 2.055367e-02 -1.123688e+01) (-5.919888e-04 -5.198915e-04 -5.611912e-02)) ((-1.974507e-04 7.322124e-02 -4.973740e-04) (3.076530e-05 6.307154e-04 -7.527076e-06))
7.04          	((3.910571e-02 1.916915e-02 -1.051246e+01) (-5.489318e-04 -5.227462e-04 -5.620431e-02)) ((7.700602e-05 6.703970e-02 -7.886742e-04) (2.952882e-05 6.471517e-04 -6.607351e-06))
7.05          	((4.019522e-02 1.802821e-02 -9.765316e+00) (-5.090688e-04 -5.243297e-04 -5.618441e-02)) ((2.805372e-04 6.079879e-02 -1.211330e-03) (2.814643e-05 6.608366e-04 -5.838618e-06))
7.06          	((4.046540e-02 1.635726e-02 -8.997889e+00) (-4.696256e-04 -5.248342e-04 -5.605069e-02)) ((6.002678e-04 5.449824e-02 -1.449788e-03) (2.680723e-05 6.715613e-04 -4.826744e-06))
7.07          	((4.055239e-02 1.404314e-02 -8.209867e+00) (-4.324510e-04 -5.250393e-04 -5.581054e-02)) ((1.161121e-03 4.811562e-02 -1.607250e-03) (2.530180e-05 6.796972e-04 -3.678059e-06))
7.08          	((4.060305e-02 1.235895e-02 -7.402077e+00) (-3.953208e-04 -5.248041e-04 -5.546315e-02)) ((1.300348e-03 4.161395e-02 -1.812197e-03) (2.387563e-05 6.851881e-04 -2.640107e-06))
7.09          	((4.099111e-02 1.027347e-02 -6.579057e+00) (-3.595052e-04 -5.249963e-04 -5.500777e-02)) ((1.376176e-03 3.499613e-02 -1.822840e-03) (2.271344e-05 6.881358e-04 -1.618713e-06))
7.1           	((4.119846e-02 7.926519e-03 -5.739781e+00) (-3.217972e-04 -5.240601e-04 -5.444699e-02)) ((1.578870e-03 2.843259e-02 -1.922060e-03) (2.114806e-05 6.889572e-04 -5.598652e-07))
7.11          	((4.111089e-02 5.341099e-03 -4.888082e+00) (-2.848333e-04 -5.227344e-04 -5.378287e-02)) ((1.618761e-03 2.172599e-02 -1.928247e-03) (2.024030e-05 6.879690e-04 3.824639e-07))
7.12          	((4.165702e-02 3.037999e-03 -4.025570e+00) (-2.475282e-04 -5.203227e-04 -5.301759e-02)) ((1.688147e-03 1.487942e-02 -1.777553e-03) (1.857039e-05 6.852518e-04 9.996529e-07))
7.13          	((4.216937e-02 9.543375e-04 -3.153196e+00) (-2.111830e-04 -5.188677e-04 -5.215387e-02)) ((1.941813e-03 7.981090e-03 -1.517623e-03) (1.711903e-05 6.805836e-04 1.431252e-06))
7.14          	((4.186374e-02 -4.131131e-04 -2.268454e+00) (-1.756940e-04 -5.167491e-04 -5.119732e-02)) ((2.026914e-03 7.453394e-04 -1.387719e-03) (1.557652e-05 6.743762e-04 1.680167e-06))
7.15          	((4.152381e-02 -2.769143e-03 -1.380914e+00) (-1.414049e-04 -5.144964e-04 -5.014946e-02)) ((1.978297e-03 -6.322500e-03 -1.216936e-03) (1.421220e-05 6.666441e-04 1.899823e-06))
7.16          	((4.150745e-02 -4.425250e-03 -4.896748e-01) (-1.103472e-04 -5.140474e-04 -4.901239e-02)) ((2.009614e-03 -1.364241e-02 -1.058645e-03) (1.272127e-05 6.571355e-04 1.805767e-06))
7.17          	((4.098749e-02 -5.122041e-03 4.029875e-01) (-8.108311e-05 -5.141036e-04 -4.779232e-02)) ((2.064078e-03 -2.085807e-02 -7.949469e-04) (1.189671e-05 6.465212e-04 1.323147e-06))
7.18          	((4.023355e-02 -6.677509e-03 1.295160e+00) (-5.481448e-05 -5.144396e-04 -4.649215e-02)) ((2.110630e-03 -2.797410e-02 -6.224753e-04) (1.054113e-05 6.344938e-04 5.686387e-07))
7.19          	((3.917660e-02 -8.413065e-03 2.184302e+00) (-3.000393e-05 -5.145109e-04 -4.511417e-02)) ((2.322257e-03 -3.506937e-02 -4.891609e-04) (9.241773e-06 6.210741e-04 -6.240621e-07))
7.2           	((3.771918e-02 -9.418654e-03 3.067796e+00) (-8.876048e-06 -5.138766e-04 -4.366427e-02)) ((2.341604e-03 -4.223868e-02 -4.213851e-04) (8.291897e-06 6.065700e-04 -1.666825e-06))
7.21          	((3.640414e-02 -1.067942e-02 3.944828e+00) (9.317436e-06 -5.119814e-04 -4.214204e-02)) ((2.297065e-03 -4.927156e-02 -3.201008e-04) (7.161183e-06 5.905331e-04 -2.512462e-06))
7.22          	((3.496556e-02 -1.266965e-02 4.811512e+00) (2.523073e-05 -5.112979e-04 -4.055510e-02)) ((2.441630e-03 -5.616004e-02 -2.653484e-04) (6.018412e-06 5.737302e-04 -3.037462e-06))
7.23          	((3.274324e-02 -1.362925e-02 5.667026e+00) (3.888975e-05 -5.109532e-04 -3.890102e-02)) ((2.604118e-03 -6.318251e-02 -2.398155e-04) (5.085634e-06 5.555216e-04 -3.308499e-06))
7.24          	((3.043506e-02 -1.430377e-02 6.510918e+00) (4.982191e-05 -5.104509e-04 -3.718608e-02)) ((2.653177e-03 -7.006795e-02 -6.607493e-05) (3.626801e-06 5.361251e-04 -3.745536e-06))
7.25          	((2.883779e-02 -1.570627e-02 7.340060e+00) (5.837945e-05 -5.090691e-04 -3.541318e-02)) ((2.733175e-03 -7.672229e-02 5.284792e-06) (2.083560e-06 5.156982e-04 -4.391767e-06))
7.26          	((2.715856e-02 -1.640359e-02 8.154520e+00) (6.207888e-05 -5.073536e-04 -3.358781e-02)) ((2.828283e-03 -8.332084e-02 -5.858290e-05) (5.937233e-07 4.945606e-04 -4.953448e-06))
7.27          	((2.524910e-02 -1.623308e-02 8.951182e+00) (6.207589e-05 -5.061319e-04 -3.171190e-02)) ((2.911801e-03 -8.977384e-02 -3.468293e-05) (-1.078293e-06 4.725882e-04 -5.451776e-06))
7.28          	((2.333774e-02 -1.688592e-02 9.729198e+00) (5.937261e-05 -5.048784e-04 -2.978864e-02)) ((2.939570e-03 -9.609595e-02 -4.998010e-05) (-2.501182e-06 4.502900e-04 -6.042309e-06))
7.29          	((2.119989e-02 -1.676157e-02 1.048578e+01) (5.406783e-05 -5.037036e-04 -2.782463e-02)) ((2.999821e-03 -1.023370e-01 6.921111e-05) (-4.017293e-06 4.273474e-04 -6.847609e-06))
7.3           	((1.869148e-02 -1.672563e-02 1.122183e+01) (4.637487e-05 -5.024192e-04 -2.582349e-02)) ((3.035474e-03 -1.084531e-01 6.505545e-05) (-5.559926e-06 4.038487e-04 -7.601430e-06))
7.31          	((1.639220e-02 -1.740644e-02 1.193187e+01) (3.635458e-05 -5.002112e-04 -2.378877e-02)) ((3.172753e-03 -1.142281e-01 2.154840e-04) (-7.185432e-06 3.795850e-04 -8.181560e-06))
7.32          	((1.395790e-02 -1.783142e-02 1.261598e+01) (2.399456e-05 -4.959818e-04 -2.172444e-02)) ((3.420879e-03 -1.200392e-01 2.318742e-04) (-8.534958e-06 3.550720e-04 -8.759440e-06))
7.33          	((1.182885e-02 -1.747707e-02 1.327410e+01) (9.039806e-06 -4.907310e-04 -1.963320e-02)) ((3.439957e-03 -1.254941e-01 2.933239e-04) (-9.820728e-06 3.300372e-04 -9.245334e-06))
7.34          	((9.004495e-03 -1.775093e-02 1.390500e+01) (-7.384249e-06 -4.856476e-04 -1.751929e-02)) ((3.712612e-03 -1.307709e-01 4.383175e-04) (-1.092688e-05 3.046727e-04 -1.010570e-05))
7.35          	((7.013941e-03 -1.773183e-02 1.450681e+01) (-2.710250e-05 -4.790991e-04 -1.538655e-02)) ((3.815149e-03 -1.357349e-01 5.996086e-04) (-1.211642e-05 2.789601e-04 -1.126485e-05))
7.36          	((4.845860e-03 -1.632146e-02 1.507623e+01) (-4.972046e-05 -4.716763e-04 -1.323922e-02)) ((3.668050e-03 -1.404354e-01 6.940002e-04) (-1.296666e-05 2.530035e-04 -1.265982e-05))
7.37          	((2.709673e-03 -1.576789e-02 1.561555e+01) (-7.484208e-05 -4.648763e-04 -1.107887e-02)) ((3.705673e-03 -1.450369e-01 7.158806e-04) (-1.374690e-05 2.265900e-04 -1.389372e-05))
7.38          	((4.758582e-04 -1.570875e-02 1.612337e+01) (-1.018137e-04 -4.584173e-04 -8.909925e-03)) ((3.922966e-03 -1.491801e-01 9.373073e-04) (-1.428552e-05 2.000925e-04 -1.537675e-05))
7.39          	((-1.676823e-03 -1.466593e-02 1.659828e+01) (-1.311828e-04 -4.523669e-04 -6.735528e-03)) ((4.053742e-03 -1.530432e-01 1.017423e-03) (-1.473208e-05 1.734404e-04 -1.692022e-05))
7.4           	((-4.187794e-03 -1.495363e-02 1.703547e+01) (-1.623865e-04 -4.464221e-04 -4.558409e-03)) ((4.044832e-03 -1.569420e-01 1.311975e-03) (-1.507361e-05 1.464079e-04 -1.869325e-05))
7.41          	((-6.934968e-03 -1.362074e-02 1.744600e+01) (-1.958542e-04 -4.408372e-04 -2.379850e-03)) ((3.767234e-03 -1.603420e-01 1.505895e-03) (-1.563237e-05 1.190915e-04 -2.059933e-05))
7.42          	((-8.798123e-03 -1.279382e-02 1.782880e+01) (-2.308704e-04 -4.340676e-04 -2.032464e-04)) ((3.830290e-03 -1.632976e-01 1.516217e-03) (-1.618684e-05 9.160393e-05 -2.236586e-05))
7.43          	((-1.206430e-02 -1.161391e-02 1.817360e+01) (-2.670144e-04 -4.264515e-04 1.970301e-03)) ((3.983847e-03 -1.662215e-01 1.626074e-03) (-1.660730e-05 6.400788e-05 -2.443821e-05))
7.44          	((-1.610809e-02 -1.245094e-02 1.848146e+01) (-3.040423e-04 -4.188946e-04 4.140103e-03)) ((4.541792e-03 -1.687259e-01 1.884474e-03) (-1.700727e-05 3.606542e-05 -2.689282e-05))
7.45          	((-1.985984e-02 -1.263287e-02 1.875831e+01) (-3.420866e-04 -4.123325e-04 6.303771e-03)) ((4.555697e-03 -1.708389e-01 2.131404e-03) (-1.743465e-05 7.931038e-06 -2.975622e-05))
7.46          	((-2.273164e-02 -9.721247e-03 1.900413e+01) (-3.795566e-04 -4.069025e-04 8.460486e-03)) ((4.114860e-03 -1.729451e-01 2.136631e-03) (-1.785014e-05 -2.057750e-05 -3.242409e-05))
7.47          	((-2.578302e-02 -1.056053e-02 1.922102e+01) (-4.177495e-04 -4.011189e-04 1.060643e-02)) ((3.739449e-03 -1.747166e-01 2.315816e-03) (-1.844068e-05 -4.864234e-05 -3.513537e-05))
7.48          	((-2.916674e-02 -9.779773e-03 1.940909e+01) (-4.571893e-04 -3.946874e-04 1.274178e-02)) ((3.604216e-03 -1.759004e-01 2.552175e-03) (-1.919135e-05 -7.625679e-05 -3.776882e-05))
7.49          	((-3.415656e-02 -8.888346e-03 1.955860e+01) (-4.971616e-04 -3.875855e-04 1.486481e-02)) ((3.944242e-03 -1.768281e-01 2.559204e-03) (-2.005309e-05 -1.034252e-04 -4.006641e-05))
7.5           	((-3.750941e-02 -8.277093e-03 1.967881e+01) (-5.365971e-04 -3.818323e-04 1.697151e-02)) ((3.489482e-03 -1.776918e-01 2.638389e-03) (-2.071815e-05 -1.298905e-04 -4.233894e-05))
