# vtk DataFile Version 2.0
sampleSurface
ASCII
DATASET POLYDATA
POINTS 5810 float
0.2875 0.202352 0.0228381 0.2875 0.213579 0.0226859 0.2875 0.213528 0.0337527 0.2875 0.20795
0.0338545 0.2875 0.202361 0.0340273 0.2875 0.191103 0.0230281 0.2875 0.196729 0.0342367
0.2875 0.191082 0.0344068 0.2875 0.207938 0.0394004 0.2875 0.202384 0.0396155 0.2875
0.21346 0.0392923 0.2875 0.213311 0.0447631 0.2875 0.207964 0.0448355 0.2875 0.179859
0.0231511 0.2875 0.179825 0.0347717 0.2875 0.196728 0.0399103 0.2875 0.191036 0.0401552
0.2875 0.202498 0.0451104 0.2875 0.208184 0.0500194 0.2875 0.21315 0.0475896 0.2875
0.211471 0.0500082 0.2875 0.208274 0.0536562 0.2875 0.168637 0.0230772 0.2875 0.168678
0.0346074 0.2875 0.157401 0.0229046 0.2875 0.163076 0.0344745 0.2875 0.157437 0.034274
0.2875 0.190927 0.0461045 0.2875 0.185242 0.0465571 0.2875 0.179681 0.046802 0.2875
0.19675 0.0456235 0.2875 0.213023 0.0500463 0.2875 0.202883 0.0502868 0.2875 0.212501
0.0553013 0.2875 0.20831 0.0556868 0.2875 0.208011 0.0557434 0.2875 0.2046 0.0561257
0.2875 0.151785 0.0340919 0.2875 0.146124 0.0339583 0.2875 0.146143 0.02272 0.2875
0.174198 0.0469151 0.2875 0.168736 0.0465182 0.2875 0.168714 0.0404534 0.2875 0.163109
0.0402462 0.2875 0.157462 0.0399647 0.2875 0.163168 0.046139 0.2875 0.157491 0.0456557
0.2875 0.185158 0.0523417 0.2875 0.17954 0.0527753 0.2875 0.190735 0.0519397 0.2875
0.196823 0.0512859 0.2875 0.205654 0.0660775 0.2875 0.196728 0.0570614 0.2875 0.151777
0.0397201 0.2875 0.146082 0.0395361 0.2875 0.151769 0.045302 0.2875 0.145985 0.0449652
0.2875 0.17413 0.0531512 0.2875 0.168889 0.0525067 0.2875 0.163315 0.0520682 0.2875
0.157509 0.051163 0.2875 0.185249 0.0578921 0.2875 0.179124 0.0586331 0.2875 0.190303
0.0576807 0.2875 0.196383 0.0589235 0.2875 0.151791 0.0507129 0.2875 0.14578 0.0502414
0.2875 0.173788 0.0601474 0.2875 0.169458 0.058282 0.2875 0.163694 0.058343 0.2875
0.156503 0.057669 0.2875 0.186021 0.0622866 0.2875 0.178294 0.0631346 0.2875 0.188319
0.0623887 0.2875 0.190133 0.0586162 0.2875 0.189329 0.0626407 0.2875 0.205511 0.0666145
0.2875 0.195878 0.0626945 0.2875 0.151682 0.0571813 0.2875 0.146718 0.057092 0.2875
0.173208 0.0675266 0.2875 0.173801 0.0702094 0.2875 0.17297 0.0710821 0.2875 0.170873
0.0609388 0.2875 0.171501 0.0627078 0.2875 0.164443 0.0643551 0.2875 0.156445 0.0704232
0.2875 0.170767 0.0627409 0.2875 0.154664 0.0692783 0.2875 0.15141 0.0593847 0.2875
0.147281 0.059999 0.2875 0.117373 0.364241 0.2875 0.11729 0.36379 0.2875 0.12364
0.364218 0.2875 0.1238 0.371128 0.2875 0.118308 0.369206 0.2875 0.115468 0.362974
0.2875 0.114136 0.361942 0.2875 0.114666 0.367295 0.2875 0.123811 0.371485 0.2875
0.118729 0.371209 0.2875 0.111571 0.363984 0.2875 0.113837 0.370524 0.2875 0.123828
0.377738 0.2875 0.118961 0.377573 0.2875 0.107747 0.365275 0.2875 0.107295 0.360998
0.2875 0.113434 0.377195 0.2875 0.107763 0.37107 0.2875 0.123847 0.384173 0.2875
0.119025 0.383879 0.2875 0.119141 0.385619 0.2875 0.124158 0.385904 0.2875 0.12495
0.39119 0.2875 0.119373 0.390061 0.2875 0.101709 0.365748 0.2875 0.101558 0.361002
0.2875 0.113332 0.383354 0.2875 0.107625 0.377099 0.2875 0.101782 0.371366 0.2875
0.113756 0.389207 0.2875 0.125843 0.392737 0.2875 0.119437 0.39278 0.2875 0.095867
0.365864 0.2875 0.0957932 0.361004 0.2875 0.113375 0.389145 0.2875 0.107542 0.38301
0.2875 0.101764 0.377102 0.2875 0.0959335 0.371463 0.2875 0.125818 0.39351 0.2875
0.119374 0.394208 0.2875 0.0901204 0.365887 0.2875 0.0900747 0.361004 0.2875 0.107509
0.388674 0.2875 0.113293 0.394163 0.2875 0.101742 0.382832 0.2875 0.0959547 0.377104
0.2875 0.0901721 0.371487 0.2875 0.126788 0.397491 0.2875 0.118948 0.39916 0.2875
0.08443 0.365892 0.2875 0.0844034 0.361004 0.2875 0.107445 0.394032 0.2875 0.101754
0.388479 0.2875 0.11313 0.399317 0.2875 0.0959577 0.382753 0.2875 0.0902008 0.377097
0.2875 0.0844643 0.371493 0.2875 0.101708 0.393951 0.2875 0.0902328 0.393873 0.2875
0.0902135 0.382713 0.2875 0.124478 0.404081 0.2875 0.118752 0.404431 0.2875 0.0787698
0.365894 0.2875 0.0787585 0.361004 0.2875 0.107372 0.399382 0.2875 0.113026 0.404649
0.2875 0.0844878 0.377094 0.2875 0.0787862 0.371495 0.2875 0.0788437 0.393885 0.2875
0.0788101 0.382698 0.2875 0.0845004 0.382703 0.2875 0.101671 0.399398 0.2875 0.101633
0.404901 0.2875 0.0902272 0.404974 0.2875 0.130144 0.403078 0.2875 0.13005 0.397198
0.2875 0.124354 0.40958 0.2875 0.118656 0.409888 0.2875 0.0731212 0.365895 0.2875
0.0731234 0.361004 0.2875 0.107322 0.404832 0.2875 0.112976 0.410069 0.2875 0.0788001
0.377093 0.2875 0.0731206 0.371498 0.2875 0.112939 0.41565 0.2875 0.10156 0.415967
0.2875 0.0788675 0.40505 0.2875 0.0674887 0.393928 0.2875 0.0674512 0.382718 0.2875
0.0731277 0.382707 0.2875 0.0902186 0.41612 0.2875 0.133611 0.396878 0.2875 0.135521
0.402942 0.2875 0.130061 0.409186 0.2875 0.118616 0.415485 0.2875 0.124307 0.415299
0.2875 0.124335 0.421008 0.2875 0.124319 0.426745 0.2875 0.11289 0.426989 0.2875
0.0674713 0.365896 0.2875 0.0674867 0.361004 0.2875 0.0731235 0.377098 0.2875 0.067455
0.371503 0.2875 0.101538 0.42719 0.2875 0.0675308 0.405117 0.2875 0.0788892 0.41622
0.2875 0.067449 0.377108 0.2875 0.0902122 0.427326 0.2875 0.136943 0.407897 0.2875
0.129984 0.415173 0.2875 0.130059 0.42096 0.2875 0.130043 0.426688 0.2875 0.124288
0.432454 0.2875 0.124231 0.438156 0.2875 0.112837 0.438331 0.2875 0.101513 0.438458
0.2875 0.0675838 0.416283 0.2875 0.0788972 0.427433 0.2875 0.0902146 0.438545 0.2875
0.135582 0.415337 0.2875 0.135867 0.420971 0.2875 0.135817 0.426641 0.2875 0.129987
0.4324 0.2875 0.124085 0.449567 0.2875 0.112778 0.449657 0.2875 0.129926 0.438091
0.2875 0.101487 0.449738 0.2875 0.0675992 0.427501 0.2875 0.0901897 0.449819 0.2875
0.067612 0.449957 0.2875 0.140517 0.415784 0.2875 0.142982 0.419646 0.2875 0.141593
0.426594 0.2875 0.135713 0.432332 0.2875 0.1356 0.43804 0.2875 0.135505 0.443739
0.2875 0.135425 0.449437 0.2875 0.124 0.460907 0.2875 0.112728 0.460957 0.2875
0.112678 0.472269 0.2875 0.0901329 0.472375 0.2875 0.045033 0.427618 0.2875 0.045069
0.450036 0.2875 0.0675964 0.472448 0.2875 0.141434 0.432247 0.2875 0.148077 0.425672
0.2875 0.141148 0.443693 0.2875 0.141068 0.44939 0.2875 0.141278 0.437966 0.2875
0.135266 0.460848 0.2875 0.123946 0.472216 0.2875 0.112597 0.494861 0.2875 0.0900873
0.494912 0.2875 0.0225353 0.427657 0.2875 0.0225576 0.45007 0.2875 0.0450705 0.472496
0.2875 0.0675715 0.494953 0.2875 0.147089 0.432138 0.2875 0.146678 0.449356 0.2875
0.146503 0.460791 0.2875 0.146772 0.44364 0.2875 0.146917 0.437884 0.2875 0.135184
0.472186 0.2875 0.135089 0.494799 0.2875 0.135124 0.483495 0.2875 0.112553 0.517409
0.2875 0.0900537 0.517439 0.2875 6.58929e-05 0.427631 0.2875 6.27057e-05 0.450067 0.2875
0.0225585 0.472521 0.2875 0.0450578 0.494981 0.2875 0.0675485 0.517462 0.2875 0.154026
0.430765 0.2875 0.152266 0.449325 0.2875 0.157802 0.449345 0.2875 0.157727 0.455054
0.2875 0.157689 0.460742 0.2875 0.146414 0.472151 0.2875 0.152353 0.443609 0.2875
0.152501 0.437832 0.2875 0.146359 0.483474 0.2875 0.14633 0.494768 0.2875 0.13504
0.517375 0.2875 0.112527 0.539939 0.2875 0.0900314 0.539957 0.2875 -0.0224098 0.427587
0.2875 -0.0224294 0.45005 0.2875 5.56714e-05 0.472527 0.2875 0.0225494 0.494998 0.2875
0.0450423 0.517479 0.2875 0.0675311 0.539971 0.2875 0.157858 0.44365 0.2875 0.163369
0.449336 0.2875 0.163315 0.455056 0.2875 0.157622 0.472124 0.2875 0.163286 0.460736
0.2875 0.157867 0.438065 0.2875 0.157552 0.494755 0.2875 0.157513 0.51734 0.2875
0.157578 0.483453 0.2875 0.135016 0.539916 0.2875 0.157739 0.433187 0.2875 0.112513
0.562457 0.2875 0.0900177 0.562469 0.2875 -0.0449236 0.450031 0.2875 -0.0448956 0.427551
0.2875 -0.0224436 0.472522 0.2875 4.55391e-05 0.495004 0.2875 0.0225377 0.517489 0.2875
0.045029 0.53998 0.2875 0.0675192 0.562478 0.2875 0.163444 0.443565 0.2875 0.168905
0.449405 0.2875 0.168882 0.455089 0.2875 0.168864 0.460754 0.2875 0.168817 0.472109
0.2875 0.164856 0.43657 0.2875 0.157497 0.539892 0.2875 0.168774 0.49473 0.2875
0.179988 0.494727 0.2875 0.179974 0.517312 0.2875 0.168789 0.483435 0.2875 0.135004
0.562443 0.2875 0.112506 0.58497 0.2875 0.0900097 0.584977 0.2875 -0.0448473 0.405064
0.2875 -0.0223673 0.405129 0.2875 -0.0674215 0.450017 0.2875 -0.0673919 0.427527 0.2875
-0.0449424 0.472514 0.2875 -0.022456 0.495005 0.2875 3.48004e-05 0.517494 0.2875 0.0225269
0.539986 0.2875 0.0450191 0.562483 0.2875 0.0675116 0.584983 0.2875 0.168921 0.443693
0.2875 0.174448 0.44953 0.2875 0.174446 0.455139 0.2875 0.17444 0.460772 0.2875
0.180015 0.460789 0.2875 0.180003 0.472104 0.2875 0.169297 0.437982 0.2875 0.179973
0.539871 0.2875 0.157492 0.562427 0.2875 0.179994 0.483426 0.2875 0.191204 0.494715
0.2875 0.202426 0.494725 0.2875 0.202436 0.517298 0.2875 0.135 0.58496 0.2875
0.112502 0.607478 0.2875 0.0900052 0.607483 0.2875 -0.0673481 0.405033 0.2875 -0.0899213
0.450009 0.2875 -0.0898923 0.427516 0.2875 -0.0674419 0.472507 0.2875 -0.0449566 0.495003
0.2875 -0.0224669 0.517496 0.2875 2.52261e-05 0.53999 0.2875 0.0225184 0.562487 0.2875
0.0450123 0.584987 0.2875 0.0675069 0.607487 0.2875 0.174431 0.443998 0.2875 0.180013
0.449608 0.2875 0.180015 0.455171 0.2875 0.185592 0.460782 0.2875 0.191171 0.46077
0.2875 0.19119 0.472101 0.2875 0.17443 0.439068 0.2875 0.202449 0.539857 0.2875
0.179976 0.562411 0.2875 0.157491 0.584949 0.2875 0.1912 0.483423 0.2875 0.202414
0.48343 0.2875 0.213652 0.494726 0.2875 0.224886 0.49474 0.2875 0.224907 0.517299
0.2875 0.134998 0.607472 0.2875 0.112501 0.629984 0.2875 0.0900027 0.629988 0.2875
-0.0898548 0.405019 0.2875 -0.134924 0.449999 0.2875 -0.134882 0.405003 0.2875 -0.0899415
0.472504 0.2875 -0.0674571 0.495 0.2875 -0.044968 0.517496 0.2875 -0.022476 0.539993
0.2875 1.76218e-05 0.56249 0.2875 0.0225123 0.584989 0.2875 0.0450078 0.60749 0.2875
0.0675041 0.62999 0.2875 0.180005 0.444191 0.2875 0.185587 0.449571 0.2875 0.185588
0.455156 0.2875 0.196755 0.460756 0.2875 0.202352 0.46077 0.2875 0.202392 0.472113
0.2875 0.191161 0.455115 0.2875 0.179994 0.439582 0.2875 0.22493 0.539853 0.2875
0.202461 0.5624 0.2875 0.179981 0.584939 0.2875 0.157492 0.607465 0.2875 0.213638
0.483443 0.2875 0.224871 0.483455 0.2875 0.247355 0.494758 0.2875 0.24739 0.517311
0.2875 0.134998 0.62998 0.2875 0.1125 0.652489 0.2875 0.0900014 0.652491 0.2875
-0.0899569 0.494999 0.2875 -0.134954 0.494996 0.2875 -0.0674686 0.517496 0.2875 -0.0449769
0.539994 0.2875 -0.0224831 0.562492 0.2875 1.20598e-05 0.584991 0.2875 0.0225082 0.607491
0.2875 0.045005 0.629992 0.2875 0.0675024 0.652493 0.2875 0.185598 0.444109 0.2875
0.19115 0.449467 0.2875 0.207959 0.460797 0.2875 0.213575 0.460827 0.2875 0.213609
0.472142 0.2875 0.196735 0.455084 0.2875 0.202321 0.455082 0.2875 0.18561 0.439408
0.2875 0.247419 0.53986 0.2875 0.224949 0.562396 0.2875 0.202472 0.584931 0.2875
0.179986 0.607458 0.2875 0.157494 0.629975 0.2875 0.224836 0.472167 0.2875 0.236064
0.472179 0.2875 0.247314 0.472204 0.2875 0.26985 0.494792 0.2875 0.269885 0.517334
0.2875 0.134998 0.652486 0.2875 0.1125 0.674992 0.2875 0.0900007 0.674994 0.2875
-0.0899686 0.517496 0.2875 -0.0899773 0.539995 0.2875 -0.134974 0.539995 0.2875 -0.0674775
0.539994 0.2875 -0.0449837 0.562493 0.2875 -0.0224883 0.584993 0.2875 8.17208e-06 0.607493
0.2875 0.0225054 0.629993 0.2875 0.0450031 0.652494 0.2875 0.0675014 0.674995 0.2875
0.191159 0.44387 0.2875 0.196702 0.449383 0.2875 0.2248 0.460879 0.2875 0.207935
0.45513 0.2875 0.213558 0.455174 0.2875 0.202256 0.449337 0.2875 0.191117 0.438613
0.2875 0.269916 0.539874 0.2875 0.247442 0.562399 0.2875 0.224964 0.584928 0.2875
0.20248 0.607453 0.2875 0.17999 0.629971 0.2875 0.157495 0.652483 0.2875 0.269816
0.472253 0.2875 0.236037 0.460902 0.2875 0.247288 0.46092 0.2875 0.292358 0.494833
0.2875 0.29239 0.517363 0.2875 0.134998 0.67499 0.2875 0.1125 0.697495 0.2875
0.0900003 0.697496 0.2875 -0.089984 0.562494 0.2875 -0.0899887 0.584995 0.2875 -0.134986
0.584995 0.2875 -0.0674841 0.562494 0.2875 -0.0449887 0.584994 0.2875 -0.022492 0.607494
0.2875 5.48247e-06 0.629994 0.2875 0.0225035 0.652495 0.2875 0.0450019 0.674996 0.2875
0.0675008 0.697496 0.2875 0.196673 0.443688 0.2875 0.213531 0.449533 0.2875 0.219151
0.44959 0.2875 0.22477 0.449618 0.2875 0.207891 0.449437 0.2875 0.202121 0.443468
0.2875 0.196647 0.437084 0.2875 0.292419 0.539894 0.2875 0.26994 0.562408 0.2875
0.24746 0.584929 0.2875 0.224975 0.60745 0.2875 0.202486 0.629968 0.2875 0.179993
0.65248 0.2875 0.157497 0.674989 0.2875 0.292328 0.472309 0.2875 0.235997 0.449621
0.2875 0.247262 0.449642 0.2875 0.314871 0.49487 0.2875 0.314899 0.517391 0.2875
0.134999 0.697494 0.2875 0.1125 0.719996 0.2875 0.0900002 0.719997 0.2875 -0.134993
0.629997 0.2875 -0.0899922 0.607496 0.2875 -0.0899945 0.629996 0.2875 -0.0674889 0.584994
0.2875 -0.0449922 0.607495 0.2875 -0.0224946 0.629995 0.2875 3.62991e-06 0.652496 0.2875
0.0225022 0.674996 0.2875 0.0450012 0.697497 0.2875 0.0675005 0.719998 0.2875 0.219155
0.443991 0.2875 0.224764 0.444007 0.2875 0.213528 0.443921 0.2875 0.207847 0.443744
0.2875 0.201278 0.440188 0.2875 0.198413 0.436443 0.2875 0.200382 0.436067 0.2875
0.314924 0.539913 0.2875 0.292441 0.56242 0.2875 0.269958 0.584934 0.2875 0.247472
0.60745 0.2875 0.224983 0.629966 0.2875 0.202491 0.652478 0.2875 0.179995 0.674987
0.2875 0.157498 0.697492 0.2875 0.314843 0.472356 0.2875 0.235951 0.438357 0.2875
0.247239 0.438346 0.2875 0.224761 0.438419 0.2875 0.230338 0.43838 0.2875 0.337384
0.494899 0.2875 0.337409 0.517412 0.2875 0.134999 0.719996 0.2875 0.1125 0.742498
0.2875 0.0900001 0.742498 0.2875 -0.134996 0.674998 0.2875 -0.0899963 0.652497 0.2875
-0.0899974 0.674998 0.2875 -0.0674923 0.607495 0.2875 -0.0674947 0.629996 0.2875 -0.0449946
0.629996 0.2875 -0.0224963 0.652496 0.2875 2.3656e-06 0.674997 0.2875 0.0225014 0.697497
0.2875 0.0450007 0.719998 0.2875 0.0675003 0.742498 0.2875 0.219194 0.438453 0.2875
0.213587 0.438409 0.2875 0.204524 0.437148 0.2875 0.207857 0.438165 0.2875 0.201249
0.435274 0.2875 0.337431 0.539928 0.2875 0.314945 0.562433 0.2875 0.292458 0.584941
0.2875 0.269971 0.607453 0.2875 0.247481 0.629966 0.2875 0.224989 0.652477 0.2875
0.202494 0.674985 0.2875 0.179997 0.697491 0.2875 0.157499 0.719995 0.2875 0.337358
0.47239 0.2875 0.235923 0.432706 0.2875 0.23589 0.427023 0.2875 0.247241 0.427014
0.2875 0.224777 0.432856 0.2875 0.23032 0.432753 0.2875 0.359893 0.494916 0.2875
0.359914 0.517425 0.2875 0.134999 0.742497 0.2875 0.1125 0.764998 0.2875 0.09
0.764999 0.2875 -0.134998 0.719999 0.2875 -0.0899983 0.697499 0.2875 -0.0899988 0.719999
0.2875 -0.0674964 0.652497 0.2875 -0.0674975 0.674998 0.2875 -0.0449964 0.652497 0.2875
-0.0224976 0.674997 0.2875 1.51669e-06 0.697498 0.2875 0.0225009 0.719998 0.2875 0.0450004
0.742499 0.2875 0.0675002 0.764999 0.2875 0.219301 0.433006 0.2875 0.213803 0.433129
0.2875 0.20692 0.432155 0.2875 0.359935 0.539938 0.2875 0.337449 0.562443 0.2875
0.31496 0.584949 0.2875 0.292471 0.607458 0.2875 0.26998 0.629967 0.2875 0.247487
0.652477 0.2875 0.224993 0.674985 0.2875 0.202496 0.69749 0.2875 0.179998 0.719994
0.2875 0.157499 0.742497 0.2875 0.359867 0.472408 0.2875 0.235854 0.4213 0.2875
0.235908 0.415564 0.2875 0.241675 0.415577 0.2875 0.247379 0.415648 0.2875 0.230282
0.427098 0.2875 0.224779 0.427276 0.2875 0.404909 0.494945 0.2875 0.404941 0.539957
0.2875 0.135 0.764998 0.2875 0.1125 0.787499 0.2875 0.09 0.787499 0.2875
-0.0899995 0.765 0.2875 -0.134999 0.764999 0.2875 -0.0899993 0.742499 0.2875 -0.0674984
0.697499 0.2875 -0.0674989 0.719999 0.2875 -0.0449976 0.674998 0.2875 -0.0224984 0.697498
0.2875 9.58154e-07 0.719999 0.2875 0.0225005 0.742499 0.2875 0.0450003 0.764999 0.2875
0.0675001 0.787499 0.2875 0.219464 0.427598 0.2875 0.21339 0.427185 0.2875 0.359951
0.562449 0.2875 0.337463 0.584956 0.2875 0.314972 0.607463 0.2875 0.29248 0.62997
0.2875 0.269987 0.652477 0.2875 0.247492 0.674984 0.2875 0.224995 0.69749 0.2875
0.202497 0.719994 0.2875 0.179999 0.742496 0.2875 0.157499 0.764998 0.2875 0.359845
0.44991 0.2875 0.404871 0.449942 0.2875 0.230206 0.421375 0.2875 0.230144 0.415604
0.2875 0.224694 0.421605 0.2875 0.404965 0.584971 0.2875 0.359964 0.584961 0.2875
0.135 0.787499 0.2875 0.1125 0.809999 0.2875 0.09 0.81 0.2875 -0.0674993
0.742499 0.2875 -0.0674995 0.765 0.2875 -0.0899997 0.7875 0.2875 -0.0899998 0.81
0.2875 -0.135 0.81 0.2875 -0.0449984 0.697498 0.2875 -0.044999 0.719999 0.2875
-0.022499 0.719999 0.2875 5.98207e-07 0.742499 0.2875 0.0225003 0.764999 0.2875 0.0450002
0.787499 0.2875 0.0675001 0.81 0.2875 0.218818 0.421315 0.2875 0.337473 0.607467
0.2875 0.31498 0.629973 0.2875 0.292486 0.652479 0.2875 0.269991 0.674985 0.2875
0.247495 0.69749 0.2875 0.224997 0.719993 0.2875 0.202498 0.742496 0.2875 0.179999
0.764998 0.2875 0.1575 0.787499 0.2875 0.223221 0.414474 0.2875 0.404981 0.629982
0.2875 0.359982 0.629978 0.2875 0.359974 0.60747 0.2875 0.135 0.809999 0.2875
0.1125 0.8325 0.2875 0.09 0.8325 0.2875 -0.0674997 0.7875 0.2875 -0.0449993
0.742499 0.2875 -0.0449996 0.765 0.2875 -0.0899999 0.8325 0.2875 -0.0899999 0.855
0.2875 -0.135 0.855 0.2875 -0.0674998 0.81 0.2875 -0.0224994 0.742499 0.2875
3.70391e-07 0.764999 0.2875 0.0225002 0.7875 0.2875 0.0450001 0.81 0.2875 0.0675
0.8325 0.2875 0.337481 0.629976 0.2875 0.314987 0.652481 0.2875 0.292491 0.674986
0.2875 0.269994 0.69749 0.2875 0.247497 0.719993 0.2875 0.224998 0.742496 0.2875
0.202499 0.764998 0.2875 0.18 0.787499 0.2875 0.1575 0.809999 0.2875 0.40499
0.67499 0.2875 0.359991 0.674989 0.2875 0.359987 0.652484 0.2875 0.135 0.8325
0.2875 0.1125 0.855 0.2875 0.09 0.855 0.2875 -0.0449997 0.7875 0.2875
-0.0224996 0.764999 0.2875 -0.0674999 0.8325 0.2875 -0.09 0.8775 0.2875 -0.09
0.9 0.2875 -0.135 0.9 0.2875 -0.0674999 0.855 0.2875 -0.0449998 0.81
0.2875 2.27796e-07 0.7875 0.2875 0.0225001 0.81 0.2875 0.0450001 0.8325 0.2875
0.0675 0.855 0.2875 0.337487 0.652483 0.2875 0.314991 0.674987 0.2875 0.292494
0.697491 0.2875 0.269996 0.719994 0.2875 0.247498 0.742496 0.2875 0.224999 0.764997
0.2875 0.202499 0.787498 0.2875 0.18 0.809999 0.2875 0.1575 0.8325 0.2875
0.359996 0.719995 0.2875 0.359994 0.697492 0.2875 0.404995 0.719995 0.2875 0.337491
0.674988 0.2875 0.135 0.855 0.2875 0.1125 0.8775 0.2875 0.09 0.8775
0.2875 -0.0224998 0.7875 0.2875 -0.0449999 0.8325 0.2875 -0.0675 0.8775 0.2875
-0.09 0.9225 0.2875 -0.09 0.945 0.2875 -0.135 0.945 0.2875 -0.0675
0.9 0.2875 -0.0449999 0.855 0.2875 -0.0224998 0.81 0.2875 1.3906e-07 0.81
0.2875 0.0225001 0.8325 0.2875 0.045 0.855 0.2875 0.0675 0.8775 0.2875
0.314994 0.697491 0.2875 0.292496 0.719994 0.2875 0.269998 0.742496 0.2875 0.247499
0.764997 0.2875 0.224999 0.787498 0.2875 0.2025 0.809999 0.2875 0.18 0.8325
0.2875 0.1575 0.855 0.2875 0.359998 0.764998 0.2875 0.359997 0.742496 0.2875
0.404998 0.764997 0.2875 0.337494 0.697492 0.2875 0.337496 0.719995 0.2875 0.135
0.8775 0.2875 0.1125 0.9 0.2875 0.09 0.9 0.2875 -0.0224999 0.8325
0.2875 -0.045 0.8775 0.2875 -0.0675 0.9225 0.2875 -0.0675 0.945 0.2875
-0.045 0.9 0.2875 -0.0224999 0.855 0.2875 8.39712e-08 0.8325 0.2875 0.0225
0.855 0.2875 0.045 0.8775 0.2875 0.0675 0.9 0.2875 0.314996 0.719994
0.2875 0.292498 0.742496 0.2875 0.269999 0.764997 0.2875 0.247499 0.787498 0.2875
0.225 0.809999 0.2875 0.2025 0.832499 0.2875 0.18 0.855 0.2875 0.1575
0.8775 0.2875 0.359999 0.809999 0.2875 0.359999 0.787499 0.2875 0.404999 0.809999
0.2875 0.337498 0.742496 0.2875 0.337498 0.764998 0.2875 0.135 0.9 0.2875
0.1125 0.9225 0.2875 0.09 0.9225 0.2875 -0.0225 0.8775 0.2875 -0.045
0.9225 0.2875 -0.045 0.945 0.2875 -0.0225 0.9 0.2875 4.99436e-08 0.855
0.2875 0.0225 0.8775 0.2875 0.045 0.9 0.2875 0.0675 0.9225 0.2875
0.314998 0.742496 0.2875 0.292499 0.764997 0.2875 0.269999 0.787498 0.2875 0.2475
0.809999 0.2875 0.225 0.832499 0.2875 0.2025 0.855 0.2875 0.18 0.8775
0.2875 0.1575 0.9 0.2875 0.36 0.855 0.2875 0.36 0.832499 0.2875
0.404999 0.854999 0.2875 0.337499 0.787499 0.2875 0.337499 0.809999 0.2875 0.314999
0.764998 0.2875 0.135 0.9225 0.2875 0.1125 0.945 0.2875 0.09 0.945
0.2875 2.90971e-08 0.8775 0.2875 -0.0225 0.9225 0.2875 -0.0225 0.945 0.2875
1.65289e-08 0.9 0.2875 0.0225 0.9 0.2875 0.045 0.9225 0.2875 0.0675
0.945 0.2875 0.292499 0.787498 0.2875 0.269999 0.809999 0.2875 0.2475 0.832499
0.2875 0.225 0.855 0.2875 0.2025 0.8775 0.2875 0.18 0.9 0.2875
0.1575 0.9225 0.2875 0.36 0.9 0.2875 0.36 0.8775 0.2875 0.405
0.9 0.2875 0.3375 0.855 0.2875 0.3375 0.832499 0.2875 0.314999 0.787498
0.2875 0.314999 0.809999 0.2875 0.135 0.945 0.2875 9.12753e-09 0.9225 0.2875
4.92033e-09 0.945 0.2875 0.0225 0.9225 0.2875 0.045 0.945 0.2875 0.292499
0.809999 0.2875 0.27 0.832499 0.2875 0.2475 0.855 0.2875 0.225 0.8775
0.2875 0.2025 0.9 0.2875 0.18 0.9225 0.2875 0.1575 0.945 0.2875
0.405 0.945 0.2875 0.36 0.945 0.2875 0.36 0.9225 0.2875 0.3375
0.8775 0.2875 0.3375 0.9 0.2875 0.315 0.855 0.2875 0.315 0.832499
0.2875 0.0225 0.945 0.2875 0.2925 0.832499 0.2875 0.27 0.855 0.2875
0.2475 0.8775 0.2875 0.225 0.9 0.2875 0.2025 0.9225 0.2875 0.18
0.945 0.2875 0.3375 0.9225 0.2875 0.3375 0.945 0.2875 0.315 0.8775
0.2875 0.315 0.9 0.2875 0.2925 0.855 0.2875 0.27 0.8775 0.2875
0.2475 0.9 0.2875 0.225 0.9225 0.2875 0.2025 0.945 0.2875 0.315
0.9225 0.2875 0.315 0.945 0.2875 0.2925 0.8775 0.2875 0.2925 0.9
0.2875 0.27 0.9 0.2875 0.2475 0.9225 0.2875 0.225 0.945 0.2875
0.2925 0.9225 0.2875 0.2925 0.945 0.2875 0.27 0.9225 0.2875 0.2475
0.945 0.2875 0.27 0.945 0.2875 0.269982 0.258749 0.2875 0.26999 0.27
0.2875 0.259063 0.27 0.2875 0.259074 0.264375 0.2875 0.259068 0.25875 0.2875
0.269976 0.247499 0.2875 0.259084 0.253125 0.2875 0.259076 0.2475 0.2875 0.314606
0.247493 0.2875 0.314657 0.269991 0.2875 0.292296 0.269997 0.2875 0.292287 0.258747
0.2875 0.292257 0.247497 0.2875 0.281103 0.258748 0.2875 0.281116 0.269999 0.2875
0.253608 0.27 0.2875 0.253611 0.264375 0.2875 0.253614 0.25875 0.2875 0.243054
0.264375 0.2875 0.243054 0.27 0.2875 0.238484 0.27 0.2875 0.238484 0.264375
0.2875 0.25909 0.241875 0.2875 0.259079 0.23625 0.2875 0.269968 0.236249 0.2875
0.281086 0.247498 0.2875 0.253621 0.253125 0.2875 0.253623 0.2475 0.2875 0.292249
0.236248 0.2875 0.292222 0.224998 0.2875 0.314561 0.224996 0.2875 0.337076 0.247492
0.2875 0.337128 0.269988 0.2875 0.248279 0.27 0.2875 0.24828 0.264375 0.2875
0.248283 0.25875 0.2875 0.238484 0.25875 0.2875 0.243055 0.25875 0.2875 0.281073
0.236249 0.2875 0.253627 0.241875 0.2875 0.253626 0.23625 0.2875 0.259091 0.230625
0.2875 0.259078 0.225 0.2875 0.269961 0.224999 0.2875 0.248287 0.253125 0.2875
0.248289 0.2475 0.2875 0.337032 0.224996 0.2875 0.28106 0.224999 0.2875 0.292223
0.213749 0.2875 0.292203 0.2025 0.2875 0.314534 0.2025 0.2875 0.359634 0.269987
0.2875 0.35958 0.247491 0.2875 0.359544 0.224996 0.2875 0.404636 0.224997 0.2875
0.404692 0.269987 0.2875 0.238484 0.253125 0.2875 0.243056 0.253125 0.2875 0.248291
0.241875 0.2875 0.248291 0.23625 0.2875 0.253628 0.230625 0.2875 0.25909 0.219375
0.2875 0.259077 0.21375 0.2875 0.269957 0.21375 0.2875 0.253626 0.225 0.2875
0.243057 0.2475 0.2875 0.337001 0.202501 0.2875 0.281053 0.213749 0.2875 0.292211
0.191251 0.2875 0.292196 0.180003 0.2875 0.314525 0.180005 0.2875 0.281045 0.2025
0.2875 0.359507 0.202501 0.2875 0.359505 0.180008 0.2875 0.404612 0.180008 0.2875
0.238484 0.2475 0.2875 0.243058 0.241875 0.2875 0.243058 0.23625 0.2875 0.248291
0.230625 0.2875 0.259089 0.208125 0.2875 0.259076 0.2025 0.2875 0.269953 0.2025
0.2875 0.253627 0.219375 0.2875 0.253625 0.21375 0.2875 0.248291 0.225 0.2875
0.336992 0.180007 0.2875 0.281043 0.191251 0.2875 0.281039 0.180003 0.2875 0.292207
0.168756 0.2875 0.292195 0.15751 0.2875 0.314531 0.157513 0.2875 0.359504 0.157517
0.2875 0.359535 0.135026 0.2875 0.404633 0.135022 0.2875 0.238484 0.241875 0.2875
0.238484 0.23625 0.2875 0.243058 0.230625 0.2875 0.253627 0.208125 0.2875 0.253624
0.2025 0.2875 0.259088 0.196875 0.2875 0.259075 0.19125 0.2875 0.26995 0.191251
0.2875 0.248291 0.219375 0.2875 0.248291 0.21375 0.2875 0.243058 0.225 0.2875
0.336998 0.157516 0.2875 0.281039 0.168755 0.2875 0.269948 0.180002 0.2875 0.292208
0.146263 0.2875 0.292198 0.135017 0.2875 0.314548 0.135024 0.2875 0.281036 0.157508
0.2875 0.337022 0.135026 0.2875 0.359561 0.112536 0.2875 0.359611 0.0900462 0.2875
0.404688 0.0900369 0.2875 0.238484 0.230625 0.2875 0.248291 0.208125 0.2875 0.248291
0.2025 0.2875 0.253626 0.196875 0.2875 0.259087 0.185626 0.2875 0.259074 0.180001
0.2875 0.253624 0.19125 0.2875 0.243058 0.219375 0.2875 0.243058 0.21375 0.2875
0.238484 0.225 0.2875 0.269946 0.168753 0.2875 0.292213 0.123769 0.2875 0.292215
0.112522 0.2875 0.314579 0.112532 0.2875 0.281036 0.146261 0.2875 0.281032 0.135015
0.2875 0.269943 0.157506 0.2875 0.337055 0.112536 0.2875 0.337101 0.0900458 0.2875
0.359652 0.067559 0.2875 0.359704 0.0450711 0.2875 0.404759 0.0450505 0.2875 0.243058
0.208125 0.2875 0.243058 0.2025 0.2875 0.248291 0.196875 0.2875 0.259086 0.174376
0.2875 0.259073 0.168751 0.2875 0.253626 0.185625 0.2875 0.253623 0.180001 0.2875
0.24829 0.19125 0.2875 0.238484 0.219375 0.2875 0.238484 0.21375 0.2875 0.292244
0.101271 0.2875 0.29226 0.0900197 0.2875 0.314625 0.0900393 0.2875 0.281033 0.123768
0.2875 0.28104 0.11252 0.2875 0.269938 0.146258 0.2875 0.26993 0.135011 0.2875
0.259085 0.163127 0.2875 0.259071 0.157502 0.2875 0.337148 0.067559 0.2875 0.337194
0.0450766 0.2875 0.359746 0.0225852 0.2875 0.359794 9.08387e-05 0.2875 0.404831 5.77624e-05
0.2875 0.238484 0.208125 0.2875 0.238484 0.2025 0.2875 0.243058 0.196875 0.2875
0.253625 0.174376 0.2875 0.253622 0.168751 0.2875 0.24829 0.185625 0.2875 0.24829
0.18 0.2875 0.243058 0.19125 0.2875 0.292295 0.0787641 0.2875 0.2923 0.067516
0.2875 0.314672 0.0675508 0.2875 0.281063 0.101271 0.2875 0.281092 0.0900172 0.2875
0.269922 0.123765 0.2875 0.269925 0.112521 0.2875 0.25908 0.151877 0.2875 0.259064
0.146253 0.2875 0.259069 0.140629 0.2875 0.259046 0.135005 0.2875 0.253624 0.163126
0.2875 0.25362 0.157501 0.2875 0.337237 0.0225959 0.2875 0.314705 0.0450764 0.2875
0.337282 0.000108127 0.2875 0.359833 -0.0224054 0.2875 0.35987 -0.0449118 0.2875 0.40489
-0.0449454 0.2875 0.238484 0.196875 0.2875 0.24829 0.174375 0.2875 0.248289 0.16875
0.2875 0.243058 0.185625 0.2875 0.243058 0.18 0.2875 0.238484 0.19125 0.2875
0.292292 0.0450432 0.2875 0.29231 0.0562715 0.2875 0.281122 0.078756 0.2875 0.281127
0.0674977 0.2875 0.269949 0.101278 0.2875 0.26999 0.0900258 0.2875 0.259023 0.12376
0.2875 0.259026 0.118141 0.2875 0.259014 0.112525 0.2875 0.259046 0.129382 0.2875
0.253621 0.151877 0.2875 0.253615 0.146252 0.2875 0.253611 0.140628 0.2875 0.253599
0.135004 0.2875 0.248289 0.163126 0.2875 0.248288 0.157501 0.2875 0.314732 0.022611
0.2875 0.31477 0.000134777 0.2875 0.337324 -0.0223884 0.2875 0.337362 -0.0448936 0.2875
0.359896 -0.0674165 0.2875 0.359915 -0.0899253 0.2875 0.404932 -0.0899553 0.2875 0.243058
0.174375 0.2875 0.243058 0.16875 0.2875 0.238484 0.185625 0.2875 0.238484 0.18
0.2875 0.281112 0.0562523 0.2875 0.28109 0.0450167 0.2875 0.292251 0.0226221 0.2875
0.270028 0.0787498 0.2875 0.270015 0.0674702 0.2875 0.259036 0.101305 0.2875 0.25907
0.0956977 0.2875 0.259091 0.0900792 0.2875 0.259031 0.106914 0.2875 0.253574 0.11814
0.2875 0.25357 0.112527 0.2875 0.253579 0.123759 0.2875 0.253591 0.12938 0.2875
0.248288 0.151876 0.2875 0.248285 0.146251 0.2875 0.248282 0.140626 0.2875 0.248276
0.135002 0.2875 0.243057 0.163125 0.2875 0.243057 0.1575 0.2875 0.292268 0.000167768
0.2875 0.314812 -0.022358 0.2875 0.33739 -0.0674015 0.2875 0.314852 -0.0448642 0.2875
0.337407 -0.0899085 0.2875 0.238484 0.174375 0.2875 0.238484 0.16875 0.2875 0.26989
0.0449974 0.2875 0.269791 0.0226234 0.2875 0.269949 0.0562226 0.2875 0.259144 0.0787724
0.2875 0.259147 0.0730826 0.2875 0.259094 0.0674227 0.2875 0.259135 0.0844433 0.2875
0.253615 0.095727 0.2875 0.253646 0.0901274 0.2875 0.253589 0.101321 0.2875 0.253578
0.10692 0.2875 0.248259 0.118138 0.2875 0.248258 0.112527 0.2875 0.248263 0.123757
0.2875 0.24827 0.129378 0.2875 0.243057 0.151875 0.2875 0.243056 0.14625 0.2875
0.243055 0.140625 0.2875 0.243053 0.135001 0.2875 0.238484 0.163125 0.2875 0.238484
0.1575 0.2875 0.269782 0.000202176 0.2875 0.292304 -0.0223172 0.2875 0.314883 -0.0673763
0.2875 0.292343 -0.0448253 0.2875 0.314902 -0.0898873 0.2875 0.31494 -0.134919 0.2875
0.359949 -0.134947 0.2875 0.25869 0.0449622 0.2875 0.247431 0.0449198 0.2875 0.247353
0.0337582 0.2875 0.247332 0.0225917 0.2875 0.25882 0.0561738 0.2875 0.253669 0.0730697
0.2875 0.253601 0.0673911 0.2875 0.253695 0.0788154 0.2875 0.253681 0.0845027 0.2875
0.248294 0.0957747 0.2875 0.248327 0.0902147 0.2875 0.248273 0.101342 0.2875 0.248262
0.106927 0.2875 0.243048 0.118134 0.2875 0.243049 0.112523 0.2875 0.24305 0.123754
0.2875 0.243052 0.129376 0.2875 0.238484 0.151875 0.2875 0.238484 0.14625 0.2875
0.238484 0.140625 0.2875 0.238484 0.135 0.2875 0.247329 0.0114093 0.2875 0.247321
0.000208077 0.2875 0.269805 -0.02227 0.2875 0.292375 -0.0673424 0.2875 0.26984 -0.0447804
0.2875 0.292393 -0.089856 0.2875 0.269892 -0.0898279 0.2875 0.269935 -0.134887 0.2875
0.247715 0.0560767 0.2875 0.235958 0.0448082 0.2875 0.236052 0.0337357 0.2875 0.236072
0.0225941 0.2875 0.250319 0.0673533 0.2875 0.248074 0.0673274 0.2875 0.247937 0.0633475
0.2875 0.24788 0.0616888 0.2875 0.252869 0.0730615 0.2875 0.253536 0.0788187 0.2875
0.248339 0.0789221 0.2875 0.24825 0.0730136 0.2875 0.251363 0.0845615 0.2875 0.248353
0.0846355 0.2875 0.248342 0.087684 0.2875 0.243412 0.090314 0.2875 0.243075 0.0958219
0.2875 0.243109 0.0904555 0.2875 0.243109 0.09032 0.2875 0.243059 0.101358 0.2875
0.243051 0.106927 0.2875 0.238484 0.11813 0.2875 0.238485 0.112517 0.2875 0.238484
0.123751 0.2875 0.238484 0.129375 0.2875 0.247316 -0.022222 0.2875 0.236082 0.0114195
0.2875 0.236082 0.000214691 0.2875 0.269871 -0.0673054 0.2875 0.247343 -0.0447346 0.2875
0.247389 -0.0897939 0.2875 0.224896 -0.089778 0.2875 0.224938 -0.134863 0.2875 0.242012
0.0560457 0.2875 0.241228 0.0560399 0.2875 0.2361 0.0560032 0.2875 0.235961 0.0503939
0.2875 0.23596 0.0491376 0.2875 0.230231 0.0447585 0.2875 0.22454 0.0447023 0.2875
0.224663 0.039217 0.2875 0.22474 0.0336776 0.2875 0.224815 0.0226161 0.2875 0.246447
0.0616804 0.2875 0.242489 0.0672341 0.2875 0.2422 0.0616557 0.2875 0.242038 0.0568358
0.2875 0.243006 0.0791593 0.2875 0.242818 0.0727794 0.2875 0.243109 0.084865 0.2875
0.238509 0.095842 0.2875 0.238546 0.0912308 0.2875 0.238546 0.0903637 0.2875 0.238493
0.101357 0.2875 0.238487 0.106921 0.2875 0.224838 0.000253854 0.2875 0.22483 -0.0221724
0.2875 0.224834 0.0114541 0.2875 0.247371 -0.067268 0.2875 0.224851 -0.0446956 0.2875
0.224877 -0.0672407 0.2875 0.202401 -0.0897655 0.2875 0.179914 -0.0897829 0.2875 0.179948
-0.134868 0.2875 0.236309 0.0616397 0.2875 0.230176 0.0558723 0.2875 0.230176 0.0503098
0.2875 0.230225 0.0453122 0.2875 0.224538 0.0448167 0.2875 0.218881 0.0446297 0.2875
0.21904 0.0392232 0.2875 0.224431 0.0500973 0.2875 0.219121 0.0336879 0.2875 0.236612
0.0671747 0.2875 0.237694 0.0799513 0.2875 0.235637 0.0737474 0.2875 0.238512 0.0851665
0.2875 0.213596 0.000295118 0.2875 0.202354 0.000348705 0.2875 0.202344 -0.0221313 0.2875
0.213593 0.0115104 0.2875 0.202362 -0.0446752 0.2875 0.202385 -0.0672289 0.2875 0.179898
-0.0672434 0.2875 0.157425 -0.089806 0.2875 0.134943 -0.0898483 0.2875 0.134964 -0.134902
0.2875 0.230216 0.0616816 0.2875 0.224554 0.055366 0.2875 0.218871 0.044973 0.2875
0.218714 0.0497421 0.2875 0.229856 0.0680582 0.2875 0.229668 0.0739435 0.2875 0.229525
0.0739507 0.2875 0.229618 0.0721869 0.2875 0.191111 0.000393697 0.2875 0.179869 0.000400735
0.2875 0.17986 -0.0221353 0.2875 0.202354 0.0115954 0.2875 0.179877 -0.0446893 0.2875
0.157413 -0.0672785 0.2875 0.134933 -0.0673279 0.2875 0.112458 -0.0898853 0.2875 0.0899742
-0.089922 0.2875 0.0899807 -0.134944 0.2875 0.224636 0.0581839 0.2875 0.229492 0.0616253
0.2875 0.22468 0.0612939 0.2875 0.217517 0.0560912 0.2875 0.22556 0.0680714 0.2875
0.223154 0.0680819 0.2875 0.223305 0.0739412 0.2875 0.168629 0.00037081 0.2875 0.157389
0.000301645 0.2875 0.157381 -0.0222051 0.2875 0.191111 0.0116823 0.2875 0.179868 0.0117234
0.2875 0.157396 -0.0447388 0.2875 0.13492 -0.0448059 0.2875 0.112453 -0.0673763 0.2875
0.0899728 -0.0674171 0.2875 0.0674862 -0.0899474 0.2875 0.0449947 -0.0899663 0.2875 0.0449925
-0.134973 0.2875 0.218796 0.0575944 0.2875 0.220329 0.0611936 0.2875 0.218777 0.0645204
0.2875 0.222854 0.0680214 0.2875 0.218312 0.067114 0.2875 0.218926 0.0738987 0.2875
0.219337 0.0716604 0.2875 0.146149 0.000228502 0.2875 0.13491 0.000171653 0.2875 0.134909
-0.0222989 0.2875 0.168632 0.0116803 0.2875 0.157393 0.0115831 0.2875 0.112447 -0.0448687
0.2875 0.0674876 -0.0674454 0.2875 0.0899723 -0.0449149 0.2875 0.0449973 -0.0674643 0.2875
0.0224998 -0.0899782 0.2875 1.93928e-06 -0.0899864 0.2875 -1.98291e-06 -0.134989 0.2875 0.112442
8.56027e-05 0.2875 0.112442 -0.0223764 0.2875 0.146148 0.0114773 0.2875 0.134904 0.0114057
0.2875 0.067491 -0.0449439 0.2875 0.0899741 -0.0224223 0.2875 0.0450024 -0.0449616 0.2875
0.0225025 -0.0674766 0.2875 -0.0450002 -0.134996 0.2875 -0.0224972 -0.0899914 0.2875 -0.0449976
-0.0899948 0.2875 4.35974e-06 -0.0674848 0.2875 0.134901 0.0225907 0.2875 0.123671 0.0225164
0.2875 0.112446 0.0225046 0.2875 0.0899784 5.56512e-05 0.2875 0.067497 -0.0224453 0.2875
0.0450096 -0.0224578 0.2875 0.0225075 -0.0449732 0.2875 -0.067498 -0.0899968 0.2875 -0.0899985
-0.0899979 0.2875 -0.09 -0.134999 0.2875 -0.0224957 -0.0674902 0.2875 -0.0449965 -0.0674938
0.2875 8.1613e-06 -0.0449814 0.2875 0.134877 0.0337464 0.2875 0.123659 0.0337064 0.2875
0.101217 0.022502 0.2875 0.0899802 0.0225191 0.2875 0.112443 0.0337163 0.2875 0.0675031
5.18476e-05 0.2875 0.0450157 5.14158e-05 0.2875 0.0225137 -0.0224669 0.2875 -0.0674974 -0.0674961
0.2875 -0.089998 -0.0674973 0.2875 -0.0224933 -0.0449875 0.2875 -0.0449952 -0.0449919 0.2875
1.22339e-05 -0.0224754 0.2875 0.134853 0.0447437 0.2875 0.12925 0.0447783 0.2875 0.123641
0.0448239 0.2875 0.0675001 0.0225585 0.2875 0.101217 0.0337385 0.2875 0.0899765 0.033761
0.2875 0.112441 0.0449239 0.2875 0.140421 0.0447489 0.2875 0.0450098 0.0225764 0.2875
0.0225176 4.6148e-05 0.2875 -0.0899978 -0.0449965 0.2875 -0.134999 -0.044999 0.2875 -0.135
-0.0899996 0.2875 -0.0674968 -0.0449949 0.2875 -0.0224913 -0.022483 0.2875 -0.0449946 -0.0224891
0.2875 1.33427e-05 3.5451e-05 0.2875 0.134895 0.0502609 0.2875 0.129262 0.0503632 0.2875
0.123635 0.050419 0.2875 0.0899706 0.04503 0.2875 0.0787096 0.0450765 0.2875 0.0674596
0.0451034 0.2875 0.10122 0.0449823 0.2875 0.123632 0.0560472 0.2875 0.118036 0.0560989
0.2875 0.112446 0.0561459 0.2875 0.14045 0.0501433 0.2875 0.0225103 0.0225738 0.2875
0.0562077 0.0451294 0.2875 0.0449651 0.0451412 0.2875 -0.089998 -0.0224952 0.2875 -0.0899997
5.6749e-06 0.2875 -0.135 1.98365e-06 0.2875 -0.0674969 -0.0224931 0.2875 -0.0224922 2.37537e-05
0.2875 -0.0449963 1.45438e-05 0.2875 5.08356e-06 0.0225543 0.2875 0.135028 0.0558515 0.2875
0.129292 0.0559934 0.2875 0.0899626 0.0563092 0.2875 0.0786855 0.0563519 0.2875 0.0674302
0.0563789 0.2875 0.101236 0.0562476 0.2875 0.118032 0.0617198 0.2875 0.112462 0.0617821
0.2875 0.123602 0.0616561 0.2875 0.140242 0.0555273 0.2875 0.140623 0.0548175 0.2875
0.140664 0.0555118 0.2875 0.140768 0.0555378 0.2875 0.033715 0.0451537 0.2875 0.0224717
0.0451406 0.2875 0.056179 0.0564066 0.2875 0.044936 0.0564311 0.2875 -0.0674987 8.67624e-06
0.2875 -0.0900032 0.0225063 0.2875 -0.0900083 0.0450051 0.2875 -0.135002 0.0450025 0.2875
-0.0225001 0.022533 0.2875 -0.0450027 0.0225182 0.2875 -2.12693e-05 0.045085 0.2875 0.135255
0.0619488 0.2875 0.129289 0.0617361 0.2875 0.0899476 0.0676101 0.2875 0.0786413 0.0676372
0.2875 0.0673894 0.0676558 0.2875 0.112517 0.067482 0.2875 0.106946 0.0675596 0.2875
0.101312 0.0675789 0.2875 0.118042 0.067342 0.2875 0.123551 0.0671018 0.2875 0.140892
0.0621331 0.2875 0.141145 0.0621399 0.2875 0.146373 0.0627634 0.2875 0.0336915 0.0564456
0.2875 0.0224465 0.0564404 0.2875 0.0561272 0.0676942 0.2875 0.0448911 0.0677425 0.2875
-0.0675033 0.0225099 0.2875 -0.0675116 0.0450091 0.2875 -0.0900149 0.0675022 0.2875 -0.0900175
0.0899982 0.2875 -0.135 0.0900026 0.2875 -0.0225199 0.045043 0.2875 -0.045016 0.0450195
0.2875 0.0224118 0.067752 0.2875 0.0111631 0.0677038 0.2875 -7.69052e-05 0.0676353 0.2875
0.135741 0.0683923 0.2875 0.129198 0.0673424 0.2875 0.0898867 0.0788778 0.2875 0.0842153
0.0789034 0.2875 0.078613 0.0788892 0.2875 0.0730042 0.0788813 0.2875 0.0673718 0.0788924
0.2875 0.112622 0.0732963 0.2875 0.107007 0.0732865 0.2875 0.101344 0.0732533 0.2875
0.101328 0.0789165 0.2875 0.0955788 0.0788508 0.2875 0.118107 0.0731168 0.2875 0.125042
0.0739496 0.2875 0.141199 0.062358 0.2875 0.143005 0.0682707 0.2875 0.14843 0.0665727
0.2875 0.148212 0.0673594 0.2875 0.0336521 0.0677733 0.2875 0.0560318 0.0789488 0.2875
0.0448347 0.0790779 0.2875 0.0616902 0.0789195 0.2875 -0.0675226 0.0675043 0.2875 -0.0900134
0.112496 0.2875 -0.0899925 0.135002 0.2875 -0.134984 0.135007 0.2875 -0.0675317 0.0899949
0.2875 -0.0113271 0.0675874 0.2875 -0.0225609 0.0675503 0.2875 -0.0450365 0.0675135 0.2875
0.0223696 0.0791107 0.2875 0.0111376 0.0789974 0.2875 -0.000103352 0.0788971 0.2875 0.13576
0.073998 0.2875 0.129209 0.0722655 0.2875 0.089843 0.0844389 0.2875 0.0842029 0.0844828
0.2875 0.0786799 0.0844564 0.2875 0.0730736 0.0844638 0.2875 0.0674195 0.0844821 0.2875
0.112858 0.0794402 0.2875 0.107099 0.0790877 0.2875 0.0954957 0.0843693 0.2875 0.101268
0.084495 0.2875 0.118566 0.0803513 0.2875 0.12391 0.0825771 0.2875 0.143584 0.0739522
0.2875 0.1446 0.0738554 0.2875 0.0335987 0.0791676 0.2875 0.0559609 0.0845711 0.2875
0.0558134 0.0901962 0.2875 0.0503048 0.0903868 0.2875 0.0447823 0.0906108 0.2875 0.0616585
0.0845245 0.2875 -0.0675305 0.112487 0.2875 -0.0675034 0.134993 0.2875 -0.0899571 0.157513
0.2875 -0.08991 0.180022 0.2875 -0.134944 0.180013 0.2875 -0.0450591 0.0899917 0.2875
-0.0113484 0.0788316 0.2875 -0.022589 0.0787973 0.2875 -0.0226105 0.0900173 0.2875 0.0223157
0.0906214 0.2875 0.0111082 0.0902999 0.2875 -0.000137504 0.090136 0.2875 0.0897539 0.0899182
0.2875 0.0841992 0.0899687 0.2875 0.0789267 0.0899415 0.2875 0.0732438 0.0900133 0.2875
0.0675369 0.0900293 0.2875 0.112999 0.0850224 0.2875 0.107133 0.0847328 0.2875 0.0952566
0.0897243 0.2875 0.101108 0.0900247 0.2875 0.118802 0.085446 0.2875 0.12383 0.085895
0.2875 0.0391738 0.0907842 0.2875 0.0335393 0.0907914 0.2875 0.0279187 0.090727 0.2875
0.0502715 0.0961038 0.2875 0.0448335 0.0964687 0.2875 0.0555279 0.0957666 0.2875 0.0615583
0.0900989 0.2875 -0.0450757 0.112462 0.2875 -0.045067 0.123707 0.2875 -0.045033 0.134968
0.2875 -0.0674513 0.157513 0.2875 -0.0673821 0.180031 0.2875 -0.0898545 0.202524 0.2875
-0.0898044 0.225017 0.2875 -0.134892 0.225012 0.2875 -0.0113772 0.0900528 0.2875 -0.0226364
0.101228 0.2875 -0.0226591 0.112431 0.2875 -0.0338578 0.112449 0.2875 0.0223118 0.0963276
0.2875 0.0223451 0.10196 0.2875 0.0167486 0.10175 0.2875 0.0111108 0.101593 0.2875
-0.00018595 0.101317 0.2875 0.0895966 0.0957131 0.2875 0.0842009 0.0955931 0.2875 0.079495
0.0957129 0.2875 0.0734637 0.0956288 0.2875 0.0677066 0.0955245 0.2875 0.113039 0.0905202
0.2875 0.107068 0.0903434 0.2875 0.0945943 0.0952988 0.2875 0.100828 0.0956948 0.2875
0.118883 0.0905839 0.2875 0.123832 0.0905936 0.2875 0.0391918 0.0966808 0.2875 0.033516
0.0966393 0.2875 0.0279052 0.0964645 0.2875 0.0504352 0.102069 0.2875 0.0450563 0.10267
0.2875 0.0552963 0.101414 0.2875 0.061265 0.0956094 0.2875 -0.0449896 0.146236 0.2875
-0.044939 0.15751 0.2875 -0.0338479 0.123689 0.2875 -0.0338067 0.13495 0.2875 -0.0448813
0.168783 0.2875 -0.0448182 0.180052 0.2875 -0.0673019 0.202533 0.2875 -0.067232 0.225019
0.2875 -0.0114191 0.101246 0.2875 -0.0114819 0.112404 0.2875 -0.0226634 0.12365 0.2875
0.0224234 0.107595 0.2875 0.0167944 0.107353 0.2875 0.0111097 0.107166 0.2875 0.0278993
0.102214 0.2875 0.0110465 0.112612 0.2875 0.00530287 0.112426 0.2875 -0.000341358 0.112375
0.2875 0.0839894 0.101402 0.2875 0.0790242 0.101835 0.2875 0.0789903 0.0981179 0.2875
0.0840389 0.0997762 0.2875 0.0899172 0.101399 0.2875 0.0860917 0.101369 0.2875 0.0751656
0.101759 0.2875 0.0733159 0.101737 0.2875 0.0675094 0.101304 0.2875 0.113004 0.0962192
0.2875 0.10692 0.0961775 0.2875 0.0946145 0.101934 0.2875 0.100641 0.102271 0.2875
0.118882 0.0960073 0.2875 0.123832 0.0958506 0.2875 0.0392522 0.102859 0.2875 0.0334841
0.102646 0.2875 0.0514663 0.108931 0.2875 0.0455549 0.10929 0.2875 0.0555722 0.108161
0.2875 0.0606522 0.101301 0.2875 -0.0337452 0.146226 0.2875 -0.0336821 0.157507 0.2875
-0.0226023 0.134916 0.2875 -0.044732 0.191314 0.2875 -0.0446612 0.202557 0.2875 -0.0336171
0.168789 0.2875 -0.0335356 0.180068 0.2875 -0.0445501 0.225016 0.2875 -0.0445831 0.213791
0.2875 -0.0115774 0.123546 0.2875 0.0226038 0.113239 0.2875 0.0168727 0.112911 0.2875
0.0279095 0.107851 0.2875 0.00515102 0.117894 0.2875 -0.000443143 0.117897 0.2875 0.0108699
0.117989 0.2875 0.0839776 0.107682 0.2875 0.0821841 0.10827 0.2875 0.0791208 0.104894
0.2875 0.0891146 0.107645 0.2875 0.0870691 0.107858 0.2875 0.079664 0.108305 0.2875
0.0730191 0.108605 0.2875 0.0651137 0.107331 0.2875 0.112949 0.102354 0.2875 0.106783
0.102608 0.2875 0.0942546 0.108211 0.2875 0.100376 0.109091 0.2875 0.118811 0.10177
0.2875 0.123831 0.10132 0.2875 0.0393406 0.109258 0.2875 0.0334378 0.108805 0.2875
0.0526171 0.114746 0.2875 0.0458193 0.114753 0.2875 0.059954 0.107081 0.2875 0.0562763
0.114773 0.2875 -0.0225025 0.14621 0.2875 -0.0224199 0.157503 0.2875 -0.0115544 0.129175
0.2875 -0.0114572 0.134848 0.2875 -0.0334216 0.191336 0.2875 -0.0332962 0.20258 0.2875
-0.0223482 0.168795 0.2875 -0.0222503 0.180094 0.2875 -0.0331952 0.213803 0.2875 -0.0331353
0.225008 0.2875 -0.000569837 0.123406 0.2875 -0.00604857 0.123489 0.2875 0.0295121 0.114753
0.2875 0.0233537 0.119438 0.2875 0.0169516 0.118383 0.2875 0.00483874 0.12326 0.2875
0.0102942 0.123096 0.2875 0.0840328 0.108899 0.2875 0.0883791 0.114688 0.2875 0.0848537
0.113155 0.2875 0.0810912 0.114797 0.2875 0.0730683 0.11476 0.2875 0.0649123 0.114749
0.2875 0.113103 0.108795 0.2875 0.106691 0.109238 0.2875 0.0935685 0.114755 0.2875
0.100204 0.114757 0.2875 0.118392 0.108187 0.2875 0.123809 0.106596 0.2875 0.0393788
0.114759 0.2875 0.0338386 0.114778 0.2875 0.0609793 0.114756 0.2875 -0.0113485 0.140523
0.2875 -0.0112544 0.146191 0.2875 -0.0111869 0.151846 0.2875 -0.0111427 0.157494 0.2875
-0.00603121 0.129116 0.2875 -0.00588497 0.134823 0.2875 -0.0220772 0.191383 0.2875 -0.021756
0.202638 0.2875 -0.0110773 0.168794 0.2875 -0.0110367 0.174459 0.2875 -0.0109751 0.180137
0.2875 -0.0111079 0.163142 0.2875 -0.0215829 0.213851 0.2875 -0.021464 0.219439 0.2875
-0.0214413 0.225002 0.2875 -0.0216637 0.208252 0.2875 -0.000635124 0.128981 0.2875 0.02945
0.120732 0.2875 0.0232403 0.12476 0.2875 0.0166281 0.123324 0.2875 0.00449311 0.128668
0.2875 0.0109076 0.129648 0.2875 0.11373 0.114012 0.2875 0.106655 0.114756 0.2875
0.116621 0.11371 0.2875 -0.00572661 0.140521 0.2875 -0.0056133 0.146194 0.2875 -0.005544
0.151848 0.2875 -0.00550279 0.157492 0.2875 -0.000338698 0.134798 0.2875 -0.0108716 0.185825
0.2875 -0.0107087 0.191494 0.2875 -0.0104764 0.197135 0.2875 -0.0102748 0.202727 0.2875
-0.0160074 0.202673 0.2875 -0.00541754 0.174448 0.2875 -0.00536374 0.180146 0.2875 -0.00545002
0.168784 0.2875 -0.00547475 0.163135 0.2875 -0.0155429 0.219488 0.2875 -0.015467 0.225022
0.2875 -0.0157713 0.213894 0.2875 -0.0159137 0.208288 0.2875 0.0274187 0.126077 0.2875
0.0294503 0.121294 0.2875 0.0218576 0.128171 0.2875 0.0165623 0.127725 0.2875 0.0294761
0.126702 0.2875 0.00522787 0.134828 0.2875 0.0106996 0.135337 0.2875 -8.34303e-05 0.140533
0.2875 5.11927e-05 0.146208 0.2875 0.000113881 0.151855 0.2875 0.000144169 0.15749 0.2875
-0.00526498 0.185859 0.2875 -0.00508461 0.191563 0.2875 -0.00477847 0.197208 0.2875 -0.00444304
0.202765 0.2875 -0.0101265 0.208345 0.2875 0.000195679 0.174411 0.2875 0.000231775 0.180148
0.2875 0.00017609 0.16876 0.2875 0.000161621 0.163122 0.2875 -0.00928447 0.219613 0.2875
-0.00912173 0.22512 0.2875 -0.00989769 0.213968 0.2875 0.0281936 0.127371 0.2875 0.0250335
0.129779 0.2875 0.00562067 0.14058 0.2875 0.0107 0.140669 0.2875 0.00574356 0.146235
0.2875 0.00577871 0.151868 0.2875 0.00579099 0.157488 0.2875 0.000311299 0.185918 0.2875
0.000498259 0.191703 0.2875 0.000923127 0.197397 0.2875 0.00162939 0.202765 0.2875 -0.0043524
0.208401 0.2875 0.00580794 0.174303 0.2875 0.00582015 0.180137 0.2875 0.00580111 0.168729
0.2875 0.0057967 0.163108 0.2875 -0.00245946 0.219819 0.2875 -0.00222189 0.225551 0.2875
-0.00418285 0.214028 0.2875 0.0107 0.146254 0.2875 0.117665 0.127136 0.2875 0.117903
0.124773 0.2875 0.123648 0.127588 0.2875 0.0107 0.15188 0.2875 0.0107 0.157486
0.2875 0.00585824 0.185984 0.2875 0.00599799 0.191931 0.2875 0.00647626 0.197802 0.2875
0.00847439 0.202594 0.2875 0.00284751 0.209962 0.2875 0.0107027 0.174091 0.2875 0.0107001
0.180133 0.2875 0.0107 0.168729 0.2875 0.0107 0.1631 0.2875 0.00402276 0.219846
0.2875 0.00382882 0.227428 0.2875 0.000662357 0.214344 0.2875 0.118026 0.130141 0.2875
0.0107011 0.186006 0.2875 0.0107126 0.192121 0.2875 0.0107115 0.195199 0.2875 0.0107131
0.198633 0.2875 0.00846554 0.198241 0.2875 0.00632504 0.2073 0.2875 0.0189329 0.201571
0.2875 0.0198231 0.201978 0.2875 0.0105761 0.206381 0.2875 0.0301772 0.361003 0.2875
0.0304723 0.361199 0.2875 0.030612 0.363292 0.2875 0.0297403 0.364013 0.2875 0.0225815
0.366309 0.2875 0.0229628 0.360725 0.2875 0.033247 0.369148 0.2875 0.033489 0.371273
0.2875 0.0279334 0.371756 0.2875 0.0239718 0.353556 0.2875 0.029585 0.355089 0.2875
0.0172067 0.366201 0.2875 0.0175781 0.360362 0.2875 0.0224901 0.371888 0.2875 0.0370522
0.36455 0.2875 0.039007 0.365622 0.2875 0.0390174 0.371467 0.2875 0.0326036 0.362867
0.2875 0.0334874 0.377243 0.2875 0.0279375 0.377399 0.2875 0.0181209 0.354007 0.2875
0.0232387 0.346396 0.2875 0.0312873 0.349171 0.2875 0.0170636 0.371846 0.2875 0.0116824
0.366084 0.2875 0.0118931 0.36037 0.2875 0.0224025 0.377462 0.2875 0.0344489 0.36187
0.2875 0.0390813 0.361004 0.2875 0.0446456 0.365858 0.2875 0.0446582 0.371538 0.2875
0.0390589 0.377228 0.2875 0.0335133 0.382936 0.2875 0.0279476 0.383007 0.2875 0.0187536
0.348051 0.2875 0.0120896 0.354606 0.2875 0.0223942 0.383025 0.2875 0.01134 0.382918
0.2875 0.0115489 0.371733 0.2875 0.00611042 0.365969 0.2875 0.00625825 0.36028 0.2875
0.044683 0.361004 0.2875 0.050387 0.365901 0.2875 0.0503682 0.371541 0.2875 0.0446973
0.37721 0.2875 0.0390967 0.382896 0.2875 0.033611 0.394141 0.2875 0.0224438 0.394146
0.2875 0.0132746 0.347992 0.2875 0.00640823 0.354554 0.2875 0.000187868 0.382782 0.2875
0.000402843 0.371538 0.2875 0.00600749 0.371619 0.2875 0.01129 0.394086 0.2875 0.000514905
0.365882 0.2875 0.000680517 0.360154 0.2875 0.0504292 0.361004 0.2875 0.0561155 0.365902
0.2875 0.0560832 0.371526 0.2875 0.0503807 0.37718 0.2875 0.0447362 0.382851 0.2875
0.0448474 0.394075 0.2875 0.0336704 0.40532 0.2875 0.0224734 0.405309 0.2875 0.00653643
0.348771 0.2875 0.000876092 0.354389 0.2875 0.000109943 0.394003 0.2875 -0.0110092 0.382679
0.2875 -0.0108531 0.371391 0.2875 0.0112794 0.405282 0.2875 -0.0105244 0.360019 0.2875
-0.00488046 0.360047 0.2875 0.0561566 0.361004 0.2875 0.0618074 0.365899 0.2875 0.0617787
0.371513 0.2875 0.0560781 0.377149 0.2875 0.0504 0.382809 0.2875 0.0449218 0.405263
0.2875 0.0560872 0.382769 0.2875 0.0561508 0.393995 0.2875 0.00115824 0.348528 0.2875
0.00644504 0.343531 0.2875 -0.00473529 0.354338 0.2875 7.9e-05 0.405218 0.2875 -0.0110956
0.393933 0.2875 -0.022238 0.382616 0.2875 -0.0221158 0.371335 0.2875 -0.0219359 0.360033
0.2875 -0.0103886 0.35434 0.2875 0.0618367 0.361004 0.2875 0.0617681 0.377124 0.2875
0.0562011 0.405205 0.2875 0.0617689 0.38274 0.2875 0.00301585 0.341087 0.2875 -0.00452759
0.348598 0.2875 -0.0111341 0.405173 0.2875 -0.0223243 0.393889 0.2875 -0.0334693 0.382574
0.2875 -0.0333927 0.371306 0.2875 -0.0216237 0.348746 0.2875 -0.0159124 0.348719 0.2875
-0.0102361 0.348675 0.2875 -0.0332742 0.360031 0.2875 -0.00432092 0.342916 0.2875 -0.0447393
0.382553 0.2875 -0.0446691 0.371293 0.2875 -0.0331305 0.348769 0.2875 -0.0215234 0.343153
0.2875 -0.0158163 0.343137 0.2875 -0.0100881 0.343083 0.2875 -0.0445879 0.360027 0.2875
-0.00435334 0.337712 0.2875 0.000885875 0.337411 0.2875 -0.0672821 0.38253 0.2875 -0.0671972
0.360019 0.2875 -0.0330036 0.337547 0.2875 -0.0214243 0.337602 0.2875 -0.0444793 0.34877
0.2875 -0.015692 0.337631 0.2875 -0.00996561 0.337671 0.2875 -0.00397155 0.332451 0.2875
0.0004 0.332437 0.2875 -0.0898022 0.382518 0.2875 -0.0671129 0.337513 0.2875 -0.044407
0.337527 0.2875 -0.0897488 0.360013 0.2875 -0.0329083 0.326333 0.2875 -0.0211803 0.326498
0.2875 -0.0212776 0.332068 0.2875 -0.0154843 0.332149 0.2875 -0.00963323 0.332292 0.2875
0.00218531 0.329864 0.2875 -0.00225173 0.327321 0.2875 -0.000966348 0.327412 0.2875 -0.134836
0.360004 0.2875 -0.0670742 0.315007 0.2875 -0.0443398 0.315023 0.2875 -0.0443312 0.326288
0.2875 -0.0896934 0.337508 0.2875 -0.0329272 0.315056 0.2875 -0.0213203 0.315171 0.2875
-0.0211761 0.320875 0.2875 -0.015244 0.326632 0.2875 -0.00898365 0.326898 0.2875 0.00382275
0.327751 0.2875 -0.00231795 0.321826 0.2875 -2.48682e-05 0.322282 0.2875 -0.134814 0.315004
0.2875 -0.0896748 0.315005 0.2875 -0.0443486 0.292486 0.2875 -0.0443309 0.303748 0.2875
-0.067075 0.2925 0.2875 -0.0155547 0.315255 0.2875 -0.0152691 0.321008 0.2875 -0.0329648
0.303746 0.2875 -0.0214852 0.303735 0.2875 -0.0214217 0.309446 0.2875 -0.00903901 0.321294
0.2875 0.00363852 0.322933 0.2875 -0.00423231 0.315642 0.2875 0.000444151 0.316203 0.2875
0.00251359 0.320579 0.2875 -0.134839 0.270007 0.2875 -0.0897057 0.270007 0.2875 -0.0896716
0.292503 0.2875 -0.0671059 0.270006 0.2875 -0.0443742 0.270007 0.2875 -0.0443298 0.281242
0.2875 -0.0329613 0.292468 0.2875 -0.0157385 0.30946 0.2875 -0.00977713 0.31541 0.2875
-0.0214799 0.298054 0.2875 -0.0214557 0.292412 0.2875 -0.0158054 0.303714 0.2875 -0.00455343
0.309349 0.2875 0.00239143 0.310604 0.2875 -0.0897473 0.247511 0.2875 -0.0671674 0.24751
0.2875 -0.0444789 0.247503 0.2875 -0.0444083 0.25876 0.2875 -0.0329614 0.270019 0.2875
-0.0329321 0.281235 0.2875 -0.0100803 0.309456 0.2875 -0.0157615 0.292376 0.2875 -0.0158015
0.298024 0.2875 -0.0213042 0.281211 0.2875 -0.0213768 0.286796 0.2875 -0.0101149 0.30366
0.2875 -0.00436528 0.303535 0.2875 0.0017432 0.303285 0.2875 -0.0445024 0.23625 0.2875
-0.0330406 0.258769 0.2875 -0.0331099 0.247497 0.2875 -0.0213406 0.270074 0.2875 -0.0212634
0.275647 0.2875 -0.0156537 0.286761 0.2875 -0.0100638 0.292317 0.2875 -0.010091 0.297972
0.2875 -0.0154694 0.281185 0.2875 0.00936318 0.302723 0.2875 0.00638179 0.307328 0.2875
-0.00428971 0.297914 0.2875 0.00187574 0.297903 0.2875 -0.0331262 0.236233 0.2875 -0.0215516
0.258806 0.2875 -0.0214424 0.264458 0.2875 -0.0216489 0.247484 0.2875 -0.0216098 0.253147
0.2875 -0.0155257 0.270139 0.2875 -0.0154133 0.275663 0.2875 -0.00990371 0.286691 0.2875
-0.00439997 0.292243 0.2875 -0.00939494 0.281115 0.2875 0.00952207 0.29809 0.2875 0.0206112
0.302268 0.2875 0.0204424 0.302069 0.2875 0.00272211 0.290667 0.2875 -0.0214594 0.230562
0.2875 -0.0215679 0.236178 0.2875 -0.0216216 0.241823 0.2875 -0.0157379 0.264507 0.2875
-0.0158748 0.258828 0.2875 -0.0159739 0.24748 0.2875 -0.0159505 0.253151 0.2875 -0.00951897
0.270322 0.2875 -0.00928279 0.275691 0.2875 -0.00427622 0.286584 0.2875 -0.00279384 0.280946
0.2875 0.0211368 0.302021 0.2875 0.00638187 0.29344 0.2875 0.0201404 0.298686 0.2875
0.000594928 0.286125 0.2875 -0.0155474 0.230521 0.2875 -0.0157867 0.236138 0.2875 -0.0159226
0.241808 0.2875 -0.0100309 0.264612 0.2875 -0.0102152 0.258855 0.2875 -0.0103092 0.247483
0.2875 -0.0102998 0.253154 0.2875 -0.00310206 0.270823 0.2875 -0.00261745 0.2757 0.2875
0.00385594 0.280597 0.2875 0.0210913 0.298751 0.2875 0.0106711 0.294378 0.2875 0.0206405
0.298512 0.2875 -0.00929046 0.230401 0.2875 -0.00995758 0.236058 0.2875 -0.010217 0.241797
0.2875 -0.00446134 0.26478 0.2875 -0.00459747 0.258843 0.2875 -0.00468005 0.24751 0.2875
-0.00467453 0.253133 0.2875 0.00307155 0.272648 0.2875 0.00366176 0.275409 0.2875 -0.00241982
0.229975 0.2875 -0.00429734 0.235931 0.2875 -0.0045851 0.241837 0.2875 0.000474556 0.265212
0.2875 0.00253009 0.260228 0.2875 0.000908705 0.247592 0.2875 0.000928329 0.253047 0.2875
0.119653 0.349155 0.2875 0.118266 0.349368 0.2875 0.11824 0.34903 0.2875 0.00389282
0.228037 0.2875 0.000469506 0.235478 0.2875 0.00248557 0.240471 0.2875 0.00640848 0.247782
0.2875 0.00641018 0.252782 0.2875 0.00626953 0.257304 0.2875 0.119757 0.346814 0.2875
0.118291 0.348882 0.2875 0.119661 0.346773 0.2875 0.119683 0.34675 0.2875 0.00625354
0.243447 0.2875 0.0107 0.248104 0.2875 0.0107 0.252332 0.2875 0.0107 0.256379
0.2875 0.119689 0.346749 0.2875 0.120164 0.346301 0.2875 0.0107 0.244379 0.2875
0.25853 0.449675 0.2875 0.2698 0.449719 0.2875 0.292312 0.449801 0.2875 0.258532
0.4384 0.2875 0.269805 0.43845 0.2875 0.269839 0.427213 0.2875 0.281101 0.427286
0.2875 0.292343 0.427325 0.2875 0.314821 0.449855 0.2875 0.258562 0.427119 0.2875
0.314813 0.427372 0.2875 0.269899 0.415988 0.2875 0.28113 0.416061 0.2875 0.292363
0.416095 0.2875 0.337334 0.44989 0.2875 0.258661 0.415862 0.2875 0.292378 0.40489
0.2875 0.31481 0.404908 0.2875 0.337315 0.427401 0.2875 0.269988 0.404819 0.2875
0.281168 0.404868 0.2875 0.258921 0.404732 0.2875 0.247686 0.404482 0.2875 0.253342
0.404644 0.2875 0.247495 0.410016 0.2875 0.292396 0.393695 0.2875 0.29239 0.382496
0.2875 0.314798 0.382455 0.2875 0.337298 0.404922 0.2875 0.359821 0.427416 0.2875
0.270066 0.393718 0.2875 0.281199 0.393703 0.2875 0.259026 0.399207 0.2875 0.259125
0.393762 0.2875 0.247405 0.404476 0.2875 0.243005 0.409948 0.2875 0.249299 0.399057
0.2875 0.253492 0.399141 0.2875 0.24775 0.403267 0.2875 0.241805 0.409929 0.2875
0.241976 0.404326 0.2875 0.241782 0.41094 0.2875 0.247973 0.399026 0.2875 0.359804
0.404931 0.2875 0.404832 0.40495 0.2875 0.235972 0.413525 0.2875 0.236082 0.409856
0.2875 0.314778 0.35998 0.2875 0.292389 0.371278 0.2875 0.29237 0.360028 0.2875
0.33728 0.382446 0.2875 0.281205 0.382536 0.2875 0.270081 0.382627 0.2875 0.259177
0.388352 0.2875 0.259164 0.382856 0.2875 0.253703 0.393755 0.2875 0.248236 0.396607
0.2875 0.248538 0.39378 0.2875 0.242252 0.398888 0.2875 0.23618 0.404168 0.2875
0.359781 0.382446 0.2875 0.359763 0.35996 0.2875 0.404794 0.359964 0.2875 0.230288
0.413509 0.2875 0.230521 0.409887 0.2875 0.314755 0.337485 0.2875 0.292365 0.348773
0.2875 0.29235 0.337511 0.2875 0.337259 0.359964 0.2875 0.281195 0.37132 0.2875
0.28118 0.36006 0.2875 0.270064 0.371409 0.2875 0.259158 0.377267 0.2875 0.259131
0.371583 0.2875 0.253739 0.388454 0.2875 0.253715 0.383 0.2875 0.247254 0.393864
0.2875 0.248478 0.388712 0.2875 0.234745 0.397501 0.2875 0.243835 0.394006 0.2875
0.230831 0.40384 0.2875 0.359737 0.337469 0.2875 0.359713 0.314976 0.2875 0.404749
0.314977 0.2875 0.227068 0.409929 0.2875 0.314731 0.314988 0.2875 0.29235 0.326256
0.2875 0.292338 0.315002 0.2875 0.337236 0.337474 0.2875 0.281168 0.348788 0.2875
0.281159 0.33752 0.2875 0.270045 0.360111 0.2875 0.259129 0.365882 0.2875 0.25911
0.360175 0.2875 0.253689 0.377373 0.2875 0.253667 0.371648 0.2875 0.248387 0.38327
0.2875 0.23574 0.394818 0.2875 0.236634 0.393343 0.2875 0.242106 0.393985 0.2875
0.24373 0.392293 0.2875 0.24337 0.389297 0.2875 0.225342 0.409942 0.2875 0.225977
0.408103 0.2875 0.231385 0.397579 0.2875 0.226985 0.405072 0.2875 0.337209 0.31498
0.2875 0.359673 0.292482 0.2875 0.3147 0.29249 0.2875 0.29234 0.303751 0.2875
0.292323 0.292499 0.2875 0.281154 0.32626 0.2875 0.28115 0.315005 0.2875 0.270032
0.348809 0.2875 0.270024 0.337527 0.2875 0.259114 0.354489 0.2875 0.2591 0.34882
0.2875 0.253656 0.365906 0.2875 0.253647 0.36018 0.2875 0.24834 0.377542 0.2875
0.248318 0.371722 0.2875 0.243139 0.383673 0.2875 0.238365 0.389754 0.2875 0.337173
0.292484 0.2875 0.292321 0.281249 0.2875 0.281147 0.303753 0.2875 0.281139 0.292501
0.2875 0.27002 0.326262 0.2875 0.270019 0.315006 0.2875 0.259108 0.343166 0.2875
0.259096 0.337524 0.2875 0.253644 0.354483 0.2875 0.253639 0.348812 0.2875 0.248307
0.365918 0.2875 0.248302 0.360167 0.2875 0.243082 0.37771 0.2875 0.243068 0.371754
0.2875 0.238469 0.383989 0.2875 0.28113 0.28125 0.2875 0.270017 0.303754 0.2875
0.270011 0.292502 0.2875 0.259106 0.331888 0.2875 0.259095 0.326258 0.2875 0.259106
0.32063 0.2875 0.259096 0.315003 0.2875 0.253639 0.34316 0.2875 0.253636 0.337519
0.2875 0.248299 0.354464 0.2875 0.248297 0.348796 0.2875 0.243063 0.365891 0.2875
0.243061 0.360126 0.2875 0.23848 0.377758 0.2875 0.238484 0.371718 0.2875 0.270001
0.281251 0.2875 0.259096 0.303751 0.2875 0.259104 0.298126 0.2875 0.259089 0.292501
0.2875 0.259107 0.309377 0.2875 0.253637 0.331885 0.2875 0.253636 0.326256 0.2875
0.253638 0.320628 0.2875 0.253637 0.315002 0.2875 0.248297 0.343148 0.2875 0.248296
0.337512 0.2875 0.24306 0.354431 0.2875 0.24306 0.348773 0.2875 0.238484 0.365837
0.2875 0.238484 0.360083 0.2875 0.259074 0.28125 0.2875 0.259077 0.275625 0.2875
0.259092 0.286876 0.2875 0.253637 0.298126 0.2875 0.253631 0.292501 0.2875 0.253637
0.303751 0.2875 0.253639 0.309376 0.2875 0.248296 0.331881 0.2875 0.248296 0.326253
0.2875 0.248296 0.320627 0.2875 0.248296 0.315001 0.2875 0.243059 0.343135 0.2875
0.243059 0.337504 0.2875 0.238484 0.354403 0.2875 0.238484 0.348758 0.2875 0.253613
0.275625 0.2875 0.253617 0.28125 0.2875 0.253627 0.286875 0.2875 0.248296 0.298125
0.2875 0.248293 0.2925 0.2875 0.248296 0.303751 0.2875 0.248297 0.309376 0.2875
0.243059 0.331877 0.2875 0.243059 0.326251 0.2875 0.243059 0.320625 0.2875 0.243059
0.315 0.2875 0.238484 0.343127 0.2875 0.238484 0.3375 0.2875 0.248281 0.275625
0.2875 0.248285 0.28125 0.2875 0.248289 0.286875 0.2875 0.243059 0.298125 0.2875
0.243058 0.2925 0.2875 0.243059 0.30375 0.2875 0.243059 0.309375 0.2875 0.238484
0.331875 0.2875 0.238484 0.32625 0.2875 0.238484 0.320625 0.2875 0.238484 0.315
0.2875 0.243055 0.275625 0.2875 0.243056 0.28125 0.2875 0.243057 0.286875 0.2875
0.238484 0.298125 0.2875 0.238484 0.2925 0.2875 0.238484 0.30375 0.2875 0.238484
0.309375 0.2875 0.238484 0.275625 0.2875 0.238484 0.28125 0.2875 0.238484 0.286875
0.2875 -0.9 0.9 0.2875 -0.945 0.9 0.2875 -0.945 0.855 0.2875
-0.9 0.855 0.2875 -0.855 0.9 0.2875 -0.855 0.855 0.2875 -0.9
0.945 0.2875 -0.945 0.945 0.2875 -0.81 0.9 0.2875 -0.81 0.855
0.2875 -0.855 0.945 0.2875 -0.9 0.99 0.2875 -0.945 0.99 0.2875
-0.765 0.9 0.2875 -0.765 0.855 0.2875 -0.81 0.945 0.2875 -0.855
0.99 0.2875 -0.9 1.035 0.2875 -0.945 1.035 0.2875 -0.72 0.9
0.2875 -0.72 0.855 0.2875 -0.765 0.945 0.2875 -0.81 0.99 0.2875
-0.855 1.035 0.2875 -0.9 1.08 0.2875 -0.945 1.08 0.2875 -0.675
0.9 0.2875 -0.675 0.855 0.2875 -0.72 0.945 0.2875 -0.765 0.99
0.2875 -0.81 1.035 0.2875 -0.855 1.08 0.2875 -0.9 1.125 0.2875
-0.945 1.125 0.2875 -0.63 0.9 0.2875 -0.63 0.855 0.2875 -0.675
0.945 0.2875 -0.72 0.99 0.2875 -0.765 1.035 0.2875 -0.81 1.08
0.2875 -0.855 1.125 0.2875 -0.9 1.17 0.2875 -0.945 1.17 0.2875
-0.585 0.9 0.2875 -0.585 0.855 0.2875 -0.63 0.945 0.2875 -0.675
0.99 0.2875 -0.72 1.035 0.2875 -0.765 1.08 0.2875 -0.81 1.125
0.2875 -0.855 1.17 0.2875 -0.9 1.215 0.2875 -0.945 1.215 0.2875
-0.54 0.9 0.2875 -0.54 0.855 0.2875 -0.585 0.945 0.2875 -0.63
0.99 0.2875 -0.675 1.035 0.2875 -0.72 1.08 0.2875 -0.765 1.125
0.2875 -0.81 1.17 0.2875 -0.855 1.215 0.2875 -0.9 1.26 0.2875
-0.945 1.26 0.2875 -0.495 0.9 0.2875 -0.495 0.855 0.2875 -0.54
0.945 0.2875 -0.585 0.99 0.2875 -0.63 1.035 0.2875 -0.675 1.08
0.2875 -0.72 1.125 0.2875 -0.765 1.17 0.2875 -0.81 1.215 0.2875
-0.855 1.26 0.2875 -0.9 1.305 0.2875 -0.945 1.305 0.2875 -0.45
0.9 0.2875 -0.45 0.855 0.2875 -0.495 0.945 0.2875 -0.54 0.99
0.2875 -0.585 1.035 0.2875 -0.63 1.08 0.2875 -0.675 1.125 0.2875
-0.72 1.17 0.2875 -0.765 1.215 0.2875 -0.81 1.26 0.2875 -0.855
1.305 0.2875 -0.9 1.35 0.2875 -0.945 1.35 0.2875 -0.405 0.9
0.2875 -0.405 0.855 0.2875 -0.45 0.945 0.2875 -0.495 0.99 0.2875
-0.54 1.035 0.2875 -0.585 1.08 0.2875 -0.63 1.125 0.2875 -0.675
1.17 0.2875 -0.72 1.215 0.2875 -0.765 1.26 0.2875 -0.81 1.305
0.2875 -0.855 1.35 0.2875 -0.9 1.395 0.2875 -0.945 1.395 0.2875
-0.36 0.9 0.2875 -0.36 0.855 0.2875 -0.405 0.945 0.2875 -0.45
0.99 0.2875 -0.495 1.035 0.2875 -0.54 1.08 0.2875 -0.585 1.125
0.2875 -0.63 1.17 0.2875 -0.675 1.215 0.2875 -0.72 1.26 0.2875
-0.765 1.305 0.2875 -0.81 1.35 0.2875 -0.855 1.395 0.2875 -0.9
1.44 0.2875 -0.945 1.44 0.2875 -0.315 0.9 0.2875 -0.315 0.855
0.2875 -0.36 0.945 0.2875 -0.405 0.99 0.2875 -0.45 1.035 0.2875
-0.495 1.08 0.2875 -0.54 1.125 0.2875 -0.585 1.17 0.2875 -0.63
1.215 0.2875 -0.675 1.26 0.2875 -0.72 1.305 0.2875 -0.765 1.35
0.2875 -0.81 1.395 0.2875 -0.855 1.44 0.2875 -0.9 1.485 0.2875
-0.945 1.485 0.2875 -0.27 0.9 0.2875 -0.27 0.855 0.2875 -0.315
0.945 0.2875 -0.36 0.99 0.2875 -0.405 1.035 0.2875 -0.45 1.08
0.2875 -0.495 1.125 0.2875 -0.54 1.17 0.2875 -0.585 1.215 0.2875
-0.63 1.26 0.2875 -0.675 1.305 0.2875 -0.72 1.35 0.2875 -0.765
1.395 0.2875 -0.81 1.44 0.2875 -0.855 1.485 0.2875 -0.9 1.53
0.2875 -0.945 1.53 0.2875 -0.225 0.9 0.2875 -0.225 0.855 0.2875
-0.27 0.945 0.2875 -0.315 0.99 0.2875 -0.36 1.035 0.2875 -0.405
1.08 0.2875 -0.45 1.125 0.2875 -0.495 1.17 0.2875 -0.54 1.215
0.2875 -0.585 1.26 0.2875 -0.63 1.305 0.2875 -0.675 1.35 0.2875
-0.72 1.395 0.2875 -0.765 1.44 0.2875 -0.81 1.485 0.2875 -0.855
1.53 0.2875 -0.9 1.575 0.2875 -0.945 1.575 0.2875 -0.18 0.9
0.2875 -0.18 0.855 0.2875 -0.225 0.945 0.2875 -0.27 0.99 0.2875
-0.315 1.035 0.2875 -0.36 1.08 0.2875 -0.405 1.125 0.2875 -0.45
1.17 0.2875 -0.495 1.215 0.2875 -0.54 1.26 0.2875 -0.585 1.305
0.2875 -0.63 1.35 0.2875 -0.675 1.395 0.2875 -0.72 1.44 0.2875
-0.765 1.485 0.2875 -0.81 1.53 0.2875 -0.855 1.575 0.2875 -0.9
1.62 0.2875 -0.945 1.62 0.2875 -0.18 0.945 0.2875 -0.225 0.99
0.2875 -0.27 1.035 0.2875 -0.315 1.08 0.2875 -0.36 1.125 0.2875
-0.405 1.17 0.2875 -0.45 1.215 0.2875 -0.495 1.26 0.2875 -0.54
1.305 0.2875 -0.585 1.35 0.2875 -0.63 1.395 0.2875 -0.675 1.44
0.2875 -0.72 1.485 0.2875 -0.765 1.53 0.2875 -0.81 1.575 0.2875
-0.855 1.62 0.2875 -0.9 1.665 0.2875 -0.945 1.665 0.2875 -0.18
0.99 0.2875 -0.225 1.035 0.2875 -0.27 1.08 0.2875 -0.315 1.125
0.2875 -0.36 1.17 0.2875 -0.405 1.215 0.2875 -0.45 1.26 0.2875
-0.495 1.305 0.2875 -0.54 1.35 0.2875 -0.585 1.395 0.2875 -0.63
1.44 0.2875 -0.675 1.485 0.2875 -0.72 1.53 0.2875 -0.765 1.575
0.2875 -0.81 1.62 0.2875 -0.855 1.665 0.2875 -0.9 1.71 0.2875
-0.945 1.71 0.2875 -0.135 0.99 0.2875 -0.18 1.035 0.2875 -0.225
1.08 0.2875 -0.27 1.125 0.2875 -0.315 1.17 0.2875 -0.36 1.215
0.2875 -0.405 1.26 0.2875 -0.45 1.305 0.2875 -0.495 1.35 0.2875
-0.54 1.395 0.2875 -0.585 1.44 0.2875 -0.63 1.485 0.2875 -0.675
1.53 0.2875 -0.72 1.575 0.2875 -0.765 1.62 0.2875 -0.81 1.665
0.2875 -0.855 1.71 0.2875 -0.9 1.755 0.2875 -0.945 1.755 0.2875
-0.09 0.9675 0.2875 -0.09 0.99 0.2875 -0.135 1.035 0.2875 -0.18
1.08 0.2875 -0.225 1.125 0.2875 -0.27 1.17 0.2875 -0.315 1.215
0.2875 -0.36 1.26 0.2875 -0.405 1.305 0.2875 -0.45 1.35 0.2875
-0.495 1.395 0.2875 -0.54 1.44 0.2875 -0.585 1.485 0.2875 -0.63
1.53 0.2875 -0.675 1.575 0.2875 -0.72 1.62 0.2875 -0.765 1.665
0.2875 -0.81 1.71 0.2875 -0.855 1.755 0.2875 -0.9 1.8 0.2875
-0.945 1.8 0.2875 -0.09 1.0125 0.2875 -0.09 1.035 0.2875 -0.0675
0.9675 0.2875 -0.0675 0.99 0.2875 -0.135 1.08 0.2875 -0.18 1.125
0.2875 -0.225 1.17 0.2875 -0.27 1.215 0.2875 -0.315 1.26 0.2875
-0.36 1.305 0.2875 -0.405 1.35 0.2875 -0.45 1.395 0.2875 -0.495
1.44 0.2875 -0.54 1.485 0.2875 -0.585 1.53 0.2875 -0.63 1.575
0.2875 -0.675 1.62 0.2875 -0.72 1.665 0.2875 -0.765 1.71 0.2875
-0.81 1.755 0.2875 -0.855 1.8 0.2875 -0.9 1.845 0.2875 -0.945
1.845 0.2875 -0.09 1.0575 0.2875 -0.09 1.08 0.2875 -0.0675 1.0125
0.2875 -0.0675 1.035 0.2875 -0.045 0.9675 0.2875 -0.045 0.99 0.2875
-0.135 1.125 0.2875 -0.18 1.17 0.2875 -0.225 1.215 0.2875 -0.27
1.26 0.2875 -0.315 1.305 0.2875 -0.36 1.35 0.2875 -0.405 1.395
0.2875 -0.45 1.44 0.2875 -0.495 1.485 0.2875 -0.54 1.53 0.2875
-0.585 1.575 0.2875 -0.63 1.62 0.2875 -0.675 1.665 0.2875 -0.72
1.71 0.2875 -0.765 1.755 0.2875 -0.81 1.8 0.2875 -0.855 1.845
0.2875 -0.9 1.89 0.2875 -0.945 1.89 0.2875 -0.09 1.1025 0.2875
-0.09 1.125 0.2875 -0.0675 1.0575 0.2875 -0.0675 1.08 0.2875 -0.045
1.0125 0.2875 -0.045 1.035 0.2875 -0.0225 0.9675 0.2875 -0.0225 0.99
0.2875 -0.135 1.17 0.2875 -0.18 1.215 0.2875 -0.225 1.26 0.2875
-0.27 1.305 0.2875 -0.315 1.35 0.2875 -0.36 1.395 0.2875 -0.405
1.44 0.2875 -0.45 1.485 0.2875 -0.495 1.53 0.2875 -0.54 1.575
0.2875 -0.585 1.62 0.2875 -0.63 1.665 0.2875 -0.675 1.71 0.2875
-0.72 1.755 0.2875 -0.765 1.8 0.2875 -0.81 1.845 0.2875 -0.855
1.89 0.2875 -0.9 1.935 0.2875 -0.945 1.935 0.2875 -0.09 1.1475
0.2875 -0.09 1.17 0.2875 -0.0675 1.1025 0.2875 -0.0675 1.125 0.2875
-0.045 1.0575 0.2875 -0.045 1.08 0.2875 -0.0225 1.0125 0.2875 -0.0225
1.035 0.2875 2.61994e-09 0.9675 0.2875 1.40973e-09 0.99 0.2875 -0.135 1.215
0.2875 -0.18 1.26 0.2875 -0.225 1.305 0.2875 -0.27 1.35 0.2875
-0.315 1.395 0.2875 -0.36 1.44 0.2875 -0.405 1.485 0.2875 -0.45
1.53 0.2875 -0.495 1.575 0.2875 -0.54 1.62 0.2875 -0.585 1.665
0.2875 -0.63 1.71 0.2875 -0.675 1.755 0.2875 -0.72 1.8 0.2875
-0.765 1.845 0.2875 -0.81 1.89 0.2875 -0.855 1.935 0.2875 -0.9
1.98 0.2875 -0.945 1.98 0.2875 -0.09 1.1925 0.2875 -0.09 1.215
0.2875 -0.0675 1.1475 0.2875 -0.0675 1.17 0.2875 -0.045 1.1025 0.2875
-0.045 1.125 0.2875 -0.0225 1.0575 0.2875 -0.0225 1.08 0.2875 7.83932e-10
1.0125 0.2875 4.58396e-10 1.035 0.2875 0.0225 0.9675 0.2875 0.0225 0.99
0.2875 -0.135 1.26 0.2875 -0.18 1.305 0.2875 -0.225 1.35 0.2875
-0.27 1.395 0.2875 -0.315 1.44 0.2875 -0.36 1.485 0.2875 -0.405
1.53 0.2875 -0.45 1.575 0.2875 -0.495 1.62 0.2875 -0.54 1.665
0.2875 -0.585 1.71 0.2875 -0.63 1.755 0.2875 -0.675 1.8 0.2875
-0.72 1.845 0.2875 -0.765 1.89 0.2875 -0.81 1.935 0.2875 -0.855
1.98 0.2875 -0.9 2.025 0.2875 -0.945 2.025 0.2875 -0.09 1.2375
0.2875 -0.09 1.26 0.2875 -0.0675 1.1925 0.2875 -0.0675 1.215 0.2875
-0.045 1.1475 0.2875 -0.045 1.17 0.2875 -0.0225 1.1025 0.2875 -0.0225
1.125 0.2875 2.81021e-10 1.0575 0.2875 1.7913e-10 1.08 0.2875 0.0225 1.0125
0.2875 0.0225 1.035 0.2875 0.045 0.9675 0.2875 0.045 0.99 0.2875
-0.135 1.305 0.2875 -0.18 1.35 0.2875 -0.225 1.395 0.2875 -0.27
1.44 0.2875 -0.315 1.485 0.2875 -0.36 1.53 0.2875 -0.405 1.575
0.2875 -0.45 1.62 0.2875 -0.495 1.665 0.2875 -0.54 1.71 0.2875
-0.585 1.755 0.2875 -0.63 1.8 0.2875 -0.675 1.845 0.2875 -0.72
1.89 0.2875 -0.765 1.935 0.2875 -0.81 1.98 0.2875 -0.855 2.025
0.2875 -0.9 2.07 0.2875 -0.945 2.07 0.2875 -0.09 1.2825 0.2875
-0.09 1.305 0.2875 -0.0675 1.2375 0.2875 -0.0675 1.26 0.2875 -0.045
1.1925 0.2875 -0.045 1.215 0.2875 -0.0225 1.1475 0.2875 -0.0225 1.17
0.2875 1.1677e-10 1.1025 0.2875 7.74451e-11 1.125 0.2875 0.0225 1.0575 0.2875
0.0225 1.08 0.2875 0.045 1.0125 0.2875 0.045 1.035 0.2875 0.0675
0.9675 0.2875 0.0675 0.99 0.2875 -0.135 1.35 0.2875 -0.18 1.395
0.2875 -0.225 1.44 0.2875 -0.27 1.485 0.2875 -0.315 1.53 0.2875
-0.36 1.575 0.2875 -0.405 1.62 0.2875 -0.45 1.665 0.2875 -0.495
1.71 0.2875 -0.54 1.755 0.2875 -0.585 1.8 0.2875 -0.63 1.845
0.2875 -0.675 1.89 0.2875 -0.72 1.935 0.2875 -0.765 1.98 0.2875
-0.81 2.025 0.2875 -0.855 2.07 0.2875 -0.9 2.115 0.2875 -0.945
2.115 0.2875 -0.09 1.3275 0.2875 -0.09 1.35 0.2875 -0.0675 1.2825
0.2875 -0.0675 1.305 0.2875 -0.045 1.2375 0.2875 -0.045 1.26 0.2875
-0.0225 1.1925 0.2875 -0.0225 1.215 0.2875 5.17574e-11 1.1475 0.2875 3.49067e-11
1.17 0.2875 0.0225 1.1025 0.2875 0.0225 1.125 0.2875 0.045 1.0575
0.2875 0.045 1.08 0.2875 0.0675 1.0125 0.2875 0.0675 1.035 0.2875
0.09 0.9675 0.2875 0.09 0.99 0.2875 -0.135 1.395 0.2875 -0.18
1.44 0.2875 -0.225 1.485 0.2875 -0.27 1.53 0.2875 -0.315 1.575
0.2875 -0.36 1.62 0.2875 -0.405 1.665 0.2875 -0.45 1.71 0.2875
-0.495 1.755 0.2875 -0.54 1.8 0.2875 -0.585 1.845 0.2875 -0.63
1.89 0.2875 -0.675 1.935 0.2875 -0.72 1.98 0.2875 -0.765 2.025
0.2875 -0.81 2.07 0.2875 -0.855 2.115 0.2875 -0.9 2.16 0.2875
-0.945 2.16 0.2875 -0.09 1.395 0.2875 -0.0675 1.3275 0.2875 -0.0675
1.35 0.2875 -0.045 1.2825 0.2875 -0.045 1.305 0.2875 -0.0225 1.2375
0.2875 -0.0225 1.26 0.2875 2.35801e-11 1.1925 0.2875 1.60083e-11 1.215 0.2875
0.0225 1.1475 0.2875 0.0225 1.17 0.2875 0.045 1.1025 0.2875 0.045
1.125 0.2875 0.0675 1.0575 0.2875 0.0675 1.08 0.2875 0.09 1.0125
0.2875 0.09 1.035 0.2875 0.1125 0.9675 0.2875 0.1125 0.99 0.2875
-0.135 1.44 0.2875 -0.18 1.485 0.2875 -0.225 1.53 0.2875 -0.27
1.575 0.2875 -0.315 1.62 0.2875 -0.36 1.665 0.2875 -0.405 1.71
0.2875 -0.45 1.755 0.2875 -0.495 1.8 0.2875 -0.54 1.845 0.2875
-0.585 1.89 0.2875 -0.63 1.935 0.2875 -0.675 1.98 0.2875 -0.72
2.025 0.2875 -0.765 2.07 0.2875 -0.81 2.115 0.2875 -0.855 2.16
0.2875 -0.9 2.205 0.2875 -0.945 2.205 0.2875 -0.045 1.35 0.2875
-0.045 1.395 0.2875 -0.09 1.44 0.2875 -0.045 1.3275 0.2875 -0.0225
1.2825 0.2875 -0.0225 1.305 0.2875 1.08528e-11 1.2375 0.2875 7.4003e-12 1.26
0.2875 0.0225 1.1925 0.2875 0.0225 1.215 0.2875 0.045 1.1475 0.2875
0.045 1.17 0.2875 0.0675 1.1025 0.2875 0.0675 1.125 0.2875 0.09
1.0575 0.2875 0.09 1.08 0.2875 0.1125 1.0125 0.2875 0.1125 1.035
0.2875 0.135 0.9675 0.2875 0.135 0.99 0.2875 -0.135 1.485 0.2875
-0.18 1.53 0.2875 -0.225 1.575 0.2875 -0.27 1.62 0.2875 -0.315
1.665 0.2875 -0.36 1.71 0.2875 -0.405 1.755 0.2875 -0.45 1.8
0.2875 -0.495 1.845 0.2875 -0.54 1.89 0.2875 -0.585 1.935 0.2875
-0.63 1.98 0.2875 -0.675 2.025 0.2875 -0.72 2.07 0.2875 -0.765
2.115 0.2875 -0.81 2.16 0.2875 -0.855 2.205 0.2875 -0.9 2.25
0.2875 -0.945 2.25 0.2875 0.36 0.99 0.2875 0.36 0.9675 0.2875
0.405 0.99 0.2875 -0.0225 1.35 0.2875 2.51577e-12 1.35 0.2875 3.27144e-12
1.395 0.2875 -0.045 1.44 0.2875 -0.09 1.485 0.2875 -0.0225 1.3275
0.2875 5.08077e-12 1.2825 0.2875 3.60781e-12 1.305 0.2875 0.0225 1.2375 0.2875
0.0225 1.26 0.2875 0.045 1.1925 0.2875 0.045 1.215 0.2875 0.0675
1.1475 0.2875 0.0675 1.17 0.2875 0.09 1.1025 0.2875 0.09 1.125
0.2875 0.1125 1.0575 0.2875 0.1125 1.08 0.2875 0.135 1.0125 0.2875
0.135 1.035 0.2875 0.1575 0.9675 0.2875 0.1575 0.99 0.2875 -0.135
1.53 0.2875 -0.18 1.575 0.2875 -0.225 1.62 0.2875 -0.27 1.665
0.2875 -0.315 1.71 0.2875 -0.36 1.755 0.2875 -0.405 1.8 0.2875
-0.45 1.845 0.2875 -0.495 1.89 0.2875 -0.54 1.935 0.2875 -0.585
1.98 0.2875 -0.63 2.025 0.2875 -0.675 2.07 0.2875 -0.72 2.115
0.2875 -0.765 2.16 0.2875 -0.81 2.205 0.2875 -0.855 2.25 0.2875
-0.9 2.295 0.2875 -0.945 2.295 0.2875 0.36 1.035 0.2875 0.36
1.0125 0.2875 0.405 1.035 0.2875 0.3375 0.99 0.2875 0.3375 0.9675
0.2875 0.045 1.395 0.2875 0.0225 1.35 0.2875 0.045 1.35 0.2875
2.66042e-12 1.44 0.2875 2.76925e-12 1.3275 0.2875 -0.045 1.485 0.2875 -0.09
1.53 0.2875 0.0225 1.2825 0.2875 0.0225 1.305 0.2875 0.045 1.2375
0.2875 0.045 1.26 0.2875 0.0675 1.1925 0.2875 0.0675 1.215 0.2875
0.09 1.1475 0.2875 0.09 1.17 0.2875 0.1125 1.1025 0.2875 0.1125
1.125 0.2875 0.135 1.0575 0.2875 0.135 1.08 0.2875 0.1575 1.0125
0.2875 0.1575 1.035 0.2875 0.18 0.9675 0.2875 0.18 0.99 0.2875
-0.135 1.575 0.2875 -0.18 1.62 0.2875 -0.225 1.665 0.2875 -0.27
1.71 0.2875 -0.315 1.755 0.2875 -0.36 1.8 0.2875 -0.405 1.845
0.2875 -0.45 1.89 0.2875 -0.495 1.935 0.2875 -0.54 1.98 0.2875
-0.585 2.025 0.2875 -0.63 2.07 0.2875 -0.675 2.115 0.2875 -0.72
2.16 0.2875 -0.765 2.205 0.2875 -0.81 2.25 0.2875 -0.855 2.295
0.2875 0.36 1.08 0.2875 0.36 1.0575 0.2875 0.405 1.08 0.2875
0.3375 1.035 0.2875 0.3375 1.0125 0.2875 0.315 0.99 0.2875 0.315
0.9675 0.2875 0.09 1.395 0.2875 0.0675 1.35 0.2875 0.09 1.35
0.2875 0.045 1.44 0.2875 0.0225 1.3275 0.2875 0.045 1.3275 0.2875
1.78957e-12 1.485 0.2875 -0.045 1.53 0.2875 -0.09 1.575 0.2875 0.045
1.2825 0.2875 0.045 1.305 0.2875 0.0675 1.2375 0.2875 0.0675 1.26
0.2875 0.09 1.1925 0.2875 0.09 1.215 0.2875 0.1125 1.1475 0.2875
0.1125 1.17 0.2875 0.135 1.1025 0.2875 0.135 1.125 0.2875 0.1575
1.0575 0.2875 0.1575 1.08 0.2875 0.18 1.0125 0.2875 0.18 1.035
0.2875 0.2025 0.9675 0.2875 0.2025 0.99 0.2875 -0.135 1.62 0.2875
-0.18 1.665 0.2875 -0.225 1.71 0.2875 -0.27 1.755 0.2875 -0.315
1.8 0.2875 -0.36 1.845 0.2875 -0.405 1.89 0.2875 -0.45 1.935
0.2875 -0.495 1.98 0.2875 -0.54 2.025 0.2875 -0.585 2.07 0.2875
-0.63 2.115 0.2875 -0.675 2.16 0.2875 -0.72 2.205 0.2875 -0.765
2.25 0.2875 -0.81 2.295 0.2875 0.36 1.125 0.2875 0.36 1.1025
0.2875 0.405 1.125 0.2875 0.3375 1.08 0.2875 0.3375 1.0575 0.2875
0.315 1.035 0.2875 0.315 1.0125 0.2875 0.135 1.395 0.2875 0.1125
1.35 0.2875 0.135 1.35 0.2875 0.2925 0.99 0.2875 0.2925 0.9675
0.2875 0.09 1.44 0.2875 0.0675 1.3275 0.2875 0.09 1.3275 0.2875
0.045 1.485 0.2875 1.07908e-12 1.53 0.2875 -0.045 1.575 0.2875 -0.09
1.62 0.2875 0.0675 1.2825 0.2875 0.0675 1.305 0.2875 0.09 1.2375
0.2875 0.09 1.26 0.2875 0.1125 1.1925 0.2875 0.1125 1.215 0.2875
0.135 1.1475 0.2875 0.135 1.17 0.2875 0.1575 1.1025 0.2875 0.1575
1.125 0.2875 0.18 1.0575 0.2875 0.18 1.08 0.2875 0.2025 1.0125
0.2875 0.2025 1.035 0.2875 0.225 0.9675 0.2875 0.225 0.99 0.2875
-0.135 1.665 0.2875 -0.18 1.71 0.2875 -0.225 1.755 0.2875 -0.27
1.8 0.2875 -0.315 1.845 0.2875 -0.36 1.89 0.2875 -0.405 1.935
0.2875 -0.45 1.98 0.2875 -0.495 2.025 0.2875 -0.54 2.07 0.2875
-0.585 2.115 0.2875 -0.63 2.16 0.2875 -0.675 2.205 0.2875 -0.72
2.25 0.2875 -0.765 2.295 0.2875 0.36 1.17 0.2875 0.36 1.1475
0.2875 0.405 1.17 0.2875 0.3375 1.125 0.2875 0.3375 1.1025 0.2875
0.315 1.08 0.2875 0.315 1.0575 0.2875 0.2925 1.035 0.2875 0.2925
1.0125 0.2875 0.18 1.395 0.2875 0.1575 1.35 0.2875 0.18 1.35
0.2875 0.135 1.44 0.2875 0.1125 1.3275 0.2875 0.135 1.3275 0.2875
0.27 0.99 0.2875 0.27 0.9675 0.2875 0.09 1.485 0.2875 0.09
1.305 0.2875 0.045 1.53 0.2875 6.05093e-13 1.575 0.2875 -0.045 1.62
0.2875 -0.09 1.665 0.2875 0.09 1.2825 0.2875 0.1125 1.2375 0.2875
0.1125 1.26 0.2875 0.135 1.1925 0.2875 0.135 1.215 0.2875 0.1575
1.1475 0.2875 0.1575 1.17 0.2875 0.18 1.1025 0.2875 0.18 1.125
0.2875 0.2025 1.0575 0.2875 0.2025 1.08 0.2875 0.225 1.0125 0.2875
0.225 1.035 0.2875 0.2475 0.9675 0.2875 0.2475 0.99 0.2875 -0.135
1.71 0.2875 -0.18 1.755 0.2875 -0.225 1.8 0.2875 -0.27 1.845
0.2875 -0.315 1.89 0.2875 -0.36 1.935 0.2875 -0.405 1.98 0.2875
-0.45 2.025 0.2875 -0.495 2.07 0.2875 -0.54 2.115 0.2875 -0.585
2.16 0.2875 -0.63 2.205 0.2875 -0.675 2.25 0.2875 -0.72 2.295
0.2875 0.36 1.215 0.2875 0.36 1.1925 0.2875 0.405 1.215 0.2875
0.3375 1.17 0.2875 0.3375 1.1475 0.2875 0.315 1.125 0.2875 0.315
1.1025 0.2875 0.2925 1.08 0.2875 0.2925 1.0575 0.2875 0.27 1.035
0.2875 0.27 1.0125 0.2875 0.225 1.395 0.2875 0.2025 1.35 0.2875
0.225 1.35 0.2875 0.18 1.44 0.2875 0.1575 1.3275 0.2875 0.18
1.3275 0.2875 0.135 1.485 0.2875 0.1125 1.305 0.2875 0.135 1.305
0.2875 0.09 1.53 0.2875 0.045 1.575 0.2875 3.2179e-13 1.62 0.2875
-0.045 1.665 0.2875 -0.09 1.71 0.2875 0.1125 1.2825 0.2875 0.135
1.2375 0.2875 0.135 1.26 0.2875 0.1575 1.1925 0.2875 0.1575 1.215
0.2875 0.18 1.1475 0.2875 0.18 1.17 0.2875 0.2025 1.1025 0.2875
0.2025 1.125 0.2875 0.225 1.0575 0.2875 0.225 1.08 0.2875 0.2475
1.0125 0.2875 0.2475 1.035 0.2875 -0.135 1.755 0.2875 -0.18 1.8
0.2875 -0.225 1.845 0.2875 -0.27 1.89 0.2875 -0.315 1.935 0.2875
-0.36 1.98 0.2875 -0.405 2.025 0.2875 -0.45 2.07 0.2875 -0.495
2.115 0.2875 -0.54 2.16 0.2875 -0.585 2.205 0.2875 -0.63 2.25
0.2875 -0.675 2.295 0.2875 0.36 1.26 0.2875 0.36 1.2375 0.2875
0.405 1.26 0.2875 0.3375 1.215 0.2875 0.3375 1.1925 0.2875 0.315
1.17 0.2875 0.315 1.1475 0.2875 0.2925 1.125 0.2875 0.2925 1.1025
0.2875 0.27 1.08 0.2875 0.27 1.0575 0.2875 0.27 1.395 0.2875
0.2475 1.35 0.2875 0.27 1.35 0.2875 0.225 1.44 0.2875 0.2025
1.3275 0.2875 0.225 1.3275 0.2875 0.18 1.485 0.2875 0.1575 1.305
0.2875 0.18 1.305 0.2875 0.135 1.53 0.2875 0.135 1.2825 0.2875
0.09 1.575 0.2875 0.045 1.62 0.2875 1.64186e-13 1.665 0.2875 -0.045
1.71 0.2875 -0.09 1.755 0.2875 0.1575 1.2375 0.2875 0.1575 1.26
0.2875 0.18 1.1925 0.2875 0.18 1.215 0.2875 0.2025 1.1475 0.2875
0.2025 1.17 0.2875 0.225 1.1025 0.2875 0.225 1.125 0.2875 0.2475
1.0575 0.2875 0.2475 1.08 0.2875 -0.135 1.8 0.2875 -0.18 1.845
0.2875 -0.225 1.89 0.2875 -0.27 1.935 0.2875 -0.315 1.98 0.2875
-0.36 2.025 0.2875 -0.405 2.07 0.2875 -0.45 2.115 0.2875 -0.495
2.16 0.2875 -0.54 2.205 0.2875 -0.585 2.25 0.2875 -0.63 2.295
0.2875 0.36 1.305 0.2875 0.36 1.2825 0.2875 0.405 1.305 0.2875
0.3375 1.26 0.2875 0.3375 1.2375 0.2875 0.315 1.215 0.2875 0.315
1.1925 0.2875 0.2925 1.17 0.2875 0.2925 1.1475 0.2875 0.27 1.125
0.2875 0.27 1.1025 0.2875 0.315 1.395 0.2875 0.2925 1.35 0.2875
0.315 1.35 0.2875 0.27 1.44 0.2875 0.2475 1.3275 0.2875 0.27
1.3275 0.2875 0.225 1.485 0.2875 0.2025 1.305 0.2875 0.225 1.305
0.2875 0.18 1.53 0.2875 0.1575 1.2825 0.2875 0.18 1.2825 0.2875
0.135 1.575 0.2875 0.09 1.62 0.2875 0.045 1.665 0.2875 8.09539e-14
1.71 0.2875 -0.045 1.755 0.2875 -0.09 1.8 0.2875 0.18 1.2375
0.2875 0.18 1.26 0.2875 0.2025 1.1925 0.2875 0.2025 1.215 0.2875
0.225 1.1475 0.2875 0.225 1.17 0.2875 0.2475 1.1025 0.2875 0.2475
1.125 0.2875 -0.135 1.845 0.2875 -0.18 1.89 0.2875 -0.225 1.935
0.2875 -0.27 1.98 0.2875 -0.315 2.025 0.2875 -0.36 2.07 0.2875
-0.405 2.115 0.2875 -0.45 2.16 0.2875 -0.495 2.205 0.2875 -0.54
2.25 0.2875 -0.585 2.295 0.2875 0.36 1.35 0.2875 0.36 1.3275
0.2875 0.405 1.35 0.2875 0.3375 1.305 0.2875 0.3375 1.2825 0.2875
0.315 1.26 0.2875 0.315 1.2375 0.2875 0.2925 1.215 0.2875 0.2925
1.1925 0.2875 0.27 1.17 0.2875 0.27 1.1475 0.2875 0.36 1.395
0.2875 0.3375 1.35 0.2875 0.315 1.44 0.2875 0.2925 1.3275 0.2875
0.315 1.3275 0.2875 0.27 1.485 0.2875 0.2475 1.305 0.2875 0.27
1.305 0.2875 0.225 1.53 0.2875 0.2025 1.2825 0.2875 0.225 1.2825
0.2875 0.18 1.575 0.2875 0.135 1.62 0.2875 0.09 1.665 0.2875
0.045 1.71 0.2875 3.87632e-14 1.755 0.2875 -0.045 1.8 0.2875 -0.09
1.845 0.2875 0.2025 1.2375 0.2875 0.2025 1.26 0.2875 0.225 1.1925
0.2875 0.225 1.215 0.2875 0.2475 1.1475 0.2875 0.2475 1.17 0.2875
-0.135 1.89 0.2875 -0.18 1.935 0.2875 -0.225 1.98 0.2875 -0.27
2.025 0.2875 -0.315 2.07 0.2875 -0.36 2.115 0.2875 -0.405 2.16
0.2875 -0.45 2.205 0.2875 -0.495 2.25 0.2875 -0.54 2.295 0.2875
0.405 1.395 0.2875 0.3375 1.3275 0.2875 0.315 1.305 0.2875 0.315
1.2825 0.2875 0.2925 1.26 0.2875 0.2925 1.2375 0.2875 0.27 1.215
0.2875 0.27 1.1925 0.2875 0.36 1.44 0.2875 0.315 1.485 0.2875
0.2925 1.305 0.2875 0.27 1.53 0.2875 0.2475 1.2825 0.2875 0.27
1.2825 0.2875 0.225 1.575 0.2875 0.225 1.26 0.2875 0.18 1.62
0.2875 0.135 1.665 0.2875 0.09 1.71 0.2875 0.045 1.755 0.2875
1.81178e-14 1.8 0.2875 -0.045 1.845 0.2875 -0.09 1.89 0.2875 0.225
1.2375 0.2875 0.2475 1.1925 0.2875 0.2475 1.215 0.2875 -0.135 1.935
0.2875 -0.18 1.98 0.2875 -0.225 2.025 0.2875 -0.27 2.07 0.2875
-0.315 2.115 0.2875 -0.36 2.16 0.2875 -0.405 2.205 0.2875 -0.45
2.25 0.2875 -0.495 2.295 0.2875 0.405 1.44 0.2875 0.2925 1.2825
0.2875 0.27 1.26 0.2875 0.27 1.2375 0.2875 0.36 1.485 0.2875
0.315 1.53 0.2875 0.27 1.575 0.2875 0.2475 1.26 0.2875 0.225
1.62 0.2875 0.18 1.665 0.2875 0.135 1.71 0.2875 0.09 1.755
0.2875 0.045 1.8 0.2875 8.28545e-15 1.845 0.2875 -0.045 1.89 0.2875
-0.09 1.935 0.2875 0.2475 1.2375 0.2875 -0.135 1.98 0.2875 -0.18
2.025 0.2875 -0.225 2.07 0.2875 -0.27 2.115 0.2875 -0.315 2.16
0.2875 -0.36 2.205 0.2875 -0.405 2.25 0.2875 -0.45 2.295 0.2875
0.405 1.485 0.2875 0.36 1.53 0.2875 0.315 1.575 0.2875 0.27
1.62 0.2875 0.225 1.665 0.2875 0.18 1.71 0.2875 0.135 1.755
0.2875 0.09 1.8 0.2875 0.045 1.845 0.2875 3.73505e-15 1.89 0.2875
-0.045 1.935 0.2875 -0.09 1.98 0.2875 -0.135 2.025 0.2875 -0.18
2.07 0.2875 -0.225 2.115 0.2875 -0.27 2.16 0.2875 -0.315 2.205
0.2875 -0.36 2.25 0.2875 -0.405 2.295 0.2875 0.405 1.53 0.2875
0.36 1.575 0.2875 0.315 1.62 0.2875 0.27 1.665 0.2875 0.225
1.71 0.2875 0.18 1.755 0.2875 0.135 1.8 0.2875 0.09 1.845
0.2875 0.045 1.89 0.2875 1.65426e-15 1.935 0.2875 -0.045 1.98 0.2875
-0.09 2.025 0.2875 -0.135 2.07 0.2875 -0.18 2.115 0.2875 -0.225
2.16 0.2875 -0.27 2.205 0.2875 -0.315 2.25 0.2875 -0.36 2.295
0.2875 0.405 1.575 0.2875 0.36 1.62 0.2875 0.315 1.665 0.2875
0.27 1.71 0.2875 0.225 1.755 0.2875 0.18 1.8 0.2875 0.135
1.845 0.2875 0.09 1.89 0.2875 0.045 1.935 0.2875 7.60586e-16 1.98
0.2875 -0.045 2.025 0.2875 -0.09 2.07 0.2875 -0.135 2.115 0.2875
-0.18 2.16 0.2875 -0.225 2.205 0.2875 -0.27 2.25 0.2875 -0.315
2.295 0.2875 0.405 1.62 0.2875 0.36 1.665 0.2875 0.315 1.71
0.2875 0.27 1.755 0.2875 0.225 1.8 0.2875 0.18 1.845 0.2875
0.135 1.89 0.2875 0.09 1.935 0.2875 0.045 1.98 0.2875 3.4517e-16
2.025 0.2875 -0.045 2.07 0.2875 -0.09 2.115 0.2875 -0.135 2.16
0.2875 -0.18 2.205 0.2875 -0.225 2.25 0.2875 -0.27 2.295 0.2875
0.405 1.665 0.2875 0.36 1.71 0.2875 0.315 1.755 0.2875 0.27
1.8 0.2875 0.225 1.845 0.2875 0.18 1.89 0.2875 0.135 1.935
0.2875 0.09 1.98 0.2875 0.045 2.025 0.2875 2.01286e-16 2.07 0.2875
-0.045 2.115 0.2875 -0.09 2.16 0.2875 -0.135 2.205 0.2875 -0.18
2.25 0.2875 -0.225 2.295 0.2875 0.405 1.71 0.2875 0.36 1.755
0.2875 0.315 1.8 0.2875 0.27 1.845 0.2875 0.225 1.89 0.2875
0.18 1.935 0.2875 0.135 1.98 0.2875 0.09 2.025 0.2875 0.045
2.07 0.2875 1.50581e-16 2.115 0.2875 -0.045 2.16 0.2875 -0.09 2.205
0.2875 -0.135 2.25 0.2875 -0.18 2.295 0.2875 0.405 1.755 0.2875
0.36 1.8 0.2875 0.315 1.845 0.2875 0.27 1.89 0.2875 0.225
1.935 0.2875 0.18 1.98 0.2875 0.135 2.025 0.2875 0.09 2.07
0.2875 0.045 2.115 0.2875 1.1825e-16 2.16 0.2875 -0.045 2.205 0.2875
-0.09 2.25 0.2875 -0.135 2.295 0.2875 0.405 1.8 0.2875 0.36
1.845 0.2875 0.315 1.89 0.2875 0.27 1.935 0.2875 0.225 1.98
0.2875 0.18 2.025 0.2875 0.135 2.07 0.2875 0.09 2.115 0.2875
0.045 2.16 0.2875 1.18294e-16 2.205 0.2875 -0.045 2.25 0.2875 -0.09
2.295 0.2875 0.405 1.845 0.2875 0.36 1.89 0.2875 0.315 1.935
0.2875 0.27 1.98 0.2875 0.225 2.025 0.2875 0.18 2.07 0.2875
0.135 2.115 0.2875 0.09 2.16 0.2875 0.045 2.205 0.2875 1.02663e-16
2.25 0.2875 -0.045 2.295 0.2875 0.405 1.89 0.2875 0.36 1.935
0.2875 0.315 1.98 0.2875 0.27 2.025 0.2875 0.225 2.07 0.2875
0.18 2.115 0.2875 0.135 2.16 0.2875 0.09 2.205 0.2875 0.045
2.25 0.2875 1.12598e-16 2.295 0.2875 0.405 1.935 0.2875 0.36 1.98
0.2875 0.315 2.025 0.2875 0.27 2.07 0.2875 0.225 2.115 0.2875
0.18 2.16 0.2875 0.135 2.205 0.2875 0.09 2.25 0.2875 0.045
2.295 0.2875 0.405 1.98 0.2875 0.36 2.025 0.2875 0.315 2.07
0.2875 0.27 2.115 0.2875 0.225 2.16 0.2875 0.18 2.205 0.2875
0.135 2.25 0.2875 0.09 2.295 0.2875 0.405 2.025 0.2875 0.36
2.07 0.2875 0.315 2.115 0.2875 0.27 2.16 0.2875 0.225 2.205
0.2875 0.18 2.25 0.2875 0.135 2.295 0.2875 0.405 2.07 0.2875
0.36 2.115 0.2875 0.315 2.16 0.2875 0.27 2.205 0.2875 0.225
2.25 0.2875 0.18 2.295 0.2875 0.405 2.115 0.2875 0.36 2.16
0.2875 0.315 2.205 0.2875 0.27 2.25 0.2875 0.225 2.295 0.2875
0.405 2.16 0.2875 0.36 2.205 0.2875 0.315 2.25 0.2875 0.27
2.295 0.2875 0.405 2.205 0.2875 0.36 2.25 0.2875 0.315 2.295
0.2875 0.405 2.25 0.2875 0.36 2.295 0.2875 0.405 2.295 0.2875
0.674998 0.719999 0.2875 0.719999 0.72 0.2875 0.719999 0.765 0.2875 0.674999
0.765 0.2875 0.629998 0.719999 0.2875 0.629999 0.764999 0.2875 0.765 0.765
0.2875 0.764999 0.72 0.2875 0.72 0.81 0.2875 0.674999 0.81 0.2875
0.584998 0.764999 0.2875 0.584997 0.719998 0.2875 0.629999 0.81 0.2875 0.81
0.765 0.2875 0.809999 0.72 0.2875 0.765 0.81 0.2875 0.72 0.855
0.2875 0.675 0.855 0.2875 0.584999 0.809999 0.2875 0.539998 0.764999 0.2875
0.539996 0.719998 0.2875 0.63 0.855 0.2875 0.855 0.765 0.2875 0.855
0.72 0.2875 0.81 0.81 0.2875 0.765 0.855 0.2875 0.72 0.9
0.2875 0.675 0.9 0.2875 0.585 0.855 0.2875 0.539999 0.809999 0.2875
0.494998 0.764998 0.2875 0.494996 0.719997 0.2875 0.63 0.9 0.2875 0.9
0.765 0.2875 0.9 0.72 0.2875 0.855 0.81 0.2875 0.81 0.855
0.2875 0.765 0.9 0.2875 0.72 0.945 0.2875 0.675 0.945 0.2875
0.585 0.9 0.2875 0.539999 0.855 0.2875 0.494999 0.809999 0.2875 0.449997
0.764998 0.2875 0.449995 0.719996 0.2875 0.63 0.945 0.2875 0.945 0.765
0.2875 0.945 0.72 0.2875 0.9 0.81 0.2875 0.855 0.855 0.2875
0.81 0.9 0.2875 0.765 0.945 0.2875 0.72 0.99 0.2875 0.675
0.99 0.2875 0.54 0.9 0.2875 0.585 0.945 0.2875 0.494999 0.854999
0.2875 0.449999 0.809999 0.2875 0.63 0.99 0.2875 0.99 0.765 0.2875
0.99 0.72 0.2875 0.945 0.81 0.2875 0.9 0.855 0.2875 0.855
0.9 0.2875 0.81 0.945 0.2875 0.765 0.99 0.2875 0.72 1.035
0.2875 0.675 1.035 0.2875 0.495 0.9 0.2875 0.54 0.945 0.2875
0.585 0.99 0.2875 0.449999 0.854999 0.2875 0.63 1.035 0.2875 1.035
0.765 0.2875 1.035 0.72 0.2875 0.99 0.81 0.2875 0.945 0.855
0.2875 0.9 0.9 0.2875 0.855 0.945 0.2875 0.81 0.99 0.2875
0.765 1.035 0.2875 0.72 1.08 0.2875 0.675 1.08 0.2875 0.45
0.9 0.2875 0.495 0.945 0.2875 0.54 0.99 0.2875 0.585 1.035
0.2875 0.63 1.08 0.2875 1.08 0.765 0.2875 1.08 0.72 0.2875
1.035 0.81 0.2875 0.99 0.855 0.2875 0.945 0.9 0.2875 0.9
0.945 0.2875 0.855 0.99 0.2875 0.81 1.035 0.2875 0.765 1.08
0.2875 0.72 1.125 0.2875 0.675 1.125 0.2875 0.45 0.945 0.2875
0.495 0.99 0.2875 0.54 1.035 0.2875 0.585 1.08 0.2875 0.63
1.125 0.2875 1.125 0.765 0.2875 1.125 0.72 0.2875 1.08 0.81
0.2875 1.035 0.855 0.2875 0.99 0.9 0.2875 0.945 0.945 0.2875
0.9 0.99 0.2875 0.855 1.035 0.2875 0.81 1.08 0.2875 0.765
1.125 0.2875 0.72 1.17 0.2875 0.675 1.17 0.2875 0.45 0.99
0.2875 0.495 1.035 0.2875 0.54 1.08 0.2875 0.585 1.125 0.2875
0.63 1.17 0.2875 1.17 0.765 0.2875 1.17 0.72 0.2875 1.125
0.81 0.2875 1.08 0.855 0.2875 1.035 0.9 0.2875 0.99 0.945
0.2875 0.945 0.99 0.2875 0.9 1.035 0.2875 0.855 1.08 0.2875
0.81 1.125 0.2875 0.765 1.17 0.2875 0.72 1.215 0.2875 0.675
1.215 0.2875 0.45 1.035 0.2875 0.495 1.08 0.2875 0.54 1.125
0.2875 0.585 1.17 0.2875 0.63 1.215 0.2875 1.215 0.72 0.2875
1.215 0.765 0.2875 1.17 0.81 0.2875 1.125 0.855 0.2875 1.08
0.9 0.2875 1.035 0.945 0.2875 0.99 0.99 0.2875 0.945 1.035
0.2875 0.9 1.08 0.2875 0.855 1.125 0.2875 0.81 1.17 0.2875
0.765 1.215 0.2875 0.72 1.26 0.2875 0.675 1.26 0.2875 0.45
1.08 0.2875 0.495 1.125 0.2875 0.54 1.17 0.2875 0.585 1.215
0.2875 0.63 1.26 0.2875 1.215 0.81 0.2875 1.17 0.855 0.2875
1.125 0.9 0.2875 1.08 0.945 0.2875 1.035 0.99 0.2875 0.99
1.035 0.2875 0.945 1.08 0.2875 0.9 1.125 0.2875 0.855 1.17
0.2875 0.81 1.215 0.2875 0.765 1.26 0.2875 0.72 1.305 0.2875
0.675 1.305 0.2875 0.45 1.125 0.2875 0.495 1.17 0.2875 0.54
1.215 0.2875 0.585 1.26 0.2875 0.63 1.305 0.2875 1.215 0.855
0.2875 1.17 0.9 0.2875 1.125 0.945 0.2875 1.08 0.99 0.2875
1.035 1.035 0.2875 0.99 1.08 0.2875 0.945 1.125 0.2875 0.9
1.17 0.2875 0.855 1.215 0.2875 0.81 1.26 0.2875 0.765 1.305
0.2875 0.72 1.35 0.2875 0.675 1.35 0.2875 0.45 1.17 0.2875
0.495 1.215 0.2875 0.54 1.26 0.2875 0.585 1.305 0.2875 0.63
1.35 0.2875 1.215 0.9 0.2875 1.17 0.945 0.2875 1.125 0.99
0.2875 1.08 1.035 0.2875 1.035 1.08 0.2875 0.99 1.125 0.2875
0.945 1.17 0.2875 0.9 1.215 0.2875 0.855 1.26 0.2875 0.81
1.305 0.2875 0.765 1.35 0.2875 0.72 1.395 0.2875 0.675 1.395
0.2875 0.45 1.215 0.2875 0.495 1.26 0.2875 0.54 1.305 0.2875
0.585 1.35 0.2875 0.63 1.395 0.2875 1.215 0.945 0.2875 1.17
0.99 0.2875 1.125 1.035 0.2875 1.08 1.08 0.2875 1.035 1.125
0.2875 0.99 1.17 0.2875 0.945 1.215 0.2875 0.9 1.26 0.2875
0.855 1.305 0.2875 0.81 1.35 0.2875 0.765 1.395 0.2875 0.72
1.44 0.2875 0.675 1.44 0.2875 0.45 1.26 0.2875 0.495 1.305
0.2875 0.54 1.35 0.2875 0.585 1.395 0.2875 0.63 1.44 0.2875
1.215 0.99 0.2875 1.17 1.035 0.2875 1.125 1.08 0.2875 1.08
1.125 0.2875 1.035 1.17 0.2875 0.99 1.215 0.2875 0.945 1.26
0.2875 0.9 1.305 0.2875 0.855 1.35 0.2875 0.81 1.395 0.2875
0.765 1.44 0.2875 0.72 1.485 0.2875 0.675 1.485 0.2875 0.45
1.305 0.2875 0.495 1.35 0.2875 0.54 1.395 0.2875 0.585 1.44
0.2875 0.63 1.485 0.2875 1.215 1.035 0.2875 1.17 1.08 0.2875
1.125 1.125 0.2875 1.08 1.17 0.2875 1.035 1.215 0.2875 0.99
1.26 0.2875 0.945 1.305 0.2875 0.9 1.35 0.2875 0.855 1.395
0.2875 0.81 1.44 0.2875 0.765 1.485 0.2875 0.72 1.53 0.2875
0.675 1.53 0.2875 0.45 1.35 0.2875 0.495 1.395 0.2875 0.54
1.44 0.2875 0.585 1.485 0.2875 0.63 1.53 0.2875 1.215 1.08
0.2875 1.17 1.125 0.2875 1.125 1.17 0.2875 1.08 1.215 0.2875
1.035 1.26 0.2875 0.99 1.305 0.2875 0.945 1.35 0.2875 0.9
1.395 0.2875 0.855 1.44 0.2875 0.81 1.485 0.2875 0.765 1.53
0.2875 0.72 1.575 0.2875 0.675 1.575 0.2875 0.45 1.395 0.2875
0.495 1.44 0.2875 0.54 1.485 0.2875 0.585 1.53 0.2875 0.63
1.575 0.2875 1.215 1.125 0.2875 1.17 1.17 0.2875 1.125 1.215
0.2875 1.08 1.26 0.2875 1.035 1.305 0.2875 0.99 1.35 0.2875
0.945 1.395 0.2875 0.9 1.44 0.2875 0.855 1.485 0.2875 0.81
1.53 0.2875 0.765 1.575 0.2875 0.72 1.62 0.2875 0.675 1.62
0.2875 0.45 1.44 0.2875 0.495 1.485 0.2875 0.54 1.53 0.2875
0.585 1.575 0.2875 0.63 1.62 0.2875 1.215 1.17 0.2875 1.17
1.215 0.2875 1.125 1.26 0.2875 1.08 1.305 0.2875 1.035 1.35
0.2875 0.99 1.395 0.2875 0.945 1.44 0.2875 0.9 1.485 0.2875
0.855 1.53 0.2875 0.81 1.575 0.2875 0.765 1.62 0.2875 0.72
1.665 0.2875 0.675 1.665 0.2875 0.45 1.485 0.2875 0.495 1.53
0.2875 0.54 1.575 0.2875 0.585 1.62 0.2875 0.63 1.665 0.2875
1.215 1.215 0.2875 1.17 1.26 0.2875 1.125 1.305 0.2875 1.08
1.35 0.2875 1.035 1.395 0.2875 0.99 1.44 0.2875 0.945 1.485
0.2875 0.9 1.53 0.2875 0.855 1.575 0.2875 0.81 1.62 0.2875
0.765 1.665 0.2875 0.72 1.71 0.2875 0.675 1.71 0.2875 0.45
1.53 0.2875 0.495 1.575 0.2875 0.54 1.62 0.2875 0.585 1.665
0.2875 0.63 1.71 0.2875 1.215 1.26 0.2875 1.17 1.305 0.2875
1.125 1.35 0.2875 1.08 1.395 0.2875 1.035 1.44 0.2875 0.99
1.485 0.2875 0.945 1.53 0.2875 0.9 1.575 0.2875 0.855 1.62
0.2875 0.81 1.665 0.2875 0.765 1.71 0.2875 0.72 1.755 0.2875
0.675 1.755 0.2875 0.45 1.575 0.2875 0.495 1.62 0.2875 0.54
1.665 0.2875 0.585 1.71 0.2875 0.63 1.755 0.2875 1.215 1.305
0.2875 1.17 1.35 0.2875 1.125 1.395 0.2875 1.08 1.44 0.2875
1.035 1.485 0.2875 0.99 1.53 0.2875 0.945 1.575 0.2875 0.9
1.62 0.2875 0.855 1.665 0.2875 0.81 1.71 0.2875 0.765 1.755
0.2875 0.72 1.8 0.2875 0.675 1.8 0.2875 0.45 1.62 0.2875
0.495 1.665 0.2875 0.54 1.71 0.2875 0.585 1.755 0.2875 0.63
1.8 0.2875 1.215 1.35 0.2875 1.17 1.395 0.2875 1.125 1.44
0.2875 1.08 1.485 0.2875 1.035 1.53 0.2875 0.99 1.575 0.2875
0.945 1.62 0.2875 0.9 1.665 0.2875 0.855 1.71 0.2875 0.81
1.755 0.2875 0.765 1.8 0.2875 0.72 1.845 0.2875 0.675 1.845
0.2875 0.45 1.665 0.2875 0.495 1.71 0.2875 0.54 1.755 0.2875
0.585 1.8 0.2875 0.63 1.845 0.2875 1.215 1.395 0.2875 1.17
1.44 0.2875 1.125 1.485 0.2875 1.08 1.53 0.2875 1.035 1.575
0.2875 0.99 1.62 0.2875 0.945 1.665 0.2875 0.9 1.71 0.2875
0.855 1.755 0.2875 0.81 1.8 0.2875 0.765 1.845 0.2875 0.72
1.89 0.2875 0.675 1.89 0.2875 0.45 1.71 0.2875 0.495 1.755
0.2875 0.54 1.8 0.2875 0.585 1.845 0.2875 0.63 1.89 0.2875
1.215 1.44 0.2875 1.17 1.485 0.2875 1.125 1.53 0.2875 1.08
1.575 0.2875 1.035 1.62 0.2875 0.99 1.665 0.2875 0.945 1.71
0.2875 0.9 1.755 0.2875 0.855 1.8 0.2875 0.81 1.845 0.2875
0.765 1.89 0.2875 0.72 1.935 0.2875 0.675 1.935 0.2875 0.45
1.755 0.2875 0.495 1.8 0.2875 0.54 1.845 0.2875 0.585 1.89
0.2875 0.63 1.935 0.2875 1.215 1.485 0.2875 1.17 1.53 0.2875
1.125 1.575 0.2875 1.08 1.62 0.2875 1.035 1.665 0.2875 0.99
1.71 0.2875 0.945 1.755 0.2875 0.9 1.8 0.2875 0.855 1.845
0.2875 0.81 1.89 0.2875 0.765 1.935 0.2875 0.72 1.98 0.2875
0.675 1.98 0.2875 0.45 1.8 0.2875 0.495 1.845 0.2875 0.54
1.89 0.2875 0.585 1.935 0.2875 0.63 1.98 0.2875 1.215 1.53
0.2875 1.17 1.575 0.2875 1.125 1.62 0.2875 1.08 1.665 0.2875
1.035 1.71 0.2875 0.99 1.755 0.2875 0.945 1.8 0.2875 0.9
1.845 0.2875 0.855 1.89 0.2875 0.81 1.935 0.2875 0.765 1.98
0.2875 0.72 2.025 0.2875 0.675 2.025 0.2875 0.45 1.845 0.2875
0.495 1.89 0.2875 0.54 1.935 0.2875 0.585 1.98 0.2875 0.63
2.025 0.2875 1.215 1.575 0.2875 1.17 1.62 0.2875 1.125 1.665
0.2875 1.08 1.71 0.2875 1.035 1.755 0.2875 0.99 1.8 0.2875
0.945 1.845 0.2875 0.9 1.89 0.2875 0.855 1.935 0.2875 0.81
1.98 0.2875 0.765 2.025 0.2875 0.72 2.07 0.2875 0.675 2.07
0.2875 0.45 1.89 0.2875 0.495 1.935 0.2875 0.54 1.98 0.2875
0.585 2.025 0.2875 0.63 2.07 0.2875 1.215 1.62 0.2875 1.17
1.665 0.2875 1.125 1.71 0.2875 1.08 1.755 0.2875 1.035 1.8
0.2875 0.99 1.845 0.2875 0.945 1.89 0.2875 0.9 1.935 0.2875
0.855 1.98 0.2875 0.81 2.025 0.2875 0.765 2.07 0.2875 0.72
2.115 0.2875 0.675 2.115 0.2875 0.45 1.935 0.2875 0.495 1.98
0.2875 0.54 2.025 0.2875 0.585 2.07 0.2875 0.63 2.115 0.2875
1.215 1.665 0.2875 1.17 1.71 0.2875 1.125 1.755 0.2875 1.08
1.8 0.2875 1.035 1.845 0.2875 0.99 1.89 0.2875 0.945 1.935
0.2875 0.9 1.98 0.2875 0.855 2.025 0.2875 0.81 2.07 0.2875
0.765 2.115 0.2875 0.72 2.16 0.2875 0.675 2.16 0.2875 0.45
1.98 0.2875 0.495 2.025 0.2875 0.54 2.07 0.2875 0.585 2.115
0.2875 0.63 2.16 0.2875 1.215 1.71 0.2875 1.17 1.755 0.2875
1.125 1.8 0.2875 1.08 1.845 0.2875 1.035 1.89 0.2875 0.99
1.935 0.2875 0.945 1.98 0.2875 0.9 2.025 0.2875 0.855 2.07
0.2875 0.81 2.115 0.2875 0.765 2.16 0.2875 0.72 2.205 0.2875
0.675 2.205 0.2875 0.45 2.025 0.2875 0.495 2.07 0.2875 0.54
2.115 0.2875 0.585 2.16 0.2875 0.63 2.205 0.2875 1.215 1.755
0.2875 1.17 1.8 0.2875 1.125 1.845 0.2875 1.08 1.89 0.2875
1.035 1.935 0.2875 0.99 1.98 0.2875 0.945 2.025 0.2875 0.9
2.07 0.2875 0.855 2.115 0.2875 0.81 2.16 0.2875 0.765 2.205
0.2875 0.72 2.25 0.2875 0.675 2.25 0.2875 0.45 2.07 0.2875
0.495 2.115 0.2875 0.54 2.16 0.2875 0.585 2.205 0.2875 0.63
2.25 0.2875 1.215 1.8 0.2875 1.17 1.845 0.2875 1.125 1.89
0.2875 1.08 1.935 0.2875 1.035 1.98 0.2875 0.99 2.025 0.2875
0.945 2.07 0.2875 0.9 2.115 0.2875 0.855 2.16 0.2875 0.81
2.205 0.2875 0.765 2.25 0.2875 0.72 2.295 0.2875 0.675 2.295
0.2875 0.45 2.115 0.2875 0.495 2.16 0.2875 0.54 2.205 0.2875
0.585 2.25 0.2875 0.63 2.295 0.2875 1.215 1.845 0.2875 1.17
1.89 0.2875 1.125 1.935 0.2875 1.08 1.98 0.2875 1.035 2.025
0.2875 0.99 2.07 0.2875 0.945 2.115 0.2875 0.9 2.16 0.2875
0.855 2.205 0.2875 0.81 2.25 0.2875 0.765 2.295 0.2875 0.45
2.16 0.2875 0.495 2.205 0.2875 0.54 2.25 0.2875 0.585 2.295
0.2875 1.215 1.89 0.2875 1.17 1.935 0.2875 1.125 1.98 0.2875
1.08 2.025 0.2875 1.035 2.07 0.2875 0.99 2.115 0.2875 0.945
2.16 0.2875 0.9 2.205 0.2875 0.855 2.25 0.2875 0.81 2.295
0.2875 0.45 2.205 0.2875 0.495 2.25 0.2875 0.54 2.295 0.2875
1.215 1.935 0.2875 1.17 1.98 0.2875 1.125 2.025 0.2875 1.08
2.07 0.2875 1.035 2.115 0.2875 0.99 2.16 0.2875 0.945 2.205
0.2875 0.9 2.25 0.2875 0.855 2.295 0.2875 0.45 2.25 0.2875
0.495 2.295 0.2875 1.215 1.98 0.2875 1.17 2.025 0.2875 1.125
2.07 0.2875 1.08 2.115 0.2875 1.035 2.16 0.2875 0.99 2.205
0.2875 0.945 2.25 0.2875 0.9 2.295 0.2875 0.45 2.295 0.2875
1.215 2.025 0.2875 1.17 2.07 0.2875 1.125 2.115 0.2875 1.08
2.16 0.2875 1.035 2.205 0.2875 0.99 2.25 0.2875 0.945 2.295
0.2875 1.215 2.07 0.2875 1.17 2.115 0.2875 1.125 2.16 0.2875
1.08 2.205 0.2875 1.035 2.25 0.2875 0.99 2.295 0.2875 1.215
2.115 0.2875 1.17 2.16 0.2875 1.125 2.205 0.2875 1.08 2.25
0.2875 1.035 2.295 0.2875 1.215 2.16 0.2875 1.17 2.205 0.2875
1.125 2.25 0.2875 1.08 2.295 0.2875 1.215 2.205 0.2875 1.17
2.25 0.2875 1.125 2.295 0.2875 1.215 2.25 0.2875 1.17 2.295
0.2875 1.215 2.295 0.2875 0.449991 0.674992 0.2875 0.449983 0.629987 0.2875
0.494992 0.674994 0.2875 0.449972 0.58498 0.2875 0.494987 0.629991 0.2875 0.539994
0.674996 0.2875 0.449955 0.539972 0.2875 0.494979 0.584987 0.2875 0.53999 0.629994
0.2875 0.584995 0.674998 0.2875 0.449933 0.494966 0.2875 0.494967 0.539983 0.2875
0.539984 0.584992 0.2875 0.584992 0.629996 0.2875 0.629996 0.674998 0.2875 0.449907
0.449964 0.2875 0.494953 0.49498 0.2875 0.539977 0.53999 0.2875 0.584989 0.584995
0.2875 0.629994 0.629998 0.2875 0.674997 0.674999 0.2875 0.44988 0.404968 0.2875
0.494937 0.449979 0.2875 0.539968 0.494988 0.2875 0.584984 0.539994 0.2875 0.629992
0.584997 0.2875 0.674996 0.629999 0.2875 0.719998 0.674999 0.2875 0.449853 0.359976
0.2875 0.494919 0.404981 0.2875 0.539957 0.449988 0.2875 0.584978 0.494993 0.2875
0.629989 0.539996 0.2875 0.674994 0.584998 0.2875 0.719997 0.629999 0.2875 0.764999
0.675 0.2875 0.449822 0.314983 0.2875 0.494901 0.359985 0.2875 0.539946 0.404989
0.2875 0.584971 0.449993 0.2875 0.629985 0.494996 0.2875 0.674992 0.539998 0.2875
0.719996 0.584999 0.2875 0.764998 0.629999 0.2875 0.809999 0.675 0.2875 0.449787
0.269991 0.2875 0.494882 0.314989 0.2875 0.539934 0.359991 0.2875 0.584964 0.404993
0.2875 0.62998 0.449996 0.2875 0.67499 0.494997 0.2875 0.719995 0.539999 0.2875
0.764997 0.584999 0.2875 0.809999 0.63 0.2875 0.854999 0.675 0.2875 0.449755
0.224998 0.2875 0.494862 0.269994 0.2875 0.539923 0.314993 0.2875 0.584956 0.359994
0.2875 0.629976 0.404996 0.2875 0.674987 0.449997 0.2875 0.719993 0.494998 0.2875
0.764997 0.539999 0.2875 0.809998 0.585 0.2875 0.854999 0.63 0.2875 0.9
0.675 0.2875 0.449742 0.180006 0.2875 0.494845 0.224999 0.2875 0.539911 0.269996
0.2875 0.584949 0.314996 0.2875 0.629971 0.359997 0.2875 0.674984 0.404998 0.2875
0.719991 0.449998 0.2875 0.764996 0.494999 0.2875 0.809998 0.54 0.2875 0.854999
0.585 0.2875 0.9 0.63 0.2875 0.945 0.675 0.2875 0.449755 0.135015
0.2875 0.494838 0.180004 0.2875 0.539902 0.224999 0.2875 0.584943 0.269998 0.2875
0.629966 0.314998 0.2875 0.674981 0.359998 0.2875 0.71999 0.404999 0.2875 0.764994
0.449999 0.2875 0.809997 0.494999 0.2875 0.854999 0.54 0.2875 0.899999 0.585
0.2875 0.945 0.63 0.2875 0.99 0.675 0.2875 0.449788 0.0900241 0.2875
0.494845 0.13501 0.2875 0.539899 0.180003 0.2875 0.584938 0.225 0.2875 0.629963
0.269999 0.2875 0.674978 0.314999 0.2875 0.719988 0.359999 0.2875 0.764993 0.404999
0.2875 0.809996 0.449999 0.2875 0.854998 0.495 0.2875 0.899999 0.54 0.2875
0.945 0.585 0.2875 0.99 0.63 0.2875 1.035 0.675 0.2875 0.449833
0.0450311 0.2875 0.494865 0.0900145 0.2875 0.539904 0.135006 0.2875 0.584937 0.180002
0.2875 0.62996 0.225 0.2875 0.674976 0.269999 0.2875 0.719986 0.314999 0.2875
0.764992 0.359999 0.2875 0.809996 0.405 0.2875 0.854998 0.45 0.2875 0.899999
0.495 0.2875 0.944999 0.54 0.2875 0.99 0.585 0.2875 1.035 0.63
0.2875 1.08 0.675 0.2875 0.494892 0.0450181 0.2875 0.539915 0.0900085 0.2875
0.58494 0.135003 0.2875 0.62996 0.180001 0.2875 0.674975 0.225 0.2875 0.719985
0.27 0.2875 0.764991 0.314999 0.2875 0.809995 0.36 0.2875 0.854997 0.405
0.2875 0.899999 0.45 0.2875 0.944999 0.495 0.2875 0.99 0.54 0.2875
1.035 0.585 0.2875 1.08 0.63 0.2875 1.125 0.675 0.2875 0.539931
0.0450103 0.2875 0.584947 0.0900049 0.2875 0.629962 0.135002 0.2875 0.674975 0.180001
0.2875 0.719984 0.225 0.2875 0.76499 0.27 0.2875 0.809995 0.315 0.2875
0.854997 0.36 0.2875 0.899998 0.405 0.2875 0.944999 0.45 0.2875 0.99
0.495 0.2875 1.035 0.54 0.2875 1.08 0.585 0.2875 1.125 0.63
0.2875 1.17 0.675 0.2875 0.584956 0.0450059 0.2875 0.629966 0.0900029 0.2875
0.674976 0.135001 0.2875 0.719984 0.18 0.2875 0.76499 0.225 0.2875 0.809994
0.27 0.2875 0.854997 0.315 0.2875 0.899998 0.36 0.2875 0.944999 0.405
0.2875 0.99 0.45 0.2875 1.035 0.495 0.2875 1.08 0.54 0.2875
1.125 0.585 0.2875 1.17 0.63 0.2875 1.215 0.675 0.2875 0.629971
0.0450035 0.2875 0.674978 0.0900017 0.2875 0.719985 0.135001 0.2875 0.76499 0.18
0.2875 0.809994 0.225 0.2875 0.854996 0.27 0.2875 0.899998 0.315 0.2875
0.944999 0.36 0.2875 0.989999 0.405 0.2875 1.035 0.45 0.2875 1.08
0.495 0.2875 1.125 0.54 0.2875 1.17 0.585 0.2875 1.215 0.63
0.2875 0.674982 0.045002 0.2875 0.719986 0.090001 0.2875 0.764991 0.135 0.2875
0.809994 0.18 0.2875 0.854996 0.225 0.2875 0.899998 0.27 0.2875 0.944999
0.315 0.2875 0.989999 0.36 0.2875 1.035 0.405 0.2875 1.08 0.45
0.2875 1.125 0.495 0.2875 1.17 0.54 0.2875 1.215 0.585 0.2875
0.719988 0.0450012 0.2875 0.764992 0.0900006 0.2875 0.809994 0.135 0.2875 0.854996
0.18 0.2875 0.899998 0.225 0.2875 0.944999 0.27 0.2875 0.989999 0.315
0.2875 1.035 0.36 0.2875 1.08 0.405 0.2875 1.125 0.45 0.2875
1.17 0.495 0.2875 1.215 0.54 0.2875 0.764993 0.0450007 0.2875 0.809995
0.0900003 0.2875 0.854997 0.135 0.2875 0.899998 0.18 0.2875 0.944999 0.225
0.2875 0.989999 0.27 0.2875 1.035 0.315 0.2875 1.08 0.36 0.2875
1.125 0.405 0.2875 1.17 0.45 0.2875 1.215 0.495 0.2875 0.809995
0.0450004 0.2875 0.854997 0.0900002 0.2875 0.899998 0.135 0.2875 0.944999 0.18
0.2875 0.989999 0.225 0.2875 1.035 0.27 0.2875 1.08 0.315 0.2875
1.125 0.36 0.2875 1.17 0.405 0.2875 1.215 0.45 0.2875 0.854997
0.0450002 0.2875 0.899998 0.0900001 0.2875 0.944999 0.135 0.2875 0.989999 0.18
0.2875 1.035 0.225 0.2875 1.08 0.27 0.2875 1.125 0.315 0.2875
1.17 0.36 0.2875 1.215 0.405 0.2875 0.899998 0.0450001 0.2875 0.944999
0.0900001 0.2875 0.989999 0.135 0.2875 1.035 0.18 0.2875 1.08 0.225
0.2875 1.125 0.27 0.2875 1.17 0.315 0.2875 1.215 0.36 0.2875
0.944999 0.0450001 0.2875 0.989999 0.09 0.2875 1.035 0.135 0.2875 1.08
0.18 0.2875 1.125 0.225 0.2875 1.17 0.27 0.2875 1.215 0.315
0.2875 0.989999 0.045 0.2875 1.035 0.09 0.2875 1.08 0.135 0.2875
1.125 0.18 0.2875 1.17 0.225 0.2875 1.215 0.27 0.2875 1.035
0.045 0.2875 1.08 0.09 0.2875 1.125 0.135 0.2875 1.17 0.18
0.2875 1.215 0.225 0.2875 1.08 0.045 0.2875 1.125 0.09 0.2875
1.17 0.135 0.2875 1.215 0.18 0.2875 1.125 0.045 0.2875 1.17
0.09 0.2875 1.215 0.135 0.2875 1.17 0.045 0.2875 1.215 0.09
0.2875 1.215 0.045 0.2875 -0.9 0.72 0.2875 -0.855 0.72 0.2875
-0.855 0.765 0.2875 -0.9 0.765 0.2875 -0.945 0.765 0.2875 -0.945
0.72 0.2875 -0.81 0.765 0.2875 -0.81 0.72 0.2875 -0.855 0.81
0.2875 -0.9 0.81 0.2875 -0.9 0.675 0.2875 -0.855 0.675 0.2875
-0.945 0.81 0.2875 -0.945 0.675 0.2875 -0.765 0.765 0.2875 -0.765
0.72 0.2875 -0.81 0.81 0.2875 -0.81 0.675 0.2875 -0.9 0.63
0.2875 -0.855 0.63 0.2875 -0.945 0.63 0.2875 -0.72 0.765 0.2875
-0.72 0.72 0.2875 -0.765 0.81 0.2875 -0.765 0.675 0.2875 -0.81
0.63 0.2875 -0.9 0.585 0.2875 -0.855 0.585 0.2875 -0.945 0.585
0.2875 -0.675 0.765 0.2875 -0.675 0.72 0.2875 -0.72 0.81 0.2875
-0.72 0.675 0.2875 -0.765 0.63 0.2875 -0.81 0.585 0.2875 -0.9
0.54 0.2875 -0.855 0.54 0.2875 -0.945 0.54 0.2875 -0.63 0.765
0.2875 -0.63 0.72 0.2875 -0.675 0.81 0.2875 -0.675 0.675 0.2875
-0.72 0.63 0.2875 -0.765 0.585 0.2875 -0.81 0.54 0.2875 -0.9
0.495 0.2875 -0.855 0.495 0.2875 -0.945 0.495 0.2875 -0.585 0.765
0.2875 -0.585 0.72 0.2875 -0.63 0.81 0.2875 -0.63 0.675 0.2875
-0.675 0.63 0.2875 -0.72 0.585 0.2875 -0.765 0.54 0.2875 -0.81
0.495 0.2875 -0.9 0.45 0.2875 -0.855 0.45 0.2875 -0.945 0.45
0.2875 -0.54 0.765 0.2875 -0.54 0.72 0.2875 -0.585 0.81 0.2875
-0.585 0.675 0.2875 -0.63 0.63 0.2875 -0.675 0.585 0.2875 -0.72
0.54 0.2875 -0.765 0.495 0.2875 -0.81 0.45 0.2875 -0.9 0.405
0.2875 -0.855 0.405 0.2875 -0.945 0.405 0.2875 -0.495 0.765 0.2875
-0.494999 0.72 0.2875 -0.54 0.81 0.2875 -0.539999 0.675 0.2875 -0.585
0.63 0.2875 -0.63 0.585 0.2875 -0.675 0.54 0.2875 -0.72 0.495
0.2875 -0.765 0.45 0.2875 -0.81 0.405 0.2875 -0.9 0.36 0.2875
-0.855 0.36 0.2875 -0.945 0.36 0.2875 -0.45 0.765 0.2875 -0.449999
0.72 0.2875 -0.495 0.81 0.2875 -0.494999 0.675 0.2875 -0.539999 0.63
0.2875 -0.584999 0.585 0.2875 -0.63 0.54 0.2875 -0.675 0.495 0.2875
-0.72 0.45 0.2875 -0.765 0.405 0.2875 -0.81 0.36 0.2875 -0.9
0.315 0.2875 -0.855 0.315 0.2875 -0.945 0.315 0.2875 -0.404999 0.765
0.2875 -0.404999 0.72 0.2875 -0.45 0.81 0.2875 -0.449999 0.675 0.2875
-0.494999 0.63 0.2875 -0.539999 0.585 0.2875 -0.584999 0.54 0.2875 -0.629999
0.495 0.2875 -0.675 0.45 0.2875 -0.72 0.405 0.2875 -0.765 0.36
0.2875 -0.81 0.315 0.2875 -0.9 0.27 0.2875 -0.855 0.27 0.2875
-0.945 0.27 0.2875 -0.359999 0.765 0.2875 -0.359999 0.72 0.2875 -0.405
0.81 0.2875 -0.404998 0.675 0.2875 -0.449998 0.63 0.2875 -0.494998 0.585
0.2875 -0.539999 0.54 0.2875 -0.584999 0.495 0.2875 -0.629999 0.45 0.2875
-0.675 0.405 0.2875 -0.72 0.36 0.2875 -0.765 0.315 0.2875 -0.81
0.27 0.2875 -0.9 0.225 0.2875 -0.855 0.225 0.2875 -0.945 0.225
0.2875 -0.314999 0.765 0.2875 -0.314998 0.72 0.2875 -0.36 0.81 0.2875
-0.359998 0.675 0.2875 -0.404998 0.63 0.2875 -0.449998 0.585 0.2875 -0.494998
0.54 0.2875 -0.539998 0.495 0.2875 -0.584999 0.45 0.2875 -0.629999 0.405
0.2875 -0.675 0.36 0.2875 -0.72 0.315 0.2875 -0.765 0.27 0.2875
-0.81 0.225 0.2875 -0.9 0.18 0.2875 -0.855 0.18 0.2875 -0.945
0.18 0.2875 -0.269999 0.765 0.2875 -0.269998 0.719999 0.2875 -0.314999 0.81
0.2875 -0.314997 0.674999 0.2875 -0.359997 0.629999 0.2875 -0.404996 0.585 0.2875
-0.449997 0.54 0.2875 -0.494997 0.495 0.2875 -0.539998 0.45 0.2875 -0.584999
0.405 0.2875 -0.629999 0.36 0.2875 -0.675 0.315 0.2875 -0.72 0.27
0.2875 -0.765 0.225 0.2875 -0.81 0.18 0.2875 -0.9 0.135 0.2875
-0.855 0.135 0.2875 -0.945 0.135 0.2875 -0.224999 0.765 0.2875 -0.224998
0.719999 0.2875 -0.269999 0.81 0.2875 -0.269997 0.674999 0.2875 -0.314996 0.629999
0.2875 -0.359995 0.584999 0.2875 -0.404995 0.539999 0.2875 -0.449996 0.495 0.2875
-0.494997 0.45 0.2875 -0.539998 0.405 0.2875 -0.584999 0.36 0.2875 -0.629999
0.315 0.2875 -0.675 0.27 0.2875 -0.72 0.225 0.2875 -0.765 0.18
0.2875 -0.81 0.135 0.2875 -0.9 0.09 0.2875 -0.855 0.09 0.2875
-0.945 0.09 0.2875 -0.179999 0.764999 0.2875 -0.179998 0.719999 0.2875 -0.224999
0.81 0.2875 -0.224996 0.674999 0.2875 -0.269994 0.629999 0.2875 -0.314993 0.584999
0.2875 -0.359993 0.539999 0.2875 -0.404994 0.494999 0.2875 -0.449995 0.45 0.2875
-0.494996 0.405 0.2875 -0.539998 0.36 0.2875 -0.584999 0.315 0.2875 -0.629999
0.27 0.2875 -0.675 0.225 0.2875 -0.72 0.18 0.2875 -0.765 0.135
0.2875 -0.81 0.09 0.2875 -0.9 0.045 0.2875 -0.855 0.045 0.2875
-0.945 0.045 0.2875 -0.179999 0.81 0.2875 -0.179996 0.674998 0.2875 -0.224993
0.629998 0.2875 -0.269991 0.584998 0.2875 -0.31499 0.539999 0.2875 -0.35999 0.494999
0.2875 -0.404992 0.45 0.2875 -0.449994 0.405 0.2875 -0.494996 0.36 0.2875
-0.539998 0.315 0.2875 -0.584999 0.27 0.2875 -0.629999 0.225 0.2875 -0.675
0.18 0.2875 -0.72 0.135 0.2875 -0.765 0.09 0.2875 -0.81 0.045
0.2875 -0.9 -8.87591e-11 0.2875 -0.855 -1.34046e-10 0.2875 -0.945 -6.97118e-11 0.2875
-0.179993 0.629997 0.2875 -0.224989 0.584998 0.2875 -0.269986 0.539998 0.2875 -0.314986
0.494999 0.2875 -0.359988 0.449999 0.2875 -0.404991 0.405 0.2875 -0.449994 0.36
0.2875 -0.494996 0.315 0.2875 -0.539998 0.27 0.2875 -0.584999 0.225 0.2875
-0.629999 0.18 0.2875 -0.675 0.135 0.2875 -0.72 0.09 0.2875 -0.765
0.045 0.2875 -0.81 -2.09851e-10 0.2875 -0.9 -0.045 0.2875 -0.855 -0.045
0.2875 -0.945 -0.045 0.2875 -0.179987 0.584997 0.2875 -0.224982 0.539997 0.2875
-0.26998 0.494998 0.2875 -0.314982 0.449999 0.2875 -0.359986 0.404999 0.2875 -0.40499
0.36 0.2875 -0.449994 0.315 0.2875 -0.494997 0.27 0.2875 -0.539998 0.225
0.2875 -0.584999 0.18 0.2875 -0.63 0.135 0.2875 -0.675 0.09 0.2875
-0.72 0.045 0.2875 -0.765 -3.17708e-10 0.2875 -0.81 -0.045 0.2875 -0.9
-0.09 0.2875 -0.855 -0.09 0.2875 -0.945 -0.09 0.2875 -0.179977 0.539996
0.2875 -0.224972 0.494997 0.2875 -0.269973 0.449998 0.2875 -0.314978 0.404999 0.2875
-0.359984 0.36 0.2875 -0.40499 0.315 0.2875 -0.449994 0.27 0.2875 -0.494997
0.225 0.2875 -0.539998 0.18 0.2875 -0.584999 0.135 0.2875 -0.63 0.09
0.2875 -0.675 0.045 0.2875 -0.72 -4.444e-10 0.2875 -0.765 -0.045 0.2875
-0.81 -0.09 0.2875 -0.9 -0.135 0.2875 -0.855 -0.135 0.2875 -0.945
-0.135 0.2875 -0.179963 0.494996 0.2875 -0.224959 0.449998 0.2875 -0.269965 0.404999
0.2875 -0.314975 0.36 0.2875 -0.359984 0.315 0.2875 -0.404991 0.27 0.2875
-0.449995 0.225 0.2875 -0.494998 0.18 0.2875 -0.539999 0.135 0.2875 -0.584999
0.09 0.2875 -0.63 0.045 0.2875 -0.675 -5.35791e-10 0.2875 -0.72 -0.045
0.2875 -0.765 -0.09 0.2875 -0.81 -0.135 0.2875 -0.9 -0.18 0.2875
-0.855 -0.18 0.2875 -0.945 -0.18 0.2875 -0.179942 0.449998 0.2875 -0.224946
0.404999 0.2875 -0.26996 0.36 0.2875 -0.314975 0.315 0.2875 -0.359986 0.27
0.2875 -0.404992 0.225 0.2875 -0.449996 0.18 0.2875 -0.494998 0.135 0.2875
-0.539999 0.09 0.2875 -0.585 0.045 0.2875 -0.63 -4.43515e-10 0.2875 -0.675
-0.045 0.2875 -0.72 -0.09 0.2875 -0.765 -0.135 0.2875 -0.81 -0.18
0.2875 -0.9 -0.225 0.2875 -0.855 -0.225 0.2875 -0.945 -0.225 0.2875
-0.179917 0.404999 0.2875 -0.224935 0.36 0.2875 -0.26996 0.315 0.2875 -0.314978
0.270001 0.2875 -0.359988 0.225001 0.2875 -0.404994 0.18 0.2875 -0.449997 0.135
0.2875 -0.494999 0.0900001 0.2875 -0.539999 0.045 0.2875 -0.585 1.75809e-10 0.2875
-0.63 -0.045 0.2875 -0.675 -0.09 0.2875 -0.72 -0.135 0.2875 -0.765
-0.18 0.2875 -0.81 -0.225 0.2875 -0.9 -0.27 0.2875 -0.855 -0.27
0.2875 -0.945 -0.27 0.2875 -0.179894 0.360001 0.2875 -0.224933 0.315001 0.2875
-0.269964 0.270001 0.2875 -0.314982 0.225001 0.2875 -0.359991 0.180001 0.2875 -0.404996
0.135 0.2875 -0.449998 0.0900001 0.2875 -0.494999 0.045 0.2875 -0.54 2.03706e-09
0.2875 -0.585 -0.045 0.2875 -0.63 -0.09 0.2875 -0.675 -0.135 0.2875
-0.72 -0.18 0.2875 -0.765 -0.225 0.2875 -0.81 -0.27 0.2875 -0.9
-0.315 0.2875 -0.855 -0.315 0.2875 -0.945 -0.315 0.2875 -0.179887 0.315002
0.2875 -0.224942 0.270003 0.2875 -0.269973 0.225002 0.2875 -0.314987 0.180001 0.2875
-0.359994 0.135001 0.2875 -0.404997 0.0900002 0.2875 -0.449999 0.0450001 0.2875 -0.494999
6.49909e-09 0.2875 -0.54 -0.045 0.2875 -0.585 -0.09 0.2875 -0.63 -0.135
0.2875 -0.675 -0.18 0.2875 -0.72 -0.225 0.2875 -0.765 -0.27 0.2875
-0.81 -0.315 0.2875 -0.9 -0.36 0.2875 -0.855 -0.36 0.2875 -0.945
-0.36 0.2875 -0.179903 0.270005 0.2875 -0.224957 0.225004 0.2875 -0.269982 0.180002
0.2875 -0.314992 0.135001 0.2875 -0.359996 0.0900004 0.2875 -0.404998 0.0450001 0.2875
-0.449999 1.59397e-08 0.2875 -0.495 -0.045 0.2875 -0.54 -0.09 0.2875 -0.585
-0.135 0.2875 -0.63 -0.18 0.2875 -0.675 -0.225 0.2875 -0.72 -0.27
0.2875 -0.765 -0.315 0.2875 -0.81 -0.36 0.2875 -0.9 -0.405 0.2875
-0.855 -0.405 0.2875 -0.945 -0.405 0.2875 -0.179932 0.225007 0.2875 -0.224973
0.180004 0.2875 -0.269989 0.135002 0.2875 -0.314995 0.0900007 0.2875 -0.359998 0.0450002
0.2875 -0.404999 3.42949e-08 0.2875 -0.45 -0.045 0.2875 -0.495 -0.09 0.2875
-0.54 -0.135 0.2875 -0.585 -0.18 0.2875 -0.63 -0.225 0.2875 -0.675
-0.27 0.2875 -0.72 -0.315 0.2875 -0.765 -0.36 0.2875 -0.81 -0.405
0.2875 -0.9 -0.45 0.2875 -0.855 -0.45 0.2875 -0.945 -0.45 0.2875
-0.179961 0.180007 0.2875 -0.224986 0.135003 0.2875 -0.269994 0.0900012 0.2875 -0.314997
0.0450004 0.2875 -0.359999 6.83088e-08 0.2875 -0.404999 -0.045 0.2875 -0.45 -0.09
0.2875 -0.495 -0.135 0.2875 -0.54 -0.18 0.2875 -0.585 -0.225 0.2875
-0.63 -0.27 0.2875 -0.675 -0.315 0.2875 -0.72 -0.36 0.2875 -0.765
-0.405 0.2875 -0.81 -0.45 0.2875 -0.9 -0.495 0.2875 -0.855 -0.495
0.2875 -0.945 -0.495 0.2875 -0.179983 0.135005 0.2875 -0.224994 0.0900019 0.2875
-0.269997 0.0450006 0.2875 -0.314999 1.29844e-07 0.2875 -0.359999 -0.045 0.2875 -0.405
-0.0900001 0.2875 -0.45 -0.135 0.2875 -0.495 -0.18 0.2875 -0.54 -0.225
0.2875 -0.585 -0.27 0.2875 -0.63 -0.315 0.2875 -0.675 -0.36 0.2875
-0.72 -0.405 0.2875 -0.765 -0.45 0.2875 -0.81 -0.495 0.2875 -0.9
-0.54 0.2875 -0.855 -0.54 0.2875 -0.945 -0.54 0.2875 -0.179995 0.0900027
0.2875 -0.224997 0.0450011 0.2875 -0.269999 2.43313e-07 0.2875 -0.314999 -0.0450001 0.2875
-0.36 -0.0900001 0.2875 -0.405 -0.135 0.2875 -0.45 -0.18 0.2875 -0.495
-0.225 0.2875 -0.54 -0.27 0.2875 -0.585 -0.315 0.2875 -0.63 -0.36
0.2875 -0.675 -0.405 0.2875 -0.72 -0.45 0.2875 -0.765 -0.495 0.2875
-0.81 -0.54 0.2875 -0.9 -0.585 0.2875 -0.855 -0.585 0.2875 -0.945
-0.585 0.2875 -0.179999 0.0450016 0.2875 -0.224999 4.609e-07 0.2875 -0.269999 -0.045
0.2875 -0.315 -0.0900002 0.2875 -0.36 -0.135 0.2875 -0.405 -0.18 0.2875
-0.45 -0.225 0.2875 -0.495 -0.27 0.2875 -0.54 -0.315 0.2875 -0.585
-0.36 0.2875 -0.63 -0.405 0.2875 -0.675 -0.45 0.2875 -0.72 -0.495
0.2875 -0.765 -0.54 0.2875 -0.81 -0.585 0.2875 -0.9 -0.63 0.2875
-0.855 -0.63 0.2875 -0.945 -0.63 0.2875 -0.179999 9.1183e-07 0.2875 -0.225
-0.045 0.2875 -0.27 -0.0900002 0.2875 -0.315 -0.135 0.2875 -0.36 -0.18
0.2875 -0.405 -0.225 0.2875 -0.45 -0.27 0.2875 -0.495 -0.315 0.2875
-0.54 -0.36 0.2875 -0.585 -0.405 0.2875 -0.63 -0.45 0.2875 -0.675
-0.495 0.2875 -0.72 -0.54 0.2875 -0.765 -0.585 0.2875 -0.81 -0.63
0.2875 -0.9 -0.675 0.2875 -0.855 -0.675 0.2875 -0.945 -0.675 0.2875
-0.18 -0.0449997 0.2875 -0.225 -0.0900002 0.2875 -0.27 -0.135 0.2875 -0.315
-0.18 0.2875 -0.36 -0.225 0.2875 -0.405 -0.27 0.2875 -0.45 -0.315
0.2875 -0.495 -0.36 0.2875 -0.54 -0.405 0.2875 -0.585 -0.45 0.2875
-0.63 -0.495 0.2875 -0.675 -0.54 0.2875 -0.72 -0.585 0.2875 -0.765
-0.63 0.2875 -0.81 -0.675 0.2875 -0.9 -0.72 0.2875 -0.855 -0.72
0.2875 -0.945 -0.72 0.2875 -0.18 -0.0900001 0.2875 -0.225 -0.135 0.2875
-0.27 -0.18 0.2875 -0.315 -0.225 0.2875 -0.36 -0.27 0.2875 -0.405
-0.315 0.2875 -0.45 -0.36 0.2875 -0.495 -0.405 0.2875 -0.54 -0.45
0.2875 -0.585 -0.495 0.2875 -0.63 -0.54 0.2875 -0.675 -0.585 0.2875
-0.72 -0.63 0.2875 -0.765 -0.675 0.2875 -0.81 -0.72 0.2875 -0.9
-0.765 0.2875 -0.855 -0.765 0.2875 -0.945 -0.765 0.2875 -0.18 -0.135
0.2875 -0.225 -0.18 0.2875 -0.27 -0.225 0.2875 -0.315 -0.27 0.2875
-0.36 -0.315 0.2875 -0.405 -0.36 0.2875 -0.45 -0.405 0.2875 -0.495
-0.45 0.2875 -0.54 -0.495 0.2875 -0.585 -0.54 0.2875 -0.63 -0.585
0.2875 -0.675 -0.63 0.2875 -0.72 -0.675 0.2875 -0.765 -0.72 0.2875
-0.81 -0.765 0.2875 -0.9 -0.81 0.2875 -0.855 -0.81 0.2875 -0.945
-0.81 0.2875 -0.135 -0.135 0.2875 -0.18 -0.18 0.2875 -0.225 -0.225
0.2875 -0.27 -0.27 0.2875 -0.315 -0.315 0.2875 -0.36 -0.36 0.2875
-0.405 -0.405 0.2875 -0.45 -0.45 0.2875 -0.495 -0.495 0.2875 -0.54
-0.54 0.2875 -0.585 -0.585 0.2875 -0.63 -0.63 0.2875 -0.675 -0.675
0.2875 -0.72 -0.72 0.2875 -0.765 -0.765 0.2875 -0.81 -0.81 0.2875
-0.9 -0.855 0.2875 -0.855 -0.855 0.2875 -0.945 -0.855 0.2875 -0.135
-0.18 0.2875 -0.18 -0.225 0.2875 -0.225 -0.27 0.2875 -0.27 -0.315
0.2875 -0.315 -0.36 0.2875 -0.36 -0.405 0.2875 -0.405 -0.45 0.2875
-0.45 -0.495 0.2875 -0.495 -0.54 0.2875 -0.54 -0.585 0.2875 -0.585
-0.63 0.2875 -0.63 -0.675 0.2875 -0.675 -0.72 0.2875 -0.72 -0.765
0.2875 -0.765 -0.81 0.2875 -0.81 -0.855 0.2875 -0.9 -0.9 0.2875
-0.855 -0.9 0.2875 -0.945 -0.9 0.2875 -0.135 -0.225 0.2875 -0.0900004
-0.179999 0.2875 -0.18 -0.27 0.2875 -0.225 -0.315 0.2875 -0.27 -0.36
0.2875 -0.315 -0.405 0.2875 -0.36 -0.45 0.2875 -0.405 -0.495 0.2875
-0.45 -0.54 0.2875 -0.495 -0.585 0.2875 -0.54 -0.63 0.2875 -0.585
-0.675 0.2875 -0.63 -0.72 0.2875 -0.675 -0.765 0.2875 -0.72 -0.81
0.2875 -0.765 -0.855 0.2875 -0.81 -0.9 0.2875 -0.9 -0.945 0.2875
-0.855 -0.945 0.2875 -0.945 -0.945 0.2875 -0.135 -0.27 0.2875 -0.0900006
-0.224999 0.2875 -0.045001 -0.179997 0.2875 -0.18 -0.315 0.2875 -0.225 -0.36
0.2875 -0.27 -0.405 0.2875 -0.315 -0.45 0.2875 -0.36 -0.495 0.2875
-0.405 -0.54 0.2875 -0.45 -0.585 0.2875 -0.495 -0.63 0.2875 -0.54
-0.675 0.2875 -0.585 -0.72 0.2875 -0.63 -0.765 0.2875 -0.675 -0.81
0.2875 -0.72 -0.855 0.2875 -0.765 -0.9 0.2875 -0.81 -0.945 0.2875
-0.135 -0.315 0.2875 -0.0900005 -0.269999 0.2875 -0.045001 -0.224997 0.2875 -2.5578e-06
-0.179991 0.2875 -0.18 -0.36 0.2875 -0.225 -0.405 0.2875 -0.27 -0.45
0.2875 -0.315 -0.495 0.2875 -0.36 -0.54 0.2875 -0.405 -0.585 0.2875
-0.45 -0.63 0.2875 -0.495 -0.675 0.2875 -0.54 -0.72 0.2875 -0.585
-0.765 0.2875 -0.63 -0.81 0.2875 -0.675 -0.855 0.2875 -0.72 -0.9
0.2875 -0.765 -0.945 0.2875 -0.135 -0.36 0.2875 -0.0900004 -0.314999 0.2875
-0.0450008 -0.269998 0.2875 -2.09353e-06 -0.224994 0.2875 0.0449939 -0.179981 0.2875 -0.18
-0.405 0.2875 -0.225 -0.45 0.2875 -0.27 -0.495 0.2875 -0.315 -0.54
0.2875 -0.36 -0.585 0.2875 -0.405 -0.63 0.2875 -0.45 -0.675 0.2875
-0.495 -0.72 0.2875 -0.54 -0.765 0.2875 -0.585 -0.81 0.2875 -0.63
-0.855 0.2875 -0.675 -0.9 0.2875 -0.72 -0.945 0.2875 -0.135 -0.405
0.2875 -0.0900003 -0.36 0.2875 -0.0450006 -0.314999 0.2875 -1.48346e-06 -0.269996 0.2875
0.0449959 -0.224988 0.2875 0.0899875 -0.179964 0.2875 -0.18 -0.45 0.2875 -0.225
-0.495 0.2875 -0.27 -0.54 0.2875 -0.315 -0.585 0.2875 -0.36 -0.63
0.2875 -0.405 -0.675 0.2875 -0.45 -0.72 0.2875 -0.495 -0.765 0.2875
-0.54 -0.81 0.2875 -0.585 -0.855 0.2875 -0.63 -0.9 0.2875 -0.675
-0.945 0.2875 -0.135 -0.45 0.2875 -0.0900002 -0.405 0.2875 -0.0450004 -0.359999
0.2875 -9.90233e-07 -0.314997 0.2875 0.0449974 -0.269992 0.2875 0.0899926 -0.224978 0.2875
0.134979 -0.179942 0.2875 -0.18 -0.495 0.2875 -0.225 -0.54 0.2875 -0.27
-0.585 0.2875 -0.315 -0.63 0.2875 -0.36 -0.675 0.2875 -0.405 -0.72
0.2875 -0.45 -0.765 0.2875 -0.495 -0.81 0.2875 -0.54 -0.855 0.2875
-0.585 -0.9 0.2875 -0.63 -0.945 0.2875 -0.135 -0.495 0.2875 -0.0900001
-0.45 0.2875 -0.0450003 -0.404999 0.2875 -6.38739e-07 -0.359998 0.2875 0.0449984 -0.314995
0.2875 0.0899957 -0.269987 0.2875 0.134988 -0.224967 0.2875 0.17997 -0.179925 0.2875
-0.18 -0.54 0.2875 -0.225 -0.585 0.2875 -0.27 -0.63 0.2875 -0.315
-0.675 0.2875 -0.36 -0.72 0.2875 -0.405 -0.765 0.2875 -0.45 -0.81
0.2875 -0.495 -0.855 0.2875 -0.54 -0.9 0.2875 -0.585 -0.945 0.2875
-0.135 -0.54 0.2875 -0.0900001 -0.495 0.2875 -0.0450002 -0.45 0.2875 -4.00389e-07
-0.404999 0.2875 0.044999 -0.359997 0.2875 0.0899975 -0.314993 0.2875 0.134994 -0.269982
0.2875 0.179984 -0.224959 0.2875 0.224965 -0.179921 0.2875 -0.18 -0.585 0.2875
-0.225 -0.63 0.2875 -0.27 -0.675 0.2875 -0.315 -0.72 0.2875 -0.36
-0.765 0.2875 -0.405 -0.81 0.2875 -0.45 -0.855 0.2875 -0.495 -0.9
0.2875 -0.54 -0.945 0.2875 -0.135 -0.585 0.2875 -0.09 -0.54 0.2875
-0.0450001 -0.495 0.2875 -2.44477e-07 -0.449999 0.2875 0.0449994 -0.404998 0.2875 0.0899986
-0.359996 0.2875 0.134996 -0.31499 0.2875 0.179992 -0.269978 0.2875 0.224981 -0.224957
0.2875 0.269963 -0.179932 0.2875 -0.18 -0.63 0.2875 -0.225 -0.675 0.2875
-0.27 -0.72 0.2875 -0.315 -0.765 0.2875 -0.36 -0.81 0.2875 -0.405
-0.855 0.2875 -0.45 -0.9 0.2875 -0.495 -0.945 0.2875 0.449879 3.42558e-05
0.2875 -0.135 -0.63 0.2875 -0.09 -0.585 0.2875 -0.0450001 -0.54 0.2875
-1.45971e-07 -0.495 0.2875 0.0449997 -0.449999 0.2875 0.0899992 -0.404997 0.2875 0.134998
-0.359994 0.2875 0.179995 -0.314988 0.2875 0.22499 -0.269976 0.2875 0.26998 -0.224961
0.2875 0.314965 -0.179949 0.2875 -0.18 -0.675 0.2875 -0.225 -0.72 0.2875
-0.27 -0.765 0.2875 -0.315 -0.81 0.2875 -0.36 -0.855 0.2875 -0.405
-0.9 0.2875 -0.45 -0.945 0.2875 0.449919 -0.0449677 0.2875 0.494919 1.95486e-05
0.2875 -0.135 -0.675 0.2875 -0.09 -0.63 0.2875 -0.045 -0.585 0.2875
-8.57067e-08 -0.54 0.2875 0.0449998 -0.494999 0.2875 0.0899995 -0.449998 0.2875 0.134999
-0.404997 0.2875 0.179998 -0.359993 0.2875 0.224995 -0.314987 0.2875 0.269989 -0.269978
0.2875 0.314981 -0.224969 0.2875 0.35997 -0.179965 0.2875 -0.18 -0.72 0.2875
-0.225 -0.765 0.2875 -0.27 -0.81 0.2875 -0.315 -0.855 0.2875 -0.36
-0.9 0.2875 -0.405 -0.945 0.2875 0.404958 -0.134966 0.2875 0.449948 -0.0899731
0.2875 0.494944 -0.0449815 0.2875 0.539947 1.10699e-05 0.2875 -0.135 -0.72 0.2875
-0.09 -0.675 0.2875 -0.045 -0.63 0.2875 -4.96733e-08 -0.585 0.2875 0.0449999
-0.54 0.2875 0.0899997 -0.494999 0.2875 0.134999 -0.449998 0.2875 0.179999 -0.404996
0.2875 0.224997 -0.359993 0.2875 0.269994 -0.314988 0.2875 0.31499 -0.269982 0.2875
0.359983 -0.224978 0.2875 0.404975 -0.179977 0.2875 -0.18 -0.765 0.2875 -0.225
-0.81 0.2875 -0.27 -0.855 0.2875 -0.315 -0.9 0.2875 -0.36 -0.945
0.2875 0.449968 -0.13498 0.2875 0.494963 -0.0899843 0.2875 0.539962 -0.0449894 0.2875
0.584965 6.36161e-06 0.2875 -0.135 -0.765 0.2875 -0.09 -0.72 0.2875 -0.045
-0.675 0.2875 -2.84673e-08 -0.63 0.2875 0.0449999 -0.585 0.2875 0.0899998 -0.539999
0.2875 0.135 -0.494999 0.2875 0.179999 -0.449998 0.2875 0.224998 -0.404996 0.2875
0.269997 -0.359993 0.2875 0.314994 -0.314989 0.2875 0.35999 -0.269986 0.2875 0.404986
-0.224985 0.2875 0.449981 -0.179985 0.2875 -0.18 -0.81 0.2875 -0.225 -0.855
0.2875 -0.27 -0.9 0.2875 -0.315 -0.945 0.2875 0.494976 -0.134988 0.2875
0.539973 -0.0899908 0.2875 0.584974 -0.0449938 0.2875 0.629977 3.71998e-06 0.2875 -0.135
-0.81 0.2875 -0.09 -0.765 0.2875 -0.045 -0.72 0.2875 -1.61394e-08 -0.675
0.2875 0.045 -0.63 0.2875 0.0899999 -0.585 0.2875 0.135 -0.539999 0.2875
0.18 -0.494999 0.2875 0.224999 -0.449998 0.2875 0.269998 -0.404996 0.2875 0.314997
-0.359994 0.2875 0.359995 -0.314992 0.2875 0.404992 -0.26999 0.2875 0.449988 -0.22499
0.2875 0.494985 -0.179991 0.2875 -0.18 -0.855 0.2875 -0.225 -0.9 0.2875
-0.27 -0.945 0.2875 0.539982 -0.134993 0.2875 0.584981 -0.0899945 0.2875 0.629982
-0.0449964 0.2875 0.674985 2.1883e-06 0.2875 -0.135 -0.855 0.2875 -0.09 -0.81
0.2875 -0.045 -0.765 0.2875 -9.05276e-09 -0.72 0.2875 0.045 -0.675 0.2875
0.09 -0.63 0.2875 0.135 -0.585 0.2875 0.18 -0.539999 0.2875 0.225
-0.494999 0.2875 0.269999 -0.449998 0.2875 0.314998 -0.404996 0.2875 0.359997 -0.359995
0.2875 0.404995 -0.314994 0.2875 0.449993 -0.269993 0.2875 0.494991 -0.224993 0.2875
0.539988 -0.179994 0.2875 -0.18 -0.9 0.2875 -0.225 -0.945 0.2875 0.584987
-0.134995 0.2875 0.629987 -0.0899967 0.2875 0.674988 -0.0449978 0.2875 0.71999 1.2804e-06
0.2875 -0.135 -0.9 0.2875 -0.09 -0.855 0.2875 -0.045 -0.81 0.2875
-5.02751e-09 -0.765 0.2875 0.045 -0.72 0.2875 0.09 -0.675 0.2875 0.135
-0.63 0.2875 0.18 -0.585 0.2875 0.225 -0.539999 0.2875 0.269999 -0.494999
0.2875 0.314999 -0.449998 0.2875 0.359998 -0.404997 0.2875 0.404997 -0.359996 0.2875
0.449996 -0.314995 0.2875 0.494994 -0.269995 0.2875 0.539993 -0.224996 0.2875 0.584991
-0.179996 0.2875 -0.18 -0.945 0.2875 0.629991 -0.134997 0.2875 0.674991 -0.089998
0.2875 0.719992 -0.0449987 0.2875 0.764994 7.41419e-07 0.2875 -0.135 -0.945 0.2875
-0.09 -0.9 0.2875 -0.045 -0.855 0.2875 -2.77499e-09 -0.81 0.2875 0.045
-0.765 0.2875 0.09 -0.72 0.2875 0.135 -0.675 0.2875 0.18 -0.63
0.2875 0.225 -0.585 0.2875 0.27 -0.539999 0.2875 0.314999 -0.494999 0.2875
0.359999 -0.449998 0.2875 0.404998 -0.404997 0.2875 0.449997 -0.359997 0.2875 0.494996
-0.314997 0.2875 0.539995 -0.269997 0.2875 0.584994 -0.224997 0.2875 0.629994 -0.179998
0.2875 0.674994 -0.134998 0.2875 0.719994 -0.0899988 0.2875 0.764995 -0.0449993 0.2875
0.809996 4.24858e-07 0.2875 -0.09 -0.945 0.2875 -0.045 -0.9 0.2875 -1.54559e-09
-0.855 0.2875 0.045 -0.81 0.2875 0.09 -0.765 0.2875 0.135 -0.72
0.2875 0.18 -0.675 0.2875 0.225 -0.63 0.2875 0.27 -0.585 0.2875
0.315 -0.539999 0.2875 0.359999 -0.494999 0.2875 0.404999 -0.449998 0.2875 0.449998
-0.404998 0.2875 0.494998 -0.359998 0.2875 0.539997 -0.314998 0.2875 0.584996 -0.269998
0.2875 0.629996 -0.224998 0.2875 0.674995 -0.179999 0.2875 0.719996 -0.134999 0.2875
0.764996 -0.0899993 0.2875 0.809997 -0.0449996 0.2875 0.854998 2.41126e-07 0.2875 -0.045
-0.945 0.2875 -9.16048e-10 -0.9 0.2875 0.045 -0.855 0.2875 0.09 -0.81
0.2875 0.135 -0.765 0.2875 0.18 -0.72 0.2875 0.225 -0.675 0.2875
0.27 -0.63 0.2875 0.315 -0.585 0.2875 0.36 -0.539999 0.2875 0.404999
-0.494999 0.2875 0.449999 -0.449999 0.2875 0.494999 -0.404999 0.2875 0.539998 -0.359998
0.2875 0.584998 -0.314998 0.2875 0.629997 -0.269999 0.2875 0.674997 -0.224999 0.2875
0.719997 -0.179999 0.2875 0.764997 -0.134999 0.2875 0.809998 -0.0899996 0.2875 0.854998
-0.0449998 0.2875 0.899999 1.35563e-07 0.2875 -6.65491e-10 -0.945 0.2875 0.045 -0.9
0.2875 0.09 -0.855 0.2875 0.135 -0.81 0.2875 0.18 -0.765 0.2875
0.225 -0.72 0.2875 0.27 -0.675 0.2875 0.315 -0.63 0.2875 0.36
-0.585 0.2875 0.405 -0.539999 0.2875 0.449999 -0.494999 0.2875 0.494999 -0.449999
0.2875 0.539999 -0.404999 0.2875 0.584999 -0.359999 0.2875 0.629998 -0.314999 0.2875
0.674998 -0.269999 0.2875 0.719998 -0.224999 0.2875 0.764998 -0.179999 0.2875 0.809998
-0.135 0.2875 0.854998 -0.0899998 0.2875 0.899999 -0.0449999 0.2875 0.944999 7.54563e-08
0.2875 0.045 -0.945 0.2875 0.09 -0.9 0.2875 0.135 -0.855 0.2875
0.18 -0.81 0.2875 0.225 -0.765 0.2875 0.27 -0.72 0.2875 0.315
-0.675 0.2875 0.36 -0.63 0.2875 0.405 -0.585 0.2875 0.45 -0.54
0.2875 0.495 -0.494999 0.2875 0.539999 -0.449999 0.2875 0.584999 -0.404999 0.2875
0.629999 -0.359999 0.2875 0.674999 -0.314999 0.2875 0.719999 -0.269999 0.2875 0.764999
-0.225 0.2875 0.809999 -0.18 0.2875 0.854999 -0.135 0.2875 0.899999 -0.0899999
0.2875 0.944999 -0.0449999 0.2875 0.99 4.15655e-08 0.2875 0.09 -0.945 0.2875
0.135 -0.9 0.2875 0.18 -0.855 0.2875 0.225 -0.81 0.2875 0.27
-0.765 0.2875 0.315 -0.72 0.2875 0.36 -0.675 0.2875 0.405 -0.63
0.2875 0.45 -0.585 0.2875 0.495 -0.54 0.2875 0.54 -0.495 0.2875
0.584999 -0.45 0.2875 0.629999 -0.405 0.2875 0.674999 -0.36 0.2875 0.719999
-0.315 0.2875 0.764999 -0.27 0.2875 0.809999 -0.225 0.2875 0.854999 -0.18
0.2875 0.899999 -0.135 0.2875 0.944999 -0.0899999 0.2875 0.99 -0.045 0.2875
1.035 2.26693e-08 0.2875 0.135 -0.945 0.2875 0.18 -0.9 0.2875 0.225
-0.855 0.2875 0.27 -0.81 0.2875 0.315 -0.765 0.2875 0.36 -0.72
0.2875 0.405 -0.675 0.2875 0.45 -0.63 0.2875 0.495 -0.585 0.2875
0.54 -0.54 0.2875 0.585 -0.495 0.2875 0.63 -0.45 0.2875 0.674999
-0.405 0.2875 0.719999 -0.36 0.2875 0.764999 -0.315 0.2875 0.809999 -0.27
0.2875 0.854999 -0.225 0.2875 0.899999 -0.18 0.2875 0.945 -0.135 0.2875
0.99 -0.09 0.2875 1.035 -0.045 0.2875 1.08 1.22838e-08 0.2875 0.18
-0.945 0.2875 0.225 -0.9 0.2875 0.27 -0.855 0.2875 0.315 -0.81
0.2875 0.36 -0.765 0.2875 0.405 -0.72 0.2875 0.45 -0.675 0.2875
0.495 -0.63 0.2875 0.54 -0.585 0.2875 0.585 -0.54 0.2875 0.63
-0.495 0.2875 0.675 -0.45 0.2875 0.72 -0.405 0.2875 0.765 -0.36
0.2875 0.81 -0.315 0.2875 0.855 -0.27 0.2875 0.9 -0.225 0.2875
0.945 -0.18 0.2875 0.99 -0.135 0.2875 1.035 -0.09 0.2875 1.08
-0.045 0.2875 1.125 6.71213e-09 0.2875 0.225 -0.945 0.2875 0.27 -0.9
0.2875 0.315 -0.855 0.2875 0.36 -0.81 0.2875 0.405 -0.765 0.2875
0.45 -0.72 0.2875 0.495 -0.675 0.2875 0.54 -0.63 0.2875 0.585
-0.585 0.2875 0.63 -0.54 0.2875 0.675 -0.495 0.2875 0.72 -0.45
0.2875 0.765 -0.405 0.2875 0.81 -0.36 0.2875 0.855 -0.315 0.2875
0.9 -0.27 0.2875 0.945 -0.225 0.2875 0.99 -0.18 0.2875 1.035
-0.135 0.2875 1.08 -0.09 0.2875 1.125 -0.045 0.2875 1.17 3.90326e-09
0.2875 0.27 -0.945 0.2875 0.315 -0.9 0.2875 0.36 -0.855 0.2875
0.405 -0.81 0.2875 0.45 -0.765 0.2875 0.495 -0.72 0.2875 0.54
-0.675 0.2875 0.585 -0.63 0.2875 0.63 -0.585 0.2875 0.675 -0.54
0.2875 0.72 -0.495 0.2875 0.765 -0.45 0.2875 0.81 -0.405 0.2875
0.855 -0.36 0.2875 0.9 -0.315 0.2875 0.945 -0.27 0.2875 0.99
-0.225 0.2875 1.035 -0.18 0.2875 1.08 -0.135 0.2875 1.125 -0.09
0.2875 1.17 -0.045 0.2875 1.215 2.80264e-09 0.2875 0.315 -0.945 0.2875
0.36 -0.9 0.2875 0.405 -0.855 0.2875 0.45 -0.81 0.2875 0.495
-0.765 0.2875 0.54 -0.72 0.2875 0.585 -0.675 0.2875 0.63 -0.63
0.2875 0.675 -0.585 0.2875 0.72 -0.54 0.2875 0.765 -0.495 0.2875
0.81 -0.45 0.2875 0.855 -0.405 0.2875 0.9 -0.36 0.2875 0.945
-0.315 0.2875 0.99 -0.27 0.2875 1.035 -0.225 0.2875 1.08 -0.18
0.2875 1.125 -0.135 0.2875 1.17 -0.09 0.2875 1.215 -0.045 0.2875
0.36 -0.945 0.2875 0.405 -0.9 0.2875 0.45 -0.855 0.2875 0.495
-0.81 0.2875 0.54 -0.765 0.2875 0.585 -0.72 0.2875 0.63 -0.675
0.2875 0.675 -0.63 0.2875 0.72 -0.585 0.2875 0.765 -0.54 0.2875
0.81 -0.495 0.2875 0.855 -0.45 0.2875 0.9 -0.405 0.2875 0.945
-0.36 0.2875 0.99 -0.315 0.2875 1.035 -0.27 0.2875 1.08 -0.225
0.2875 1.125 -0.18 0.2875 1.17 -0.135 0.2875 1.215 -0.09 0.2875
0.405 -0.945 0.2875 0.45 -0.9 0.2875 0.495 -0.855 0.2875 0.54
-0.81 0.2875 0.585 -0.765 0.2875 0.63 -0.72 0.2875 0.675 -0.675
0.2875 0.72 -0.63 0.2875 0.765 -0.585 0.2875 0.81 -0.54 0.2875
0.855 -0.495 0.2875 0.9 -0.45 0.2875 0.945 -0.405 0.2875 0.99
-0.36 0.2875 1.035 -0.315 0.2875 1.08 -0.27 0.2875 1.125 -0.225
0.2875 1.17 -0.18 0.2875 1.215 -0.135 0.2875 0.45 -0.945 0.2875
0.495 -0.9 0.2875 0.54 -0.855 0.2875 0.585 -0.81 0.2875 0.63
-0.765 0.2875 0.675 -0.72 0.2875 0.72 -0.675 0.2875 0.765 -0.63
0.2875 0.81 -0.585 0.2875 0.855 -0.54 0.2875 0.9 -0.495 0.2875
0.945 -0.45 0.2875 0.99 -0.405 0.2875 1.035 -0.36 0.2875 1.08
-0.315 0.2875 1.125 -0.27 0.2875 1.17 -0.225 0.2875 1.215 -0.18
0.2875 0.495 -0.945 0.2875 0.54 -0.9 0.2875 0.585 -0.855 0.2875
0.63 -0.81 0.2875 0.675 -0.765 0.2875 0.72 -0.72 0.2875 0.765
-0.675 0.2875 0.81 -0.63 0.2875 0.855 -0.585 0.2875 0.9 -0.54
0.2875 0.945 -0.495 0.2875 0.99 -0.45 0.2875 1.035 -0.405 0.2875
1.08 -0.36 0.2875 1.125 -0.315 0.2875 1.17 -0.27 0.2875 1.215
-0.225 0.2875 0.54 -0.945 0.2875 0.585 -0.9 0.2875 0.63 -0.855
0.2875 0.675 -0.81 0.2875 0.72 -0.765 0.2875 0.765 -0.72 0.2875
0.81 -0.675 0.2875 0.855 -0.63 0.2875 0.9 -0.585 0.2875 0.945
-0.54 0.2875 0.99 -0.495 0.2875 1.035 -0.45 0.2875 1.08 -0.405
0.2875 1.125 -0.36 0.2875 1.17 -0.315 0.2875 1.215 -0.27 0.2875
0.585 -0.945 0.2875 0.63 -0.9 0.2875 0.675 -0.855 0.2875 0.72
-0.81 0.2875 0.765 -0.765 0.2875 0.81 -0.72 0.2875 0.855 -0.675
0.2875 0.9 -0.63 0.2875 0.945 -0.585 0.2875 0.99 -0.54 0.2875
1.035 -0.495 0.2875 1.08 -0.45 0.2875 1.125 -0.405 0.2875 1.17
-0.36 0.2875 1.215 -0.315 0.2875 0.63 -0.945 0.2875 0.675 -0.9
0.2875 0.72 -0.855 0.2875 0.765 -0.81 0.2875 0.81 -0.765 0.2875
0.855 -0.72 0.2875 0.9 -0.675 0.2875 0.945 -0.63 0.2875 0.99
-0.585 0.2875 1.035 -0.54 0.2875 1.08 -0.495 0.2875 1.125 -0.45
0.2875 1.17 -0.405 0.2875 1.215 -0.36 0.2875 0.675 -0.945 0.2875
0.72 -0.9 0.2875 0.765 -0.855 0.2875 0.81 -0.81 0.2875 0.855
-0.765 0.2875 0.9 -0.72 0.2875 0.945 -0.675 0.2875 0.99 -0.63
0.2875 1.035 -0.585 0.2875 1.08 -0.54 0.2875 1.125 -0.495 0.2875
1.17 -0.45 0.2875 1.215 -0.405 0.2875 0.72 -0.945 0.2875 0.765
-0.9 0.2875 0.81 -0.855 0.2875 0.855 -0.81 0.2875 0.9 -0.765
0.2875 0.945 -0.72 0.2875 0.99 -0.675 0.2875 1.035 -0.63 0.2875
1.08 -0.585 0.2875 1.125 -0.54 0.2875 1.17 -0.495 0.2875 1.215
-0.45 0.2875 0.765 -0.945 0.2875 0.81 -0.9 0.2875 0.855 -0.855
0.2875 0.9 -0.81 0.2875 0.945 -0.765 0.2875 0.99 -0.72 0.2875
1.035 -0.675 0.2875 1.08 -0.63 0.2875 1.125 -0.585 0.2875 1.17
-0.54 0.2875 1.215 -0.495 0.2875 0.81 -0.945 0.2875 0.855 -0.9
0.2875 0.9 -0.855 0.2875 0.945 -0.81 0.2875 0.99 -0.765 0.2875
1.035 -0.72 0.2875 1.08 -0.675 0.2875 1.125 -0.63 0.2875 1.17
-0.585 0.2875 1.215 -0.54 0.2875 0.855 -0.945 0.2875 0.9 -0.9
0.2875 0.945 -0.855 0.2875 0.99 -0.81 0.2875 1.035 -0.765 0.2875
1.08 -0.72 0.2875 1.125 -0.675 0.2875 1.17 -0.63 0.2875 1.215
-0.585 0.2875 0.9 -0.945 0.2875 0.945 -0.9 0.2875 0.99 -0.855
0.2875 1.035 -0.81 0.2875 1.08 -0.765 0.2875 1.125 -0.72 0.2875
1.17 -0.675 0.2875 1.215 -0.63 0.2875 0.945 -0.945 0.2875 0.99
-0.9 0.2875 1.035 -0.855 0.2875 1.08 -0.81 0.2875 1.125 -0.765
0.2875 1.17 -0.72 0.2875 1.215 -0.675 0.2875 0.99 -0.945 0.2875
1.035 -0.9 0.2875 1.08 -0.855 0.2875 1.125 -0.81 0.2875 1.17
-0.765 0.2875 1.215 -0.72 0.2875 1.035 -0.945 0.2875 1.08 -0.9
0.2875 1.125 -0.855 0.2875 1.17 -0.81 0.2875 1.215 -0.765 0.2875
1.08 -0.945 0.2875 1.125 -0.9 0.2875 1.17 -0.855 0.2875 1.215
-0.81 0.2875 1.125 -0.945 0.2875 1.17 -0.9 0.2875 1.215 -0.855
0.2875 1.17 -0.945 0.2875 1.215 -0.9 0.2875 1.215 -0.945 
POLYGONS 5427 27403
5 0 1 2 3 4 5 5 0 4 6
7 4 8 9 4 3 4 8 3 2
10 4 8 10 11 12 4 13 5 7
14 4 6 4 9 15 4 7 6 15
16 4 9 8 12 17 5 18 12 11
19 20 3 21 18 20 4 22 13 14
23 5 24 22 23 25 26 6 27 28
29 14 7 16 4 15 9 17 30 4
27 16 15 30 3 20 19 31 4 32
17 12 18 5 21 20 31 33 34 5
35 36 32 18 21 5 37 38 39 24
26 6 23 14 29 40 41 42 4 43
44 26 25 4 43 25 23 42 4 45
46 44 43 4 45 43 42 41 4 47
48 29 28 4 49 47 28 27 4 30
17 32 50 4 49 27 30 50 3 35
21 34 3 36 35 51 4 50 32 36
52 4 37 26 44 53 4 54 38 37
53 4 53 44 46 55 4 56 54 53
55 4 40 29 48 57 4 41 40 57
58 4 59 60 46 45 4 59 45 41
58 4 61 62 48 47 4 63 61 47
49 4 63 49 50 52 4 64 52 36
51 4 55 46 60 65 4 66 56 55
65 4 57 48 62 67 4 58 57 67
68 4 69 70 60 59 4 69 59 58
68 4 71 72 62 61 5 73 71 61
63 74 3 75 73 74 4 64 51 76
77 4 64 77 75 74 4 52 64 74
63 4 65 60 70 78 4 79 66 65
78 5 80 67 62 72 81 3 80 81
82 4 83 68 67 80 4 83 80 82
84 4 85 86 70 69 5 87 85 69
68 83 5 78 70 86 88 89 4 79
78 89 90 3 87 83 84 3 91 92
93 4 91 93 94 95 4 96 97 92
91 4 98 96 91 95 4 95 94 99
100 3 101 97 96 4 102 98 95 100
3 101 96 98 4 100 99 103 104 4
105 106 97 101 4 107 102 100 104 5
108 105 101 98 102 4 104 103 109 110
4 111 112 113 114 4 115 116 106 105
4 117 107 104 110 4 118 108 102 107
4 119 115 105 108 3 111 114 120 4
110 109 112 111 4 114 113 121 122 4
123 124 116 115 5 117 110 111 120 125
4 126 118 107 117 4 127 119 108 118
4 128 123 115 119 3 120 114 122 4
122 121 129 130 4 131 132 124 123 4
133 126 117 125 5 125 120 122 130 134
4 135 127 118 126 4 136 128 119 127
4 137 131 123 128 4 130 129 138 139
4 140 141 132 131 4 133 125 134 142
4 135 126 133 143 4 134 130 139 144
4 145 136 127 135 4 146 137 128 136
4 147 140 131 137 6 148 149 150 145
135 143 4 139 138 151 152 4 153 154
141 140 4 148 143 133 142 4 142 134
144 155 4 144 139 152 156 4 146 136
145 150 4 157 147 137 146 4 158 153
140 147 5 150 149 159 160 161 5 162
163 164 149 148 4 165 151 138 166 4
152 151 167 168 4 169 170 154 153 4
162 148 142 155 4 171 155 144 156 4
156 152 168 172 4 157 146 150 161 4
173 158 147 157 4 174 169 153 158 6
163 171 156 172 175 176 4 159 149 164
177 5 178 179 180 160 159 4 173 157
161 160 4 164 163 176 181 4 162 155
171 163 4 165 166 182 183 4 184 167
151 165 4 185 168 167 186 6 185 186
187 188 189 175 4 190 191 170 169 4
168 185 175 172 4 192 174 158 173 4
193 190 169 174 4 176 175 189 194 4
195 178 159 177 4 177 164 181 196 4
180 179 197 192 4 180 192 173 160 4
181 176 194 198 4 184 165 183 199 4
186 167 184 200 4 201 202 188 187 4
201 187 186 200 5 189 188 203 204 205
4 193 174 192 197 4 194 189 205 206
4 207 195 177 196 4 196 181 198 208
4 198 194 206 209 4 200 184 199 210
4 211 212 202 201 4 203 188 202 213
4 211 201 200 210 4 205 204 214 215
4 204 203 213 216 4 206 205 215 217
4 218 207 196 208 6 219 220 218 208
198 209 4 219 209 206 217 3 210 199
221 4 222 223 212 211 4 213 202 212
224 4 222 211 210 221 6 225 226 227
214 204 216 4 215 214 228 229 4 225
216 213 224 6 219 217 215 229 230 231
4 232 218 220 233 4 220 219 231 234
4 224 212 223 235 3 223 222 236 4
237 238 227 226 4 239 237 226 225 4
240 228 214 227 4 241 230 229 228 4
239 225 224 235 4 231 230 242 243 4
244 232 233 245 4 233 220 234 246 4
234 231 243 247 4 235 223 236 248 5
249 250 240 227 238 4 251 249 238 237
4 252 251 237 239 4 241 228 240 253
6 254 242 230 241 253 255 4 252 239
235 248 4 243 242 256 257 4 258 244
245 259 4 245 233 246 260 4 246 234
247 261 4 247 243 257 262 3 248 236
263 6 264 265 266 267 250 249 4 253
240 250 268 4 269 264 249 251 4 270
269 251 252 4 271 272 254 255 4 271
255 253 268 4 273 256 242 254 4 270
252 248 263 4 257 256 274 275 4 276
258 259 277 4 259 245 260 278 4 260
246 261 279 4 261 247 262 280 4 262
257 275 281 4 282 265 264 269 4 266
265 283 284 4 268 250 267 285 4 267
266 284 286 4 287 282 269 270 5 288
289 273 254 272 4 290 288 272 271 4
290 271 268 285 4 291 274 256 273 4
287 270 263 292 4 275 274 293 294 4
276 277 295 296 4 277 259 278 297 4
278 260 279 298 4 279 261 280 299 4
280 262 281 300 4 281 275 294 301 4
302 283 265 282 4 284 283 303 304 5
305 306 285 267 286 4 305 286 284 304
4 307 302 282 287 4 308 291 273 289
5 309 310 311 289 288 4 312 309 288
290 4 312 290 285 306 4 313 293 274
291 3 307 287 292 4 294 293 314 315
4 316 317 276 296 4 296 295 318 319
4 295 277 297 320 4 297 278 298 321
4 298 279 299 322 4 299 280 300 323
4 300 281 301 324 4 301 294 315 325
4 326 303 283 302 4 304 303 327 328
5 329 330 331 306 305 4 329 305 304
328 4 326 302 307 332 4 333 308 289
311 4 334 313 291 308 4 335 310 309
312 5 311 310 336 337 338 4 335 312
306 331 4 339 314 293 313 4 315 314
340 341 4 342 316 296 319 4 319 318
343 344 4 318 295 320 345 4 320 297
321 346 4 321 298 322 347 4 322 299
323 348 4 323 300 324 349 4 324 301
325 350 4 325 315 341 351 4 352 327
303 326 4 328 327 353 354 5 331 330
355 356 357 4 330 329 328 354 4 352
326 332 358 4 359 333 311 338 4 360
334 308 333 4 361 339 313 334 4 336
310 335 362 4 363 337 336 362 5 338
337 364 365 366 4 362 335 331 357 4
367 340 314 339 4 341 340 368 369 4
370 342 319 344 5 371 372 370 344 343
4 343 318 345 373 4 345 320 346 374
4 346 321 347 375 4 347 322 348 376
4 348 323 349 377 4 349 324 350 378
4 350 325 351 379 4 351 341 369 380
4 381 353 327 352 4 354 353 382 383
5 357 356 384 385 386 4 355 330 354
383 4 387 356 355 383 4 381 352 358
388 4 389 359 338 366 4 390 360 333
359 4 391 361 334 360 4 392 367 339
361 4 363 362 357 386 4 364 337 363
393 4 365 364 393 394 4 366 365 395
396 4 397 368 340 367 4 369 368 398
399 5 400 401 371 343 373 4 400 373
345 374 4 374 346 375 402 4 375 347
376 403 4 376 348 377 404 4 377 349
378 405 4 378 350 379 406 4 379 351
380 407 4 380 369 399 408 4 409 382
353 381 4 410 387 383 382 5 386 385
411 412 413 4 414 415 385 384 4 414
384 356 387 4 409 381 388 416 4 417
389 366 396 4 418 390 359 389 4 419
391 360 390 4 420 392 361 391 4 421
397 367 392 4 393 363 386 413 6 422
423 424 395 365 394 4 422 394 393 413
4 396 395 425 426 4 427 398 368 397
4 399 398 428 429 5 430 431 432 401
400 4 430 400 374 402 4 402 375 403
433 4 403 376 404 434 4 404 377 405
435 4 405 378 406 436 4 406 379 407
437 4 407 380 408 438 4 408 399 429
439 4 440 410 382 409 4 414 387 410
441 4 422 413 412 442 4 411 385 415
443 4 412 411 443 444 4 415 414 441
445 4 440 409 416 446 4 447 417 396
426 4 448 418 389 417 4 449 419 390
418 4 450 420 391 419 4 451 421 392
420 4 452 427 397 421 4 425 395 424
453 4 454 455 424 423 4 454 423 422
442 4 426 425 456 457 4 458 428 398
427 4 429 428 459 460 4 431 430 402
433 5 461 462 463 432 431 4 433 403
434 464 4 434 404 435 465 4 435 405
436 466 4 436 406 437 467 4 437 407
438 468 4 438 408 439 469 4 439 429
460 470 4 441 410 440 471 6 472 473
474 442 412 444 4 443 415 445 475 4
472 444 443 475 4 445 441 471 476 4
471 440 446 477 4 478 447 426 457 4
479 448 417 447 4 480 449 418 448 4
481 450 419 449 4 482 451 420 450 4
483 452 421 451 4 484 458 427 452 4
456 425 453 485 4 486 487 455 454 4
486 454 442 474 4 457 456 488 489 4
490 459 428 458 4 460 459 491 492 4
461 431 433 464 5 493 463 462 494 495
4 496 462 461 464 4 496 464 434 465
4 465 435 466 497 4 466 436 467 498
4 467 437 468 499 4 468 438 469 500
4 469 439 470 501 4 470 460 492 502
4 503 504 474 473 4 505 503 473 472
4 475 445 476 506 4 505 472 475 506
5 507 476 471 477 508 3 507 508 509
4 510 478 457 489 4 511 479 447 478
4 512 480 448 479 4 513 481 449 480
4 514 482 450 481 4 515 483 451 482
4 516 484 452 483 4 517 490 458 484
4 488 456 485 518 4 519 520 487 486
6 521 522 519 486 474 504 4 489 488
523 524 4 525 491 459 490 4 492 491
526 527 5 528 493 495 529 530 4 531
532 495 494 4 531 494 462 496 4 531
496 465 497 4 497 466 498 533 4 498
467 499 534 4 499 468 500 535 4 500
469 501 536 4 501 470 502 537 4 502
492 527 538 4 539 521 504 503 4 540
539 503 505 5 541 542 506 476 507 3
541 507 509 4 540 505 506 542 3 509
508 543 4 544 510 489 524 4 545 511
478 510 4 546 512 479 511 4 547 513
480 512 4 548 514 481 513 4 549 515
482 514 4 550 516 483 515 4 551 517
484 516 4 552 525 490 517 4 523 488
518 553 5 554 555 556 520 519 4 522
521 557 558 4 554 519 522 558 4 524
523 559 560 4 561 526 491 525 4 527
526 562 563 5 564 528 530 565 566 4
529 495 532 567 4 530 529 567 568 4
532 531 497 533 4 533 498 534 569 4
534 499 535 570 4 535 500 536 571 4
536 501 537 572 4 537 502 538 573 4
538 527 563 574 4 575 557 521 539 4
576 575 539 540 4 543 577 542 541 3
509 543 541 4 576 540 542 577 4 578
544 524 560 4 579 545 510 544 4 580
546 511 545 4 581 547 512 546 4 582
548 513 547 4 583 549 514 548 4 584
550 515 549 4 585 551 516 550 4 586
552 517 551 4 587 561 525 552 4 559
523 553 588 6 589 590 591 592 556 555
4 593 555 554 558 4 594 593 558 557
5 595 596 578 560 559 4 597 562 526
561 4 563 562 598 599 5 600 601 564
566 602 4 603 604 566 565 4 603 565
530 568 4 567 532 533 569 4 605 568
567 569 4 605 569 534 570 4 570 535
571 606 4 571 536 572 607 4 572 537
573 608 4 573 538 574 609 4 574 563
599 610 4 611 594 557 575 4 612 611
575 576 3 612 576 577 4 613 579 544
578 4 614 580 545 579 4 615 581 546
580 4 616 582 547 581 4 617 583 548
582 4 618 584 549 583 4 619 585 550
584 4 620 586 551 585 4 621 587 552
586 4 622 597 561 587 5 623 624 595
559 588 4 589 555 593 625 4 626 590
589 625 4 627 625 593 594 5 613 578
596 628 629 4 630 598 562 597 4 599
598 631 632 4 633 634 600 602 5 635
636 637 601 600 4 633 602 566 604 4
638 639 604 603 4 638 603 568 605 4
638 605 570 606 4 606 571 607 640 4
607 572 608 641 4 608 573 609 642 4
609 574 610 643 4 610 599 632 644 4
645 627 594 611 3 645 611 612 4 614
579 613 629 4 646 615 580 614 4 647
616 581 615 4 648 617 582 616 4 649
618 583 617 4 650 619 584 618 4 651
620 585 619 4 652 621 586 620 4 653
622 587 621 4 654 630 597 622 4 655
626 625 627 5 629 628 656 657 658 4
659 631 598 630 4 632 631 660 661 4
635 600 634 662 4 663 664 634 633 5
665 666 667 637 636 4 636 635 662 668
4 663 633 604 639 4 639 638 606 640
4 640 607 641 669 4 641 608 642 670
4 642 609 643 671 4 643 610 644 672
4 644 632 661 673 3 655 627 645 4
646 614 629 658 4 674 647 615 646 4
675 648 616 647 4 676 649 617 648 4
677 650 618 649 4 678 651 619 650 4
679 652 620 651 4 680 653 621 652 4
681 654 622 653 4 682 659 630 654 4
674 646 658 657 5 657 656 683 684 685
4 686 660 631 659 4 661 660 687 688
4 662 634 664 689 4 669 690 664 663
4 665 636 668 691 5 692 693 694 667
666 4 666 665 691 695 4 668 662 689
696 4 639 640 669 663 4 690 669 641
670 4 670 642 671 697 4 671 643 672
698 4 672 644 673 699 4 673 661 688
700 4 701 675 647 674 4 702 676 648
675 4 703 677 649 676 4 704 678 650
677 4 705 679 651 678 4 706 680 652
679 4 707 681 653 680 4 708 682 654
681 4 709 686 659 682 4 701 674 657
685 5 710 711 684 683 712 4 701 685
684 713 4 714 687 660 686 4 688 687
715 716 4 689 664 690 717 4 691 668
696 718 4 692 666 695 719 5 720 721
722 694 693 4 693 692 719 723 4 695
691 718 724 4 696 689 717 725 4 717
690 670 697 4 697 671 698 726 4 698
672 699 727 4 699 673 700 728 4 700
688 716 729 4 702 675 701 713 4 730
703 676 702 4 731 704 677 703 4 732
705 678 704 4 733 706 679 705 4 734
707 680 706 4 735 708 681 707 4 736
709 682 708 4 737 714 686 709 5 738
739 710 712 740 4 741 713 684 711 4
742 741 711 710 4 743 715 687 714 4
716 715 744 745 4 718 696 725 746 4
719 695 724 747 4 720 693 723 748 4
749 721 720 748 4 723 719 747 750 4
724 718 746 751 4 725 717 697 726 4
726 698 727 752 4 727 699 728 753 4
728 700 729 754 4 729 716 745 755 4
730 702 713 741 4 756 731 703 730 4
757 732 704 731 4 758 733 705 732 4
759 734 706 733 4 760 735 707 734 4
761 736 708 735 4 762 737 709 736 4
763 743 714 737 5 764 765 738 740 766
4 767 742 710 739 4 768 767 739 738
4 756 730 741 742 4 769 744 715 743
4 745 744 770 771 4 746 725 726 752
4 747 724 751 772 4 748 723 750 773
4 774 749 748 773 4 750 747 772 775
4 776 751 746 752 4 776 752 727 753
4 753 728 754 777 4 754 729 755 778
4 755 745 771 779 4 780 757 731 756
4 781 758 732 757 4 782 759 733 758
4 783 760 734 759 4 784 761 735 760
4 785 762 736 761 4 786 763 737 762
4 787 769 743 763 5 788 789 764 766
790 4 791 768 738 765 4 792 791 765
764 4 780 756 742 767 4 780 767 768
793 4 794 770 744 769 4 771 770 795
796 4 772 751 776 797 4 773 750 775
798 4 799 774 773 798 4 775 772 797
800 4 797 776 753 777 4 777 754 778
801 4 778 755 779 802 4 779 771 796
803 4 781 757 780 793 4 804 782 758
781 4 805 783 759 782 4 806 784 760
783 4 807 785 761 784 4 808 786 762
785 4 809 787 763 786 4 810 794 769
787 5 811 812 788 790 813 4 789 788
814 815 4 792 764 789 815 4 816 793
768 791 4 817 816 791 792 4 818 795
770 794 4 798 775 800 819 4 820 799
798 819 4 800 797 777 801 4 801 778
802 821 4 802 779 803 822 4 804 781
793 816 4 823 805 782 804 4 824 806
783 805 4 825 807 784 806 4 826 808
785 807 4 827 809 786 808 4 828 810
787 809 4 829 818 794 810 5 811 813
830 831 832 4 833 814 788 812 4 834
833 812 811 4 815 814 835 836 4 817
792 815 836 4 823 804 816 817 4 819
800 801 821 4 837 820 819 821 4 837
821 802 822 4 838 824 805 823 4 839
825 806 824 4 840 826 807 825 4 841
827 808 826 4 842 828 809 827 4 843
829 810 828 4 844 834 811 832 4 844
832 831 845 4 846 835 814 833 4 847
846 833 834 4 836 835 848 838 4 836
838 823 817 4 839 824 838 848 4 849
840 825 839 4 850 841 826 840 4 851
842 827 841 4 852 843 828 842 4 853
847 834 844 4 853 844 845 854 4 855
848 835 846 4 856 855 846 847 4 849
839 848 855 4 857 850 840 849 4 858
851 841 850 4 859 852 842 851 4 860
856 847 853 4 860 853 854 861 4 857
849 855 856 4 862 858 850 857 4 863
859 851 858 4 862 857 856 860 4 862
860 861 864 4 863 858 862 864 5 865
866 867 868 869 5 870 865 869 871 872
5 873 874 875 876 877 4 878 879 866
865 4 868 867 880 881 4 869 868 881
882 4 883 884 885 886 5 870 872 887
888 889 4 878 865 870 890 4 891 892
872 871 4 891 871 869 882 5 873 877
893 894 895 4 896 897 874 873 4 878
890 877 876 4 879 878 876 875 4 881
880 898 899 4 882 881 899 900 4 883
886 901 902 4 899 898 884 883 4 890
870 889 903 4 887 872 892 904 4 905
888 887 904 5 889 888 906 907 908 4
909 910 892 891 4 909 891 882 900 4
896 873 895 911 4 893 877 890 903 4
912 894 893 903 5 895 894 913 914 915
4 916 897 896 917 5 918 919 920 916
917 4 900 899 883 902 4 902 901 921
922 4 912 903 889 908 4 904 892 910
923 4 924 905 904 923 4 906 888 905
925 5 908 907 926 927 928 4 907 906
925 929 4 922 930 910 909 4 900 902
922 909 4 918 917 896 911 4 911 895
915 931 4 913 894 912 932 5 915 914
933 934 935 4 914 913 932 936 5 937
938 939 919 918 4 930 922 921 940 4
932 912 908 928 4 923 910 930 941 4
942 924 923 941 4 925 905 924 943 5
928 927 944 945 946 4 926 907 929 947
4 927 926 947 948 4 929 925 943 949
4 937 918 911 931 4 931 915 935 950
4 951 952 934 933 5 935 934 953 954
955 4 951 933 914 936 4 936 932 928
946 4 938 937 931 950 5 956 957 958
939 938 4 941 930 940 959 4 942 941
959 960 4 943 924 942 961 4 962 963
945 944 4 962 944 927 948 5 946 945
964 965 966 4 947 929 949 967 4 948
947 967 968 4 949 943 961 969 4 950
935 955 970 4 953 934 952 971 4 966
972 952 951 5 955 954 973 974 975 4
954 953 971 976 4 936 946 966 951 4
956 938 950 970 4 977 957 956 970 5
978 979 980 958 957 4 961 942 960 981
4 982 983 963 962 4 964 945 963 984
4 982 962 948 968 5 972 966 965 985
986 4 965 964 984 987 4 967 949 969
988 4 968 967 988 989 4 969 961 981
990 4 977 970 955 975 4 971 952 972
991 5 975 974 992 993 994 4 973 954
976 995 4 974 973 995 996 4 976 971
991 997 4 978 957 977 998 4 979 978
998 999 5 1000 1001 1002 980 979 4 1003
1004 983 982 4 984 963 983 1005 4 1003
982 968 989 5 991 972 986 1006 1007 4
1008 1009 986 985 4 1008 985 965 987 4
987 984 1005 1010 4 988 969 990 1011 4
989 988 1011 1012 4 998 977 975 994 5
994 993 1013 1014 1015 4 1016 1017 993 992
4 1016 992 974 996 4 995 976 997 1018
4 996 995 1018 1019 5 997 991 1007 1020
1021 4 1000 979 999 1022 4 999 998 994
1015 4 1001 1000 1022 1023 5 1024 1025 1026
1002 1001 4 1027 1028 1004 1003 4 1005 983
1004 1029 4 1027 1003 989 1012 4 1006 986
1009 1030 4 1007 1006 1030 1031 4 1032 1033
1009 1008 4 1032 1008 987 1010 4 1010 1005
1029 1034 5 1015 1014 1035 1036 1037 4 1038
1039 1014 1013 4 1038 1013 993 1017 4 1040
1041 1017 1016 4 1040 1016 996 1019 5 1018
997 1021 1042 1043 5 1019 1018 1043 1044 1045
4 1046 1047 1021 1020 4 1046 1020 1007 1031
4 1022 999 1015 1037 4 1024 1001 1023 1048
4 1049 1023 1022 1037 4 1050 1025 1024 1048
5 1051 1052 1053 1026 1025 4 1029 1004 1028
1054 4 1030 1009 1033 1055 4 1031 1030 1055
1056 4 1057 1058 1033 1032 4 1057 1032 1010
1034 4 1034 1029 1054 1059 5 1060 1049 1037
1036 1061 4 1062 1063 1036 1035 4 1062 1035
1014 1039 4 1064 1065 1039 1038 4 1064 1038
1017 1041 5 1066 1067 1068 1041 1040 5 1069
1066 1040 1019 1045 4 1042 1021 1047 1070 4
1043 1042 1070 1071 4 1072 1073 1045 1044 4
1072 1044 1043 1071 4 1074 1075 1047 1046 4
1074 1046 1031 1056 4 1048 1023 1049 1076 4
1077 1050 1048 1076 4 1051 1025 1050 1078 4
1052 1051 1078 1079 5 1080 1081 1082 1053 1052
4 1055 1033 1058 1083 4 1056 1055 1083 1084
4 1085 1086 1058 1057 4 1085 1057 1034 1059
4 1087 1088 1060 1061 4 1076 1049 1060 1089
4 1087 1061 1036 1063 4 1090 1091 1063 1062
4 1090 1062 1039 1065 5 1092 1093 1094 1065
1064 5 1095 1092 1064 1041 1068 4 1096 1097
1068 1067 4 1098 1096 1067 1066 4 1069 1045
1073 1099 4 1098 1066 1069 1099 4 1070 1047
1075 1100 4 1071 1070 1100 1101 4 1102 1103
1073 1072 4 1102 1072 1071 1101 4 1104 1105
1075 1074 4 1104 1074 1056 1084 4 1106 1077
1076 1089 4 1078 1050 1077 1107 4 1080 1052
1079 1108 4 1079 1078 1107 1109 4 1081 1080
1108 1110 4 1083 1058 1086 1111 4 1084 1083
1111 1112 5 1113 1114 1089 1060 1088 4 1115
1113 1088 1087 4 1115 1087 1063 1091 5 1116
1117 1118 1091 1090 5 1119 1116 1090 1065 1094
4 1120 1121 1094 1093 4 1122 1120 1093 1092
4 1095 1068 1097 1123 4 1122 1092 1095 1123
4 1124 1125 1097 1096 4 1126 1124 1096 1098
4 1099 1073 1103 1127 4 1126 1098 1099 1127
4 1100 1075 1105 1128 4 1101 1100 1128 1129
4 1130 1131 1103 1102 4 1130 1102 1101 1129
4 1132 1133 1105 1104 4 1132 1104 1084 1112
4 1134 1106 1089 1114 4 1107 1077 1106 1135
4 1108 1079 1109 1136 4 1109 1107 1135 1137
5 1138 1139 1140 1081 1110 4 1138 1110 1108
1136 6 1141 1142 1143 1144 1114 1113 4 1145
1141 1113 1115 4 1145 1115 1091 1118 4 1146
1147 1118 1117 4 1148 1146 1117 1116 4 1119
1094 1121 1149 4 1148 1116 1119 1149 4 1150
1151 1121 1120 4 1152 1150 1120 1122 4 1123
1097 1125 1153 4 1152 1122 1123 1153 4 1154
1155 1125 1124 4 1156 1154 1124 1126 4 1127
1103 1131 1157 4 1156 1126 1127 1157 4 1128
1105 1133 1158 4 1129 1128 1158 1159 4 1160
1161 1131 1130 4 1160 1130 1129 1159 5 1134
1114 1144 1162 1163 4 1135 1106 1134 1164 4
1136 1109 1137 1165 4 1137 1135 1164 1166 5
1167 1168 1169 1139 1138 4 1167 1138 1136 1165
4 1170 1142 1141 1145 4 1143 1142 1171 1172
4 1144 1143 1172 1173 8 1174 1175 1176 1177
1170 1145 1118 1147 4 1178 1179 1180 1181 4
1174 1147 1146 1178 4 1175 1174 1178 1181 4
1179 1178 1146 1148 4 1182 1183 1180 1179 5
1149 1121 1151 1184 1182 4 1149 1182 1179 1148
3 1183 1182 1184 5 1185 1151 1150 1186 1187
3 1185 1187 1188 4 1189 1186 1150 1152 4
1153 1125 1155 1190 4 1189 1152 1153 1190 4
1191 1192 1155 1154 4 1193 1191 1154 1156 4
1157 1131 1161 1194 4 1193 1156 1157 1194 4
1164 1134 1163 1195 4 1162 1144 1173 1196 4
1163 1162 1196 1197 4 1165 1137 1166 1198 4
1166 1164 1195 1199 4 1168 1167 1165 1198 5
1200 1201 1202 1169 1168 8 1203 1204 1205 1206
1207 1171 1142 1170 6 1172 1171 1208 1209 1210
1211 4 1173 1172 1211 1212 3 1213 1177 1176
5 1213 1176 1175 1214 1215 5 1216 1203 1170
1177 1213 3 1216 1213 1215 4 1181 1180 1217
1218 4 1214 1175 1181 1218 4 1219 1217 1180
1183 3 1184 1151 1185 5 1219 1183 1184 1185
1188 4 1187 1186 1220 1221 4 1188 1187 1221
1222 4 1223 1220 1186 1189 4 1190 1155 1192
1224 4 1223 1189 1190 1224 5 1225 1226 1195
1163 1197 4 1196 1173 1212 1227 4 1225 1197
1196 1227 4 1198 1166 1199 1228 4 1199 1195
1226 1229 4 1200 1168 1198 1228 4 1230 1201
1200 1228 5 1231 1232 1233 1202 1201 5 1216
1215 1234 1205 1204 3 1203 1216 1204 4 1206
1205 1235 1236 4 1237 1208 1171 1207 4 1237
1207 1206 1236 4 1238 1209 1208 1237 4 1210
1209 1239 1240 4 1241 1238 1237 1236 4 1211
1210 1240 1242 5 1212 1211 1242 2 1 4
1243 1234 1215 1214 4 1218 1217 1244 1245 4
1243 1214 1218 1245 4 1246 1244 1217 1219 4
1246 1219 1188 1222 5 1247 1248 1249 1226 1225
4 1227 1212 1 1250 4 1247 1225 1227 1250
4 1230 1228 1199 1229 4 1229 1226 1249 1251
4 1231 1201 1230 1252 4 1232 1231 1252 1253
5 1254 1255 1256 1233 1232 4 1257 1235 1205
1234 4 1258 1241 1236 1235 4 1259 1239 1209
1238 4 1240 1239 11 10 4 1260 1259 1238
1241 4 2 1242 1240 10 4 1261 1257 1234
1243 3 1262 1263 1264 5 1261 1243 1245 1262
1264 5 1249 1248 1265 1266 1267 4 1268 1248
1247 1250 4 1268 1250 1 0 4 1252 1230
1229 1251 4 1251 1249 1267 1269 4 1254 1232
1253 1270 4 1253 1252 1251 1269 4 1271 1255
1254 1270 5 1272 1273 1274 1256 1255 5 1275
1258 1235 1257 1276 3 1277 1275 1276 4 1278
1260 1241 1258 4 1259 1260 31 19 4 11
1239 1259 19 4 1279 1280 1277 1276 4 1279
1276 1257 1261 5 1264 1263 1281 1280 1279 3
1264 1279 1261 5 1267 1266 1282 1283 1284 4
1285 1286 1266 1265 4 1285 1265 1248 1268 4
1285 1268 0 5 4 1269 1267 1284 1287 4
1270 1253 1269 1287 4 1288 1271 1270 1287 4
1272 1255 1271 1289 4 1273 1272 1289 1290 5
1291 1292 1293 1274 1273 4 1294 1278 1258 1275
4 1295 1294 1275 1277 4 33 31 1260 1278
5 1296 1295 1277 1280 1297 3 1298 1296 1297
5 1297 1280 1281 1299 1300 3 1298 1297 1300
5 1284 1283 1301 1302 1303 4 1282 1266 1286
1304 4 1283 1282 1304 1305 4 1286 1285 5
13 4 1288 1287 1284 1303 4 1289 1271 1288
1306 4 1291 1273 1290 1307 4 1290 1289 1306
1308 4 1309 1292 1291 1307 5 1310 1311 1312
1293 1292 4 1303 1302 1313 1314 4 1315 1316
1302 1301 4 1315 1301 1283 1305 4 1304 1286
13 22 4 1305 1304 22 24 4 1306 1288
1303 1314 4 1307 1290 1308 1317 4 1318 1308
1306 1314 4 1319 1309 1307 1317 4 1310 1292
1309 1320 5 1321 1312 1311 1322 1323 4 1311
1310 1320 1324 6 1325 1326 1327 1313 1302 1316
4 1328 1318 1314 1313 4 39 1325 1316 1315
4 39 1315 1305 24 4 1317 1308 1318 1329
4 1330 1319 1317 1329 4 1320 1309 1319 1331
5 1332 1333 1334 1321 1323 4 1322 1311 1324
1335 4 1323 1322 1335 1336 4 1324 1320 1331
1337 4 1326 1325 1338 1339 5 1328 1313 1327
1340 1341 4 1327 1326 1339 1342 4 1329 1318
1328 1343 4 1338 1325 39 38 4 1344 1330
1329 1343 4 1331 1319 1330 1345 4 1332 1323
1336 1346 4 1333 1332 1346 1347 4 1335 1324
1337 1348 4 1336 1335 1348 1349 4 1337 1331
1345 1350 5 1339 1338 1351 1352 1353 4 1343
1328 1341 1354 4 1340 1327 1342 1355 4 1341
1340 1355 1356 4 1342 1339 1353 1357 6 1351
1338 38 54 56 1358 4 1344 1343 1354 1359
4 1345 1330 1344 1360 5 1361 1362 1363 1333
1347 4 1346 1336 1349 1364 4 1361 1347 1346
1364 4 1348 1337 1350 1365 4 1349 1348 1365
1366 4 1350 1345 1360 1367 4 1352 1351 1368
1369 4 1353 1352 1369 1370 6 1371 1372 1373
1354 1341 1356 4 1355 1342 1357 1374 4 1371
1356 1355 1374 6 1375 1376 1377 1357 1353 1370
4 1378 1368 1351 1358 4 1378 1358 56 66
4 1360 1344 1359 1379 5 1359 1354 1373 1380
1381 5 1382 1383 1384 1362 1361 4 1364 1349
1366 1385 4 1382 1361 1364 1385 4 1365 1350
1367 1386 4 1366 1365 1386 1387 4 1367 1360
1379 1388 4 1369 1368 1389 1390 4 1375 1370
1369 1390 4 1372 1371 1391 1392 4 1373 1372
1392 1393 4 1374 1357 1377 1394 4 1391 1371
1374 1394 4 1395 1396 1377 1376 4 1397 1395
1376 1375 5 1398 1389 1368 1378 1399 3 1400
1398 1399 5 1399 1378 66 79 1401 3 1400
1399 1401 5 1379 1359 1381 1402 1403 4 1404
1405 1381 1380 4 1404 1380 1373 1393 4 1406
1383 1382 1385 5 1407 1408 1409 1384 1383 4
1406 1385 1366 1387 4 1386 1367 1388 1410 4
1387 1386 1410 1411 4 1388 1379 1403 1412 4
1390 1389 1413 1414 4 1397 1375 1390 1414 4
1392 1391 1415 1416 4 1393 1392 1416 1417 6
1394 1377 1396 1418 1419 1420 4 1415 1391 1394
1420 4 1421 1418 1396 1395 4 1422 1421 1395
1397 4 1423 1413 1389 1398 4 1424 1423 1398
1400 3 1401 79 90 5 1424 1400 1401 90
1425 4 1402 1381 1405 1426 4 1403 1402 1426
1427 4 1428 1429 1405 1404 4 1428 1404 1393
1417 4 1407 1383 1406 1430 4 1431 1408 1407
1430 5 1432 1433 1434 1409 1408 4 1430 1406
1387 1411 4 1410 1388 1412 1435 4 1411 1410
1435 1436 6 1437 1438 1439 1412 1403 1427 4
1414 1413 1440 1441 4 1422 1397 1414 1441 5
1416 1415 1442 1443 1444 5 1417 1416 1444 1445
1446 4 1419 1418 1447 1448 4 1420 1419 1448
1449 6 1450 1451 1442 1415 1420 1449 4 1452
1447 1418 1421 4 1453 1452 1421 1422 5 1454
1455 1440 1413 1423 3 1454 1423 1424 4 1456
1457 1455 1454 4 1456 1454 1424 1425 4 1426
1405 1429 1458 4 1437 1427 1426 1458 4 1459
1460 1429 1428 5 1461 1459 1428 1417 1446 4
1431 1430 1411 1436 4 1432 1408 1431 1462 5
1463 1464 1465 1434 1433 4 1433 1432 1462 1466
5 1435 1412 1439 1467 1468 4 1436 1435 1468
1469 4 1438 1437 1470 1471 4 1439 1438 1471
1472 4 1441 1440 1473 1474 4 1453 1422 1441
1474 4 1443 1442 1475 1476 4 1444 1443 1476
1477 4 1478 1479 1446 1445 4 1478 1445 1444
1477 4 1448 1447 1480 1481 4 1450 1449 1448
1481 4 1482 1475 1442 1451 4 1483 1482 1451
1450 4 1484 1480 1447 1452 4 1484 1452 1453
1485 4 1486 1473 1440 1455 4 1486 1455 1457
1487 4 1458 1429 1460 1488 4 1470 1437 1458
1488 6 1489 1490 1491 1492 1460 1459 4 1461
1446 1479 1493 4 1489 1459 1461 1493 4 1462
1431 1436 1469 4 1463 1433 1466 1494 4 1495
1464 1463 1494 5 1496 1497 1498 1465 1464 4
1499 1466 1462 1469 4 1467 1439 1472 1500 4
1468 1467 1500 1501 5 1502 1499 1469 1468 1501
4 1471 1470 1503 1504 4 1472 1471 1504 1505
4 1476 1475 1506 1507 4 1477 1476 1507 1508
4 1509 1510 1479 1478 4 1509 1478 1477 1508
4 1481 1480 1511 1512 4 1483 1450 1481 1512
4 1513 1506 1475 1482 4 1514 1513 1482 1483
4 1515 1511 1480 1484 4 1515 1484 1485 1516
5 1488 1460 1492 1517 1518 5 1503 1470 1488
1518 1519 4 1520 1521 1492 1491 4 1520 1491
1490 1522 4 1523 1490 1489 1493 4 1523 1493
1479 1510 4 1494 1466 1499 1524 5 1495 1494
1524 1525 1526 4 1496 1464 1495 1527 4 1528
1497 1496 1527 5 1529 1530 1531 1498 1497 4
1500 1472 1505 1532 4 1502 1501 1500 1532 6
1524 1499 1502 1533 1534 1535 6 1504 1503 1536
1537 1538 1539 4 1505 1504 1539 1540 4 1507
1506 1541 1542 4 1508 1507 1542 1543 4 1544
1545 1510 1509 4 1544 1509 1508 1543 4 1512
1511 1546 1547 4 1514 1483 1512 1547 4 1548
1541 1506 1513 4 1549 1548 1513 1514 4 1550
1546 1511 1515 4 1550 1515 1516 1551 4 1517
1492 1521 1552 4 1518 1517 1552 1553 4 1554
1536 1503 1519 4 1554 1519 1518 1553 4 1555
1556 1521 1520 4 1555 1520 1522 1557 4 1558
1522 1490 1523 4 1558 1523 1510 1545 5 1527
1495 1526 1559 1560 4 1561 1562 1526 1525 4
1561 1525 1524 1535 5 1528 1527 1560 1563 1564
4 1529 1497 1528 1565 4 1566 1530 1529 1565
4 1532 1505 1540 1567 4 1533 1502 1532 1567
4 1568 1534 1533 1567 4 1561 1535 1534 1569
4 1538 1537 1570 1571 4 1539 1538 1571 1572
4 1573 1537 1536 1554 6 1540 1539 1572 1574
1575 1576 4 1577 1578 1579 1580 5 1580 1542
1541 1581 1582 3 1577 1580 1582 4 1543 1542
1580 1579 3 1579 1578 1583 4 1584 1585 1545
1544 5 1584 1544 1543 1579 1583 4 1547 1546
1586 1587 4 1549 1514 1547 1587 4 1588 1581
1541 1548 4 1589 1588 1548 1549 4 1590 1586
1546 1550 4 1590 1550 1551 1591 4 1552 1521
1556 1592 4 1553 1552 1592 1593 4 1573 1554
1553 1593 4 1594 1595 1556 1555 4 1596 1594
1555 1557 4 1597 1557 1522 1558 4 1597 1558
1545 1585 4 1559 1526 1562 1598 4 1560 1559
1598 1599 4 1562 1561 1569 1600 5 1565 1528
1564 1601 1602 4 1603 1604 1564 1563 4 1603
1563 1560 1599 5 1605 1566 1565 1602 1606 4
1568 1567 1540 1576 4 1569 1534 1568 1607 4
1571 1570 1608 1609 4 1610 1570 1537 1573 4
1574 1572 1571 1609 4 1611 1612 1576 1575 4
1613 1611 1575 1574 5 1614 1615 1616 1578 1577
4 1582 1581 1617 1618 4 1614 1577 1582 1618
3 1616 1615 1619 3 1583 1578 1616 4 1620
1621 1585 1584 5 1620 1584 1583 1616 1619 4
1587 1586 1622 1623 4 1589 1549 1587 1623 4
1624 1617 1581 1588 4 1625 1624 1588 1589 4
1626 1622 1586 1590 4 1626 1590 1591 1627 4
1592 1556 1595 1628 4 1593 1592 1628 1629 4
1610 1573 1593 1629 4 1630 1631 1595 1594 4
1632 1596 1557 1597 4 1633 1630 1594 1596 4
1632 1597 1585 1621 4 1598 1562 1600 1634 4
1599 1598 1634 1635 5 1600 1569 1607 1636 1637
4 1601 1564 1604 1638 4 1602 1601 1638 1639
4 1640 1641 1604 1603 4 1640 1603 1599 1635
4 1642 1643 1605 1606 4 1642 1606 1602 1639
6 1644 1645 1607 1568 1576 1612 4 1646 1608
1570 1610 4 1609 1608 1647 1648 4 1613 1574
1609 1648 4 1649 1644 1612 1611 4 1650 1649
1611 1613 3 1651 1615 1614 5 1618 1617 1652
1653 1651 3 1618 1651 1614 5 1619 1615 1651
1653 1654 4 1655 1656 1621 1620 4 1655 1620
1619 1654 4 1623 1622 1657 1658 4 1625 1589
1623 1658 4 1659 1652 1617 1624 4 1660 1659
1624 1625 4 1661 1657 1622 1626 4 1661 1626
1627 1662 4 1628 1595 1631 1663 4 1629 1628
1663 1664 4 1646 1610 1629 1664 4 1665 1633
1596 1632 4 1665 1632 1621 1656 5 1634 1600
1637 1666 1667 5 1635 1634 1667 1668 1669 4
1670 1671 1637 1636 4 1670 1636 1607 1645 4
1638 1604 1641 1672 4 1639 1638 1672 1673 5
1674 1675 1676 1641 1640 5 1674 1640 1635 1669
1677 5 1678 1679 1680 1643 1642 5 1681 1678
1642 1639 1673 4 1682 1670 1645 1644 4 1647
1608 1646 1683 4 1648 1647 1684 1685 4 1650
1613 1648 1685 4 1686 1682 1644 1649 4 1687
1686 1649 1650 4 1658 1657 1688 1689 4 1660
1625 1658 1689 4 1690 1688 1657 1661 3 1690
1661 1662 4 1666 1637 1671 1691 4 1667 1666
1691 1692 4 1693 1694 1669 1668 4 1693 1668
1667 1692 4 1695 1671 1670 1682 5 1672 1641
1676 1696 1697 6 1673 1672 1697 1698 1699 1700
4 1701 1702 1676 1675 4 1703 1701 1675 1674
4 1704 1703 1674 1677 4 1704 1677 1669 1694
4 1705 1706 1680 1679 4 1707 1705 1679 1678
4 1681 1673 1700 1708 4 1707 1678 1681 1708
5 1709 1684 1647 1683 1710 4 1685 1684 1711
1712 3 1709 1710 1713 4 1687 1650 1685 1712
4 1714 1695 1682 1686 4 1714 1686 1687 1715
4 1691 1671 1695 1716 4 1692 1691 1716 1717
4 1718 1719 1694 1693 4 1718 1693 1692 1717
4 1696 1676 1702 1720 4 1697 1696 1720 1721
4 1722 1723 1699 1698 4 1722 1698 1697 1721
4 1708 1700 1699 1724 4 1725 1726 1702 1701
4 1727 1725 1701 1703 4 1728 1727 1703 1704
4 1728 1704 1694 1719 4 1729 1730 1706 1705
4 1731 1729 1705 1707 4 1731 1707 1708 1724
5 1732 1733 1711 1684 1709 3 1732 1709 1713
4 1734 1716 1695 1714 4 1734 1714 1715 1735
4 1717 1716 1734 1736 4 1737 1738 1719 1718
4 1737 1718 1717 1736 4 1720 1702 1726 1739
4 1721 1720 1739 1740 4 1741 1742 1723 1722
4 1724 1699 1723 1743 4 1741 1722 1721 1740
4 1744 1745 1726 1725 4 1746 1744 1725 1727
4 1747 1746 1727 1728 4 1747 1728 1719 1738
4 1748 1749 1730 1729 4 1750 1748 1729 1731
4 1750 1731 1724 1743 4 1736 1734 1735 1751
3 1752 1753 1754 4 1755 1756 1738 1737 4
1755 1737 1736 1751 4 1739 1726 1745 1757 4
1740 1739 1757 1758 4 1759 1760 1742 1741 4
1743 1723 1742 1761 4 1759 1741 1740 1758 4
1762 1763 1745 1744 4 1764 1762 1744 1746 4
1765 1764 1746 1747 4 1765 1747 1738 1756 4
1766 1767 1749 1748 4 1768 1766 1748 1750 4
1768 1750 1743 1761 3 1769 1752 1754 4 1757
1745 1763 1770 4 1758 1757 1770 1771 3 1772
1773 1774 4 1775 1761 1742 1760 5 1774 1776
1777 1760 1759 5 1772 1774 1759 1758 1771 3
1776 1774 1773 4 1775 1760 1777 1778 4 1779
1780 1781 1782 4 1779 1782 1783 1784 5 1782
1781 1785 1786 1787 4 1788 1789 1779 1784 4
1784 1783 1790 1791 4 1783 1782 1787 1792 5
1793 1794 1795 1786 1785 3 1796 1785 1781 4
1787 1786 1797 1798 4 1788 1784 1791 1799 4
1800 1801 1789 1788 4 1802 1790 1783 1792 4
1791 1790 1803 1804 4 1792 1787 1798 1805 3
1796 1781 1806 3 1793 1785 1796 4 1806 1807
1794 1793 4 1808 1809 1795 1794 4 1810 1797
1786 1795 4 1798 1797 1811 1812 4 1813 1800
1788 1799 4 1799 1791 1804 1814 6 1802 1792
1805 1815 1816 1817 4 1803 1790 1802 1817 4
1804 1803 1818 1819 4 1815 1805 1798 1812 3
1806 1793 1796 4 1808 1794 1807 1820 4 1821
1822 1809 1808 4 1823 1810 1795 1809 4 1824
1811 1797 1810 5 1815 1812 1811 1825 1826 4
1827 1813 1799 1814 4 1814 1804 1819 1828 5
1817 1816 1829 1830 1831 4 1816 1815 1826 1832
4 1818 1803 1817 1831 4 1819 1818 1833 1834
4 1821 1808 1820 1835 4 1836 1837 1822 1821
4 1838 1823 1809 1822 4 1824 1810 1823 1839
5 1825 1811 1824 1839 1840 4 1826 1825 1841
1842 4 1843 1827 1814 1828 4 1828 1819 1834
1844 4 1845 1829 1816 1832 4 1830 1829 1846
1847 4 1833 1818 1831 1830 4 1832 1826 1842
1848 6 1834 1833 1830 1847 1849 1850 4 1836
1821 1835 1851 4 1852 1853 1837 1836 4 1854
1838 1822 1837 4 1839 1823 1838 1855 4 1841
1825 1840 1856 5 1857 1858 1840 1839 1855 5
1842 1841 1856 232 244 4 1843 1828 1844 1859
3 1860 1827 1843 4 1861 1844 1834 1850 4
1862 1845 1832 1848 4 1863 1846 1829 1845 4
1847 1846 1864 1865 5 1862 1848 1842 244 258
4 1849 1847 1865 1866 4 1867 1861 1850 1849
4 1852 1836 1851 1868 4 190 193 1853 1852
4 1869 1854 1837 1853 4 1857 1855 1838 1854
4 1856 1840 1858 1870 5 1871 179 178 1858
1857 6 195 207 218 232 1856 1870 4 1872
1860 1843 1859 4 1873 1859 1844 1861 4 1874
1863 1845 1862 4 1875 1864 1846 1863 4 1865
1864 1876 1877 5 1874 1862 258 276 317 6
1867 1849 1866 1878 1879 1880 4 1866 1865 1877
1881 4 1873 1861 1867 1880 4 191 190 1852
1868 4 1869 1853 193 197 4 1871 1857 1854
1869 4 195 1870 1858 178 4 179 1871 1869
197 4 1882 1872 1859 1873 4 1875 1863 1874
317 6 1876 1864 1875 317 316 1883 4 1877
1876 1883 1884 4 1878 1866 1881 1885 4 1879
1878 1886 1887 4 1880 1879 1887 1888 4 1889
1881 1877 1884 4 1882 1873 1880 1888 4 1890
1891 1872 1882 4 1883 316 342 1892 5 1889
1884 1883 1892 1893 5 1886 1878 1885 1894 1895
4 1896 1885 1881 1889 4 1887 1886 1895 1897
4 1888 1887 1897 1898 4 1890 1882 1888 1898
4 1899 1900 1891 1890 4 1892 342 370 1901
5 1896 1889 1893 1902 1903 4 1904 1893 1892
1901 5 1895 1894 1905 1906 1907 4 1894 1885
1896 1903 4 1897 1895 1907 1908 4 1898 1897
1908 1909 4 1899 1890 1898 1909 5 1910 1900
1899 1911 1912 5 1904 1901 370 372 1913 5
1903 1902 1914 1915 1916 4 1917 1902 1893 1904
5 1918 1919 1920 1906 1905 4 1905 1894 1903
1916 4 1908 1907 1906 1921 4 1909 1908 1921
1922 3 1923 1910 1912 4 1911 1899 1909 1922
4 1912 1911 1924 1925 5 1917 1904 1913 1926
1927 5 1928 1929 1915 1914 1930 4 1914 1902
1917 1927 4 1918 1905 1916 1915 4 1920 1919
1931 1932 5 1933 1934 1935 1919 1918 4 1921
1906 1920 1932 4 1922 1921 1932 1936 4 1937
1923 1912 1925 4 1924 1911 1922 1936 5 1925
1924 1938 1939 1940 5 1927 1926 1941 1942 1943
5 1944 1945 1946 1928 1930 4 1930 1914 1927
1943 4 1933 1918 1915 1929 4 1933 1929 1928
1947 4 1948 1931 1919 1935 4 1936 1932 1931
1949 5 1950 1934 1933 1947 1951 4 1952 1948
1935 1934 3 1937 1925 1940 4 1938 1924 1936
1949 4 1953 1954 1939 1938 4 1944 1930 1943
1942 5 1942 1941 1531 1530 1955 5 1956 1957
1958 1945 1944 4 1946 1945 1959 1960 4 1947
1928 1946 1960 4 1961 1949 1931 1948 4 1950
1951 1962 1963 5 1964 1965 1951 1947 1960 4
1952 1934 1950 1963 4 1966 1961 1948 1952 4
1953 1938 1949 1961 4 1967 1968 1954 1953 4
1956 1944 1942 1955 4 1956 1955 1530 1566 5
1969 1957 1956 1566 1605 4 1970 1959 1945 1958
4 1971 1970 1958 1957 5 1972 1973 1964 1960
1959 4 1974 1962 1951 1965 4 1963 1962 1975
1976 4 1977 1974 1965 1964 4 1966 1952 1963
1976 4 1967 1953 1961 1966 4 1978 1979 1954
1968 4 1980 1981 1968 1967 4 1969 1605 1643
1982 4 1971 1957 1969 1982 5 1983 1984 1972
1959 1970 5 1985 1986 1983 1970 1971 4 1973
1972 1987 1988 4 1977 1964 1973 1988 4 1989
1975 1962 1974 4 1976 1975 1990 1980 4 1991
1989 1974 1977 4 1976 1980 1967 1966 4 1992
1978 1968 1981 4 1993 1979 1978 1994 4 1981
1980 1990 1995 5 1982 1643 1680 1996 1997 5
1985 1971 1982 1997 1998 4 1999 1987 1972 1984
4 2000 1999 1984 1983 4 1986 1985 2001 2002
4 2000 1983 1986 2002 4 1988 1987 2003 2004
4 1991 1977 1988 2004 4 2005 1990 1975 1989
4 2006 2005 1989 1991 3 2007 1993 1994 4
1992 1981 1995 2008 4 1994 1978 1992 2009 4
2010 1995 1990 2005 4 1996 1680 1706 2011 4
1997 1996 2011 2012 4 2013 2001 1985 1998 4
2013 1998 1997 2012 4 2014 2003 1987 1999 4
2015 2014 1999 2000 4 2002 2001 2016 2017 4
2015 2000 2002 2017 4 2004 2003 2018 2019 4
2006 1991 2004 2019 4 2020 2010 2005 2006 4
2021 2007 1994 2009 5 2009 1992 2008 2022 2023
4 2011 1706 1730 2024 4 2012 2011 2024 2025
4 2026 2016 2001 2013 4 2026 2013 2012 2025
4 2027 2018 2003 2014 4 2028 2027 2014 2015
4 2017 2016 2029 2030 4 2028 2015 2017 2030
4 2019 2018 2031 2032 4 2020 2006 2019 2032
3 2021 2009 2023 4 2024 1730 1749 2033 4
2025 2024 2033 2034 4 2035 2029 2016 2026 4
2035 2026 2025 2034 4 2036 2031 2018 2027 4
2037 2036 2027 2028 4 2030 2029 2038 2039 4
2037 2028 2030 2039 3 2040 2041 2042 4 2033
1749 1767 2043 4 2034 2033 2043 2044 4 2045
2038 2029 2035 4 2045 2035 2034 2044 4 2039
2038 2046 2047 4 2048 2037 2039 2047 6 2049
2040 2042 2050 2051 2052 4 2046 2038 2045 2053
4 2047 2046 2054 2055 4 2056 2048 2047 2055
3 2057 2049 2052 3 2052 2051 2058 4 2059
2054 2046 2053 3 2057 2052 2058 6 453 424
455 487 2060 2061 4 2062 485 453 2061 4
2063 2064 2061 2060 4 2063 2060 487 520 6
2065 2066 2067 2062 2061 2064 4 2068 518 485
2062 4 2069 2065 2064 2063 4 2069 2063 520
556 4 2070 2068 2062 2067 4 2066 2065 2071
2072 4 2067 2066 2072 2073 4 2074 553 518
2068 4 2075 2071 2065 2069 4 2075 2069 556
592 5 2076 2077 2070 2067 2073 4 2078 2074
2068 2070 4 2072 2071 2079 2080 4 2076 2073
2072 2080 4 623 588 553 2074 4 2081 2079
2071 2075 6 2082 2083 2081 2075 592 2084 5
2085 2086 2087 2077 2076 4 2088 2078 2070 2077
4 623 2074 2078 2089 4 2080 2079 2090 2091
4 2085 2076 2080 2091 5 2092 2093 2090 2079
2081 4 2094 2082 2084 2095 5 2096 2097 2083
2082 2098 4 2099 2100 2094 2095 5 2095 2084
592 591 2101 3 2099 2095 2101 3 2102 2096
2098 4 2092 2081 2083 2097 5 2103 2104 624
623 2089 4 2099 2101 2105 2106 5 2107 2087
2086 2108 2109 4 2110 2088 2077 2087 4 2111
2086 2085 2091 4 2103 2089 2078 2088 4 2112
2111 2091 2090 5 2112 2090 2093 2113 2114 4
2115 2093 2092 2097 3 2098 2082 2094 5 2116
2117 2115 2097 2096 5 2118 2102 2098 2094 2100
4 2100 2099 2106 2119 4 2105 2101 591 590
3 2116 2096 2102 5 2120 2121 2122 2104 2103
4 2106 2105 2123 2124 5 2125 2107 2109 2126
2127 4 2110 2087 2107 2128 4 2108 2086 2111
2129 4 2109 2108 2129 2130 4 2120 2103 2088
2110 4 2131 2129 2111 2112 5 2131 2112 2114
2132 2133 4 2134 2135 2114 2113 4 2134 2113
2093 2115 3 2136 2117 2116 4 2134 2115 2117
2137 4 2138 2118 2100 2119 5 2139 2136 2116
2102 2118 4 2119 2106 2124 2140 4 2123 2105
590 626 4 2121 2120 2110 2128 5 2141 2142
2143 2122 2121 3 2124 2123 2144 5 2145 2125
2127 2146 2147 4 2128 2107 2125 2148 4 2126
2109 2130 2149 4 2127 2126 2149 2150 4 2151
2130 2129 2131 5 2151 2131 2133 2152 2153 4
2132 2114 2135 2154 4 2133 2132 2154 2155 4
2135 2134 2137 2156 3 2157 2158 2159 5 2160
2161 2137 2117 2136 3 2144 2162 2163 4 2138
2119 2140 2164 5 2157 2159 2139 2118 2138 3
2160 2136 2139 5 2140 2124 2144 2163 2165 5
2162 2144 2123 626 655 4 2141 2121 2128 2148
4 2166 2142 2141 2148 5 2167 916 920 2143
2142 5 2168 2145 2147 2169 2170 4 2166 2148
2125 2145 4 2146 2127 2150 2171 4 2147 2146
2171 2172 4 2149 2130 2151 2173 4 2150 2149
2173 2174 5 2173 2151 2153 2175 2176 4 2177
2178 2153 2152 4 2177 2152 2133 2155 4 2154
2135 2156 2179 4 2155 2154 2179 2180 4 2156
2137 2161 2181 5 2159 2158 2182 2161 2160 3
2157 2138 2164 3 2164 2140 2165 3 2159 2160
2139 4 2167 2142 2166 2183 4 897 916 2167
2183 5 2168 2170 2184 875 874 4 2183 2166
2145 2168 4 2185 2186 2170 2169 4 2185 2169
2147 2172 4 2171 2150 2174 2187 4 2172 2171
2187 2188 5 2174 2173 2176 2189 2190 4 2175
2153 2178 2191 4 2176 2175 2191 2192 4 2193
2194 2178 2177 4 2193 2177 2155 2180 4 2179
2156 2181 2195 4 2180 2179 2195 2196 4 2181
2161 2182 2197 4 897 2183 2168 874 4 2198
879 875 2184 4 2198 2184 2170 2186 4 2199
2200 2186 2185 4 2199 2185 2172 2188 5 2187
2174 2190 2201 2202 5 2188 2187 2202 2203 2204
4 2205 2206 2190 2189 4 2205 2189 2176 2192
4 2191 2178 2194 2207 4 2192 2191 2207 2208
4 2209 2210 2194 2193 4 2209 2193 2180 2196
4 2195 2181 2197 2211 4 2196 2195 2211 2212
4 2213 866 879 2198 4 2213 2198 2186 2200
5 2214 2215 2216 2200 2199 5 2217 2214 2199
2188 2204 4 2201 2190 2206 2218 4 2202 2201
2218 2219 4 2220 2221 2204 2203 4 2220 2203
2202 2219 4 2222 2223 2206 2205 4 2222 2205
2192 2208 4 2207 2194 2210 2224 4 2208 2207
2224 2225 4 2226 2227 2210 2209 4 2226 2209
2196 2212 5 2228 2229 867 866 2213 5 2230
2228 2213 2200 2216 4 2231 2232 2216 2215 4
2233 2231 2215 2214 4 2217 2204 2221 2234 4
2233 2214 2217 2234 4 2218 2206 2223 2235 4
2219 2218 2235 2236 4 2237 2238 2221 2220 4
2237 2220 2219 2236 4 2239 2240 2223 2222 4
2239 2222 2208 2225 4 2224 2210 2227 2241 4
2225 2224 2241 2242 4 2243 880 867 2229 4
2244 2243 2229 2228 4 2230 2216 2232 2245 4
2244 2228 2230 2245 4 2246 2247 2232 2231 4
2248 2246 2231 2233 4 2234 2221 2238 2249 4
2248 2233 2234 2249 4 2235 2223 2240 2250 4
2236 2235 2250 2251 4 2252 2253 2238 2237 4
2252 2237 2236 2251 4 2254 2255 2240 2239 4
2254 2239 2225 2242 4 2256 898 880 2243 4
2257 2256 2243 2244 4 2245 2232 2247 2258 4
2257 2244 2245 2258 4 2259 2260 2247 2246 4
2261 2259 2246 2248 4 2249 2238 2253 2262 4
2261 2248 2249 2262 4 2250 2240 2255 2263 4
2251 2250 2263 2264 4 2265 2266 2253 2252 4
2265 2252 2251 2264 4 2267 884 898 2256 4
2268 2267 2256 2257 4 2258 2247 2260 2269 4
2268 2257 2258 2269 4 2270 2271 2260 2259 4
2272 2270 2259 2261 4 2262 2253 2266 2273 4
2272 2261 2262 2273 4 2274 885 884 2267 4
2275 2274 2267 2268 4 2269 2260 2271 2276 4
2275 2268 2269 2276 4 2277 2278 2279 2280 4
2281 2277 2280 2282 4 2283 2284 2278 2277 4
2285 2281 2282 2286 4 2287 2283 2277 2281 4
2288 2289 2284 2283 4 2290 2285 2286 2291 4
2292 2287 2281 2285 4 2293 2288 2283 2287 4
2294 2295 2289 2288 4 2296 2290 2291 2297 4
2298 2292 2285 2290 4 2299 2293 2287 2292 4
2300 2294 2288 2293 4 2301 2302 2295 2294 4
2303 2296 2297 2304 4 2305 2298 2290 2296 4
2306 2299 2292 2298 4 2307 2300 2293 2299 4
2308 2301 2294 2300 4 2309 2310 2302 2301 4
2311 2303 2304 2312 4 2313 2305 2296 2303 4
2314 2306 2298 2305 4 2315 2307 2299 2306 4
2316 2308 2300 2307 4 2317 2309 2301 2308 4
2318 2319 2310 2309 4 2320 2311 2312 2321 4
2322 2313 2303 2311 4 2323 2314 2305 2313 4
2324 2315 2306 2314 4 2325 2316 2307 2315 4
2326 2317 2308 2316 4 2327 2318 2309 2317 4
2328 2329 2319 2318 4 2330 2320 2321 2331 4
2332 2322 2311 2320 4 2333 2323 2313 2322 4
2334 2324 2314 2323 4 2335 2325 2315 2324 4
2336 2326 2316 2325 4 2337 2327 2317 2326 4
2338 2328 2318 2327 4 2339 2340 2329 2328 4
2341 2330 2331 2342 4 2343 2332 2320 2330 4
2344 2333 2322 2332 4 2345 2334 2323 2333 4
2346 2335 2324 2334 4 2347 2336 2325 2335 4
2348 2337 2326 2336 4 2349 2338 2327 2337 4
2350 2339 2328 2338 4 2351 2352 2340 2339 4
2353 2341 2342 2354 4 2355 2343 2330 2341 4
2356 2344 2332 2343 4 2357 2345 2333 2344 4
2358 2346 2334 2345 4 2359 2347 2335 2346 4
2360 2348 2336 2347 4 2361 2349 2337 2348 4
2362 2350 2338 2349 4 2363 2351 2339 2350 4
2364 2365 2352 2351 4 2366 2353 2354 2367 4
2368 2355 2341 2353 4 2369 2356 2343 2355 4
2370 2357 2344 2356 4 2371 2358 2345 2357 4
2372 2359 2346 2358 4 2373 2360 2347 2359 4
2374 2361 2348 2360 4 2375 2362 2349 2361 4
2376 2363 2350 2362 4 2377 2364 2351 2363 4
2378 2379 2365 2364 4 2380 2366 2367 2381 4
2382 2368 2353 2366 4 2383 2369 2355 2368 4
2384 2370 2356 2369 4 2385 2371 2357 2370 4
2386 2372 2358 2371 4 2387 2373 2359 2372 4
2388 2374 2360 2373 4 2389 2375 2361 2374 4
2390 2376 2362 2375 4 2391 2377 2363 2376 4
2392 2378 2364 2377 4 2393 2394 2379 2378 4
2395 2380 2381 2396 4 2397 2382 2366 2380 4
2398 2383 2368 2382 4 2399 2384 2369 2383 4
2400 2385 2370 2384 4 2401 2386 2371 2385 4
2402 2387 2372 2386 4 2403 2388 2373 2387 4
2404 2389 2374 2388 4 2405 2390 2375 2389 4
2406 2391 2376 2390 4 2407 2392 2377 2391 4
2408 2393 2378 2392 4 2409 2410 2394 2393 4
2411 2395 2396 2412 4 2413 2397 2380 2395 4
2414 2398 2382 2397 4 2415 2399 2383 2398 4
2416 2400 2384 2399 4 2417 2401 2385 2400 4
2418 2402 2386 2401 4 2419 2403 2387 2402 4
2420 2404 2388 2403 4 2421 2405 2389 2404 4
2422 2406 2390 2405 4 2423 2407 2391 2406 4
2424 2408 2392 2407 4 2425 2409 2393 2408 4
2426 2427 2410 2409 4 2428 2411 2412 2429 4
2430 2413 2395 2411 4 2431 2414 2397 2413 4
2432 2415 2398 2414 4 2433 2416 2399 2415 4
2434 2417 2400 2416 4 2435 2418 2401 2417 4
2436 2419 2402 2418 4 2437 2420 2403 2419 4
2438 2421 2404 2420 4 2439 2422 2405 2421 4
2440 2423 2406 2422 4 2441 2424 2407 2423 4
2442 2425 2408 2424 4 2443 2426 2409 2425 4
2444 2445 2427 2426 4 2446 2428 2429 2447 4
2448 2430 2411 2428 4 2449 2431 2413 2430 4
2450 2432 2414 2431 4 2451 2433 2415 2432 4
2452 2434 2416 2433 4 2453 2435 2417 2434 4
2454 2436 2418 2435 4 2455 2437 2419 2436 4
2456 2438 2420 2437 4 2457 2439 2421 2438 4
2458 2440 2422 2439 4 2459 2441 2423 2440 4
2460 2442 2424 2441 4 2461 2443 2425 2442 4
2462 2444 2426 2443 4 2463 2464 2445 2444 4
2446 2447 667 694 4 2465 2448 2428 2446 4
2466 2449 2430 2448 4 2467 2450 2431 2449 4
2468 2451 2432 2450 4 2469 2452 2433 2451 4
2470 2453 2434 2452 4 2471 2454 2435 2453 4
2472 2455 2436 2454 4 2473 2456 2437 2455 4
2474 2457 2438 2456 4 2475 2458 2439 2457 4
2476 2459 2440 2458 4 2477 2460 2441 2459 4
2478 2461 2442 2460 4 2479 2462 2443 2461 4
2480 2463 2444 2462 4 2481 2482 2464 2463 4
2465 2446 694 722 4 2483 2466 2448 2465 4
2484 2467 2449 2466 4 2485 2468 2450 2467 4
2486 2469 2451 2468 4 2487 2470 2452 2469 4
2488 2471 2453 2470 4 2489 2472 2454 2471 4
2490 2473 2455 2472 4 2491 2474 2456 2473 4
2492 2475 2457 2474 4 2493 2476 2458 2475 4
2494 2477 2459 2476 4 2495 2478 2460 2477 4
2496 2479 2461 2478 4 2497 2480 2462 2479 4
2498 2481 2463 2480 4 2499 2500 2482 2481 4
2501 2483 2465 722 4 2502 2484 2466 2483 4
2503 2485 2467 2484 4 2504 2486 2468 2485 4
2505 2487 2469 2486 4 2506 2488 2470 2487 4
2507 2489 2471 2488 4 2508 2490 2472 2489 4
2509 2491 2473 2490 4 2510 2492 2474 2491 4
2511 2493 2475 2492 4 2512 2494 2476 2493 4
2513 2495 2477 2494 4 2514 2496 2478 2495 4
2515 2497 2479 2496 4 2516 2498 2480 2497 4
2517 2499 2481 2498 4 2518 2519 2500 2499 5
2501 722 721 2520 2521 4 2522 2502 2483 2501
4 2523 2503 2484 2502 4 2524 2504 2485 2503
4 2525 2505 2486 2504 4 2526 2506 2487 2505
4 2527 2507 2488 2506 4 2528 2508 2489 2507
4 2529 2509 2490 2508 4 2530 2510 2491 2509
4 2531 2511 2492 2510 4 2532 2512 2493 2511
4 2533 2513 2494 2512 4 2534 2514 2495 2513
4 2535 2515 2496 2514 4 2536 2516 2497 2515
4 2537 2517 2498 2516 4 2538 2518 2499 2517
4 2539 2540 2519 2518 5 2522 2501 2521 2541
2542 4 2520 721 749 2543 4 2521 2520 2543
2544 4 2545 2523 2502 2522 4 2546 2524 2503
2523 4 2547 2525 2504 2524 4 2548 2526 2505
2525 4 2549 2527 2506 2526 4 2550 2528 2507
2527 4 2551 2529 2508 2528 4 2552 2530 2509
2529 4 2553 2531 2510 2530 4 2554 2532 2511
2531 4 2555 2533 2512 2532 4 2556 2534 2513
2533 4 2557 2535 2514 2534 4 2558 2536 2515
2535 4 2559 2537 2516 2536 4 2560 2538 2517
2537 4 2561 2539 2518 2538 4 2562 2563 2540
2539 5 2545 2522 2542 2564 2565 4 2541 2521
2544 2566 4 2542 2541 2566 2567 4 2543 749
774 2568 4 2544 2543 2568 2569 4 2570 2546
2523 2545 4 2571 2547 2524 2546 4 2572 2548
2525 2547 4 2573 2549 2526 2548 4 2574 2550
2527 2549 4 2575 2551 2528 2550 4 2576 2552
2529 2551 4 2577 2553 2530 2552 4 2578 2554
2531 2553 4 2579 2555 2532 2554 4 2580 2556
2533 2555 4 2581 2557 2534 2556 4 2582 2558
2535 2557 4 2583 2559 2536 2558 4 2584 2560
2537 2559 4 2585 2561 2538 2560 4 2586 2562
2539 2561 4 2587 2588 2563 2562 5 2570 2545
2565 2589 2590 4 2564 2542 2567 2591 4 2565
2564 2591 2592 4 2566 2544 2569 2593 4 2567
2566 2593 2594 4 2568 774 799 2595 4 2569
2568 2595 2596 4 2597 2571 2546 2570 4 2598
2572 2547 2571 4 2599 2573 2548 2572 4 2600
2574 2549 2573 4 2601 2575 2550 2574 4 2602
2576 2551 2575 4 2603 2577 2552 2576 4 2604
2578 2553 2577 4 2605 2579 2554 2578 4 2606
2580 2555 2579 4 2607 2581 2556 2580 4 2608
2582 2557 2581 4 2609 2583 2558 2582 4 2610
2584 2559 2583 4 2611 2585 2560 2584 4 2612
2586 2561 2585 4 2613 2587 2562 2586 4 2614
2615 2588 2587 5 2597 2570 2590 2616 2617 4
2589 2565 2592 2618 4 2590 2589 2618 2619 4
2591 2567 2594 2620 4 2592 2591 2620 2621 4
2593 2569 2596 2622 4 2594 2593 2622 2623 4
2595 799 820 2624 4 2596 2595 2624 2625 4
2626 2598 2571 2597 4 2627 2599 2572 2598 4
2628 2600 2573 2599 4 2629 2601 2574 2600 4
2630 2602 2575 2601 4 2631 2603 2576 2602 4
2632 2604 2577 2603 4 2633 2605 2578 2604 4
2634 2606 2579 2605 4 2635 2607 2580 2606 4
2636 2608 2581 2607 4 2637 2609 2582 2608 4
2638 2610 2583 2609 4 2639 2611 2584 2610 4
2640 2612 2585 2611 4 2641 2613 2586 2612 4
2642 2614 2587 2613 4 2643 2644 2615 2614 5
2626 2597 2617 2645 2646 4 2616 2590 2619 2647
4 2617 2616 2647 2648 4 2618 2592 2621 2649
4 2619 2618 2649 2650 4 2620 2594 2623 2651
4 2621 2620 2651 2652 4 2622 2596 2625 2653
4 2623 2622 2653 2654 4 2624 820 837 2655
4 2625 2624 2655 2656 4 2657 2627 2598 2626
4 2658 2628 2599 2627 4 2659 2629 2600 2628
4 2660 2630 2601 2629 4 2661 2631 2602 2630
4 2662 2632 2603 2631 4 2663 2633 2604 2632
4 2664 2634 2605 2633 4 2665 2635 2606 2634
4 2666 2636 2607 2635 4 2667 2637 2608 2636
4 2668 2638 2609 2637 4 2669 2639 2610 2638
4 2670 2640 2611 2639 4 2671 2641 2612 2640
4 2672 2642 2613 2641 4 2673 2643 2614 2642
4 2674 2675 2644 2643 5 2657 2626 2646 2676
2677 4 2645 2617 2648 2678 4 2646 2645 2678
2679 4 2647 2619 2650 2680 4 2648 2647 2680
2681 4 2649 2621 2652 2682 4 2650 2649 2682
2683 4 2651 2623 2654 2684 4 2652 2651 2684
2685 4 2653 2625 2656 2686 4 2654 2653 2686
2687 4 2655 837 822 2688 4 2656 2655 2688
2689 4 2690 2658 2627 2657 4 2691 2659 2628
2658 4 2692 2660 2629 2659 4 2693 2661 2630
2660 4 2694 2662 2631 2661 4 2695 2663 2632
2662 4 2696 2664 2633 2663 4 2697 2665 2634
2664 4 2698 2666 2635 2665 4 2699 2667 2636
2666 4 2700 2668 2637 2667 4 2701 2669 2638
2668 4 2702 2670 2639 2669 4 2703 2671 2640
2670 4 2704 2672 2641 2671 4 2705 2673 2642
2672 4 2706 2674 2643 2673 4 2707 2708 2675
2674 5 2690 2657 2677 2709 2710 4 2676 2646
2679 2711 4 2677 2676 2711 2712 4 2678 2648
2681 2713 4 2679 2678 2713 2714 4 2680 2650
2683 2715 4 2681 2680 2715 2716 4 2682 2652
2685 2717 4 2683 2682 2717 2718 4 2684 2654
2687 2719 4 2685 2684 2719 2720 4 2686 2656
2689 2721 4 2687 2686 2721 2722 4 2688 822
803 2723 4 2689 2688 2723 2724 4 2725 2691
2658 2690 4 2726 2692 2659 2691 4 2727 2693
2660 2692 4 2728 2694 2661 2693 4 2729 2695
2662 2694 4 2730 2696 2663 2695 4 2731 2697
2664 2696 4 2732 2698 2665 2697 4 2733 2699
2666 2698 4 2734 2700 2667 2699 4 2735 2701
2668 2700 4 2736 2702 2669 2701 4 2737 2703
2670 2702 4 2738 2704 2671 2703 4 2739 2705
2672 2704 4 2740 2706 2673 2705 4 2741 2707
2674 2706 4 2742 2743 2708 2707 5 2725 2690
2710 2744 2745 4 2709 2677 2712 2746 4 2710
2709 2746 2747 4 2711 2679 2714 2748 4 2712
2711 2748 2749 4 2713 2681 2716 2750 4 2714
2713 2750 2751 4 2715 2683 2718 2752 4 2716
2715 2752 2753 4 2717 2685 2720 2754 4 2718
2717 2754 2755 4 2719 2687 2722 2756 4 2720
2719 2756 2757 4 2721 2689 2724 2758 4 2722
2721 2758 2759 4 2723 803 796 2760 4 2724
2723 2760 2761 4 2762 2726 2691 2725 4 2763
2727 2692 2726 4 2764 2728 2693 2727 4 2765
2729 2694 2728 4 2766 2730 2695 2729 4 2767
2731 2696 2730 4 2768 2732 2697 2731 4 2769
2733 2698 2732 4 2770 2734 2699 2733 4 2771
2735 2700 2734 4 2772 2736 2701 2735 4 2773
2737 2702 2736 4 2774 2738 2703 2737 4 2775
2739 2704 2738 4 2776 2740 2705 2739 4 2777
2741 2706 2740 4 2778 2742 2707 2741 4 2779
2780 2743 2742 4 2781 2762 2725 2745 4 2744
2710 2747 2782 4 2745 2744 2782 2783 4 2746
2712 2749 2784 4 2747 2746 2784 2785 4 2748
2714 2751 2786 4 2749 2748 2786 2787 4 2750
2716 2753 2788 4 2751 2750 2788 2789 4 2752
2718 2755 2790 4 2753 2752 2790 2791 4 2754
2720 2757 2792 4 2755 2754 2792 2793 4 2756
2722 2759 2794 4 2757 2756 2794 2795 4 2758
2724 2761 2796 4 2759 2758 2796 2797 4 2760
796 795 2798 4 2761 2760 2798 2799 4 2800
2763 2726 2762 4 2801 2764 2727 2763 4 2802
2765 2728 2764 4 2803 2766 2729 2765 4 2804
2767 2730 2766 4 2805 2768 2731 2767 4 2806
2769 2732 2768 4 2807 2770 2733 2769 4 2808
2771 2734 2770 4 2809 2772 2735 2771 4 2810
2773 2736 2772 4 2811 2774 2737 2773 4 2812
2775 2738 2774 4 2813 2776 2739 2775 4 2814
2777 2740 2776 4 2815 2778 2741 2777 4 2816
2779 2742 2778 4 2817 2818 2780 2779 5 2819
2820 2781 2745 2783 4 2821 2800 2762 2781 4
2782 2747 2785 2822 4 2819 2783 2782 2822 4
2784 2749 2787 2823 4 2785 2784 2823 2824 4
2786 2751 2789 2825 4 2787 2786 2825 2826 4
2788 2753 2791 2827 4 2789 2788 2827 2828 4
2790 2755 2793 2829 4 2791 2790 2829 2830 4
2792 2757 2795 2831 4 2793 2792 2831 2832 4
2794 2759 2797 2833 4 2795 2794 2833 2834 4
2796 2761 2799 2835 4 2797 2796 2835 2836 4
2798 795 818 2837 4 2799 2798 2837 2838 4
2839 2801 2763 2800 4 2840 2802 2764 2801 4
2841 2803 2765 2802 4 2842 2804 2766 2803 4
2843 2805 2767 2804 4 2844 2806 2768 2805 4
2845 2807 2769 2806 4 2846 2808 2770 2807 4
2847 2809 2771 2808 4 2848 2810 2772 2809 4
2849 2811 2773 2810 4 2850 2812 2774 2811 4
2851 2813 2775 2812 4 2852 2814 2776 2813 4
2853 2815 2777 2814 4 2854 2816 2778 2815 4
2855 2817 2779 2816 4 2856 2857 2818 2817 5
2858 2859 831 830 2860 5 2861 2862 2863 2820
2819 4 2864 2821 2781 2820 4 2865 2839 2800
2821 4 2822 2785 2824 2866 4 2861 2819 2822
2866 4 2823 2787 2826 2867 4 2824 2823 2867
2868 4 2825 2789 2828 2869 4 2826 2825 2869
2870 4 2827 2791 2830 2871 4 2828 2827 2871
2872 4 2829 2793 2832 2873 4 2830 2829 2873
2874 4 2831 2795 2834 2875 4 2832 2831 2875
2876 4 2833 2797 2836 2877 4 2834 2833 2877
2878 4 2835 2799 2838 2879 4 2836 2835 2879
2880 4 2837 818 829 2881 4 2838 2837 2881
2882 4 2883 2840 2801 2839 4 2884 2841 2802
2840 4 2885 2842 2803 2841 4 2886 2843 2804
2842 4 2887 2844 2805 2843 4 2888 2845 2806
2844 4 2889 2846 2807 2845 4 2890 2847 2808
2846 4 2891 2848 2809 2847 4 2892 2849 2810
2848 4 2893 2850 2811 2849 4 2894 2851 2812
2850 4 2895 2852 2813 2851 4 2896 2853 2814
2852 4 2897 2854 2815 2853 4 2898 2855 2816
2854 4 2899 2856 2817 2855 4 2900 2901 2857
2856 5 2902 2903 2858 2860 2904 4 2859 2858
2905 2906 4 845 831 2859 2906 5 2907 2863
2862 2908 2909 4 2910 2864 2820 2863 4 2911
2862 2861 2866 4 2912 2865 2821 2864 4 2913
2883 2839 2865 4 2911 2866 2824 2868 4 2867
2826 2870 2914 4 2868 2867 2914 2915 4 2869
2828 2872 2916 4 2870 2869 2916 2917 4 2871
2830 2874 2918 4 2872 2871 2918 2919 4 2873
2832 2876 2920 4 2874 2873 2920 2921 4 2875
2834 2878 2922 4 2876 2875 2922 2923 4 2877
2836 2880 2924 4 2878 2877 2924 2925 4 2879
2838 2882 2926 4 2880 2879 2926 2927 4 2881
829 843 2928 4 2882 2881 2928 2929 4 2930
2884 2840 2883 4 2931 2885 2841 2884 4 2932
2886 2842 2885 4 2933 2887 2843 2886 4 2934
2888 2844 2887 4 2935 2889 2845 2888 4 2936
2890 2846 2889 4 2937 2891 2847 2890 4 2938
2892 2848 2891 4 2939 2893 2849 2892 4 2940
2894 2850 2893 4 2941 2895 2851 2894 4 2942
2896 2852 2895 4 2943 2897 2853 2896 4 2944
2898 2854 2897 4 2945 2899 2855 2898 4 2946
2900 2856 2899 5 2947 2948 2902 2904 2949 4
2903 2902 2950 2951 4 2905 2858 2903 2951 4
2906 2905 2952 2953 4 854 845 2906 2953 5
2954 2907 2909 2955 2956 4 2957 2910 2863 2907
4 2958 2959 2909 2908 4 2958 2908 2862 2911
4 2960 2912 2864 2910 4 2961 2913 2865 2912
4 2962 2930 2883 2913 4 2958 2911 2868 2915
4 2914 2870 2917 2963 4 2915 2914 2963 2964
4 2916 2872 2919 2965 4 2917 2916 2965 2966
4 2918 2874 2921 2967 4 2919 2918 2967 2968
4 2920 2876 2923 2969 4 2921 2920 2969 2970
4 2922 2878 2925 2971 4 2923 2922 2971 2972
4 2924 2880 2927 2973 4 2925 2924 2973 2974
4 2926 2882 2929 2975 4 2927 2926 2975 2976
4 2928 843 852 2977 4 2929 2928 2977 2978
4 2979 2931 2884 2930 4 2980 2932 2885 2931
4 2981 2933 2886 2932 4 2982 2934 2887 2933
4 2983 2935 2888 2934 4 2984 2936 2889 2935
4 2985 2937 2890 2936 4 2986 2938 2891 2937
4 2987 2939 2892 2938 4 2988 2940 2893 2939
4 2989 2941 2894 2940 4 2990 2942 2895 2941
4 2991 2943 2896 2942 4 2992 2944 2897 2943
4 2993 2945 2898 2944 4 2994 2946 2899 2945
5 2995 2996 2947 2949 2997 4 2948 2947 2998
2999 4 2950 2902 2948 2999 4 2951 2950 3000
3001 4 2952 2905 2951 3001 5 3002 2954 2956
3003 3004 4 2953 2952 3005 3006 4 861 854
2953 3006 4 3007 2957 2907 2954 4 2955 2909
2959 3008 4 2956 2955 3008 3009 4 3010 2960
2910 2957 4 2959 2958 2915 2964 4 3011 2961
2912 2960 4 3012 2962 2913 2961 4 3013 2979
2930 2962 4 2963 2917 2966 3014 4 2964 2963
3014 3015 4 2965 2919 2968 3016 4 2966 2965
3016 3017 4 2967 2921 2970 3018 4 2968 2967
3018 3019 4 2969 2923 2972 3020 4 2970 2969
3020 3021 4 2971 2925 2974 3022 4 2972 2971
3022 3023 4 2973 2927 2976 3024 4 2974 2973
3024 3025 4 2975 2929 2978 3026 4 2976 2975
3026 3027 4 2977 852 859 3028 4 2978 2977
3028 3029 4 3030 2980 2931 2979 4 3031 2981
2932 2980 4 3032 2982 2933 2981 4 3033 2983
2934 2982 4 3034 2984 2935 2983 4 3035 2985
2936 2984 4 3036 2986 2937 2985 4 3037 2987
2938 2986 4 3038 2988 2939 2987 4 3039 2989
2940 2988 4 3040 2990 2941 2989 4 3041 2991
2942 2990 4 3042 2992 2943 2991 4 3043 2993
2944 2992 4 3044 2994 2945 2993 5 3045 3046
2995 2997 3047 4 2996 2995 3048 3049 4 2998
2947 2996 3049 4 2999 2998 3050 3051 4 3000
2950 2999 3051 4 3001 3000 3052 3053 4 3005
2952 3001 3053 5 3054 3002 3004 3055 3056 4
3057 3007 2954 3002 4 3058 3059 3004 3003 4
3058 3003 2956 3009 4 3006 3005 3060 3061 4
864 861 3006 3061 4 3062 3010 2957 3007 4
3008 2959 2964 3015 4 3063 3009 3008 3015 4
3064 3011 2960 3010 4 3065 3012 2961 3011 4
3066 3013 2962 3012 4 3067 3030 2979 3013 4
3014 2966 3017 3068 4 3063 3015 3014 3068 4
3016 2968 3019 3069 4 3017 3016 3069 3070 4
3018 2970 3021 3071 4 3019 3018 3071 3072 4
3020 2972 3023 3073 4 3021 3020 3073 3074 4
3022 2974 3025 3075 4 3023 3022 3075 3076 4
3024 2976 3027 3077 4 3025 3024 3077 3078 4
3026 2978 3029 3079 4 3027 3026 3079 3080 4
3028 859 863 3081 4 3082 3029 3028 3081 4
3083 3031 2980 3030 4 3084 3032 2981 3031 4
3085 3033 2982 3032 4 3086 3034 2983 3033 4
3087 3035 2984 3034 4 3088 3036 2985 3035 4
3089 3037 2986 3036 4 3090 3038 2987 3037 4
3091 3039 2988 3038 4 3092 3040 2989 3039 4
3093 3041 2990 3040 4 3094 3042 2991 3041 4
3095 3043 2992 3042 4 3096 3044 2993 3043 5
3097 3098 3045 3047 3099 4 3046 3045 3100 3101
4 3048 2995 3046 3101 4 3049 3048 3102 3103
4 3050 2998 3049 3103 4 3051 3050 3104 3105
4 3052 3000 3051 3105 4 3053 3052 3106 3107
4 3060 3005 3053 3107 5 3108 3054 3056 3109
3110 4 3111 3057 3002 3054 4 3112 3113 3056
3055 4 3112 3055 3004 3059 4 3114 3062 3007
3057 4 3115 3116 3059 3058 4 3115 3058 3009
3063 4 3061 3060 3082 3081 4 864 3061 3081
863 4 3117 3064 3010 3062 4 3118 3065 3011
3064 4 3119 3066 3012 3065 4 3120 3067 3013
3066 4 3121 3083 3030 3067 4 3068 3017 3070
3122 4 3115 3063 3068 3122 4 3069 3019 3072
3123 4 3070 3069 3123 3124 4 3071 3021 3074
3125 4 3072 3071 3125 3126 4 3073 3023 3076
3127 4 3074 3073 3127 3128 4 3075 3025 3078
3129 4 3076 3075 3129 3130 4 3077 3027 3080
3131 4 3078 3077 3131 3132 4 3079 3029 3082
3133 4 3134 3080 3079 3133 4 3135 3084 3031
3083 4 3136 3085 3032 3084 4 3137 3086 3033
3085 4 3138 3087 3034 3086 4 3139 3088 3035
3087 4 3140 3089 3036 3088 4 3141 3090 3037
3089 4 3142 3091 3038 3090 4 3143 3092 3039
3091 4 3144 3093 3040 3092 4 3145 3094 3041
3093 4 3146 3095 3042 3094 4 3147 3096 3043
3095 5 3148 3149 3097 3099 3150 4 3098 3097
3151 3152 4 3100 3045 3098 3152 4 3101 3100
3153 3154 4 3102 3048 3101 3154 4 3103 3102
3155 3156 4 3104 3050 3103 3156 4 3105 3104
3157 3158 4 3106 3052 3105 3158 4 3107 3106
3134 3133 4 3107 3133 3082 3060 5 3159 3108
3110 3160 3161 4 3162 3111 3054 3108 4 3163
3164 3110 3109 4 3163 3109 3056 3113 4 3165
3114 3057 3111 4 3166 3167 3113 3112 4 3166
3112 3059 3116 4 3168 3117 3062 3114 4 3169
3116 3115 3122 4 3170 3118 3064 3117 4 3171
3119 3065 3118 4 3172 3120 3066 3119 4 3173
3121 3067 3120 4 3174 3135 3083 3121 4 3169
3122 3070 3124 4 3123 3072 3126 3175 4 3124
3123 3175 3176 4 3125 3074 3128 3177 4 3126
3125 3177 3178 4 3127 3076 3130 3179 4 3128
3127 3179 3180 4 3129 3078 3132 3181 4 3130
3129 3181 3182 4 3131 3080 3134 3183 4 3184
3132 3131 3183 4 3185 3136 3084 3135 4 3186
3137 3085 3136 4 3187 3138 3086 3137 4 3188
3139 3087 3138 4 3189 3140 3088 3139 4 3190
3141 3089 3140 4 3191 3142 3090 3141 4 3192
3143 3091 3142 4 3193 3144 3092 3143 4 3194
3145 3093 3144 4 3195 3146 3094 3145 4 3196
3147 3095 3146 5 3197 3198 3148 3150 3199 4
3149 3148 3200 3201 4 3151 3097 3149 3201 4
3152 3151 3202 3203 4 3153 3100 3152 3203 4
3154 3153 3204 3205 4 3155 3102 3154 3205 4
3156 3155 3206 3207 4 3157 3104 3156 3207 4
3158 3157 3184 3183 4 3158 3183 3134 3106 5
3208 3159 3161 3209 3210 4 3211 3162 3108 3159
4 3160 3110 3164 3212 4 3161 3160 3212 3213
4 3214 3165 3111 3162 4 3215 3216 3164 3163
4 3215 3163 3113 3167 4 3217 3168 3114 3165
4 3218 3219 3167 3166 4 3218 3166 3116 3169
4 3220 3170 3117 3168 4 3221 3171 3118 3170
4 3222 3172 3119 3171 4 3223 3173 3120 3172
4 3224 3174 3121 3173 4 3225 3185 3135 3174
4 3218 3169 3124 3176 4 3175 3126 3178 3226
4 3176 3175 3226 3227 4 3177 3128 3180 3228
4 3178 3177 3228 3229 4 3179 3130 3182 3230
4 3180 3179 3230 3231 4 3181 3132 3184 3232
4 3233 3182 3181 3232 4 3234 3186 3136 3185
4 3235 3187 3137 3186 4 3236 3188 3138 3187
4 3237 3189 3139 3188 4 3238 3190 3140 3189
4 3239 3191 3141 3190 4 3240 3192 3142 3191
4 3241 3193 3143 3192 4 3242 3194 3144 3193
4 3243 3195 3145 3194 4 3244 3196 3146 3195
5 3245 3246 3197 3199 3247 4 3198 3197 3248
3249 4 3200 3148 3198 3249 4 3201 3200 3250
3251 4 3202 3151 3201 3251 4 3203 3202 3252
3253 4 3204 3153 3203 3253 4 3205 3204 3254
3255 4 3206 3155 3205 3255 4 3207 3206 3233
3232 4 3207 3232 3184 3157 5 3256 3208 3210
3257 3245 4 3258 3211 3159 3208 4 3209 3161
3213 3259 4 3210 3209 3259 3260 4 3261 3214
3162 3211 4 3212 3164 3216 3262 4 3213 3212
3262 3263 4 3264 3217 3165 3214 4 3265 3266
3216 3215 4 3265 3215 3167 3219 4 3267 3220
3168 3217 4 3219 3218 3176 3227 4 3268 3221
3170 3220 4 3269 3222 3171 3221 4 3270 3223
3172 3222 4 3271 3224 3173 3223 4 3272 3225
3174 3224 4 3273 3234 3185 3225 4 3226 3178
3229 3274 4 3227 3226 3274 3275 4 3228 3180
3231 3276 4 3229 3228 3276 3277 4 3230 3182
3233 3278 4 3279 3231 3230 3278 4 3280 3235
3186 3234 4 3281 3236 3187 3235 4 3282 3237
3188 3236 4 3283 3238 3189 3237 4 3284 3239
3190 3238 4 3285 3240 3191 3239 4 3286 3241
3192 3240 4 3287 3242 3193 3241 4 3288 3243
3194 3242 4 3289 3244 3195 3243 4 3256 3245
3247 3290 4 3246 3245 3257 3291 4 3248 3197
3246 3291 4 3249 3248 3292 3293 4 3250 3200
3249 3293 4 3251 3250 3294 3295 4 3252 3202
3251 3295 4 3253 3252 3296 3297 4 3254 3204
3253 3297 4 3255 3254 3279 3278 4 3255 3278
3233 3206 4 3298 3258 3208 3256 4 3291 3257
3210 3260 4 3299 3261 3211 3258 4 3259 3213
3263 3300 4 3260 3259 3300 3292 4 3301 3264
3214 3261 4 3262 3216 3266 3302 4 3263 3262
3302 3303 4 3304 3267 3217 3264 4 3275 3305
3266 3265 4 3219 3227 3275 3265 4 3306 3268
3220 3267 4 3307 3269 3221 3268 4 3308 3270
3222 3269 4 3309 3271 3223 3270 4 3310 3272
3224 3271 4 3311 3273 3225 3272 4 3312 3280
3234 3273 4 3274 3229 3277 3313 4 3305 3275
3274 3313 4 3276 3231 3279 3314 4 3315 3277
3276 3314 4 3316 3281 3235 3280 4 3317 3282
3236 3281 4 3318 3283 3237 3282 4 3319 3284
3238 3283 4 3320 3285 3239 3284 4 3321 3286
3240 3285 4 3322 3287 3241 3286 4 3323 3288
3242 3287 4 3324 3289 3243 3288 4 3298 3256
3290 3325 4 3291 3260 3292 3248 4 3293 3292
3300 3326 4 3294 3250 3293 3326 4 3295 3294
3327 3328 4 3296 3252 3295 3328 4 3297 3296
3315 3314 4 3297 3314 3279 3254 4 3329 3299
3258 3298 4 3330 3301 3261 3299 4 3326 3300
3263 3303 4 3331 3304 3264 3301 4 3302 3266
3305 3332 4 3303 3302 3332 3327 4 3333 3306
3267 3304 4 3334 3307 3268 3306 4 3335 3308
3269 3307 4 3336 3309 3270 3308 4 3337 3310
3271 3309 4 3338 3311 3272 3310 4 3339 3312
3273 3311 4 3340 3316 3280 3312 4 3313 3277
3315 3341 4 3332 3305 3313 3341 4 3342 3317
3281 3316 4 3343 3318 3282 3317 4 3344 3319
3283 3318 4 3345 3320 3284 3319 4 3346 3321
3285 3320 4 3347 3322 3286 3321 4 3348 3323
3287 3322 4 3349 3324 3288 3323 4 3329 3298
3325 3350 4 3326 3303 3327 3294 4 3328 3327
3332 3341 4 3328 3341 3315 3296 4 3351 3330
3299 3329 4 3352 3331 3301 3330 4 3353 3333
3304 3331 4 3354 3334 3306 3333 4 3355 3335
3307 3334 4 3356 3336 3308 3335 4 3357 3337
3309 3336 4 3358 3338 3310 3337 4 3359 3339
3311 3338 4 3360 3340 3312 3339 4 3361 3342
3316 3340 4 3362 3343 3317 3342 4 3363 3344
3318 3343 4 3364 3345 3319 3344 4 3365 3346
3320 3345 4 3366 3347 3321 3346 4 3367 3348
3322 3347 4 3368 3349 3323 3348 4 3351 3329
3350 3369 4 3370 3352 3330 3351 4 3371 3353
3331 3352 4 3372 3354 3333 3353 4 3373 3355
3334 3354 4 3374 3356 3335 3355 4 3375 3357
3336 3356 4 3376 3358 3337 3357 4 3377 3359
3338 3358 4 3378 3360 3339 3359 4 3379 3361
3340 3360 4 3380 3362 3342 3361 4 3381 3363
3343 3362 4 3382 3364 3344 3363 4 3383 3365
3345 3364 4 3384 3366 3346 3365 4 3385 3367
3347 3366 4 3386 3368 3348 3367 4 3370 3351
3369 3387 4 3388 3371 3352 3370 4 3389 3372
3353 3371 4 3390 3373 3354 3372 4 3391 3374
3355 3373 4 3392 3375 3356 3374 4 3393 3376
3357 3375 4 3394 3377 3358 3376 4 3395 3378
3359 3377 4 3396 3379 3360 3378 4 3397 3380
3361 3379 4 3398 3381 3362 3380 4 3399 3382
3363 3381 4 3400 3383 3364 3382 4 3401 3384
3365 3383 4 3402 3385 3366 3384 4 3403 3386
3367 3385 4 3388 3370 3387 3404 4 3405 3389
3371 3388 4 3406 3390 3372 3389 4 3407 3391
3373 3390 4 3408 3392 3374 3391 4 3409 3393
3375 3392 4 3410 3394 3376 3393 4 3411 3395
3377 3394 4 3412 3396 3378 3395 4 3413 3397
3379 3396 4 3414 3398 3380 3397 4 3415 3399
3381 3398 4 3416 3400 3382 3399 4 3417 3401
3383 3400 4 3418 3402 3384 3401 4 3419 3403
3385 3402 4 3405 3388 3404 3420 4 3421 3406
3389 3405 4 3422 3407 3390 3406 4 3423 3408
3391 3407 4 3424 3409 3392 3408 4 3425 3410
3393 3409 4 3426 3411 3394 3410 4 3427 3412
3395 3411 4 3428 3413 3396 3412 4 3429 3414
3397 3413 4 3430 3415 3398 3414 4 3431 3416
3399 3415 4 3432 3417 3400 3416 4 3433 3418
3401 3417 4 3434 3419 3402 3418 4 3421 3405
3420 3435 4 3436 3422 3406 3421 4 3437 3423
3407 3422 4 3438 3424 3408 3423 4 3439 3425
3409 3424 4 3440 3426 3410 3425 4 3441 3427
3411 3426 4 3442 3428 3412 3427 4 3443 3429
3413 3428 4 3444 3430 3414 3429 4 3445 3431
3415 3430 4 3446 3432 3416 3431 4 3447 3433
3417 3432 4 3448 3434 3418 3433 4 3436 3421
3435 3449 4 3450 3437 3422 3436 4 3451 3438
3423 3437 4 3452 3439 3424 3438 4 3453 3440
3425 3439 4 3454 3441 3426 3440 4 3455 3442
3427 3441 4 3456 3443 3428 3442 4 3457 3444
3429 3443 4 3458 3445 3430 3444 4 3459 3446
3431 3445 4 3460 3447 3432 3446 4 3461 3448
3433 3447 4 3450 3436 3449 3462 4 3463 3451
3437 3450 4 3464 3452 3438 3451 4 3465 3453
3439 3452 4 3466 3454 3440 3453 4 3467 3455
3441 3454 4 3468 3456 3442 3455 4 3469 3457
3443 3456 4 3470 3458 3444 3457 4 3471 3459
3445 3458 4 3472 3460 3446 3459 4 3473 3461
3447 3460 4 3463 3450 3462 3474 4 3475 3464
3451 3463 4 3476 3465 3452 3464 4 3477 3466
3453 3465 4 3478 3467 3454 3466 4 3479 3468
3455 3467 4 3480 3469 3456 3468 4 3481 3470
3457 3469 4 3482 3471 3458 3470 4 3483 3472
3459 3471 4 3484 3473 3460 3472 4 3475 3463
3474 3485 4 3486 3476 3464 3475 4 3487 3477
3465 3476 4 3488 3478 3466 3477 4 3489 3479
3467 3478 4 3490 3480 3468 3479 4 3491 3481
3469 3480 4 3492 3482 3470 3481 4 3493 3483
3471 3482 4 3494 3484 3472 3483 4 3486 3475
3485 3495 4 3496 3487 3476 3486 4 3497 3488
3477 3487 4 3498 3489 3478 3488 4 3499 3490
3479 3489 4 3500 3491 3480 3490 4 3501 3492
3481 3491 4 3502 3493 3482 3492 4 3503 3494
3483 3493 4 3496 3486 3495 3504 4 3505 3497
3487 3496 4 3506 3498 3488 3497 4 3507 3499
3489 3498 4 3508 3500 3490 3499 4 3509 3501
3491 3500 4 3510 3502 3492 3501 4 3511 3503
3493 3502 4 3505 3496 3504 3512 4 3513 3506
3497 3505 4 3514 3507 3498 3506 4 3515 3508
3499 3507 4 3516 3509 3500 3508 4 3517 3510
3501 3509 4 3518 3511 3502 3510 4 3513 3505
3512 3519 4 3520 3514 3506 3513 4 3521 3515
3507 3514 4 3522 3516 3508 3515 4 3523 3517
3509 3516 4 3524 3518 3510 3517 4 3520 3513
3519 3525 4 3526 3521 3514 3520 4 3527 3522
3515 3521 4 3528 3523 3516 3522 4 3529 3524
3517 3523 4 3526 3520 3525 3530 4 3531 3527
3521 3526 4 3532 3528 3522 3527 4 3533 3529
3523 3528 4 3531 3526 3530 3534 4 3535 3532
3527 3531 4 3536 3533 3528 3532 4 3535 3531
3534 3537 4 3538 3536 3532 3535 4 3539 3538
3535 3537 4 3540 3541 3542 3543 4 3544 3540
3543 3545 4 3546 3542 3541 3547 4 3543 3542
3548 3549 4 3550 3551 3544 3545 4 3545 3543
3549 3552 4 3553 3546 3547 3554 4 3555 3548
3542 3546 4 3549 3548 3556 3557 4 3558 3550
3545 3552 4 3559 3560 3551 3550 4 3552 3549
3557 3561 4 3562 3553 3554 3563 4 3564 3555
3546 3553 4 3565 3556 3548 3555 4 3557 3556
3566 3567 4 3568 3558 3552 3561 4 3569 3559
3550 3558 4 3570 3571 3560 3559 4 3561 3557
3567 3572 4 3573 3562 3563 3574 4 3575 3564
3553 3562 4 3576 3565 3555 3564 4 3577 3566
3556 3565 4 3567 3566 3578 3579 4 3568 3561
3572 3580 4 3581 3569 3558 3568 4 3582 3570
3559 3569 4 3583 3584 3571 3570 4 3572 3567
3579 3585 4 3586 3573 3574 3587 4 3588 3575
3562 3573 4 3589 3576 3564 3575 4 3590 3577
3565 3576 4 3591 3578 3566 3577 4 3579 3578
3592 3593 4 3581 3568 3580 3594 4 3580 3572
3585 3595 4 3596 3582 3569 3581 4 3597 3583
3570 3582 4 740 712 3584 3583 4 3585 3579
3593 3598 4 3599 3586 3587 3600 4 3601 3588
3573 3586 4 3602 3589 3575 3588 4 3603 3590
3576 3589 4 3604 3591 3577 3590 4 3605 3592
3578 3591 4 3593 3592 3606 3607 4 3596 3581
3594 3608 4 3594 3580 3595 3609 4 3595 3585
3598 3610 4 3611 3597 3582 3596 4 766 740
3583 3597 4 3598 3593 3607 3612 4 3613 3599
3600 3614 4 3615 3601 3586 3599 4 3616 3602
3588 3601 4 3617 3603 3589 3602 4 3618 3604
3590 3603 4 3619 3605 3591 3604 4 3620 3606
3592 3605 4 3607 3606 3621 3622 4 3611 3596
3608 3623 4 3608 3594 3609 3624 4 3609 3595
3610 3625 4 3610 3598 3612 3626 4 790 766
3597 3611 4 3612 3607 3622 3627 4 3628 3613
3614 3629 4 3630 3615 3599 3613 4 3631 3616
3601 3615 4 3632 3617 3602 3616 4 3633 3618
3603 3617 4 3634 3619 3604 3618 4 3635 3620
3605 3619 4 3636 3621 3606 3620 4 3622 3621
3637 3638 4 813 790 3611 3623 4 3623 3608
3624 3639 4 3624 3609 3625 3640 4 3625 3610
3626 3641 4 3626 3612 3627 3642 4 3627 3622
3638 3643 4 3644 3628 3629 3645 4 3646 3630
3613 3628 4 3647 3631 3615 3630 4 3648 3632
3616 3631 4 3649 3633 3617 3632 4 3650 3634
3618 3633 4 3651 3635 3619 3634 4 3652 3636
3620 3635 4 3653 3637 3621 3636 4 3638 3637
3654 3655 4 830 813 3623 3639 4 3639 3624
3640 3656 4 3640 3625 3641 3657 4 3641 3626
3642 3658 4 3642 3627 3643 3659 4 3643 3638
3655 3660 4 3661 3644 3645 3662 4 3663 3646
3628 3644 4 3664 3647 3630 3646 4 3665 3648
3631 3647 4 3666 3649 3632 3648 4 3667 3650
3633 3649 4 3668 3651 3634 3650 4 3669 3652
3635 3651 4 3670 3653 3636 3652 4 3671 3654
3637 3653 4 3655 3654 3672 3673 4 2860 830
3639 3656 4 3656 3640 3657 3674 4 3657 3641
3658 3675 4 3658 3642 3659 3676 4 3659 3643
3660 3677 4 3660 3655 3673 3678 4 3661 3662
3679 3680 4 3681 3663 3644 3661 4 3682 3664
3646 3663 4 3683 3665 3647 3664 4 3684 3666
3648 3665 4 3685 3667 3649 3666 4 3686 3668
3650 3667 4 3687 3669 3651 3668 4 3688 3670
3652 3669 4 3689 3671 3653 3670 4 3690 3672
3654 3671 4 3673 3672 3691 3692 4 2904 2860
3656 3674 4 3674 3657 3675 3693 4 3675 3658
3676 3694 4 3676 3659 3677 3695 4 3677 3660
3678 3696 4 3678 3673 3692 3697 4 3681 3661
3680 3698 4 3699 3682 3663 3681 4 3700 3683
3664 3682 4 3701 3684 3665 3683 4 3702 3685
3666 3684 4 3703 3686 3667 3685 4 3704 3687
3668 3686 4 3705 3688 3669 3687 4 3706 3689
3670 3688 4 3707 3690 3671 3689 4 3708 3691
3672 3690 4 3692 3691 3709 3710 4 2949 2904
3674 3693 4 3693 3675 3694 3711 4 3694 3676
3695 3712 4 3695 3677 3696 3713 4 3696 3678
3697 3714 4 3697 3692 3710 3715 4 3699 3681
3698 3716 4 3717 3700 3682 3699 4 3718 3701
3683 3700 4 3719 3702 3684 3701 4 3720 3703
3685 3702 4 3721 3704 3686 3703 4 3722 3705
3687 3704 4 3723 3706 3688 3705 4 3724 3707
3689 3706 4 3725 3708 3690 3707 4 3726 3709
3691 3708 4 3710 3709 3727 3728 4 2997 2949
3693 3711 4 3711 3694 3712 3729 4 3712 3695
3713 3730 4 3713 3696 3714 3731 4 3714 3697
3715 3732 4 3715 3710 3728 3733 4 3717 3699
3716 3734 4 3735 3718 3700 3717 4 3736 3719
3701 3718 4 3737 3720 3702 3719 4 3738 3721
3703 3720 4 3739 3722 3704 3721 4 3740 3723
3705 3722 4 3741 3724 3706 3723 4 3742 3725
3707 3724 4 3743 3726 3708 3725 4 3744 3727
3709 3726 4 3728 3727 3745 3746 4 3047 2997
3711 3729 4 3729 3712 3730 3747 4 3730 3713
3731 3748 4 3731 3714 3732 3749 4 3732 3715
3733 3750 4 3733 3728 3746 3751 4 3735 3717
3734 3752 4 3753 3736 3718 3735 4 3754 3737
3719 3736 4 3755 3738 3720 3737 4 3756 3739
3721 3738 4 3757 3740 3722 3739 4 3758 3741
3723 3740 4 3759 3742 3724 3741 4 3760 3743
3725 3742 4 3761 3744 3726 3743 4 3762 3745
3727 3744 4 3746 3745 3763 3764 4 3099 3047
3729 3747 4 3747 3730 3748 3765 4 3748 3731
3749 3766 4 3749 3732 3750 3767 4 3750 3733
3751 3768 4 3751 3746 3764 3769 4 3753 3735
3752 3770 4 3771 3754 3736 3753 4 3772 3755
3737 3754 4 3773 3756 3738 3755 4 3774 3757
3739 3756 4 3775 3758 3740 3757 4 3776 3759
3741 3758 4 3777 3760 3742 3759 4 3778 3761
3743 3760 4 3779 3762 3744 3761 4 3780 3763
3745 3762 4 3764 3763 3781 3782 4 3150 3099
3747 3765 4 3765 3748 3766 3783 4 3766 3749
3767 3784 4 3767 3750 3768 3785 4 3768 3751
3769 3786 4 3769 3764 3782 3787 4 3771 3753
3770 3788 4 3789 3772 3754 3771 4 3790 3773
3755 3772 4 3791 3774 3756 3773 4 3792 3775
3757 3774 4 3793 3776 3758 3775 4 3794 3777
3759 3776 4 3795 3778 3760 3777 4 3796 3779
3761 3778 4 3797 3780 3762 3779 4 3798 3781
3763 3780 4 3782 3781 3799 3800 4 3199 3150
3765 3783 4 3783 3766 3784 3801 4 3784 3767
3785 3802 4 3785 3768 3786 3803 4 3786 3769
3787 3804 4 3787 3782 3800 3805 4 3789 3771
3788 3806 4 3807 3790 3772 3789 4 3808 3791
3773 3790 4 3809 3792 3774 3791 4 3810 3793
3775 3792 4 3811 3794 3776 3793 4 3812 3795
3777 3794 4 3813 3796 3778 3795 4 3814 3797
3779 3796 4 3815 3798 3780 3797 4 3816 3799
3781 3798 4 3800 3799 3817 3818 4 3247 3199
3783 3801 4 3801 3784 3802 3819 4 3802 3785
3803 3820 4 3803 3786 3804 3821 4 3804 3787
3805 3822 4 3805 3800 3818 3823 4 3807 3789
3806 3824 4 3825 3808 3790 3807 4 3826 3809
3791 3808 4 3827 3810 3792 3809 4 3828 3811
3793 3810 4 3829 3812 3794 3811 4 3830 3813
3795 3812 4 3831 3814 3796 3813 4 3832 3815
3797 3814 4 3833 3816 3798 3815 4 3834 3817
3799 3816 4 3818 3817 3835 3836 4 3290 3247
3801 3819 4 3819 3802 3820 3837 4 3820 3803
3821 3838 4 3821 3804 3822 3839 4 3822 3805
3823 3840 4 3823 3818 3836 3841 4 3825 3807
3824 3842 4 3843 3826 3808 3825 4 3844 3827
3809 3826 4 3845 3828 3810 3827 4 3846 3829
3811 3828 4 3847 3830 3812 3829 4 3848 3831
3813 3830 4 3849 3832 3814 3831 4 3850 3833
3815 3832 4 3851 3834 3816 3833 4 3852 3835
3817 3834 4 3836 3835 3853 3854 4 3325 3290
3819 3837 4 3837 3820 3838 3855 4 3838 3821
3839 3856 4 3839 3822 3840 3857 4 3840 3823
3841 3858 4 3841 3836 3854 3859 4 3843 3825
3842 3860 4 3861 3844 3826 3843 4 3862 3845
3827 3844 4 3863 3846 3828 3845 4 3864 3847
3829 3846 4 3865 3848 3830 3847 4 3866 3849
3831 3848 4 3867 3850 3832 3849 4 3868 3851
3833 3850 4 3869 3852 3834 3851 4 3870 3853
3835 3852 4 3854 3853 3871 3872 4 3350 3325
3837 3855 4 3855 3838 3856 3873 4 3856 3839
3857 3874 4 3857 3840 3858 3875 4 3858 3841
3859 3876 4 3859 3854 3872 3877 4 3861 3843
3860 3878 4 3879 3862 3844 3861 4 3880 3863
3845 3862 4 3881 3864 3846 3863 4 3882 3865
3847 3864 4 3883 3866 3848 3865 4 3884 3867
3849 3866 4 3885 3868 3850 3867 4 3886 3869
3851 3868 4 3887 3870 3852 3869 4 3888 3871
3853 3870 4 3872 3871 3889 3890 4 3369 3350
3855 3873 4 3873 3856 3874 3891 4 3874 3857
3875 3892 4 3875 3858 3876 3893 4 3876 3859
3877 3894 4 3877 3872 3890 3895 4 3879 3861
3878 3896 4 3897 3880 3862 3879 4 3898 3881
3863 3880 4 3899 3882 3864 3881 4 3900 3883
3865 3882 4 3901 3884 3866 3883 4 3902 3885
3867 3884 4 3903 3886 3868 3885 4 3904 3887
3869 3886 4 3905 3888 3870 3887 4 3906 3889
3871 3888 4 3890 3889 3907 3908 4 3387 3369
3873 3891 4 3891 3874 3892 3909 4 3892 3875
3893 3910 4 3893 3876 3894 3911 4 3894 3877
3895 3912 4 3895 3890 3908 3913 4 3897 3879
3896 3914 4 3915 3898 3880 3897 4 3916 3899
3881 3898 4 3917 3900 3882 3899 4 3918 3901
3883 3900 4 3919 3902 3884 3901 4 3920 3903
3885 3902 4 3921 3904 3886 3903 4 3922 3905
3887 3904 4 3923 3906 3888 3905 4 3924 3907
3889 3906 4 3908 3907 3925 3926 4 3404 3387
3891 3909 4 3909 3892 3910 3927 4 3910 3893
3911 3928 4 3911 3894 3912 3929 4 3912 3895
3913 3930 4 3913 3908 3926 3931 4 3915 3897
3914 3932 4 3933 3916 3898 3915 4 3934 3917
3899 3916 4 3935 3918 3900 3917 4 3936 3919
3901 3918 4 3937 3920 3902 3919 4 3938 3921
3903 3920 4 3939 3922 3904 3921 4 3940 3923
3905 3922 4 3941 3924 3906 3923 4 3942 3925
3907 3924 4 3926 3925 3943 3944 4 3420 3404
3909 3927 4 3927 3910 3928 3945 4 3928 3911
3929 3946 4 3929 3912 3930 3947 4 3930 3913
3931 3948 4 3931 3926 3944 3949 4 3933 3915
3932 3950 4 3951 3934 3916 3933 4 3952 3935
3917 3934 4 3953 3936 3918 3935 4 3954 3937
3919 3936 4 3955 3938 3920 3937 4 3956 3939
3921 3938 4 3957 3940 3922 3939 4 3958 3941
3923 3940 4 3959 3942 3924 3941 4 3960 3943
3925 3942 4 3944 3943 3961 3962 4 3435 3420
3927 3945 4 3945 3928 3946 3963 4 3946 3929
3947 3964 4 3947 3930 3948 3965 4 3948 3931
3949 3966 4 3949 3944 3962 3967 4 3951 3933
3950 3968 4 3969 3952 3934 3951 4 3970 3953
3935 3952 4 3971 3954 3936 3953 4 3972 3955
3937 3954 4 3973 3956 3938 3955 4 3974 3957
3939 3956 4 3975 3958 3940 3957 4 3976 3959
3941 3958 4 3977 3960 3942 3959 4 3978 3961
3943 3960 4 3962 3961 3979 3980 4 3449 3435
3945 3963 4 3963 3946 3964 3981 4 3964 3947
3965 3982 4 3965 3948 3966 3983 4 3966 3949
3967 3984 4 3967 3962 3980 3985 4 3969 3951
3968 3986 4 3987 3970 3952 3969 4 3988 3971
3953 3970 4 3989 3972 3954 3971 4 3990 3973
3955 3972 4 3991 3974 3956 3973 4 3992 3975
3957 3974 4 3993 3976 3958 3975 4 3994 3977
3959 3976 4 3995 3978 3960 3977 4 3996 3979
3961 3978 4 3980 3979 3997 3998 4 3462 3449
3963 3981 4 3981 3964 3982 3999 4 3982 3965
3983 4000 4 3983 3966 3984 4001 4 3984 3967
3985 4002 4 3985 3980 3998 4003 4 3987 3969
3986 4004 4 4005 3988 3970 3987 4 4006 3989
3971 3988 4 4007 3990 3972 3989 4 4008 3991
3973 3990 4 4009 3992 3974 3991 4 4010 3993
3975 3992 4 4011 3994 3976 3993 4 4012 3995
3977 3994 4 4013 3996 3978 3995 4 4014 3997
3979 3996 4 3998 3997 4015 4016 4 3474 3462
3981 3999 4 3999 3982 4000 4017 4 4000 3983
4001 4018 4 4001 3984 4002 4019 4 4002 3985
4003 4020 4 4003 3998 4016 4021 4 4005 3987
4004 4022 4 4023 4006 3988 4005 4 4024 4007
3989 4006 4 4025 4008 3990 4007 4 4026 4009
3991 4008 4 4027 4010 3992 4009 4 4028 4011
3993 4010 4 4029 4012 3994 4011 4 4030 4013
3995 4012 4 4031 4014 3996 4013 4 4032 4015
3997 4014 4 4016 4015 4033 4034 4 3485 3474
3999 4017 4 4017 4000 4018 4035 4 4018 4001
4019 4036 4 4019 4002 4020 4037 4 4020 4003
4021 4038 4 4021 4016 4034 4039 4 4023 4005
4022 4040 4 4041 4024 4006 4023 4 4042 4025
4007 4024 4 4043 4026 4008 4025 4 4044 4027
4009 4026 4 4045 4028 4010 4027 4 4046 4029
4011 4028 4 4047 4030 4012 4029 4 4048 4031
4013 4030 4 4049 4032 4014 4031 4 4050 4033
4015 4032 4 4034 4033 4051 4052 4 3495 3485
4017 4035 4 4035 4018 4036 4053 4 4036 4019
4037 4054 4 4037 4020 4038 4055 4 4038 4021
4039 4056 4 4039 4034 4052 4057 4 4041 4023
4040 4058 4 4059 4042 4024 4041 4 4060 4043
4025 4042 4 4061 4044 4026 4043 4 4062 4045
4027 4044 4 4063 4046 4028 4045 4 4064 4047
4029 4046 4 4065 4048 4030 4047 4 4066 4049
4031 4048 4 4067 4050 4032 4049 4 4068 4051
4033 4050 4 4052 4051 4069 4070 4 3504 3495
4035 4053 4 4053 4036 4054 4071 4 4054 4037
4055 4072 4 4055 4038 4056 4073 4 4056 4039
4057 4074 4 4057 4052 4070 4075 4 4059 4041
4058 4076 4 4077 4060 4042 4059 4 4078 4061
4043 4060 4 4079 4062 4044 4061 4 4080 4063
4045 4062 4 4081 4064 4046 4063 4 4082 4065
4047 4064 4 4083 4066 4048 4065 4 4084 4067
4049 4066 4 4085 4068 4050 4067 4 4086 4069
4051 4068 4 4070 4069 4087 4088 4 3512 3504
4053 4071 4 4071 4054 4072 4089 4 4072 4055
4073 4090 4 4073 4056 4074 4091 4 4074 4057
4075 4092 4 4075 4070 4088 4093 4 4077 4059
4076 4094 4 4095 4078 4060 4077 4 4096 4079
4061 4078 4 4097 4080 4062 4079 4 4098 4081
4063 4080 4 4099 4082 4064 4081 4 4100 4083
4065 4082 4 4101 4084 4066 4083 4 4102 4085
4067 4084 4 4103 4086 4068 4085 4 4104 4087
4069 4086 4 4088 4087 4105 4106 4 3519 3512
4071 4089 4 4089 4072 4090 4107 4 4090 4073
4091 4108 4 4091 4074 4092 4109 4 4092 4075
4093 4110 4 4093 4088 4106 4111 4 4095 4077
4094 4112 4 4113 4096 4078 4095 4 4114 4097
4079 4096 4 4115 4098 4080 4097 4 4116 4099
4081 4098 4 4117 4100 4082 4099 4 4118 4101
4083 4100 4 4119 4102 4084 4101 4 4120 4103
4085 4102 4 4121 4104 4086 4103 4 4122 4105
4087 4104 4 3525 3519 4089 4107 4 4107 4090
4108 4123 4 4108 4091 4109 4124 4 4109 4092
4110 4125 4 4110 4093 4111 4126 4 4113 4095
4112 4127 4 4128 4114 4096 4113 4 4129 4115
4097 4114 4 4130 4116 4098 4115 4 4131 4117
4099 4116 4 4132 4118 4100 4117 4 4133 4119
4101 4118 4 4134 4120 4102 4119 4 4135 4121
4103 4120 4 4136 4122 4104 4121 4 3530 3525
4107 4123 4 4123 4108 4124 4137 4 4124 4109
4125 4138 4 4125 4110 4126 4139 4 4128 4113
4127 4140 4 4141 4129 4114 4128 4 4142 4130
4115 4129 4 4143 4131 4116 4130 4 4144 4132
4117 4131 4 4145 4133 4118 4132 4 4146 4134
4119 4133 4 4147 4135 4120 4134 4 4148 4136
4121 4135 4 3534 3530 4123 4137 4 4137 4124
4138 4149 4 4138 4125 4139 4150 4 4141 4128
4140 4151 4 4152 4142 4129 4141 4 4153 4143
4130 4142 4 4154 4144 4131 4143 4 4155 4145
4132 4144 4 4156 4146 4133 4145 4 4157 4147
4134 4146 4 4158 4148 4135 4147 4 3537 3534
4137 4149 4 4149 4138 4150 4159 4 4152 4141
4151 4160 4 4161 4153 4142 4152 4 4162 4154
4143 4153 4 4163 4155 4144 4154 4 4164 4156
4145 4155 4 4165 4157 4146 4156 4 4166 4158
4147 4157 4 3539 3537 4149 4159 4 4161 4152
4160 4167 4 4168 4162 4153 4161 4 4169 4163
4154 4162 4 4170 4164 4155 4163 4 4171 4165
4156 4164 4 4172 4166 4157 4165 4 4168 4161
4167 4173 4 4174 4169 4162 4168 4 4175 4170
4163 4169 4 4176 4171 4164 4170 4 4177 4172
4165 4171 4 4174 4168 4173 4178 4 4179 4175
4169 4174 4 4180 4176 4170 4175 4 4181 4177
4171 4176 4 4179 4174 4178 4182 4 4183 4180
4175 4179 4 4184 4181 4176 4180 4 4183 4179
4182 4185 4 4186 4184 4180 4183 4 4186 4183
4185 4187 4 4188 3584 712 683 4 4189 4188
683 656 4 4190 3571 3584 4188 4 4191 4189
656 628 4 4192 4190 4188 4189 4 4193 3560
3571 4190 4 4194 4191 628 596 4 4195 4192
4189 4191 4 4196 4193 4190 4192 4 4197 3551
3560 4193 4 4198 4194 596 595 4 4199 4195
4191 4194 4 4200 4196 4192 4195 4 4201 4197
4193 4196 4 4202 3544 3551 4197 4 4203 4198
595 624 4 4204 4199 4194 4198 4 4205 4200
4195 4199 4 4206 4201 4196 4200 4 4207 4202
4197 4201 4 4208 3540 3544 4202 4 4209 4203
624 2104 4 4210 4204 4198 4203 4 4211 4205
4199 4204 4 4212 4206 4200 4205 4 4213 4207
4201 4206 4 4214 4208 4202 4207 4 4215 3541
3540 4208 4 4216 4209 2104 2122 4 4217 4210
4203 4209 4 4218 4211 4204 4210 4 4219 4212
4205 4211 4 4220 4213 4206 4212 4 4221 4214
4207 4213 4 4222 4215 4208 4214 4 4223 3547
3541 4215 4 4224 4216 2122 2143 4 4225 4217
4209 4216 4 4226 4218 4210 4217 4 4227 4219
4211 4218 4 4228 4220 4212 4219 4 4229 4221
4213 4220 4 4230 4222 4214 4221 4 4231 4223
4215 4222 4 4232 3554 3547 4223 4 4233 4224
2143 920 4 4234 4225 4216 4224 4 4235 4226
4217 4225 4 4236 4227 4218 4226 4 4237 4228
4219 4227 4 4238 4229 4220 4228 4 4239 4230
4221 4229 4 4240 4231 4222 4230 4 4241 4232
4223 4231 4 4242 3563 3554 4232 4 4243 4233
920 919 4 4244 4234 4224 4233 4 4245 4235
4225 4234 4 4246 4236 4226 4235 4 4247 4237
4227 4236 4 4248 4238 4228 4237 4 4249 4239
4229 4238 4 4250 4240 4230 4239 4 4251 4241
4231 4240 4 4252 4242 4232 4241 4 4253 3574
3563 4242 4 4254 4243 919 939 4 4255 4244
4233 4243 4 4256 4245 4234 4244 4 4257 4246
4235 4245 4 4258 4247 4236 4246 4 4259 4248
4237 4247 4 4260 4249 4238 4248 4 4261 4250
4239 4249 4 4262 4251 4240 4250 4 4263 4252
4241 4251 4 4264 4253 4242 4252 4 4265 3587
3574 4253 4 4266 4254 939 958 4 4267 4255
4243 4254 4 4268 4256 4244 4255 4 4269 4257
4245 4256 4 4270 4258 4246 4257 4 4271 4259
4247 4258 4 4272 4260 4248 4259 4 4273 4261
4249 4260 4 4274 4262 4250 4261 4 4275 4263
4251 4262 4 4276 4264 4252 4263 4 4277 4265
4253 4264 4 4278 3600 3587 4265 4 4279 4266
958 980 4 4280 4267 4254 4266 4 4281 4268
4255 4267 4 4282 4269 4256 4268 4 4283 4270
4257 4269 4 4284 4271 4258 4270 4 4285 4272
4259 4271 4 4286 4273 4260 4272 4 4287 4274
4261 4273 4 4288 4275 4262 4274 4 4289 4276
4263 4275 4 4290 4277 4264 4276 4 4291 4278
4265 4277 4 4292 3614 3600 4278 4 4279 980
1002 4293 4 4294 4280 4266 4279 4 4295 4281
4267 4280 4 4296 4282 4268 4281 4 4297 4283
4269 4282 4 4298 4284 4270 4283 4 4299 4285
4271 4284 4 4300 4286 4272 4285 4 4301 4287
4273 4286 4 4302 4288 4274 4287 4 4303 4289
4275 4288 4 4304 4290 4276 4289 4 4305 4291
4277 4290 4 4306 4292 4278 4291 4 4307 3629
3614 4292 4 4294 4279 4293 4308 4 4309 4295
4280 4294 4 4310 4296 4281 4295 4 4311 4297
4282 4296 4 4312 4298 4283 4297 4 4313 4299
4284 4298 4 4314 4300 4285 4299 4 4315 4301
4286 4300 4 4316 4302 4287 4301 4 4317 4303
4288 4302 4 4318 4304 4289 4303 4 4319 4305
4290 4304 4 4320 4306 4291 4305 4 4321 4307
4292 4306 4 4322 3645 3629 4307 4 4309 4294
4308 4323 4 4324 4310 4295 4309 4 4325 4311
4296 4310 4 4326 4312 4297 4311 4 4327 4313
4298 4312 4 4328 4314 4299 4313 4 4329 4315
4300 4314 4 4330 4316 4301 4315 4 4331 4317
4302 4316 4 4332 4318 4303 4317 4 4333 4319
4304 4318 4 4334 4320 4305 4319 4 4335 4321
4306 4320 4 4336 4322 4307 4321 4 4337 3662
3645 4322 4 4324 4309 4323 4338 4 4339 4325
4310 4324 4 4340 4326 4311 4325 4 4341 4327
4312 4326 4 4342 4328 4313 4327 4 4343 4329
4314 4328 4 4344 4330 4315 4329 4 4345 4331
4316 4330 4 4346 4332 4317 4331 4 4347 4333
4318 4332 4 4348 4334 4319 4333 4 4349 4335
4320 4334 4 4350 4336 4321 4335 4 4351 4337
4322 4336 4 4352 3679 3662 4337 4 4339 4324
4338 4353 4 4354 4340 4325 4339 4 4355 4341
4326 4340 4 4356 4342 4327 4341 4 4357 4343
4328 4342 4 4358 4344 4329 4343 4 4359 4345
4330 4344 4 4360 4346 4331 4345 4 4361 4347
4332 4346 4 4362 4348 4333 4347 4 4363 4349
4334 4348 4 4364 4350 4335 4349 4 4365 4351
4336 4350 4 4366 4352 4337 4351 4 4354 4339
4353 4367 4 4368 4355 4340 4354 4 4369 4356
4341 4355 4 4370 4357 4342 4356 4 4371 4358
4343 4357 4 4372 4359 4344 4358 4 4373 4360
4345 4359 4 4374 4361 4346 4360 4 4375 4362
4347 4361 4 4376 4363 4348 4362 4 4377 4364
4349 4363 4 4378 4365 4350 4364 4 4379 4366
4351 4365 4 4368 4354 4367 4380 4 4381 4369
4355 4368 4 4382 4370 4356 4369 4 4383 4371
4357 4370 4 4384 4372 4358 4371 4 4385 4373
4359 4372 4 4386 4374 4360 4373 4 4387 4375
4361 4374 4 4388 4376 4362 4375 4 4389 4377
4363 4376 4 4390 4378 4364 4377 4 4391 4379
4365 4378 4 4381 4368 4380 4392 4 4393 4382
4369 4381 4 4394 4383 4370 4382 4 4395 4384
4371 4383 4 4396 4385 4372 4384 4 4397 4386
4373 4385 4 4398 4387 4374 4386 4 4399 4388
4375 4387 4 4400 4389 4376 4388 4 4401 4390
4377 4389 4 4402 4391 4378 4390 4 4393 4381
4392 4403 4 4404 4394 4382 4393 4 4405 4395
4383 4394 4 4406 4396 4384 4395 4 4407 4397
4385 4396 4 4408 4398 4386 4397 4 4409 4399
4387 4398 4 4410 4400 4388 4399 4 4411 4401
4389 4400 4 4412 4402 4390 4401 4 4404 4393
4403 4413 4 4414 4405 4394 4404 4 4415 4406
4395 4405 4 4416 4407 4396 4406 4 4417 4408
4397 4407 4 4418 4409 4398 4408 4 4419 4410
4399 4409 4 4420 4411 4400 4410 4 4421 4412
4401 4411 4 4414 4404 4413 4422 4 4423 4415
4405 4414 4 4424 4416 4406 4415 4 4425 4417
4407 4416 4 4426 4418 4408 4417 4 4427 4419
4409 4418 4 4428 4420 4410 4419 4 4429 4421
4411 4420 4 4423 4414 4422 4430 4 4431 4424
4415 4423 4 4432 4425 4416 4424 4 4433 4426
4417 4425 4 4434 4427 4418 4426 4 4435 4428
4419 4427 4 4436 4429 4420 4428 4 4431 4423
4430 4437 4 4438 4432 4424 4431 4 4439 4433
4425 4432 4 4440 4434 4426 4433 4 4441 4435
4427 4434 4 4442 4436 4428 4435 4 4438 4431
4437 4443 4 4444 4439 4432 4438 4 4445 4440
4433 4439 4 4446 4441 4434 4440 4 4447 4442
4435 4441 4 4444 4438 4443 4448 4 4449 4445
4439 4444 4 4450 4446 4440 4445 4 4451 4447
4441 4446 4 4449 4444 4448 4452 4 4453 4450
4445 4449 4 4454 4451 4446 4450 4 4453 4449
4452 4455 4 4456 4454 4450 4453 4 4457 4456
4453 4455 4 4458 4459 4460 4461 4 4462 4463
4458 4461 4 4464 4460 4459 4465 4 4461 4460
4466 4467 4 4468 4469 4459 4458 4 4470 4462
4461 4467 4 4468 4458 4463 4471 4 4472 4464
4465 4473 4 4474 4466 4460 4464 4 4465 4459
4469 4475 4 4467 4466 2282 2280 4 4476 4477
4469 4468 4 4470 4467 2280 2279 4 4476 4468
4471 4478 4 4479 4472 4473 4480 4 4481 4474
4464 4472 4 4473 4465 4475 4482 4 2286 2282
4466 4474 4 4475 4469 4477 4483 4 4484 4485
4477 4476 4 4484 4476 4478 4486 4 4487 4479
4480 4488 4 4489 4481 4472 4479 4 4480 4473
4482 4490 4 2291 2286 4474 4481 4 4482 4475
4483 4491 4 4483 4477 4485 4492 4 4493 4494
4485 4484 4 4493 4484 4486 4495 4 4496 4487
4488 4497 4 4498 4489 4479 4487 4 4488 4480
4490 4499 4 2297 2291 4481 4489 4 4490 4482
4491 4500 4 4491 4483 4492 4501 4 4492 4485
4494 4502 4 4503 4504 4494 4493 4 4503 4493
4495 4505 4 4506 4496 4497 4507 4 4508 4498
4487 4496 4 4497 4488 4499 4509 4 2304 2297
4489 4498 4 4499 4490 4500 4510 4 4500 4491
4501 4511 4 4501 4492 4502 4512 4 4502 4494
4504 4513 4 4514 4515 4504 4503 4 4514 4503
4505 4516 4 4517 4506 4507 4518 4 4519 4508
4496 4506 4 4507 4497 4509 4520 4 2312 2304
4498 4508 4 4509 4499 4510 4521 4 4510 4500
4511 4522 4 4511 4501 4512 4523 4 4512 4502
4513 4524 4 4513 4504 4515 4525 4 4526 4527
4515 4514 4 4526 4514 4516 4528 4 4529 4517
4518 4530 4 4531 4519 4506 4517 4 4518 4507
4520 4532 4 2321 2312 4508 4519 4 4520 4509
4521 4533 4 4521 4510 4522 4534 4 4522 4511
4523 4535 4 4523 4512 4524 4536 4 4524 4513
4525 4537 4 4525 4515 4527 4538 4 4539 4540
4527 4526 4 4539 4526 4528 4541 4 4542 4529
4530 4543 4 4544 4531 4517 4529 4 4530 4518
4532 4545 4 2331 2321 4519 4531 4 4532 4520
4533 4546 4 4533 4521 4534 4547 4 4534 4522
4535 4548 4 4535 4523 4536 4549 4 4536 4524
4537 4550 4 4537 4525 4538 4551 4 4538 4527
4540 4552 4 4553 4554 4540 4539 4 4553 4539
4541 4555 4 4556 4542 4543 4557 4 4558 4544
4529 4542 4 4543 4530 4545 4559 4 2342 2331
4531 4544 4 4545 4532 4546 4560 4 4546 4533
4547 4561 4 4547 4534 4548 4562 4 4548 4535
4549 4563 4 4549 4536 4550 4564 4 4550 4537
4551 4565 4 4551 4538 4552 4566 4 4552 4540
4554 4567 4 4568 4569 4554 4553 4 4568 4553
4555 4570 4 4571 4556 4557 4572 4 4573 4558
4542 4556 4 4557 4543 4559 4574 4 2354 2342
4544 4558 4 4559 4545 4560 4575 4 4560 4546
4561 4576 4 4561 4547 4562 4577 4 4562 4548
4563 4578 4 4563 4549 4564 4579 4 4564 4550
4565 4580 4 4565 4551 4566 4581 4 4566 4552
4567 4582 4 4567 4554 4569 4583 4 4584 4585
4569 4568 4 4584 4568 4570 4586 4 4587 4571
4572 4588 4 4589 4573 4556 4571 4 4572 4557
4574 4590 4 2367 2354 4558 4573 4 4574 4559
4575 4591 4 4575 4560 4576 4592 4 4576 4561
4577 4593 4 4577 4562 4578 4594 4 4578 4563
4579 4595 4 4579 4564 4580 4596 4 4580 4565
4581 4597 4 4581 4566 4582 4598 4 4582 4567
4583 4599 4 4583 4569 4585 4600 4 4601 4602
4585 4584 4 4601 4584 4586 4603 4 4604 4587
4588 4605 4 4606 4589 4571 4587 4 4588 4572
4590 4607 4 2381 2367 4573 4589 4 4590 4574
4591 4608 4 4591 4575 4592 4609 4 4592 4576
4593 4610 4 4593 4577 4594 4611 4 4594 4578
4595 4612 4 4595 4579 4596 4613 4 4596 4580
4597 4614 4 4597 4581 4598 4615 4 4598 4582
4599 4616 4 4599 4583 4600 4617 4 4600 4585
4602 4618 4 4619 4620 4602 4601 4 4619 4601
4603 4621 4 4622 4604 4605 4623 4 4624 4606
4587 4604 4 4605 4588 4607 4625 4 2396 2381
4589 4606 4 4607 4590 4608 4626 4 4608 4591
4609 4627 4 4609 4592 4610 4628 4 4610 4593
4611 4629 4 4611 4594 4612 4630 4 4612 4595
4613 4631 4 4613 4596 4614 4632 4 4614 4597
4615 4633 4 4615 4598 4616 4634 4 4616 4599
4617 4635 4 4617 4600 4618 4636 4 4618 4602
4620 4637 4 4638 4639 4620 4619 4 4638 4619
4621 4640 4 4641 4622 4623 4642 4 4643 4624
4604 4622 4 4623 4605 4625 4644 4 2412 2396
4606 4624 4 4625 4607 4626 4645 4 4626 4608
4627 4646 4 4627 4609 4628 4647 4 4628 4610
4629 4648 4 4629 4611 4630 4649 4 4630 4612
4631 4650 4 4631 4613 4632 4651 4 4632 4614
4633 4652 4 4633 4615 4634 4653 4 4634 4616
4635 4654 4 4635 4617 4636 4655 4 4636 4618
4637 4656 4 4637 4620 4639 4657 4 4658 4659
4639 4638 4 4658 4638 4640 4660 4 4641 4642
564 601 4 4661 4643 4622 4641 4 4642 4623
4644 4662 4 2429 2412 4624 4643 4 4644 4625
4645 4663 4 4645 4626 4646 4664 4 4646 4627
4647 4665 4 4647 4628 4648 4666 4 4648 4629
4649 4667 4 4649 4630 4650 4668 4 4650 4631
4651 4669 4 4651 4632 4652 4670 4 4652 4633
4653 4671 4 4653 4634 4654 4672 4 4654 4635
4655 4673 4 4655 4636 4656 4674 4 4656 4637
4657 4675 4 4657 4639 4659 4676 4 4677 4678
4659 4658 4 4677 4658 4660 4679 4 4661 4641
601 637 4 528 564 4642 4662 4 2447 2429
4643 4661 4 4662 4644 4663 4680 4 4663 4645
4664 4681 4 4664 4646 4665 4682 4 4665 4647
4666 4683 4 4666 4648 4667 4684 4 4667 4649
4668 4685 4 4668 4650 4669 4686 4 4669 4651
4670 4687 4 4670 4652 4671 4688 4 4671 4653
4672 4689 4 4672 4654 4673 4690 4 4673 4655
4674 4691 4 4674 4656 4675 4692 4 4675 4657
4676 4693 4 4676 4659 4678 4694 4 4695 4696
4678 4677 4 4695 4677 4679 4697 4 667 2447
4661 637 4 493 528 4662 4680 4 4680 4663
4681 4698 4 4681 4664 4682 4699 4 4682 4665
4683 4700 4 4683 4666 4684 4701 4 4684 4667
4685 4702 4 4685 4668 4686 4703 4 4686 4669
4687 4704 4 4687 4670 4688 4705 4 4688 4671
4689 4706 4 4689 4672 4690 4707 4 4690 4673
4691 4708 4 4691 4674 4692 4709 4 4692 4675
4693 4710 4 4693 4676 4694 4711 4 4694 4678
4696 4712 4 4713 4714 4696 4695 4 4713 4695
4697 4715 4 463 493 4680 4698 4 4698 4681
4699 4716 4 4699 4682 4700 4717 4 4700 4683
4701 4718 4 4701 4684 4702 4719 4 4702 4685
4703 4720 4 4703 4686 4704 4721 4 4704 4687
4705 4722 4 4705 4688 4706 4723 4 4706 4689
4707 4724 4 4707 4690 4708 4725 4 4708 4691
4709 4726 4 4709 4692 4710 4727 4 4710 4693
4711 4728 4 4711 4694 4712 4729 4 4712 4696
4714 4730 4 4731 4732 4714 4713 4 4731 4713
4715 4733 4 432 463 4698 4716 4 4716 4699
4717 4734 4 4717 4700 4718 4735 4 4718 4701
4719 4736 4 4719 4702 4720 4737 4 4720 4703
4721 4738 4 4721 4704 4722 4739 4 4722 4705
4723 4740 4 4723 4706 4724 4741 4 4724 4707
4725 4742 4 4725 4708 4726 4743 4 4726 4709
4727 4744 4 4727 4710 4728 4745 4 4728 4711
4729 4746 4 4729 4712 4730 4747 4 4730 4714
4732 4748 4 4749 4750 4732 4731 4 4749 4731
4733 4751 4 401 432 4716 4734 4 4734 4717
4735 4752 4 4735 4718 4736 4753 4 4736 4719
4737 4754 4 4737 4720 4738 4755 4 4738 4721
4739 4756 4 4739 4722 4740 4757 4 4740 4723
4741 4758 4 4741 4724 4742 4759 4 4742 4725
4743 4760 4 4743 4726 4744 4761 4 4744 4727
4745 4762 4 4745 4728 4746 4763 4 4746 4729
4747 4764 4 4747 4730 4748 4765 4 4748 4732
4750 4766 4 4767 4768 4750 4749 4 4767 4749
4751 4769 4 371 401 4734 4752 4 4752 4735
4753 4770 4 4753 4736 4754 4771 4 4754 4737
4755 4772 4 4755 4738 4756 4773 4 4756 4739
4757 4774 4 4757 4740 4758 4775 4 4758 4741
4759 4776 4 4759 4742 4760 4777 4 4760 4743
4761 4778 4 4761 4744 4762 4779 4 4762 4745
4763 4780 4 4763 4746 4764 4781 4 4764 4747
4765 4782 4 4765 4748 4766 4783 4 4766 4750
4768 4784 4 4785 4786 4768 4767 4 4785 4767
4769 4787 4 372 371 4752 4770 4 4770 4753
4771 4788 4 4771 4754 4772 4789 4 4772 4755
4773 4790 4 4773 4756 4774 4791 4 4774 4757
4775 4792 4 4775 4758 4776 4793 4 4776 4759
4777 4794 4 4777 4760 4778 4795 4 4778 4761
4779 4796 4 4779 4762 4780 4797 4 4780 4763
4781 4798 4 4781 4764 4782 4799 4 4782 4765
4783 4800 4 4783 4766 4784 4801 4 4784 4768
4786 4802 4 4803 4804 4786 4785 4 4803 4785
4787 4805 4 1913 372 4770 4788 4 4788 4771
4789 4806 4 4789 4772 4790 4807 4 4790 4773
4791 4808 4 4791 4774 4792 4809 4 4792 4775
4793 4810 4 4793 4776 4794 4811 4 4794 4777
4795 4812 4 4795 4778 4796 4813 4 4796 4779
4797 4814 4 4797 4780 4798 4815 4 4798 4781
4799 4816 4 4799 4782 4800 4817 4 4800 4783
4801 4818 4 4801 4784 4802 4819 4 4802 4786
4804 4820 4 4821 4822 4804 4803 4 4821 4803
4805 4823 4 1926 1913 4788 4806 4 4806 4789
4807 4824 4 4807 4790 4808 4825 4 4808 4791
4809 4826 4 4809 4792 4810 4827 4 4810 4793
4811 4828 4 4811 4794 4812 4829 4 4812 4795
4813 4830 4 4813 4796 4814 4831 4 4814 4797
4815 4832 4 4815 4798 4816 4833 4 4816 4799
4817 4834 4 4817 4800 4818 4835 4 4818 4801
4819 4836 4 4819 4802 4820 4837 4 4820 4804
4822 4838 4 4839 4840 4822 4821 4 4839 4821
4823 4841 4 1941 1926 4806 4824 4 4824 4807
4825 4842 4 4825 4808 4826 4843 4 4826 4809
4827 4844 4 4827 4810 4828 4845 4 4828 4811
4829 4846 4 4829 4812 4830 4847 4 4830 4813
4831 4848 4 4831 4814 4832 4849 4 4832 4815
4833 4850 4 4833 4816 4834 4851 4 4834 4817
4835 4852 4 4835 4818 4836 4853 4 4836 4819
4837 4854 4 4837 4820 4838 4855 4 4838 4822
4840 4856 4 4857 4858 4840 4839 4 4857 4839
4841 4859 4 1531 1941 4824 4842 4 4842 4825
4843 4860 4 4843 4826 4844 4861 4 4844 4827
4845 4862 4 4845 4828 4846 4863 4 4846 4829
4847 4864 4 4847 4830 4848 4865 4 4848 4831
4849 4866 4 4849 4832 4850 4867 4 4850 4833
4851 4868 4 4851 4834 4852 4869 4 4852 4835
4853 4870 4 4853 4836 4854 4871 4 4854 4837
4855 4872 4 4855 4838 4856 4873 4 4856 4840
4858 4874 4 4875 4876 4858 4857 4 4875 4857
4859 4877 4 1498 1531 4842 4860 4 4860 4843
4861 4878 4 4861 4844 4862 4879 4 4862 4845
4863 4880 4 4863 4846 4864 4881 4 4864 4847
4865 4882 4 4865 4848 4866 4883 4 4866 4849
4867 4884 4 4867 4850 4868 4885 4 4868 4851
4869 4886 4 4869 4852 4870 4887 4 4870 4853
4871 4888 4 4871 4854 4872 4889 4 4872 4855
4873 4890 4 4873 4856 4874 4891 4 4874 4858
4876 4892 4 4893 4894 4876 4875 4 4893 4875
4877 4895 4 1465 1498 4860 4878 4 4878 4861
4879 4896 4 4879 4862 4880 4897 4 4880 4863
4881 4898 4 4881 4864 4882 4899 4 4882 4865
4883 4900 4 4883 4866 4884 4901 4 4884 4867
4885 4902 4 4885 4868 4886 4903 4 4886 4869
4887 4904 4 4887 4870 4888 4905 4 4888 4871
4889 4906 4 4889 4872 4890 4907 4 4890 4873
4891 4908 4 4891 4874 4892 4909 4 4892 4876
4894 4910 4 4911 4912 4894 4893 4 4911 4893
4895 4913 4 1434 1465 4878 4896 4 4896 4879
4897 4914 4 4897 4880 4898 4915 4 4898 4881
4899 4916 4 4899 4882 4900 4917 4 4900 4883
4901 4918 4 4901 4884 4902 4919 4 4902 4885
4903 4920 4 4903 4886 4904 4921 4 4904 4887
4905 4922 4 4905 4888 4906 4923 4 4906 4889
4907 4924 4 4907 4890 4908 4925 4 4908 4891
4909 4926 4 4909 4892 4910 4927 4 4910 4894
4912 4928 4 4929 4930 4912 4911 4 4929 4911
4913 4931 4 1409 1434 4896 4914 4 4914 4897
4915 4932 4 4915 4898 4916 4933 4 4916 4899
4917 4934 4 4917 4900 4918 4935 4 4918 4901
4919 4936 4 4919 4902 4920 4937 4 4920 4903
4921 4938 4 4921 4904 4922 4939 4 4922 4905
4923 4940 4 4923 4906 4924 4941 4 4924 4907
4925 4942 4 4925 4908 4926 4943 4 4926 4909
4927 4944 4 4927 4910 4928 4945 4 4928 4912
4930 4946 4 4947 4948 4930 4929 4 4947 4929
4931 4949 4 1384 1409 4914 4932 4 4932 4915
4933 4950 4 4933 4916 4934 4951 4 4934 4917
4935 4952 4 4935 4918 4936 4953 4 4936 4919
4937 4954 4 4937 4920 4938 4955 4 4938 4921
4939 4956 4 4939 4922 4940 4957 4 4940 4923
4941 4958 4 4941 4924 4942 4959 4 4942 4925
4943 4960 4 4943 4926 4944 4961 4 4944 4927
4945 4962 4 4945 4928 4946 4963 4 4946 4930
4948 4964 4 4965 4966 4948 4947 4 4965 4947
4949 4967 4 1362 1384 4932 4950 4 4950 4933
4951 4968 4 4951 4934 4952 4969 4 4952 4935
4953 4970 4 4953 4936 4954 4971 4 4954 4937
4955 4972 4 4955 4938 4956 4973 4 4956 4939
4957 4974 4 4957 4940 4958 4975 4 4958 4941
4959 4976 4 4959 4942 4960 4977 4 4960 4943
4961 4978 4 4961 4944 4962 4979 4 4962 4945
4963 4980 4 4963 4946 4964 4981 4 4964 4948
4966 4982 4 4983 4984 4966 4965 4 4983 4965
4967 4985 4 1363 1362 4950 4968 4 4968 4951
4969 4986 4 4969 4952 4970 4987 4 4970 4953
4971 4988 4 4971 4954 4972 4989 4 4972 4955
4973 4990 4 4973 4956 4974 4991 4 4974 4957
4975 4992 4 4975 4958 4976 4993 4 4976 4959
4977 4994 4 4977 4960 4978 4995 4 4978 4961
4979 4996 4 4979 4962 4980 4997 4 4980 4963
4981 4998 4 4981 4964 4982 4999 4 4982 4966
4984 5000 4 5001 5002 4984 4983 4 5001 4983
4985 5003 4 5004 1363 4968 4986 4 4986 4969
4987 5005 4 4987 4970 4988 5006 4 4988 4971
4989 5007 4 4989 4972 4990 5008 4 4990 4973
4991 5009 4 4991 4974 4992 5010 4 4992 4975
4993 5011 4 4993 4976 4994 5012 4 4994 4977
4995 5013 4 4995 4978 4996 5014 4 4996 4979
4997 5015 4 4997 4980 4998 5016 4 4998 4981
4999 5017 4 4999 4982 5000 5018 4 5000 4984
5002 5019 4 5020 5021 5002 5001 4 5020 5001
5003 5022 4 5023 5004 4986 5005 4 1334 1333
1363 5004 4 5005 4987 5006 5024 4 5006 4988
5007 5025 4 5007 4989 5008 5026 4 5008 4990
5009 5027 4 5009 4991 5010 5028 4 5010 4992
5011 5029 4 5011 4993 5012 5030 4 5012 4994
5013 5031 4 5013 4995 5014 5032 4 5014 4996
5015 5033 4 5015 4997 5016 5034 4 5016 4998
5017 5035 4 5017 4999 5018 5036 4 5018 5000
5019 5037 4 5019 5002 5021 5038 4 5039 5040
5021 5020 4 5039 5020 5022 5041 4 5042 5023
5005 5024 4 5043 1334 5004 5023 4 5024 5006
5025 5044 4 5025 5007 5026 5045 4 5026 5008
5027 5046 4 5027 5009 5028 5047 4 5028 5010
5029 5048 4 5029 5011 5030 5049 4 5030 5012
5031 5050 4 5031 5013 5032 5051 4 5032 5014
5033 5052 4 5033 5015 5034 5053 4 5034 5016
5035 5054 4 5035 5017 5036 5055 4 5036 5018
5037 5056 4 5037 5019 5038 5057 4 5038 5021
5040 5058 4 5059 5060 5040 5039 4 5059 5039
5041 5061 4 5062 5042 5024 5044 4 5063 5043
5023 5042 4 5064 1321 1334 5043 4 5044 5025
5045 5065 4 5045 5026 5046 5066 4 5046 5027
5047 5067 4 5047 5028 5048 5068 4 5048 5029
5049 5069 4 5049 5030 5050 5070 4 5050 5031
5051 5071 4 5051 5032 5052 5072 4 5052 5033
5053 5073 4 5053 5034 5054 5074 4 5054 5035
5055 5075 4 5055 5036 5056 5076 4 5056 5037
5057 5077 4 5057 5038 5058 5078 4 5058 5040
5060 5079 4 5080 5062 5044 5065 4 5081 5063
5042 5062 4 5082 5064 5043 5063 4 5083 1312
1321 5064 4 5065 5045 5066 5084 4 5066 5046
5067 5085 4 5067 5047 5068 5086 4 5068 5048
5069 5087 4 5069 5049 5070 5088 4 5070 5050
5071 5089 4 5071 5051 5072 5090 4 5072 5052
5073 5091 4 5073 5053 5074 5092 4 5074 5054
5075 5093 4 5075 5055 5076 5094 4 5076 5056
5077 5095 4 5077 5057 5078 5096 4 5078 5058
5079 5097 4 5098 5080 5065 5084 4 5099 5081
5062 5080 4 5100 5082 5063 5081 4 5101 5083
5064 5082 4 5102 1293 1312 5083 4 5084 5066
5085 5103 4 5085 5067 5086 5104 4 5086 5068
5087 5105 4 5087 5069 5088 5106 4 5088 5070
5089 5107 4 5089 5071 5090 5108 4 5090 5072
5091 5109 4 5091 5073 5092 5110 4 5092 5074
5093 5111 4 5093 5075 5094 5112 4 5094 5076
5095 5113 4 5095 5077 5096 5114 4 5096 5078
5097 5115 4 5116 5098 5084 5103 4 5117 5099
5080 5098 4 5118 5100 5081 5099 4 5119 5101
5082 5100 4 5120 5102 5083 5101 4 5121 1274
1293 5102 4 5103 5085 5104 5122 4 5104 5086
5105 5123 4 5105 5087 5106 5124 4 5106 5088
5107 5125 4 5107 5089 5108 5126 4 5108 5090
5109 5127 4 5109 5091 5110 5128 4 5110 5092
5111 5129 4 5111 5093 5112 5130 4 5112 5094
5113 5131 4 5113 5095 5114 5132 4 5114 5096
5115 5133 4 5134 5116 5103 5122 4 5135 5117
5098 5116 4 5136 5118 5099 5117 4 5137 5119
5100 5118 4 5138 5120 5101 5119 4 5139 5121
5102 5120 4 5140 1256 1274 5121 4 5122 5104
5123 5141 4 5123 5105 5124 5142 4 5124 5106
5125 5143 4 5125 5107 5126 5144 4 5126 5108
5127 5145 4 5127 5109 5128 5146 4 5128 5110
5129 5147 4 5129 5111 5130 5148 4 5130 5112
5131 5149 4 5131 5113 5132 5150 4 5132 5114
5133 5151 4 5152 5134 5122 5141 4 5153 5135
5116 5134 4 5154 5136 5117 5135 4 5155 5137
5118 5136 4 5156 5138 5119 5137 4 5157 5139
5120 5138 4 5158 5140 5121 5139 4 5159 1233
1256 5140 4 5141 5123 5142 5160 4 5142 5124
5143 5161 4 5143 5125 5144 5162 4 5144 5126
5145 5163 4 5145 5127 5146 5164 4 5146 5128
5147 5165 4 5147 5129 5148 5166 4 5148 5130
5149 5167 4 5149 5131 5150 5168 4 5150 5132
5151 5169 4 5170 5152 5141 5160 4 5171 5153
5134 5152 4 5172 5154 5135 5153 4 5173 5155
5136 5154 4 5174 5156 5137 5155 4 5175 5157
5138 5156 4 5176 5158 5139 5157 4 5177 5159
5140 5158 4 5178 1202 1233 5159 4 5160 5142
5161 5179 4 5161 5143 5162 5180 4 5162 5144
5163 5181 4 5163 5145 5164 5182 4 5164 5146
5165 5183 4 5165 5147 5166 5184 4 5166 5148
5167 5185 4 5167 5149 5168 5186 4 5168 5150
5169 5187 4 5188 5170 5160 5179 4 5189 5171
5152 5170 4 5190 5172 5153 5171 4 5191 5173
5154 5172 4 5192 5174 5155 5173 4 5193 5175
5156 5174 4 5194 5176 5157 5175 4 5195 5177
5158 5176 4 5196 5178 5159 5177 4 5197 1169
1202 5178 4 5179 5161 5180 5198 4 5180 5162
5181 5199 4 5181 5163 5182 5200 4 5182 5164
5183 5201 4 5183 5165 5184 5202 4 5184 5166
5185 5203 4 5185 5167 5186 5204 4 5186 5168
5187 5205 4 5206 4293 1002 1026 4 5207 5188
5179 5198 4 5208 5189 5170 5188 4 5209 5190
5171 5189 4 5210 5191 5172 5190 4 5211 5192
5173 5191 4 5212 5193 5174 5192 4 5213 5194
5175 5193 4 5214 5195 5176 5194 4 5215 5196
5177 5195 4 5216 5197 5178 5196 4 5217 1139
1169 5197 4 5198 5180 5199 5218 4 5199 5181
5200 5219 4 5200 5182 5201 5220 4 5201 5183
5202 5221 4 5202 5184 5203 5222 4 5203 5185
5204 5223 4 5204 5186 5205 5224 4 5225 5206
1026 1053 4 5226 4308 4293 5206 4 5227 5207
5198 5218 4 5228 5208 5188 5207 4 5229 5209
5189 5208 4 5230 5210 5190 5209 4 5231 5211
5191 5210 4 5232 5212 5192 5211 4 5233 5213
5193 5212 4 5234 5214 5194 5213 4 5235 5215
5195 5214 4 5236 5216 5196 5215 4 5237 5217
5197 5216 4 5238 1140 1139 5217 4 5218 5199
5219 5239 4 5219 5200 5220 5240 4 5220 5201
5221 5241 4 5221 5202 5222 5242 4 5222 5203
5223 5243 4 5223 5204 5224 5244 4 5245 1082
1081 1140 4 5246 5225 1053 1082 4 5247 5226
5206 5225 4 5248 4323 4308 5226 4 5249 5227
5218 5239 4 5250 5228 5207 5227 4 5251 5229
5208 5228 4 5252 5230 5209 5229 4 5253 5231
5210 5230 4 5254 5232 5211 5231 4 5255 5233
5212 5232 4 5256 5234 5213 5233 4 5257 5235
5214 5234 4 5258 5236 5215 5235 4 5259 5237
5216 5236 4 5260 5238 5217 5237 4 5261 5245
1140 5238 4 5239 5219 5240 5262 4 5240 5220
5241 5263 4 5241 5221 5242 5264 4 5242 5222
5243 5265 4 5243 5223 5244 5266 4 5267 5246
1082 5245 4 5268 5247 5225 5246 4 5269 5248
5226 5247 4 5270 4338 4323 5248 4 5271 5249
5239 5262 4 5272 5250 5227 5249 4 5273 5251
5228 5250 4 5274 5252 5229 5251 4 5275 5253
5230 5252 4 5276 5254 5231 5253 4 5277 5255
5232 5254 4 5278 5256 5233 5255 4 5279 5257
5234 5256 4 5280 5258 5235 5257 4 5281 5259
5236 5258 4 5282 5260 5237 5259 4 5283 5261
5238 5260 4 5284 5267 5245 5261 4 5262 5240
5263 5285 4 5263 5241 5264 5286 4 5264 5242
5265 5287 4 5265 5243 5266 5288 4 5289 5268
5246 5267 4 5290 5269 5247 5268 4 5291 5270
5248 5269 4 5292 4353 4338 5270 4 5293 5271
5262 5285 4 5294 5272 5249 5271 4 5295 5273
5250 5272 4 5296 5274 5251 5273 4 5297 5275
5252 5274 4 5298 5276 5253 5275 4 5299 5277
5254 5276 4 5300 5278 5255 5277 4 5301 5279
5256 5278 4 5302 5280 5257 5279 4 5303 5281
5258 5280 4 5304 5282 5259 5281 4 5305 5283
5260 5282 4 5306 5284 5261 5283 4 5307 5289
5267 5284 4 5285 5263 5286 5308 4 5286 5264
5287 5309 4 5287 5265 5288 5310 4 5311 5290
5268 5289 4 5312 5291 5269 5290 4 5313 5292
5270 5291 4 5314 4367 4353 5292 4 5315 5293
5285 5308 4 5316 5294 5271 5293 4 5317 5295
5272 5294 4 5318 5296 5273 5295 4 5319 5297
5274 5296 4 5320 5298 5275 5297 4 5321 5299
5276 5298 4 5322 5300 5277 5299 4 5323 5301
5278 5300 4 5324 5302 5279 5301 4 5325 5303
5280 5302 4 5326 5304 5281 5303 4 5327 5305
5282 5304 4 5328 5306 5283 5305 4 5329 5307
5284 5306 4 5330 5311 5289 5307 4 5308 5286
5309 5331 4 5309 5287 5310 5332 4 5333 5312
5290 5311 4 5334 5313 5291 5312 4 5335 5314
5292 5313 4 5336 4380 4367 5314 4 5337 5315
5308 5331 4 5338 5316 5293 5315 4 5339 5317
5294 5316 4 5340 5318 5295 5317 4 5341 5319
5296 5318 4 5342 5320 5297 5319 4 5343 5321
5298 5320 4 5344 5322 5299 5321 4 5345 5323
5300 5322 4 5346 5324 5301 5323 4 5347 5325
5302 5324 4 5348 5326 5303 5325 4 5349 5327
5304 5326 4 5350 5328 5305 5327 4 5351 5329
5306 5328 4 5352 5330 5307 5329 4 5353 5333
5311 5330 4 5331 5309 5332 5354 4 5355 5334
5312 5333 4 5356 5335 5313 5334 4 5357 5336
5314 5335 4 5358 4392 4380 5336 4 5337 5331
5354 5359 4 5360 5338 5315 5337 4 5361 5339
5316 5338 4 5362 5340 5317 5339 4 5363 5341
5318 5340 4 5364 5342 5319 5341 4 5365 5343
5320 5342 4 5366 5344 5321 5343 4 5367 5345
5322 5344 4 5368 5346 5323 5345 4 5369 5347
5324 5346 4 5370 5348 5325 5347 4 5371 5349
5326 5348 4 5372 5350 5327 5349 4 5373 5351
5328 5350 4 5374 5352 5329 5351 4 5375 5353
5330 5352 4 5376 5355 5333 5353 4 5377 5356
5334 5355 4 5378 5357 5335 5356 4 5379 5358
5336 5357 4 5380 4403 4392 5358 4 5360 5337
5359 5381 4 5382 5361 5338 5360 4 5383 5362
5339 5361 4 5384 5363 5340 5362 4 5385 5364
5341 5363 4 5386 5365 5342 5364 4 5387 5366
5343 5365 4 5388 5367 5344 5366 4 5389 5368
5345 5367 4 5390 5369 5346 5368 4 5391 5370
5347 5369 4 5392 5371 5348 5370 4 5393 5372
5349 5371 4 5394 5373 5350 5372 4 5395 5374
5351 5373 4 5396 5375 5352 5374 4 5397 5376
5353 5375 4 5398 5377 5355 5376 4 5399 5378
5356 5377 4 5400 5379 5357 5378 4 5401 5380
5358 5379 4 5402 4413 4403 5380 4 5382 5360
5381 5403 4 5404 5383 5361 5382 4 5405 5384
5362 5383 4 5406 5385 5363 5384 4 5407 5386
5364 5385 4 5408 5387 5365 5386 4 5409 5388
5366 5387 4 5410 5389 5367 5388 4 5411 5390
5368 5389 4 5412 5391 5369 5390 4 5413 5392
5370 5391 4 5414 5393 5371 5392 4 5415 5394
5372 5393 4 5416 5395 5373 5394 4 5417 5396
5374 5395 4 5418 5397 5375 5396 4 5419 5398
5376 5397 4 5420 5399 5377 5398 4 5421 5400
5378 5399 4 5422 5401 5379 5400 4 5423 5402
5380 5401 4 5424 4422 4413 5402 4 5404 5382
5403 5425 4 5426 5405 5383 5404 4 5427 5406
5384 5405 4 5428 5407 5385 5406 4 5429 5408
5386 5407 4 5430 5409 5387 5408 4 5431 5410
5388 5409 4 5432 5411 5389 5410 4 5433 5412
5390 5411 4 5434 5413 5391 5412 4 5435 5414
5392 5413 4 5436 5415 5393 5414 4 5437 5416
5394 5415 4 5438 5417 5395 5416 4 5439 5418
5396 5417 4 5440 5419 5397 5418 4 5441 5420
5398 5419 4 5442 5421 5399 5420 4 5443 5422
5400 5421 4 5444 5423 5401 5422 4 5445 5424
5402 5423 4 5446 4430 4422 5424 4 5426 5404
5425 5447 4 5448 5427 5405 5426 4 5449 5428
5406 5427 4 5450 5429 5407 5428 4 5451 5430
5408 5429 4 5452 5431 5409 5430 4 5453 5432
5410 5431 4 5454 5433 5411 5432 4 5455 5434
5412 5433 4 5456 5435 5413 5434 4 5457 5436
5414 5435 4 5458 5437 5415 5436 4 5459 5438
5416 5437 4 5460 5439 5417 5438 4 5461 5440
5418 5439 4 5462 5441 5419 5440 4 5463 5442
5420 5441 4 5464 5443 5421 5442 4 5465 5444
5422 5443 4 5466 5445 5423 5444 4 5467 5446
5424 5445 4 5468 4437 4430 5446 4 5448 5426
5447 5469 4 5470 5449 5427 5448 4 5471 5450
5428 5449 4 5472 5451 5429 5450 4 5473 5452
5430 5451 4 5474 5453 5431 5452 4 5475 5454
5432 5453 4 5476 5455 5433 5454 4 5477 5456
5434 5455 4 5478 5457 5435 5456 4 5479 5458
5436 5457 4 5480 5459 5437 5458 4 5481 5460
5438 5459 4 5482 5461 5439 5460 4 5483 5462
5440 5461 4 5484 5463 5441 5462 4 5485 5464
5442 5463 4 5486 5465 5443 5464 4 5487 5466
5444 5465 4 5488 5467 5445 5466 4 5489 5468
5446 5467 4 5490 4443 4437 5468 4 5470 5448
5469 5491 4 5492 5471 5449 5470 4 5493 5472
5450 5471 4 5494 5473 5451 5472 4 5495 5474
5452 5473 4 5496 5475 5453 5474 4 5497 5476
5454 5475 4 5498 5477 5455 5476 4 5499 5478
5456 5477 4 5500 5479 5457 5478 4 5501 5480
5458 5479 4 5502 5481 5459 5480 4 5503 5482
5460 5481 4 5504 5483 5461 5482 4 5505 5484
5462 5483 4 5506 5485 5463 5484 4 5507 5486
5464 5485 4 5508 5487 5465 5486 4 5509 5488
5466 5487 4 5510 5489 5467 5488 4 5511 5490
5468 5489 4 5512 4448 4443 5490 4 5492 5470
5491 5513 4 5514 5493 5471 5492 4 5515 5494
5472 5493 4 5516 5495 5473 5494 4 5517 5496
5474 5495 4 5518 5497 5475 5496 4 5519 5498
5476 5497 4 5520 5499 5477 5498 4 5521 5500
5478 5499 4 5522 5501 5479 5500 4 5523 5502
5480 5501 4 5524 5503 5481 5502 4 5525 5504
5482 5503 4 5526 5505 5483 5504 4 5527 5506
5484 5505 4 5528 5507 5485 5506 4 5529 5508
5486 5507 4 5530 5509 5487 5508 4 5531 5510
5488 5509 4 5532 5511 5489 5510 4 5533 5512
5490 5511 4 5534 4452 4448 5512 4 5514 5492
5513 5535 4 5536 5515 5493 5514 4 5537 5516
5494 5515 4 5538 5517 5495 5516 4 5539 5518
5496 5517 4 5540 5519 5497 5518 4 5541 5520
5498 5519 4 5542 5521 5499 5520 4 5543 5522
5500 5521 4 5544 5523 5501 5522 4 5545 5524
5502 5523 4 5546 5525 5503 5524 4 5547 5526
5504 5525 4 5548 5527 5505 5526 4 5549 5528
5506 5527 4 5550 5529 5507 5528 4 5551 5530
5508 5529 4 5552 5531 5509 5530 4 5553 5532
5510 5531 4 5554 5533 5511 5532 4 5555 5534
5512 5533 4 5556 4455 4452 5534 4 5536 5514
5535 5557 4 5558 5537 5515 5536 4 5559 5538
5516 5537 4 5560 5539 5517 5538 4 5561 5540
5518 5539 4 5562 5541 5519 5540 4 5563 5542
5520 5541 4 5564 5543 5521 5542 4 5565 5544
5522 5543 4 5566 5545 5523 5544 4 5567 5546
5524 5545 4 5568 5547 5525 5546 4 5569 5548
5526 5547 4 5570 5549 5527 5548 4 5571 5550
5528 5549 4 5572 5551 5529 5550 4 5573 5552
5530 5551 4 5574 5553 5531 5552 4 5575 5554
5532 5553 4 5576 5555 5533 5554 4 5577 5556
5534 5555 4 5578 4457 4455 5556 4 5558 5536
5557 5579 4 5580 5559 5537 5558 4 5581 5560
5538 5559 4 5582 5561 5539 5560 4 5583 5562
5540 5561 4 5584 5563 5541 5562 4 5585 5564
5542 5563 4 5586 5565 5543 5564 4 5587 5566
5544 5565 4 5588 5567 5545 5566 4 5589 5568
5546 5567 4 5590 5569 5547 5568 4 5591 5570
5548 5569 4 5592 5571 5549 5570 4 5593 5572
5550 5571 4 5594 5573 5551 5572 4 5595 5574
5552 5573 4 5596 5575 5553 5574 4 5597 5576
5554 5575 4 5598 5577 5555 5576 4 5599 5578
5556 5577 4 5580 5558 5579 5600 4 5601 5581
5559 5580 4 5602 5582 5560 5581 4 5603 5583
5561 5582 4 5604 5584 5562 5583 4 5605 5585
5563 5584 4 5606 5586 5564 5585 4 5607 5587
5565 5586 4 5608 5588 5566 5587 4 5609 5589
5567 5588 4 5610 5590 5568 5589 4 5611 5591
5569 5590 4 5612 5592 5570 5591 4 5613 5593
5571 5592 4 5614 5594 5572 5593 4 5615 5595
5573 5594 4 5616 5596 5574 5595 4 5617 5597
5575 5596 4 5618 5598 5576 5597 4 5619 5599
5577 5598 4 5601 5580 5600 5620 4 5621 5602
5581 5601 4 5622 5603 5582 5602 4 5623 5604
5583 5603 4 5624 5605 5584 5604 4 5625 5606
5585 5605 4 5626 5607 5586 5606 4 5627 5608
5587 5607 4 5628 5609 5588 5608 4 5629 5610
5589 5609 4 5630 5611 5590 5610 4 5631 5612
5591 5611 4 5632 5613 5592 5612 4 5633 5614
5593 5613 4 5634 5615 5594 5614 4 5635 5616
5595 5615 4 5636 5617 5596 5616 4 5637 5618
5597 5617 4 5638 5619 5598 5618 4 5621 5601
5620 5639 4 5640 5622 5602 5621 4 5641 5623
5603 5622 4 5642 5624 5604 5623 4 5643 5625
5605 5624 4 5644 5626 5606 5625 4 5645 5627
5607 5626 4 5646 5628 5608 5627 4 5647 5629
5609 5628 4 5648 5630 5610 5629 4 5649 5631
5611 5630 4 5650 5632 5612 5631 4 5651 5633
5613 5632 4 5652 5634 5614 5633 4 5653 5635
5615 5634 4 5654 5636 5616 5635 4 5655 5637
5617 5636 4 5656 5638 5618 5637 4 5640 5621
5639 5657 4 5658 5641 5622 5640 4 5659 5642
5623 5641 4 5660 5643 5624 5642 4 5661 5644
5625 5643 4 5662 5645 5626 5644 4 5663 5646
5627 5645 4 5664 5647 5628 5646 4 5665 5648
5629 5647 4 5666 5649 5630 5648 4 5667 5650
5631 5649 4 5668 5651 5632 5650 4 5669 5652
5633 5651 4 5670 5653 5634 5652 4 5671 5654
5635 5653 4 5672 5655 5636 5654 4 5673 5656
5637 5655 4 5658 5640 5657 5674 4 5675 5659
5641 5658 4 5676 5660 5642 5659 4 5677 5661
5643 5660 4 5678 5662 5644 5661 4 5679 5663
5645 5662 4 5680 5664 5646 5663 4 5681 5665
5647 5664 4 5682 5666 5648 5665 4 5683 5667
5649 5666 4 5684 5668 5650 5667 4 5685 5669
5651 5668 4 5686 5670 5652 5669 4 5687 5671
5653 5670 4 5688 5672 5654 5671 4 5689 5673
5655 5672 4 5675 5658 5674 5690 4 5691 5676
5659 5675 4 5692 5677 5660 5676 4 5693 5678
5661 5677 4 5694 5679 5662 5678 4 5695 5680
5663 5679 4 5696 5681 5664 5680 4 5697 5682
5665 5681 4 5698 5683 5666 5682 4 5699 5684
5667 5683 4 5700 5685 5668 5684 4 5701 5686
5669 5685 4 5702 5687 5670 5686 4 5703 5688
5671 5687 4 5704 5689 5672 5688 4 5691 5675
5690 5705 4 5706 5692 5676 5691 4 5707 5693
5677 5692 4 5708 5694 5678 5693 4 5709 5695
5679 5694 4 5710 5696 5680 5695 4 5711 5697
5681 5696 4 5712 5698 5682 5697 4 5713 5699
5683 5698 4 5714 5700 5684 5699 4 5715 5701
5685 5700 4 5716 5702 5686 5701 4 5717 5703
5687 5702 4 5718 5704 5688 5703 4 5706 5691
5705 5719 4 5720 5707 5692 5706 4 5721 5708
5693 5707 4 5722 5709 5694 5708 4 5723 5710
5695 5709 4 5724 5711 5696 5710 4 5725 5712
5697 5711 4 5726 5713 5698 5712 4 5727 5714
5699 5713 4 5728 5715 5700 5714 4 5729 5716
5701 5715 4 5730 5717 5702 5716 4 5731 5718
5703 5717 4 5720 5706 5719 5732 4 5733 5721
5707 5720 4 5734 5722 5708 5721 4 5735 5723
5709 5722 4 5736 5724 5710 5723 4 5737 5725
5711 5724 4 5738 5726 5712 5725 4 5739 5727
5713 5726 4 5740 5728 5714 5727 4 5741 5729
5715 5728 4 5742 5730 5716 5729 4 5743 5731
5717 5730 4 5733 5720 5732 5744 4 5745 5734
5721 5733 4 5746 5735 5722 5734 4 5747 5736
5723 5735 4 5748 5737 5724 5736 4 5749 5738
5725 5737 4 5750 5739 5726 5738 4 5751 5740
5727 5739 4 5752 5741 5728 5740 4 5753 5742
5729 5741 4 5754 5743 5730 5742 4 5745 5733
5744 5755 4 5756 5746 5734 5745 4 5757 5747
5735 5746 4 5758 5748 5736 5747 4 5759 5749
5737 5748 4 5760 5750 5738 5749 4 5761 5751
5739 5750 4 5762 5752 5740 5751 4 5763 5753
5741 5752 4 5764 5754 5742 5753 4 5756 5745
5755 5765 4 5766 5757 5746 5756 4 5767 5758
5747 5757 4 5768 5759 5748 5758 4 5769 5760
5749 5759 4 5770 5761 5750 5760 4 5771 5762
5751 5761 4 5772 5763 5752 5762 4 5773 5764
5753 5763 4 5766 5756 5765 5774 4 5775 5767
5757 5766 4 5776 5768 5758 5767 4 5777 5769
5759 5768 4 5778 5770 5760 5769 4 5779 5771
5761 5770 4 5780 5772 5762 5771 4 5781 5773
5763 5772 4 5775 5766 5774 5782 4 5783 5776
5767 5775 4 5784 5777 5768 5776 4 5785 5778
5769 5777 4 5786 5779 5770 5778 4 5787 5780
5771 5779 4 5788 5781 5772 5780 4 5783 5775
5782 5789 4 5790 5784 5776 5783 4 5791 5785
5777 5784 4 5792 5786 5778 5785 4 5793 5787
5779 5786 4 5794 5788 5780 5787 4 5790 5783
5789 5795 4 5796 5791 5784 5790 4 5797 5792
5785 5791 4 5798 5793 5786 5792 4 5799 5794
5787 5793 4 5796 5790 5795 5800 4 5801 5797
5791 5796 4 5802 5798 5792 5797 4 5803 5799
5793 5798 4 5801 5796 5800 5804 4 5805 5802
5797 5801 4 5806 5803 5798 5802 4 5805 5801
5804 5807 4 5808 5806 5802 5805 4 5809 5808
5805 5807 
CELL_DATA 5427
FIELD attributes 1
p 1 5427 float
0 0 0 0 0 0 0 0 0 0 0
0 0 0 0 0 0 0 0 0 0
0 0 0 0 0 0 0 0 0 0
0 0 0 0 0 0 0 0 0 0
0 0 0 0 0 0 0 0 0 0
0 0 0 0 0 0 0 0 0 0
0 0 0 0 0 0 0 0 0 0
0 0 0 0 0 0 0 0 0 0
0 0 0 0 0 0 0 0 0 0
0 0 0 0 0 0 0 0 0 0
0 0 0 0 0 0 0 0 0 0
0 0 0 0 0 0 0 0 0 0
0 0 0 0 0 0 0 0 0 0
0 0 0 0 0 0 0 0 0 0
0 0 0 0 0 0 0 0 0 0
0 0 0 0 0 0 0 0 0 0
0 0 0 0 0 0 0 0 0 0
0 0 0 0 0 0 0 0 0 0
0 0 0 0 0 0 0 0 0 0
0 0 0 0 0 0 0 0 0 0
0 0 0 0 0 0 0 0 0 0
0 0 0 0 0 0 0 0 0 0
0 0 0 0 0 0 0 0 0 0
0 0 0 0 0 0 0 0 0 0
0 0 0 0 0 0 0 0 0 0
0 0 0 0 0 0 0 0 0 0
0 0 0 0 0 0 0 0 0 0
0 0 0 0 0 0 0 0 0 0
0 0 0 0 0 0 0 0 0 0
0 0 0 0 0 0 0 0 0 0
0 0 0 0 0 0 0 0 0 0
0 0 0 0 0 0 0 0 0 0
0 0 0 0 0 0 0 0 0 0
0 0 0 0 0 0 0 0 0 0
0 0 0 0 0 0 0 0 0 0
0 0 0 0 0 0 0 0 0 0
0 0 0 0 0 0 0 0 0 0
0 0 0 0 0 0 0 0 0 0
0 0 0 0 0 0 0 0 0 0
0 0 0 0 0 0 0 0 0 0
0 0 0 0 0 0 0 0 0 0
0 0 0 0 0 0 0 0 0 0
0 0 0 0 0 0 0 0 0 0
0 0 0 0 0 0 0 0 0 0
0 0 0 0 0 0 0 0 0 0
0 0 0 0 0 0 0 0 0 0
0 0 0 0 0 0 0 0 0 0
0 0 0 0 0 0 0 0 0 0
0 0 0 0 0 0 0 0 0 0
0 0 0 0 0 0 0 0 0 0
0 0 0 0 0 0 0 0 0 0
0 0 0 0 0 0 0 0 0 0
0 0 0 0 0 0 0 0 0 0
0 0 0 0 0 0 0 0 0 0
0 0 0 0 0 0 0 0 0 0
0 0 0 0 0 0 0 0 0 0
0 0 0 0 0 0 0 0 0 0
0 0 0 0 0 0 0 0 0 0
0 0 0 0 0 0 0 0 0 0
0 0 0 0 0 0 0 0 0 0
0 0 0 0 0 0 0 0 0 0
0 0 0 0 0 0 0 0 0 0
0 0 0 0 0 0 0 0 0 0
0 0 0 0 0 0 0 0 0 0
0 0 0 0 0 0 0 0 0 0
0 0 0 0 0 0 0 0 0 0
0 0 0 0 0 0 0 0 0 0
0 0 0 0 0 0 0 0 0 0
0 0 0 0 0 0 0 0 0 0
0 0 0 0 0 0 0 0 0 0
0 0 0 0 0 0 0 0 0 0
0 0 0 0 0 0 0 0 0 0
0 0 0 0 0 0 0 0 0 0
0 0 0 0 0 0 0 0 0 0
0 0 0 0 0 0 0 0 0 0
0 0 0 0 0 0 0 0 0 0
0 0 0 0 0 0 0 0 0 0
0 0 0 0 0 0 0 0 0 0
0 0 0 0 0 0 0 0 0 0
0 0 0 0 0 0 0 0 0 0
0 0 0 0 0 0 0 0 0 0
0 0 0 0 0 0 0 0 0 0
0 0 0 0 0 0 0 0 0 0
0 0 0 0 0 0 0 0 0 0
0 0 0 0 0 0 0 0 0 0
0 0 0 0 0 0 0 0 0 0
0 0 0 0 0 0 0 0 0 0
0 0 0 0 0 0 0 0 0 0
0 0 0 0 0 0 0 0 0 0
0 0 0 0 0 0 0 0 0 0
0 0 0 0 0 0 0 0 0 0
0 0 0 0 0 0 0 0 0 0
0 0 0 0 0 0 0 0 0 0
0 0 0 0 0 0 0 0 0 0
0 0 0 0 0 0 0 0 0 0
0 0 0 0 0 0 0 0 0 0
0 0 0 0 0 0 0 0 0 0
0 0 0 0 0 0 0 0 0 0
0 0 0 0 0 0 0 0 0 0
0 0 0 0 0 0 0 0 0 0
0 0 0 0 0 0 0 0 0 0
0 0 0 0 0 0 0 0 0 0
0 0 0 0 0 0 0 0 0 0
0 0 0 0 0 0 0 0 0 0
0 0 0 0 0 0 0 0 0 0
0 0 0 0 0 0 0 0 0 0
0 0 0 0 0 0 0 0 0 0
0 0 0 0 0 0 0 0 0 0
0 0 0 0 0 0 0 0 0 0
0 0 0 0 0 0 0 0 0 0
0 0 0 0 0 0 0 0 0 0
0 0 0 0 0 0 0 0 0 0
0 0 0 0 0 0 0 0 0 0
0 0 0 0 0 0 0 0 0 0
0 0 0 0 0 0 0 0 0 0
0 0 0 0 0 0 0 0 0 0
0 0 0 0 0 0 0 0 0 0
0 0 0 0 0 0 0 0 0 0
0 0 0 0 0 0 0 0 0 0
0 0 0 0 0 0 0 0 0 0
0 0 0 0 0 0 0 0 0 0
0 0 0 0 0 0 0 0 0 0
0 0 0 0 0 0 0 0 0 0
0 0 0 0 0 0 0 0 0 0
0 0 0 0 0 0 0 0 0 0
0 0 0 0 0 0 0 0 0 0
0 0 0 0 0 0 0 0 0 0
0 0 0 0 0 0 0 0 0 0
0 0 0 0 0 0 0 0 0 0
0 0 0 0 0 0 0 0 0 0
0 0 0 0 0 0 0 0 0 0
0 0 0 0 0 0 0 0 0 0
0 0 0 0 0 0 0 0 0 0
0 0 0 0 0 0 0 0 0 0
0 0 0 0 0 0 0 0 0 0
0 0 0 0 0 0 0 0 0 0
0 0 0 0 0 0 0 0 0 0
0 0 0 0 0 0 0 0 0 0
0 0 0 0 0 0 0 0 0 0
0 0 0 0 0 0 0 0 0 0
0 0 0 0 0 0 0 0 0 0
0 0 0 0 0 0 0 0 0 0
0 0 0 0 0 0 0 0 0 0
0 0 0 0 0 0 0 0 0 0
0 0 0 0 0 0 0 0 0 0
0 0 0 0 0 0 0 0 0 0
0 0 0 0 0 0 0 0 0 0
0 0 0 0 0 0 0 0 0 0
0 0 0 0 0 0 0 0 0 0
0 0 0 0 0 0 0 0 0 0
0 0 0 0 0 0 0 0 0 0
0 0 0 0 0 0 0 0 0 0
0 0 0 0 0 0 0 0 0 0
0 0 0 0 0 0 0 0 0 0
0 0 0 0 0 0 0 0 0 0
0 0 0 0 0 0 0 0 0 0
0 0 0 0 0 0 0 0 0 0
0 0 0 0 0 0 0 0 0 0
0 0 0 0 0 0 0 0 0 0
0 0 0 0 0 0 0 0 0 0
0 0 0 0 0 0 0 0 0 0
0 0 0 0 0 0 0 0 0 0
0 0 0 0 0 0 0 0 0 0
0 0 0 0 0 0 0 0 0 0
0 0 0 0 0 0 0 0 0 0
0 0 0 0 0 0 0 0 0 0
0 0 0 0 0 0 0 0 0 0
0 0 0 0 0 0 0 0 0 0
0 0 0 0 0 0 0 0 0 0
0 0 0 0 0 0 0 0 0 0
0 0 0 0 0 0 0 0 0 0
0 0 0 0 0 0 0 0 0 0
0 0 0 0 0 0 0 0 0 0
0 0 0 0 0 0 0 0 0 0
0 0 0 0 0 0 0 0 0 0
0 0 0 0 0 0 0 0 0 0
0 0 0 0 0 0 0 0 0 0
0 0 0 0 0 0 0 0 0 0
0 0 0 0 0 0 0 0 0 0
0 0 0 0 0 0 0 0 0 0
0 0 0 0 0 0 0 0 0 0
0 0 0 0 0 0 0 0 0 0
0 0 0 0 0 0 0 0 0 0
0 0 0 0 0 0 0 0 0 0
0 0 0 0 0 0 0 0 0 0
0 0 0 0 0 0 0 0 0 0
0 0 0 0 0 0 0 0 0 0
0 0 0 0 0 0 0 0 0 0
0 0 0 0 0 0 0 0 0 0
0 0 0 0 0 0 0 0 0 0
0 0 0 0 0 0 0 0 0 0
0 0 0 0 0 0 0 0 0 0
0 0 0 0 0 0 0 0 0 0
0 0 0 0 0 0 0 0 0 0
0 0 0 0 0 0 0 0 0 0
0 0 0 0 0 0 0 0 0 0
0 0 0 0 0 0 0 0 0 0
0 0 0 0 0 0 0 0 0 0
0 0 0 0 0 0 0 0 0 0
0 0 0 0 0 0 0 0 0 0
0 0 0 0 0 0 0 0 0 0
0 0 0 0 0 0 0 0 0 0
0 0 0 0 0 0 0 0 0 0
0 0 0 0 0 0 0 0 0 0
0 0 0 0 0 0 0 0 0 0
0 0 0 0 0 0 0 0 0 0
0 0 0 0 0 0 0 0 0 0
0 0 0 0 0 0 0 0 0 0
0 0 0 0 0 0 0 0 0 0
0 0 0 0 0 0 0 0 0 0
0 0 0 0 0 0 0 0 0 0
0 0 0 0 0 0 0 0 0 0
0 0 0 0 0 0 0 0 0 0
0 0 0 0 0 0 0 0 0 0
0 0 0 0 0 0 0 0 0 0
0 0 0 0 0 0 0 0 0 0
0 0 0 0 0 0 0 0 0 0
0 0 0 0 0 0 0 0 0 0
0 0 0 0 0 0 0 0 0 0
0 0 0 0 0 0 0 0 0 0
0 0 0 0 0 0 0 0 0 0
0 0 0 0 0 0 0 0 0 0
0 0 0 0 0 0 0 0 0 0
0 0 0 0 0 0 0 0 0 0
0 0 0 0 0 0 0 0 0 0
0 0 0 0 0 0 0 0 0 0
0 0 0 0 0 0 0 0 0 0
0 0 0 0 0 0 0 0 0 0
0 0 0 0 0 0 0 0 0 0
0 0 0 0 0 0 0 0 0 0
0 0 0 0 0 0 0 0 0 0
0 0 0 0 0 0 0 0 0 0
0 0 0 0 0 0 0 0 0 0
0 0 0 0 0 0 0 0 0 0
0 0 0 0 0 0 0 0 0 0
0 0 0 0 0 0 0 0 0 0
0 0 0 0 0 0 0 0 0 0
0 0 0 0 0 0 0 0 0 0
0 0 0 0 0 0 0 0 0 0
0 0 0 0 0 0 0 0 0 0
0 0 0 0 0 0 0 0 0 0
0 0 0 0 0 0 0 0 0 0
0 0 0 0 0 0 0 0 0 0
0 0 0 0 0 0 0 0 0 0
0 0 0 0 0 0 0 0 0 0
0 0 0 0 0 0 0 0 0 0
0 0 0 0 0 0 0 0 0 0
0 0 0 0 0 0 0 0 0 0
0 0 0 0 0 0 0 0 0 0
0 0 0 0 0 0 0 0 0 0
0 0 0 0 0 0 0 0 0 0
0 0 0 0 0 0 0 0 0 0
0 0 0 0 0 0 0 0 0 0
0 0 0 0 0 0 0 0 0 0
0 0 0 0 0 0 0 0 0 0
0 0 0 0 0 0 0 0 0 0
0 0 0 0 0 0 0 0 0 0
0 0 0 0 0 0 0 0 0 0
0 0 0 0 0 0 0 0 0 0
0 0 0 0 0 0 0 0 0 0
0 0 0 0 0 0 0 0 0 0
0 0 0 0 0 0 0 0 0 0
0 0 0 0 0 0 0 0 0 0
0 0 0 0 0 0 0 0 0 0
0 0 0 0 0 0 0 0 0 0
0 0 0 0 0 0 0 0 0 0
0 0 0 0 0 0 0 0 0 0
0 0 0 0 0 0 0 0 0 0
0 0 0 0 0 0 0 0 0 0
0 0 0 0 0 0 0 0 0 0
0 0 0 0 0 0 0 0 0 0
0 0 0 0 0 0 0 0 0 0
0 0 0 0 0 0 0 0 0 0
0 0 0 0 0 0 0 0 0 0
0 0 0 0 0 0 0 0 0 0
0 0 0 0 0 0 0 0 0 0
0 0 0 0 0 0 0 0 0 0
0 0 0 0 0 0 0 0 0 0
0 0 0 0 0 0 0 0 0 0
0 0 0 0 0 0 0 0 0 0
0 0 0 0 0 0 0 0 0 0
0 0 0 0 0 0 0 0 0 0
0 0 0 0 0 0 0 0 0 0
0 0 0 0 0 0 0 0 0 0
0 0 0 0 0 0 0 0 0 0
0 0 0 0 0 0 0 0 0 0
0 0 0 0 0 0 0 0 0 0
0 0 0 0 0 0 0 0 0 0
0 0 0 0 0 0 0 0 0 0
0 0 0 0 0 0 0 0 0 0
0 0 0 0 0 0 0 0 0 0
0 0 0 0 0 0 0 0 0 0
0 0 0 0 0 0 0 0 0 0
0 0 0 0 0 0 0 0 0 0
0 0 0 0 0 0 0 0 0 0
0 0 0 0 0 0 0 0 0 0
0 0 0 0 0 0 0 0 0 0
0 0 0 0 0 0 0 0 0 0
0 0 0 0 0 0 0 0 0 0
0 0 0 0 0 0 0 0 0 0
0 0 0 0 0 0 0 0 0 0
0 0 0 0 0 0 0 0 0 0
0 0 0 0 0 0 0 0 0 0
0 0 0 0 0 0 0 0 0 0
0 0 0 0 0 0 0 0 0 0
0 0 0 0 0 0 0 0 0 0
0 0 0 0 0 0 0 0 0 0
0 0 0 0 0 0 0 0 0 0
0 0 0 0 0 0 0 0 0 0
0 0 0 0 0 0 0 0 0 0
0 0 0 0 0 0 0 0 0 0
0 0 0 0 0 0 0 0 0 0
0 0 0 0 0 0 0 0 0 0
0 0 0 0 0 0 0 0 0 0
0 0 0 0 0 0 0 0 0 0
0 0 0 0 0 0 0 0 0 0
0 0 0 0 0 0 0 0 0 0
0 0 0 0 0 0 0 0 0 0
0 0 0 0 0 0 0 0 0 0
0 0 0 0 0 0 0 0 0 0
0 0 0 0 0 0 0 0 0 0
0 0 0 0 0 0 0 0 0 0
0 0 0 0 0 0 0 0 0 0
0 0 0 0 0 0 0 0 0 0
0 0 0 0 0 0 0 0 0 0
0 0 0 0 0 0 0 0 0 0
0 0 0 0 0 0 0 0 0 0
0 0 0 0 0 0 0 0 0 0
0 0 0 0 0 0 0 0 0 0
0 0 0 0 0 0 0 0 0 0
0 0 0 0 0 0 0 0 0 0
0 0 0 0 0 0 0 0 0 0
0 0 0 0 0 0 0 0 0 0
0 0 0 0 0 0 0 0 0 0
0 0 0 0 0 0 0 0 0 0
0 0 0 0 0 0 0 0 0 0
0 0 0 0 0 0 0 0 0 0
0 0 0 0 0 0 0 0 0 0
0 0 0 0 0 0 0 0 0 0
0 0 0 0 0 0 0 0 0 0
0 0 0 0 0 0 0 0 0 0
0 0 0 0 0 0 0 0 0 0
0 0 0 0 0 0 0 0 0 0
0 0 0 0 0 0 0 0 0 0
0 0 0 0 0 0 0 0 0 0
0 0 0 0 0 0 0 0 0 0
0 0 0 0 0 0 0 0 0 0
0 0 0 0 0 0 0 0 0 0
0 0 0 0 0 0 0 0 0 0
0 0 0 0 0 0 0 0 0 0
0 0 0 0 0 0 0 0 0 0
0 0 0 0 0 0 0 0 0 0
0 0 0 0 0 0 0 0 0 0
0 0 0 0 0 0 0 0 0 0
0 0 0 0 0 0 0 0 0 0
0 0 0 0 0 0 0 0 0 0
0 0 0 0 0 0 0 0 0 0
0 0 0 0 0 0 0 0 0 0
0 0 0 0 0 0 0 0 0 0
0 0 0 0 0 0 0 0 0 0
0 0 0 0 0 0 0 0 0 0
0 0 0 0 0 0 0 0 0 0
0 0 0 0 0 0 0 0 0 0
0 0 0 0 0 0 0 0 0 0
0 0 0 0 0 0 0 0 0 0
0 0 0 0 0 0 0 0 0 0
0 0 0 0 0 0 0 0 0 0
0 0 0 0 0 0 0 0 0 0
0 0 0 0 0 0 0 0 0 0
0 0 0 0 0 0 0 0 0 0
0 0 0 0 0 0 0 0 0 0
0 0 0 0 0 0 0 0 0 0
0 0 0 0 0 0 0 0 0 0
0 0 0 0 0 0 0 0 0 0
0 0 0 0 0 0 0 0 0 0
0 0 0 0 0 0 0 0 0 0
0 0 0 0 0 0 0 0 0 0
0 0 0 0 0 0 0 0 0 0
0 0 0 0 0 0 0 0 0 0
0 0 0 0 0 0 0 0 0 0
0 0 0 0 0 0 0 0 0 0
0 0 0 0 0 0 0 0 0 0
0 0 0 0 0 0 0 0 0 0
0 0 0 0 0 0 0 0 0 0
0 0 0 0 0 0 0 0 0 0
0 0 0 0 0 0 0 0 0 0
0 0 0 0 0 0 0 0 0 0
0 0 0 0 0 0 0 0 0 0
0 0 0 0 0 0 0 0 0 0
0 0 0 0 0 0 0 0 0 0
0 0 0 0 0 0 0 0 0 0
0 0 0 0 0 0 0 0 0 0
0 0 0 0 0 0 0 0 0 0
0 0 0 0 0 0 0 0 0 0
0 0 0 0 0 0 0 0 0 0
0 0 0 0 0 0 0 0 0 0
0 0 0 0 0 0 0 0 0 0
0 0 0 0 0 0 0 0 0 0
0 0 0 0 0 0 0 0 0 0
0 0 0 0 0 0 0 0 0 0
0 0 0 0 0 0 0 0 0 0
0 0 0 0 0 0 0 0 0 0
0 0 0 0 0 0 0 0 0 0
0 0 0 0 0 0 0 0 0 0
0 0 0 0 0 0 0 0 0 0
0 0 0 0 0 0 0 0 0 0
0 0 0 0 0 0 0 0 0 0
0 0 0 0 0 0 0 0 0 0
0 0 0 0 0 0 0 0 0 0
0 0 0 0 0 0 0 0 0 0
0 0 0 0 0 0 0 0 0 0
0 0 0 0 0 0 0 0 0 0
0 0 0 0 0 0 0 0 0 0
0 0 0 0 0 0 0 0 0 0
0 0 0 0 0 0 0 0 0 0
0 0 0 0 0 0 0 0 0 0
0 0 0 0 0 0 0 0 0 0
0 0 0 0 0 0 0 0 0 0
0 0 0 0 0 0 0 0 0 0
0 0 0 0 0 0 0 0 0 0
0 0 0 0 0 0 0 0 0 0
0 0 0 0 0 0 0 0 0 0
0 0 0 0 0 0 0 0 0 0
0 0 0 0 0 0 0 0 0 0
0 0 0 0 0 0 0 0 0 0
0 0 0 0 0 0 0 0 0 0
0 0 0 0 0 0 0 0 0 0
0 0 0 0 0 0 0 0 0 0
0 0 0 0 0 0 0 0 0 0
0 0 0 0 0 0 0 0 0 0
0 0 0 0 0 0 0 0 0 0
0 0 0 0 0 0 0 0 0 0
0 0 0 0 0 0 0 0 0 0
0 0 0 0 0 0 0 0 0 0
0 0 0 0 0 0 0 0 0 0
0 0 0 0 0 0 0 0 0 0
0 0 0 0 0 0 0 0 0 0
0 0 0 0 0 0 0 0 0 0
0 0 0 0 0 0 0 0 0 0
0 0 0 0 0 0 0 0 0 0
0 0 0 0 0 0 0 0 0 0
0 0 0 0 0 0 0 0 0 0
0 0 0 0 0 0 0 0 0 0
0 0 0 0 0 0 0 0 0 0
0 0 0 0 0 0 0 0 0 0
0 0 0 0 0 0 0 0 0 0
0 0 0 0 0 0 0 0 0 0
0 0 0 0 0 0 0 0 0 0
0 0 0 0 0 0 0 0 0 0
0 0 0 0 0 0 0 0 0 0
0 0 0 0 0 0 0 0 0 0
0 0 0 0 0 0 0 0 0 0
0 0 0 0 0 0 0 0 0 0
0 0 0 0 0 0 0 0 0 0
0 0 0 0 0 0 0 0 0 0
0 0 0 0 0 0 0 0 0 0
0 0 0 0 0 0 0 0 0 0
0 0 0 0 0 0 0 0 0 0
0 0 0 0 0 0 0 0 0 0
0 0 0 0 0 0 0 0 0 0
0 0 0 0 0 0 0 0 0 0
0 0 0 0 0 0 0 0 0 0
0 0 0 0 0 0 0 0 0 0
0 0 0 0 0 0 0 0 0 0
0 0 0 0 0 0 0 0 0 0
0 0 0 0 0 0 0 0 0 0
0 0 0 0 0 0 0 0 0 0
0 0 0 0 0 0 0 0 0 0
0 0 0 0 0 0 0 0 0 0
0 0 0 0 0 0 0 0 0 0
0 0 0 0 0 0 0 0 0 0
0 0 0 0 0 0 0 0 0 0
0 0 0 0 0 0 0 0 0 0
0 0 0 0 0 0 0 0 0 0
0 0 0 0 0 0 0 0 0 0
0 0 0 0 0 0 0 0 0 0
0 0 0 0 0 0 0 0 0 0
0 0 0 0 0 0 0 0 0 0
0 0 0 0 0 0 0 0 0 0
0 0 0 0 0 0 0 0 0 0
0 0 0 0 0 0 0 0 0 0
0 0 0 0 0 0 0 0 0 0
0 0 0 0 0 0 0 0 0 0
0 0 0 0 0 0 0 0 0 0
0 0 0 0 0 0 0 0 0 0
0 0 0 0 0 0 0 0 0 0
0 0 0 0 0 0 0 0 0 0
0 0 0 0 0 0 0 0 0 0
0 0 0 0 0 0 0 0 0 0
0 0 0 0 0 0 0 0 0 0
0 0 0 0 0 0 0 0 0 0
0 0 0 0 0 0 0 0 0 0
0 0 0 0 0 0 0 0 0 0
0 0 0 0 0 0 0 0 0 0
0 0 0 0 0 0 0 0 0 0
0 0 0 0 0 0 0 0 0 0
0 0 0 0 0 0 0 0 0 0
0 0 0 0 0 0 0 0 0 0
0 0 0 0 0 0 0 0 0 0
0 0 0 0 0 0 0 0 0 0
0 0 0 0 0 0 0 0 0 0
0 0 0 0 0 0 0 0 0 0
0 0 0 0 0 0 0 0 0 0
0 0 0 0 0 0 0 0 0 0
0 0 0 0 0 0 0 0 0 0
0 0 0 0 0 0 0 0 0 0
0 0 0 0 0 0 0 0 0 0
0 0 0 0 0 0 0 0 0 0
0 0 0 0 0 0 0 0 0 0
0 0 0 0 0 0 0 0 0 0
0 0 0 0 0 0 0 0 0 0
0 0 0 0 0 0 0 0 0 0
0 0 0 0 0 0 0 0 0 0
0 0 0 0 0 0 0 0 0 0
0 0 0 0 0 0 0 0 0 0
0 0 0 0 0 0 0 0 0 0
0 0 0 0 0 0 0 0 0 0
0 0 0 0 0 0 0 0 0 0
0 0 0 0 0 0 0 0 0 0
0 0 0 0 0 0 0 0 0 0
0 0 0 0 0 0 0 0 0 0
0 0 0 0 0 0 0 0 0 0
0 0 0 0 0 0 0 0 0 0
0 0 0 0 0 0 0 0 0 0
0 0 0 0 0 0 0 0 0 0
0 0 0 0 0 0 0 0 0 0
0 0 0 0 0 0 0 0 0 0
0 0 0 0 0 0 0 0 0 0
0 0 0 0 0 0 0 0 0 0
0 0 0 0 0 0 0 0 0 0
0 0 0 0 0 0 0 0 0 0
0 0 0 0 0 0 0 0 0 0
0 0 0 0 0 0 0 0 0 0
0 0 0 0 0 0 0 0 0 0
0 0 0 0 0 0 0 0 0 0
0 0 0 0 0 0 0 0 0 0
0 0 0 0 0 0 0 0 0 0
0 0 0 0 0 0 0 0 0 0
0 0 0 0 0 0 0 0 0 0
0 0 0 0 0 0 0 0 0 0
0 0 0 0 0 0 0 0 0 0
0 0 0 0 0 0 0 0 0 0
0 0 0 0 0 0 
