# vtk DataFile Version 2.0
sampleSurface
ASCII
DATASET POLYDATA
POINTS 10318 float
0.517587 0.127 0.247513 0.517634 0.127 0.224982 0.495204 0.127 0.224957 0.495231 0.127
0.23623 0.495196 0.127 0.247508 0.517544 0.127 0.258781 0.495128 0.127 0.258793
0.495032 0.127 0.270091 0.506234 0.127 0.270088 0.517486 0.127 0.270068 0.484016
0.127 0.224951 0.484045 0.127 0.236229 0.517619 0.127 0.213722 0.517592 0.127
0.202456 0.506327 0.127 0.202432 0.49508 0.127 0.20242 0.495146 0.127 0.213685
0.528854 0.127 0.247513 0.540145 0.127 0.247511 0.540177 0.127 0.236253 0.54019
0.127 0.224998 0.528904 0.127 0.22499 0.484018 0.127 0.247512 0.483948 0.127
0.258803 0.472799 0.127 0.258817 0.472691 0.127 0.270126 0.483842 0.127 0.270107
0.528761 0.127 0.270052 0.528817 0.127 0.258776 0.483942 0.127 0.213676 0.472861
0.127 0.224942 0.472894 0.127 0.236227 0.483841 0.127 0.202408 0.528891 0.127
0.213736 0.528862 0.127 0.202479 0.517573 0.127 0.191189 0.506313 0.127 0.191167
0.495044 0.127 0.19116 0.551466 0.127 0.236253 0.551489 0.127 0.225 0.551442
0.127 0.24751 0.540182 0.127 0.213748 0.540111 0.127 0.25877 0.472869 0.127
0.247518 0.675157 0.127 0.225002 0.675149 0.127 0.247502 0.675121 0.127 0.270003
0.720073 0.127 0.270002 0.720087 0.127 0.225001 0.461652 0.127 0.258837 0.461549
0.127 0.270151 0.540058 0.127 0.270036 0.472776 0.127 0.213667 0.461712 0.127
0.224928 0.461742 0.127 0.236222 0.472647 0.127 0.202403 0.483771 0.127 0.191155
0.540145 0.127 0.202499 0.528832 0.127 0.191218 0.517569 0.127 0.179909 0.506322
0.127 0.179889 0.495052 0.127 0.179908 0.551488 0.127 0.213753 0.562773 0.127
0.236253 0.562798 0.127 0.225001 0.551416 0.127 0.258765 0.562748 0.127 0.247508
0.461719 0.127 0.247526 0.675136 0.127 0.180002 0.675162 0.127 0.202502 0.72008
0.127 0.180001 0.652686 0.127 0.247503 0.652653 0.127 0.270004 0.652708 0.127
0.225002 0.450466 0.127 0.258857 0.450368 0.127 0.270175 0.551368 0.127 0.270022
0.461632 0.127 0.213651 0.450524 0.127 0.224906 0.450552 0.127 0.236215 0.461507
0.127 0.2024 0.47254 0.127 0.19115 0.483764 0.127 0.179939 0.551446 0.127
0.202508 0.540102 0.127 0.191245 0.528812 0.127 0.179945 0.517598 0.127 0.168575
0.50636 0.127 0.168569 0.495084 0.127 0.168625 0.5628 0.127 0.213753 0.5741
0.127 0.236253 0.574122 0.127 0.225001 0.562723 0.127 0.258762 0.574067 0.127
0.247507 0.450529 0.127 0.247534 0.405413 0.127 -0.0899317 0.427984 0.127 -0.0899831
0.450467 0.127 -0.0900363 0.45027 0.127 -0.135007 0.405243 0.127 -0.13496 0.675087
0.127 0.135001 0.675113 0.127 0.157502 0.720061 0.127 0.135 0.652668 0.127
0.180002 0.652704 0.127 0.202502 0.630248 0.127 0.247503 0.630197 0.127 0.270005
0.630289 0.127 0.225002 0.439207 0.127 0.258866 0.439106 0.127 0.270185 0.562682
0.127 0.270015 0.450455 0.127 0.213622 0.439269 0.127 0.224884 0.439298 0.127
0.236206 0.450347 0.127 0.202383 0.461387 0.127 0.191151 0.472523 0.127 0.17995
0.483781 0.127 0.168685 0.56276 0.127 0.202508 0.551393 0.127 0.191258 0.540067
0.127 0.179977 0.528815 0.127 0.168632 0.517702 0.127 0.157046 0.512096 0.127
0.15701 0.50643 0.127 0.157092 0.500778 0.127 0.157138 0.495099 0.127 0.157215
0.574118 0.127 0.213752 0.585389 0.127 0.236253 0.58541 0.127 0.225001 0.574032
0.127 0.25876 0.585349 0.127 0.247506 0.439274 0.127 0.247536 0.36016 0.127
-0.134927 0.360237 0.127 -0.0898704 0.382839 0.127 -0.0898858 0.472938 0.127 -0.0900765
0.495355 0.127 -0.0900854 0.495227 0.127 -0.135035 0.40551 0.127 -0.0674087 0.428094
0.127 -0.0674831 0.450587 0.127 -0.0675632 0.675067 0.127 0.0899984 0.675076 0.127
0.1125 0.720048 0.127 0.0899981 0.652592 0.127 0.135002 0.652624 0.127 0.157502
0.630211 0.127 0.180002 0.630277 0.127 0.202502 0.607825 0.127 0.247504 0.607787
0.127 0.258756 0.607751 0.127 0.270007 0.607884 0.127 0.225002 0.607864 0.127
0.236253 0.427857 0.127 0.258877 0.427756 0.127 0.270207 0.573994 0.127 0.270013
0.439192 0.127 0.213589 0.42792 0.127 0.224866 0.427951 0.127 0.236198 0.450228
0.127 0.191135 0.439085 0.127 0.202339 0.461349 0.127 0.179931 0.472518 0.127
0.168742 0.489441 0.127 0.157233 0.483796 0.127 0.157292 0.562704 0.127 0.191258
0.57408 0.127 0.202504 0.551346 0.127 0.179993 0.540046 0.127 0.168684 0.528875
0.127 0.157184 0.523305 0.127 0.157073 0.517751 0.127 0.151129 0.512125 0.127
0.151136 0.506442 0.127 0.151233 0.500771 0.127 0.151394 0.495071 0.127 0.15148
0.427926 0.127 0.247538 0.585406 0.127 0.213751 0.596637 0.127 0.236253 0.596659
0.127 0.225001 0.58531 0.127 0.258758 0.596596 0.127 0.247505 0.382882 0.127
-0.067353 0.360261 0.127 -0.0673309 0.315073 0.127 -0.134915 0.315091 0.127 -0.0898697
0.337662 0.127 -0.0898609 0.473014 0.127 -0.0676127 0.49541 0.127 -0.0676201 0.51779
0.127 -0.0900864 0.540216 0.127 -0.0900714 0.540159 0.127 -0.135037 0.405699 0.127
-0.0448784 0.417031 0.127 -0.0449192 0.428318 0.127 -0.0449817 0.439588 0.127 -0.045055
0.450792 0.127 -0.0451255 0.675056 0.127 0.0449932 0.675063 0.127 0.0674961 0.72004
0.127 0.0449955 0.652577 0.127 0.0899984 0.652581 0.127 0.1125 0.630087 0.127
0.135003 0.630132 0.127 0.157503 0.607747 0.127 0.180002 0.607811 0.127 0.191252
0.607856 0.127 0.202502 0.607885 0.127 0.213751 0.596556 0.127 0.258756 0.596519
0.127 0.270009 0.416463 0.127 0.258897 0.416378 0.127 0.270252 0.585272 0.127
0.270011 0.427841 0.127 0.213554 0.416515 0.127 0.224847 0.416541 0.127 0.236191
0.450145 0.127 0.179875 0.438961 0.127 0.191079 0.427727 0.127 0.202277 0.461325
0.127 0.168726 0.472527 0.127 0.157422 0.489409 0.127 0.151518 0.483776 0.127
0.151551 0.562644 0.127 0.179998 0.585369 0.127 0.202502 0.574021 0.127 0.191254
0.551307 0.127 0.168713 0.540034 0.127 0.15736 0.523322 0.127 0.151248 0.528892
0.127 0.151388 0.51216 0.127 0.145091 0.506407 0.127 0.14526 0.5178 0.127
0.145001 0.500751 0.127 0.145671 0.495 0.127 0.145769 0.416521 0.127 0.247541
0.405107 0.127 0.224836 0.405128 0.127 0.236184 0.405113 0.127 0.24754 0.596656
0.127 0.213751 0.382925 0.127 -0.0447903 0.337671 0.127 -0.0673347 0.36027 0.127
-0.0447741 0.315096 0.127 -0.0673469 0.461988 0.127 -0.0451811 0.473146 0.127 -0.0451978
0.495495 0.127 -0.0451888 0.484318 0.127 -0.0452026 0.517812 0.127 -0.0676072 0.5851
0.127 -0.135028 0.562666 0.127 -0.0900604 0.58512 0.127 -0.090045 0.540231 0.127
-0.0675872 0.405779 0.127 -0.0336054 0.417108 0.127 -0.033649 0.428423 0.127 -0.0337189
0.439681 0.127 -0.0338108 0.450882 0.127 -0.0339116 0.675049 0.127 -1.29957e-05 0.675054
0.127 0.0224895 0.720034 0.127 -7.21272e-06 0.65257 0.127 0.0674962 0.652564 0.127
0.0449922 0.63009 0.127 0.0899984 0.630084 0.127 0.1125 0.607563 0.127 0.135
0.607578 0.127 0.14625 0.60762 0.127 0.157501 0.607681 0.127 0.168751 0.596499
0.127 0.180001 0.59657 0.127 0.191252 0.596623 0.127 0.202502 0.416446 0.127
0.213517 0.43885 0.127 0.179783 0.450103 0.127 0.168637 0.4276 0.127 0.190989
0.416343 0.127 0.202211 0.461305 0.127 0.157473 0.483736 0.127 0.145831 0.478143
0.127 0.145863 0.472539 0.127 0.145977 0.48934 0.127 0.145798 0.427492 0.127
0.179697 0.405055 0.127 0.213497 0.404981 0.127 0.202177 0.585311 0.127 0.191252
0.585236 0.127 0.18 0.57395 0.127 0.179999 0.562588 0.127 0.168729 0.551273
0.127 0.157422 0.562537 0.127 0.157455 0.523305 0.127 0.145301 0.528831 0.127
0.145626 0.539983 0.127 0.146005 0.534382 0.127 0.145844 0.512291 0.127 0.138895
0.506316 0.127 0.139166 0.517954 0.127 0.138438 0.500764 0.127 0.140177 0.494898
0.127 0.14013 0.393719 0.127 0.22483 0.393736 0.127 0.236174 0.393725 0.127
0.247529 0.405069 0.127 0.258909 0.382345 0.127 0.224824 0.382361 0.127 0.236155
0.382354 0.127 0.247505 0.382904 0.127 -0.0221953 0.405816 0.127 -0.0223003 0.337674
0.127 -0.0447966 0.360238 0.127 -0.0222098 0.315098 0.127 -0.0448233 0.46205 0.127
-0.0339775 0.473191 0.127 -0.0339917 0.484339 0.127 -0.0339816 0.495518 0.127 -0.0339667
0.517828 0.127 -0.0451375 0.630059 0.127 -0.135018 0.60759 0.127 -0.090035 0.630066
0.127 -0.0900252 0.56267 0.127 -0.0675681 0.585124 0.127 -0.0675509 0.540232 0.127
-0.0451042 0.417214 0.127 -0.0223569 0.428588 0.127 -0.0224375 0.43983 0.127 -0.0225574
0.451005 0.127 -0.0227485 0.675044 0.127 -0.0450156 0.675048 0.127 -0.0225156 0.720029
0.127 -0.0450084 0.65256 0.127 0.0224872 0.652557 0.127 -1.69468e-05 0.63008 0.127
0.0674973 0.630072 0.127 0.0449912 0.607609 0.127 0.0900018 0.60761 0.127 0.101248
0.607592 0.127 0.112497 0.607571 0.127 0.123748 0.596294 0.127 0.134995 0.596308
0.127 0.146245 0.596356 0.127 0.157497 0.596424 0.127 0.168749 0.438799 0.127
0.168522 0.450085 0.127 0.157418 0.416233 0.127 0.190916 0.461305 0.127 0.146199
0.483694 0.127 0.140109 0.478139 0.127 0.140165 0.47255 0.127 0.140247 0.489253
0.127 0.140092 0.416152 0.127 0.179651 0.404867 0.127 0.179619 0.404909 0.127
0.190879 0.42745 0.127 0.168484 0.393682 0.127 0.213499 0.393643 0.127 0.202187
0.38232 0.127 0.213524 0.382307 0.127 0.202248 0.585157 0.127 0.168745 0.573877
0.127 0.168739 0.57381 0.127 0.157476 0.585083 0.127 0.15749 0.551238 0.127
0.146132 0.562501 0.127 0.146182 0.523226 0.127 0.139234 0.528708 0.127 0.139856
0.534291 0.127 0.140201 0.539914 0.127 0.140362 0.51258 0.127 0.13269 0.506221
0.127 0.13323 0.517302 0.127 0.131853 0.500854 0.127 0.134752 0.495283 0.127
0.134037 0.370982 0.127 0.224805 0.371 0.127 0.236125 0.370996 0.127 0.247476
0.382752 0.127 0.000336286 0.394161 0.127 0.000333 0.405721 0.127 0.000299851 0.405839
0.127 -0.0109978 0.33766 0.127 -0.0222679 0.360154 0.127 0.000256817 0.371429 0.127
0.000306147 0.315093 0.127 -0.0223145 0.456601 0.127 -0.0228094 0.462167 0.127 -0.0228299
0.473239 0.127 -0.0228098 0.495499 0.127 -0.0227396 0.517799 0.127 -0.0226603 0.484349
0.127 -0.022771 0.652551 0.127 -0.0900193 0.67504 0.127 -0.0900145 0.675035 0.127
-0.135011 0.607592 0.127 -0.0675375 0.630068 0.127 -0.0675272 0.562668 0.127 -0.045077
0.585123 0.127 -0.0450556 0.540209 0.127 -0.0226152 0.417338 0.127 -0.0110498 0.428893
0.127 -0.0111286 0.434561 0.127 -0.0111669 0.440103 0.127 -0.0112424 0.445594 0.127
-0.0113507 0.451079 0.127 -0.0115304 0.451047 0.127 -0.0171475 0.675044 0.127 -0.0675162
0.720025 0.127 -0.0900079 0.652556 0.127 -0.0225196 0.652554 0.127 -0.0450204 0.630069
0.127 0.022483 0.630069 0.127 -2.3602e-05 0.562628 0.127 -7.71922e-05 0.562594 0.127
0.0224398 0.585086 0.127 0.0224631 0.585103 0.127 -5.14878e-05 0.60759 0.127 0.0675048
0.607601 0.127 0.078755 0.607576 0.127 0.0449913 0.596362 0.127 0.101247 0.596342
0.127 0.112494 0.59636 0.127 0.0900035 0.596311 0.127 0.123744 0.58502 0.127
0.134983 0.585033 0.127 0.146235 0.438796 0.127 0.157324 0.450075 0.127 0.146217
0.472576 0.127 0.134611 0.461335 0.127 0.134919 0.483663 0.127 0.134399 0.478146
0.127 0.134492 0.489157 0.127 0.134417 0.393617 0.127 0.190891 0.393617 0.127
0.179609 0.382348 0.127 0.179684 0.382316 0.127 0.190972 0.416131 0.127 0.168497
0.404865 0.127 0.168425 0.427408 0.127 0.157405 0.370954 0.127 0.202326 0.370961
0.127 0.213545 0.573763 0.127 0.146214 0.573751 0.127 0.134962 0.562483 0.127
0.134929 0.551186 0.127 0.134889 0.53981 0.127 0.134817 0.534122 0.127 0.134666
0.52842 0.127 0.134279 0.522866 0.127 0.133382 0.512537 0.127 0.129199 0.506296
0.127 0.128884 0.515984 0.127 0.127047 0.50086 0.127 0.130367 0.495979 0.127
0.127885 0.495237 0.127 0.126975 0.494024 0.127 0.125375 0.493789 0.127 0.125381
0.35962 0.127 0.224754 0.35964 0.127 0.236078 0.359645 0.127 0.247451 0.38266
0.127 0.0115651 0.39402 0.127 0.0115664 0.417406 0.127 0.000260222 0.405491 0.127
0.0115449 0.337625 0.127 0.0001756 0.348888 0.127 0.000209504 0.360123 0.127 0.0114408
0.371376 0.127 0.0115143 0.326353 0.127 0.000148606 0.315079 0.127 0.0001385 0.456638
0.127 -0.0172344 0.462219 0.127 -0.0172687 0.462233 0.127 -0.011732 0.467759 0.127
-0.0117149 0.473289 0.127 -0.0116632 0.495463 0.127 -0.0115063 0.495373 0.127 -0.000243891
0.506521 0.127 -0.000196246 0.517714 0.127 -0.000159226 0.48433 0.127 -0.0115558 0.652552
0.127 -0.0675202 0.607592 0.127 -0.0450396 0.630069 0.127 -0.0450281 0.562654 0.127
-0.0225818 0.585117 0.127 -0.0225569 0.528923 0.127 -0.000131375 0.540158 0.127 -0.000113903
0.429218 0.127 0.000188546 0.42906 0.127 -0.00547714 0.434698 0.127 -0.00550586 0.440236
0.127 -0.005557 0.456682 0.127 -0.0117063 0.445658 0.127 -0.00564281 0.45102 0.127
-0.00592103 0.63007 0.127 -0.0225272 0.607579 0.127 0.022476 0.607584 0.127 -3.43945e-05
0.585067 0.127 0.0449912 0.540139 0.127 0.0111444 0.540117 0.127 0.0224131 0.551351
0.127 0.0224287 0.562581 0.127 0.0337024 0.562565 0.127 0.0449734 0.573813 0.127
0.0449863 0.596347 0.127 0.0787582 0.596335 0.127 0.0675084 0.585065 0.127 0.0562523
0.585071 0.127 0.0675114 0.585104 0.127 0.101248 0.585083 0.127 0.112489 0.5851
0.127 0.090008 0.585045 0.127 0.123735 0.43874 0.127 0.146142 0.450069 0.127
0.134944 0.472628 0.127 0.128979 0.472706 0.127 0.123475 0.46713 0.127 0.123656
0.46146 0.127 0.123737 0.483621 0.127 0.128704 0.478183 0.127 0.128838 0.489461
0.127 0.128344 0.370969 0.127 0.19109 0.371001 0.127 0.179815 0.393648 0.127
0.168341 0.382403 0.127 0.168395 0.421734 0.127 0.157457 0.416078 0.127 0.157435
0.410423 0.127 0.157344 0.404826 0.127 0.157177 0.433047 0.127 0.146146 0.427354
0.127 0.146181 0.427371 0.127 0.151823 0.359592 0.127 0.20237 0.359601 0.127
0.213534 0.573797 0.127 0.11249 0.573771 0.127 0.123722 0.562463 0.127 0.112502
0.562475 0.127 0.123714 0.551136 0.127 0.123723 0.53967 0.127 0.123809 0.539691
0.127 0.129322 0.53392 0.127 0.129278 0.527928 0.127 0.129129 0.493226 0.127
0.125234 0.521213 0.127 0.128094 0.493834 0.127 0.124834 0.348187 0.127 0.224682
0.348161 0.127 0.230363 0.348195 0.127 0.23602 0.348181 0.127 0.241735 0.348222
0.127 0.247425 0.382554 0.127 0.0227772 0.393823 0.127 0.0227486 0.417239 0.127
0.0115359 0.399434 0.127 0.0227115 0.405091 0.127 0.022685 0.33761 0.127 0.0113656
0.348869 0.127 0.0113891 0.360087 0.127 0.0225447 0.371315 0.127 0.0226756 0.315065
0.127 0.0113553 0.326341 0.127 0.0113573 0.462259 0.127 -0.0062147 0.467751 0.127
-0.00612468 0.473284 0.127 -0.0060636 0.495287 0.127 0.0110208 0.506475 0.127 0.0110648
0.484242 0.127 -0.000298728 0.517684 0.127 0.0111022 0.473196 0.127 -0.000408725 0.607589
0.127 -0.0225391 0.528904 0.127 0.0111284 0.429432 0.127 0.0114512 0.429461 0.127
0.00583225 0.434934 0.127 0.000167587 0.440481 0.127 0.0001458 0.456756 0.127 -0.0062799
0.447276 0.127 0.0017378 0.450834 0.127 0 0.292496 0.127 0.000137024 0.292459
0.127 0.0225398 0.303742 0.127 0.0225446 0.315034 0.127 0.02255 0.517658 0.127
0.0223736 0.528881 0.127 0.0223979 0.540095 0.127 0.0336829 0.551337 0.127 0.033692
0.573804 0.127 0.0562511 0.562545 0.127 0.0562454 0.551317 0.127 0.0449615 0.585083
0.127 0.0787636 0.5738 0.127 0.0675149 0.573815 0.127 0.101257 0.573816 0.127
0.0900184 0.444439 0.127 0.134903 0.438802 0.127 0.134842 0.438752 0.127 0.140492
0.450052 0.127 0.1237 0.450066 0.127 0.129314 0.478224 0.127 0.123259 0.472769
0.127 0.118075 0.46718 0.127 0.118168 0.461543 0.127 0.118212 0.48347 0.127
0.123001 0.488396 0.127 0.1232 0.359596 0.127 0.191182 0.359607 0.127 0.179924
0.37104 0.127 0.168538 0.399227 0.127 0.157012 0.393652 0.127 0.156967 0.382468
0.127 0.157103 0.421709 0.127 0.151887 0.416033 0.127 0.151905 0.41038 0.127
0.151773 0.404813 0.127 0.151508 0.421695 0.127 0.146297 0.433062 0.127 0.140468
0.427332 0.127 0.140461 0.348183 0.127 0.202387 0.348179 0.127 0.20797 0.348184
0.127 0.21351 0.348169 0.127 0.219113 0.5511 0.127 0.112516 0.562473 0.127
0.101279 0.562496 0.127 0.0900359 0.539682 0.127 0.118186 0.539642 0.127 0.11251
0.533904 0.127 0.123874 0.527916 0.127 0.123998 0.520742 0.127 0.12382 0.517974
0.127 0.123607 0.342415 0.127 0.230323 0.342414 0.127 0.236009 0.342438 0.127
0.224673 0.336646 0.127 0.224521 0.336589 0.127 0.230178 0.336558 0.127 0.235911
0.342421 0.127 0.241718 0.342451 0.127 0.24742 0.336562 0.127 0.241666 0.336608
0.127 0.247406 0.382496 0.127 0.0340291 0.388105 0.127 0.0340759 0.393764 0.127
0.034032 0.393783 0.127 0.028368 0.41072 0.127 0.0226752 0.416522 0.127 0.0227164
0.399396 0.127 0.0283136 0.404987 0.127 0.0282473 0.337587 0.127 0.0225177 0.348843
0.127 0.0225041 0.360053 0.127 0.0335318 0.365661 0.127 0.0336207 0.371273 0.127
0.0337799 0.376878 0.127 0.033934 0.326318 0.127 0.022538 0.462252 0.127 -0.00066786
0.46768 0.127 -0.000490227 0.484101 0.127 0.010987 0.495239 0.127 0.0222767 0.506442
0.127 0.022333 0.473074 0.127 0.00528139 0.472933 0.127 0.0109597 0.429257 0.127
0.0170312 0.422414 0.127 0.0226991 0.428668 0.127 0.0226203 0.435323 0.127 0.00582148
0.435454 0.127 0.0114217 0.441277 0.127 0.0058215 0.455367 0.127 0.000652145 0.446985
0.127 0.006211 0.303718 0.127 0.0337311 0.315002 0.127 0.0337317 0.292446 0.127
0.0337213 0.517633 0.127 0.0336596 0.528856 0.127 0.0336759 0.54007 0.127 0.0449575
0.562528 0.127 0.0675157 0.551288 0.127 0.0562378 0.573805 0.127 0.0787717 0.433137
0.127 0.134791 0.444433 0.127 0.12925 0.438808 0.127 0.129149 0.461594 0.127
0.112702 0.450136 0.127 0.112595 0.450039 0.127 0.118119 0.444373 0.127 0.12361
0.478295 0.127 0.117865 0.472791 0.127 0.112827 0.46721 0.127 0.112719 0.483538
0.127 0.117399 0.493263 0.127 0.119522 0.488775 0.127 0.11686 0.348182 0.127
0.191215 0.348186 0.127 0.196821 0.348185 0.127 0.185609 0.348179 0.127 0.179976
0.359627 0.127 0.168644 0.371068 0.127 0.157284 0.399224 0.127 0.15128 0.39367
0.127 0.151213 0.393736 0.127 0.145443 0.388256 0.127 0.14557 0.382637 0.127
0.145772 0.415982 0.127 0.146441 0.410287 0.127 0.146296 0.404827 0.127 0.145852
0.421179 0.127 0.139987 0.426803 0.127 0.134237 0.478283 0.127 0.113009 0.483402
0.127 0.112811 0.342475 0.127 0.207972 0.34248 0.127 0.202404 0.336716 0.127
0.2024 0.336716 0.127 0.207948 0.336708 0.127 0.213465 0.342468 0.127 0.213523
0.336687 0.127 0.218973 0.342453 0.127 0.219087 0.551084 0.127 0.101292 0.551141
0.127 0.0900532 0.562513 0.127 0.07878 0.533982 0.127 0.112446 0.534075 0.127
0.118202 0.539563 0.127 0.101252 0.539544 0.127 0.106849 0.528653 0.127 0.118159
0.528377 0.127 0.112224 0.523218 0.127 0.117955 0.518787 0.127 0.11794 0.495684
0.127 0.107952 0.495128 0.127 0.111612 0.495952 0.127 0.10792 0.330757 0.127
0.224391 0.330609 0.127 0.230056 0.33053 0.127 0.23584 0.330513 0.127 0.241635
0.330584 0.127 0.2474 0.399392 0.127 0.0339262 0.382493 0.127 0.0397041 0.38806
0.127 0.0397821 0.393761 0.127 0.0397525 0.410562 0.127 0.0282305 0.416226 0.127
0.028352 0.404934 0.127 0.0337737 0.337549 0.127 0.0336475 0.348789 0.127 0.0335269
0.354419 0.127 0.0335071 0.365658 0.127 0.0391584 0.371281 0.127 0.0393829 0.360059
0.127 0.0390536 0.376889 0.127 0.0395923 0.326284 0.127 0.0337037 0.461898 0.127
0.00528101 0.467486 0.127 0.0052703 0.48403 0.127 0.0222176 0.495234 0.127 0.033558
0.506425 0.127 0.0336221 0.47286 0.127 0.0165844 0.472835 0.127 0.0221656 0.467294
0.127 0.0109767 0.434666 0.127 0.0225069 0.435223 0.127 0.0169777 0.422082 0.127
0.0283485 0.428145 0.127 0.0282364 0.441573 0.127 0.0113904 0.446984 0.127 0.0113632
0.303658 0.127 0.0448357 0.314961 0.127 0.0448841 0.298024 0.127 0.0448182 0.292423
0.127 0.0448231 0.517603 0.127 0.0449689 0.528823 0.127 0.0449663 0.540029 0.127
0.0562417 0.551252 0.127 0.067518 0.433186 0.127 0.129026 0.438697 0.127 0.123475
0.461956 0.127 0.10167 0.456354 0.127 0.101665 0.450581 0.127 0.101619 0.450313
0.127 0.107123 0.444363 0.127 0.112459 0.444298 0.127 0.118016 0.472826 0.127
0.107333 0.472938 0.127 0.10173 0.467514 0.127 0.101713 0.495059 0.127 0.111886
0.488565 0.127 0.112799 0.34248 0.127 0.191225 0.342482 0.127 0.196825 0.336711
0.127 0.196824 0.336705 0.127 0.191225 0.342479 0.127 0.185612 0.342477 0.127
0.179986 0.336694 0.127 0.179988 0.336698 0.127 0.185611 0.348185 0.127 0.16871
0.348184 0.127 0.17435 0.359636 0.127 0.157381 0.37688 0.127 0.145962 0.371032
0.127 0.146087 0.399211 0.127 0.145518 0.393822 0.127 0.139682 0.38843 0.127
0.139887 0.3828 0.127 0.140163 0.415864 0.127 0.140465 0.410119 0.127 0.140512
0.405016 0.127 0.140049 0.420844 0.127 0.133811 0.425296 0.127 0.127283 0.478354
0.127 0.107425 0.478431 0.127 0.101767 0.483936 0.127 0.101721 0.48401 0.127
0.0960935 0.478518 0.127 0.0961432 0.478578 0.127 0.0904995 0.473202 0.127 0.0904313
0.473075 0.127 0.0961096 0.484046 0.127 0.0904776 0.483766 0.127 0.107428 0.330942
0.127 0.202425 0.330939 0.127 0.207968 0.330915 0.127 0.213462 0.330861 0.127
0.218913 0.539697 0.127 0.0900697 0.539594 0.127 0.0956671 0.551205 0.127 0.0787933
0.53988 0.127 0.0788253 0.539968 0.127 0.0675373 0.533785 0.127 0.106755 0.5338
0.127 0.101211 0.528156 0.127 0.0957092 0.527971 0.127 0.101155 0.533879 0.127
0.0956716 0.533966 0.127 0.0900963 0.528301 0.127 0.0901641 0.527852 0.127 0.106494
0.52232 0.127 0.111896 0.495645 0.127 0.107568 0.49524 0.127 0.107905 0.5177
0.127 0.112189 0.324624 0.127 0.224229 0.324242 0.127 0.229891 0.324126 0.127
0.235771 0.324069 0.127 0.241609 0.324135 0.127 0.247373 0.39948 0.127 0.0395985
0.382539 0.127 0.0454184 0.387894 0.127 0.0455662 0.393685 0.127 0.0455572 0.410376
0.127 0.0336708 0.415867 0.127 0.0340648 0.405026 0.127 0.0393059 0.337479 0.127
0.0447953 0.343099 0.127 0.0447543 0.348742 0.127 0.0447077 0.348769 0.127 0.0390981
0.354413 0.127 0.0390596 0.365631 0.127 0.0446862 0.371312 0.127 0.0450054 0.360094
0.127 0.0446281 0.376941 0.127 0.0452898 0.326239 0.127 0.0448639 0.45651 0.127
0.00572239 0.46159 0.127 0.0110174 0.484047 0.127 0.0334685 0.495254 0.127 0.0448783
0.506412 0.127 0.0449442 0.472827 0.127 0.0277171 0.472872 0.127 0.0333199 0.467221
0.127 0.0166096 0.467232 0.127 0.0221756 0.434159 0.127 0.0280441 0.440446 0.127
0.0223911 0.441279 0.127 0.0169133 0.421691 0.127 0.0340596 0.427662 0.127 0.03393
0.446984 0.127 0.0165401 0.303617 0.127 0.050395 0.303577 0.127 0.0559697 0.309255
0.127 0.0560017 0.31491 0.127 0.0560208 0.292385 0.127 0.0504043 0.297976 0.127
0.0504008 0.517542 0.127 0.0563135 0.528766 0.127 0.0562746 0.433089 0.127 0.123342
0.438464 0.127 0.117882 0.456533 0.127 0.0960913 0.4508 0.127 0.0960281 0.462125
0.127 0.096089 0.444538 0.127 0.107078 0.44479 0.127 0.10162 0.438538 0.127
0.112161 0.467632 0.127 0.0960926 0.48934 0.127 0.107307 0.330931 0.127 0.196844
0.33092 0.127 0.191236 0.3309 0.127 0.179991 0.330906 0.127 0.185616 0.342479
0.127 0.174357 0.336697 0.127 0.17436 0.342482 0.127 0.168724 0.336704 0.127
0.168731 0.348192 0.127 0.163082 0.348204 0.127 0.157447 0.365237 0.127 0.14615
0.359555 0.127 0.146179 0.376937 0.127 0.140381 0.370977 0.127 0.140507 0.399082
0.127 0.13994 0.394486 0.127 0.133529 0.388726 0.127 0.13429 0.383045 0.127
0.134623 0.415774 0.127 0.135761 0.409974 0.127 0.135752 0.404743 0.127 0.133462
0.426091 0.127 0.12307 0.467769 0.127 0.0904433 0.462322 0.127 0.0905085 0.489413
0.127 0.101453 0.48956 0.127 0.0959601 0.484058 0.127 0.0848344 0.484153 0.127
0.079091 0.473272 0.127 0.0789743 0.473317 0.127 0.0847149 0.489599 0.127 0.0904447
0.325098 0.127 0.202473 0.325086 0.127 0.20802 0.325027 0.127 0.213503 0.3249
0.127 0.21889 0.528574 0.127 0.078918 0.528683 0.127 0.067598 0.522453 0.127
0.0958457 0.522117 0.127 0.101225 0.522638 0.127 0.0902967 0.521295 0.127 0.106712
0.500746 0.127 0.0850019 0.495193 0.127 0.0848968 0.495178 0.127 0.0904269 0.500763
0.127 0.0905772 0.506214 0.127 0.0909654 0.506238 0.127 0.0851108 0.506273 0.127
0.0792989 0.500746 0.127 0.0793071 0.495207 0.127 0.0791996 0.506385 0.127 0.0563045
0.495268 0.127 0.0562306 0.49525 0.127 0.0676422 0.506336 0.127 0.0677173 0.517456
0.127 0.0676893 0.51161 0.127 0.090708 0.517096 0.127 0.0905177 0.517259 0.127
0.0849038 0.511716 0.127 0.0850216 0.511782 0.127 0.0792957 0.517356 0.127 0.0791699
0.500807 0.127 0.0958594 0.495115 0.127 0.0957887 0.495128 0.127 0.101404 0.500699
0.127 0.100988 0.506284 0.127 0.0971026 0.506133 0.127 0.103348 0.500459 0.127
0.105604 0.506106 0.127 0.105976 0.511504 0.127 0.0963067 0.516887 0.127 0.0961848
0.511201 0.127 0.102279 0.515913 0.127 0.102643 0.511229 0.127 0.105842 0.515339
0.127 0.108263 0.317638 0.127 0.224205 0.31665 0.127 0.229698 0.316756 0.127
0.235779 0.316596 0.127 0.241609 0.316327 0.127 0.247223 0.399677 0.127 0.0454055
0.382761 0.127 0.0515985 0.387064 0.127 0.0516005 0.393291 0.127 0.0514394 0.410639
0.127 0.0416887 0.415107 0.127 0.0405398 0.406286 0.127 0.0458499 0.337452 0.127
0.0504151 0.343068 0.127 0.0503946 0.348697 0.127 0.0503685 0.354405 0.127 0.0446553
0.365604 0.127 0.0507636 0.372414 0.127 0.0530514 0.372689 0.127 0.052769 0.360728
0.127 0.0509974 0.372741 0.127 0.0531461 0.37584 0.127 0.0530323 0.37581 0.127
0.0533002 0.376059 0.127 0.0532524 0.320545 0.127 0.0559979 0.326192 0.127 0.0560026
0.331829 0.127 0.0560234 0.337438 0.127 0.0560493 0.45651 0.127 0.0110908 0.461544
0.127 0.0166567 0.484128 0.127 0.0447788 0.472972 0.127 0.0389419 0.473073 0.127
0.0446122 0.467173 0.127 0.0276607 0.467235 0.127 0.0332422 0.461677 0.127 0.0222368
0.439935 0.127 0.0278152 0.4337 0.127 0.0336859 0.446984 0.127 0.0211393 0.421343
0.127 0.0398229 0.427275 0.127 0.0396759 0.303565 0.127 0.0616207 0.3093 0.127
0.0616613 0.314921 0.127 0.0616207 0.297877 0.127 0.0560049 0.292284 0.127 0.0560335
0.432466 0.127 0.117976 0.445055 0.127 0.0958935 0.456796 0.127 0.0905756 0.450974
0.127 0.090465 0.438708 0.127 0.107029 0.438907 0.127 0.101801 0.432682 0.127
0.111812 0.325075 0.127 0.196883 0.325061 0.127 0.191257 0.325021 0.127 0.179994
0.325031 0.127 0.185624 0.330908 0.127 0.174362 0.342497 0.127 0.157461 0.336729
0.127 0.157472 0.336715 0.127 0.163101 0.342488 0.127 0.163093 0.330924 0.127
0.168732 0.348226 0.127 0.151824 0.353962 0.127 0.146195 0.348303 0.127 0.146201
0.365108 0.127 0.140556 0.359427 0.127 0.140583 0.377003 0.127 0.13485 0.370851
0.127 0.134956 0.40046 0.127 0.132165 0.396389 0.127 0.127741 0.389143 0.127
0.129012 0.383242 0.127 0.129157 0.425051 0.127 0.119055 0.424549 0.127 0.11911
0.424681 0.127 0.119677 0.467862 0.127 0.084774 0.462528 0.127 0.0849476 0.489624
0.127 0.0848627 0.489655 0.127 0.0791883 0.484196 0.127 0.0675404 0.473189 0.127
0.0674389 0.473223 0.127 0.0732003 0.467783 0.127 0.0790081 0.318781 0.127 0.202541
0.318749 0.127 0.208095 0.318619 0.127 0.213601 0.318402 0.127 0.218998 0.48419
0.127 0.0561285 0.312079 0.127 0.225328 0.311348 0.127 0.22988 0.312646 0.127
0.236158 0.312574 0.127 0.241791 0.310793 0.127 0.246663 0.399554 0.127 0.0511655
0.383786 0.127 0.0563307 0.386119 0.127 0.0571141 0.391531 0.127 0.0586099 0.409303
0.127 0.0442683 0.414812 0.127 0.0460086 0.406538 0.127 0.0500664 0.343043 0.127
0.0560479 0.348648 0.127 0.0560234 0.354374 0.127 0.0503772 0.366068 0.127 0.0566342
0.372666 0.127 0.0533619 0.360425 0.127 0.0560751 0.375868 0.127 0.0534288 0.320513
0.127 0.0615534 0.326157 0.127 0.0615542 0.331804 0.127 0.0616131 0.337422 0.127
0.0616805 0.45651 0.127 0.0166407 0.473179 0.127 0.0502668 0.473214 0.127 0.0559646
0.467362 0.127 0.0388825 0.467511 0.127 0.0445468 0.461418 0.127 0.0275216 0.461546
0.127 0.0331191 0.456511 0.127 0.0219595 0.44541 0.127 0.0274967 0.439543 0.127
0.0334045 0.433282 0.127 0.0394436 0.421192 0.127 0.0454373 0.426972 0.127 0.0454313
0.303701 0.127 0.0674113 0.309513 0.127 0.0673671 0.297697 0.127 0.0617215 0.314985
0.127 0.0671365 0.292027 0.127 0.0617691 0.445386 0.127 0.0899589 0.439117 0.127
0.0960209 0.45526 0.127 0.0833196 0.450952 0.127 0.0840372 0.432819 0.127 0.107144
0.433043 0.127 0.102175 0.43134 0.127 0.111948 0.425573 0.127 0.112383 0.318715
0.127 0.196948 0.318731 0.127 0.191281 0.318644 0.127 0.179994 0.318656 0.127
0.185627 0.325047 0.127 0.17436 0.342517 0.127 0.151833 0.342571 0.127 0.146206
0.336748 0.127 0.151843 0.336789 0.127 0.146213 0.330962 0.127 0.157479 0.330946
0.127 0.163105 0.325078 0.127 0.168727 0.35397 0.127 0.140588 0.348393 0.127
0.140585 0.364834 0.127 0.134971 0.359119 0.127 0.134945 0.376985 0.127 0.129354
0.370662 0.127 0.129417 0.394345 0.127 0.124482 0.388811 0.127 0.123428 0.382889
0.127 0.123578 0.424394 0.127 0.119113 0.462353 0.127 0.0790911 0.473234 0.127
0.0616746 0.46759 0.127 0.0674018 0.467613 0.127 0.0731957 0.313372 0.127 0.202607
0.313334 0.127 0.208187 0.313129 0.127 0.213751 0.313227 0.127 0.219277 0.398507
0.127 0.0569221 0.410099 0.127 0.0504644 0.405678 0.127 0.0559146 0.343045 0.127
0.0617062 0.348685 0.127 0.0616848 0.354264 0.127 0.0560003 0.361991 0.127 0.0618295
0.362327 0.127 0.0631697 0.363173 0.127 0.0628453 0.331734 0.127 0.0671811 0.337383
0.127 0.0673123 0.326074 0.127 0.0670425 0.320405 0.127 0.0669825 0.467634 0.127
0.0502027 0.467712 0.127 0.0558692 0.461736 0.127 0.0387973 0.461939 0.127 0.044481
0.454255 0.127 0.0252972 0.45584 0.127 0.0329529 0.44514 0.127 0.0331122 0.451475
0.127 0.0254014 0.448197 0.127 0.0247927 0.439263 0.127 0.0391283 0.432985 0.127
0.0452325 0.41945 0.127 0.0528105 0.426608 0.127 0.0512995 0.304285 0.127 0.0740712
0.3043 0.127 0.0743017 0.304504 0.127 0.0743053 0.310016 0.127 0.0739222 0.297583
0.127 0.0676731 0.3149 0.127 0.073224 0.291494 0.127 0.0676623 0.447402 0.127
0.0822259 0.439278 0.127 0.0898548 0.433172 0.127 0.0964444 0.456497 0.127 0.0788812
0.426578 0.127 0.108624 0.426817 0.127 0.107378 0.427181 0.127 0.102585 0.423269
0.127 0.113257 0.313089 0.127 0.197024 0.313218 0.127 0.191281 0.312883 0.127
0.179987 0.312938 0.127 0.185606 0.318738 0.127 0.17435 0.342672 0.127 0.140583
0.336861 0.127 0.140584 0.330968 0.127 0.151851 0.330977 0.127 0.146219 0.325153
0.127 0.15748 0.325129 0.127 0.163102 0.318789 0.127 0.168708 0.353969 0.127
0.134942 0.348536 0.127 0.134961 0.360394 0.127 0.127448 0.358481 0.127 0.126883
0.358587 0.127 0.129209 0.36443 0.127 0.129335 0.37683 0.127 0.12379 0.370475
0.127 0.123842 0.389339 0.127 0.116965 0.383072 0.127 0.117383 0.461906 0.127
0.0731842 0.467706 0.127 0.0615976 0.461901 0.127 0.0673724 0.308055 0.127 0.202489
0.308216 0.127 0.208289 0.307771 0.127 0.213894 0.307895 0.127 0.219337 0.307586
0.127 0.222675 0.395691 0.127 0.0639344 0.41237 0.127 0.0553142 0.404591 0.127
0.0619811 0.343062 0.127 0.0673723 0.348784 0.127 0.067342 0.354397 0.127 0.0616494
0.360729 0.127 0.0629188 0.362107 0.127 0.06718 0.362516 0.127 0.0671405 0.331593
0.127 0.072789 0.337283 0.127 0.0729835 0.325882 0.127 0.0724986 0.319549 0.127
0.0729587 0.462101 0.127 0.0501196 0.462254 0.127 0.055717 0.456111 0.127 0.0387156
0.45633 0.127 0.0444472 0.450558 0.127 0.0328325 0.445006 0.127 0.0388722 0.439102
0.127 0.0448981 0.432723 0.127 0.0510671 0.421696 0.127 0.0563633 0.426141 0.127
0.0574616 0.304141 0.127 0.0742974 0.306496 0.127 0.0790728 0.309731 0.127 0.0790036
0.297575 0.127 0.0740272 0.314565 0.127 0.07875 0.291096 0.127 0.0739798 0.439171
0.127 0.0835117 0.433318 0.127 0.0902675 0.427301 0.127 0.0967707 0.456513 0.127
0.0730936 0.421299 0.127 0.108116 0.421307 0.127 0.103914 0.419608 0.127 0.104257
0.419888 0.127 0.105673 0.307159 0.127 0.196837 0.296056 0.127 0.197062 0.298557
0.127 0.199986 0.301257 0.127 0.196873 0.307696 0.127 0.191167 0.298792 0.127
0.193167 0.306691 0.127 0.179968 0.306871 0.127 0.185565 0.313165 0.127 0.174323
0.30028 0.127 0.185601 0.300439 0.127 0.179977 0.293571 0.127 0.179979 0.295418
0.127 0.185561 0.298226 0.127 0.188756 0.342846 0.127 0.134962 0.336986 0.127
0.134955 0.331009 0.127 0.140582 0.325137 0.127 0.151855 0.325096 0.127 0.146221
0.318984 0.127 0.157478 0.318932 0.127 0.163089 0.313075 0.127 0.168665 0.356497
0.127 0.127519 0.353874 0.127 0.129118 0.348727 0.127 0.129288 0.357726 0.127
0.124748 0.362887 0.127 0.122325 0.376881 0.127 0.117784 0.370405 0.127 0.118134
0.38542 0.127 0.11099 0.38486 0.127 0.110702 0.384572 0.127 0.111873 0.462288
0.127 0.0614423 0.456514 0.127 0.0674805 0.305377 0.127 0.202531 0.306147 0.127
0.208299 0.300342 0.127 0.213514 0.303953 0.127 0.219654 0.303704 0.127 0.219781
0.299542 0.127 0.223906 0.412296 0.127 0.0606748 0.395502 0.127 0.067989 0.404015
0.127 0.0676569 0.343062 0.127 0.0730639 0.354575 0.127 0.0671995 0.348941 0.127
0.0730625 0.36101 0.127 0.0671815 0.362528 0.127 0.0702191 0.331373 0.127 0.0786726
0.337107 0.127 0.0787339 0.325666 0.127 0.0785193 0.319494 0.127 0.0786 0.4565
0.127 0.0500762 0.454722 0.127 0.0579244 0.450586 0.127 0.0387032 0.450675 0.127
0.0444772 0.444986 0.127 0.0446372 0.439082 0.127 0.0506342 0.432475 0.127 0.056922
0.426355 0.127 0.0628913 0.307228 0.127 0.0844306 0.309774 0.127 0.0844023 0.314537
0.127 0.0842945 0.443949 0.127 0.0767899 0.438149 0.127 0.0766438 0.438434 0.127
0.0797632 0.419928 0.127 0.10254 0.446934 0.127 0.0772301 0.433593 0.127 0.0841765
0.427446 0.127 0.090717 0.42127 0.127 0.0963746 0.418648 0.127 0.103668 0.304147
0.127 0.191096 0.307429 0.127 0.174288 0.298629 0.127 0.176141 0.343088 0.127
0.129324 0.331085 0.127 0.134946 0.337168 0.127 0.129321 0.325076 0.127 0.14057
0.318915 0.127 0.151861 0.318753 0.127 0.146222 0.313434 0.127 0.157481 0.313334
0.127 0.163065 0.306514 0.127 0.168648 0.29529 0.127 0.168673 0.299117 0.127
0.172688 0.302146 0.127 0.168684 0.354714 0.127 0.124868 0.356742 0.127 0.122917
0.355391 0.127 0.12174 0.352432 0.127 0.122317 0.349005 0.127 0.123521 0.36291
0.127 0.118329 0.383984 0.127 0.110846 0.377148 0.127 0.112294 0.370838 0.127
0.112694 0.384695 0.127 0.109887 0.456385 0.127 0.0616015 0.416415 0.127 0.0618759
0.411467 0.127 0.0669657 0.397818 0.127 0.0717799 0.403784 0.127 0.0732964 0.342985
0.127 0.0787169 0.355014 0.127 0.0727674 0.348961 0.127 0.0789042 0.362633 0.127
0.0722958 0.33131 0.127 0.0843587 0.336957 0.127 0.084318 0.325629 0.127 0.0842883
0.319492 0.127 0.0842506 0.450751 0.127 0.0500978 0.451616 0.127 0.0575669 0.445094
0.127 0.0503251 0.439182 0.127 0.0563529 0.432032 0.127 0.0628215 0.307214 0.127
0.0900221 0.309757 0.127 0.0900041 0.31452 0.127 0.0899523 0.446929 0.127 0.0745581
0.446928 0.127 0.074331 0.438335 0.127 0.0748229 0.435994 0.127 0.0772165 0.41412
0.127 0.0966699 0.414111 0.127 0.0966702 0.414114 0.127 0.09668 0.434099 0.127
0.0781214 0.4279 0.127 0.084039 0.421549 0.127 0.0910558 0.303138 0.127 0.174258
0.343388 0.127 0.123643 0.331199 0.127 0.129313 0.325133 0.127 0.134927 0.337405
0.127 0.123665 0.318616 0.127 0.140532 0.313393 0.127 0.151892 0.313187 0.127
0.14627 0.306553 0.127 0.157483 0.306424 0.127 0.163066 0.304727 0.127 0.16308
0.304668 0.127 0.157489 0.297538 0.127 0.157389 0.296777 0.127 0.16305 0.355256
0.127 0.12002 0.354587 0.127 0.118349 0.349793 0.127 0.117613 0.363756 0.127
0.1137 0.383091 0.127 0.107156 0.377574 0.127 0.106187 0.371658 0.127 0.106793
0.418813 0.127 0.0655301 0.410533 0.127 0.0730169 0.403229 0.127 0.0800042 0.342894
0.127 0.0840918 0.355285 0.127 0.0786397 0.348614 0.127 0.0848092 0.361958 0.127
0.0782721 0.331372 0.127 0.0899601 0.339119 0.127 0.0911714 0.325663 0.127 0.0899536
0.319491 0.127 0.0899278 0.445977 0.127 0.0566127 0.439317 0.127 0.0621821 0.431399
0.127 0.0683846 0.307213 0.127 0.0956379 0.309746 0.127 0.0956289 0.314518 0.127
0.0956083 0.433493 0.127 0.0707822 0.438964 0.127 0.0698755 0.446929 0.127 0.0741559
0.414113 0.127 0.0966622 0.414108 0.127 0.0966707 0.429155 0.127 0.0766556 0.422157
0.127 0.0841295 0.416228 0.127 0.0915168 0.343785 0.127 0.117905 0.331351 0.127
0.123683 0.32522 0.127 0.129292 0.318698 0.127 0.134885 0.337686 0.127 0.117958
0.312877 0.127 0.140497 0.307078 0.127 0.151937 0.298087 0.127 0.151628 0.303671
0.127 0.151932 0.307672 0.127 0.146437 0.299696 0.127 0.148538 0.351186 0.127
0.110813 0.36484 0.127 0.107338 0.360813 0.127 0.112072 0.378073 0.127 0.0996087
0.372266 0.127 0.100018 0.446985 0.127 0.0679199 0.439376 0.127 0.068189 0.417265
0.127 0.0726665 0.409405 0.127 0.0795128 0.343168 0.127 0.0890095 0.355277 0.127
0.0843005 0.347001 0.127 0.091773 0.363857 0.127 0.0819166 0.332168 0.127 0.0954404
0.34055 0.127 0.0940071 0.325859 0.127 0.0955715 0.319529 0.127 0.0955909 0.447086
0.127 0.0625788 0.30721 0.127 0.101249 0.309725 0.127 0.101252 0.314507 0.127
0.10125 0.432182 0.127 0.0692102 0.422896 0.127 0.0782183 0.416183 0.127 0.084963
0.410076 0.127 0.0905895 0.344142 0.127 0.112043 0.331529 0.127 0.118035 0.325349
0.127 0.123685 0.318782 0.127 0.12924 0.313186 0.127 0.134842 0.337991 0.127
0.112186 0.307665 0.127 0.140726 0.304143 0.127 0.14654 0.365384 0.127 0.10129
0.358253 0.127 0.107536 0.372777 0.127 0.0937653 0.373736 0.127 0.0930087 0.372926
0.127 0.0925554 0.423578 0.127 0.0720947 0.416485 0.127 0.078745 0.408524 0.127
0.0849619 0.407207 0.127 0.0860555 0.408238 0.127 0.0866004 0.353827 0.127 0.0905797
0.360725 0.127 0.0897015 0.332087 0.127 0.101066 0.338366 0.127 0.100834 0.325891
0.127 0.101198 0.319546 0.127 0.101236 0.365915 0.127 0.0835368 0.366529 0.127
0.088957 0.370782 0.127 0.0883617 0.372256 0.127 0.09076 0.371981 0.127 0.0927918
0.307201 0.127 0.106839 0.309655 0.127 0.106878 0.314456 0.127 0.106882 0.41001
0.127 0.0862887 0.408788 0.127 0.0884655 0.349033 0.127 0.10701 0.344626 0.127
0.105843 0.331745 0.127 0.112356 0.32549 0.127 0.118079 0.318987 0.127 0.123649
0.313214 0.127 0.129155 0.308102 0.127 0.134938 0.338274 0.127 0.106425 0.304169
0.127 0.140514 0.358304 0.127 0.102409 0.365698 0.127 0.0951855 0.351838 0.127
0.0978843 0.359172 0.127 0.0961029 0.344765 0.127 0.100311 0.331982 0.127 0.106686
0.325844 0.127 0.106822 0.31952 0.127 0.106862 0.305971 0.127 0.112749 0.309246
0.127 0.112505 0.314222 0.127 0.112495 0.32564 0.127 0.11245 0.319186 0.127
0.118079 0.31358 0.127 0.123557 0.308086 0.127 0.129081 0.30605 0.127 0.134856
0.354233 0.127 0.101322 0.319355 0.127 0.112478 0.30618 0.127 0.117894 0.308807
0.127 0.117957 0.313924 0.127 0.118038 0.30838 0.127 0.123427 0.307084 0.127
0.128995 0.306475 0.127 0.123179 0.309843 0.127 0.371469 0.309609 0.127 0.365822
0.30722 0.127 0.365836 0.307206 0.127 0.371496 0.288835 0.127 0.397691 0.287986
0.127 0.397741 0.288596 0.127 0.398052 0.310061 0.127 0.377104 0.307177 0.127
0.377254 0.308738 0.127 0.360259 0.305108 0.127 0.360181 0.314621 0.127 0.371517
0.314458 0.127 0.365895 0.289137 0.127 0.398018 0.288755 0.127 0.398556 0.31043
0.127 0.382493 0.307104 0.127 0.382943 0.314798 0.127 0.377181 0.314166 0.127
0.360316 0.308385 0.127 0.354575 0.305946 0.127 0.354659 0.319586 0.127 0.371563
0.319521 0.127 0.365933 0.286487 0.127 0.396957 0.28416 0.127 0.396903 0.282245
0.127 0.403911 0.286782 0.127 0.40362 0.297798 0.127 0.393201 0.297514 0.127
0.397221 0.291418 0.127 0.403642 0.311181 0.127 0.386619 0.306905 0.127 0.389802
0.315063 0.127 0.382882 0.319696 0.127 0.377201 0.319383 0.127 0.360337 0.313649
0.127 0.354606 0.307855 0.127 0.348882 0.305912 0.127 0.348885 0.325719 0.127
0.371578 0.325817 0.127 0.365935 0.28169 0.127 0.409644 0.2869 0.127 0.409422
0.303215 0.127 0.397081 0.303391 0.127 0.392041 0.310694 0.127 0.391247 0.306091
0.127 0.390824 0.297864 0.127 0.402143 0.29219 0.127 0.409192 0.315319 0.127
0.388953 0.319943 0.127 0.382661 0.325776 0.127 0.377244 0.325751 0.127 0.36032
0.319067 0.127 0.354637 0.313183 0.127 0.348906 0.307957 0.127 0.343423 0.306445
0.127 0.343572 0.331308 0.127 0.371473 0.331904 0.127 0.36591 0.281503 0.127
0.415426 0.286932 0.127 0.415259 0.303982 0.127 0.402131 0.3099 0.127 0.397561
0.315565 0.127 0.392499 0.297966 0.127 0.408688 0.292405 0.127 0.415068 0.320454
0.127 0.387404 0.325921 0.127 0.382844 0.331549 0.127 0.377027 0.325504 0.127
0.354647 0.331915 0.127 0.360334 0.318797 0.127 0.348929 0.312945 0.127 0.343281
0.307301 0.127 0.337702 0.297472 0.127 0.337617 0.339193 0.127 0.371555 0.338557
0.127 0.366288 0.281434 0.127 0.421118 0.286941 0.127 0.420999 0.286932 0.127
0.426726 0.292485 0.127 0.42665 0.292468 0.127 0.420868 0.281386 0.127 0.426821
0.309747 0.127 0.402834 0.303809 0.127 0.408477 0.31543 0.127 0.39809 0.320217
0.127 0.392086 0.298037 0.127 0.414824 0.326272 0.127 0.388076 0.331627 0.127
0.38272 0.338715 0.127 0.375342 0.325306 0.127 0.348953 0.331737 0.127 0.354707
0.338161 0.127 0.360427 0.318581 0.127 0.343271 0.312406 0.127 0.337683 0.307159
0.127 0.332196 0.300462 0.127 0.332386 0.342489 0.127 0.365514 0.298052 0.127
0.420726 0.303681 0.127 0.420653 0.303722 0.127 0.414703 0.298058 0.127 0.426511
0.303664 0.127 0.426506 0.286919 0.127 0.432433 0.2925 0.127 0.432391 0.28134
0.127 0.432483 0.281322 0.127 0.438194 0.286909 0.127 0.438126 0.292493 0.127
0.438112 0.315304 0.127 0.403275 0.309512 0.127 0.408671 0.320853 0.127 0.398109
0.315091 0.127 0.408904 0.309364 0.127 0.414704 0.314979 0.127 0.414829 0.326347
0.127 0.392759 0.331788 0.127 0.38808 0.337351 0.127 0.38251 0.342533 0.127
0.37585 0.343809 0.127 0.372854 0.325138 0.127 0.343284 0.331495 0.127 0.349013
0.338093 0.127 0.354865 0.344925 0.127 0.361124 0.31832 0.127 0.337664 0.312298
0.127 0.332214 0.307844 0.127 0.326531 0.305646 0.127 0.32667 0.300268 0.127
0.320845 0.296419 0.127 0.321122 0.297456 0.127 0.322907 0.3093 0.127 0.420634
0.309275 0.127 0.426458 0.314894 0.127 0.426561 0.314919 0.127 0.420683 0.303666
0.127 0.438068 0.281293 0.127 0.449579 0.292485 0.127 0.449514 0.320774 0.127
0.40342 0.326345 0.127 0.398049 0.320663 0.127 0.409056 0.320596 0.127 0.414869
0.326259 0.127 0.409201 0.32632 0.127 0.403567 0.326205 0.127 0.415105 0.33186
0.127 0.393023 0.3374 0.127 0.387998 0.343002 0.127 0.382584 0.348544 0.127
0.376436 0.347412 0.127 0.369893 0.32499 0.127 0.337653 0.331283 0.127 0.343326
0.337752 0.127 0.349125 0.344441 0.127 0.355341 0.318246 0.127 0.332128 0.312671
0.127 0.326761 0.307362 0.127 0.320821 0.298317 0.127 0.318513 0.326123 0.127
0.426818 0.314888 0.127 0.43814 0.303692 0.127 0.4495 0.281272 0.127 0.460913
0.292489 0.127 0.460874 0.33191 0.127 0.398314 0.331927 0.127 0.40385 0.337568
0.127 0.404294 0.337555 0.127 0.398685 0.33748 0.127 0.393237 0.337449 0.127
0.415726 0.343105 0.127 0.387977 0.348893 0.127 0.382212 0.354765 0.127 0.376452
0.353737 0.127 0.370425 0.32492 0.127 0.332061 0.331118 0.127 0.337675 0.337479
0.127 0.343401 0.343776 0.127 0.3492 0.348837 0.127 0.354189 0.318372 0.127
0.326621 0.312876 0.127 0.321378 0.308096 0.127 0.315135 0.305388 0.127 0.315166
0.337384 0.127 0.427164 0.326138 0.127 0.438303 0.314924 0.127 0.449558 0.303714
0.127 0.460869 0.270088 0.127 0.44965 0.270049 0.127 0.460963 0.292493 0.127
0.472198 0.281262 0.127 0.472221 0.270027 0.127 0.472258 0.270002 0.127 0.494849
0.292508 0.127 0.494822 0.343223 0.127 0.404625 0.343218 0.127 0.398976 0.343171
0.127 0.393409 0.348765 0.127 0.416259 0.348857 0.127 0.410577 0.348923 0.127
0.404833 0.348999 0.127 0.387787 0.355169 0.127 0.382184 0.352076 0.127 0.363279
0.36133 0.127 0.377613 0.359879 0.127 0.370976 0.324936 0.127 0.326484 0.331014
0.127 0.332051 0.337223 0.127 0.337739 0.34357 0.127 0.343486 0.348777 0.127
0.35008 0.350287 0.127 0.35118 0.31853 0.127 0.321103 0.31334 0.127 0.315591
0.308044 0.127 0.309491 0.305233 0.127 0.309543 0.30122 0.127 0.303814 0.295675
0.127 0.303885 0.298517 0.127 0.306984 0.348622 0.127 0.427502 0.337407 0.127
0.438546 0.326183 0.127 0.449687 0.314958 0.127 0.460919 0.30373 0.127 0.472195
0.315027 0.127 0.494848 0.314982 0.127 0.472239 0.27 0.127 0.517396 0.292518
0.127 0.517384 0.34893 0.127 0.399128 0.348949 0.127 0.393435 0.354391 0.127
0.416354 0.35456 0.127 0.410681 0.354708 0.127 0.404908 0.355057 0.127 0.387548
0.362684 0.127 0.38273 0.359158 0.127 0.364856 0.366042 0.127 0.377296 0.3666
0.127 0.3721 0.350441 0.127 0.350306 0.324998 0.127 0.32089 0.330967 0.127
0.326434 0.337048 0.127 0.332097 0.343206 0.127 0.337882 0.350009 0.127 0.347903
0.349414 0.127 0.343753 0.318735 0.127 0.315405 0.313436 0.127 0.309764 0.307198
0.127 0.303822 0.298812 0.127 0.30037 0.359777 0.127 0.427655 0.359811 0.127
0.422046 0.359951 0.127 0.416414 0.348658 0.127 0.438775 0.337462 0.127 0.449874
0.326223 0.127 0.461022 0.337575 0.127 0.49494 0.337528 0.127 0.472429 0.326249
0.127 0.47232 0.315046 0.127 0.5174 0.270002 0.127 0.539929 0.292523 0.127
0.539923 0.337504 0.127 0.461163 0.354666 0.127 0.399172 0.354739 0.127 0.393358
0.360239 0.127 0.410756 0.361086 0.127 0.404366 0.362507 0.127 0.386636 0.354398
0.127 0.359532 0.358523 0.127 0.358579 0.365737 0.127 0.365702 0.371414 0.127
0.372074 0.350865 0.127 0.349901 0.325078 0.127 0.315235 0.330959 0.127 0.320807
0.336937 0.127 0.326451 0.343035 0.127 0.332247 0.348681 0.127 0.338273 0.353377
0.127 0.343362 0.318817 0.127 0.30966 0.313233 0.127 0.303978 0.307852 0.127
0.298205 0.304466 0.127 0.298233 0.300034 0.127 0.292629 0.295019 0.127 0.292827
0.298223 0.127 0.295769 0.359869 0.127 0.438897 0.365345 0.127 0.427618 0.365334
0.127 0.42201 0.365391 0.127 0.416417 0.348731 0.127 0.450047 0.360144 0.127
0.495042 0.360086 0.127 0.472617 0.348805 0.127 0.472533 0.337592 0.127 0.517444
0.315051 0.127 0.53993 0.270004 0.127 0.562451 0.292523 0.127 0.562447 0.34878
0.127 0.461296 0.36081 0.127 0.399097 0.360815 0.127 0.393273 0.366173 0.127
0.410256 0.367509 0.127 0.403143 0.358181 0.127 0.352783 0.36546 0.127 0.359659
0.373638 0.127 0.368004 0.330969 0.127 0.315159 0.325123 0.127 0.309554 0.336864
0.127 0.320798 0.342892 0.127 0.326544 0.348825 0.127 0.332614 0.350694 0.127
0.33893 0.353779 0.127 0.34224 0.318794 0.127 0.303943 0.3134 0.127 0.298399
0.30732 0.127 0.292576 0.297665 0.127 0.290074 0.371101 0.127 0.438875 0.370945
0.127 0.427538 0.359979 0.127 0.45016 0.370912 0.127 0.421923 0.370928 0.127
0.416419 0.382731 0.127 0.472691 0.371385 0.127 0.472669 0.382776 0.127 0.495108
0.36005 0.127 0.461396 0.360157 0.127 0.517496 0.33759 0.127 0.53995 0.315048
0.127 0.56245 0.247482 0.127 0.539943 0.247486 0.127 0.562459 0.270005 0.127
0.584966 0.292521 0.127 0.584963 0.365732 0.127 0.398963 0.364626 0.127 0.393613
0.371116 0.127 0.410676 0.371313 0.127 0.405825 0.36502 0.127 0.353754 0.37255
0.127 0.360745 0.354713 0.127 0.339971 0.336817 0.127 0.315141 0.330976 0.127
0.3095 0.325133 0.127 0.303883 0.342763 0.127 0.320847 0.348738 0.127 0.3267
0.350576 0.127 0.333409 0.318838 0.127 0.298315 0.313224 0.127 0.2928 0.308124
0.127 0.286879 0.305568 0.127 0.286881 0.37125 0.127 0.450182 0.382446 0.127
0.438802 0.382214 0.127 0.427338 0.376564 0.127 0.427428 0.376511 0.127 0.42177
0.376504 0.127 0.416219 0.405591 0.127 0.495171 0.40563 0.127 0.483943 0.405622
0.127 0.472701 0.39414 0.127 0.472698 0.37134 0.127 0.461443 0.382684 0.127
0.461451 0.38276 0.127 0.517539 0.360143 0.127 0.539977 0.337579 0.127 0.562459
0.315041 0.127 0.584963 0.247491 0.127 0.584971 0.224961 0.127 0.539963 0.224968
0.127 0.56247 0.270006 0.127 0.607476 0.292518 0.127 0.607474 0.376668 0.127
0.41061 0.37668 0.127 0.40645 0.363975 0.127 0.347562 0.360422 0.127 0.348293
0.372029 0.127 0.354144 0.378436 0.127 0.359857 0.355683 0.127 0.334838 0.342662
0.127 0.315164 0.33678 0.127 0.309481 0.330977 0.127 0.303845 0.325148 0.127
0.298239 0.348607 0.127 0.320928 0.354886 0.127 0.329182 0.354464 0.127 0.326866
0.318813 0.127 0.292683 0.313515 0.127 0.287037 0.308073 0.127 0.281147 0.305483
0.127 0.281108 0.300126 0.127 0.275495 0.295202 0.127 0.275463 0.297686 0.127
0.278021 0.382593 0.127 0.450159 0.393901 0.127 0.438778 0.393663 0.127 0.427325
0.387884 0.127 0.427265 0.382141 0.127 0.421632 0.382083 0.127 0.415936 0.394105
0.127 0.461446 0.405626 0.127 0.461438 0.416972 0.127 0.495205 0.417039 0.127
0.48397 0.417131 0.127 0.472718 0.405409 0.127 0.517576 0.382716 0.127 0.540003
0.360118 0.127 0.562472 0.337564 0.127 0.584967 0.315033 0.127 0.607473 0.247495
0.127 0.607479 0.224977 0.127 0.584976 0.270005 0.127 0.629983 0.292514 0.127
0.629981 0.381997 0.127 0.409887 0.381967 0.127 0.4053 0.371472 0.127 0.348427
0.363998 0.127 0.343241 0.361926 0.127 0.343071 0.37898 0.127 0.355479 0.379805
0.127 0.357268 0.360137 0.127 0.335576 0.358604 0.127 0.33345 0.348483 0.127
0.315215 0.342583 0.127 0.309486 0.336758 0.127 0.303828 0.330979 0.127 0.2982
0.325151 0.127 0.292596 0.354361 0.127 0.32098 0.359169 0.127 0.330216 0.36001
0.127 0.326389 0.318899 0.127 0.286982 0.313507 0.127 0.281238 0.307041 0.127
0.275462 0.300168 0.127 0.269725 0.29501 0.127 0.269703 0.342537 0.127 0.303825
0.34833 0.127 0.309504 0.348265 0.127 0.303839 0.394032 0.127 0.450143 0.393485
0.127 0.421582 0.387755 0.127 0.421505 0.405475 0.127 0.438822 0.405446 0.127
0.433197 0.405343 0.127 0.427557 0.399505 0.127 0.427429 0.387508 0.127 0.415592
0.405585 0.127 0.450135 0.417243 0.127 0.461425 0.428043 0.127 0.51762 0.428322
0.127 0.495252 0.428439 0.127 0.484032 0.428659 0.127 0.472789 0.405303 0.127
0.540027 0.382667 0.127 0.562486 0.360092 0.127 0.584974 0.337549 0.127 0.607475
0.315025 0.127 0.629981 0.224984 0.127 0.607481 0.247497 0.127 0.629985 0.270005
0.127 0.652488 0.292511 0.127 0.652487 0.386734 0.127 0.408988 0.38693 0.127
0.403038 0.380197 0.127 0.355648 0.371022 0.127 0.343141 0.379932 0.127 0.35421
0.378852 0.127 0.348395 0.363993 0.127 0.338949 0.361302 0.127 0.337136 0.361332
0.127 0.332988 0.354274 0.127 0.315273 0.336746 0.127 0.298181 0.330982 0.127
0.292556 0.325175 0.127 0.286931 0.360018 0.127 0.320896 0.365415 0.127 0.331999
0.365636 0.127 0.326438 0.3189 0.127 0.28126 0.313174 0.127 0.275508 0.306795
0.127 0.269758 0.300183 0.127 0.263784 0.295318 0.127 0.263798 0.359966 0.127
0.315266 0.359757 0.127 0.303914 0.342506 0.127 0.298174 0.34821 0.127 0.298174
0.348184 0.127 0.292533 0.342488 0.127 0.292532 0.33674 0.127 0.292538 0.399431
0.127 0.42176 0.393075 0.127 0.41576 0.405322 0.127 0.421953 0.411229 0.127
0.438824 0.411158 0.127 0.433219 0.41106 0.127 0.427644 0.417315 0.127 0.450096
0.428786 0.127 0.467136 0.428917 0.127 0.461442 0.427875 0.127 0.540051 0.450592
0.127 0.517665 0.450916 0.127 0.495394 0.439661 0.127 0.495336 0.439778 0.127
0.484153 0.439971 0.127 0.472991 0.434347 0.127 0.472862 0.405219 0.127 0.562501
0.382624 0.127 0.584982 0.360069 0.127 0.607478 0.337537 0.127 0.629981 0.315018
0.127 0.652486 0.22499 0.127 0.629986 0.247499 0.127 0.652489 0.270004 0.127
0.674992 0.292508 0.127 0.674991 0.388459 0.127 0.402697 0.388376 0.127 0.402461
0.388303 0.127 0.40243 0.391982 0.127 0.409833 0.381042 0.127 0.355124 0.371026
0.127 0.337549 0.377841 0.127 0.342783 0.385151 0.127 0.348124 0.330989 0.127
0.286907 0.325177 0.127 0.281257 0.365686 0.127 0.320877 0.371306 0.127 0.33189
0.371433 0.127 0.326358 0.318797 0.127 0.275567 0.31308 0.127 0.269847 0.30716
0.127 0.263933 0.297843 0.127 0.260043 0.359619 0.127 0.292571 0.36567 0.127
0.315275 0.371394 0.127 0.315288 0.371179 0.127 0.304033 0.348163 0.127 0.286894
0.342477 0.127 0.286894 0.336738 0.127 0.286897 0.342472 0.127 0.281263 0.336737
0.127 0.281256 0.348159 0.127 0.281268 0.417068 0.127 0.438805 0.399258 0.127
0.416032 0.410977 0.127 0.422126 0.405377 0.127 0.416334 0.416919 0.127 0.433207
0.416754 0.127 0.427644 0.429142 0.127 0.455724 0.429324 0.127 0.450005 0.434435
0.127 0.467205 0.434577 0.127 0.461502 0.450401 0.127 0.540069 0.427759 0.127
0.562514 0.451053 0.127 0.484283 0.473027 0.127 0.517648 0.473289 0.127 0.495342
0.46215 0.127 0.495409 0.451248 0.127 0.473311 0.445606 0.127 0.473162 0.440037
0.127 0.467348 0.405155 0.127 0.58499 0.382589 0.127 0.607482 0.360049 0.127
0.629983 0.337526 0.127 0.652486 0.315013 0.127 0.67499 0.224993 0.127 0.65249
0.2475 0.127 0.674992 0.270003 0.127 0.697494 0.292506 0.127 0.697494 0.388589
0.127 0.402501 0.3988 0.127 0.41018 0.39778 0.127 0.404318 0.377383 0.127
0.33739 0.383453 0.127 0.343471 0.33099 0.127 0.281255 0.325149 0.127 0.275594
0.371439 0.127 0.320848 0.377439 0.127 0.331699 0.377377 0.127 0.326244 0.318735
0.127 0.269913 0.313144 0.127 0.26417 0.308499 0.127 0.258043 0.306462 0.127
0.257112 0.371031 0.127 0.292689 0.359558 0.127 0.281287 0.377191 0.127 0.315352
0.382927 0.127 0.315486 0.382815 0.127 0.309939 0.382673 0.127 0.30427 0.342472
0.127 0.275636 0.342479 0.127 0.270012 0.336741 0.127 0.269992 0.336738 0.127
0.27562 0.348157 0.127 0.275645 0.348175 0.127 0.270026 0.429427 0.127 0.444312
0.429116 0.127 0.438679 0.422999 0.127 0.438745 0.41217 0.127 0.41463 0.416636
0.127 0.422126 0.405731 0.127 0.410519 0.42275 0.127 0.433143 0.422457 0.127
0.427546 0.440124 0.127 0.461629 0.434814 0.127 0.455749 0.435239 0.127 0.449983
0.472867 0.127 0.540064 0.450272 0.127 0.562523 0.427678 0.127 0.584997 0.462278
0.127 0.484283 0.495394 0.127 0.517592 0.495559 0.127 0.495205 0.484429 0.127
0.495275 0.473395 0.127 0.484183 0.462518 0.127 0.473281 0.45694 0.127 0.473363
0.445617 0.127 0.467564 0.451275 0.127 0.467867 0.405108 0.127 0.607487 0.382563
0.127 0.629985 0.360035 0.127 0.652487 0.337518 0.127 0.67499 0.315009 0.127
0.697494 0.224996 0.127 0.674993 0.2475 0.127 0.697495 0.270002 0.127 0.719996
0.292504 0.127 0.719996 0.388554 0.127 0.402302 0.395887 0.127 0.397156 0.405617
0.127 0.404876 0.383167 0.127 0.337861 0.387326 0.127 0.344542 0.330983 0.127
0.275608 0.325121 0.127 0.269952 0.377276 0.127 0.320847 0.38339 0.127 0.331522
0.383242 0.127 0.326181 0.318676 0.127 0.264276 0.313329 0.127 0.258557 0.308968
0.127 0.254145 0.370948 0.127 0.281374 0.382421 0.127 0.292868 0.359566 0.127
0.270068 0.388603 0.127 0.315619 0.388462 0.127 0.31001 0.388353 0.127 0.304349
0.383072 0.127 0.320924 0.336743 0.127 0.264372 0.342487 0.127 0.264386 0.342491
0.127 0.258754 0.33673 0.127 0.258753 0.348184 0.127 0.264399 0.348216 0.127
0.258763 0.330975 0.127 0.269975 0.435409 0.127 0.444289 0.428726 0.127 0.433059
0.435159 0.127 0.438641 0.412019 0.127 0.410436 0.415772 0.127 0.414869 0.42215
0.127 0.421915 0.428291 0.127 0.427448 0.440308 0.127 0.455814 0.445578 0.127
0.461872 0.441225 0.127 0.449951 0.495293 0.127 0.540043 0.472754 0.127 0.562523
0.450185 0.127 0.585003 0.427621 0.127 0.607491 0.495602 0.127 0.483986 0.48448
0.127 0.484067 0.517759 0.127 0.517543 0.517783 0.127 0.495065 0.47358 0.127
0.47309 0.468072 0.127 0.473197 0.457057 0.127 0.467874 0.462627 0.127 0.467747
0.451214 0.127 0.462587 0.405074 0.127 0.629988 0.382543 0.127 0.652488 0.360024
0.127 0.674991 0.337512 0.127 0.697493 0.315006 0.127 0.719996 0.224998 0.127
0.697495 0.2475 0.127 0.719997 0.270002 0.127 0.742498 0.292503 0.127 0.742497
0.404597 0.127 0.399188 0.413128 0.127 0.40635 0.38976 0.127 0.339967 0.32508
0.127 0.264333 0.389095 0.127 0.331773 0.388803 0.127 0.326416 0.318511 0.127
0.258707 0.311188 0.127 0.252652 0.37093 0.127 0.270109 0.382321 0.127 0.281515
0.393928 0.127 0.304364 0.393701 0.127 0.29299 0.359611 0.127 0.258794 0.388736
0.127 0.321088 0.394171 0.127 0.315674 0.394044 0.127 0.310031 0.342476 0.127
0.253101 0.336684 0.127 0.25311 0.348204 0.127 0.253104 0.330957 0.127 0.264357
0.330904 0.127 0.258756 0.441546 0.127 0.444282 0.434621 0.127 0.432999 0.441221
0.127 0.438657 0.421759 0.127 0.41614 0.427865 0.127 0.421783 0.43419 0.127
0.427388 0.446993 0.127 0.454295 0.446985 0.127 0.44952 0.517711 0.127 0.540021
0.495212 0.127 0.562516 0.472675 0.127 0.585004 0.450125 0.127 0.607495 0.427582
0.127 0.62999 0.517733 0.127 0.472559 0.495591 0.127 0.472736 0.484526 0.127
0.472855 0.540164 0.127 0.517518 0.54016 0.127 0.495025 0.473648 0.127 0.467506
0.46813 0.127 0.467608 0.457329 0.127 0.46246 0.462767 0.127 0.4622 0.45099
0.127 0.4572 0.40505 0.127 0.65249 0.382529 0.127 0.674991 0.360016 0.127
0.697494 0.337508 0.127 0.719996 0.315004 0.127 0.742497 0.224999 0.127 0.719997
0.2475 0.127 0.742498 0.270001 0.127 0.764998 0.292502 0.127 0.764998 0.396636
0.127 0.391921 0.404416 0.127 0.393207 0.412321 0.127 0.400419 0.394221 0.127
0.332384 0.39436 0.127 0.331173 0.392669 0.127 0.33119 0.32497 0.127 0.258754
0.394658 0.127 0.328238 0.317885 0.127 0.253331 0.382299 0.127 0.270187 0.370962
0.127 0.258815 0.393648 0.127 0.281638 0.399447 0.127 0.304355 0.404898 0.127
0.304399 0.40491 0.127 0.298709 0.404918 0.127 0.293029 0.394174 0.127 0.321214
0.399647 0.127 0.31542 0.399523 0.127 0.309961 0.33078 0.127 0.253135 0.446984
0.127 0.444298 0.440275 0.127 0.432963 0.446983 0.127 0.439077 0.419697 0.127
0.408563 0.42738 0.127 0.415986 0.433764 0.127 0.421744 0.439913 0.127 0.427374
0.540145 0.127 0.540009 0.517663 0.127 0.562507 0.49515 0.127 0.585002 0.472619
0.127 0.607496 0.450084 0.127 0.629993 0.427555 0.127 0.652492 0.517617 0.127
0.449992 0.506467 0.127 0.450016 0.495401 0.127 0.450082 0.495537 0.127 0.461443
0.540116 0.127 0.472522 0.484507 0.127 0.461571 0.562606 0.127 0.517508 0.562601
0.127 0.495014 0.473626 0.127 0.461836 0.468168 0.127 0.461981 0.45627 0.127
0.455352 0.462845 0.127 0.456533 0.405033 0.127 0.674992 0.382519 0.127 0.697494
0.360011 0.127 0.719996 0.337505 0.127 0.742497 0.315003 0.127 0.764998 0.224999
0.127 0.742498 0.2475 0.127 0.764999 0.270001 0.127 0.787499 0.292501 0.127
0.787499 0.40413 0.127 0.387144 0.398949 0.127 0.387535 0.411677 0.127 0.394191
0.416454 0.127 0.399383 0.396094 0.127 0.328635 0.394953 0.127 0.331274 0.324681
0.127 0.253195 0.395842 0.127 0.327359 0.310955 0.127 0.252076 0.393655 0.127
0.270265 0.382324 0.127 0.258854 0.404958 0.127 0.281664 0.404826 0.127 0.3101
0.410486 0.127 0.298718 0.410519 0.127 0.293033 0.410429 0.127 0.304442 0.400157
0.127 0.321312 0.40463 0.127 0.315734 0.446993 0.127 0.434343 0.426779 0.127
0.410039 0.433335 0.127 0.41601 0.439621 0.127 0.42176 0.44541 0.127 0.427412
0.562598 0.127 0.540003 0.540118 0.127 0.562502 0.51762 0.127 0.585 0.495105
0.127 0.607497 0.472581 0.127 0.629994 0.450056 0.127 0.652493 0.427536 0.127
0.674993 0.517567 0.127 0.4387 0.506391 0.127 0.438697 0.540059 0.127 0.450002
0.528823 0.127 0.449993 0.484366 0.127 0.450158 0.495287 0.127 0.438713 0.562582
0.127 0.472519 0.585071 0.127 0.517505 0.58507 0.127 0.495011 0.473367 0.127
0.450279 0.473573 0.127 0.456119 0.468109 0.127 0.45625 0.462089 0.127 0.450288
0.45651 0.127 0.44977 0.405022 0.127 0.697495 0.382513 0.127 0.719996 0.360007
0.127 0.742497 0.337503 0.127 0.764998 0.315002 0.127 0.787499 0.225 0.127
0.764999 0.202497 0.127 0.719997 0.202499 0.127 0.742498 0.2475 0.127 0.787499
0.27 0.127 0.809999 0.292501 0.127 0.809999 0.411176 0.127 0.388275 0.403017
0.127 0.380721 0.418864 0.127 0.395214 0.410601 0.127 0.382372 0.410155 0.127
0.3762 0.405056 0.127 0.376972 0.396795 0.127 0.328638 0.399368 0.127 0.326509
0.40501 0.127 0.270286 0.393691 0.127 0.258894 0.416149 0.127 0.293001 0.416282
0.127 0.281608 0.410331 0.127 0.310238 0.416091 0.127 0.298704 0.416016 0.127
0.30443 0.405416 0.127 0.322653 0.410569 0.127 0.316557 0.432951 0.127 0.410205
0.426121 0.127 0.403901 0.421718 0.127 0.404944 0.439379 0.127 0.41609 0.44527
0.127 0.421789 0.450558 0.127 0.430931 0.451362 0.127 0.428081 0.585067 0.127
0.540002 0.562583 0.127 0.5625 0.540091 0.127 0.584998 0.517587 0.127 0.607497
0.495072 0.127 0.629995 0.472554 0.127 0.652494 0.450037 0.127 0.674994 0.427524
0.127 0.697495 0.517516 0.127 0.427393 0.506324 0.127 0.427363 0.52879 0.127
0.438721 0.540039 0.127 0.438743 0.562564 0.127 0.450028 0.484238 0.127 0.438715
0.495203 0.127 0.427358 0.585066 0.127 0.472518 0.607551 0.127 0.517505 0.607553
0.127 0.495009 0.473213 0.127 0.43867 0.473243 0.127 0.44446 0.467771 0.127
0.45031 0.461764 0.127 0.444421 0.45651 0.127 0.444378 0.405014 0.127 0.719996
0.382508 0.127 0.742497 0.360004 0.127 0.764998 0.337502 0.127 0.787499 0.315001
0.127 0.809999 0.225 0.127 0.787499 0.202499 0.127 0.764999 0.179996 0.127
0.719997 0.179998 0.127 0.742498 0.2475 0.127 0.809999 0.27 0.127 0.8325
0.2925 0.127 0.8325 0.418419 0.127 0.389172 0.4132 0.127 0.363156 0.413211
0.127 0.363127 0.413192 0.127 0.363159 0.409449 0.127 0.369486 0.41713 0.127
0.382928 0.416285 0.127 0.376861 0.427507 0.127 0.29288 0.427636 0.127 0.281538
0.421644 0.127 0.304374 0.427301 0.127 0.304313 0.415905 0.127 0.310235 0.410019
0.127 0.321755 0.415364 0.127 0.316613 0.439301 0.127 0.410399 0.432667 0.127
0.404438 0.425792 0.127 0.398118 0.445177 0.127 0.416125 0.450817 0.127 0.421841
0.456262 0.127 0.432758 0.455803 0.127 0.428187 0.585058 0.127 0.562499 0.607547
0.127 0.540002 0.562567 0.127 0.584998 0.540068 0.127 0.607497 0.517561 0.127
0.629996 0.495049 0.127 0.652495 0.472536 0.127 0.674995 0.450024 0.127 0.697496
0.427515 0.127 0.719997 0.517475 0.127 0.416057 0.506284 0.127 0.416 0.528758
0.127 0.427441 0.562569 0.127 0.427534 0.5513 0.127 0.427519 0.540025 0.127
0.427487 0.585068 0.127 0.450029 0.48416 0.127 0.427347 0.495156 0.127 0.416006
0.607555 0.127 0.472515 0.630038 0.127 0.517504 0.630041 0.127 0.495008 0.473269
0.127 0.432923 0.473209 0.127 0.427296 0.46757 0.127 0.444448 0.467615 0.127
0.438626 0.461952 0.127 0.43859 0.456511 0.127 0.438834 0.405009 0.127 0.742497
0.382505 0.127 0.764998 0.360003 0.127 0.787499 0.337501 0.127 0.809999 0.315001
0.127 0.8325 0.225 0.127 0.809999 0.2025 0.127 0.787499 0.179999 0.127
0.764999 0.2475 0.127 0.8325 0.27 0.127 0.855 0.2925 0.127 0.855
0.422972 0.127 0.388238 0.413204 0.127 0.363172 0.413219 0.127 0.36316 0.415152
0.127 0.370109 0.423515 0.127 0.383659 0.422441 0.127 0.377754 0.438851 0.127
0.292819 0.438986 0.127 0.281497 0.432962 0.127 0.304265 0.438663 0.127 0.304194
0.421568 0.127 0.310092 0.427242 0.127 0.309999 0.415379 0.127 0.32232 0.421433
0.127 0.315845 0.445242 0.127 0.410456 0.4394 0.127 0.404751 0.432584 0.127
0.398765 0.450759 0.127 0.416103 0.456335 0.127 0.421811 0.462521 0.127 0.432532
0.462115 0.127 0.42727 0.607541 0.127 0.5625 0.585048 0.127 0.584998 0.630034
0.127 0.540002 0.562551 0.127 0.607497 0.540049 0.127 0.629996 0.517542 0.127
0.652496 0.495033 0.127 0.674996 0.472523 0.127 0.697496 0.450016 0.127 0.719997
0.42751 0.127 0.742498 0.528724 0.127 0.416145 0.517424 0.127 0.404623 0.5063
0.127 0.404529 0.551299 0.127 0.416265 0.540008 0.127 0.41622 0.562576 0.127
0.416283 0.585087 0.127 0.42754 0.607562 0.127 0.450023 0.484089 0.127 0.416049
0.495217 0.127 0.404592 0.630045 0.127 0.472513 0.652529 0.127 0.517504 0.652533
0.127 0.495007 0.467684 0.127 0.427258 0.467786 0.127 0.432816 0.473089 0.127
0.416108 0.473165 0.127 0.421699 0.405006 0.127 0.764998 0.382503 0.127 0.787499
0.360002 0.127 0.809999 0.337501 0.127 0.8325 0.315 0.127 0.855 0.225
0.127 0.8325 0.2025 0.127 0.81 0.179999 0.127 0.787499 0.2475 0.127
0.855 0.27 0.127 0.8775 0.2925 0.127 0.8775 0.419356 0.127 0.352505
0.420922 0.127 0.354593 0.42072 0.127 0.35192 0.415092 0.127 0.359703 0.421219
0.127 0.36513 0.421156 0.127 0.359001 0.42173 0.127 0.371319 0.427558 0.127
0.38264 0.428731 0.127 0.379261 0.450164 0.127 0.292776 0.450258 0.127 0.281475
0.450075 0.127 0.30407 0.432915 0.127 0.309929 0.438589 0.127 0.309872 0.427163
0.127 0.315698 0.418647 0.127 0.323799 0.419005 0.127 0.32384 0.419074 0.127
0.323549 0.431517 0.127 0.393733 0.431167 0.127 0.391623 0.43027 0.127 0.392185
0.450769 0.127 0.410333 0.446032 0.127 0.404293 0.439543 0.127 0.399101 0.456281
0.127 0.416115 0.462001 0.127 0.421714 0.63003 0.127 0.5625 0.607534 0.127
0.584999 0.585038 0.127 0.607498 0.652526 0.127 0.540002 0.562538 0.127 0.629997
0.540034 0.127 0.652497 0.517528 0.127 0.674997 0.495022 0.127 0.697497 0.472515
0.127 0.719997 0.45001 0.127 0.742498 0.427506 0.127 0.764998 0.528659 0.127
0.404791 0.517296 0.127 0.392981 0.511774 0.127 0.392783 0.506319 0.127 0.392699
0.551286 0.127 0.404998 0.539966 0.127 0.404928 0.562585 0.127 0.405027 0.573867
0.127 0.405038 0.585127 0.127 0.40504 0.607579 0.127 0.42753 0.630052 0.127
0.450017 0.484123 0.127 0.404731 0.500942 0.127 0.392738 0.49544 0.127 0.392959
0.652537 0.127 0.47251 0.675027 0.127 0.495006 0.675025 0.127 0.517504 0.467595
0.127 0.421694 0.473083 0.127 0.404889 0.473084 0.127 0.410516 0.467519 0.127
0.416119 0.405004 0.127 0.787499 0.382502 0.127 0.809999 0.360001 0.127 0.8325
0.3375 0.127 0.855 0.315 0.127 0.8775 0.225 0.127 0.855 0.2025
0.127 0.8325 0.18 0.127 0.81 0.157498 0.127 0.764999 0.157499 0.127
0.787499 0.2475 0.127 0.8775 0.27 0.127 0.9 0.2925 0.127 0.9
0.675021 0.127 0.540002 0.720014 0.127 0.540002 0.720018 0.127 0.495003 0.422171
0.127 0.347175 0.422752 0.127 0.347328 0.423468 0.127 0.352614 0.427385 0.127
0.365703 0.427194 0.127 0.359583 0.427693 0.127 0.372076 0.433321 0.127 0.37934
0.461389 0.127 0.292761 0.461443 0.127 0.281456 0.461369 0.127 0.304051 0.438553
0.127 0.315502 0.450014 0.127 0.315317 0.432864 0.127 0.315587 0.419282 0.127
0.323775 0.427067 0.127 0.321393 0.419045 0.127 0.324067 0.433379 0.127 0.391953
0.431424 0.127 0.390764 0.456183 0.127 0.410421 0.451911 0.127 0.402406 0.447035
0.127 0.398534 0.439413 0.127 0.393111 0.461915 0.127 0.416123 0.652523 0.127
0.562501 0.630025 0.127 0.585 0.607528 0.127 0.607498 0.585029 0.127 0.629998
0.562527 0.127 0.652497 0.540024 0.127 0.674997 0.517519 0.127 0.697497 0.495014
0.127 0.719998 0.47251 0.127 0.742498 0.450006 0.127 0.764999 0.427504 0.127
0.787499 0.528468 0.127 0.393321 0.522836 0.127 0.393137 0.511688 0.127 0.386961
0.50627 0.127 0.386673 0.517185 0.127 0.387221 0.551241 0.127 0.393723 0.53985
0.127 0.393614 0.562582 0.127 0.393765 0.58514 0.127 0.393785 0.573877 0.127
0.39378 0.607604 0.127 0.405031 0.630064 0.127 0.427521 0.652543 0.127 0.450013
0.489958 0.127 0.393069 0.484324 0.127 0.393233 0.501004 0.127 0.386891 0.495589
0.127 0.387164 0.675032 0.127 0.472508 0.473126 0.127 0.393509 0.473123 0.127
0.399245 0.467495 0.127 0.410535 0.467522 0.127 0.404947 0.405002 0.127 0.809999
0.382501 0.127 0.8325 0.360001 0.127 0.855 0.3375 0.127 0.8775 0.315
0.127 0.9 0.225 0.127 0.8775 0.2025 0.127 0.855 0.18 0.127
0.8325 0.1575 0.127 0.81 0.134998 0.127 0.764999 0.134999 0.127 0.787499
0.2475 0.127 0.9 0.27 0.127 0.9225 0.2925 0.127 0.9225 0.675036
0.127 0.45001 0.720024 0.127 0.450005 0.675019 0.127 0.562501 0.675015 0.127
0.585 0.72001 0.127 0.585 0.675048 0.127 0.405011 0.675044 0.127 0.427512
0.720031 0.127 0.405006 0.423009 0.127 0.345024 0.423556 0.127 0.344899 0.425325
0.127 0.348041 0.427335 0.127 0.353898 0.433084 0.127 0.366193 0.432904 0.127
0.359979 0.433214 0.127 0.372532 0.472541 0.127 0.292763 0.472582 0.127 0.281444
0.461369 0.127 0.315324 0.472573 0.127 0.304087 0.438489 0.127 0.321119 0.438429
0.127 0.32663 0.444168 0.127 0.326527 0.449907 0.127 0.326495 0.432796 0.127
0.321219 0.421396 0.127 0.326869 0.426447 0.127 0.327509 0.454069 0.127 0.40227
0.461872 0.127 0.410524 0.446902 0.127 0.393284 0.43843 0.127 0.386796 0.433663
0.127 0.38778 0.652519 0.127 0.585 0.63002 0.127 0.607499 0.607521 0.127
0.629998 0.585021 0.127 0.652498 0.562519 0.127 0.674998 0.540016 0.127 0.697498
0.517512 0.127 0.719998 0.495009 0.127 0.742498 0.472506 0.127 0.764999 0.450004
0.127 0.787499 0.427502 0.127 0.809999 0.522705 0.127 0.387467 0.528304 0.127
0.38764 0.511548 0.127 0.381128 0.506173 0.127 0.380425 0.517019 0.127 0.381501
0.551138 0.127 0.382472 0.539536 0.127 0.382385 0.562562 0.127 0.38251 0.585148
0.127 0.38253 0.573883 0.127 0.382526 0.607625 0.127 0.382527 0.596391 0.127
0.38253 0.630077 0.127 0.405022 0.652551 0.127 0.427515 0.533751 0.127 0.382303
0.528102 0.127 0.382117 0.490077 0.127 0.387349 0.484473 0.127 0.387478 0.501081
0.127 0.38111 0.495726 0.127 0.381474 0.467578 0.127 0.39933 0.484603 0.127
0.381827 0.478971 0.127 0.381947 0.473254 0.127 0.38204 0.473158 0.127 0.387775
0.467532 0.127 0.393575 0.461915 0.127 0.404971 0.405001 0.127 0.8325 0.382501
0.127 0.855 0.36 0.127 0.8775 0.3375 0.127 0.9 0.315 0.127
0.9225 0.225 0.127 0.9 0.2025 0.127 0.8775 0.18 0.127 0.855
0.1575 0.127 0.8325 0.134999 0.127 0.81 0.27 0.127 0.945 0.2925
0.127 0.945 0.675013 0.127 0.6075 0.67501 0.127 0.63 0.720007 0.127
0.63 0.675056 0.127 0.360008 0.675054 0.127 0.382511 0.72004 0.127 0.360004
0.652559 0.127 0.405015 0.423015 0.127 0.342913 0.427301 0.127 0.347899 0.425869
0.127 0.342607 0.427406 0.127 0.348658 0.432786 0.127 0.354217 0.438707 0.127
0.366658 0.438638 0.127 0.360324 0.438514 0.127 0.38018 0.438645 0.127 0.373287
0.483709 0.127 0.292771 0.483746 0.127 0.281429 0.461416 0.127 0.326553 0.472693
0.127 0.315435 0.483777 0.127 0.304152 0.432691 0.127 0.326762 0.43827 0.127
0.332076 0.444111 0.127 0.332071 0.449855 0.127 0.332064 0.423977 0.127 0.333753
0.446056 0.127 0.386976 0.437618 0.127 0.382458 0.652515 0.127 0.6075 0.630016
0.127 0.629999 0.607516 0.127 0.652499 0.585015 0.127 0.674998 0.562513 0.127
0.697498 0.540011 0.127 0.719998 0.517508 0.127 0.742499 0.495006 0.127 0.764999
0.472504 0.127 0.787499 0.450002 0.127 0.809999 0.427501 0.127 0.8325 0.522498
0.127 0.381875 0.511134 0.127 0.375219 0.506139 0.127 0.37424 0.516832 0.127
0.375881 0.551006 0.127 0.371288 0.53923 0.127 0.371333 0.53934 0.127 0.376842
0.562524 0.127 0.371283 0.585143 0.127 0.371281 0.573876 0.127 0.371284 0.596382
0.127 0.371278 0.607619 0.127 0.371275 0.630083 0.127 0.382518 0.533579 0.127
0.376797 0.527854 0.127 0.376658 0.490222 0.127 0.381671 0.501403 0.127 0.375439
0.495906 0.127 0.375862 0.462129 0.127 0.399506 0.47905 0.127 0.376341 0.473345
0.127 0.376409 0.467507 0.127 0.387782 0.48474 0.127 0.376198 0.467599 0.127
0.382016 0.46191 0.127 0.393648 0.405001 0.127 0.855 0.3825 0.127 0.8775
0.36 0.127 0.9 0.3375 0.127 0.9225 0.315 0.127 0.945 0.2025
0.127 0.9 0.18 0.127 0.8775 0.1575 0.127 0.855 0.135 0.127
0.8325 0.585107 0.127 0.360038 0.573838 0.127 0.360059 0.562472 0.127 0.360091
0.720004 0.127 0.675 0.675008 0.127 0.6525 0.675006 0.127 0.675 0.652512
0.127 0.629999 0.675078 0.127 0.315005 0.675065 0.127 0.337506 0.720053 0.127
0.315003 0.652563 0.127 0.36001 0.652564 0.127 0.382513 0.423092 0.127 0.338392
0.432022 0.127 0.343334 0.432685 0.127 0.348981 0.438491 0.127 0.354421 0.444524
0.127 0.366582 0.444458 0.127 0.360435 0.445398 0.127 0.378707 0.444672 0.127
0.372695 0.494958 0.127 0.28141 0.494931 0.127 0.292779 0.472871 0.127 0.326758
0.449863 0.127 0.33765 0.461493 0.127 0.337762 0.483969 0.127 0.315587 0.494983
0.127 0.304243 0.432216 0.127 0.332034 0.438266 0.127 0.33762 0.444095 0.127
0.337635 0.456105 0.127 0.399399 0.630012 0.127 0.652499 0.607511 0.127 0.674999
0.58501 0.127 0.697499 0.562509 0.127 0.719999 0.540007 0.127 0.742499 0.517505
0.127 0.764999 0.495003 0.127 0.787499 0.472502 0.127 0.81 0.450001 0.127
0.8325 0.427501 0.127 0.855 0.522213 0.127 0.376398 0.511294 0.127 0.370335
0.506236 0.127 0.37036 0.516554 0.127 0.370302 0.533395 0.127 0.37135 0.550907
0.127 0.360135 0.539066 0.127 0.360184 0.539087 0.127 0.3658 0.596352 0.127
0.360027 0.607593 0.127 0.360022 0.630071 0.127 0.360012 0.527561 0.127 0.37132
0.490429 0.127 0.376002 0.50102 0.127 0.370752 0.497238 0.127 0.368916 0.467725
0.127 0.376354 0.479104 0.127 0.370818 0.473398 0.127 0.370896 0.46178 0.127
0.387787 0.484848 0.127 0.370621 0.461943 0.127 0.381953 0.456502 0.127 0.393541
0.405 0.127 0.8775 0.3825 0.127 0.9 0.36 0.127 0.9225 0.3375
0.127 0.945 0.18 0.127 0.9 0.1575 0.127 0.8775 0.135 0.127
0.855 0.112499 0.127 0.81 0.1125 0.127 0.8325 0.585049 0.127 0.348798
0.58501 0.127 0.337553 0.57372 0.127 0.337597 0.573768 0.127 0.348836 0.562371
0.127 0.337666 0.562405 0.127 0.348895 0.720002 0.127 0.72 0.675004 0.127
0.6975 0.675003 0.127 0.72 0.652509 0.127 0.652499 0.652507 0.127 0.674999
0.449867 0.127 0.343249 0.45003 0.127 0.348867 0.455942 0.127 0.348866 0.461732
0.127 0.348894 0.675103 0.127 0.292504 0.652569 0.127 0.337507 0.65259 0.127
0.315006 0.432507 0.127 0.343418 0.438378 0.127 0.348892 0.444321 0.127 0.354534
0.45038 0.127 0.366083 0.450306 0.127 0.360282 0.450066 0.127 0.375829 0.450851
0.127 0.372488 0.423176 0.127 0.337958 0.432205 0.127 0.337649 0.506178 0.127
0.281404 0.506131 0.127 0.292796 0.517336 0.127 0.292765 0.517417 0.127 0.281384
0.484294 0.127 0.327058 0.473155 0.127 0.338011 0.495151 0.127 0.315866 0.506108
0.127 0.304321 0.438316 0.127 0.343295 0.444106 0.127 0.343254 0.630009 0.127
0.674999 0.607508 0.127 0.697499 0.585007 0.127 0.719999 0.562506 0.127 0.742499
0.540004 0.127 0.764999 0.517503 0.127 0.787499 0.495002 0.127 0.81 0.472501
0.127 0.8325 0.450001 0.127 0.855 0.4275 0.127 0.8775 0.521846 0.127
0.371121 0.516875 0.127 0.365651 0.533271 0.127 0.365847 0.550829 0.127 0.34894
0.538887 0.127 0.348848 0.538936 0.127 0.35452 0.533261 0.127 0.3602 0.596311
0.127 0.348779 0.607566 0.127 0.348771 0.630068 0.127 0.337509 0.607553 0.127
0.337521 0.527401 0.127 0.365905 0.490977 0.127 0.36998 0.467745 0.127 0.370914
0.462242 0.127 0.376122 0.479093 0.127 0.365422 0.473411 0.127 0.365449 0.456498
0.127 0.387814 0.484696 0.127 0.365352 0.45648 0.127 0.382205 0.405 0.127
0.9 0.3825 0.127 0.9225 0.36 0.127 0.945 0.1575 0.127 0.9
0.135 0.127 0.8775 0.1125 0.127 0.855 0.0899994 0.127 0.81 0.0899997
0.127 0.8325 0.585017 0.127 0.326301 0.585062 0.127 0.315042 0.573772 0.127
0.315069 0.573726 0.127 0.326338 0.562396 0.127 0.3264 0.562453 0.127 0.315115
0.596287 0.127 0.337531 0.55085 0.127 0.337744 0.675002 0.127 0.7425 0.675001
0.127 0.765 0.720001 0.127 0.765 0.652505 0.127 0.6975 0.652503 0.127
0.72 0.456175 0.127 0.360112 0.461938 0.127 0.359999 0.461847 0.127 0.354454
0.456052 0.127 0.354479 0.450178 0.127 0.354527 0.473361 0.127 0.349059 0.473312
0.127 0.343589 0.467591 0.127 0.348953 0.444185 0.127 0.348871 0.652622 0.127
0.292505 0.6301 0.127 0.315009 0.550966 0.127 0.3265 0.551085 0.127 0.315196
0.539666 0.127 0.315338 0.53942 0.127 0.326663 0.539001 0.127 0.337774 0.538811
0.127 0.343288 0.456328 0.127 0.365755 0.455605 0.127 0.376555 0.45567 0.127
0.372231 0.528599 0.127 0.292693 0.52869 0.127 0.281351 0.539993 0.127 0.281316
0.539916 0.127 0.292623 0.517229 0.127 0.304257 0.478929 0.127 0.338134 0.484569
0.127 0.338272 0.484468 0.127 0.332745 0.489962 0.127 0.327248 0.495443 0.127
0.3274 0.495262 0.127 0.321699 0.500667 0.127 0.316032 0.506092 0.127 0.316035
0.630006 0.127 0.697499 0.607506 0.127 0.719999 0.585005 0.127 0.742499 0.562504
0.127 0.764999 0.540003 0.127 0.7875 0.517502 0.127 0.81 0.495001 0.127
0.8325 0.472501 0.127 0.855 0.45 0.127 0.8775 0.4275 0.127 0.9
0.521302 0.127 0.365357 0.533104 0.127 0.354485 0.532971 0.127 0.348703 0.527549
0.127 0.360201 0.607596 0.127 0.315019 0.607563 0.127 0.326271 0.494388 0.127
0.365448 0.490435 0.127 0.365346 0.467712 0.127 0.365453 0.462161 0.127 0.371006
0.479128 0.127 0.360041 0.47342 0.127 0.360012 0.484728 0.127 0.360026 0.405
0.127 0.9225 0.3825 0.127 0.945 0.135 0.127 0.9 0.0899998 0.127
0.855 0.585124 0.127 0.303782 0.573835 0.127 0.303799 0.562517 0.127 0.303828
0.573897 0.127 0.292531 0.562578 0.127 0.292547 0.585183 0.127 0.292523 0.596296
0.127 0.326281 0.596335 0.127 0.315027 0.652502 0.127 0.7425 0.675001 0.127
0.7875 0.675001 0.127 0.81 0.720001 0.127 0.81 0.652502 0.127 0.765
0.630004 0.127 0.72 0.467676 0.127 0.359975 0.47341 0.127 0.35455 0.467642
0.127 0.354486 0.462042 0.127 0.365531 0.479014 0.127 0.343672 0.479082 0.127
0.349135 0.48471 0.127 0.349186 0.484646 0.127 0.343768 0.528281 0.127 0.315576
0.539815 0.127 0.303969 0.528474 0.127 0.304105 0.517066 0.127 0.315944 0.630151
0.127 0.292507 0.527846 0.127 0.327037 0.527535 0.127 0.332647 0.527319 0.127
0.337972 0.533059 0.127 0.337804 0.521916 0.127 0.332905 0.516471 0.127 0.333257
0.516384 0.127 0.338704 0.521699 0.127 0.338244 0.522134 0.127 0.32733 0.516678
0.127 0.327581 0.516903 0.127 0.321846 0.532942 0.127 0.343232 0.527101 0.127
0.343188 0.527026 0.127 0.348388 0.551175 0.127 0.30388 0.551247 0.127 0.292574
0.551308 0.127 0.281289 0.562632 0.127 0.281275 0.511518 0.127 0.316106 0.490195
0.127 0.338413 0.490095 0.127 0.332883 0.500721 0.127 0.321826 0.500825 0.127
0.327599 0.495629 0.127 0.333053 0.506047 0.127 0.321924 0.607504 0.127 0.7425
0.585003 0.127 0.765 0.562502 0.127 0.7875 0.540002 0.127 0.81 0.517501
0.127 0.8325 0.495001 0.127 0.855 0.4725 0.127 0.8775 0.45 0.127
0.9 0.4275 0.127 0.9225 0.521799 0.127 0.360114 0.518791 0.127 0.360059
0.527219 0.127 0.354444 0.60764 0.127 0.303767 0.607682 0.127 0.292513 0.491789
0.127 0.359068 0.479138 0.127 0.354606 0.484771 0.127 0.354625 0.405 0.127
0.945 0.36 0.127 0.9675 0.3825 0.127 0.9675 0.596388 0.127 0.303772
0.57395 0.127 0.281269 0.59644 0.127 0.292517 0.585233 0.127 0.281265 0.630003
0.127 0.7425 0.652501 0.127 0.7875 0.675 0.127 0.8325 0.675 0.127
0.855 0.72 0.127 0.855 0.652501 0.127 0.81 0.630002 0.127 0.765
0.490615 0.127 0.349543 0.490232 0.127 0.34388 0.60772 0.127 0.28126 0.511407
0.127 0.321943 0.505982 0.127 0.327776 0.511228 0.127 0.327778 0.516135 0.127
0.344132 0.521433 0.127 0.343325 0.51104 0.127 0.333561 0.511168 0.127 0.338916
0.520995 0.127 0.348422 0.495775 0.127 0.338568 0.501001 0.127 0.333304 0.607502
0.127 0.765 0.585002 0.127 0.7875 0.562501 0.127 0.81 0.540001 0.127
0.8325 0.517501 0.127 0.855 0.495 0.127 0.8775 0.4725 0.127 0.9
0.45 0.127 0.9225 0.4275 0.127 0.945 0.520977 0.127 0.35446 0.518649
0.127 0.354396 0.491949 0.127 0.355437 0.405 0.127 0.9675 0.36 0.127
0.99 0.3825 0.127 0.99 0.596484 0.127 0.281262 0.630001 0.127 0.7875
0.6525 0.127 0.8325 0.675 0.127 0.8775 0.675 0.127 0.9 0.72
0.127 0.9 0.6525 0.127 0.855 0.630001 0.127 0.81 0.495941 0.127
0.344113 0.495214 0.127 0.3488 0.516152 0.127 0.349182 0.505922 0.127 0.33359
0.50604 0.127 0.339053 0.510602 0.127 0.345064 0.501183 0.127 0.338715 0.607502
0.127 0.7875 0.585001 0.127 0.81 0.562501 0.127 0.8325 0.540001 0.127
0.855 0.5175 0.127 0.8775 0.495 0.127 0.9 0.4725 0.127 0.9225
0.45 0.127 0.945 0.4275 0.127 0.9675 0.501774 0.127 0.344691 0.405
0.127 0.99 0.630001 0.127 0.8325 0.6525 0.127 0.8775 0.675 0.127
0.9225 0.675 0.127 0.945 0.72 0.127 0.945 0.6525 0.127 0.9
0.63 0.127 0.855 0.607501 0.127 0.81 0.506346 0.127 0.344787 0.585001
0.127 0.8325 0.562501 0.127 0.855 0.54 0.127 0.8775 0.5175 0.127
0.9 0.495 0.127 0.9225 0.4725 0.127 0.945 0.45 0.127 0.9675
0.4275 0.127 0.99 0.607501 0.127 0.8325 0.63 0.127 0.8775 0.6525
0.127 0.9225 0.675 0.127 0.9675 0.675 0.127 0.99 0.72 0.127
0.99 0.6525 0.127 0.945 0.63 0.127 0.9 0.6075 0.127 0.855
0.585 0.127 0.855 0.5625 0.127 0.8775 0.54 0.127 0.9 0.5175
0.127 0.9225 0.495 0.127 0.945 0.4725 0.127 0.9675 0.45 0.127
0.99 0.6075 0.127 0.8775 0.63 0.127 0.9225 0.6525 0.127 0.9675
0.6525 0.127 0.99 0.63 0.127 0.945 0.6075 0.127 0.9 0.585
0.127 0.8775 0.5625 0.127 0.9 0.54 0.127 0.9225 0.5175 0.127
0.945 0.495 0.127 0.9675 0.4725 0.127 0.99 0.6075 0.127 0.9225
0.63 0.127 0.9675 0.63 0.127 0.99 0.6075 0.127 0.945 0.585
0.127 0.9 0.5625 0.127 0.9225 0.54 0.127 0.945 0.5175 0.127
0.9675 0.495 0.127 0.99 0.506188 0.127 0.360627 0.506171 0.127 0.361275
0.508239 0.127 0.360755 0.512918 0.127 0.360956 0.511377 0.127 0.366925 0.515959
0.127 0.36061 0.585 0.127 0.9225 0.6075 0.127 0.9675 0.6075 0.127
0.99 0.585 0.127 0.945 0.5625 0.127 0.945 0.54 0.127 0.9675
0.5175 0.127 0.99 0.506312 0.127 0.35361 0.509122 0.127 0.353647 0.513149
0.127 0.353764 0.516135 0.127 0.354533 0.498909 0.127 0.360688 0.498959 0.127
0.361416 0.506068 0.127 0.366624 0.585 0.127 0.9675 0.585 0.127 0.99
0.54 0.127 0.99 0.5625 0.127 0.9675 0.506321 0.127 0.353315 0.512003
0.127 0.34976 0.499159 0.127 0.353265 0.505956 0.127 0.367807 0.510104 0.127
0.367504 0.498515 0.127 0.360641 0.500008 0.127 0.367746 0.5625 0.127 0.99
0.499371 0.127 0.35256 0.506445 0.127 0.349935 0.498525 0.127 0.353331 0.502716
0.127 0.368643 0.494613 0.127 0.360013 0.500906 0.127 0.348945 0.495044 0.127
0.354112 0.224905 0.127 -0.0898337 0.247437 0.127 -0.089835 0.269981 0.127 -0.0898563
0.269999 0.127 -0.134906 0.224947 0.127 -0.1349 -0.0900282 0.127 0.202502 -0.0900182
0.127 0.18 -0.135013 0.127 0.18 -0.135018 0.127 0.225001 -0.0900374 0.127
0.225003 0.179848 0.127 -0.0898718 0.202369 0.127 -0.0898354 0.179914 0.127 -0.13492
0.292532 0.127 -0.0898628 0.247426 0.127 -0.0673105 0.269972 0.127 -0.0673343 0.224889
0.127 -0.0672948 0.134838 0.127 -0.0899577 0.157325 0.127 -0.0899108 0.134909 0.127
-0.134957 -0.0675534 0.127 0.225004 -0.0675323 0.127 0.202504 -0.0900197 0.127 0.157497
-0.0900309 0.127 0.134993 -0.135016 0.127 0.134997 -0.0675131 0.127 0.180001 0.202352
0.127 -0.0673008 0.179813 0.127 -0.0673435 0.29253 0.127 -0.0673481 0.247412 0.127
-0.0447778 0.269961 0.127 -0.044814 0.224874 0.127 -0.044744 0.11236 0.127 -0.089994
0.089933 0.127 -0.134989 0.089901 0.127 -0.0900145 0.157284 0.127 -0.0674071 0.134793
0.127 -0.0674717 -0.0450791 0.127 0.225006 -0.0450357 0.127 0.202507 -0.0675159 0.127
0.157495 -0.135018 0.127 0.0899966 -0.0900402 0.127 0.112492 -0.0900397 0.127 0.0899928
-0.0675414 0.127 0.134988 -0.0449936 0.127 0.180003 0.202333 0.127 -0.0447412 0.179771
0.127 -0.044802 0.292525 0.127 -0.044832 0.2474 0.127 -0.0222557 0.247397 0.127
0.000200291 0.269929 0.127 0.000153945 0.269948 0.127 -0.0223099 0.224869 0.127 -0.0221905
0.0898929 0.127 -0.067539 0.112337 0.127 -0.0675182 0.0449611 0.127 -0.135004 0.0449578
0.127 -0.0900264 0.0674325 0.127 -0.0900266 0.157192 0.127 -0.0449297 0.134712 0.127
-0.0450248 0.145935 0.127 -0.0449766 -0.135013 0.127 0.044997 -0.0900334 0.127 0.0674947
-0.0900226 0.127 0.044996 -0.022605 0.127 0.225009 -0.0225719 0.127 0.213761 -0.0225319
0.127 0.202512 -0.0449983 0.127 0.157492 -0.06756 0.127 0.112486 -0.0675555 0.127
0.08999 -0.045059 0.127 0.134978 -0.0224917 0.127 0.19126 -0.0224594 0.127 0.180004
0.179715 0.127 -0.0222529 0.202337 0.127 -0.0221598 0.292515 0.127 -0.0223308 0.247402
0.127 0.0113992 0.247411 0.127 0.0225728 0.258645 0.127 0.0225632 0.269895 0.127
0.0225496 0.2249 0.127 0.000268352 0.236146 0.127 0.000226988 0.0562715 0.127 0.213761
0.0450129 0.127 0.213773 0.0449747 0.127 0.22502 0.0562516 0.127 0.225014 0.0675149
0.127 0.22501 0.0675227 0.127 0.213753 0.0562889 0.127 0.202499 0.0450462 0.127
0.202519 0.0675248 0.127 0.202489 0.0898911 0.127 -0.045099 0.101101 0.127 -0.0451028
0.112301 0.127 -0.0450905 0.0674372 0.127 -0.0675441 0.123498 0.127 -0.0450692 -1.70323e-05
0.127 -0.0900198 0.0224736 0.127 -0.0900256 -2.06024e-05 0.127 -0.135007 0.0449644 0.127
-0.0675399 -0.135008 0.127 -3.46056e-06 -0.0900157 0.127 0.0224954 -0.0900103 0.127 -5.72004e-06
0.157143 0.127 -0.0336868 0.157092 0.127 -0.0224116 0.168398 0.127 -0.0223185 0.134674
0.127 -0.0338042 0.145892 0.127 -0.0337392 -0.0675403 0.127 0.0674948 -0.0675251 0.127
0.0449969 -0.0113615 0.127 0.225011 -0.0113219 0.127 0.213764 -0.0112764 0.127 0.202515
-0.022446 0.127 0.168744 -0.0224661 0.127 0.157481 -0.0450971 0.127 0.112475 -0.0450797
0.127 0.0899863 -0.022519 0.127 0.146214 -0.0225833 0.127 0.13495 -0.0112319 0.127
0.191263 -0.0111957 0.127 0.180004 0.179724 0.127 -0.0109805 0.179782 0.127 0.000282697
0.191122 0.127 0.00034263 0.202405 0.127 0.000347737 0.213658 0.127 0.000314395 0.281176
0.127 0.0225367 0.258635 0.127 0.0337657 0.269863 0.127 0.0337422 0.236157 0.127
0.0114158 0.247426 0.127 0.0337468 0.23618 0.127 0.0225591 0.224921 0.127 0.011451
0.033748 0.127 0.213782 0.0336956 0.127 0.225024 0.0899825 0.127 0.202516 0.0787548
0.127 0.202495 0.0899681 0.127 0.225018 0.0899736 0.127 0.213763 0.0337957 0.127
0.202537 0.0563008 0.127 0.191222 0.0450676 0.127 0.191248 0.0675214 0.127 0.191212
0.101183 0.127 0.213768 0.101196 0.127 0.202539 0.0899062 0.127 -0.0338776 0.10111
0.127 -0.0338844 0.11229 0.127 -0.0338832 0.0674585 0.127 -0.0450759 0.123475 0.127
-0.0338581 -0.0450084 0.127 -0.0900117 -0.0225113 0.127 -0.0900162 -0.0450109 0.127 -0.135006
0.0224793 0.127 -0.0675326 -1.29637e-05 0.127 -0.0675246 0.0449828 0.127 -0.0450588 -0.135005
0.127 -0.0450039 -0.0900077 0.127 -0.0225072 -0.0900062 0.127 -0.0450075 -0.0675152 0.127
0.0224957 -0.0675096 0.127 -6.8011e-06 0.145817 0.127 -0.0225018 0.168382 0.127 -0.0110568
0.157016 0.127 -0.0111522 0.134619 0.127 -0.0226187 -0.0450477 0.127 0.0674972 -0.0450233
0.127 0.0450007 -0.000109569 0.127 0.225014 -6.2502e-05 0.127 0.213769 -1.18133e-05 0.127
0.202521 -0.0111801 0.127 0.168741 -0.0112018 0.127 0.157473 -0.0226292 0.127 0.123695
-0.0226362 0.127 0.112455 -0.0226183 0.127 0.101222 -0.0225879 0.127 0.0899896 -0.0112651
0.127 0.1462 -0.0113426 0.127 0.134931 3.18544e-05 0.127 0.191267 6.44671e-05 0.127
0.180004 0.191182 0.127 0.0115714 0.202455 0.127 0.0115646 0.168395 0.127 0.000197897
0.17986 0.127 0.0114946 0.213693 0.127 0.0115077 0.281168 0.127 0.0337144 0.258623
0.127 0.044974 0.269786 0.127 0.0448843 0.236215 0.127 0.0336686 0.247444 0.127
0.0449544 0.224969 0.127 0.0225559 0.0224799 0.127 0.213782 0.0224193 0.127 0.225022
0.101171 0.127 0.225019 0.0899747 0.127 0.191275 0.0787427 0.127 0.191233 0.0338229
0.127 0.191274 0.0225354 0.127 0.20254 0.0563131 0.127 0.179926 0.045084 0.127
0.179959 0.0675157 0.127 0.17991 0.1012 0.127 0.191319 0.112366 0.127 0.213771
0.112383 0.127 0.202564 0.0675276 0.127 -0.0226279 0.0787652 0.127 -0.0226474 0.0899615
0.127 -0.0226606 0.101139 0.127 -0.0226846 0.112269 0.127 -0.0227181 0.12344 0.127
-0.0226895 0.129024 0.127 -0.022661 0.11785 0.127 -0.022719 -0.0900062 0.127 -0.135004
-0.0900056 0.127 -0.0900068 -0.0675065 0.127 -0.0900092 -0.0225091 0.127 -0.0675181 -0.0450073
0.127 -0.0675131 0.0224913 0.127 -0.045042 -5.97035e-06 0.127 -0.0450287 0.0450166 0.127
-0.0225782 -0.135004 0.127 -0.0900036 -0.0900058 0.127 -0.0675078 -0.0675071 0.127 -0.0225089
-0.0675063 0.127 -0.0450098 -0.0450113 0.127 0.0224967 -0.0450064 0.127 -8.6467e-06 0.145661
0.127 -0.011277 0.156934 0.127 0.000107336 0.134588 0.127 -0.0170194 0.134519 0.127
-0.0113907 0.14005 0.127 -0.0113292 -0.0225614 0.127 0.0787531 -0.0225413 0.127 0.067511
-0.0225096 0.127 0.0450102 0.0111512 0.127 0.225018 0.0112076 0.127 0.213776 0.0112623
0.127 0.202531 7.72635e-05 0.127 0.168734 5.45318e-05 0.127 0.157458 -0.0113892 0.127
0.123679 -0.0113891 0.127 0.112448 -0.0113605 0.127 0.101226 -0.0113245 0.127 0.0899996
-9.32236e-06 0.127 0.146178 -8.3032e-05 0.127 0.134905 0.0112997 0.127 0.191275 0.0113208
0.127 0.180004 0.191271 0.127 0.0227765 0.20254 0.127 0.0227321 0.168481 0.127
0.0113905 0.179972 0.127 0.0225914 0.213768 0.127 0.0226123 0.281161 0.127 0.0448111
0.286815 0.127 0.0447929 0.275432 0.127 0.0448313 0.258694 0.127 0.0562293 0.264242
0.127 0.0562066 0.269767 0.127 0.0561505 0.269747 0.127 0.0504873 0.236209 0.127
0.0448009 0.225075 0.127 0.0335086 0.247503 0.127 0.0562285 0.253117 0.127 0.0562385
0.11235 0.127 0.225017 0.0899629 0.127 0.180017 0.0787249 0.127 0.179949 0.0338357
0.127 0.179987 0.0225666 0.127 0.191282 0.0563337 0.127 0.168611 0.0451031 0.127
0.168656 0.0675194 0.127 0.16857 0.112398 0.127 0.191361 0.101199 0.127 0.180078
0.123538 0.127 0.213768 0.12355 0.127 0.202585 0.0788132 0.127 -0.0114112 0.0900372
0.127 -0.0114407 0.067563 0.127 -0.0113889 0.10121 0.127 -0.0115024 0.106773 0.127
-0.0115383 0.112293 0.127 -0.0115613 0.112261 0.127 -0.0171373 0.129009 0.127 -0.0170571
0.123429 0.127 -0.0170974 0.117842 0.127 -0.0171316 -0.0675063 0.127 -0.0675098 -0.0225056
0.127 -0.0450195 -0.045006 0.127 -0.0450135 0.0225087 0.127 -0.0225487 2.86324e-06 0.127
-0.0225297 0.0450579 0.127 -8.78797e-05 0.0563275 0.127 -0.000108734 0.0676024 0.127 -0.000137981
0.0225229 0.127 -4.49819e-05 -0.0450052 0.127 -0.0225122 1.02222e-05 0.127 -2.31197e-05 -0.0225012
0.127 0.0224979 -0.0224997 0.127 -1.28316e-05 1.39342e-05 0.127 0.0224937 0.0225297 0.127
0.0224737 0.145558 0.127 -0.00565452 0.145423 0.127 -1.50357e-06 0.15695 0.127 0.0113291
0.128991 0.127 -0.0114518 0.134448 0.127 -0.0057645 0.139963 0.127 -0.00569807 -0.0112957
0.127 0.0787647 -0.0112756 0.127 0.0675225 2.91226e-06 0.127 0.0675396 1.48922e-05 0.127
0.0562847 1.69628e-05 0.127 0.0450239 0.0113254 0.127 0.168723 0.0113047 0.127 0.157437
-0.000116052 0.127 0.123664 -0.000103941 0.127 0.112455 -7.03293e-05 0.127 0.10125 -3.67299e-05
0.127 0.0900274 0.0112592 0.127 0.146149 0.0112206 0.127 0.13488 0.0225784 0.127
0.18 0.191378 0.127 0.0340138 0.196996 0.127 0.0339608 0.202611 0.127 0.0338299
0.168654 0.127 0.0224252 0.174329 0.127 0.0224924 0.180011 0.127 0.0281754 0.180075
0.127 0.0338503 0.185759 0.127 0.033994 0.213896 0.127 0.0335423 0.219499 0.127
0.033491 0.208248 0.127 0.0336645 0.286804 0.127 0.0503831 0.281171 0.127 0.0503848
0.275402 0.127 0.0504358 0.275378 0.127 0.0560868 0.264291 0.127 0.0618307 0.269791
0.127 0.0618288 0.258765 0.127 0.0618328 0.236179 0.127 0.0504329 0.236174 0.127
0.0561343 0.225077 0.127 0.0390413 0.225017 0.127 0.0445979 0.2306 0.127 0.0447086
0.253177 0.127 0.0618515 0.247572 0.127 0.0618622 0.123521 0.127 0.22501 0.0899672
0.127 0.168699 0.0787169 0.127 0.168613 0.033845 0.127 0.168687 0.0563801 0.127
0.157253 0.0451328 0.127 0.157354 0.0675744 0.127 0.157127 0.0619922 0.127 0.157173
0.123573 0.127 0.191393 0.112413 0.127 0.18011 0.101226 0.127 0.168785 0.134741
0.127 0.213758 0.134745 0.127 0.202577 0.0788873 0.127 -0.000168683 0.0901683 0.127
-0.000200835 0.10141 0.127 -0.000251504 0.101274 0.127 -0.00589232 0.11783 0.127 -0.0115697
0.106828 0.127 -0.00592998 0.112317 0.127 -0.00599084 0.123425 0.127 -0.0115103 -0.0225018
0.127 -0.0225184 0.0450609 0.127 0.0111705 0.0563348 0.127 0.0111496 0.0676292 0.127
0.0111188 0.0337876 0.127 0.0224615 0.0450538 0.127 0.0224412 0.0112756 0.127 0.0450222
0.0225319 0.127 0.0450102 0.0225298 0.127 0.0337375 0.145223 0.127 0.00564701 0.145189
0.127 0.0112737 0.139787 0.127 -4.40265e-05 0.157261 0.127 0.0224075 0.162986 0.127
0.0223747 0.128997 0.127 -0.00584356 0.134298 0.127 -0.000116097 -1.39226e-05 0.127 0.0787882
0.01128 0.127 0.0562904 0.0112836 0.127 0.0675616 0.0225805 0.127 0.168708 0.0225717
0.127 0.157415 0.0112213 0.127 0.123671 0.011246 0.127 0.112507 0.0112681 0.127
0.10132 0.0112805 0.127 0.0900879 0.0225602 0.127 0.14613 0.0225773 0.127 0.134884
0.196998 0.127 0.0396314 0.202596 0.127 0.0394393 0.191398 0.127 0.0396922 0.174362
0.127 0.028061 0.168701 0.127 0.0279454 0.174403 0.127 0.0336379 0.185833 0.127
0.0397095 0.180142 0.127 0.0396051 0.213928 0.127 0.0390295 0.219513 0.127 0.0389959
0.208235 0.127 0.0392124 0.286729 0.127 0.0560124 0.281169 0.127 0.056017 0.275391
0.127 0.0618149 0.264319 0.127 0.0673084 0.269657 0.127 0.0673926 0.258906 0.127
0.0673452 0.236209 0.127 0.06183 0.236326 0.127 0.0675321 0.242046 0.127 0.0675168
0.247669 0.127 0.0674789 0.230534 0.127 0.0503483 0.230483 0.127 0.056065 0.219455
0.127 0.0444836 0.224886 0.127 0.0502064 0.253289 0.127 0.0674366 0.134728 0.127
0.225003 0.0899907 0.127 0.157197 0.0843712 0.127 0.157114 0.0787587 0.127 0.157115
0.0731573 0.127 0.157071 0.0338576 0.127 0.15739 0.0564216 0.127 0.151584 0.0564687
0.127 0.145987 0.0508593 0.127 0.146014 0.0452188 0.127 0.146045 0.0676169 0.127
0.151381 0.0620366 0.127 0.151505 0.134768 0.127 0.191386 0.123611 0.127 0.180126
0.112445 0.127 0.168811 0.101254 0.127 0.157384 0.145994 0.127 0.213737 0.145992
0.127 0.202532 0.0789544 0.127 0.0110829 0.0903219 0.127 0.0110536 0.101761 0.127
0.0110391 0.101609 0.127 0.00540607 0.106969 0.127 -0.000293668 0.117782 0.127 -0.00605084
0.112399 0.127 -0.00039402 0.123443 0.127 -0.00591402 0.056329 0.127 0.0224197 0.0676275
0.127 0.0223891 0.0337851 0.127 0.0337278 0.0450458 0.127 0.0337163 0.022543 0.127
0.0562912 0.0337884 0.127 0.0450048 0.14529 0.127 0.0168653 0.145616 0.127 0.0224393
0.151509 0.127 0.0224243 0.139456 0.127 0.00564189 0.139317 0.127 0.0112676 0.15737
0.127 0.0279695 0.163032 0.127 0.0279003 0.127506 0.127 0.00138402 0.133613 0.127
0.00566289 0.0112826 0.127 0.0788285 0.022567 0.127 0.0675872 0.0226331 0.127 0.123752
0.0226789 0.127 0.112674 0.0226744 0.127 0.101493 0.0226407 0.127 0.0902107 0.0338882
0.127 0.146111 0.0340132 0.127 0.134908 0.196959 0.127 0.0453382 0.202519 0.127
0.0450821 0.191382 0.127 0.0453846 0.168736 0.127 0.0334351 0.174442 0.127 0.0392759
0.186028 0.127 0.0454974 0.18024 0.127 0.0456165 0.213875 0.127 0.0444907 0.208105
0.127 0.0448433 0.286476 0.127 0.0616887 0.281039 0.127 0.061814 0.275217 0.127
0.0674668 0.264453 0.127 0.0733632 0.269363 0.127 0.073607 0.259658 0.127 0.0735051
0.242146 0.127 0.073174 0.247804 0.127 0.0731292 0.236467 0.127 0.0732461 0.230505
0.127 0.0617806 0.230591 0.127 0.0675105 0.224767 0.127 0.0559749 0.219231 0.127
0.0500216 0.253487 0.127 0.0730623 0.145988 0.127 0.224997 0.0899946 0.127 0.151436
0.0843863 0.127 0.151397 0.0787794 0.127 0.151376 0.0731743 0.127 0.151352 0.0564737
0.127 0.140433 0.0508987 0.127 0.140406 0.0452859 0.127 0.140406 0.062106 0.127
0.145888 0.0676885 0.127 0.145608 0.14602 0.127 0.191326 0.13483 0.127 0.180118
0.123663 0.127 0.16881 0.112494 0.127 0.157445 0.101207 0.127 0.145899 0.0955846
0.127 0.145787 0.089997 0.127 0.145744 0.157305 0.127 0.213697 0.157308 0.127
0.20245 0.0789637 0.127 0.0223461 0.0903483 0.127 0.0222939 0.101797 0.127 0.0222041
0.101838 0.127 0.0166324 0.107504 0.127 0.0110546 0.107272 0.127 0.00541399 0.119204
0.127 0.00103644 0.112965 0.127 0.00545256 0.123497 0.127 0 0.0563145 0.127
0.0337042 0.0676034 0.127 0.0336836 0.0450482 0.127 0.0450072 0.0338075 0.127 0.0562997
0.151659 0.127 0.0280252 0.145864 0.127 0.0280216 0.139484 0.127 0.0168541 0.139884
0.127 0.0224227 0.133333 0.127 0.0112698 0.157479 0.127 0.033558 0.163044 0.127
0.0333621 0.127985 0.127 0.006099 0.0226005 0.127 0.0788966 0.0338552 0.127 0.0676268
0.0341563 0.127 0.123936 0.0342393 0.127 0.118538 0.0342511 0.127 0.11306 0.0341
0.127 0.129379 0.0342023 0.127 0.101872 0.0340315 0.127 0.0903979 0.0342668 0.127
0.107537 0.0453741 0.127 0.134829 0.0397187 0.127 0.134875 0.198186 0.127 0.0520547
0.198336 0.127 0.0530956 0.202375 0.127 0.0527843 0.202395 0.127 0.051467 0.191638
0.127 0.0515218 0.197473 0.127 0.0529361 0.168761 0.127 0.0389449 0.174472 0.127
0.0450767 0.186663 0.127 0.0512694 0.1804 0.127 0.0522847 0.213181 0.127 0.05035
0.206905 0.127 0.0497586 0.209508 0.127 0.0517441 0.206354 0.127 0.0527382 0.286077
0.127 0.0670831 0.281164 0.127 0.0676417 0.274542 0.127 0.0739539 0.274689 0.127
0.073954 0.274699 0.127 0.0737384 0.264621 0.127 0.0794226 0.270636 0.127 0.0798704
0.258929 0.127 0.0799004 0.242291 0.127 0.0788764 0.247956 0.127 0.0789193 0.236635
0.127 0.0789996 0.230739 0.127 0.0732863 0.224799 0.127 0.0616947 0.224866 0.127
0.0674242 0.21902 0.127 0.0559182 0.254175 0.127 0.0794833 0.157301 0.127 0.22498
0.0788158 0.127 0.145688 0.0731827 0.127 0.145646 0.0844137 0.127 0.1457 0.0621713
0.127 0.140392 0.0563217 0.127 0.134924 0.0509524 0.127 0.134831 0.067799 0.127
0.139671 0.157334 0.127 0.191218 0.146087 0.127 0.180077 0.134899 0.127 0.168808
0.123723 0.127 0.157451 0.11249 0.127 0.146038 0.0955657 0.127 0.14015 0.0899974
0.127 0.14008 0.10117 0.127 0.140223 0.168646 0.127 0.202364 0.168645 0.127
0.213646 0.0789234 0.127 0.0336431 0.0902771 0.127 0.0335688 0.101633 0.127 0.033397
0.101746 0.127 0.0277603 0.10757 0.127 0.0166366 0.107497 0.127 0.022168 0.113319
0.127 0.0110909 0.11846 0.127 0.00590816 0.0563091 0.127 0.0450165 0.0675786 0.127
0.0450188 0.0450753 0.127 0.0563264 0.151834 0.127 0.033675 0.146098 0.127 0.0336774
0.140139 0.127 0.0279472 0.1336 0.127 0.01684 0.134342 0.127 0.0224348 0.127985
0.127 0.0112747 0.157603 0.127 0.0392847 0.162845 0.127 0.042117 0.0339326 0.127
0.0789973 0.0451425 0.127 0.0676854 0.039899 0.127 0.123981 0.0399957 0.127 0.118668
0.0400465 0.127 0.113286 0.0398063 0.127 0.12936 0.0399724 0.127 0.102086 0.0457561
0.127 0.102344 0.0455949 0.127 0.0965373 0.045464 0.127 0.0907275 0.0400486 0.127
0.107758 0.0455217 0.127 0.129318 0.0456881 0.127 0.124003 0.198107 0.127 0.0535765
0.202379 0.127 0.0533893 0.190361 0.127 0.0564875 0.168086 0.127 0.0455536 0.174298
0.127 0.0512235 0.188384 0.127 0.0572924 0.181826 0.127 0.0627878 0.214173 0.127
0.0570792 0.212139 0.127 0.0544175 0.211367 0.127 0.0575823 0.207228 0.127 0.0551802
0.208947 0.127 0.0568018 0.285697 0.127 0.0726436 0.282379 0.127 0.0742169 0.274821
0.127 0.0739545 0.264155 0.127 0.0846329 0.267838 0.127 0.0847256 0.259243 0.127
0.0849453 0.242553 0.127 0.0844754 0.248178 0.127 0.0845871 0.23098 0.127 0.0791792
0.236079 0.127 0.0854819 0.224924 0.127 0.073188 0.219176 0.127 0.0615863 0.219268
0.127 0.0672644 0.254257 0.127 0.0847897 0.157381 0.127 0.179989 0.179986 0.127
0.213617 0.17998 0.127 0.202323 0.168644 0.127 0.224941 0.17999 0.127 0.22493
0.0788664 0.127 0.140059 0.0731299 0.127 0.140022 0.0844456 0.127 0.14002 0.0627452
0.127 0.134457 0.0564666 0.127 0.128752 0.0510888 0.127 0.129283 0.0679441 0.127
0.133289 0.168658 0.127 0.191107 0.146149 0.127 0.168817 0.134944 0.127 0.157479
0.123729 0.127 0.146078 0.11241 0.127 0.134759 0.101143 0.127 0.13468 0.0955468
0.127 0.134607 0.0899946 0.127 0.1345 0.0788676 0.127 0.0449885 0.090172 0.127
0.0449163 0.101406 0.127 0.0447918 0.101516 0.127 0.039069 0.107434 0.127 0.0276527
0.107292 0.127 0.0332835 0.11336 0.127 0.0166608 0.113169 0.127 0.0221556 0.11846
0.127 0.0111569 0.0563319 0.127 0.0563654 0.0675706 0.127 0.0563917 0.0563957 0.127
0.0677454 0.067594 0.127 0.0677839 0.152038 0.127 0.0394452 0.146303 0.127 0.039428
0.140338 0.127 0.0335671 0.134545 0.127 0.0278181 0.127985 0.127 0.0164933 0.127979
0.127 0.0213472 0.159345 0.127 0.0470323 0.163452 0.127 0.0445271 0.0452539 0.127
0.0791137 0.0458289 0.127 0.118868 0.0459765 0.127 0.11367 0.051278 0.127 0.0966661
0.0511375 0.127 0.0908334 0.0515559 0.127 0.102656 0.0459951 0.127 0.108171 0.0522629
0.127 0.123306 0.167688 0.127 0.0501437 0.174406 0.127 0.0578105 0.212558 0.127
0.0617651 0.211865 0.127 0.06178 0.211572 0.127 0.0617602 0.264131 0.127 0.0900986
0.267838 0.127 0.090081 0.259285 0.127 0.0901756 0.243049 0.127 0.0898141 0.248344
0.127 0.0900063 0.231479 0.127 0.0858002 0.225105 0.127 0.0790925 0.236215 0.127
0.090556 0.219114 0.127 0.0729406 0.21219 0.127 0.0650013 0.212493 0.127 0.0669945
0.254293 0.127 0.0901377 0.168674 0.127 0.179875 0.179971 0.127 0.191056 0.179947
0.127 0.179818 0.157421 0.127 0.168777 0.191316 0.127 0.21361 0.191309 0.127
0.202334 0.19132 0.127 0.224911 0.0783181 0.127 0.133889 0.0730017 0.127 0.134276
0.0844759 0.127 0.134405 0.06202 0.127 0.129388 0.0569285 0.127 0.123509 0.0678909
0.127 0.129573 0.146189 0.127 0.157531 0.134955 0.127 0.146088 0.123677 0.127
0.134762 0.112364 0.127 0.123743 0.10672 0.127 0.123806 0.101136 0.127 0.123805
0.101125 0.127 0.129205 0.0955372 0.127 0.129166 0.0900052 0.127 0.129096 0.0788255
0.127 0.0563628 0.0901237 0.127 0.056283 0.101358 0.127 0.0561815 0.101349 0.127
0.0504862 0.106975 0.127 0.0447494 0.107126 0.127 0.039 0.11317 0.127 0.0274171
0.112952 0.127 0.0330993 0.118459 0.127 0.016652 0.118458 0.127 0.0218243 0.0565138
0.127 0.0792464 0.0621144 0.127 0.0792927 0.0676704 0.127 0.0792608 0.0788058 0.127
0.0677447 0.152316 0.127 0.0453732 0.146497 0.127 0.0452456 0.140511 0.127 0.0393143
0.134688 0.127 0.0333911 0.129086 0.127 0.0275663 0.164701 0.127 0.0509029 0.0567289
0.127 0.0908378 0.056599 0.127 0.0850303 0.0523908 0.127 0.119013 0.0530546 0.127
0.11494 0.0568755 0.127 0.0967354 0.052326 0.127 0.108872 0.0567412 0.127 0.102736
0.16806 0.127 0.0562493 0.17967 0.127 0.0661097 0.180502 0.127 0.0665123 0.181089
0.127 0.0649214 0.174292 0.127 0.0631798 0.26413 0.127 0.0955022 0.267837 0.127
0.09548 0.259286 0.127 0.0955247 0.242188 0.127 0.0953862 0.248189 0.127 0.0954592
0.225495 0.127 0.0852203 0.230418 0.127 0.0897634 0.218957 0.127 0.0786736 0.234181
0.127 0.0941757 0.21233 0.127 0.0723621 0.254271 0.127 0.095521 0.191297 0.127
0.191081 0.191271 0.127 0.179842 0.202648 0.127 0.19115 0.20265 0.127 0.179909
0.202642 0.127 0.202374 0.168665 0.127 0.168651 0.17986 0.127 0.168585 0.15747
0.127 0.157532 0.151829 0.127 0.157543 0.202643 0.127 0.213611 0.202651 0.127
0.224881 0.0781663 0.127 0.128478 0.0730319 0.127 0.130318 0.0839092 0.127 0.128538
0.0560749 0.127 0.118839 0.146195 0.127 0.151868 0.146211 0.127 0.146149 0.140584
0.127 0.146102 0.134968 0.127 0.140387 0.134989 0.127 0.134684 0.123676 0.127
0.123628 0.106719 0.127 0.118317 0.101163 0.127 0.11841 0.112337 0.127 0.118243
0.0955875 0.127 0.123832 0.0900846 0.127 0.123862 0.0901207 0.127 0.0676432 0.10149
0.127 0.0675447 0.101424 0.127 0.0618571 0.106899 0.127 0.056148 0.106898 0.127
0.0504634 0.112506 0.127 0.0447114 0.112714 0.127 0.0388955 0.120202 0.127 0.0251133
0.118563 0.127 0.0328787 0.0732278 0.127 0.0792485 0.0788092 0.127 0.0791754 0.0621773
0.127 0.0850374 0.0677135 0.127 0.0850259 0.0622756 0.127 0.0908216 0.06778 0.127
0.0908413 0.152893 0.127 0.0515128 0.157225 0.127 0.0504328 0.14663 0.127 0.0509965
0.140622 0.127 0.0451072 0.134773 0.127 0.0391383 0.129154 0.127 0.0331412 0.122724
0.127 0.0254054 0.162209 0.127 0.0559503 0.0560743 0.127 0.115099 0.0623529 0.127
0.0966273 0.0581344 0.127 0.10996 0.0634133 0.127 0.103377 0.0568352 0.127 0.114831
0.0580495 0.127 0.11013 0.168036 0.127 0.061805 0.180544 0.127 0.0667005 0.174986
0.127 0.0684606 0.179579 0.127 0.0675532 0.264142 0.127 0.100857 0.267837 0.127
0.100821 0.259283 0.127 0.100841 0.242051 0.127 0.100867 0.248094 0.127 0.100883
0.218713 0.127 0.0845249 0.227419 0.127 0.0923692 0.212465 0.127 0.0783948 0.23584
0.127 0.100851 0.254248 0.127 0.100883 0.213995 0.127 0.202409 0.214024 0.127
0.191211 0.214057 0.127 0.179964 0.191175 0.127 0.168603 0.202592 0.127 0.168654
0.168645 0.127 0.157328 0.1631 0.127 0.157447 0.17964 0.127 0.15724 0.174106
0.127 0.157239 0.157489 0.127 0.151933 0.151832 0.127 0.151905 0.112347 0.127
0.112704 0.106704 0.127 0.112815 0.101131 0.127 0.112972 0.213988 0.127 0.213601
0.213994 0.127 0.224833 0.0824756 0.127 0.122516 0.151835 0.127 0.146215 0.146301
0.127 0.140329 0.140625 0.127 0.140357 0.134994 0.127 0.129042 0.13496 0.127
0.123497 0.129319 0.127 0.123578 0.140714 0.127 0.134578 0.123704 0.127 0.118073
0.123706 0.127 0.112576 0.117996 0.127 0.112648 0.0956834 0.127 0.118521 0.0903266
0.127 0.118632 0.0843939 0.127 0.0791542 0.0900263 0.127 0.0790696 0.101356 0.127
0.0789099 0.101481 0.127 0.0732156 0.107014 0.127 0.0618293 0.107192 0.127 0.0675273
0.112339 0.127 0.0561078 0.11239 0.127 0.050446 0.118019 0.127 0.0446981 0.118252
0.127 0.0387961 0.123697 0.127 0.0328261 0.0732392 0.127 0.0849569 0.0788083 0.127
0.0848892 0.0732448 0.127 0.0906525 0.0788425 0.127 0.0905638 0.067841 0.127 0.0968331
0.15288 0.127 0.0569202 0.146522 0.127 0.0565886 0.140663 0.127 0.0508836 0.134782
0.127 0.0449423 0.12916 0.127 0.0389539 0.161726 0.127 0.0608846 0.068026 0.127
0.103785 0.0618873 0.127 0.106174 0.168601 0.127 0.0676389 0.175724 0.127 0.0739138
0.264229 0.127 0.10622 0.267835 0.127 0.106055 0.259276 0.127 0.106002 0.241911
0.127 0.106344 0.247986 0.127 0.106327 0.209976 0.127 0.0822064 0.219997 0.127
0.0905848 0.229796 0.127 0.100942 0.235564 0.127 0.106243 0.254239 0.127 0.106209
0.225416 0.127 0.202425 0.225456 0.127 0.191234 0.225492 0.127 0.179986 0.214022
0.127 0.168683 0.190956 0.127 0.157335 0.202412 0.127 0.157358 0.16316 0.127
0.151833 0.168689 0.127 0.151627 0.1795 0.127 0.151544 0.17403 0.127 0.151517
0.157486 0.127 0.146379 0.112318 0.127 0.107127 0.106666 0.127 0.107233 0.101037
0.127 0.107371 0.106657 0.127 0.101596 0.101009 0.127 0.101726 0.112303 0.127
0.101512 0.0956215 0.127 0.113192 0.0826658 0.127 0.117596 0.0849582 0.127 0.114811
0.0825252 0.127 0.11525 0.0901301 0.127 0.11353 0.225381 0.127 0.213573 0.225364
0.127 0.224747 0.0815618 0.127 0.114778 0.0832216 0.127 0.118795 0.148522 0.127
0.127458 0.14579 0.127 0.12789 0.147992 0.127 0.129806 0.146956 0.127 0.134075
0.152366 0.127 0.139872 0.140762 0.127 0.128918 0.140601 0.127 0.123479 0.135004
0.127 0.117895 0.129362 0.127 0.118017 0.129412 0.127 0.112538 0.117978 0.127
0.10707 0.123682 0.127 0.107041 0.0843661 0.127 0.0848635 0.0899558 0.127 0.0848249
0.0898796 0.127 0.0905427 0.0954513 0.127 0.0904723 0.101115 0.127 0.0903168 0.101222
0.127 0.084595 0.106961 0.127 0.0789075 0.107183 0.127 0.0732033 0.112503 0.127
0.0617687 0.112987 0.127 0.0675258 0.119871 0.127 0.0581841 0.117887 0.127 0.0504633
0.123528 0.127 0.0447172 0.123657 0.127 0.0387932 0.084337 0.127 0.0905813 0.0731698
0.127 0.0962245 0.0789475 0.127 0.0961571 0.147345 0.127 0.0615503 0.147576 0.127
0.0634592 0.148326 0.127 0.0630714 0.140626 0.127 0.0566467 0.134717 0.127 0.0507001
0.129082 0.127 0.0448177 0.158378 0.127 0.0621231 0.162118 0.127 0.0669867 0.0729953
0.127 0.102149 0.0784692 0.127 0.10244 0.0679942 0.127 0.106222 0.169879 0.127
0.073881 0.264932 0.127 0.111435 0.271012 0.127 0.110967 0.259071 0.127 0.111024
0.241927 0.127 0.111968 0.247919 0.127 0.111969 0.213183 0.127 0.0895014 0.220681
0.127 0.0968352 0.224666 0.127 0.0956044 0.227707 0.127 0.104406 0.235799 0.127
0.111957 0.254258 0.127 0.111481 0.236938 0.127 0.202443 0.236968 0.127 0.19685
0.236956 0.127 0.191237 0.236975 0.127 0.185617 0.236961 0.127 0.17999 0.225478
0.127 0.168704 0.213864 0.127 0.157359 0.190482 0.127 0.146028 0.184827 0.127
0.145965 0.179327 0.127 0.145846 0.202155 0.127 0.146052 0.163284 0.127 0.146282
0.168817 0.127 0.145873 0.173881 0.127 0.145694 0.157486 0.127 0.140365 0.12362
0.127 0.101454 0.117945 0.127 0.101473 0.106669 0.127 0.0959403 0.112272 0.127
0.0958907 0.112226 0.127 0.0902765 0.106703 0.127 0.0902688 0.101038 0.127 0.0960376
0.0954059 0.127 0.107497 0.09535 0.127 0.101863 0.0827279 0.127 0.113574 0.0897101
0.127 0.107467 0.0953871 0.127 0.0961779 0.0897953 0.127 0.0962769 0.0897096 0.127
0.101959 0.236873 0.127 0.21355 0.23693 0.127 0.208014 0.236838 0.127 0.219055
0.236797 0.127 0.224612 0.150035 0.127 0.12807 0.148013 0.127 0.123619 0.145481
0.127 0.123582 0.153271 0.127 0.133228 0.140545 0.127 0.117718 0.135117 0.127
0.112479 0.129415 0.127 0.107048 0.106769 0.127 0.084607 0.112504 0.127 0.0789267
0.112998 0.127 0.0731789 0.118499 0.127 0.0619382 0.118459 0.127 0.0676316 0.123377
0.127 0.0576146 0.123422 0.127 0.0504702 0.084289 0.127 0.0963043 0.14436 0.127
0.0630452 0.146893 0.127 0.0646554 0.140611 0.127 0.0624624 0.134614 0.127 0.056416
0.128944 0.127 0.0505829 0.155528 0.127 0.0665673 0.162725 0.127 0.0728778 0.0841545
0.127 0.101927 0.0730591 0.127 0.105548 0.0783559 0.127 0.10762 0.171162 0.127
0.0807573 0.265407 0.127 0.11732 0.27071 0.127 0.117548 0.260155 0.127 0.117147
0.206109 0.127 0.0844794 0.205357 0.127 0.0873711 0.206006 0.127 0.08747 0.242078
0.127 0.117541 0.248053 0.127 0.117453 0.214467 0.127 0.096053 0.220195 0.127
0.102136 0.229777 0.127 0.111951 0.236024 0.127 0.117613 0.253972 0.127 0.117306
0.24269 0.127 0.202463 0.242694 0.127 0.19686 0.242686 0.127 0.191243 0.236977
0.127 0.17436 0.236958 0.127 0.168722 0.242683 0.127 0.185619 0.242677 0.127
0.179992 0.225373 0.127 0.157386 0.213601 0.127 0.146009 0.207874 0.127 0.146021
0.184684 0.127 0.140363 0.179233 0.127 0.140175 0.190333 0.127 0.140421 0.202097
0.127 0.14043 0.202089 0.127 0.134815 0.196133 0.127 0.134833 0.190262 0.127
0.13484 0.163375 0.127 0.140446 0.168852 0.127 0.139615 0.17322 0.127 0.139287
0.157426 0.127 0.135503 0.129335 0.127 0.101457 0.123537 0.127 0.0958426 0.117875
0.127 0.0958719 0.117749 0.127 0.0903046 0.112176 0.127 0.0846892 0.0829488 0.127
0.107716 0.242672 0.127 0.208034 0.242621 0.127 0.213553 0.242501 0.127 0.22451
0.242554 0.127 0.219019 0.149021 0.127 0.123634 0.147705 0.127 0.119056 0.144274
0.127 0.118553 0.140739 0.127 0.112303 0.135196 0.127 0.107088 0.118461 0.127
0.0786509 0.118459 0.127 0.0730814 0.126744 0.127 0.0583145 0.140867 0.127 0.0646023
0.141327 0.127 0.0694456 0.143745 0.127 0.0681143 0.134609 0.127 0.0622231 0.155367
0.127 0.0714557 0.1633 0.127 0.0790738 0.204459 0.127 0.0879442 0.273817 0.127
0.117449 0.26585 0.127 0.123229 0.271376 0.127 0.123286 0.260402 0.127 0.123143
0.205607 0.127 0.088374 0.24225 0.127 0.123209 0.248178 0.127 0.123162 0.207846
0.127 0.0952037 0.215553 0.127 0.102777 0.223494 0.127 0.111369 0.230031 0.127
0.117665 0.236274 0.127 0.123248 0.254087 0.127 0.123126 0.248503 0.127 0.202495
0.248481 0.127 0.196879 0.248454 0.127 0.191251 0.236967 0.127 0.163082 0.236927
0.127 0.157428 0.242678 0.127 0.174362 0.242676 0.127 0.168728 0.248435 0.127
0.185622 0.248425 0.127 0.179994 0.225109 0.127 0.146012 0.219313 0.127 0.145997
0.213508 0.127 0.14036 0.207837 0.127 0.140386 0.184605 0.127 0.134799 0.179061
0.127 0.134369 0.202256 0.127 0.1292 0.196203 0.127 0.129189 0.190247 0.127
0.129157 0.207852 0.127 0.134749 0.163226 0.127 0.136326 0.168768 0.127 0.13506
0.172804 0.127 0.13341 0.129221 0.127 0.0957313 0.135128 0.127 0.101557 0.12347
0.127 0.0903054 0.119387 0.127 0.083 0.248501 0.127 0.208075 0.248446 0.127
0.21358 0.248248 0.127 0.22435 0.248341 0.127 0.218975 0.14944 0.127 0.118808
0.146857 0.127 0.115078 0.14625 0.127 0.111758 0.140992 0.127 0.107104 0.134958
0.127 0.0682575 0.134963 0.127 0.0685493 0.140827 0.127 0.0715627 0.127966 0.127
0.0620544 0.1511 0.127 0.0724516 0.156672 0.127 0.0780382 0.163477 0.127 0.0854393
0.168904 0.127 0.084566 0.273756 0.127 0.122954 0.266241 0.127 0.129168 0.272001
0.127 0.129369 0.260608 0.127 0.129017 0.242385 0.127 0.128933 0.24828 0.127
0.128924 0.208553 0.127 0.101554 0.200693 0.127 0.0938205 0.216005 0.127 0.108822
0.223975 0.127 0.117389 0.230401 0.127 0.123206 0.236453 0.127 0.128948 0.254197
0.127 0.128945 0.25443 0.127 0.202534 0.254359 0.127 0.196898 0.254297 0.127
0.191258 0.236796 0.127 0.146074 0.230922 0.127 0.146027 0.23691 0.127 0.151765
0.242678 0.127 0.163089 0.242671 0.127 0.157442 0.248422 0.127 0.174364 0.248425
0.127 0.168733 0.254257 0.127 0.185624 0.254238 0.127 0.179994 0.219217 0.127
0.140352 0.224995 0.127 0.140343 0.213414 0.127 0.134728 0.184239 0.127 0.128771
0.178516 0.127 0.127836 0.208055 0.127 0.129081 0.202608 0.127 0.123548 0.196359
0.127 0.123534 0.190553 0.127 0.123322 0.13502 0.127 0.0957498 0.129107 0.127
0.0899251 0.140915 0.127 0.101717 0.123543 0.127 0.0840429 0.25447 0.127 0.208136
0.254413 0.127 0.213633 0.254066 0.127 0.224077 0.254254 0.127 0.218936 0.151489
0.127 0.112126 0.151585 0.127 0.11047 0.150046 0.127 0.110742 0.146876 0.127
0.107177 0.134697 0.127 0.0685267 0.136152 0.127 0.0752403 0.140089 0.127 0.0725854
0.128002 0.127 0.0677576 0.150191 0.127 0.0765104 0.157348 0.127 0.084731 0.163813
0.127 0.0921986 0.273958 0.127 0.129182 0.266294 0.127 0.135156 0.272053 0.127
0.135689 0.260689 0.127 0.134901 0.242483 0.127 0.134675 0.248356 0.127 0.134701
0.201615 0.127 0.100512 0.209014 0.127 0.107635 0.220412 0.127 0.118247 0.224821
0.127 0.122939 0.230559 0.127 0.12894 0.23659 0.127 0.134666 0.25427 0.127
0.134769 0.26094 0.127 0.202564 0.260775 0.127 0.196909 0.260645 0.127 0.191259
0.242658 0.127 0.151784 0.242615 0.127 0.146106 0.230823 0.127 0.140351 0.236702
0.127 0.140377 0.248435 0.127 0.163098 0.248449 0.127 0.157458 0.254233 0.127
0.174366 0.25424 0.127 0.168737 0.26057 0.127 0.185622 0.260536 0.127 0.179993
0.219091 0.127 0.134707 0.224866 0.127 0.134661 0.213742 0.127 0.126557 0.183481
0.127 0.123305 0.183229 0.127 0.121685 0.182387 0.127 0.122094 0.184617 0.127
0.121948 0.209558 0.127 0.12242 0.202689 0.127 0.117881 0.196023 0.127 0.117766
0.190389 0.127 0.11725 0.140771 0.127 0.0959434 0.135044 0.127 0.0897061 0.127452
0.127 0.0825099 0.146584 0.127 0.10176 0.26107 0.127 0.208197 0.260989 0.127
0.213705 0.26019 0.127 0.223525 0.260733 0.127 0.218906 0.154316 0.127 0.10946
0.152542 0.127 0.107905 0.149985 0.127 0.107516 0.128966 0.127 0.0742638 0.135486
0.127 0.0766173 0.137348 0.127 0.0768923 0.128183 0.127 0.0741253 0.146032 0.127
0.076558 0.151572 0.127 0.0837651 0.158056 0.127 0.0914431 0.195686 0.127 0.101311
0.193739 0.127 0.105202 0.19464 0.127 0.105349 0.194024 0.127 0.104124 0.193083
0.127 0.105564 0.273291 0.127 0.135975 0.266376 0.127 0.140952 0.272204 0.127
0.141483 0.260756 0.127 0.140674 0.242558 0.127 0.140404 0.24841 0.127 0.140447
0.202041 0.127 0.106925 0.209865 0.127 0.113958 0.213638 0.127 0.113124 0.219033
0.127 0.121451 0.224767 0.127 0.128917 0.230694 0.127 0.134656 0.254322 0.127
0.140531 0.26664 0.127 0.202541 0.266357 0.127 0.196892 0.266173 0.127 0.191248
0.248459 0.127 0.15181 0.248448 0.127 0.146146 0.254263 0.127 0.163105 0.254306
0.127 0.157474 0.26053 0.127 0.174366 0.260543 0.127 0.168737 0.26607 0.127
0.185615 0.266026 0.127 0.17999 0.218628 0.127 0.128381 0.214966 0.127 0.123423
0.183586 0.127 0.120279 0.184931 0.127 0.11801 0.209775 0.127 0.118144 0.202375
0.127 0.112709 0.194888 0.127 0.112309 0.188484 0.127 0.112534 0.146502 0.127
0.0960233 0.140666 0.127 0.0899235 0.135422 0.127 0.0834837 0.152311 0.127 0.105088
0.15201 0.127 0.101703 0.266894 0.127 0.208224 0.266741 0.127 0.213756 0.266201
0.127 0.223935 0.266397 0.127 0.219047 0.154618 0.127 0.107953 0.153844 0.127
0.107461 0.132018 0.127 0.0768708 0.13555 0.127 0.0792702 0.146056 0.127 0.0837376
0.152077 0.127 0.090408 0.161455 0.127 0.0964549 0.15928 0.127 0.0934379 0.160239
0.127 0.0960547 0.193911 0.127 0.106222 0.278832 0.127 0.141736 0.277106 0.127
0.13745 0.266775 0.127 0.146404 0.272979 0.127 0.146453 0.260885 0.127 0.146292
0.212022 0.127 0.118269 0.25437 0.127 0.146208 0.272415 0.127 0.20227 0.272087
0.127 0.196787 0.272228 0.127 0.191224 0.276658 0.127 0.196809 0.277496 0.127
0.201752 0.281457 0.127 0.201384 0.280399 0.127 0.196765 0.27622 0.127 0.191227
0.281172 0.127 0.1912 0.254355 0.127 0.151844 0.260586 0.127 0.163107 0.260689
0.127 0.157482 0.266028 0.127 0.174365 0.266055 0.127 0.168737 0.272244 0.127
0.185614 0.27224 0.127 0.179991 0.276112 0.127 0.185615 0.281382 0.127 0.185601
0.276065 0.127 0.179993 0.281514 0.127 0.179988 0.152469 0.127 0.0955942 0.146252
0.127 0.0901348 0.140737 0.127 0.0839027 0.128145 0.127 0.0776934 0.158126 0.127
0.100854 0.278801 0.127 0.206576 0.272254 0.127 0.207944 0.272404 0.127 0.213456
0.273106 0.127 0.22232 0.272534 0.127 0.219404 0.140848 0.127 0.0777169 0.156005
0.127 0.0957612 0.15872 0.127 0.100087 0.279156 0.127 0.146339 0.279165 0.127
0.146339 0.279163 0.127 0.146327 0.266605 0.127 0.151912 0.272723 0.127 0.151979
0.260823 0.127 0.151874 0.266124 0.127 0.16311 0.266313 0.127 0.157494 0.272247
0.127 0.174363 0.272272 0.127 0.168734 0.276133 0.127 0.174366 0.281394 0.127
0.174367 0.281382 0.127 0.16875 0.276244 0.127 0.168738 0.278109 0.127 0.20736
0.278918 0.127 0.213314 0.278133 0.127 0.224334 0.279109 0.127 0.222301 0.273275
0.127 0.219527 0.278799 0.127 0.217012 0.277825 0.127 0.151952 0.280843 0.127
0.15167 0.2725 0.127 0.157547 0.272326 0.127 0.163123 0.277501 0.127 0.163124
0.281622 0.127 0.163105 0.278083 0.127 0.157532 0.281215 0.127 0.157438 0.275899
0.127 0.42123 0.275993 0.127 0.415577 0.270334 0.127 0.421317 0.270265 0.127
0.426978 0.275849 0.127 0.426881 0.270422 0.127 0.415685 0.258784 0.127 0.472287
0.247524 0.127 0.472329 0.247488 0.127 0.494887 0.258809 0.127 0.461006 0.258857
0.127 0.449709 0.247591 0.127 0.449773 0.247548 0.127 0.461053 0.258931 0.127
0.4384 0.270157 0.127 0.438306 0.264689 0.127 0.427017 0.259052 0.127 0.427083
0.247654 0.127 0.438487 0.247736 0.127 0.427208 0.264747 0.127 0.421373 0.264823
0.127 0.415746 0.259194 0.127 0.415817 0.259131 0.127 0.421419 0.264902 0.127
0.410149 0.270554 0.127 0.410082 0.270724 0.127 0.40461 0.264891 0.127 0.404669
0.259272 0.127 0.404589 0.259268 0.127 0.410186 0.25369 0.127 0.404723 0.24804
0.127 0.404925 0.248006 0.127 0.410377 0.253655 0.127 0.410274 0.253591 0.127
0.415875 0.247891 0.127 0.415962 0.276227 0.127 0.409862 0.27674 0.127 0.4041
0.225016 0.127 0.472414 0.224975 0.127 0.494945 0.236266 0.127 0.472365 0.236282
0.127 0.461096 0.236306 0.127 0.449834 0.225044 0.127 0.44988 0.225031 0.127
0.461143 0.247481 0.127 0.51742 0.236335 0.127 0.438571 0.23635 0.127 0.427299
0.242313 0.127 0.405068 0.236491 0.127 0.405038 0.236387 0.127 0.41054 0.236359
0.127 0.416094 0.27071 0.127 0.399581 0.264638 0.127 0.399328 0.259216 0.127
0.398858 0.253707 0.127 0.399162 0.248073 0.127 0.399537 0.277948 0.127 0.397781
0.27744 0.127 0.391352 0.273359 0.127 0.390564 0.269337 0.127 0.390979 0.269823
0.127 0.395193 0.26406 0.127 0.393704 0.259656 0.127 0.392697 0.213775 0.127
0.472494 0.20251 0.127 0.472606 0.202447 0.127 0.49506 0.22496 0.127 0.517456
0.225032 0.127 0.43862 0.213826 0.127 0.449948 0.213805 0.127 0.461226 0.224934
0.127 0.427331 0.242337 0.127 0.399674 0.248076 0.127 0.394309 0.242329 0.127
0.394423 0.236556 0.127 0.394187 0.236541 0.127 0.399591 0.253666 0.127 0.393792
0.230736 0.127 0.404996 0.230669 0.127 0.410524 0.230635 0.127 0.416094 0.224894
0.127 0.41607 0.224898 0.127 0.421694 0.254457 0.127 0.382947 0.24827 0.127
0.383202 0.24813 0.127 0.389217 0.254321 0.127 0.38822 0.258945 0.127 0.389567
0.259353 0.127 0.383476 0.264286 0.127 0.39005 0.267778 0.127 0.390127 0.267873
0.127 0.383803 0.264278 0.127 0.38376 0.179836 0.127 0.4952 0.191203 0.127
0.472711 0.179861 0.127 0.472781 0.179837 0.127 0.483995 0.202577 0.127 0.45006
0.202547 0.127 0.461355 0.202429 0.127 0.517514 0.21379 0.127 0.438661 0.219273
0.127 0.427327 0.213653 0.127 0.42734 0.242338 0.127 0.38916 0.230776 0.127
0.393964 0.230782 0.127 0.399488 0.236568 0.127 0.388685 0.225005 0.127 0.40498
0.224915 0.127 0.410494 0.21921 0.127 0.421676 0.219137 0.127 0.416024 0.254444
0.127 0.37722 0.248345 0.127 0.377252 0.242439 0.127 0.383134 0.259418 0.127
0.377453 0.267849 0.127 0.377631 0.264281 0.127 0.377584 0.191263 0.127 0.450163
0.179906 0.127 0.450232 0.179879 0.127 0.46155 0.191232 0.127 0.461474 0.168521
0.127 0.484025 0.168533 0.127 0.495235 0.168508 0.127 0.472819 0.179873 0.127
0.517573 0.202572 0.127 0.43871 0.202434 0.127 0.539991 0.20809 0.127 0.427374
0.202534 0.127 0.427369 0.213564 0.127 0.42168 0.224974 0.127 0.393915 0.225059
0.127 0.399464 0.230764 0.127 0.388334 0.236636 0.127 0.382728 0.219274 0.127
0.404992 0.219093 0.127 0.410426 0.213407 0.127 0.415987 0.24253 0.127 0.377109
0.254418 0.127 0.371409 0.248317 0.127 0.371384 0.259445 0.127 0.371552 0.267851
0.127 0.371603 0.264336 0.127 0.371606 0.168503 0.127 0.450262 0.168494 0.127
0.461584 0.191293 0.127 0.43876 0.179958 0.127 0.438805 0.157234 0.127 0.495256
0.157313 0.127 0.517609 0.157202 0.127 0.484055 0.157154 0.127 0.472848 0.179899
0.127 0.540019 0.202448 0.127 0.562483 0.19696 0.127 0.427326 0.191354 0.127
0.427303 0.208067 0.127 0.421781 0.202537 0.127 0.421783 0.219108 0.127 0.394058
0.219392 0.127 0.399527 0.224853 0.127 0.388274 0.230818 0.127 0.382453 0.235869
0.127 0.375942 0.213079 0.127 0.404921 0.212709 0.127 0.409857 0.208068 0.127
0.416253 0.185728 0.127 0.427275 0.180049 0.127 0.427324 0.242637 0.127 0.371356
0.254385 0.127 0.365614 0.248042 0.127 0.365526 0.259458 0.127 0.365852 0.26788
0.127 0.365758 0.264429 0.127 0.365794 0.168588 0.127 0.438848 0.157003 0.127
0.450246 0.157083 0.127 0.461592 0.145943 0.127 0.495301 0.134686 0.127 0.495333
0.134784 0.127 0.517631 0.157366 0.127 0.540038 0.145908 0.127 0.484107 0.145834
0.127 0.472929 0.179925 0.127 0.562496 0.202462 0.127 0.584982 0.196988 0.127
0.421706 0.191391 0.127 0.421657 0.202547 0.127 0.41634 0.218734 0.127 0.388671
0.211556 0.127 0.392872 0.211184 0.127 0.393221 0.213403 0.127 0.399648 0.2249
0.127 0.382387 0.231177 0.127 0.375833 0.235256 0.127 0.370571 0.206903 0.127
0.403783 0.207998 0.127 0.410284 0.174361 0.127 0.427414 0.168696 0.127 0.427555
0.168628 0.127 0.433201 0.185788 0.127 0.421577 0.18012 0.127 0.421581 0.241751
0.127 0.365685 0.254338 0.127 0.359948 0.24791 0.127 0.359634 0.259259 0.127
0.36028 0.267911 0.127 0.360184 0.26461 0.127 0.360165 0.269981 0.127 0.35806
0.27328 0.127 0.354833 0.271202 0.127 0.354716 0.162911 0.127 0.438843 0.157165
0.127 0.438829 0.145355 0.127 0.450187 0.145547 0.127 0.455927 0.145706 0.127
0.461635 0.145783 0.127 0.467306 0.123431 0.127 0.495362 0.112205 0.127 0.495311
0.112297 0.127 0.517615 0.134653 0.127 0.484181 0.13485 0.127 0.540047 0.157406
0.127 0.562504 0.140216 0.127 0.472997 0.134625 0.127 0.473082 0.179947 0.127
0.584987 0.202473 0.127 0.607484 0.197003 0.127 0.416213 0.191428 0.127 0.416073
0.20258 0.127 0.410771 0.211059 0.127 0.392804 0.211328 0.127 0.389206 0.210985
0.127 0.392394 0.218673 0.127 0.382811 0.210851 0.127 0.392921 0.208953 0.127
0.399573 0.225221 0.127 0.376336 0.230103 0.127 0.372153 0.233518 0.127 0.367142
0.202495 0.127 0.406155 0.174389 0.127 0.42173 0.16874 0.127 0.421978 0.163103
0.127 0.427658 0.162982 0.127 0.433219 0.185906 0.127 0.415818 0.180301 0.127
0.415703 0.241733 0.127 0.359962 0.254113 0.127 0.354484 0.248033 0.127 0.354415
0.260516 0.127 0.354824 0.265808 0.127 0.354802 0.273035 0.127 0.349192 0.272263
0.127 0.349185 0.145246 0.127 0.444462 0.151354 0.127 0.43878 0.145439 0.127
0.438762 0.157282 0.127 0.433179 0.139561 0.127 0.450166 0.13996 0.127 0.455967
0.140128 0.127 0.4617 0.14019 0.127 0.467369 0.123397 0.127 0.484241 0.0898051
0.127 0.495161 0.0898478 0.127 0.51756 0.100997 0.127 0.495244 0.112161 0.127
0.484169 0.112358 0.127 0.540038 0.134897 0.127 0.562508 0.157435 0.127 0.584991
0.129014 0.127 0.473206 0.12335 0.127 0.473272 0.134633 0.127 0.467481 0.179964
0.127 0.607486 0.202482 0.127 0.629987 0.196992 0.127 0.410685 0.191882 0.127
0.410159 0.212149 0.127 0.383101 0.218682 0.127 0.376978 0.227016 0.127 0.369237
0.235465 0.127 0.360299 0.197031 0.127 0.406332 0.174454 0.127 0.415961 0.163308
0.127 0.422289 0.16874 0.127 0.41642 0.157427 0.127 0.42755 0.186123 0.127
0.409888 0.180755 0.127 0.409457 0.241795 0.127 0.35455 0.254294 0.127 0.349019
0.248185 0.127 0.348969 0.260893 0.127 0.34912 0.266611 0.127 0.349147 0.27271
0.127 0.34428 0.287188 0.127 0.339943 0.285712 0.127 0.337944 0.281925 0.127
0.337759 0.139565 0.127 0.438738 0.139379 0.127 0.44444 0.151529 0.127 0.433123
0.145706 0.127 0.433072 0.133687 0.127 0.450108 0.134568 0.127 0.456067 0.134644
0.127 0.461828 0.100975 0.127 0.48405 0.0898 0.127 0.483938 0.0786034 0.127
0.495103 0.0673911 0.127 0.49506 0.0674059 0.127 0.517513 0.0898862 0.127 0.540016
0.117671 0.127 0.473236 0.112074 0.127 0.473109 0.112401 0.127 0.562504 0.13493
0.127 0.584992 0.157456 0.127 0.607487 0.129059 0.127 0.467648 0.123347 0.127
0.467832 0.179976 0.127 0.629988 0.202488 0.127 0.65249 0.191515 0.127 0.40492
0.210455 0.127 0.379132 0.21986 0.127 0.370879 0.229552 0.127 0.360301 0.235421
0.127 0.354872 0.174709 0.127 0.409954 0.157564 0.127 0.421905 0.162631 0.127
0.415159 0.168404 0.127 0.410576 0.151731 0.127 0.427462 0.186697 0.127 0.402463
0.182482 0.127 0.401215 0.241998 0.127 0.349029 0.254424 0.127 0.343357 0.248314
0.127 0.343354 0.261112 0.127 0.343413 0.272704 0.127 0.343444 0.267029 0.127
0.343494 0.273886 0.127 0.337387 0.282547 0.127 0.333418 0.133655 0.127 0.438744
0.133364 0.127 0.444414 0.139985 0.127 0.433013 0.145964 0.127 0.427405 0.127985
0.127 0.449617 0.127947 0.127 0.454625 0.129203 0.127 0.462051 0.078609 0.127
0.483861 0.100936 0.127 0.472902 0.0898124 0.127 0.472703 0.0673961 0.127 0.483818
0.0449668 0.127 0.494986 0.044953 0.127 0.517485 0.0674218 0.127 0.539995 0.106501
0.127 0.473004 0.0899176 0.127 0.562495 0.117597 0.127 0.46771 0.112023 0.127
0.467536 0.112432 0.127 0.584991 0.134953 0.127 0.607487 0.157471 0.127 0.629988
0.123373 0.127 0.462566 0.179984 0.127 0.65249 0.202493 0.127 0.674993 0.213547
0.127 0.371744 0.22443 0.127 0.365843 0.220649 0.127 0.364589 0.227682 0.127
0.356768 0.235777 0.127 0.349192 0.17555 0.127 0.403684 0.158751 0.127 0.414159
0.151939 0.127 0.421772 0.162921 0.127 0.410392 0.168385 0.127 0.404879 0.242197
0.127 0.343415 0.25451 0.127 0.337665 0.248413 0.127 0.337689 0.261222 0.127
0.337682 0.272971 0.127 0.337395 0.267266 0.127 0.337687 0.273454 0.127 0.332059
0.2815 0.127 0.332052 0.280527 0.127 0.328397 0.280322 0.127 0.326356 0.279228
0.127 0.32632 0.127988 0.127 0.439106 0.127985 0.127 0.444393 0.134512 0.127
0.432914 0.140211 0.127 0.427366 0.146202 0.127 0.421721 0.123445 0.127 0.4572
0.0786336 0.127 0.472605 0.100935 0.127 0.467295 0.100994 0.127 0.461613 0.0898782
0.127 0.461409 0.0674281 0.127 0.472554 0.0450077 0.127 0.472474 0.0449534 0.127
0.539982 0.0225003 0.127 0.494967 0.0224828 0.127 0.517474 0.0674392 0.127 0.562487
0.106491 0.127 0.467391 0.0899416 0.127 0.584988 0.117397 0.127 0.462198 0.111956
0.127 0.46193 0.112454 0.127 0.607487 0.134968 0.127 0.629988 0.157481 0.127
0.65249 0.17999 0.127 0.674993 0.202496 0.127 0.697495 0.206183 0.127 0.376218
0.207552 0.127 0.372174 0.214445 0.127 0.365493 0.22056 0.127 0.359479 0.229773
0.127 0.349337 0.236024 0.127 0.343561 0.178569 0.127 0.396451 0.152166 0.127
0.416003 0.161585 0.127 0.405535 0.16947 0.127 0.398691 -0.0899802 0.127 0.404975
-0.0899857 0.127 0.382479 -0.0899932 0.127 0.359989 -0.134995 0.127 0.359994 -0.134989
0.127 0.404988 0.214008 0.127 0.304043 0.214025 0.127 0.315508 0.219753 0.127
0.315518 0.22542 0.127 0.315424 0.225454 0.127 0.303917 -0.0899799 0.127 0.449976
-0.0899771 0.127 0.427473 -0.134989 0.127 0.449987 0.242354 0.127 0.337765 0.254557
0.127 0.331998 0.248489 0.127 0.332024 0.261257 0.127 0.332016 0.273329 0.127
0.332059 0.267259 0.127 0.332055 0.273377 0.127 0.331913 0.273026 0.127 0.326314
0.281767 0.127 0.320507 0.2782 0.127 0.320343 0.127898 0.127 0.434083 0.134605
0.127 0.427348 0.14039 0.127 0.421711 0.146446 0.127 0.415995 0.118559 0.127
0.45492 0.0786873 0.127 0.461319 0.101115 0.127 0.455896 0.101334 0.127 0.450102
0.0900275 0.127 0.450029 0.106513 0.127 0.461735 0.0674736 0.127 0.461275 0.0675303
0.127 0.449976 0.056306 0.127 0.449948 0.0450702 0.127 0.449933 0.0225318 0.127
0.472454 0.0224762 0.127 0.539977 0.0449598 0.127 0.562482 1.38384e-05 0.127 0.494964
-1.53121e-06 0.127 0.517472 0.0674546 0.127 0.584985 0.0899593 0.127 0.607486 0.111967
0.127 0.456214 0.112469 0.127 0.629988 0.134979 0.127 0.65249 0.157488 0.127
0.674993 0.179994 0.127 0.697495 0.203505 0.127 0.371874 0.205704 0.127 0.37645
0.208354 0.127 0.366098 0.214768 0.127 0.359493 0.223766 0.127 0.349111 0.229968
0.127 0.343749 0.236272 0.127 0.337926 0.15662 0.127 0.410633 0.152943 0.127
0.409756 0.161636 0.127 0.400293 0.178244 0.127 0.391743 0.170037 0.127 0.393021
-0.135002 0.127 0.314999 -0.0899969 0.127 0.337497 -0.0900017 0.127 0.315001 -0.0674836
0.127 0.38247 -0.0674964 0.127 0.359985 -0.0674728 0.127 0.404964 0.214059 0.127
0.292634 0.225491 0.127 0.292549 0.202533 0.127 0.30423 0.202387 0.127 0.31563
0.20822 0.127 0.315552 0.231109 0.127 0.315306 0.236889 0.127 0.315165 0.236956
0.127 0.309458 0.236953 0.127 0.303805 0.219874 0.127 0.321303 0.225441 0.127
0.321197 0.214136 0.127 0.321164 -0.0899887 0.127 0.494982 -0.0899832 0.127 0.472478
-0.134993 0.127 0.494989 -0.0674732 0.127 0.449968 -0.0674697 0.127 0.427464 0.242498
0.127 0.332102 0.254579 0.127 0.326348 0.248537 0.127 0.326365 0.261265 0.127
0.326378 0.267221 0.127 0.326419 0.272557 0.127 0.320545 0.278989 0.127 0.316592
0.129106 0.127 0.427377 0.13466 0.127 0.421723 0.140575 0.127 0.416021 0.146719
0.127 0.410263 0.0787675 0.127 0.449999 0.101478 0.127 0.444344 0.101444 0.127
0.43863 0.0900979 0.127 0.438659 0.10664 0.127 0.455998 0.107029 0.127 0.450125
0.0563287 0.127 0.438665 0.0450892 0.127 0.438657 0.033829 0.127 0.449924 0.0225767
0.127 0.449923 0.0675635 0.127 0.438677 3.68225e-05 0.127 0.472451 0.022476 0.127
0.56248 -9.82851e-06 0.127 0.539977 0.0449677 0.127 0.584983 -0.0224827 0.127 0.494967
-0.0224947 0.127 0.517474 0.0674671 0.127 0.607486 0.0899721 0.127 0.629988 0.118459
0.127 0.449636 0.112812 0.127 0.450114 0.112479 0.127 0.65249 0.134987 0.127
0.674992 0.157492 0.127 0.697495 0.201154 0.127 0.367728 0.208556 0.127 0.360103
0.216464 0.127 0.35216 0.223255 0.127 0.347691 0.22705 0.127 0.344365 0.230403
0.127 0.338178 0.236538 0.127 0.332271 0.152894 0.127 0.404394 0.162381 0.127
0.394079 0.15831 0.127 0.399064 0.176416 0.127 0.38835 0.170433 0.127 0.387672
0.157264 0.127 0.236307 0.157252 0.127 0.247653 0.168609 0.127 0.247668 0.179977
0.127 0.24762 0.180003 0.127 0.236261 -0.135014 0.127 0.270001 -0.0900152 0.127
0.292503 -0.0900309 0.127 0.270004 -0.0674966 0.127 0.337498 -0.0674954 0.127 0.315004
-0.04498 0.127 0.382451 -0.0450094 0.127 0.35998 -0.0449588 0.127 0.404943 0.214082
0.127 0.281278 0.225496 0.127 0.281234 0.202625 0.127 0.292813 0.236972 0.127
0.298148 0.236951 0.127 0.29251 0.19109 0.127 0.304645 0.190993 0.127 0.310423
0.190903 0.127 0.316042 0.196574 0.127 0.315799 0.202328 0.127 0.321241 0.208264
0.127 0.321169 0.242687 0.127 0.315091 0.242699 0.127 0.309427 0.242691 0.127
0.30378 0.231066 0.127 0.321029 0.236825 0.127 0.320863 0.220298 0.127 0.327522
0.225527 0.127 0.327119 0.214421 0.127 0.326658 0.0225911 0.127 0.438655 0.0226066
0.127 0.427379 0.0113537 0.127 0.427383 9.73829e-05 0.127 0.42739 6.3551e-05 0.127
0.449931 -0.134997 0.127 0.539992 -0.0899967 0.127 0.539988 -0.0899929 0.127 0.517485
-0.0674794 0.127 0.472473 -0.0674865 0.127 0.494978 -0.0449625 0.127 0.449957 -0.0449551
0.127 0.427447 0.242602 0.127 0.326431 0.254547 0.127 0.320698 0.248549 0.127
0.320709 0.26116 0.127 0.320729 0.266966 0.127 0.320762 0.275302 0.127 0.314622
0.271827 0.127 0.314801 0.278952 0.127 0.312228 0.281508 0.127 0.308216 0.277685
0.127 0.30848 0.123778 0.127 0.431052 0.123089 0.127 0.42812 0.129052 0.127
0.421771 0.134707 0.127 0.416045 0.140745 0.127 0.410344 0.146811 0.127 0.404647
0.0788125 0.127 0.438678 0.101326 0.127 0.432955 0.10127 0.127 0.427352 0.0900504
0.127 0.427356 0.107242 0.127 0.444343 0.107154 0.127 0.438618 0.0338426 0.127
0.438655 0.056348 0.127 0.427361 0.0451108 0.127 0.427364 0.0675716 0.127 0.427365
-0.0224667 0.127 0.472457 -1.29183e-05 0.127 0.562481 0.0224789 0.127 0.584984 -0.0225022
0.127 0.53998 0.0449754 0.127 0.607486 -0.044984 0.127 0.494973 -0.0449925 0.127
0.517478 0.0674767 0.127 0.629988 0.0899811 0.127 0.65249 0.118459 0.127 0.444331
0.113151 0.127 0.444344 0.112487 0.127 0.674992 0.134991 0.127 0.697495 0.157495
0.127 0.719997 0.222967 0.127 0.345022 0.201989 0.127 0.360934 0.20902 0.127
0.354059 0.225881 0.127 0.338604 0.230822 0.127 0.332584 0.236719 0.127 0.32657
0.172231 0.127 0.381307 0.171515 0.127 0.380891 0.171345 0.127 0.382031 0.155725
0.127 0.394447 0.162919 0.127 0.388436 0.191326 0.127 0.236229 0.191327 0.127
0.247562 0.145958 0.127 0.236305 0.145924 0.127 0.247638 0.157223 0.127 0.259004
0.168592 0.127 0.259021 0.179963 0.127 0.258985 -0.0900428 0.127 0.247504 -0.0675143
0.127 0.292505 -0.0675438 0.127 0.270005 -0.0449989 0.127 0.337504 -0.0449762 0.127
0.315009 -0.0224595 0.127 0.382415 -0.0224948 0.127 0.371191 -0.0225266 0.127 0.359978
-0.0224255 0.127 0.404901 -0.0224355 0.127 0.393652 0.0113939 0.127 0.393566 0.022692
0.127 0.393506 0.0227579 0.127 0.382226 0.0114001 0.127 0.382316 0.000112426 0.127
0.393601 0.000111456 0.127 0.404861 0.0113791 0.127 0.404838 9.62568e-05 0.127 0.382361
0.0226491 0.127 0.404805 0.214074 0.127 0.269979 0.225472 0.127 0.26996 0.236958
0.127 0.286867 0.236933 0.127 0.281232 0.202671 0.127 0.281432 0.191226 0.127
0.293051 0.242682 0.127 0.298139 0.242666 0.127 0.292503 0.196467 0.127 0.321345
0.190778 0.127 0.321558 0.185381 0.127 0.310574 0.185309 0.127 0.316336 0.185441
0.127 0.304808 0.20226 0.127 0.326814 0.208374 0.127 0.326711 0.24266 0.127
0.320759 0.248531 0.127 0.315052 0.248502 0.127 0.3094 0.248468 0.127 0.303762
0.230989 0.127 0.3268 0.219913 0.127 0.335545 0.225725 0.127 0.333338 0.225716
0.127 0.33288 0.220275 0.127 0.328322 0.215592 0.127 0.330597 0.216264 0.127
0.333465 -0.0111582 0.127 0.404882 -0.0224324 0.127 0.427423 0.000106809 0.127 0.416124
0.0113653 0.127 0.416112 0.022624 0.127 0.416096 -0.0224487 0.127 0.449942 0.0338607
0.127 0.427372 -0.0674925 0.127 0.517482 -0.0674971 0.127 0.539986 -0.134999 0.127
0.584995 -0.0900007 0.127 0.584992 -0.0899993 0.127 0.56249 -0.0449733 0.127 0.472466
0.254464 0.127 0.315036 0.260927 0.127 0.315036 0.266463 0.127 0.315014 0.272079
0.127 0.30905 0.281163 0.127 0.303637 0.276322 0.127 0.303672 0.118563 0.127
0.433229 0.118732 0.127 0.428376 0.123514 0.127 0.421899 0.129002 0.127 0.416048
0.134745 0.127 0.410409 0.140899 0.127 0.404703 0.148624 0.127 0.397348 0.148526
0.127 0.397284 0.148473 0.127 0.397584 0.0788036 0.127 0.427363 0.101247 0.127
0.421747 0.10126 0.127 0.416122 0.0900114 0.127 0.41607 0.106884 0.127 0.43291
0.106855 0.127 0.427364 0.112934 0.127 0.438631 0.0563665 0.127 0.416015 0.0451388
0.127 0.41604 0.0675579 0.127 0.416011 -0.022506 0.127 0.562484 -1.29024e-05 0.127
0.584985 0.0224828 0.127 0.607487 -0.0449986 0.127 0.539983 0.0449819 0.127 0.629989
0.0674839 0.127 0.652491 0.0899875 0.127 0.674993 0.118457 0.127 0.438898 0.112491
0.127 0.697495 0.134995 0.127 0.719996 0.157497 0.127 0.742498 0.225215 0.127
0.338655 0.221929 0.127 0.344207 0.202307 0.127 0.354708 0.196619 0.127 0.360024
0.214553 0.127 0.348241 0.208882 0.127 0.348631 0.226056 0.127 0.333298 0.170428
0.127 0.381077 0.1712 0.127 0.379522 0.155512 0.127 0.389409 0.16342 0.127
0.382625 0.134697 0.127 0.236301 0.134664 0.127 0.247625 0.202664 0.127 0.236182
0.202678 0.127 0.247493 0.191327 0.127 0.258902 0.14588 0.127 0.258976 0.157221
0.127 0.270351 0.168588 0.127 0.270393 0.179947 0.127 0.270365 0.0675141 0.127
0.247522 0.0449418 0.127 0.236267 0.0449395 0.127 0.247516 0.0562872 0.127 0.270032
0.0675485 0.127 0.270044 0.0449609 0.127 0.258767 0.0450039 0.127 0.270024 -0.0675608
0.127 0.247505 0.0563121 0.127 0.281302 0.0563333 0.127 0.29261 0.0675643 0.127
0.292628 0.0675624 0.127 0.281315 0.0450419 0.127 0.281289 0.0450743 0.127 0.292584
-0.0450054 0.127 0.292508 -0.0450634 0.127 0.270006 -0.0225343 0.127 0.348762 -0.0225069
0.127 0.337529 -0.022467 0.127 0.326282 -0.0224437 0.127 0.315026 0.0113196 0.127
0.326396 0.0113082 0.127 0.337675 0.0226689 0.127 0.337798 0.0226169 0.127 0.326489
0.0113274 0.127 0.315099 7.70617e-05 0.127 0.315061 4.90635e-05 0.127 0.326336 0.0225891
0.127 0.315156 1.99164e-06 0.127 0.337598 -0.0111897 0.127 0.382392 -0.011233 0.127
0.371177 -0.0112771 0.127 0.35998 -0.0111655 0.127 0.39363 5.58042e-05 0.127 0.371154
6.0261e-06 0.127 0.359985 0.0113872 0.127 0.371119 0.0113523 0.127 0.359996 0.0228077
0.127 0.371048 0.0227912 0.127 0.360015 0.0340263 0.127 0.393373 0.0342541 0.127
0.381985 0.0339277 0.127 0.404745 0.225432 0.127 0.258718 0.214058 0.127 0.258719
0.23693 0.127 0.275598 0.236893 0.127 0.269973 0.202687 0.127 0.2701 0.242654
0.127 0.286866 0.242639 0.127 0.28123 0.191284 0.127 0.281625 0.179908 0.127
0.293195 0.17986 0.127 0.304836 0.248438 0.127 0.298132 0.24841 0.127 0.292502
0.196284 0.127 0.326807 0.185268 0.127 0.321968 0.190566 0.127 0.326798 0.17982
0.127 0.310671 0.179786 0.127 0.316617 0.213477 0.127 0.333068 0.202196 0.127
0.332386 0.208503 0.127 0.332116 0.254386 0.127 0.309377 0.254316 0.127 0.303747
0.220232 0.127 0.339936 0.214958 0.127 0.335493 0.202317 0.127 0.337894 0.208197
0.127 0.33765 0.213524 0.127 0.337583 0.0338843 0.127 0.416073 -0.0675001 0.127
0.562489 -0.0900017 0.127 0.629996 -0.0900016 0.127 0.607494 -0.135 0.127 0.629997
-0.0675018 0.127 0.584991 0.260773 0.127 0.309342 0.266314 0.127 0.309248 0.272152
0.127 0.303645 0.281074 0.127 0.298154 0.276282 0.127 0.298123 0.148209 0.127
0.39734 0.112232 0.127 0.432768 0.112443 0.127 0.427451 0.118069 0.127 0.421924
0.123495 0.127 0.416055 0.128958 0.127 0.410388 0.13481 0.127 0.404885 0.141138
0.127 0.398945 0.148457 0.127 0.3971 0.0787632 0.127 0.416031 0.101289 0.127
0.410506 0.101316 0.127 0.404898 0.0899435 0.127 0.404792 0.106848 0.127 0.421765
0.10687 0.127 0.416125 0.0563944 0.127 0.404562 0.0451963 0.127 0.404646 0.0674957
0.127 0.404558 -0.0225073 0.127 0.584987 -0.0450021 0.127 0.562486 -1.13442e-05 0.127
0.607488 0.0224868 0.127 0.62999 0.0449871 0.127 0.652491 0.0674891 0.127 0.674993
0.0899919 0.127 0.697495 0.112495 0.127 0.719996 0.134997 0.127 0.742498 0.221001
0.127 0.341771 0.194579 0.127 0.356306 0.202417 0.127 0.348979 0.208531 0.127
0.343434 0.213275 0.127 0.343442 0.146319 0.127 0.393939 0.14137 0.127 0.392837
0.152001 0.127 0.388272 0.156358 0.127 0.383295 0.169904 0.127 0.377046 0.164102
0.127 0.376356 0.123495 0.127 0.236299 0.112331 0.127 0.236295 0.112319 0.127
0.247591 0.123471 0.127 0.247611 0.134623 0.127 0.258956 0.134619 0.127 0.270267
0.145866 0.127 0.270294 0.214016 0.127 0.236127 0.214038 0.127 0.247439 0.202688
0.127 0.258796 0.191315 0.127 0.270254 0.157291 0.127 0.281703 0.168614 0.127
0.281776 0.179929 0.127 0.28176 0.0899666 0.127 0.247556 0.0899623 0.127 0.236284
0.0336581 0.127 0.236268 0.0336541 0.127 0.247517 0.0900014 0.127 0.270096 0.0899769
0.127 0.258829 0.0787872 0.127 0.270066 0.0336787 0.127 0.25877 0.0337206 0.127
0.270025 -0.0450952 0.127 0.247506 0.0337646 0.127 0.281283 0.0338029 0.127 0.292562
0.0224936 0.127 0.281281 0.0225358 0.127 0.292549 0.0224474 0.127 0.270027 0.0787649
0.127 0.292645 0.0787897 0.127 0.281337 0.0900028 0.127 0.281375 0.0899658 0.127
0.292677 0.0563294 0.127 0.303989 0.0675143 0.127 0.304025 0.0450937 0.127 0.303934
0.0338305 0.127 0.303881 0.0338597 0.127 0.315239 0.0451118 0.127 0.315348 0.0225666
0.127 0.30384 0.0562725 0.127 0.315499 0.0673441 0.127 0.315565 0.0618147 0.127
0.315582 -0.022451 0.127 0.30377 -0.0224855 0.127 0.292515 -0.022533 0.127 0.281262
-0.0225793 0.127 0.27001 0.0112329 0.127 0.281276 0.0112794 0.127 0.292537 0.0111842
0.127 0.270021 -7.5875e-05 0.127 0.270016 -2.40075e-05 0.127 0.28127 2.79989e-05 0.127
0.292527 0.0113137 0.127 0.303811 6.68808e-05 0.127 0.30379 0.0452131 0.127 0.326838
0.0339265 0.127 0.326631 0.0340983 0.127 0.338011 0.0398002 0.127 0.338128 0.0454338
0.127 0.338182 0.0453081 0.127 0.332563 0.0562756 0.127 0.321261 0.0508211 0.127
0.326935 0.0563557 0.127 0.326954 0.0618159 0.127 0.321307 0.0618678 0.127 0.327012
0.0672958 0.127 0.321334 0.0673034 0.127 0.327087 0.0509095 0.127 0.332592 0.0510556
0.127 0.338197 0.0566435 0.127 0.338171 0.0564605 0.127 0.332596 -0.011292 0.127
0.34878 -0.0112613 0.127 0.337553 -0.0112099 0.127 0.3263 -0.0111797 0.127 0.315038
-1.8986e-05 0.127 0.348815 0.0113183 0.127 0.348879 0.0227367 0.127 0.348974 0.0400992
0.127 0.376212 0.0400003 0.127 0.381805 0.0456378 0.127 0.381639 0.045804 0.127
0.376018 0.0459843 0.127 0.370538 0.0401838 0.127 0.370739 0.0344073 0.127 0.37087
0.0343748 0.127 0.376352 0.0344526 0.127 0.36542 0.0343963 0.127 0.359999 0.0453643
0.127 0.393077 0.0454967 0.127 0.387291 0.23687 0.127 0.264359 0.236823 0.127
0.258747 0.225408 0.127 0.247424 0.242624 0.127 0.275595 0.242595 0.127 0.269967
0.248388 0.127 0.286867 0.248374 0.127 0.281227 0.168693 0.127 0.2932 0.168726
0.127 0.298905 0.16876 0.127 0.30463 0.174315 0.127 0.304774 0.25426 0.127
0.29813 0.254212 0.127 0.292508 0.196056 0.127 0.332279 0.185233 0.127 0.327033
0.179349 0.127 0.323065 0.190174 0.127 0.331909 0.174331 0.127 0.310589 0.174392
0.127 0.316652 0.26065 0.127 0.303726 0.1784 0.127 0.328944 0.20247 0.127
0.343583 0.195949 0.127 0.337843 0.112151 0.127 0.354548 0.112267 0.127 0.360196
0.118062 0.127 0.3603 0.117991 0.127 0.354614 0.117967 0.127 0.348966 0.112123
0.127 0.348932 0.123802 0.127 0.360384 0.123834 0.127 0.354625 0.123863 0.127
0.34895 0.106515 0.127 0.365688 0.112364 0.127 0.365832 0.106376 0.127 0.360056
0.100508 0.127 0.3599 0.100614 0.127 0.365529 0.10665 0.127 0.371291 0.112429
0.127 0.371424 0.10076 0.127 0.371148 0.11813 0.127 0.365992 0.123769 0.127
0.366184 0.11899 0.127 0.372409 0.123877 0.127 0.372583 -0.0900014 0.127 0.674998
-0.0900018 0.127 0.652497 -0.135001 0.127 0.674998 -0.0675025 0.127 0.607493 -0.0675026
0.127 0.629995 -0.0450038 0.127 0.584989 0.266171 0.127 0.303687 0.272061 0.127
0.298125 0.281241 0.127 0.292697 0.27758 0.127 0.292637 0.112447 0.127 0.421818
0.118056 0.127 0.416082 0.123484 0.127 0.410235 0.128458 0.127 0.404456 0.134851
0.127 0.399237 0.0786469 0.127 0.404648 0.101367 0.127 0.399317 0.101382 0.127
0.393694 0.0896965 0.127 0.393412 0.106912 0.127 0.410488 0.106954 0.127 0.404893
0.112473 0.127 0.416111 0.0564839 0.127 0.392908 0.0509811 0.127 0.392931 0.0673825
0.127 0.392897 0.0619509 0.127 0.392855 -0.0225071 0.127 0.60749 -9.22503e-06 0.127
0.629991 0.0224902 0.127 0.652492 0.0449911 0.127 0.674994 0.0674928 0.127 0.697495
0.0899948 0.127 0.719997 0.112497 0.127 0.742498 0.195765 0.127 0.349325 0.134774
0.127 0.393124 0.140327 0.127 0.386687 0.149289 0.127 0.384539 0.157454 0.127
0.377202 0.165433 0.127 0.36951 0.112318 0.127 0.258894 0.123455 0.127 0.258931
0.101159 0.127 0.247572 0.101161 0.127 0.23629 0.123473 0.127 0.270237 0.112346
0.127 0.270187 0.134706 0.127 0.28156 0.145953 0.127 0.281609 0.225388 0.127
0.236061 0.157451 0.127 0.293114 0.163087 0.127 0.293174 0.0223786 0.127 0.236267
0.0223757 0.127 0.247517 0.0224037 0.127 0.25877 0.101167 0.127 0.258857 0.101191
0.127 0.270137 -0.0226326 0.127 0.247508 -0.0226292 0.127 0.236258 -0.0226166 0.127
0.258759 -0.000141866 0.127 0.236261 0.0111134 0.127 0.236264 0.0111106 0.127 0.247514
-0.000144932 0.127 0.247511 0.0111388 0.127 0.258767 -0.000120872 0.127 0.258763 0.101203
0.127 0.281421 0.101171 0.127 0.292724 0.112377 0.127 0.292783 0.112382 0.127
0.281473 0.0786647 0.127 0.304018 0.089861 0.127 0.30401 0.0783912 0.127 0.315494
0.0896304 0.127 0.31536 0.0728154 0.127 0.315581 -0.0111883 0.127 0.303777 -0.0112271
0.127 0.292519 -0.0112795 0.127 0.281265 -0.011331 0.127 0.270012 0.0455784 0.127
0.343765 0.0398947 0.127 0.343715 0.0400004 0.127 0.349181 0.0457374 0.127 0.349231
0.0342057 0.127 0.343645 0.034271 0.127 0.349124 0.0343632 0.127 0.354574 0.0512589
0.127 0.343776 0.0573433 0.127 0.344265 0.0514775 0.127 0.34922 0.0581377 0.127
0.350039 0.0621486 0.127 0.338173 0.0675547 0.127 0.338476 0.0673851 0.127 0.33284
0.0619681 0.127 0.332663 0.0726223 0.127 0.327004 0.0780261 0.127 0.326841 0.0782253
0.127 0.321218 0.0727247 0.127 0.3213 0.0461152 0.127 0.365245 0.0459894 0.127
0.35992 0.0401763 0.127 0.359968 0.0402334 0.127 0.365353 0.0512319 0.127 0.381477
0.0514513 0.127 0.3758 0.0517274 0.127 0.370289 0.05108 0.127 0.38719 0.0565623
0.127 0.387135 0.0566973 0.127 0.381372 0.056903 0.127 0.375658 0.0572117 0.127
0.370041 0.236805 0.127 0.253118 0.236802 0.127 0.247427 0.242554 0.127 0.264354
0.242497 0.127 0.258754 0.24836 0.127 0.275588 0.248332 0.127 0.269954 0.254173
0.127 0.28687 0.25416 0.127 0.281222 0.168829 0.127 0.310333 0.163125 0.127
0.298852 0.163172 0.127 0.304543 0.260558 0.127 0.298132 0.260468 0.127 0.292526
0.172984 0.127 0.325341 0.172919 0.127 0.325823 0.173333 0.127 0.325669 0.184556
0.127 0.33199 0.189597 0.127 0.337925 0.168991 0.127 0.315957 0.180059 0.127
0.33165 0.172966 0.127 0.325998 0.196003 0.127 0.343434 0.11217 0.127 0.337779
0.123908 0.127 0.343336 0.123838 0.127 0.337764 0.10619 0.127 0.348846 0.100333
0.127 0.348782 0.10036 0.127 0.354261 0.106236 0.127 0.354422 0.129557 0.127
0.360418 0.129689 0.127 0.354576 0.129734 0.127 0.348907 0.135495 0.127 0.360242
0.135678 0.127 0.354442 0.135658 0.127 0.348887 0.094786 0.127 0.359777 0.0947878
0.127 0.365404 0.106767 0.127 0.376865 0.112333 0.127 0.376846 0.100948 0.127
0.376773 0.0948549 0.127 0.370979 0.129353 0.127 0.366455 0.128464 0.127 0.373485
0.118902 0.127 0.377418 0.124321 0.127 0.375609 -0.0900008 0.127 0.719999 -0.0900012
0.127 0.697498 -0.135 0.127 0.719999 -0.0675023 0.127 0.652496 -0.0675019 0.127
0.674997 -0.0450043 0.127 0.607492 -0.045004 0.127 0.629994 0.266055 0.127 0.298141
0.271758 0.127 0.292589 0.279065 0.127 0.289659 0.118168 0.127 0.410259 0.122391
0.127 0.402373 0.127841 0.127 0.398842 0.0839574 0.127 0.393252 0.0783765 0.127
0.393143 0.0893519 0.127 0.382077 0.0894857 0.127 0.387691 0.101374 0.127 0.388088
0.101155 0.127 0.382421 0.0951513 0.127 0.382236 0.107015 0.127 0.399347 0.107139
0.127 0.393743 0.112534 0.127 0.410415 0.112583 0.127 0.404804 0.0728151 0.127
0.392954 0.0619738 0.127 0.387107 0.0673256 0.127 0.387116 -0.0225062 0.127 0.629993
-7.0964e-06 0.127 0.652493 0.022493 0.127 0.674995 0.044994 0.127 0.697496 0.0674953
0.127 0.719997 0.0899968 0.127 0.742498 0.112498 0.127 0.764999 0.190367 0.127
0.349218 0.135676 0.127 0.386838 0.127987 0.127 0.393307 0.15115 0.127 0.3779
0.158174 0.127 0.371031 0.123534 0.127 0.281525 0.134835 0.127 0.292878 0.146109
0.127 0.29295 0.236809 0.127 0.235965 0.236808 0.127 0.230239 0.236819 0.127
0.241697 0.157514 0.127 0.298798 -0.0113889 0.127 0.236259 -0.011393 0.127 0.247509
-0.0113727 0.127 0.25876 0.123594 0.127 0.29283 0.101098 0.127 0.304038 0.112347
0.127 0.304099 0.100973 0.127 0.315344 0.112345 0.127 0.315375 0.0835206 0.127
0.326733 0.0891875 0.127 0.32666 0.0401064 0.127 0.35458 0.0459014 0.127 0.354565
0.0562988 0.127 0.354169 0.0518882 0.127 0.354937 0.0519388 0.127 0.359896 0.0560845
0.127 0.359831 0.0635723 0.127 0.345414 0.0676008 0.127 0.344958 0.0725288 0.127
0.332665 0.072521 0.127 0.338082 0.0777343 0.127 0.337744 0.0778436 0.127 0.332391
0.0522576 0.127 0.364774 0.0574802 0.127 0.364603 0.0727456 0.127 0.381589 0.0672414
0.127 0.381388 0.0727356 0.127 0.387227 0.0782389 0.127 0.387422 0.0781597 0.127
0.381795 0.0620344 0.127 0.38136 0.0627387 0.127 0.369866 0.0624872 0.127 0.375317
0.0671385 0.127 0.37561 0.0673509 0.127 0.371025 0.242461 0.127 0.253137 0.242481
0.127 0.24743 0.248277 0.127 0.264336 0.248191 0.127 0.258748 0.25416 0.127
0.275577 0.254138 0.127 0.269936 0.260379 0.127 0.286878 0.260371 0.127 0.28121
0.163226 0.127 0.310243 0.157578 0.127 0.304468 0.265897 0.127 0.29257 0.172465
0.127 0.325589 0.184079 0.127 0.33811 0.169235 0.127 0.322617 0.190414 0.127
0.342885 0.162929 0.127 0.316438 0.112287 0.127 0.326595 0.123774 0.127 0.32665
0.100411 0.127 0.337764 0.100308 0.127 0.343293 0.129677 0.127 0.343311 0.129575
0.127 0.337751 0.135461 0.127 0.343309 0.135247 0.127 0.33774 0.0945637 0.127
0.348713 0.0945746 0.127 0.354082 0.141486 0.127 0.359882 0.14171 0.127 0.354301
0.141598 0.127 0.349009 0.135311 0.127 0.366417 0.141113 0.127 0.343421 0.140773
0.127 0.337665 0.146556 0.127 0.34377 0.146497 0.127 0.337535 0.147594 0.127
0.34869 0.147593 0.127 0.354049 0.14742 0.127 0.359531 0.0892168 0.127 0.359715
0.088962 0.127 0.365299 0.0891671 0.127 0.37643 0.0950019 0.127 0.376597 0.0889696
0.127 0.37078 0.107008 0.127 0.382512 0.112827 0.127 0.382595 0.128266 0.127
0.379223 0.135395 0.127 0.372935 0.118461 0.127 0.382928 0.141117 0.127 0.365881
0.146976 0.127 0.365553 0.140801 0.127 0.371934 0.146422 0.127 0.371666 0.135457
0.127 0.38034 0.136005 0.127 0.379824 0.136481 0.127 0.380347 0.140483 0.127
0.378951 0.145309 0.127 0.378856 -0.135 0.127 0.765 -0.0900004 0.127 0.765
-0.0900006 0.127 0.742499 -0.0675015 0.127 0.697498 -0.0675011 0.127 0.719999 -0.0450034
0.127 0.652496 -0.0450027 0.127 0.674997 -5.22209e-06 0.127 0.674995 0.044996 0.127
0.719997 0.0899981 0.127 0.764999 0.273918 0.127 0.287024 0.271066 0.127 0.286967
0.121507 0.127 0.402243 0.12028 0.127 0.402126 0.12023 0.127 0.402375 0.0838195
0.127 0.387574 0.0836666 0.127 0.381936 0.107173 0.127 0.388135 0.112578 0.127
0.399407 0.112931 0.127 0.393768 0.120049 0.127 0.402186 -0.022505 0.127 0.652495
0.0224952 0.127 0.697496 0.0674971 0.127 0.742498 0.112499 0.127 0.787499 0.135989
0.127 0.381712 0.136354 0.127 0.381011 0.128118 0.127 0.38726 0.152314 0.127
0.37119 0.146072 0.127 0.381468 0.163425 0.127 0.365743 0.158305 0.127 0.365259
0.134955 0.127 0.304208 0.146325 0.127 0.304334 0.151962 0.127 0.304387 0.24251
0.127 0.23016 0.242517 0.127 0.235907 0.242509 0.127 0.241676 0.123645 0.127
0.304143 0.094847 0.127 0.32662 0.100658 0.127 0.326595 0.123721 0.127 0.315425
0.0833536 0.127 0.332316 0.0890192 0.127 0.332259 0.082296 0.127 0.355377 0.0822273
0.127 0.355517 0.0822757 0.127 0.355535 0.0822758 0.127 0.355758 0.0824883 0.127
0.355497 0.0826338 0.127 0.344001 0.0887798 0.127 0.343375 0.0888663 0.127 0.33783
0.08316 0.127 0.337875 0.0779709 0.127 0.343367 0.0832371 0.127 0.348626 0.0888979
0.127 0.348688 0.0789958 0.127 0.347932 0.071998 0.127 0.344368 0.0947222 0.127
0.332219 0.094626 0.127 0.337782 0.100463 0.127 0.332198 0.0727397 0.127 0.37589
0.0781619 0.127 0.376179 0.0834465 0.127 0.376268 0.0828462 0.127 0.370233 0.0770396
0.127 0.369359 0.0730527 0.127 0.37096 0.248127 0.127 0.253167 0.248208 0.127
0.247427 0.254069 0.127 0.264303 0.253934 0.127 0.25872 0.260417 0.127 0.275561
0.260413 0.127 0.269913 0.265635 0.127 0.286902 0.265643 0.127 0.28119 0.157663
0.127 0.310167 0.186311 0.127 0.342855 0.163763 0.127 0.32166 0.158151 0.127
0.316385 0.135117 0.127 0.315543 0.135138 0.127 0.332343 0.135132 0.127 0.32678
0.140682 0.127 0.332463 0.140778 0.127 0.326818 0.146633 0.127 0.332703 0.146918
0.127 0.327084 0.094552 0.127 0.343301 0.0889716 0.127 0.354044 0.15147 0.127
0.344821 0.150603 0.127 0.337512 0.152652 0.127 0.34727 0.152833 0.127 0.352052
0.153839 0.127 0.349503 0.153383 0.127 0.358961 0.154096 0.127 0.353609 0.0829864
0.127 0.359762 0.0818102 0.127 0.363953 0.113071 0.127 0.388177 0.118461 0.127
0.388202 0.152879 0.127 0.365383 0.136034 0.127 0.380418 -0.0675007 0.127 0.742499
-0.0675005 0.127 0.764999 -0.045002 0.127 0.697498 -0.0450014 0.127 0.719998 -0.0225038
0.127 0.674996 -3.69604e-06 0.127 0.697497 -2.51874e-06 0.127 0.719998 0.0224968 0.127
0.719997 0.0449975 0.127 0.742498 0.0449984 0.127 0.764999 0.0674982 0.127 0.764999
0.0899989 0.127 0.787499 0.273896 0.127 0.281358 0.271048 0.127 0.281305 0.278941
0.127 0.279015 0.281068 0.127 0.276041 0.277381 0.127 0.275951 0.120252 0.127
0.402004 0.136088 0.127 0.380896 0.118691 0.127 0.399157 0.11846 0.127 0.393622
0.134418 0.127 0.381098 0.128245 0.127 0.382001 0.159062 0.127 0.358421 0.14079
0.127 0.315572 0.146434 0.127 0.315563 0.146387 0.127 0.309973 0.152013 0.127
0.310017 0.248296 0.127 0.23003 0.248299 0.127 0.235829 0.248268 0.127 0.241639
0.25382 0.127 0.253225 0.254124 0.127 0.247403 0.260315 0.127 0.264253 0.260049
0.127 0.258647 0.265855 0.127 0.275542 0.265898 0.127 0.269888 0.159155 0.127
0.322305 0.15203 0.127 0.315542 0.135141 0.127 0.321174 0.140811 0.127 0.321195
0.146454 0.127 0.321094 0.152266 0.127 0.321081 0.150828 0.127 0.333233 0.152998
0.127 0.326944 0.154395 0.127 0.35163 0.155341 0.127 0.352102 -0.045001 0.127
0.742499 -0.0450006 0.127 0.764999 -0.0225027 0.127 0.697497 -0.0225019 0.127 0.719998
-1.6482e-06 0.127 0.742499 0.0224979 0.127 0.742498 -1.03116e-06 0.127 0.764999 0.0224987
0.127 0.764999 0.0449991 0.127 0.787499 0.0449995 0.127 0.81 0.0674994 0.127
0.81 0.067499 0.127 0.787499 0.271698 0.127 0.27567 0.281113 0.127 0.269896
0.276235 0.127 0.269902 0.25431 0.127 0.229836 0.25427 0.127 0.235727 0.254201
0.127 0.241582 0.259718 0.127 0.253387 0.260912 0.127 0.247312 0.26574 0.127
0.264196 0.265168 0.127 0.258527 0.271942 0.127 0.269901 -0.0225013 0.127 0.742499
-0.0225008 0.127 0.764999 -6.15597e-07 0.127 0.787499 0.0224992 0.127 0.787499 -3.52173e-07
0.127 0.81 0.0224996 0.127 0.81 0.276365 0.127 0.264163 0.280183 0.127
0.264207 0.2613 0.127 0.229519 0.260801 0.127 0.235586 0.260666 0.127 0.241482
0.265386 0.127 0.252775 0.267355 0.127 0.246902 0.277903 0.127 0.260781 0.27147
0.127 0.264165 0.270478 0.127 0.258401 0.268391 0.127 0.22926 0.265856 0.127
0.235568 0.265522 0.127 0.241311 0.269931 0.127 0.254018 0.272718 0.127 0.258188
0.0584473 0.127 0.360315 0.0600241 0.127 0.363817 0.058839 0.127 0.360317 0.058675
0.127 0.353994 0.0590046 0.127 0.353786 0.0670704 0.127 0.368953 0.0666324 0.127
0.360763 0.0594378 0.127 0.352579 0.0668071 0.127 0.352445 0.0670901 0.127 0.369143
0.0728889 0.127 0.367212 0.0737054 0.127 0.36078 0.0669709 0.127 0.351251 0.0736381
0.127 0.352248 0.072717 0.127 0.368212 0.080107 0.127 0.361351 0.0804797 0.127
0.359939 0.0735371 0.127 0.350665 0.0677914 0.127 0.348704 0.0802329 0.127 0.354439
0.0806402 0.127 0.35988 0.0800284 0.127 0.353541 0.0729884 0.127 0.347748 0.0803855
0.127 0.354596 -0.225 0.127 0.855 -0.27 0.127 0.855 -0.27 0.127
0.9 -0.225 0.127 0.9 -0.18 0.127 0.855 -0.18 0.127 0.9
-0.315 0.127 0.9 -0.315 0.127 0.855 -0.27 0.127 0.945 -0.225
0.127 0.945 -0.135 0.127 0.855 -0.135 0.127 0.9 -0.18 0.127
0.945 -0.36 0.127 0.9 -0.36 0.127 0.855 -0.315 0.127 0.945
-0.27 0.127 0.99 -0.225 0.127 0.99 -0.09 0.127 0.9 -0.09
0.127 0.8775 -0.0900001 0.127 0.855 -0.135 0.127 0.945 -0.18 0.127
0.99 -0.405 0.127 0.9 -0.405 0.127 0.855 -0.36 0.127 0.945
-0.315 0.127 0.99 -0.27 0.127 1.035 -0.225 0.127 1.035 -0.135
0.127 0.81 -0.0900001 0.127 0.8325 -0.0900002 0.127 0.81 -0.09 0.127
0.945 -0.09 0.127 0.9225 -0.0675 0.127 0.9 -0.0675 0.127 0.8775
-0.0675001 0.127 0.855 -0.135 0.127 0.99 -0.18 0.127 1.035 -0.45
0.127 0.9 -0.45 0.127 0.855 -0.405 0.127 0.945 -0.36 0.127
0.99 -0.315 0.127 1.035 -0.27 0.127 1.08 -0.225 0.127 1.08
-0.0900003 0.127 0.7875 -0.0675001 0.127 0.8325 -0.0675002 0.127 0.81 -0.09
0.127 0.99 -0.09 0.127 0.9675 -0.0675 0.127 0.945 -0.0675 0.127
0.9225 -0.045 0.127 0.9 -0.045 0.127 0.8775 -0.0450001 0.127 0.855
-0.135 0.127 1.035 -0.18 0.127 1.08 -0.495 0.127 0.9 -0.495
0.127 0.855 -0.45 0.127 0.945 -0.405 0.127 0.99 -0.36 0.127
1.035 -0.315 0.127 1.08 -0.27 0.127 1.125 -0.225 0.127 1.125
-0.0675003 0.127 0.7875 -0.0450001 0.127 0.8325 -0.0450002 0.127 0.81 -0.09
0.127 1.035 -0.09 0.127 1.0125 -0.0675 0.127 0.9675 -0.0675 0.127
0.99 -0.045 0.127 0.945 -0.045 0.127 0.9225 -0.0225 0.127 0.9
-0.0225001 0.127 0.8775 -0.0225001 0.127 0.855 -0.135 0.127 1.08 -0.18
0.127 1.125 -0.54 0.127 0.9 -0.54 0.127 0.855 -0.495 0.127
0.945 -0.45 0.127 0.99 -0.405 0.127 1.035 -0.36 0.127 1.08
-0.315 0.127 1.125 -0.27 0.127 1.17 -0.225 0.127 1.17 -0.0450004
0.127 0.7875 -0.0225002 0.127 0.8325 -0.0225003 0.127 0.81 -0.09 0.127
1.08 -0.09 0.127 1.0575 -0.0675 0.127 1.0125 -0.0675 0.127 1.035
-0.045 0.127 0.9675 -0.045 0.127 0.99 -0.0225 0.127 0.945 -0.0225
0.127 0.9225 -3.4493e-08 0.127 0.9 -6.05423e-08 0.127 0.8775 -1.0817e-07 0.127
0.855 -0.135 0.127 1.125 -0.18 0.127 1.17 -0.585 0.127 0.9
-0.585 0.127 0.855 -0.54 0.127 0.945 -0.495 0.127 0.99 -0.45
0.127 1.035 -0.405 0.127 1.08 -0.36 0.127 1.125 -0.315 0.127
1.17 -0.27 0.127 1.215 -0.225 0.127 1.215 -0.0225005 0.127 0.7875
-1.9581e-07 0.127 0.8325 -0.09 0.127 1.125 -0.09 0.127 1.1025 -0.0675
0.127 1.0575 -0.0675 0.127 1.08 -0.045 0.127 1.0125 -0.045 0.127
1.035 -0.0225 0.127 0.9675 -0.0225 0.127 0.99 -1.12913e-08 0.127 0.945
-1.98e-08 0.127 0.9225 0.0225 0.127 0.9 0.0224999 0.127 0.8775 0.0224999
0.127 0.855 -0.135 0.127 1.17 -0.18 0.127 1.215 -0.63 0.127
0.9 -0.63 0.127 0.855 -0.585 0.127 0.945 -0.54 0.127 0.99
-0.495 0.127 1.035 -0.45 0.127 1.08 -0.405 0.127 1.125 -0.36
0.127 1.17 -0.315 0.127 1.215 -0.27 0.127 1.26 -0.225 0.127
1.26 0.0224998 0.127 0.8325 -0.09 0.127 1.17 -0.09 0.127 1.1475
-0.0675 0.127 1.1025 -0.0675 0.127 1.125 -0.045 0.127 1.0575 -0.045
0.127 1.08 -0.0225 0.127 1.0125 -0.0225 0.127 1.035 -6.34312e-09 0.127
0.9675 -3.50599e-09 0.127 0.99 0.0225 0.127 0.945 0.0225 0.127 0.9225
0.045 0.127 0.9 0.0449999 0.127 0.8775 0.0449999 0.127 0.855 -0.135
0.127 1.215 -0.18 0.127 1.26 -0.675 0.127 0.9 -0.675 0.127
0.855 -0.63 0.127 0.945 -0.585 0.127 0.99 -0.54 0.127 1.035
-0.495 0.127 1.08 -0.45 0.127 1.125 -0.405 0.127 1.17 -0.36
0.127 1.215 -0.315 0.127 1.26 -0.27 0.127 1.305 -0.225 0.127
1.305 0.0449997 0.127 0.8325 -0.09 0.127 1.215 -0.09 0.127 1.1925
-0.0675 0.127 1.1475 -0.0675 0.127 1.17 -0.045 0.127 1.1025 -0.045
0.127 1.125 -0.0225 0.127 1.0575 -0.0225 0.127 1.08 -1.91149e-09 0.127
1.0125 -1.03157e-09 0.127 1.035 0.0225 0.127 0.9675 0.0225 0.127 0.99
0.045 0.127 0.945 0.045 0.127 0.9225 0.0675 0.127 0.9 0.0674999
0.127 0.8775 0.0674998 0.127 0.855 -0.135 0.127 1.26 -0.18 0.127
1.305 -0.72 0.127 0.9 -0.72 0.127 0.855 -0.675 0.127 0.945
-0.63 0.127 0.99 -0.585 0.127 1.035 -0.54 0.127 1.08 -0.495
0.127 1.125 -0.45 0.127 1.17 -0.405 0.127 1.215 -0.36 0.127
1.26 -0.315 0.127 1.305 -0.27 0.127 1.35 -0.225 0.127 1.35
0.0674997 0.127 0.8325 -0.09 0.127 1.26 -0.09 0.127 1.2375 -0.0675
0.127 1.1925 -0.0675 0.127 1.215 -0.045 0.127 1.1475 -0.045 0.127
1.17 -0.0225 0.127 1.1025 -0.0225 0.127 1.125 -5.52596e-10 0.127 1.0575
-2.94622e-10 0.127 1.08 0.0225 0.127 1.0125 0.0225 0.127 1.035 0.045
0.127 0.9675 0.045 0.127 0.99 0.0675 0.127 0.945 0.0675 0.127
0.9225 0.09 0.127 0.9 0.0899999 0.127 0.8775 -0.135 0.127 1.305
-0.18 0.127 1.35 -0.765 0.127 0.9 -0.765 0.127 0.855 -0.72
0.127 0.945 -0.675 0.127 0.99 -0.63 0.127 1.035 -0.585 0.127
1.08 -0.54 0.127 1.125 -0.495 0.127 1.17 -0.45 0.127 1.215
-0.405 0.127 1.26 -0.36 0.127 1.305 -0.315 0.127 1.35 -0.27
0.127 1.395 -0.225 0.127 1.395 -0.09 0.127 1.305 -0.09 0.127
1.2825 -0.0675 0.127 1.2375 -0.0675 0.127 1.26 -0.045 0.127 1.1925
-0.045 0.127 1.215 -0.0225 0.127 1.1475 -0.0225 0.127 1.17 -1.567e-10
0.127 1.1025 -8.34845e-11 0.127 1.125 0.0225 0.127 1.0575 0.0225 0.127
1.08 0.045 0.127 1.0125 0.045 0.127 1.035 0.0675 0.127 0.9675
0.0675 0.127 0.99 0.09 0.127 0.945 0.09 0.127 0.9225 0.1125
0.127 0.9 0.1125 0.127 0.8775 -0.135 0.127 1.35 -0.18 0.127
1.395 -0.81 0.127 0.9 -0.81 0.127 0.855 -0.765 0.127 0.945
-0.72 0.127 0.99 -0.675 0.127 1.035 -0.63 0.127 1.08 -0.585
0.127 1.125 -0.54 0.127 1.17 -0.495 0.127 1.215 -0.45 0.127
1.26 -0.405 0.127 1.305 -0.36 0.127 1.35 -0.315 0.127 1.395
-0.27 0.127 1.44 -0.225 0.127 1.44 -0.09 0.127 1.35 -0.09
0.127 1.3275 -0.0675 0.127 1.2825 -0.0675 0.127 1.305 -0.045 0.127
1.2375 -0.045 0.127 1.26 -0.0225 0.127 1.1925 -0.0225 0.127 1.215
-4.47102e-11 0.127 1.1475 -2.42209e-11 0.127 1.17 0.0225 0.127 1.1025 0.0225
0.127 1.125 0.045 0.127 1.0575 0.045 0.127 1.08 0.0675 0.127
1.0125 0.0675 0.127 1.035 0.09 0.127 0.9675 0.09 0.127 0.99
0.1125 0.127 0.945 0.1125 0.127 0.9225 -0.135 0.127 1.395 -0.18
0.127 1.44 -0.855 0.127 0.9 -0.855 0.127 0.855 -0.81 0.127
0.945 -0.765 0.127 0.99 -0.72 0.127 1.035 -0.675 0.127 1.08
-0.63 0.127 1.125 -0.585 0.127 1.17 -0.54 0.127 1.215 -0.495
0.127 1.26 -0.45 0.127 1.305 -0.405 0.127 1.35 -0.36 0.127
1.395 -0.315 0.127 1.44 -0.27 0.127 1.485 -0.225 0.127 1.485
-0.09 0.127 1.395 -0.0675 0.127 1.3275 -0.0675 0.127 1.35 -0.045
0.127 1.2825 -0.045 0.127 1.305 -0.0225 0.127 1.2375 -0.0225 0.127
1.26 -1.33221e-11 0.127 1.1925 -7.49096e-12 0.127 1.215 0.0225 0.127 1.1475
0.0225 0.127 1.17 0.045 0.127 1.1025 0.045 0.127 1.125 0.0675
0.127 1.0575 0.0675 0.127 1.08 0.09 0.127 1.0125 0.09 0.127
1.035 0.1125 0.127 0.9675 0.1125 0.127 0.99 0.135 0.127 0.945
0.135 0.127 0.9225 -0.135 0.127 1.44 -0.18 0.127 1.485 -0.9
0.127 0.9 -0.9 0.127 0.855 -0.855 0.127 0.945 -0.81 0.127
0.99 -0.765 0.127 1.035 -0.72 0.127 1.08 -0.675 0.127 1.125
-0.63 0.127 1.17 -0.585 0.127 1.215 -0.54 0.127 1.26 -0.495
0.127 1.305 -0.45 0.127 1.35 -0.405 0.127 1.395 -0.36 0.127
1.44 -0.315 0.127 1.485 -0.27 0.127 1.53 -0.225 0.127 1.53
-0.09 0.127 1.44 -0.045 0.127 1.395 -0.045 0.127 1.35 -0.045
0.127 1.3275 -0.0225 0.127 1.2825 -0.0225 0.127 1.305 -4.3133e-12 0.127
1.2375 -2.55981e-12 0.127 1.26 0.0225 0.127 1.1925 0.0225 0.127 1.215
0.045 0.127 1.1475 0.045 0.127 1.17 0.0675 0.127 1.1025 0.0675
0.127 1.125 0.09 0.127 1.0575 0.09 0.127 1.08 0.1125 0.127
1.0125 0.1125 0.127 1.035 0.135 0.127 0.9675 0.135 0.127 0.99
0.1575 0.127 0.945 0.1575 0.127 0.9225 0.18 0.127 0.9225 0.18
0.127 0.945 -0.135 0.127 1.485 -0.18 0.127 1.53 -0.945 0.127
0.855 -0.945 0.127 0.9 -0.9 0.127 0.945 -0.855 0.127 0.99
-0.81 0.127 1.035 -0.765 0.127 1.08 -0.72 0.127 1.125 -0.675
0.127 1.17 -0.63 0.127 1.215 -0.585 0.127 1.26 -0.54 0.127
1.305 -0.495 0.127 1.35 -0.45 0.127 1.395 -0.405 0.127 1.44
-0.36 0.127 1.485 -0.315 0.127 1.53 -0.27 0.127 1.575 -0.225
0.127 1.575 -0.045 0.127 1.44 -0.09 0.127 1.485 -8.3753e-13 0.127
1.395 -6.55259e-13 0.127 1.35 -0.0225 0.127 1.35 -0.0225 0.127 1.3275
-1.57185e-12 0.127 1.2825 -1.02242e-12 0.127 1.305 0.0225 0.127 1.2375 0.0225
0.127 1.26 0.045 0.127 1.1925 0.045 0.127 1.215 0.0675 0.127
1.1475 0.0675 0.127 1.17 0.09 0.127 1.1025 0.09 0.127 1.125
0.1125 0.127 1.0575 0.1125 0.127 1.08 0.135 0.127 1.0125 0.135
0.127 1.035 0.1575 0.127 0.9675 0.1575 0.127 0.99 0.18 0.127
0.9675 0.18 0.127 0.99 0.2025 0.127 0.9225 0.2025 0.127 0.945
0.225 0.127 0.945 0.225 0.127 0.9225 -0.135 0.127 1.53 -0.18
0.127 1.575 -0.945 0.127 0.945 -0.9 0.127 0.99 -0.855 0.127
1.035 -0.81 0.127 1.08 -0.765 0.127 1.125 -0.72 0.127 1.17
-0.675 0.127 1.215 -0.63 0.127 1.26 -0.585 0.127 1.305 -0.54
0.127 1.35 -0.495 0.127 1.395 -0.45 0.127 1.44 -0.405 0.127
1.485 -0.36 0.127 1.53 -0.315 0.127 1.575 -0.27 0.127 1.62
-0.225 0.127 1.62 -7.15312e-13 0.127 1.44 -0.045 0.127 1.485 -0.09
0.127 1.53 0.045 0.127 1.395 0.045 0.127 1.35 0.0225 0.127
1.35 -7.38921e-13 0.127 1.3275 0.0225 0.127 1.2825 0.0225 0.127 1.305
0.045 0.127 1.2375 0.045 0.127 1.26 0.0675 0.127 1.1925 0.0675
0.127 1.215 0.09 0.127 1.1475 0.09 0.127 1.17 0.1125 0.127
1.1025 0.1125 0.127 1.125 0.135 0.127 1.0575 0.135 0.127 1.08
0.1575 0.127 1.0125 0.1575 0.127 1.035 0.18 0.127 1.0125 0.18
0.127 1.035 0.2025 0.127 0.9675 0.2025 0.127 0.99 0.225 0.127
0.99 0.225 0.127 0.9675 0.2475 0.127 0.945 0.2475 0.127 0.9225
-0.135 0.127 1.575 -0.18 0.127 1.62 -0.945 0.127 0.99 -0.9
0.127 1.035 -0.855 0.127 1.08 -0.81 0.127 1.125 -0.765 0.127
1.17 -0.72 0.127 1.215 -0.675 0.127 1.26 -0.63 0.127 1.305
-0.585 0.127 1.35 -0.54 0.127 1.395 -0.495 0.127 1.44 -0.45
0.127 1.485 -0.405 0.127 1.53 -0.36 0.127 1.575 -0.315 0.127
1.62 -0.27 0.127 1.665 -0.225 0.127 1.665 0.045 0.127 1.44
-5.10965e-13 0.127 1.485 -0.045 0.127 1.53 -0.09 0.127 1.575 0.09
0.127 1.395 0.09 0.127 1.35 0.0675 0.127 1.35 0.045 0.127
1.3275 0.0225 0.127 1.3275 0.045 0.127 1.2825 0.045 0.127 1.305
0.0675 0.127 1.2375 0.0675 0.127 1.26 0.09 0.127 1.1925 0.09
0.127 1.215 0.1125 0.127 1.1475 0.1125 0.127 1.17 0.135 0.127
1.1025 0.135 0.127 1.125 0.1575 0.127 1.0575 0.1575 0.127 1.08
0.18 0.127 1.0575 0.18 0.127 1.08 0.2025 0.127 1.0125 0.2025
0.127 1.035 0.225 0.127 1.035 0.225 0.127 1.0125 0.2475 0.127
0.99 0.2475 0.127 0.9675 0.27 0.127 0.9675 0.27 0.127 0.99
-0.135 0.127 1.62 -0.18 0.127 1.665 -0.945 0.127 1.035 -0.9
0.127 1.08 -0.855 0.127 1.125 -0.81 0.127 1.17 -0.765 0.127
1.215 -0.72 0.127 1.26 -0.675 0.127 1.305 -0.63 0.127 1.35
-0.585 0.127 1.395 -0.54 0.127 1.44 -0.495 0.127 1.485 -0.45
0.127 1.53 -0.405 0.127 1.575 -0.36 0.127 1.62 -0.315 0.127
1.665 -0.27 0.127 1.71 -0.225 0.127 1.71 0.09 0.127 1.44
0.045 0.127 1.485 -3.27708e-13 0.127 1.53 -0.045 0.127 1.575 -0.09
0.127 1.62 0.135 0.127 1.395 0.135 0.127 1.35 0.1125 0.127
1.35 0.09 0.127 1.3275 0.0675 0.127 1.3275 0.0675 0.127 1.2825
0.0675 0.127 1.305 0.09 0.127 1.2375 0.09 0.127 1.26 0.1125
0.127 1.1925 0.1125 0.127 1.215 0.135 0.127 1.1475 0.135 0.127
1.17 0.1575 0.127 1.1025 0.1575 0.127 1.125 0.18 0.127 1.1025
0.18 0.127 1.125 0.2025 0.127 1.0575 0.2025 0.127 1.08 0.225
0.127 1.08 0.225 0.127 1.0575 0.2475 0.127 1.035 0.2475 0.127
1.0125 0.27 0.127 1.0125 0.27 0.127 1.035 0.2925 0.127 0.9675
0.2925 0.127 0.99 0.315 0.127 0.9675 0.315 0.127 0.99 -0.135
0.127 1.665 -0.18 0.127 1.71 -0.945 0.127 1.08 -0.9 0.127
1.125 -0.855 0.127 1.17 -0.81 0.127 1.215 -0.765 0.127 1.26
-0.72 0.127 1.305 -0.675 0.127 1.35 -0.63 0.127 1.395 -0.585
0.127 1.44 -0.54 0.127 1.485 -0.495 0.127 1.53 -0.45 0.127
1.575 -0.405 0.127 1.62 -0.36 0.127 1.665 -0.315 0.127 1.71
-0.27 0.127 1.755 -0.225 0.127 1.755 0.135 0.127 1.44 0.09
0.127 1.485 0.045 0.127 1.53 -1.95061e-13 0.127 1.575 -0.045 0.127
1.62 -0.09 0.127 1.665 0.18 0.127 1.395 0.18 0.127 1.35
0.1575 0.127 1.35 0.135 0.127 1.3275 0.1125 0.127 1.3275 0.09
0.127 1.305 0.09 0.127 1.2825 0.1125 0.127 1.2375 0.1125 0.127
1.26 0.135 0.127 1.1925 0.135 0.127 1.215 0.1575 0.127 1.1475
0.1575 0.127 1.17 0.18 0.127 1.1475 0.18 0.127 1.17 0.2025
0.127 1.1025 0.2025 0.127 1.125 0.225 0.127 1.125 0.225 0.127
1.1025 0.2475 0.127 1.08 0.2475 0.127 1.0575 0.27 0.127 1.0575
0.27 0.127 1.08 0.2925 0.127 1.0125 0.2925 0.127 1.035 0.315
0.127 1.0125 0.315 0.127 1.035 0.3375 0.127 0.9675 0.3375 0.127
0.99 -0.135 0.127 1.71 -0.18 0.127 1.755 -0.945 0.127 1.125
-0.9 0.127 1.17 -0.855 0.127 1.215 -0.81 0.127 1.26 -0.765
0.127 1.305 -0.72 0.127 1.35 -0.675 0.127 1.395 -0.63 0.127
1.44 -0.585 0.127 1.485 -0.54 0.127 1.53 -0.495 0.127 1.575
-0.45 0.127 1.62 -0.405 0.127 1.665 -0.36 0.127 1.71 -0.315
0.127 1.755 -0.27 0.127 1.8 -0.225 0.127 1.8 0.18 0.127
1.44 0.135 0.127 1.485 0.09 0.127 1.53 0.045 0.127 1.575
-1.09779e-13 0.127 1.62 -0.045 0.127 1.665 -0.09 0.127 1.71 0.225
0.127 1.395 0.225 0.127 1.35 0.2025 0.127 1.35 0.18 0.127
1.3275 0.1575 0.127 1.3275 0.135 0.127 1.305 0.1125 0.127 1.305
0.1125 0.127 1.2825 0.135 0.127 1.2375 0.135 0.127 1.26 0.1575
0.127 1.1925 0.1575 0.127 1.215 0.18 0.127 1.1925 0.18 0.127
1.215 0.2025 0.127 1.1475 0.2025 0.127 1.17 0.225 0.127 1.17
0.225 0.127 1.1475 0.2475 0.127 1.125 0.2475 0.127 1.1025 0.27
0.127 1.1025 0.27 0.127 1.125 0.2925 0.127 1.0575 0.2925 0.127
1.08 0.315 0.127 1.0575 0.315 0.127 1.08 -0.135 0.127 1.755
-0.18 0.127 1.8 -0.945 0.127 1.17 -0.9 0.127 1.215 -0.855
0.127 1.26 -0.81 0.127 1.305 -0.765 0.127 1.35 -0.72 0.127
1.395 -0.675 0.127 1.44 -0.63 0.127 1.485 -0.585 0.127 1.53
-0.54 0.127 1.575 -0.495 0.127 1.62 -0.45 0.127 1.665 -0.405
0.127 1.71 -0.36 0.127 1.755 -0.315 0.127 1.8 -0.27 0.127
1.845 -0.225 0.127 1.845 0.225 0.127 1.44 0.18 0.127 1.485
0.135 0.127 1.53 0.09 0.127 1.575 0.045 0.127 1.62 -5.89859e-14
0.127 1.665 -0.045 0.127 1.71 -0.09 0.127 1.755 0.27 0.127
1.395 0.27 0.127 1.35 0.2475 0.127 1.35 0.225 0.127 1.3275
0.2025 0.127 1.3275 0.18 0.127 1.305 0.1575 0.127 1.305 0.135
0.127 1.2825 0.1575 0.127 1.2375 0.1575 0.127 1.26 0.18 0.127
1.2375 0.18 0.127 1.26 0.2025 0.127 1.1925 0.2025 0.127 1.215
0.225 0.127 1.215 0.225 0.127 1.1925 0.2475 0.127 1.17 0.2475
0.127 1.1475 0.27 0.127 1.1475 0.27 0.127 1.17 0.2925 0.127
1.1025 0.2925 0.127 1.125 0.315 0.127 1.1025 0.315 0.127 1.125
-0.135 0.127 1.8 -0.18 0.127 1.845 -0.945 0.127 1.215 -0.9
0.127 1.26 -0.855 0.127 1.305 -0.81 0.127 1.35 -0.765 0.127
1.395 -0.72 0.127 1.44 -0.675 0.127 1.485 -0.63 0.127 1.53
-0.585 0.127 1.575 -0.54 0.127 1.62 -0.495 0.127 1.665 -0.45
0.127 1.71 -0.405 0.127 1.755 -0.36 0.127 1.8 -0.315 0.127
1.845 -0.27 0.127 1.89 -0.225 0.127 1.89 0.27 0.127 1.44
0.225 0.127 1.485 0.18 0.127 1.53 0.135 0.127 1.575 0.09
0.127 1.62 0.045 0.127 1.665 -3.05491e-14 0.127 1.71 -0.045 0.127
1.755 -0.09 0.127 1.8 0.315 0.127 1.395 0.315 0.127 1.35
0.2925 0.127 1.35 0.2475 0.127 1.3275 0.27 0.127 1.3275 0.225
0.127 1.305 0.2025 0.127 1.305 0.18 0.127 1.2825 0.1575 0.127
1.2825 0.2025 0.127 1.2375 0.2025 0.127 1.26 0.225 0.127 1.26
0.225 0.127 1.2375 0.2475 0.127 1.215 0.2475 0.127 1.1925 0.27
0.127 1.1925 0.27 0.127 1.215 0.2925 0.127 1.1475 0.2925 0.127
1.17 0.315 0.127 1.1475 0.315 0.127 1.17 -0.135 0.127 1.845
-0.18 0.127 1.89 -0.945 0.127 1.26 -0.9 0.127 1.305 -0.855
0.127 1.35 -0.81 0.127 1.395 -0.765 0.127 1.44 -0.72 0.127
1.485 -0.675 0.127 1.53 -0.63 0.127 1.575 -0.585 0.127 1.62
-0.54 0.127 1.665 -0.495 0.127 1.71 -0.45 0.127 1.755 -0.405
0.127 1.8 -0.36 0.127 1.845 -0.315 0.127 1.89 -0.27 0.127
1.935 -0.225 0.127 1.935 0.315 0.127 1.44 0.27 0.127 1.485
0.225 0.127 1.53 0.18 0.127 1.575 0.135 0.127 1.62 0.09
0.127 1.665 0.045 0.127 1.71 -1.5221e-14 0.127 1.755 -0.045 0.127
1.8 -0.09 0.127 1.845 0.2925 0.127 1.3275 0.315 0.127 1.3275
0.2475 0.127 1.305 0.27 0.127 1.305 0.225 0.127 1.2825 0.2025
0.127 1.2825 0.2475 0.127 1.26 0.2475 0.127 1.2375 0.27 0.127
1.2375 0.27 0.127 1.26 0.2925 0.127 1.1925 0.2925 0.127 1.215
0.315 0.127 1.1925 0.315 0.127 1.215 -0.135 0.127 1.89 -0.18
0.127 1.935 -0.945 0.127 1.305 -0.9 0.127 1.35 -0.855 0.127
1.395 -0.81 0.127 1.44 -0.765 0.127 1.485 -0.72 0.127 1.53
-0.675 0.127 1.575 -0.63 0.127 1.62 -0.585 0.127 1.665 -0.54
0.127 1.71 -0.495 0.127 1.755 -0.45 0.127 1.8 -0.405 0.127
1.845 -0.36 0.127 1.89 -0.315 0.127 1.935 -0.27 0.127 1.98
-0.225 0.127 1.98 0.315 0.127 1.485 0.27 0.127 1.53 0.225
0.127 1.575 0.18 0.127 1.62 0.135 0.127 1.665 0.09 0.127
1.71 0.045 0.127 1.755 -7.37935e-15 0.127 1.8 -0.045 0.127 1.845
-0.09 0.127 1.89 0.2925 0.127 1.305 0.315 0.127 1.305 0.2475
0.127 1.2825 0.27 0.127 1.2825 0.2925 0.127 1.2375 0.2925 0.127
1.26 0.315 0.127 1.2375 0.315 0.127 1.26 -0.135 0.127 1.935
-0.18 0.127 1.98 -0.945 0.127 1.35 -0.9 0.127 1.395 -0.855
0.127 1.44 -0.81 0.127 1.485 -0.765 0.127 1.53 -0.72 0.127
1.575 -0.675 0.127 1.62 -0.63 0.127 1.665 -0.585 0.127 1.71
-0.54 0.127 1.755 -0.495 0.127 1.8 -0.45 0.127 1.845 -0.405
0.127 1.89 -0.36 0.127 1.935 -0.315 0.127 1.98 -0.27 0.127
2.025 -0.225 0.127 2.025 0.315 0.127 1.53 0.27 0.127 1.575
0.225 0.127 1.62 0.18 0.127 1.665 0.135 0.127 1.71 0.09
0.127 1.755 0.045 0.127 1.8 -3.43019e-15 0.127 1.845 -0.045 0.127
1.89 -0.09 0.127 1.935 0.2925 0.127 1.2825 0.315 0.127 1.2825
-0.135 0.127 1.98 -0.18 0.127 2.025 -0.945 0.127 1.395 -0.9
0.127 1.44 -0.855 0.127 1.485 -0.81 0.127 1.53 -0.765 0.127
1.575 -0.72 0.127 1.62 -0.675 0.127 1.665 -0.63 0.127 1.71
-0.585 0.127 1.755 -0.54 0.127 1.8 -0.495 0.127 1.845 -0.45
0.127 1.89 -0.405 0.127 1.935 -0.36 0.127 1.98 -0.315 0.127
2.025 -0.27 0.127 2.07 -0.225 0.127 2.07 0.315 0.127 1.575
0.27 0.127 1.62 0.225 0.127 1.665 0.18 0.127 1.71 0.135
0.127 1.755 0.09 0.127 1.8 0.045 0.127 1.845 -1.5213e-15 0.127
1.89 -0.045 0.127 1.935 -0.09 0.127 1.98 -0.135 0.127 2.025
-0.18 0.127 2.07 -0.945 0.127 1.44 -0.9 0.127 1.485 -0.855
0.127 1.53 -0.81 0.127 1.575 -0.765 0.127 1.62 -0.72 0.127
1.665 -0.675 0.127 1.71 -0.63 0.127 1.755 -0.585 0.127 1.8
-0.54 0.127 1.845 -0.495 0.127 1.89 -0.45 0.127 1.935 -0.405
0.127 1.98 -0.36 0.127 2.025 -0.315 0.127 2.07 -0.27 0.127
2.115 -0.225 0.127 2.115 0.315 0.127 1.62 0.27 0.127 1.665
0.225 0.127 1.71 0.18 0.127 1.755 0.135 0.127 1.8 0.09
0.127 1.845 0.045 0.127 1.89 -6.32842e-16 0.127 1.935 -0.045 0.127
1.98 -0.09 0.127 2.025 -0.135 0.127 2.07 -0.18 0.127 2.115
-0.945 0.127 1.485 -0.9 0.127 1.53 -0.855 0.127 1.575 -0.81
0.127 1.62 -0.765 0.127 1.665 -0.72 0.127 1.71 -0.675 0.127
1.755 -0.63 0.127 1.8 -0.585 0.127 1.845 -0.54 0.127 1.89
-0.495 0.127 1.935 -0.45 0.127 1.98 -0.405 0.127 2.025 -0.36
0.127 2.07 -0.315 0.127 2.115 -0.27 0.127 2.16 -0.225 0.127
2.16 0.315 0.127 1.665 0.27 0.127 1.71 0.225 0.127 1.755
0.18 0.127 1.8 0.135 0.127 1.845 0.09 0.127 1.89 0.045
0.127 1.935 -2.06468e-16 0.127 1.98 -0.045 0.127 2.025 -0.09 0.127
2.07 -0.135 0.127 2.115 -0.18 0.127 2.16 -0.945 0.127 1.53
-0.9 0.127 1.575 -0.855 0.127 1.62 -0.81 0.127 1.665 -0.765
0.127 1.71 -0.72 0.127 1.755 -0.675 0.127 1.8 -0.63 0.127
1.845 -0.585 0.127 1.89 -0.54 0.127 1.935 -0.495 0.127 1.98
-0.45 0.127 2.025 -0.405 0.127 2.07 -0.36 0.127 2.115 -0.315
0.127 2.16 -0.27 0.127 2.205 -0.225 0.127 2.205 0.315 0.127
1.71 0.27 0.127 1.755 0.225 0.127 1.8 0.18 0.127 1.845
0.135 0.127 1.89 0.09 0.127 1.935 0.045 0.127 1.98 -7.09363e-17
0.127 2.025 -0.045 0.127 2.07 -0.09 0.127 2.115 -0.135 0.127
2.16 -0.18 0.127 2.205 -0.945 0.127 1.575 -0.9 0.127 1.62
-0.855 0.127 1.665 -0.81 0.127 1.71 -0.765 0.127 1.755 -0.72
0.127 1.8 -0.675 0.127 1.845 -0.63 0.127 1.89 -0.585 0.127
1.935 -0.54 0.127 1.98 -0.495 0.127 2.025 -0.45 0.127 2.07
-0.405 0.127 2.115 -0.36 0.127 2.16 -0.315 0.127 2.205 -0.27
0.127 2.25 -0.225 0.127 2.25 0.315 0.127 1.755 0.27 0.127
1.8 0.225 0.127 1.845 0.18 0.127 1.89 0.135 0.127 1.935
0.09 0.127 1.98 0.045 0.127 2.025 5.41951e-17 0.127 2.07 -0.045
0.127 2.115 -0.09 0.127 2.16 -0.135 0.127 2.205 -0.18 0.127
2.25 -0.945 0.127 1.62 -0.9 0.127 1.665 -0.855 0.127 1.71
-0.81 0.127 1.755 -0.765 0.127 1.8 -0.72 0.127 1.845 -0.675
0.127 1.89 -0.63 0.127 1.935 -0.585 0.127 1.98 -0.54 0.127
2.025 -0.495 0.127 2.07 -0.45 0.127 2.115 -0.405 0.127 2.16
-0.36 0.127 2.205 -0.315 0.127 2.25 -0.27 0.127 2.295 -0.225
0.127 2.295 0.315 0.127 1.8 0.27 0.127 1.845 0.225 0.127
1.89 0.18 0.127 1.935 0.135 0.127 1.98 0.09 0.127 2.025
0.045 0.127 2.07 5.2281e-17 0.127 2.115 -0.045 0.127 2.16 -0.09
0.127 2.205 -0.135 0.127 2.25 -0.18 0.127 2.295 -0.945 0.127
1.665 -0.9 0.127 1.71 -0.855 0.127 1.755 -0.81 0.127 1.8
-0.765 0.127 1.845 -0.72 0.127 1.89 -0.675 0.127 1.935 -0.63
0.127 1.98 -0.585 0.127 2.025 -0.54 0.127 2.07 -0.495 0.127
2.115 -0.45 0.127 2.16 -0.405 0.127 2.205 -0.36 0.127 2.25
-0.315 0.127 2.295 0.315 0.127 1.845 0.27 0.127 1.89 0.225
0.127 1.935 0.18 0.127 1.98 0.135 0.127 2.025 0.09 0.127
2.07 0.045 0.127 2.115 1.41087e-16 0.127 2.16 -0.045 0.127 2.205
-0.09 0.127 2.25 -0.135 0.127 2.295 -0.945 0.127 1.71 -0.9
0.127 1.755 -0.855 0.127 1.8 -0.81 0.127 1.845 -0.765 0.127
1.89 -0.72 0.127 1.935 -0.675 0.127 1.98 -0.63 0.127 2.025
-0.585 0.127 2.07 -0.54 0.127 2.115 -0.495 0.127 2.16 -0.45
0.127 2.205 -0.405 0.127 2.25 -0.36 0.127 2.295 0.315 0.127
1.89 0.27 0.127 1.935 0.225 0.127 1.98 0.18 0.127 2.025
0.135 0.127 2.07 0.09 0.127 2.115 0.045 0.127 2.16 1.00304e-16
0.127 2.205 -0.045 0.127 2.25 -0.09 0.127 2.295 -0.945 0.127
1.755 -0.9 0.127 1.8 -0.855 0.127 1.845 -0.81 0.127 1.89
-0.765 0.127 1.935 -0.72 0.127 1.98 -0.675 0.127 2.025 -0.63
0.127 2.07 -0.585 0.127 2.115 -0.54 0.127 2.16 -0.495 0.127
2.205 -0.45 0.127 2.25 -0.405 0.127 2.295 0.315 0.127 1.935
0.27 0.127 1.98 0.225 0.127 2.025 0.18 0.127 2.07 0.135
0.127 2.115 0.09 0.127 2.16 0.045 0.127 2.205 1.19158e-16 0.127
2.25 -0.045 0.127 2.295 -0.945 0.127 1.8 -0.9 0.127 1.845
-0.855 0.127 1.89 -0.81 0.127 1.935 -0.765 0.127 1.98 -0.72
0.127 2.025 -0.675 0.127 2.07 -0.63 0.127 2.115 -0.585 0.127
2.16 -0.54 0.127 2.205 -0.495 0.127 2.25 -0.45 0.127 2.295
0.315 0.127 1.98 0.27 0.127 2.025 0.225 0.127 2.07 0.18
0.127 2.115 0.135 0.127 2.16 0.09 0.127 2.205 0.045 0.127
2.25 1.1336e-16 0.127 2.295 -0.945 0.127 1.845 -0.9 0.127 1.89
-0.855 0.127 1.935 -0.81 0.127 1.98 -0.765 0.127 2.025 -0.72
0.127 2.07 -0.675 0.127 2.115 -0.63 0.127 2.16 -0.585 0.127
2.205 -0.54 0.127 2.25 -0.495 0.127 2.295 0.315 0.127 2.025
0.27 0.127 2.07 0.225 0.127 2.115 0.18 0.127 2.16 0.135
0.127 2.205 0.09 0.127 2.25 0.045 0.127 2.295 -0.945 0.127
1.89 -0.9 0.127 1.935 -0.855 0.127 1.98 -0.81 0.127 2.025
-0.765 0.127 2.07 -0.72 0.127 2.115 -0.675 0.127 2.16 -0.63
0.127 2.205 -0.585 0.127 2.25 -0.54 0.127 2.295 0.315 0.127
2.07 0.27 0.127 2.115 0.225 0.127 2.16 0.18 0.127 2.205
0.135 0.127 2.25 0.09 0.127 2.295 -0.945 0.127 1.935 -0.9
0.127 1.98 -0.855 0.127 2.025 -0.81 0.127 2.07 -0.765 0.127
2.115 -0.72 0.127 2.16 -0.675 0.127 2.205 -0.63 0.127 2.25
-0.585 0.127 2.295 0.315 0.127 2.115 0.27 0.127 2.16 0.225
0.127 2.205 0.18 0.127 2.25 0.135 0.127 2.295 -0.945 0.127
1.98 -0.9 0.127 2.025 -0.855 0.127 2.07 -0.81 0.127 2.115
-0.765 0.127 2.16 -0.72 0.127 2.205 -0.675 0.127 2.25 -0.63
0.127 2.295 0.315 0.127 2.16 0.27 0.127 2.205 0.225 0.127
2.25 0.18 0.127 2.295 -0.945 0.127 2.025 -0.9 0.127 2.07
-0.855 0.127 2.115 -0.81 0.127 2.16 -0.765 0.127 2.205 -0.72
0.127 2.25 -0.675 0.127 2.295 0.315 0.127 2.205 0.27 0.127
2.25 0.225 0.127 2.295 -0.945 0.127 2.07 -0.9 0.127 2.115
-0.855 0.127 2.16 -0.81 0.127 2.205 -0.765 0.127 2.25 -0.72
0.127 2.295 0.315 0.127 2.25 0.27 0.127 2.295 -0.945 0.127
2.115 -0.9 0.127 2.16 -0.855 0.127 2.205 -0.81 0.127 2.25
-0.765 0.127 2.295 0.315 0.127 2.295 -0.945 0.127 2.16 -0.9
0.127 2.205 -0.855 0.127 2.25 -0.81 0.127 2.295 -0.945 0.127
2.205 -0.9 0.127 2.25 -0.855 0.127 2.295 -0.945 0.127 2.25
-0.9 0.127 2.295 -0.945 0.127 2.295 1.395 0.127 0.72 1.35
0.127 0.72 1.35 0.127 0.765 1.395 0.127 0.765 1.44 0.127
0.72 1.44 0.127 0.765 1.35 0.127 0.81 1.395 0.127 0.81
1.305 0.127 0.72 1.305 0.127 0.765 1.485 0.127 0.72 1.485
0.127 0.765 1.44 0.127 0.81 1.35 0.127 0.855 1.395 0.127
0.855 1.305 0.127 0.81 1.26 0.127 0.72 1.26 0.127 0.765
1.53 0.127 0.765 1.53 0.127 0.72 1.485 0.127 0.81 1.44
0.127 0.855 1.35 0.127 0.9 1.395 0.127 0.9 1.305 0.127
0.855 1.26 0.127 0.81 1.215 0.127 0.72 1.215 0.127 0.765
1.53 0.127 0.81 1.485 0.127 0.855 1.44 0.127 0.9 1.305
0.127 0.9 1.35 0.127 0.945 1.395 0.127 0.945 1.26 0.127
0.855 1.215 0.127 0.81 1.17 0.127 0.72 1.17 0.127 0.765
1.53 0.127 0.855 1.485 0.127 0.9 1.44 0.127 0.945 1.26
0.127 0.9 1.305 0.127 0.945 1.35 0.127 0.99 1.395 0.127
0.99 1.215 0.127 0.855 1.17 0.127 0.81 1.125 0.127 0.72
1.125 0.127 0.765 1.53 0.127 0.9 1.485 0.127 0.945 1.44
0.127 0.99 1.215 0.127 0.9 1.26 0.127 0.945 1.305 0.127
0.99 1.35 0.127 1.035 1.395 0.127 1.035 1.17 0.127 0.855
1.125 0.127 0.81 1.08 0.127 0.72 1.08 0.127 0.765 1.53
0.127 0.945 1.485 0.127 0.99 1.44 0.127 1.035 1.17 0.127
0.9 1.215 0.127 0.945 1.26 0.127 0.99 1.305 0.127 1.035
1.35 0.127 1.08 1.395 0.127 1.08 1.125 0.127 0.855 1.08
0.127 0.81 1.035 0.127 0.72 1.035 0.127 0.765 1.53 0.127
0.99 1.485 0.127 1.035 1.44 0.127 1.08 1.125 0.127 0.9
1.17 0.127 0.945 1.215 0.127 0.99 1.26 0.127 1.035 1.305
0.127 1.08 1.35 0.127 1.125 1.395 0.127 1.125 1.08 0.127
0.855 1.035 0.127 0.81 0.99 0.127 0.72 0.99 0.127 0.765
1.53 0.127 1.035 1.485 0.127 1.08 1.44 0.127 1.125 1.08
0.127 0.9 1.125 0.127 0.945 1.17 0.127 0.99 1.215 0.127
1.035 1.26 0.127 1.08 1.305 0.127 1.125 1.35 0.127 1.17
1.395 0.127 1.17 1.035 0.127 0.855 0.99 0.127 0.81 0.945
0.127 0.72 0.945 0.127 0.765 1.53 0.127 1.08 1.485 0.127
1.125 1.44 0.127 1.17 1.035 0.127 0.9 1.08 0.127 0.945
1.125 0.127 0.99 1.17 0.127 1.035 1.215 0.127 1.08 1.26
0.127 1.125 1.305 0.127 1.17 1.35 0.127 1.215 1.395 0.127
1.215 0.99 0.127 0.855 0.945 0.127 0.81 0.900001 0.127 0.72
0.9 0.127 0.765 1.53 0.127 1.125 1.485 0.127 1.17 1.44
0.127 1.215 0.99 0.127 0.9 1.035 0.127 0.945 1.08 0.127
0.99 1.125 0.127 1.035 1.17 0.127 1.08 1.215 0.127 1.125
1.26 0.127 1.17 1.305 0.127 1.215 1.35 0.127 1.26 1.395
0.127 1.26 0.945 0.127 0.855 0.9 0.127 0.81 0.855001 0.127
0.72 0.855 0.127 0.765 1.53 0.127 1.17 1.485 0.127 1.215
1.44 0.127 1.26 0.945 0.127 0.9 0.99 0.127 0.945 1.035
0.127 0.99 1.08 0.127 1.035 1.125 0.127 1.08 1.17 0.127
1.125 1.215 0.127 1.17 1.26 0.127 1.215 1.305 0.127 1.26
1.35 0.127 1.305 1.395 0.127 1.305 0.9 0.127 0.855 0.855
0.127 0.81 0.810001 0.127 0.72 0.810001 0.127 0.765 1.53 0.127
1.215 1.485 0.127 1.26 1.44 0.127 1.305 0.9 0.127 0.9
0.945 0.127 0.945 0.99 0.127 0.99 1.035 0.127 1.035 1.08
0.127 1.08 1.125 0.127 1.125 1.17 0.127 1.17 1.215 0.127
1.215 1.26 0.127 1.26 1.305 0.127 1.305 1.35 0.127 1.35
1.395 0.127 1.35 0.855 0.127 0.855 0.81 0.127 0.81 0.765002
0.127 0.72 0.765001 0.127 0.765 1.53 0.127 1.26 1.485 0.127
1.305 1.44 0.127 1.35 0.855 0.127 0.9 0.9 0.127 0.945
0.945 0.127 0.99 0.99 0.127 1.035 1.035 0.127 1.08 1.08
0.127 1.125 1.125 0.127 1.17 1.17 0.127 1.215 1.215 0.127
1.26 1.26 0.127 1.305 1.305 0.127 1.35 1.35 0.127 1.395
1.395 0.127 1.395 0.81 0.127 0.855 0.765 0.127 0.81 1.53
0.127 1.305 1.485 0.127 1.35 1.44 0.127 1.395 0.81 0.127
0.9 0.855 0.127 0.945 0.9 0.127 0.99 0.945 0.127 1.035
0.99 0.127 1.08 1.035 0.127 1.125 1.08 0.127 1.17 1.125
0.127 1.215 1.17 0.127 1.26 1.215 0.127 1.305 1.26 0.127
1.35 1.305 0.127 1.395 1.35 0.127 1.44 1.395 0.127 1.44
0.765 0.127 0.855 1.53 0.127 1.35 1.485 0.127 1.395 1.44
0.127 1.44 0.765 0.127 0.9 0.81 0.127 0.945 0.855 0.127
0.99 0.9 0.127 1.035 0.945 0.127 1.08 0.99 0.127 1.125
1.035 0.127 1.17 1.08 0.127 1.215 1.125 0.127 1.26 1.17
0.127 1.305 1.215 0.127 1.35 1.26 0.127 1.395 1.305 0.127
1.44 1.35 0.127 1.485 1.395 0.127 1.485 1.53 0.127 1.395
1.485 0.127 1.44 1.44 0.127 1.485 0.765 0.127 0.945 0.81
0.127 0.99 0.855 0.127 1.035 0.9 0.127 1.08 0.945 0.127
1.125 0.99 0.127 1.17 1.035 0.127 1.215 1.08 0.127 1.26
1.125 0.127 1.305 1.17 0.127 1.35 1.215 0.127 1.395 1.26
0.127 1.44 1.305 0.127 1.485 1.35 0.127 1.53 1.395 0.127
1.53 1.53 0.127 1.44 1.485 0.127 1.485 1.44 0.127 1.53
0.765 0.127 0.99 0.81 0.127 1.035 0.855 0.127 1.08 0.9
0.127 1.125 0.945 0.127 1.17 0.99 0.127 1.215 1.035 0.127
1.26 1.08 0.127 1.305 1.125 0.127 1.35 1.17 0.127 1.395
1.215 0.127 1.44 1.26 0.127 1.485 1.305 0.127 1.53 1.35
0.127 1.575 1.395 0.127 1.575 1.53 0.127 1.485 1.485 0.127
1.53 1.44 0.127 1.575 0.765 0.127 1.035 0.81 0.127 1.08
0.855 0.127 1.125 0.9 0.127 1.17 0.945 0.127 1.215 0.99
0.127 1.26 1.035 0.127 1.305 1.08 0.127 1.35 1.125 0.127
1.395 1.17 0.127 1.44 1.215 0.127 1.485 1.26 0.127 1.53
1.305 0.127 1.575 1.35 0.127 1.62 1.395 0.127 1.62 1.53
0.127 1.53 1.485 0.127 1.575 1.44 0.127 1.62 0.72 0.127
1.035 0.765 0.127 1.08 0.81 0.127 1.125 0.855 0.127 1.17
0.9 0.127 1.215 0.945 0.127 1.26 0.99 0.127 1.305 1.035
0.127 1.35 1.08 0.127 1.395 1.125 0.127 1.44 1.17 0.127
1.485 1.215 0.127 1.53 1.26 0.127 1.575 1.305 0.127 1.62
1.35 0.127 1.665 1.395 0.127 1.665 1.53 0.127 1.575 1.485
0.127 1.62 1.44 0.127 1.665 0.675 0.127 1.0125 0.675 0.127
1.035 0.72 0.127 1.08 0.765 0.127 1.125 0.81 0.127 1.17
0.855 0.127 1.215 0.9 0.127 1.26 0.945 0.127 1.305 0.99
0.127 1.35 1.035 0.127 1.395 1.08 0.127 1.44 1.125 0.127
1.485 1.17 0.127 1.53 1.215 0.127 1.575 1.26 0.127 1.62
1.305 0.127 1.665 1.35 0.127 1.71 1.395 0.127 1.71 1.53
0.127 1.62 1.485 0.127 1.665 1.44 0.127 1.71 0.6525 0.127
1.0125 0.675 0.127 1.0575 0.675 0.127 1.08 0.6525 0.127 1.035
0.72 0.127 1.125 0.765 0.127 1.17 0.81 0.127 1.215 0.855
0.127 1.26 0.9 0.127 1.305 0.945 0.127 1.35 0.99 0.127
1.395 1.035 0.127 1.44 1.08 0.127 1.485 1.125 0.127 1.53
1.17 0.127 1.575 1.215 0.127 1.62 1.26 0.127 1.665 1.305
0.127 1.71 1.35 0.127 1.755 1.395 0.127 1.755 1.53 0.127
1.665 1.485 0.127 1.71 1.44 0.127 1.755 0.63 0.127 1.0125
0.6525 0.127 1.0575 0.675 0.127 1.1025 0.675 0.127 1.125 0.6525
0.127 1.08 0.63 0.127 1.035 0.72 0.127 1.17 0.765 0.127
1.215 0.81 0.127 1.26 0.855 0.127 1.305 0.9 0.127 1.35
0.945 0.127 1.395 0.99 0.127 1.44 1.035 0.127 1.485 1.08
0.127 1.53 1.125 0.127 1.575 1.17 0.127 1.62 1.215 0.127
1.665 1.26 0.127 1.71 1.305 0.127 1.755 1.35 0.127 1.8
1.395 0.127 1.8 1.53 0.127 1.71 1.485 0.127 1.755 1.44
0.127 1.8 0.6075 0.127 1.0125 0.63 0.127 1.0575 0.6525 0.127
1.1025 0.675 0.127 1.1475 0.675 0.127 1.17 0.6525 0.127 1.125
0.63 0.127 1.08 0.6075 0.127 1.035 0.72 0.127 1.215 0.765
0.127 1.26 0.81 0.127 1.305 0.855 0.127 1.35 0.9 0.127
1.395 0.945 0.127 1.44 0.99 0.127 1.485 1.035 0.127 1.53
1.08 0.127 1.575 1.125 0.127 1.62 1.17 0.127 1.665 1.215
0.127 1.71 1.26 0.127 1.755 1.305 0.127 1.8 1.35 0.127
1.845 1.395 0.127 1.845 1.53 0.127 1.755 1.485 0.127 1.8
1.44 0.127 1.845 0.585 0.127 1.0125 0.6075 0.127 1.0575 0.63
0.127 1.1025 0.6525 0.127 1.1475 0.675 0.127 1.1925 0.675 0.127
1.215 0.6525 0.127 1.17 0.63 0.127 1.125 0.6075 0.127 1.08
0.585 0.127 1.035 0.72 0.127 1.26 0.765 0.127 1.305 0.81
0.127 1.35 0.855 0.127 1.395 0.9 0.127 1.44 0.945 0.127
1.485 0.99 0.127 1.53 1.035 0.127 1.575 1.08 0.127 1.62
1.125 0.127 1.665 1.17 0.127 1.71 1.215 0.127 1.755 1.26
0.127 1.8 1.305 0.127 1.845 1.35 0.127 1.89 1.395 0.127
1.89 1.53 0.127 1.8 1.485 0.127 1.845 1.44 0.127 1.89
0.5625 0.127 1.0125 0.585 0.127 1.0575 0.6075 0.127 1.1025 0.63
0.127 1.1475 0.675 0.127 1.2375 0.675 0.127 1.26 0.6525 0.127
1.1925 0.6525 0.127 1.215 0.63 0.127 1.17 0.6075 0.127 1.125
0.585 0.127 1.08 0.5625 0.127 1.035 0.72 0.127 1.305 0.765
0.127 1.35 0.81 0.127 1.395 0.855 0.127 1.44 0.9 0.127
1.485 0.945 0.127 1.53 0.99 0.127 1.575 1.035 0.127 1.62
1.08 0.127 1.665 1.125 0.127 1.71 1.17 0.127 1.755 1.215
0.127 1.8 1.26 0.127 1.845 1.305 0.127 1.89 1.35 0.127
1.935 1.395 0.127 1.935 1.53 0.127 1.845 1.485 0.127 1.89
1.44 0.127 1.935 0.54 0.127 1.0125 0.5625 0.127 1.0575 0.585
0.127 1.1025 0.6075 0.127 1.1475 0.675 0.127 1.2825 0.675 0.127
1.305 0.6525 0.127 1.2375 0.6525 0.127 1.26 0.63 0.127 1.1925
0.63 0.127 1.215 0.6075 0.127 1.17 0.585 0.127 1.125 0.5625
0.127 1.08 0.54 0.127 1.035 0.72 0.127 1.35 0.765 0.127
1.395 0.81 0.127 1.44 0.855 0.127 1.485 0.9 0.127 1.53
0.945 0.127 1.575 0.99 0.127 1.62 1.035 0.127 1.665 1.08
0.127 1.71 1.125 0.127 1.755 1.17 0.127 1.8 1.215 0.127
1.845 1.26 0.127 1.89 1.305 0.127 1.935 1.35 0.127 1.98
1.395 0.127 1.98 1.53 0.127 1.89 1.485 0.127 1.935 1.44
0.127 1.98 0.5175 0.127 1.0125 0.54 0.127 1.0575 0.5625 0.127
1.1025 0.585 0.127 1.1475 0.675 0.127 1.3275 0.675 0.127 1.35
0.6525 0.127 1.2825 0.6525 0.127 1.305 0.63 0.127 1.2375 0.63
0.127 1.26 0.6075 0.127 1.1925 0.6075 0.127 1.215 0.585 0.127
1.17 0.5625 0.127 1.125 0.54 0.127 1.08 0.5175 0.127 1.035
0.72 0.127 1.395 0.765 0.127 1.44 0.81 0.127 1.485 0.855
0.127 1.53 0.9 0.127 1.575 0.945 0.127 1.62 0.99 0.127
1.665 1.035 0.127 1.71 1.08 0.127 1.755 1.125 0.127 1.8
1.17 0.127 1.845 1.215 0.127 1.89 1.26 0.127 1.935 1.305
0.127 1.98 1.35 0.127 2.025 1.395 0.127 2.025 1.53 0.127
1.935 1.485 0.127 1.98 1.44 0.127 2.025 0.495 0.127 1.0125
0.5175 0.127 1.0575 0.54 0.127 1.1025 0.5625 0.127 1.1475 0.675
0.127 1.395 0.6525 0.127 1.3275 0.6525 0.127 1.35 0.63 0.127
1.2825 0.63 0.127 1.305 0.6075 0.127 1.2375 0.6075 0.127 1.26
0.585 0.127 1.1925 0.585 0.127 1.215 0.5625 0.127 1.17 0.54
0.127 1.125 0.5175 0.127 1.08 0.495 0.127 1.035 0.72 0.127
1.44 0.765 0.127 1.485 0.81 0.127 1.53 0.855 0.127 1.575
0.9 0.127 1.62 0.945 0.127 1.665 0.99 0.127 1.71 1.035
0.127 1.755 1.08 0.127 1.8 1.125 0.127 1.845 1.17 0.127
1.89 1.215 0.127 1.935 1.26 0.127 1.98 1.305 0.127 2.025
1.35 0.127 2.07 1.395 0.127 2.07 1.53 0.127 1.98 1.485
0.127 2.025 1.44 0.127 2.07 0.4725 0.127 1.0125 0.495 0.127
1.0575 0.5175 0.127 1.1025 0.54 0.127 1.1475 0.63 0.127 1.35
0.63 0.127 1.395 0.675 0.127 1.44 0.63 0.127 1.3275 0.6075
0.127 1.2825 0.6075 0.127 1.305 0.585 0.127 1.2375 0.585 0.127
1.26 0.5625 0.127 1.1925 0.5625 0.127 1.215 0.54 0.127 1.17
0.5175 0.127 1.125 0.495 0.127 1.08 0.4725 0.127 1.035 0.72
0.127 1.485 0.765 0.127 1.53 0.81 0.127 1.575 0.855 0.127
1.62 0.9 0.127 1.665 0.945 0.127 1.71 0.99 0.127 1.755
1.035 0.127 1.8 1.08 0.127 1.845 1.125 0.127 1.89 1.17
0.127 1.935 1.215 0.127 1.98 1.26 0.127 2.025 1.305 0.127
2.07 1.35 0.127 2.115 1.395 0.127 2.115 1.53 0.127 2.025
1.485 0.127 2.07 1.44 0.127 2.115 0.45 0.127 1.0125 0.4725
0.127 1.0575 0.495 0.127 1.1025 0.5175 0.127 1.1475 0.6075 0.127
1.35 0.585 0.127 1.35 0.585 0.127 1.395 0.63 0.127 1.44
0.675 0.127 1.485 0.6075 0.127 1.3275 0.585 0.127 1.2825 0.585
0.127 1.305 0.5625 0.127 1.2375 0.5625 0.127 1.26 0.54 0.127
1.1925 0.54 0.127 1.215 0.5175 0.127 1.17 0.495 0.127 1.125
0.4725 0.127 1.08 0.45 0.127 1.035 0.72 0.127 1.53 0.765
0.127 1.575 0.81 0.127 1.62 0.855 0.127 1.665 0.9 0.127
1.71 0.945 0.127 1.755 0.99 0.127 1.8 1.035 0.127 1.845
1.08 0.127 1.89 1.125 0.127 1.935 1.17 0.127 1.98 1.215
0.127 2.025 1.26 0.127 2.07 1.305 0.127 2.115 1.35 0.127
2.16 1.395 0.127 2.16 1.53 0.127 2.07 1.485 0.127 2.115
1.44 0.127 2.16 0.4275 0.127 1.0125 0.45 0.127 1.0575 0.4725
0.127 1.1025 0.495 0.127 1.1475 0.54 0.127 1.395 0.5625 0.127
1.35 0.54 0.127 1.35 0.585 0.127 1.44 0.585 0.127 1.3275
0.63 0.127 1.485 0.675 0.127 1.53 0.5625 0.127 1.2825 0.5625
0.127 1.305 0.54 0.127 1.2375 0.54 0.127 1.26 0.5175 0.127
1.1925 0.5175 0.127 1.215 0.495 0.127 1.17 0.4725 0.127 1.125
0.45 0.127 1.08 0.4275 0.127 1.035 0.72 0.127 1.575 0.765
0.127 1.62 0.81 0.127 1.665 0.855 0.127 1.71 0.9 0.127
1.755 0.945 0.127 1.8 0.99 0.127 1.845 1.035 0.127 1.89
1.08 0.127 1.935 1.125 0.127 1.98 1.17 0.127 2.025 1.215
0.127 2.07 1.26 0.127 2.115 1.305 0.127 2.16 1.35 0.127
2.205 1.395 0.127 2.205 0.405 0.127 1.0125 0.405 0.127 1.035
1.53 0.127 2.115 1.485 0.127 2.16 1.44 0.127 2.205 0.4275
0.127 1.0575 0.45 0.127 1.1025 0.4725 0.127 1.1475 0.495 0.127
1.395 0.5175 0.127 1.35 0.495 0.127 1.35 0.54 0.127 1.44
0.5625 0.127 1.3275 0.54 0.127 1.3275 0.585 0.127 1.485 0.63
0.127 1.53 0.675 0.127 1.575 0.54 0.127 1.2825 0.54 0.127
1.305 0.5175 0.127 1.2375 0.5175 0.127 1.26 0.495 0.127 1.1925
0.495 0.127 1.215 0.4725 0.127 1.17 0.45 0.127 1.125 0.4275
0.127 1.08 0.72 0.127 1.62 0.765 0.127 1.665 0.81 0.127
1.71 0.855 0.127 1.755 0.9 0.127 1.8 0.945 0.127 1.845
0.99 0.127 1.89 1.035 0.127 1.935 1.08 0.127 1.98 1.125
0.127 2.025 1.17 0.127 2.07 1.215 0.127 2.115 1.26 0.127
2.16 1.305 0.127 2.205 1.35 0.127 2.25 1.395 0.127 2.25
0.3825 0.127 1.0125 0.3825 0.127 1.035 0.36 0.127 1.0125 0.36
0.127 1.035 0.405 0.127 1.0575 0.405 0.127 1.08 1.53 0.127
2.16 1.485 0.127 2.205 1.44 0.127 2.25 0.4275 0.127 1.1025
0.45 0.127 1.1475 0.45 0.127 1.395 0.4725 0.127 1.35 0.45
0.127 1.35 0.495 0.127 1.44 0.5175 0.127 1.3275 0.495 0.127
1.3275 0.54 0.127 1.485 0.585 0.127 1.53 0.63 0.127 1.575
0.675 0.127 1.62 0.5175 0.127 1.2825 0.5175 0.127 1.305 0.495
0.127 1.2375 0.495 0.127 1.26 0.4725 0.127 1.1925 0.4725 0.127
1.215 0.45 0.127 1.17 0.4275 0.127 1.125 0.72 0.127 1.665
0.765 0.127 1.71 0.81 0.127 1.755 0.855 0.127 1.8 0.9
0.127 1.845 0.945 0.127 1.89 0.99 0.127 1.935 1.035 0.127
1.98 1.08 0.127 2.025 1.125 0.127 2.07 1.17 0.127 2.115
1.215 0.127 2.16 1.26 0.127 2.205 1.305 0.127 2.25 1.35
0.127 2.295 1.395 0.127 2.295 0.3375 0.127 1.0125 0.3375 0.127
1.035 0.3825 0.127 1.0575 0.3825 0.127 1.08 0.36 0.127 1.0575
0.36 0.127 1.08 0.405 0.127 1.1025 0.405 0.127 1.125 1.53
0.127 2.205 1.485 0.127 2.25 1.44 0.127 2.295 0.4275 0.127
1.1475 0.4275 0.127 1.35 0.405 0.127 1.35 0.405 0.127 1.395
0.45 0.127 1.44 0.4725 0.127 1.3275 0.45 0.127 1.3275 0.495
0.127 1.485 0.495 0.127 1.305 0.54 0.127 1.53 0.585 0.127
1.575 0.63 0.127 1.62 0.675 0.127 1.665 0.495 0.127 1.2825
0.4725 0.127 1.2375 0.4725 0.127 1.26 0.45 0.127 1.1925 0.45
0.127 1.215 0.4275 0.127 1.17 0.72 0.127 1.71 0.765 0.127
1.755 0.81 0.127 1.8 0.855 0.127 1.845 0.9 0.127 1.89
0.945 0.127 1.935 0.99 0.127 1.98 1.035 0.127 2.025 1.08
0.127 2.07 1.125 0.127 2.115 1.17 0.127 2.16 1.215 0.127
2.205 1.26 0.127 2.25 1.305 0.127 2.295 0.3375 0.127 1.0575
0.3375 0.127 1.08 0.3825 0.127 1.1025 0.3825 0.127 1.125 0.36
0.127 1.1025 0.36 0.127 1.125 0.405 0.127 1.1475 0.405 0.127
1.17 1.53 0.127 2.25 1.485 0.127 2.295 0.405 0.127 1.44
0.3825 0.127 1.35 0.36 0.127 1.35 0.36 0.127 1.395 0.4275
0.127 1.3275 0.405 0.127 1.3275 0.45 0.127 1.485 0.4725 0.127
1.305 0.45 0.127 1.305 0.495 0.127 1.53 0.54 0.127 1.575
0.585 0.127 1.62 0.63 0.127 1.665 0.675 0.127 1.71 0.4725
0.127 1.2825 0.45 0.127 1.2375 0.45 0.127 1.26 0.4275 0.127
1.1925 0.4275 0.127 1.215 0.72 0.127 1.755 0.765 0.127 1.8
0.81 0.127 1.845 0.855 0.127 1.89 0.9 0.127 1.935 0.945
0.127 1.98 0.99 0.127 2.025 1.035 0.127 2.07 1.08 0.127
2.115 1.125 0.127 2.16 1.17 0.127 2.205 1.215 0.127 2.25
1.26 0.127 2.295 0.3375 0.127 1.1025 0.3375 0.127 1.125 0.3825
0.127 1.1475 0.3825 0.127 1.17 0.36 0.127 1.1475 0.36 0.127
1.17 0.405 0.127 1.1925 0.405 0.127 1.215 1.53 0.127 2.295
0.36 0.127 1.44 0.405 0.127 1.485 0.3375 0.127 1.35 0.3825
0.127 1.3275 0.36 0.127 1.3275 0.4275 0.127 1.305 0.405 0.127
1.305 0.45 0.127 1.53 0.45 0.127 1.2825 0.495 0.127 1.575
0.54 0.127 1.62 0.585 0.127 1.665 0.63 0.127 1.71 0.675
0.127 1.755 0.4275 0.127 1.2375 0.4275 0.127 1.26 0.72 0.127
1.8 0.765 0.127 1.845 0.81 0.127 1.89 0.855 0.127 1.935
0.9 0.127 1.98 0.945 0.127 2.025 0.99 0.127 2.07 1.035
0.127 2.115 1.08 0.127 2.16 1.125 0.127 2.205 1.17 0.127
2.25 1.215 0.127 2.295 0.3375 0.127 1.1475 0.3375 0.127 1.17
0.3825 0.127 1.1925 0.3825 0.127 1.215 0.36 0.127 1.1925 0.36
0.127 1.215 0.405 0.127 1.2375 0.405 0.127 1.26 0.36 0.127
1.485 0.405 0.127 1.53 0.3375 0.127 1.3275 0.3825 0.127 1.305
0.36 0.127 1.305 0.4275 0.127 1.2825 0.405 0.127 1.2825 0.45
0.127 1.575 0.495 0.127 1.62 0.54 0.127 1.665 0.585 0.127
1.71 0.63 0.127 1.755 0.675 0.127 1.8 0.72 0.127 1.845
0.765 0.127 1.89 0.81 0.127 1.935 0.855 0.127 1.98 0.9
0.127 2.025 0.945 0.127 2.07 0.99 0.127 2.115 1.035 0.127
2.16 1.08 0.127 2.205 1.125 0.127 2.25 1.17 0.127 2.295
0.3375 0.127 1.1925 0.3375 0.127 1.215 0.3825 0.127 1.2375 0.3825
0.127 1.26 0.36 0.127 1.2375 0.36 0.127 1.26 0.36 0.127
1.53 0.405 0.127 1.575 0.3375 0.127 1.305 0.3825 0.127 1.2825
0.36 0.127 1.2825 0.45 0.127 1.62 0.495 0.127 1.665 0.54
0.127 1.71 0.585 0.127 1.755 0.63 0.127 1.8 0.675 0.127
1.845 0.72 0.127 1.89 0.765 0.127 1.935 0.81 0.127 1.98
0.855 0.127 2.025 0.9 0.127 2.07 0.945 0.127 2.115 0.99
0.127 2.16 1.035 0.127 2.205 1.08 0.127 2.25 1.125 0.127
2.295 0.3375 0.127 1.2375 0.3375 0.127 1.26 0.36 0.127 1.575
0.405 0.127 1.62 0.3375 0.127 1.2825 0.45 0.127 1.665 0.495
0.127 1.71 0.54 0.127 1.755 0.585 0.127 1.8 0.63 0.127
1.845 0.675 0.127 1.89 0.72 0.127 1.935 0.765 0.127 1.98
0.81 0.127 2.025 0.855 0.127 2.07 0.9 0.127 2.115 0.945
0.127 2.16 0.99 0.127 2.205 1.035 0.127 2.25 1.08 0.127
2.295 0.36 0.127 1.62 0.405 0.127 1.665 0.45 0.127 1.71
0.495 0.127 1.755 0.54 0.127 1.8 0.585 0.127 1.845 0.63
0.127 1.89 0.675 0.127 1.935 0.72 0.127 1.98 0.765 0.127
2.025 0.81 0.127 2.07 0.855 0.127 2.115 0.9 0.127 2.16
0.945 0.127 2.205 0.99 0.127 2.25 1.035 0.127 2.295 0.36
0.127 1.665 0.405 0.127 1.71 0.45 0.127 1.755 0.495 0.127
1.8 0.54 0.127 1.845 0.585 0.127 1.89 0.63 0.127 1.935
0.675 0.127 1.98 0.72 0.127 2.025 0.765 0.127 2.07 0.81
0.127 2.115 0.855 0.127 2.16 0.9 0.127 2.205 0.945 0.127
2.25 0.99 0.127 2.295 0.36 0.127 1.71 0.405 0.127 1.755
0.45 0.127 1.8 0.495 0.127 1.845 0.54 0.127 1.89 0.585
0.127 1.935 0.63 0.127 1.98 0.675 0.127 2.025 0.72 0.127
2.07 0.765 0.127 2.115 0.81 0.127 2.16 0.855 0.127 2.205
0.9 0.127 2.25 0.945 0.127 2.295 0.36 0.127 1.755 0.405
0.127 1.8 0.45 0.127 1.845 0.495 0.127 1.89 0.54 0.127
1.935 0.585 0.127 1.98 0.63 0.127 2.025 0.675 0.127 2.07
0.72 0.127 2.115 0.765 0.127 2.16 0.81 0.127 2.205 0.855
0.127 2.25 0.9 0.127 2.295 0.36 0.127 1.8 0.405 0.127
1.845 0.45 0.127 1.89 0.495 0.127 1.935 0.54 0.127 1.98
0.585 0.127 2.025 0.63 0.127 2.07 0.675 0.127 2.115 0.72
0.127 2.16 0.765 0.127 2.205 0.81 0.127 2.25 0.855 0.127
2.295 0.36 0.127 1.845 0.405 0.127 1.89 0.45 0.127 1.935
0.495 0.127 1.98 0.54 0.127 2.025 0.585 0.127 2.07 0.63
0.127 2.115 0.675 0.127 2.16 0.72 0.127 2.205 0.765 0.127
2.25 0.81 0.127 2.295 0.36 0.127 1.89 0.405 0.127 1.935
0.45 0.127 1.98 0.495 0.127 2.025 0.54 0.127 2.07 0.585
0.127 2.115 0.63 0.127 2.16 0.675 0.127 2.205 0.72 0.127
2.25 0.765 0.127 2.295 0.36 0.127 1.935 0.405 0.127 1.98
0.45 0.127 2.025 0.495 0.127 2.07 0.54 0.127 2.115 0.585
0.127 2.16 0.63 0.127 2.205 0.675 0.127 2.25 0.72 0.127
2.295 0.36 0.127 1.98 0.405 0.127 2.025 0.45 0.127 2.07
0.495 0.127 2.115 0.54 0.127 2.16 0.585 0.127 2.205 0.63
0.127 2.25 0.675 0.127 2.295 0.36 0.127 2.025 0.405 0.127
2.07 0.45 0.127 2.115 0.495 0.127 2.16 0.54 0.127 2.205
0.585 0.127 2.25 0.63 0.127 2.295 0.36 0.127 2.07 0.405
0.127 2.115 0.45 0.127 2.16 0.495 0.127 2.205 0.54 0.127
2.25 0.585 0.127 2.295 0.36 0.127 2.115 0.405 0.127 2.16
0.45 0.127 2.205 0.495 0.127 2.25 0.54 0.127 2.295 0.36
0.127 2.16 0.405 0.127 2.205 0.45 0.127 2.25 0.495 0.127
2.295 0.36 0.127 2.205 0.405 0.127 2.25 0.45 0.127 2.295
0.36 0.127 2.25 0.405 0.127 2.295 0.36 0.127 2.295 -0.945
0.127 0.81 -0.9 0.127 0.81 -0.945 0.127 0.765 -0.9 0.127
0.765 -0.855 0.127 0.81 -0.945 0.127 0.72 -0.9 0.127 0.72
-0.855 0.127 0.765 -0.81 0.127 0.81 -0.945 0.127 0.675 -0.9
0.127 0.675 -0.855 0.127 0.72 -0.81 0.127 0.765 -0.765 0.127
0.81 -0.945 0.127 0.63 -0.9 0.127 0.63 -0.855 0.127 0.675
-0.81 0.127 0.72 -0.765 0.127 0.765 -0.72 0.127 0.81 -0.945
0.127 0.585 -0.9 0.127 0.585 -0.855 0.127 0.63 -0.81 0.127
0.675 -0.765 0.127 0.72 -0.72 0.127 0.765 -0.675 0.127 0.81
-0.945 0.127 0.54 -0.9 0.127 0.54 -0.855 0.127 0.585 -0.81
0.127 0.63 -0.765 0.127 0.675 -0.72 0.127 0.72 -0.675 0.127
0.765 -0.63 0.127 0.81 -0.945 0.127 0.495 -0.9 0.127 0.495
-0.855 0.127 0.54 -0.81 0.127 0.585 -0.765 0.127 0.63 -0.72
0.127 0.675 -0.675 0.127 0.72 -0.63 0.127 0.765 -0.585 0.127
0.81 -0.945 0.127 0.45 -0.9 0.127 0.45 -0.855 0.127 0.495
-0.81 0.127 0.54 -0.765 0.127 0.585 -0.72 0.127 0.63 -0.675
0.127 0.675 -0.63 0.127 0.72 -0.585 0.127 0.765 -0.54 0.127
0.81 -0.945 0.127 0.405 -0.9 0.127 0.405 -0.855 0.127 0.45
-0.81 0.127 0.495 -0.765 0.127 0.54 -0.72 0.127 0.585 -0.675
0.127 0.63 -0.63 0.127 0.675 -0.585 0.127 0.72 -0.54 0.127
0.765 -0.495 0.127 0.81 -0.9 0.127 0.36 -0.945 0.127 0.36
-0.855 0.127 0.405 -0.81 0.127 0.45 -0.765 0.127 0.495 -0.72
0.127 0.54 -0.675 0.127 0.585 -0.63 0.127 0.63 -0.585 0.127
0.675 -0.54 0.127 0.72 -0.495 0.127 0.765 -0.45 0.127 0.81
-0.855 0.127 0.36 -0.9 0.127 0.315 -0.945 0.127 0.315 -0.81
0.127 0.405 -0.765 0.127 0.45 -0.72 0.127 0.495 -0.675 0.127
0.54 -0.63 0.127 0.585 -0.585 0.127 0.63 -0.54 0.127 0.675
-0.495 0.127 0.72 -0.45 0.127 0.765 -0.405 0.127 0.81 -0.81
0.127 0.36 -0.855 0.127 0.315 -0.9 0.127 0.27 -0.945 0.127
0.27 -0.765 0.127 0.405 -0.72 0.127 0.45 -0.675 0.127 0.495
-0.63 0.127 0.54 -0.585 0.127 0.585 -0.54 0.127 0.63 -0.495
0.127 0.675 -0.45 0.127 0.72 -0.405 0.127 0.765 -0.36 0.127
0.81 -0.765 0.127 0.36 -0.81 0.127 0.315 -0.855 0.127 0.27
-0.9 0.127 0.225 -0.945 0.127 0.225 -0.72 0.127 0.405 -0.675
0.127 0.45 -0.63 0.127 0.495 -0.585 0.127 0.54 -0.54 0.127
0.585 -0.495 0.127 0.63 -0.45 0.127 0.675 -0.405 0.127 0.72
-0.36 0.127 0.765 -0.315 0.127 0.81 -0.72 0.127 0.36 -0.765
0.127 0.315 -0.81 0.127 0.27 -0.855 0.127 0.225 -0.9 0.127
0.18 -0.945 0.127 0.18 -0.675 0.127 0.405 -0.63 0.127 0.45
-0.585 0.127 0.495 -0.54 0.127 0.54 -0.495 0.127 0.585 -0.45
0.127 0.63 -0.405 0.127 0.675 -0.36 0.127 0.72 -0.315 0.127
0.765 -0.27 0.127 0.81 -0.675 0.127 0.36 -0.72 0.127 0.315
-0.765 0.127 0.27 -0.81 0.127 0.225 -0.855 0.127 0.18 -0.9
0.127 0.135 -0.945 0.127 0.135 -0.63 0.127 0.405 -0.585 0.127
0.45 -0.54 0.127 0.495 -0.495 0.127 0.54 -0.45 0.127 0.585
-0.405 0.127 0.63 -0.36 0.127 0.675 -0.315 0.127 0.72 -0.27
0.127 0.765 -0.225 0.127 0.81 -0.63 0.127 0.36 -0.675 0.127
0.315 -0.72 0.127 0.27 -0.765 0.127 0.225 -0.81 0.127 0.18
-0.855 0.127 0.135 -0.9 0.127 0.09 -0.945 0.127 0.09 -0.585
0.127 0.405 -0.54 0.127 0.45 -0.495 0.127 0.495 -0.45 0.127
0.54 -0.405 0.127 0.585 -0.36 0.127 0.63 -0.315 0.127 0.675
-0.27 0.127 0.72 -0.225 0.127 0.765 -0.18 0.127 0.81 -0.585
0.127 0.36 -0.63 0.127 0.315 -0.675 0.127 0.27 -0.72 0.127
0.225 -0.765 0.127 0.18 -0.81 0.127 0.135 -0.855 0.127 0.09
-0.9 0.127 0.045 -0.945 0.127 0.045 -0.54 0.127 0.405 -0.495
0.127 0.45 -0.45 0.127 0.495 -0.405 0.127 0.54 -0.36 0.127
0.585 -0.315 0.127 0.629999 -0.27 0.127 0.674999 -0.225 0.127 0.719999
-0.18 0.127 0.765 -0.54 0.127 0.36 -0.585 0.127 0.315 -0.63
0.127 0.27 -0.675 0.127 0.225 -0.72 0.127 0.18 -0.765 0.127
0.135 -0.81 0.127 0.09 -0.855 0.127 0.045 -0.9 0.127 -4.93647e-10
-0.945 0.127 -3.63253e-10 -0.495 0.127 0.405 -0.45 0.127 0.45 -0.405
0.127 0.495 -0.36 0.127 0.539999 -0.315 0.127 0.584999 -0.27 0.127
0.629999 -0.225 0.127 0.674999 -0.18 0.127 0.719999 -0.495 0.127 0.36
-0.54 0.127 0.315 -0.585 0.127 0.27 -0.63 0.127 0.225 -0.675
0.127 0.18 -0.72 0.127 0.135 -0.765 0.127 0.09 -0.81 0.127
0.045 -0.855 0.127 -8.15345e-10 -0.9 0.127 -0.045 -0.945 0.127 -0.045
-0.45 0.127 0.405 -0.405 0.127 0.45 -0.36 0.127 0.494999 -0.315
0.127 0.539999 -0.27 0.127 0.584999 -0.225 0.127 0.629999 -0.18 0.127
0.674999 -0.45 0.127 0.36 -0.495 0.127 0.315 -0.54 0.127 0.27
-0.585 0.127 0.225 -0.63 0.127 0.18 -0.675 0.127 0.135 -0.72
0.127 0.09 -0.765 0.127 0.045 -0.81 0.127 -1.42872e-09 -0.855 0.127
-0.045 -0.9 0.127 -0.09 -0.945 0.127 -0.09 -0.405 0.127 0.405
-0.36 0.127 0.449999 -0.314999 0.127 0.494999 -0.269999 0.127 0.539998 -0.224999
0.127 0.584998 -0.18 0.127 0.629998 -0.405 0.127 0.36 -0.45 0.127
0.315 -0.495 0.127 0.27 -0.54 0.127 0.225 -0.585 0.127 0.18
-0.63 0.127 0.135 -0.675 0.127 0.09 -0.72 0.127 0.045 -0.765
0.127 -2.51946e-09 -0.81 0.127 -0.045 -0.855 0.127 -0.09 -0.9 0.127
-0.135 -0.945 0.127 -0.135 -0.36 0.127 0.405 -0.314999 0.127 0.449999
-0.269999 0.127 0.494998 -0.224999 0.127 0.539997 -0.179999 0.127 0.584997 -0.36
0.127 0.36 -0.405 0.127 0.315 -0.45 0.127 0.27 -0.495 0.127
0.225 -0.54 0.127 0.18 -0.585 0.127 0.135 -0.63 0.127 0.09
-0.675 0.127 0.045 -0.72 0.127 -4.40215e-09 -0.765 0.127 -0.045 -0.81
0.127 -0.09 -0.855 0.127 -0.135 -0.9 0.127 -0.18 -0.945 0.127
-0.18 -0.314999 0.127 0.404999 -0.269999 0.127 0.449998 -0.224998 0.127 0.494997
-0.179998 0.127 0.539995 -0.315 0.127 0.359999 -0.36 0.127 0.315 -0.405
0.127 0.27 -0.45 0.127 0.225 -0.495 0.127 0.18 -0.54 0.127
0.135 -0.585 0.127 0.09 -0.63 0.127 0.045 -0.675 0.127 -7.59211e-09
-0.72 0.127 -0.045 -0.765 0.127 -0.09 -0.81 0.127 -0.135 -0.855
0.127 -0.18 -0.9 0.127 -0.225 -0.945 0.127 -0.225 -0.269999 0.127
0.404999 -0.224997 0.127 0.449997 -0.179996 0.127 0.494994 -0.269999 0.127 0.359999
-0.315 0.127 0.315 -0.36 0.127 0.27 -0.405 0.127 0.225 -0.45
0.127 0.18 -0.495 0.127 0.135 -0.54 0.127 0.09 -0.585 0.127
0.045 -0.63 0.127 -1.29207e-08 -0.675 0.127 -0.045 -0.72 0.127 -0.09
-0.765 0.127 -0.135 -0.81 0.127 -0.18 -0.855 0.127 -0.225 -0.9
0.127 -0.27 -0.945 0.127 -0.27 -0.224997 0.127 0.404997 -0.179994 0.127
0.449993 -0.224999 0.127 0.359998 -0.27 0.127 0.315 -0.315001 0.127 0.27
-0.360001 0.127 0.225 -0.405 0.127 0.18 -0.45 0.127 0.135 -0.495
0.127 0.09 -0.54 0.127 0.045 -0.585 0.127 -2.172e-08 -0.63 0.127
-0.045 -0.675 0.127 -0.09 -0.72 0.127 -0.135 -0.765 0.127 -0.18
-0.81 0.127 -0.225 -0.855 0.127 -0.27 -0.9 0.127 -0.315 -0.945
0.127 -0.315 -0.179994 0.127 0.404994 -0.179997 0.127 0.359997 -0.225001 0.127
0.314999 -0.270001 0.127 0.27 -0.315001 0.127 0.225 -0.360001 0.127 0.18
-0.405001 0.127 0.135 -0.45 0.127 0.0899999 -0.495 0.127 0.0449999 -0.54
0.127 -3.61133e-08 -0.585 0.127 -0.045 -0.63 0.127 -0.09 -0.675 0.127
-0.135 -0.72 0.127 -0.18 -0.765 0.127 -0.225 -0.81 0.127 -0.27
-0.855 0.127 -0.315 -0.9 0.127 -0.36 -0.945 0.127 -0.36 -0.180001
0.127 0.314999 -0.225003 0.127 0.27 -0.270002 0.127 0.225 -0.315001 0.127
0.18 -0.360001 0.127 0.135 -0.405001 0.127 0.0899999 -0.45 0.127 0.0449999
-0.495 0.127 -5.94508e-08 -0.54 0.127 -0.045 -0.585 0.127 -0.09 -0.63
0.127 -0.135 -0.675 0.127 -0.18 -0.72 0.127 -0.225 -0.765 0.127
-0.27 -0.81 0.127 -0.315 -0.855 0.127 -0.36 -0.9 0.127 -0.405
-0.945 0.127 -0.405 -0.180006 0.127 0.27 -0.225004 0.127 0.225 -0.270002
0.127 0.18 -0.315001 0.127 0.135 -0.360001 0.127 0.0899998 -0.405001 0.127
0.0449999 -0.45 0.127 -9.69451e-08 -0.495 0.127 -0.0450001 -0.54 0.127 -0.09
-0.585 0.127 -0.135 -0.63 0.127 -0.18 -0.675 0.127 -0.225 -0.72
0.127 -0.27 -0.765 0.127 -0.315 -0.81 0.127 -0.36 -0.855 0.127
-0.405 -0.9 0.127 -0.45 -0.945 0.127 -0.45 -0.180009 0.127 0.225
-0.225004 0.127 0.18 -0.270003 0.127 0.135 -0.315001 0.127 0.0899997 -0.360001
0.127 0.0449998 -0.405 0.127 -1.56786e-07 -0.45 0.127 -0.0450001 -0.495 0.127
-0.0900001 -0.54 0.127 -0.135 -0.585 0.127 -0.18 -0.63 0.127 -0.225
-0.675 0.127 -0.27 -0.72 0.127 -0.315 -0.765 0.127 -0.36 -0.81
0.127 -0.405 -0.855 0.127 -0.45 -0.9 0.127 -0.495 -0.945 0.127
-0.495 -0.180008 0.127 0.18 -0.225005 0.127 0.134999 -0.270003 0.127 0.0899995
-0.315001 0.127 0.0449996 -0.360001 0.127 -2.52922e-07 -0.405 0.127 -0.0450002 -0.45
0.127 -0.0900001 -0.495 0.127 -0.135 -0.54 0.127 -0.18 -0.585 0.127
-0.225 -0.63 0.127 -0.27 -0.675 0.127 -0.315 -0.72 0.127 -0.36
-0.765 0.127 -0.405 -0.81 0.127 -0.45 -0.855 0.127 -0.495 -0.9
0.127 -0.54 -0.945 0.127 -0.54 -0.180009 0.127 0.134999 -0.225005 0.127
0.0899991 -0.270002 0.127 0.0449994 -0.315001 0.127 -4.12429e-07 -0.360001 0.127 -0.0450003
-0.405 0.127 -0.0900002 -0.45 0.127 -0.135 -0.495 0.127 -0.18 -0.54
0.127 -0.225 -0.585 0.127 -0.27 -0.63 0.127 -0.315 -0.675 0.127
-0.36 -0.72 0.127 -0.405 -0.765 0.127 -0.45 -0.81 0.127 -0.495
-0.855 0.127 -0.54 -0.9 0.127 -0.585 -0.945 0.127 -0.585 -0.180009
0.127 0.0899983 -0.225004 0.127 0.0449989 -0.270002 0.127 -6.9052e-07 -0.315001 0.127
-0.0450004 -0.360001 0.127 -0.0900003 -0.405 0.127 -0.135 -0.45 0.127 -0.18
-0.495 0.127 -0.225 -0.54 0.127 -0.27 -0.585 0.127 -0.315 -0.63
0.127 -0.36 -0.675 0.127 -0.405 -0.72 0.127 -0.45 -0.765 0.127
-0.495 -0.81 0.127 -0.54 -0.855 0.127 -0.585 -0.9 0.127 -0.63
-0.945 0.127 -0.63 -0.180007 0.127 0.0449982 -0.225003 0.127 -1.18916e-06 -0.270002
0.127 -0.0450007 -0.315001 0.127 -0.0900004 -0.36 0.127 -0.135 -0.405 0.127
-0.18 -0.45 0.127 -0.225 -0.495 0.127 -0.27 -0.54 0.127 -0.315
-0.585 0.127 -0.36 -0.63 0.127 -0.405 -0.675 0.127 -0.45 -0.72
0.127 -0.495 -0.765 0.127 -0.54 -0.81 0.127 -0.585 -0.855 0.127
-0.63 -0.9 0.127 -0.675 -0.945 0.127 -0.675 -0.180005 0.127 -2.05875e-06
-0.225002 0.127 -0.0450012 -0.270001 0.127 -0.0900007 -0.315001 0.127 -0.135 -0.36
0.127 -0.18 -0.405 0.127 -0.225 -0.45 0.127 -0.27 -0.495 0.127
-0.315 -0.54 0.127 -0.36 -0.585 0.127 -0.405 -0.63 0.127 -0.45
-0.675 0.127 -0.495 -0.72 0.127 -0.54 -0.765 0.127 -0.585 -0.81
0.127 -0.63 -0.855 0.127 -0.675 -0.9 0.127 -0.72 -0.945 0.127
-0.72 -0.180004 0.127 -0.0450022 -0.225002 0.127 -0.0900011 -0.270001 0.127 -0.135001
-0.315001 0.127 -0.18 -0.36 0.127 -0.225 -0.405 0.127 -0.27 -0.45
0.127 -0.315 -0.495 0.127 -0.36 -0.54 0.127 -0.405 -0.585 0.127
-0.45 -0.63 0.127 -0.495 -0.675 0.127 -0.54 -0.72 0.127 -0.585
-0.765 0.127 -0.63 -0.81 0.127 -0.675 -0.855 0.127 -0.72 -0.9
0.127 -0.765 -0.945 0.127 -0.765 -0.180003 0.127 -0.090002 -0.225002 0.127
-0.135001 -0.270001 0.127 -0.18 -0.315001 0.127 -0.225 -0.36 0.127 -0.27
-0.405 0.127 -0.315 -0.45 0.127 -0.36 -0.495 0.127 -0.405 -0.54
0.127 -0.45 -0.585 0.127 -0.495 -0.63 0.127 -0.54 -0.675 0.127
-0.585 -0.72 0.127 -0.63 -0.765 0.127 -0.675 -0.81 0.127 -0.72
-0.855 0.127 -0.765 -0.9 0.127 -0.81 -0.945 0.127 -0.81 -0.180003
0.127 -0.135001 -0.225001 0.127 -0.180001 -0.270001 0.127 -0.225 -0.315 0.127
-0.27 -0.36 0.127 -0.315 -0.405 0.127 -0.36 -0.45 0.127 -0.405
-0.495 0.127 -0.45 -0.54 0.127 -0.495 -0.585 0.127 -0.54 -0.63
0.127 -0.585 -0.675 0.127 -0.63 -0.72 0.127 -0.675 -0.765 0.127
-0.72 -0.81 0.127 -0.765 -0.855 0.127 -0.81 -0.9 0.127 -0.855
-0.945 0.127 -0.855 -0.135004 0.127 -0.135003 -0.180002 0.127 -0.180001 -0.225001
0.127 -0.225 -0.270001 0.127 -0.27 -0.315 0.127 -0.315 -0.36 0.127
-0.36 -0.405 0.127 -0.405 -0.45 0.127 -0.45 -0.495 0.127 -0.495
-0.54 0.127 -0.54 -0.585 0.127 -0.585 -0.63 0.127 -0.63 -0.675
0.127 -0.675 -0.72 0.127 -0.72 -0.765 0.127 -0.765 -0.81 0.127
-0.81 -0.855 0.127 -0.855 -0.9 0.127 -0.9 -0.945 0.127 -0.9
-0.135004 0.127 -0.180001 -0.180002 0.127 -0.225001 -0.225001 0.127 -0.27 -0.270001
0.127 -0.315 -0.315 0.127 -0.36 -0.36 0.127 -0.405 -0.405 0.127
-0.45 -0.45 0.127 -0.495 -0.495 0.127 -0.54 -0.54 0.127 -0.585
-0.585 0.127 -0.63 -0.63 0.127 -0.675 -0.675 0.127 -0.72 -0.72
0.127 -0.765 -0.765 0.127 -0.81 -0.81 0.127 -0.855 -0.855 0.127
-0.9 -0.9 0.127 -0.945 -0.945 0.127 -0.945 -0.135003 0.127 -0.225001
-0.0900059 0.127 -0.180002 -0.180002 0.127 -0.27 -0.225001 0.127 -0.315 -0.27
0.127 -0.36 -0.315 0.127 -0.405 -0.36 0.127 -0.45 -0.405 0.127
-0.495 -0.45 0.127 -0.54 -0.495 0.127 -0.585 -0.54 0.127 -0.63
-0.585 0.127 -0.675 -0.63 0.127 -0.72 -0.675 0.127 -0.765 -0.72
0.127 -0.81 -0.765 0.127 -0.855 -0.81 0.127 -0.9 -0.855 0.127
-0.945 -0.135003 0.127 -0.27 -0.090005 0.127 -0.225001 -0.04501 0.127 -0.180002
-0.180001 0.127 -0.315 -0.225001 0.127 -0.36 -0.27 0.127 -0.405 -0.315
0.127 -0.45 -0.36 0.127 -0.495 -0.405 0.127 -0.54 -0.45 0.127
-0.585 -0.495 0.127 -0.63 -0.54 0.127 -0.675 -0.585 0.127 -0.72
-0.63 0.127 -0.765 -0.675 0.127 -0.81 -0.72 0.127 -0.855 -0.765
0.127 -0.9 -0.81 0.127 -0.945 -0.135002 0.127 -0.315 -0.090004 0.127
-0.27 -0.045008 0.127 -0.225 -1.72188e-05 0.127 -0.180001 -0.180001 0.127 -0.36
-0.225001 0.127 -0.405 -0.27 0.127 -0.45 -0.315 0.127 -0.495 -0.36
0.127 -0.54 -0.405 0.127 -0.585 -0.45 0.127 -0.63 -0.495 0.127
-0.675 -0.54 0.127 -0.72 -0.585 0.127 -0.765 -0.63 0.127 -0.81
-0.675 0.127 -0.855 -0.72 0.127 -0.9 -0.765 0.127 -0.945 -0.135002
0.127 -0.36 -0.0900031 0.127 -0.315 -0.045006 0.127 -0.269999 -1.26106e-05 0.127
-0.224999 0.0449717 0.127 -0.179997 -0.180001 0.127 -0.405 -0.225 0.127 -0.45
-0.27 0.127 -0.495 -0.315 0.127 -0.54 -0.36 0.127 -0.585 -0.405
0.127 -0.63 -0.45 0.127 -0.675 -0.495 0.127 -0.72 -0.54 0.127
-0.765 -0.585 0.127 -0.81 -0.63 0.127 -0.855 -0.675 0.127 -0.9
-0.72 0.127 -0.945 -0.135001 0.127 -0.405 -0.0900022 0.127 -0.36 -0.0450044
0.127 -0.314999 -8.76903e-06 0.127 -0.269998 0.0449813 0.127 -0.224995 0.0899581 0.127
-0.179986 -0.180001 0.127 -0.45 -0.225 0.127 -0.495 -0.27 0.127 -0.54
-0.315 0.127 -0.585 -0.36 0.127 -0.63 -0.405 0.127 -0.675 -0.45
0.127 -0.72 -0.495 0.127 -0.765 -0.54 0.127 -0.81 -0.585 0.127
-0.855 -0.63 0.127 -0.9 -0.675 0.127 -0.945 -0.135001 0.127 -0.45
-0.0900016 0.127 -0.405 -0.0450031 0.127 -0.359999 -5.96164e-06 0.127 -0.314998 0.0449881
0.127 -0.269996 0.089975 0.127 -0.224989 0.134949 0.127 -0.17997 -0.18 0.127
-0.495 -0.225 0.127 -0.54 -0.27 0.127 -0.585 -0.315 0.127 -0.63
-0.36 0.127 -0.675 -0.405 0.127 -0.72 -0.45 0.127 -0.765 -0.495
0.127 -0.81 -0.54 0.127 -0.855 -0.585 0.127 -0.9 -0.63 0.127
-0.945 -0.135001 0.127 -0.495 -0.090001 0.127 -0.45 -0.0450021 0.127 -0.404999
-3.96949e-06 0.127 -0.359998 0.0449924 0.127 -0.314996 0.0899853 0.127 -0.269992 0.134972
0.127 -0.22498 0.179953 0.127 -0.179952 -0.18 0.127 -0.54 -0.225 0.127
-0.585 -0.27 0.127 -0.63 -0.315 0.127 -0.675 -0.36 0.127 -0.72
-0.405 0.127 -0.765 -0.45 0.127 -0.81 -0.495 0.127 -0.855 -0.54
0.127 -0.9 -0.585 0.127 -0.945 -0.135 0.127 -0.54 -0.0900007 0.127
-0.495 -0.0450013 0.127 -0.449999 -2.57471e-06 0.127 -0.404999 0.0449952 0.127 -0.359997
0.0899913 0.127 -0.314994 0.134985 0.127 -0.269988 0.179976 0.127 -0.224972 0.224973
0.127 -0.179943 -0.18 0.127 -0.585 -0.225 0.127 -0.63 -0.27 0.127
-0.675 -0.315 0.127 -0.72 -0.36 0.127 -0.765 -0.405 0.127 -0.81
-0.45 0.127 -0.855 -0.495 0.127 -0.9 -0.54 0.127 -0.945 -0.135
0.127 -0.585 -0.0900004 0.127 -0.54 -0.0450009 0.127 -0.495 -1.62415e-06 0.127
-0.449999 0.044997 0.127 -0.404998 0.0899948 0.127 -0.359996 0.134991 0.127 -0.314992
0.179988 0.127 -0.269984 0.224988 0.127 -0.224968 0.270006 0.127 -0.179944 -0.18
0.127 -0.63 -0.225 0.127 -0.675 -0.27 0.127 -0.72 -0.315 0.127
-0.765 -0.36 0.127 -0.81 -0.405 0.127 -0.855 -0.45 0.127 -0.9
-0.495 0.127 -0.945 -0.135 0.127 -0.63 -0.0900003 0.127 -0.585 -0.0450005
0.127 -0.54 -9.99253e-07 0.127 -0.494999 0.0449982 0.127 -0.449999 0.0899969 0.127
-0.404998 0.134995 0.127 -0.359995 0.179994 0.127 -0.314991 0.224995 0.127 -0.269982
0.270008 0.127 -0.224968 -0.18 0.127 -0.675 -0.225 0.127 -0.72 -0.27
0.127 -0.765 -0.315 0.127 -0.81 -0.36 0.127 -0.855 -0.405 0.127
-0.9 -0.45 0.127 -0.945 -0.135 0.127 -0.675 -0.0900002 0.127 -0.63
-0.0450003 0.127 -0.585 -6.01989e-07 0.127 -0.54 0.0449989 0.127 -0.494999 0.0899982
0.127 -0.449998 0.134997 0.127 -0.404997 0.179997 0.127 -0.359994 0.224999 0.127
-0.31499 0.270007 0.127 -0.269982 -0.18 0.127 -0.72 -0.225 0.127 -0.765
-0.27 0.127 -0.81 -0.315 0.127 -0.855 -0.36 0.127 -0.9 -0.405
0.127 -0.945 -0.135 0.127 -0.72 -0.0900001 0.127 -0.675 -0.0450002 0.127
-0.63 -3.56157e-07 0.127 -0.585 0.0449994 0.127 -0.54 0.089999 0.127 -0.494999
0.134999 0.127 -0.449998 0.179998 0.127 -0.404997 0.225 0.127 -0.359994 0.270006
0.127 -0.31499 -0.18 0.127 -0.765 -0.225 0.127 -0.81 -0.27 0.127
-0.855 -0.315 0.127 -0.9 -0.36 0.127 -0.945 -0.135 0.127 -0.765
-0.0900001 0.127 -0.72 -0.0450001 0.127 -0.675 -2.07255e-07 0.127 -0.63 0.0449996
0.127 -0.585 0.0899994 0.127 -0.539999 0.134999 0.127 -0.494999 0.179999 0.127
-0.449998 0.225 0.127 -0.404996 0.270004 0.127 -0.359994 -0.18 0.127 -0.81
-0.225 0.127 -0.855 -0.27 0.127 -0.9 -0.315 0.127 -0.945 -0.135
0.127 -0.81 -0.09 0.127 -0.765 -0.0450001 0.127 -0.72 -1.18708e-07 0.127
-0.675 0.0449998 0.127 -0.63 0.0899997 0.127 -0.585 0.135 0.127 -0.539999
0.18 0.127 -0.494999 0.225 0.127 -0.449998 0.270003 0.127 -0.404997 -0.18
0.127 -0.855 -0.225 0.127 -0.9 -0.27 0.127 -0.945 -0.135 0.127
-0.855 -0.09 0.127 -0.81 -0.045 0.127 -0.765 -6.69655e-08 0.127 -0.72
0.0449999 0.127 -0.675 0.0899998 0.127 -0.63 0.135 0.127 -0.585 0.18
0.127 -0.539999 0.225 0.127 -0.494999 0.270002 0.127 -0.449998 -0.18 0.127
-0.9 -0.225 0.127 -0.945 -0.135 0.127 -0.9 -0.09 0.127 -0.855
-0.045 0.127 -0.81 -3.72571e-08 0.127 -0.765 0.0449999 0.127 -0.72 0.0899999
0.127 -0.675 0.135 0.127 -0.63 0.18 0.127 -0.585 0.225 0.127
-0.539999 0.270001 0.127 -0.494999 -0.18 0.127 -0.945 -0.135 0.127 -0.945
-0.09 0.127 -0.9 -0.045 0.127 -0.855 -2.05293e-08 0.127 -0.81 0.045
0.127 -0.765 0.0899999 0.127 -0.72 0.135 0.127 -0.675 0.18 0.127
-0.63 0.225 0.127 -0.585 0.270001 0.127 -0.539999 -0.09 0.127 -0.945
-0.045 0.127 -0.9 -1.13719e-08 0.127 -0.855 0.045 0.127 -0.81 0.09
0.127 -0.765 0.135 0.127 -0.72 0.18 0.127 -0.675 0.225 0.127
-0.63 0.27 0.127 -0.585 -0.045 0.127 -0.945 -6.66928e-09 0.127 -0.9
0.045 0.127 -0.855 0.09 0.127 -0.81 0.135 0.127 -0.765 0.18
0.127 -0.72 0.225 0.127 -0.675 0.27 0.127 -0.63 -4.76997e-09 0.127
-0.945 0.045 0.127 -0.9 0.09 0.127 -0.855 0.135 0.127 -0.81
0.18 0.127 -0.765 0.225 0.127 -0.72 0.27 0.127 -0.675 0.045
0.127 -0.945 0.09 0.127 -0.9 0.135 0.127 -0.855 0.18 0.127
-0.81 0.225 0.127 -0.765 0.27 0.127 -0.72 0.09 0.127 -0.945
0.135 0.127 -0.9 0.18 0.127 -0.855 0.225 0.127 -0.81 0.27
0.127 -0.765 0.135 0.127 -0.945 0.18 0.127 -0.9 0.225 0.127
-0.855 0.27 0.127 -0.81 0.18 0.127 -0.945 0.225 0.127 -0.9
0.27 0.127 -0.855 0.225 0.127 -0.945 0.27 0.127 -0.9 0.27
0.127 -0.945 1.35 0.127 0.675 1.305 0.127 0.675 1.395 0.127
0.675 1.26 0.127 0.675 1.35 0.127 0.63 1.305 0.127 0.63
1.44 0.127 0.675 1.395 0.127 0.63 1.215 0.127 0.675 1.26
0.127 0.63 1.35 0.127 0.585 1.305 0.127 0.585 1.485 0.127
0.675 1.44 0.127 0.63 1.395 0.127 0.585 1.17 0.127 0.675
1.215 0.127 0.63 1.26 0.127 0.585 1.35 0.127 0.54 1.305
0.127 0.54 1.53 0.127 0.675 1.485 0.127 0.63 1.44 0.127
0.585 1.395 0.127 0.54 1.125 0.127 0.675 1.17 0.127 0.63
1.215 0.127 0.585 1.26 0.127 0.54 1.35 0.127 0.495 1.305
0.127 0.495 1.53 0.127 0.63 1.485 0.127 0.585 1.44 0.127
0.54 1.395 0.127 0.495 1.08 0.127 0.675 1.125 0.127 0.63
1.17 0.127 0.585 1.215 0.127 0.54 1.26 0.127 0.495 1.35
0.127 0.45 1.305 0.127 0.45 1.53 0.127 0.585 1.485 0.127
0.54 1.44 0.127 0.495 1.395 0.127 0.45 1.035 0.127 0.675
1.08 0.127 0.63 1.125 0.127 0.585 1.17 0.127 0.54 1.215
0.127 0.495 1.26 0.127 0.45 1.35 0.127 0.405 1.305 0.127
0.405 1.53 0.127 0.54 1.485 0.127 0.495 1.44 0.127 0.45
1.395 0.127 0.405 0.99 0.127 0.675 1.035 0.127 0.63 1.08
0.127 0.585 1.125 0.127 0.54 1.17 0.127 0.495 1.215 0.127
0.45 1.26 0.127 0.405 1.35 0.127 0.36 1.305 0.127 0.36
1.53 0.127 0.495 1.485 0.127 0.45 1.44 0.127 0.405 1.395
0.127 0.36 0.945001 0.127 0.675 0.990001 0.127 0.63 1.035 0.127
0.585 1.08 0.127 0.54 1.125 0.127 0.495 1.17 0.127 0.45
1.215 0.127 0.405 1.26 0.127 0.36 1.35 0.127 0.315 1.305
0.127 0.315 1.53 0.127 0.45 1.485 0.127 0.405 1.44 0.127
0.36 1.395 0.127 0.315 0.900001 0.127 0.675 0.945001 0.127 0.63
0.990001 0.127 0.585 1.035 0.127 0.54 1.08 0.127 0.495 1.125
0.127 0.45 1.17 0.127 0.405 1.215 0.127 0.36 1.26 0.127
0.315 1.35 0.127 0.27 1.305 0.127 0.27 1.53 0.127 0.405
1.485 0.127 0.36 1.44 0.127 0.315 1.395 0.127 0.27 0.855001
0.127 0.675 0.900001 0.127 0.63 0.945001 0.127 0.585 0.990001 0.127
0.54 1.035 0.127 0.495 1.08 0.127 0.45 1.125 0.127 0.405
1.17 0.127 0.36 1.215 0.127 0.315 1.26 0.127 0.27 1.35
0.127 0.225 1.305 0.127 0.225 1.53 0.127 0.36 1.485 0.127
0.315 1.44 0.127 0.27 1.395 0.127 0.225 0.810002 0.127 0.675
0.855002 0.127 0.63 0.900002 0.127 0.585 0.945002 0.127 0.54 0.990002
0.127 0.495 1.035 0.127 0.45 1.08 0.127 0.405 1.125 0.127
0.36 1.17 0.127 0.315 1.215 0.127 0.27 1.26 0.127 0.225
1.35 0.127 0.18 1.305 0.127 0.18 1.53 0.127 0.315 1.485
0.127 0.27 1.44 0.127 0.225 1.395 0.127 0.18 0.765003 0.127
0.675 0.810003 0.127 0.63 0.855003 0.127 0.585 0.900003 0.127 0.54
0.945002 0.127 0.495 0.990002 0.127 0.45 1.035 0.127 0.405 1.08
0.127 0.36 1.125 0.127 0.315 1.17 0.127 0.27 1.215 0.127
0.225 1.26 0.127 0.18 1.35 0.127 0.135 1.305 0.127 0.135
1.53 0.127 0.27 1.485 0.127 0.225 1.44 0.127 0.18 1.395
0.127 0.135 0.765004 0.127 0.63 0.810004 0.127 0.585 0.855004 0.127
0.54 0.900004 0.127 0.495 0.945003 0.127 0.45 0.990002 0.127 0.405
1.035 0.127 0.36 1.08 0.127 0.315 1.125 0.127 0.27 1.17
0.127 0.225 1.215 0.127 0.18 1.26 0.127 0.135 1.35 0.127
0.09 1.305 0.127 0.09 1.53 0.127 0.225 1.485 0.127 0.18
1.44 0.127 0.135 1.395 0.127 0.09 0.765006 0.127 0.585001 0.810006
0.127 0.540001 0.855005 0.127 0.495001 0.900005 0.127 0.450001 0.945004 0.127
0.405 0.990003 0.127 0.36 1.035 0.127 0.315 1.08 0.127 0.27
1.125 0.127 0.225 1.17 0.127 0.18 1.215 0.127 0.135 1.26
0.127 0.09 1.35 0.127 0.045 1.305 0.127 0.045 1.53 0.127
0.18 1.485 0.127 0.135 1.44 0.127 0.09 1.395 0.127 0.045
0.765009 0.127 0.540001 0.810008 0.127 0.495001 0.855007 0.127 0.450001 0.900006
0.127 0.405001 0.945005 0.127 0.36 0.990003 0.127 0.315 1.035 0.127
0.27 1.08 0.127 0.225 1.125 0.127 0.18 1.17 0.127 0.135
1.215 0.127 0.09 1.26 0.127 0.045 1.35 0.127 -3.45332e-09 1.305
0.127 -6.33418e-09 1.53 0.127 0.135 1.485 0.127 0.09 1.44 0.127
0.045 1.395 0.127 -1.8647e-09 0.765012 0.127 0.495002 0.81001 0.127 0.450002
0.855009 0.127 0.405001 0.900007 0.127 0.360001 0.945005 0.127 0.315 0.990004
0.127 0.27 1.035 0.127 0.225 1.08 0.127 0.18 1.125 0.127
0.135 1.17 0.127 0.09 1.215 0.127 0.045 1.26 0.127 -1.1466e-08
1.35 0.127 -0.045 1.305 0.127 -0.045 1.53 0.127 0.09 1.485
0.127 0.045 1.44 0.127 -1.01165e-09 1.395 0.127 -0.045 0.765016 0.127
0.450003 0.810013 0.127 0.405002 0.855011 0.127 0.360001 0.900008 0.127 0.315
0.945006 0.127 0.27 0.990004 0.127 0.225 1.035 0.127 0.18 1.08
0.127 0.135 1.125 0.127 0.09 1.17 0.127 0.045 1.215 0.127
-2.04677e-08 1.26 0.127 -0.045 1.35 0.127 -0.09 1.305 0.127 -0.09
1.53 0.127 0.045 1.485 0.127 -5.81164e-10 1.44 0.127 -0.045 1.395
0.127 -0.09 0.76502 0.127 0.405003 0.810017 0.127 0.360001 0.855013 0.127
0.315001 0.900009 0.127 0.27 0.945006 0.127 0.225 0.990004 0.127 0.18
1.035 0.127 0.135 1.08 0.127 0.0899999 1.125 0.127 0.0449999 1.17
0.127 -3.60297e-08 1.215 0.127 -0.045 1.26 0.127 -0.09 1.35 0.127
-0.135 1.305 0.127 -0.135 1.53 0.127 -4.1055e-10 1.485 0.127 -0.045
1.44 0.127 -0.09 1.395 0.127 -0.135 0.765026 0.127 0.360002 0.810021
0.127 0.315001 0.855015 0.127 0.27 0.90001 0.127 0.225 0.945006 0.127
0.18 0.990004 0.127 0.135 1.035 0.127 0.0899999 1.08 0.127 0.0449999
1.125 0.127 -6.25486e-08 1.17 0.127 -0.045 1.215 0.127 -0.09 1.26
0.127 -0.135 1.35 0.127 -0.18 1.305 0.127 -0.18 1.53 0.127
-0.045 1.485 0.127 -0.09 1.44 0.127 -0.135 1.395 0.127 -0.18
0.765034 0.127 0.315002 0.810025 0.127 0.270001 0.855016 0.127 0.225 0.90001
0.127 0.18 0.945006 0.127 0.135 0.990003 0.127 0.0899998 1.035 0.127
0.0449998 1.08 0.127 -1.07042e-07 1.125 0.127 -0.0450001 1.17 0.127 -0.09
1.215 0.127 -0.135 1.26 0.127 -0.18 1.35 0.127 -0.225 1.305
0.127 -0.225 1.53 0.127 -0.09 1.485 0.127 -0.135 1.44 0.127
-0.18 1.395 0.127 -0.225 0.765043 0.127 0.270001 0.810028 0.127 0.225
0.855016 0.127 0.18 0.900009 0.127 0.135 0.945005 0.127 0.0899997 0.990003
0.127 0.0449998 1.035 0.127 -1.80382e-07 1.08 0.127 -0.0450001 1.125 0.127
-0.0900001 1.17 0.127 -0.135 1.215 0.127 -0.18 1.26 0.127 -0.225
1.35 0.127 -0.27 1.305 0.127 -0.27 1.53 0.127 -0.135 1.485
0.127 -0.18 1.44 0.127 -0.225 1.395 0.127 -0.27 0.765049 0.127
0.225001 0.810027 0.127 0.18 0.855015 0.127 0.135 0.900008 0.127 0.0899995
0.945005 0.127 0.0449996 0.990003 0.127 -2.99191e-07 1.035 0.127 -0.0450002 1.08
0.127 -0.0900001 1.125 0.127 -0.135 1.17 0.127 -0.18 1.215 0.127
-0.225 1.26 0.127 -0.27 1.35 0.127 -0.315 1.305 0.127 -0.315
1.53 0.127 -0.18 1.485 0.127 -0.225 1.44 0.127 -0.27 1.395
0.127 -0.315 0.765047 0.127 0.18 0.810024 0.127 0.135 0.855013 0.127
0.0899993 0.900007 0.127 0.0449994 0.945004 0.127 -4.90355e-07 0.990002 0.127 -0.0450003
1.035 0.127 -0.0900002 1.08 0.127 -0.135 1.125 0.127 -0.18 1.17
0.127 -0.225 1.215 0.127 -0.27 1.26 0.127 -0.315 1.35 0.127
-0.36 1.305 0.127 -0.36 1.53 0.127 -0.225 1.485 0.127 -0.27
1.44 0.127 -0.315 1.395 0.127 -0.36 0.765039 0.127 0.135 0.810021
0.127 0.089999 0.855011 0.127 0.044999 0.900006 0.127 -8.03922e-07 0.945003 0.127
-0.0450005 0.990002 0.127 -0.0900003 1.035 0.127 -0.135 1.08 0.127 -0.18
1.125 0.127 -0.225 1.17 0.127 -0.27 1.215 0.127 -0.315 1.26
0.127 -0.36 1.35 0.127 -0.405 1.305 0.127 -0.405 1.53 0.127
-0.27 1.485 0.127 -0.315 1.44 0.127 -0.36 1.395 0.127 -0.405
0.765032 0.127 0.0899985 0.810017 0.127 0.0449983 0.855009 0.127 -1.34319e-06 0.900005
0.127 -0.0450009 0.945003 0.127 -0.0900005 0.990002 0.127 -0.135 1.035 0.127
-0.18 1.08 0.127 -0.225 1.125 0.127 -0.27 1.17 0.127 -0.315
1.215 0.127 -0.36 1.26 0.127 -0.405 1.35 0.127 -0.45 1.305
0.127 -0.45 1.53 0.127 -0.315 1.485 0.127 -0.36 1.44 0.127
-0.405 1.395 0.127 -0.45 0.765027 0.127 0.0449972 0.810014 0.127 -2.31492e-06
0.855008 0.127 -0.0450015 0.900004 0.127 -0.0900009 0.945002 0.127 -0.135001 0.990001
0.127 -0.18 1.035 0.127 -0.225 1.08 0.127 -0.27 1.125 0.127
-0.315 1.17 0.127 -0.36 1.215 0.127 -0.405 1.26 0.127 -0.45
1.35 0.127 -0.495 1.305 0.127 -0.495 1.53 0.127 -0.36 1.485
0.127 -0.405 1.44 0.127 -0.45 1.395 0.127 -0.495 0.765022 0.127
-4.0783e-06 0.810012 0.127 -0.0450026 0.855007 0.127 -0.0900015 0.900004 0.127 -0.135001
0.945002 0.127 -0.18 0.990001 0.127 -0.225 1.035 0.127 -0.27 1.08
0.127 -0.315 1.125 0.127 -0.36 1.17 0.127 -0.405 1.215 0.127
-0.45 1.26 0.127 -0.495 1.35 0.127 -0.54 1.305 0.127 -0.54
1.53 0.127 -0.405 1.485 0.127 -0.45 1.44 0.127 -0.495 1.395
0.127 -0.54 0.765019 0.127 -0.0450047 0.81001 0.127 -0.0900025 0.855006 0.127
-0.135001 0.900003 0.127 -0.180001 0.945002 0.127 -0.225 0.990001 0.127 -0.27
1.035 0.127 -0.315 1.08 0.127 -0.36 1.125 0.127 -0.405 1.17
0.127 -0.45 1.215 0.127 -0.495 1.26 0.127 -0.54 1.35 0.127
-0.585 1.305 0.127 -0.585 1.53 0.127 -0.45 1.485 0.127 -0.495
1.44 0.127 -0.54 1.395 0.127 -0.585 0.765016 0.127 -0.0900045 0.810008
0.127 -0.135002 0.855005 0.127 -0.180001 0.900003 0.127 -0.225001 0.945001 0.127
-0.27 0.990001 0.127 -0.315 1.035 0.127 -0.36 1.08 0.127 -0.405
1.125 0.127 -0.45 1.17 0.127 -0.495 1.215 0.127 -0.54 1.26
0.127 -0.585 1.35 0.127 -0.63 1.305 0.127 -0.63 1.53 0.127
-0.495 1.485 0.127 -0.54 1.44 0.127 -0.585 1.395 0.127 -0.63
0.765013 0.127 -0.135004 0.810007 0.127 -0.180002 0.855004 0.127 -0.225001 0.900002
0.127 -0.27 0.945001 0.127 -0.315 0.99 0.127 -0.36 1.035 0.127
-0.405 1.08 0.127 -0.45 1.125 0.127 -0.495 1.17 0.127 -0.54
1.215 0.127 -0.585 1.26 0.127 -0.63 1.35 0.127 -0.675 1.305
0.127 -0.675 1.53 0.127 -0.54 1.485 0.127 -0.585 1.44 0.127
-0.63 1.395 0.127 -0.675 0.720022 0.127 -0.135007 0.765011 0.127 -0.180003
0.810006 0.127 -0.225001 0.855003 0.127 -0.270001 0.900002 0.127 -0.315 0.945001
0.127 -0.36 0.99 0.127 -0.405 1.035 0.127 -0.45 1.08 0.127
-0.495 1.125 0.127 -0.54 1.17 0.127 -0.585 1.215 0.127 -0.63
1.26 0.127 -0.675 1.35 0.127 -0.72 1.305 0.127 -0.72 1.53
0.127 -0.585 1.485 0.127 -0.63 1.44 0.127 -0.675 1.395 0.127
-0.72 0.720018 0.127 -0.180005 0.765009 0.127 -0.225002 0.810005 0.127 -0.270001
0.855003 0.127 -0.315001 0.900001 0.127 -0.36 0.945001 0.127 -0.405 0.99
0.127 -0.45 1.035 0.127 -0.495 1.08 0.127 -0.54 1.125 0.127
-0.585 1.17 0.127 -0.63 1.215 0.127 -0.675 1.26 0.127 -0.72
1.35 0.127 -0.765 1.305 0.127 -0.765 1.53 0.127 -0.63 1.485
0.127 -0.675 1.44 0.127 -0.72 1.395 0.127 -0.765 0.675029 0.127
-0.180008 0.720014 0.127 -0.225003 0.765007 0.127 -0.270002 0.810004 0.127 -0.315001
0.855002 0.127 -0.36 0.900001 0.127 -0.405 0.945 0.127 -0.45 0.99
0.127 -0.495 1.035 0.127 -0.54 1.08 0.127 -0.585 1.125 0.127
-0.63 1.17 0.127 -0.675 1.215 0.127 -0.72 1.26 0.127 -0.765
1.35 0.127 -0.81 1.305 0.127 -0.81 1.53 0.127 -0.675 1.485
0.127 -0.72 1.44 0.127 -0.765 1.395 0.127 -0.81 0.630046 0.127
-0.180012 0.675022 0.127 -0.225005 0.720011 0.127 -0.270002 0.765006 0.127 -0.315001
0.810003 0.127 -0.360001 0.855001 0.127 -0.405 0.900001 0.127 -0.45 0.945
0.127 -0.495 0.99 0.127 -0.54 1.035 0.127 -0.585 1.08 0.127
-0.63 1.125 0.127 -0.675 1.17 0.127 -0.72 1.215 0.127 -0.765
1.26 0.127 -0.81 1.35 0.127 -0.855 1.305 0.127 -0.855 1.53
0.127 -0.72 1.485 0.127 -0.765 1.44 0.127 -0.81 1.395 0.127
-0.855 0.585073 0.127 -0.180016 0.630034 0.127 -0.225007 0.675017 0.127 -0.270003
0.720008 0.127 -0.315001 0.765004 0.127 -0.360001 0.810002 0.127 -0.405 0.855001
0.127 -0.45 0.9 0.127 -0.495 0.945 0.127 -0.54 0.99 0.127
-0.585 1.035 0.127 -0.63 1.08 0.127 -0.675 1.125 0.127 -0.72
1.17 0.127 -0.765 1.215 0.127 -0.81 1.26 0.127 -0.855 1.35
0.127 -0.9 1.305 0.127 -0.9 1.53 0.127 -0.765 1.485 0.127
-0.81 1.44 0.127 -0.855 1.395 0.127 -0.9 0.540106 0.127 -0.180018
0.58505 0.127 -0.225009 0.630024 0.127 -0.270004 0.675012 0.127 -0.315002 0.720006
0.127 -0.360001 0.765003 0.127 -0.405 0.810001 0.127 -0.45 0.855001 0.127
-0.495 0.9 0.127 -0.54 0.945 0.127 -0.585 0.99 0.127 -0.63
1.035 0.127 -0.675 1.08 0.127 -0.72 1.125 0.127 -0.765 1.17
0.127 -0.81 1.215 0.127 -0.855 1.26 0.127 -0.9 1.35 0.127
-0.945 1.305 0.127 -0.945 1.53 0.127 -0.81 1.485 0.127 -0.855
1.44 0.127 -0.9 1.395 0.127 -0.945 0.49514 0.127 -0.180014 0.540068
0.127 -0.225009 0.585033 0.127 -0.270004 0.630017 0.127 -0.315002 0.675009 0.127
-0.360001 0.720004 0.127 -0.405001 0.765002 0.127 -0.45 0.810001 0.127 -0.495
0.855 0.127 -0.54 0.9 0.127 -0.585 0.945 0.127 -0.63 0.99
0.127 -0.675 1.035 0.127 -0.72 1.08 0.127 -0.765 1.125 0.127
-0.81 1.17 0.127 -0.855 1.215 0.127 -0.9 1.26 0.127 -0.945
1.53 0.127 -0.855 1.485 0.127 -0.9 1.44 0.127 -0.945 0.450157
0.127 -0.179999 0.495084 0.127 -0.225005 0.540043 0.127 -0.270004 0.585022 0.127
-0.315002 0.630012 0.127 -0.360001 0.675006 0.127 -0.405001 0.720003 0.127 -0.45
0.765001 0.127 -0.495 0.810001 0.127 -0.54 0.855 0.127 -0.585 0.9
0.127 -0.63 0.945 0.127 -0.675 0.99 0.127 -0.72 1.035 0.127
-0.765 1.08 0.127 -0.81 1.125 0.127 -0.855 1.17 0.127 -0.9
1.215 0.127 -0.945 1.53 0.127 -0.9 1.485 0.127 -0.945 0.405143
0.127 -0.179977 0.450091 0.127 -0.224997 0.495051 0.127 -0.270001 0.540028 0.127
-0.315002 0.585015 0.127 -0.360001 0.630008 0.127 -0.405001 0.675004 0.127 -0.45
0.720002 0.127 -0.495 0.765001 0.127 -0.54 0.81 0.127 -0.585 0.855
0.127 -0.63 0.9 0.127 -0.675 0.945 0.127 -0.72 0.99 0.127
-0.765 1.035 0.127 -0.81 1.08 0.127 -0.855 1.125 0.127 -0.9
1.17 0.127 -0.945 1.53 0.127 -0.945 0.360101 0.127 -0.179959 0.405083
0.127 -0.224986 0.450054 0.127 -0.269997 0.495032 0.127 -0.315 0.540018 0.127
-0.360001 0.58501 0.127 -0.405001 0.630005 0.127 -0.45 0.675003 0.127 -0.495
0.720001 0.127 -0.54 0.765001 0.127 -0.585 0.81 0.127 -0.63 0.855
0.127 -0.675 0.9 0.127 -0.72 0.945 0.127 -0.765 0.99 0.127
-0.81 1.035 0.127 -0.855 1.08 0.127 -0.9 1.125 0.127 -0.945
0.315051 0.127 -0.17995 0.360061 0.127 -0.224977 0.405049 0.127 -0.269992 0.450033
0.127 -0.314998 0.49502 0.127 -0.36 0.540011 0.127 -0.405 0.585006 0.127
-0.45 0.630003 0.127 -0.495 0.675002 0.127 -0.54 0.720001 0.127 -0.585
0.765 0.127 -0.63 0.81 0.127 -0.675 0.855 0.127 -0.72 0.9
0.127 -0.765 0.945 0.127 -0.81 0.99 0.127 -0.855 1.035 0.127
-0.9 1.08 0.127 -0.945 0.315034 0.127 -0.224971 0.360037 0.127 -0.269987
0.40503 0.127 -0.314995 0.45002 0.127 -0.359998 0.495012 0.127 -0.405 0.540007
0.127 -0.45 0.585004 0.127 -0.495 0.630002 0.127 -0.54 0.675001 0.127
-0.585 0.720001 0.127 -0.63 0.765 0.127 -0.675 0.81 0.127 -0.72
0.855 0.127 -0.765 0.9 0.127 -0.81 0.945 0.127 -0.855 0.99
0.127 -0.9 1.035 0.127 -0.945 0.315022 0.127 -0.269984 0.360023 0.127
-0.314993 0.405018 0.127 -0.359997 0.450012 0.127 -0.404999 0.495008 0.127 -0.45
0.540004 0.127 -0.495 0.585002 0.127 -0.54 0.630001 0.127 -0.585 0.675001
0.127 -0.63 0.72 0.127 -0.675 0.765 0.127 -0.72 0.81 0.127
-0.765 0.855 0.127 -0.81 0.9 0.127 -0.855 0.945 0.127 -0.9
0.99 0.127 -0.945 0.315015 0.127 -0.314991 0.360014 0.127 -0.359996 0.405011
0.127 -0.404998 0.450008 0.127 -0.449999 0.495005 0.127 -0.495 0.540003 0.127
-0.54 0.585001 0.127 -0.585 0.630001 0.127 -0.63 0.675 0.127 -0.675
0.72 0.127 -0.72 0.765 0.127 -0.765 0.81 0.127 -0.81 0.855
0.127 -0.855 0.9 0.127 -0.9 0.945 0.127 -0.945 0.31501 0.127
-0.359995 0.360009 0.127 -0.404997 0.405007 0.127 -0.449999 0.450005 0.127 -0.494999
0.495003 0.127 -0.54 0.540002 0.127 -0.585 0.585001 0.127 -0.63 0.63
0.127 -0.675 0.675 0.127 -0.72 0.72 0.127 -0.765 0.765 0.127
-0.81 0.81 0.127 -0.855 0.855 0.127 -0.9 0.9 0.127 -0.945
0.315006 0.127 -0.404997 0.360006 0.127 -0.449998 0.405004 0.127 -0.494999 0.450003
0.127 -0.54 0.495002 0.127 -0.585 0.540001 0.127 -0.63 0.585001 0.127
-0.675 0.63 0.127 -0.72 0.675 0.127 -0.765 0.72 0.127 -0.81
0.765 0.127 -0.855 0.81 0.127 -0.9 0.855 0.127 -0.945 0.315004
0.127 -0.449998 0.360003 0.127 -0.494999 0.405003 0.127 -0.54 0.450002 0.127
-0.585 0.495001 0.127 -0.63 0.540001 0.127 -0.675 0.585 0.127 -0.72
0.63 0.127 -0.765 0.675 0.127 -0.81 0.72 0.127 -0.855 0.765
0.127 -0.9 0.81 0.127 -0.945 0.315002 0.127 -0.494999 0.360002 0.127
-0.539999 0.405001 0.127 -0.585 0.450001 0.127 -0.63 0.495001 0.127 -0.675
0.54 0.127 -0.72 0.585 0.127 -0.765 0.63 0.127 -0.81 0.675
0.127 -0.855 0.72 0.127 -0.9 0.765 0.127 -0.945 0.315001 0.127
-0.539999 0.360001 0.127 -0.585 0.405001 0.127 -0.63 0.450001 0.127 -0.675
0.495 0.127 -0.72 0.54 0.127 -0.765 0.585 0.127 -0.81 0.63
0.127 -0.855 0.675 0.127 -0.9 0.72 0.127 -0.945 0.315001 0.127
-0.585 0.360001 0.127 -0.63 0.405001 0.127 -0.675 0.45 0.127 -0.72
0.495 0.127 -0.765 0.54 0.127 -0.81 0.585 0.127 -0.855 0.63
0.127 -0.9 0.675 0.127 -0.945 0.315001 0.127 -0.63 0.36 0.127
-0.675 0.405 0.127 -0.72 0.45 0.127 -0.765 0.495 0.127 -0.81
0.54 0.127 -0.855 0.585 0.127 -0.9 0.63 0.127 -0.945 0.315
0.127 -0.675 0.36 0.127 -0.72 0.405 0.127 -0.765 0.45 0.127
-0.81 0.495 0.127 -0.855 0.54 0.127 -0.9 0.585 0.127 -0.945
0.315 0.127 -0.72 0.36 0.127 -0.765 0.405 0.127 -0.81 0.45
0.127 -0.855 0.495 0.127 -0.9 0.54 0.127 -0.945 0.315 0.127
-0.765 0.36 0.127 -0.81 0.405 0.127 -0.855 0.45 0.127 -0.9
0.495 0.127 -0.945 0.315 0.127 -0.81 0.36 0.127 -0.855 0.405
0.127 -0.9 0.45 0.127 -0.945 0.315 0.127 -0.855 0.36 0.127
-0.9 0.405 0.127 -0.945 0.315 0.127 -0.9 0.36 0.127 -0.945
0.315 0.127 -0.945 
POLYGONS 9662 48711
5 0 1 2 3 4 7 5 0 4 6
7 8 9 4 3 2 10 11 7 2
1 12 13 14 15 16 7 17 18 19
20 21 1 0 4 4 3 11 22 4
23 24 25 26 4 5 9 27 28 4
6 4 22 23 4 7 6 23 26 4
17 0 5 28 4 29 10 2 16 4
11 10 30 31 4 29 16 15 32 4
33 34 13 12 4 33 12 1 21 4
14 13 35 36 4 15 14 36 37 4
38 39 20 19 4 40 38 19 18 4
33 21 20 41 4 42 18 17 28 4
22 11 31 43 5 44 45 46 47 48
4 24 23 22 43 4 49 50 25 24
4 42 28 27 51 4 52 30 10 29
4 31 30 53 54 4 52 29 32 55
4 32 15 37 56 4 57 34 33 41
4 58 35 13 34 4 36 35 59 60
4 37 36 60 61 4 41 20 39 62
4 63 64 39 38 4 65 40 18 42
4 66 63 38 40 4 43 31 54 67
5 68 69 44 48 70 4 71 72 46
45 4 73 71 45 44 4 49 24 43
67 4 74 75 50 49 4 65 42 51
76 4 77 53 30 52 4 54 53 78
79 4 77 52 55 80 4 55 32 56
81 4 56 37 61 82 4 83 57 41
62 4 84 58 34 57 4 85 59 35
58 4 60 59 86 87 4 61 60 87
88 4 62 39 64 89 4 90 91 64
63 4 92 66 40 65 4 93 90 63
66 4 67 54 79 94 5 95 96 97
98 99 5 100 101 68 70 102 4 69
68 103 104 4 73 44 69 104 4 105
106 72 71 4 107 105 71 73 4 74
49 67 94 4 108 109 75 74 4 92
65 76 110 4 111 78 53 77 4 79
78 112 113 4 114 111 77 80 4 80
55 81 115 4 81 56 82 116 4 82
61 88 117 4 83 62 89 118 4 119
84 57 83 4 120 85 58 84 4 121
86 59 85 5 87 86 122 123 124 5
88 87 124 125 126 4 89 64 91 127
4 128 129 91 90 4 130 93 66 92
4 131 128 90 93 4 94 79 113 132
5 95 99 133 134 135 5 136 137 138
98 97 4 96 95 139 140 4 97 96
140 141 5 142 143 100 102 144 4 101
100 145 146 4 103 68 101 146 4 104
103 147 148 4 107 73 104 148 5 149
150 151 106 105 5 152 153 149 105 107
4 108 74 94 132 4 154 155 109 108
4 130 92 110 156 4 157 112 78 111
4 113 112 158 159 4 160 114 80 115
4 161 157 111 114 4 115 81 116 162
4 116 82 117 163 5 117 88 126 164
165 4 119 83 118 166 4 167 118 89
127 4 168 120 84 119 4 169 121 85
120 5 170 171 122 86 121 4 123 122
172 173 4 124 123 173 174 4 175 176
126 125 4 175 125 124 174 4 132 113
159 177 4 127 91 129 178 4 179 180
129 128 4 181 131 93 130 4 179 128
131 182 4 183 139 95 135 4 184 183
135 134 5 134 133 185 186 187 4 136
97 141 188 4 189 137 136 188 5 190
191 192 138 137 5 140 139 193 194 195
5 141 140 195 196 197 5 198 199 142
144 200 4 143 142 201 202 4 145 100
143 202 4 146 145 203 204 4 147 103
146 204 5 148 147 205 206 207 5 152
107 148 207 208 4 209 210 151 150 4
182 209 150 149 4 153 152 180 179 4
153 179 182 149 4 154 108 132 177 4
211 212 155 154 4 181 130 156 213 4
214 158 112 157 4 159 158 215 216 4
160 115 162 217 4 218 161 114 160 4
219 214 157 161 4 162 116 163 220 4
163 117 165 221 4 164 126 176 222 4
165 164 222 223 4 224 168 119 166 4
167 127 178 225 4 166 118 167 226 4
227 169 120 168 4 228 170 121 169 4
229 172 122 171 4 229 171 170 230 4
231 232 174 173 4 233 231 173 172 4
175 174 232 234 4 176 175 234 235 4
236 177 159 216 4 216 215 237 238 4
239 236 216 238 4 240 178 129 180 4
209 182 131 181 4 241 193 139 183 4
242 184 134 187 4 243 241 183 184 4
242 187 186 244 5 188 141 197 245 246
5 247 189 188 246 248 4 190 137 189
249 5 250 192 191 251 252 4 191 190
249 253 4 194 193 254 255 4 195 194
255 256 4 196 195 256 257 4 197 196
257 258 5 259 260 198 200 261 4 262
201 142 199 4 263 262 199 198 4 202
201 264 265 4 203 145 202 265 5 204
203 266 267 268 5 205 147 204 268 269
4 206 205 270 271 4 207 206 271 272
4 240 180 152 208 4 240 208 207 272
4 210 209 181 213 4 211 154 177 236
4 273 215 158 214 4 218 160 217 274
4 217 162 220 275 4 276 219 161 218
4 273 214 219 277 4 220 163 221 278
6 279 280 281 221 165 223 4 222 176
235 282 4 279 223 222 282 4 276 218
274 283 4 284 237 215 273 4 285 284
273 277 4 226 286 287 288 4 224 166
226 288 4 286 226 167 225 4 227 168
224 289 4 290 228 169 227 4 291 290
227 289 4 225 178 240 272 4 292 233
172 229 4 293 292 229 230 6 294 295
293 230 170 228 4 296 297 232 231 4
298 296 231 233 4 234 232 297 299 4
235 234 299 300 4 238 237 301 302 4
303 239 238 302 4 304 211 236 239 4
302 301 305 306 4 307 303 302 306 5
308 309 254 193 241 4 310 243 184 242
4 311 308 241 243 4 310 242 244 312
4 245 197 258 313 4 246 245 313 314
4 315 316 247 248 4 315 248 246 314
4 249 189 247 317 5 318 250 252 319
320 4 251 191 253 321 4 252 251 321
322 4 253 249 317 323 4 255 254 309
324 4 256 255 324 325 4 257 256 325
326 4 258 257 326 327 5 328 329 259
261 330 4 331 263 198 260 4 332 331
260 259 4 333 264 201 262 4 334 333
262 263 5 265 264 335 336 337 5 266
203 265 337 338 4 267 266 339 340 4
268 267 340 341 4 342 270 205 269 4
342 269 268 341 4 271 270 287 286 4
271 286 225 272 4 274 217 275 343 4
275 220 278 344 4 345 277 219 276 4
278 221 281 346 4 280 279 347 348 4
281 280 348 349 4 282 235 300 350 4
347 279 282 350 4 345 276 283 351 4
345 351 352 353 4 285 277 345 353 4
283 274 343 354 4 355 301 237 284 4
355 284 285 356 4 357 305 301 355 4
358 357 355 356 4 288 287 359 360 4
289 224 288 360 4 361 291 289 360 4
362 361 360 359 4 363 294 228 290 4
364 363 290 291 4 365 298 233 292 4
366 365 292 293 4 367 366 293 295 4
368 367 295 294 4 369 370 297 296 4
371 369 296 298 4 299 297 370 372 4
300 299 372 373 4 306 305 374 375 4
376 307 306 375 6 377 378 379 380 309
308 4 381 311 243 310 5 382 383 377
308 311 4 381 310 312 384 5 313 258
327 385 386 4 314 313 386 387 5 388
389 317 247 316 4 390 388 316 315 4
390 315 314 387 5 391 392 393 318 320
4 319 252 322 394 4 320 319 394 395
4 321 253 323 396 4 322 321 396 397
4 323 317 389 398 4 324 309 380 399
4 325 324 399 400 5 326 325 400 401
402 6 327 326 402 403 404 405 5 406
328 330 407 392 4 408 332 259 329 4
409 408 329 328 4 410 334 263 331 4
411 410 331 332 4 412 413 414 415 5
416 417 335 264 333 4 418 416 333 334
4 419 420 337 336 4 421 419 336 335
4 422 339 266 338 4 422 338 337 420
4 340 339 423 424 4 341 340 424 362
4 359 287 270 342 4 341 362 359 342
4 343 275 344 425 4 344 278 346 426
5 427 428 346 281 349 4 348 347 429
430 4 427 349 348 430 4 350 300 373
431 4 429 347 350 431 4 432 353 352
433 4 432 433 434 435 4 356 285 353
432 4 358 356 432 435 4 351 283 354
436 4 352 351 436 437 4 354 343 425
438 4 357 358 439 440 4 374 305 357
440 4 441 424 423 442 4 441 442 443
364 4 441 364 291 361 4 362 424 441
361 5 444 445 368 294 363 4 444 363
364 443 4 367 368 445 446 4 366 367
446 447 4 448 371 298 365 4 448 365
366 447 4 449 450 370 369 4 451 449
369 371 4 372 370 450 452 4 373 372
452 453 3 454 455 456 4 375 374 457
458 4 459 376 375 458 4 378 377 460
461 4 399 380 379 462 4 379 378 461
463 5 464 465 382 311 381 4 383 382
466 467 4 460 377 383 467 5 468 464
381 384 469 4 385 327 405 470 4 386
385 470 471 6 387 386 471 472 473 474
6 475 476 477 478 389 388 4 479 475
388 390 4 479 390 387 474 4 391 320
395 480 4 406 392 391 480 4 394 322
397 481 4 395 394 481 482 4 396 323
398 483 4 484 397 396 483 5 398 389
478 485 486 5 400 399 462 487 488 4
489 490 402 401 4 489 401 400 488 4
470 405 404 491 4 492 493 404 403 4
492 403 402 490 4 409 328 406 480 4
483 398 486 412 4 494 411 332 408 4
482 494 408 409 4 484 483 412 415 4
495 418 334 410 4 495 410 411 496 4
495 496 415 414 4 497 418 495 414 6
498 499 500 413 412 486 6 501 502 503
497 414 413 4 504 421 335 417 4 505
504 417 416 6 506 507 505 416 418 497
4 508 509 420 419 4 510 508 419 421
4 511 423 339 422 4 511 422 420 509
4 425 344 426 512 4 426 346 428 513
6 514 515 516 517 428 427 4 430 429
518 519 4 514 427 430 519 4 431 373
453 520 4 518 429 431 520 4 521 439
358 435 4 521 435 434 522 4 433 352
437 523 4 434 433 523 524 5 436 354
438 525 526 5 437 436 526 527 528 6
438 425 512 529 530 531 4 440 439 532
533 4 457 374 440 533 4 511 509 534
535 4 442 423 511 535 4 535 534 536
537 4 443 442 535 537 5 538 539 540
445 444 4 538 444 443 537 4 446 445
540 541 4 447 446 541 542 3 454 456
543 4 544 451 371 448 4 544 448 447
542 3 456 455 545 5 458 457 546 547
548 5 549 550 459 458 548 4 461 460
551 552 4 462 379 463 553 5 463 461
552 554 555 4 465 464 556 557 4 466
382 465 557 4 467 466 558 559 4 551
460 467 559 4 468 469 560 561 4 556
464 468 561 4 472 471 470 491 4 473
472 562 563 4 474 473 563 564 4 477
476 565 566 4 567 476 475 479 4 478
477 566 568 5 569 567 479 474 564 4
395 482 409 480 4 481 397 484 570 4
494 482 481 570 4 571 498 486 485 4
571 485 478 568 5 572 573 487 462 553
4 489 488 487 574 4 490 489 574 575
4 491 404 493 576 4 577 578 493 492
4 577 492 490 575 6 560 469 579 580
581 582 4 496 411 494 570 4 415 496
570 484 4 571 568 583 584 4 499 498
571 584 4 500 499 585 586 4 501 413
500 586 4 587 506 497 503 4 587 503
502 588 4 589 502 501 586 4 590 510
421 504 4 590 504 505 507 4 591 507
506 587 4 592 534 509 508 4 592 508
510 593 6 512 426 513 594 595 596 5
513 428 517 597 598 4 599 515 514 519
4 516 515 600 601 4 517 516 601 602
4 603 599 519 518 5 520 453 454 543
604 4 603 518 520 604 4 605 532 439
521 4 605 521 522 606 4 522 434 524
607 5 523 437 528 608 609 4 524 523
609 610 4 525 438 531 611 4 526 525
611 612 4 613 614 528 527 4 613 527
526 612 4 611 531 530 615 4 616 617
530 529 4 616 529 512 596 5 533 532
618 619 620 5 621 546 457 533 620 4
538 537 536 622 4 623 536 534 592 4
623 592 593 624 5 625 539 538 622 626
4 541 540 539 627 4 542 541 627 628
3 543 456 545 4 629 630 451 544 4
629 544 542 628 4 631 632 548 547 4
631 547 546 633 4 631 633 634 635 4
632 631 635 636 4 549 548 632 637 4
638 550 549 637 4 639 640 638 637 4
639 637 632 636 6 552 551 641 642 643
644 5 553 463 555 645 646 4 647 648
555 554 4 647 554 552 644 4 557 556
649 650 4 558 466 557 650 5 559 558
651 652 653 5 654 641 551 559 653 4
561 560 582 655 4 649 556 561 655 4
562 472 491 576 4 563 562 656 657 4
569 564 563 657 4 658 565 476 567 4
566 565 659 660 4 583 568 566 660 5
661 662 658 567 569 6 663 572 553 646
664 665 4 666 574 487 573 4 667 666
573 572 4 575 574 666 668 4 576 493
578 669 4 670 577 575 668 4 671 672
582 581 4 671 581 580 673 4 584 583
674 675 4 585 499 584 675 4 676 589
586 585 4 591 587 588 677 4 678 588
502 589 4 679 593 510 590 4 679 590
507 591 4 616 596 595 680 4 594 513
598 681 4 595 594 681 682 6 683 684
685 597 517 602 4 681 598 597 686 4
687 600 515 599 4 601 600 688 689 4
683 602 601 689 4 690 687 599 603 5
604 543 545 691 692 4 690 603 604 692
5 693 694 618 532 605 5 695 693 605
606 696 4 606 522 607 697 4 607 524
610 698 4 608 528 614 699 4 609 608
699 700 6 610 609 700 701 702 703 4
612 611 615 704 4 705 706 614 613 4
705 613 612 704 4 615 530 617 707 4
617 616 680 708 4 709 688 600 687 4
710 709 687 690 4 711 712 713 714 4
711 714 715 716 4 711 716 620 619 4
712 711 619 618 4 717 634 633 718 4
716 715 717 718 4 621 620 716 718 4
621 718 633 546 4 719 622 536 623 4
719 623 624 720 4 721 624 593 679 4
721 679 591 677 4 625 626 722 723 4
627 539 625 723 5 724 725 626 622 719
4 726 628 627 723 4 727 726 723 722
4 728 729 630 629 4 728 629 628 726
3 730 731 732 4 635 634 733 734 4
636 635 734 735 4 736 737 640 639 4
736 639 636 735 4 647 644 643 738 4
642 641 739 740 4 643 642 740 741 4
645 555 648 742 4 646 645 742 743 4
648 647 738 744 4 650 649 745 746 5
651 558 650 746 747 4 748 749 653 652
4 750 748 652 651 4 654 653 749 751
4 739 641 654 751 4 655 582 672 752
4 745 649 655 752 4 656 562 576 669
4 657 656 753 754 4 661 569 657 754
4 755 659 565 658 4 660 659 756 757
4 674 583 660 757 5 755 658 662 758
759 4 760 662 661 754 4 663 665 761
762 4 667 572 663 762 4 763 764 665
664 4 763 664 646 743 4 668 666 667
765 4 766 670 668 765 4 767 768 672
671 5 769 767 671 673 770 4 675 674
771 772 4 676 585 675 772 4 773 678
589 676 4 677 588 678 774 4 680 595
682 775 4 682 681 686 776 6 777 778
779 780 684 683 4 685 684 781 782 4
686 597 685 782 7 783 784 785 777 683
689 688 4 692 691 786 787 4 710 690
692 787 4 694 693 788 789 4 712 618
694 789 4 790 713 712 789 4 791 790
789 788 4 792 695 696 793 4 792 793
794 795 4 792 795 791 788 4 695 792
788 693 5 696 606 697 796 797 4 697
607 698 798 5 698 610 703 799 800 4
699 614 706 801 4 701 700 699 801 4
702 701 802 803 4 703 702 803 804 4
704 615 707 805 4 806 807 706 705 4
806 705 704 805 4 707 617 708 808 4
708 680 775 809 4 810 783 688 709 4
811 812 813 814 4 814 815 816 817 4
811 814 817 784 4 815 814 813 818 4
810 709 710 819 4 811 784 783 810 4
812 811 810 819 4 714 713 820 821 4
715 714 821 822 4 823 733 634 717 4
823 717 715 822 5 824 825 724 719 720
4 720 624 721 826 4 827 824 720 826
4 774 828 827 826 4 677 774 826 721
4 829 722 626 725 4 830 829 725 724
4 831 832 830 833 4 833 825 824 834
4 835 831 833 834 4 825 833 830 724
4 836 727 722 829 4 836 829 830 832
4 728 726 727 837 3 730 732 838 3
731 730 839 4 840 729 728 837 4 734
733 841 842 4 735 734 842 843 4 844
845 737 736 4 844 736 735 843 4 738
643 741 846 4 740 739 847 848 4 741
740 848 849 4 742 648 744 850 4 743
742 850 851 4 744 738 846 852 6 746
745 853 854 855 856 4 857 750 651 747
4 857 747 746 856 4 858 859 749 748
4 860 858 748 750 4 751 749 859 861
4 847 739 751 861 4 752 672 768 862
4 853 745 752 862 4 753 656 669 863
4 864 760 754 753 4 865 756 659 755
4 757 756 866 867 4 771 674 757 867
5 865 755 759 868 869 4 870 871 759
758 4 870 758 662 760 4 761 665 764
872 4 762 761 873 874 4 765 667 762
874 4 875 876 764 763 4 875 763 743
851 4 877 766 765 874 6 878 879 880
881 768 767 4 769 770 882 883 4 878
767 769 883 4 772 771 884 885 4 773
676 772 885 4 828 774 678 773 4 775
682 776 886 4 887 776 686 782 4 888
889 779 778 4 890 888 778 777 4 891
781 684 780 4 892 891 780 779 4 893
887 782 781 4 785 784 817 894 4 890
777 785 894 5 787 786 731 839 895 4
819 710 787 895 4 896 820 713 790 4
897 896 790 791 4 795 794 898 899 4
897 791 795 899 4 793 696 797 900 4
901 794 793 900 4 902 903 901 900 4
902 900 797 796 5 904 796 697 798 905
5 798 698 800 906 907 4 799 703 804
908 4 800 799 908 909 4 801 706 807
910 4 802 701 801 910 4 803 802 911
912 4 804 803 912 913 4 805 707 808
914 4 915 916 807 806 4 915 806 805
914 3 808 708 809 4 917 809 775 886
4 894 817 816 918 4 890 894 918 919
3 839 730 838 4 813 812 920 921 7
816 815 818 922 923 924 925 4 818 813
921 926 4 920 812 819 895 4 821 820
927 928 4 822 821 928 929 4 930 841
733 823 4 930 823 822 929 5 931 835
834 824 827 4 932 931 827 828 4 933
934 832 831 4 935 933 831 835 4 936
837 727 836 4 936 836 832 934 4 937
938 939 940 4 937 940 941 942 4 937
942 943 944 4 945 938 937 944 4 946
867 866 947 4 946 947 948 949 4 946
949 950 884 4 867 946 884 771 5 949
948 945 944 943 4 951 952 953 954 4
942 941 951 954 4 955 943 942 954 4
955 954 953 956 5 950 949 943 955 956
4 957 940 939 958 4 957 958 959 960
4 961 941 940 957 4 962 961 957 960
4 963 964 962 960 5 838 732 963 960
959 4 965 966 952 951 4 965 951 941
961 4 967 968 966 965 4 967 965 961
962 4 967 962 964 969 4 968 967 969
970 4 970 840 837 936 4 842 841 971
972 4 843 842 972 973 4 974 975 845
844 4 974 844 843 973 4 846 741 849
976 4 848 847 977 978 4 849 848 978
979 4 850 744 852 980 4 851 850 980
981 4 852 846 976 982 4 854 853 983
984 4 985 855 854 984 4 857 856 855
986 4 860 750 857 986 5 987 988 989
859 858 4 990 987 858 860 3 989 988
991 4 861 859 989 992 3 992 993 994
5 977 847 861 992 994 4 993 992 989
991 5 862 768 881 995 996 6 983 853
862 996 997 998 4 864 753 863 999 4
870 760 864 1000 4 1001 866 756 865 5
1001 865 869 1002 1003 4 868 759 871 1004
4 869 868 1004 1005 4 871 870 1000 1006
4 885 884 950 932 4 885 932 828 773
4 873 761 872 1007 4 872 764 876 1008
4 1009 877 874 873 4 1010 1011 876 875
4 1010 875 851 981 4 880 879 1012 1013
4 881 880 1013 1014 4 1015 879 878 883
4 1015 883 882 1016 4 1017 886 776 887
4 1018 892 779 889 4 1019 1020 889 888
4 1019 888 890 919 4 1021 893 781 891
4 1022 1021 891 892 4 1023 1017 887 893
5 920 895 839 838 959 4 1024 927 820
896 4 1025 1024 896 897 4 899 898 1026
1027 4 1028 898 794 901 4 1025 897 899
1027 4 1029 1030 1031 1032 4 904 905 1029
1032 4 1032 1031 903 902 4 796 904 1032
902 4 1033 1028 901 903 6 1034 905 798
907 1035 1036 4 1037 1038 907 906 4 1037
906 800 909 4 908 804 913 1039 4 909
908 1039 1040 4 910 807 916 1041 4 911
802 910 1041 4 912 911 1042 1043 4 913
912 1043 1044 3 1045 1046 1047 5 1045 1047
917 886 1017 4 918 816 925 1048 4 919
918 1048 1049 4 926 939 938 1050 4 922
818 926 1050 4 1050 938 945 1051 4 923
922 1050 1051 4 958 939 926 921 4 920
959 958 921 5 1052 1053 1054 924 923 4
1048 925 924 1055 4 928 927 1056 1057 4
929 928 1057 1058 4 1059 971 841 930 4
1059 930 929 1058 6 956 953 952 935 835
931 4 932 950 956 931 4 966 968 934
933 4 935 952 966 933 4 934 968 970
936 4 947 866 1001 1060 4 948 947 1060
1052 5 948 1052 923 1051 945 4 972 971
1061 1062 4 973 972 1062 1063 4 1064 1065
975 974 4 1064 974 973 1063 4 976 849
979 1066 4 978 977 1067 1068 4 979 978
1068 1069 4 1070 980 852 982 3 981 980
1071 4 982 976 1066 1072 4 984 983 998
1073 4 1074 985 984 1073 4 986 855 985
1075 4 990 860 986 1075 4 1076 1077 988
987 4 1078 1076 987 990 3 991 988 1077
3 994 993 1079 4 1067 977 994 1079 4
1079 993 991 1077 4 995 881 1014 1080 4
996 995 1080 1081 4 1082 1083 998 997 4
1082 997 996 1081 4 1000 864 999 1084 5
1060 1001 1003 1085 1086 4 1087 1088 1003 1002
4 1087 1002 869 1005 4 1004 871 1006 1089
4 1005 1004 1089 1090 4 1006 1000 1084 1091
4 1092 1009 873 1007 4 1007 872 1008 1093
4 1008 876 1011 1094 4 1095 1096 1011 1010
4 1095 1010 981 1071 4 1013 1012 1097 1098
4 1099 1012 879 1015 4 1014 1013 1098 1100
4 1099 1015 1016 1101 4 1102 1018 889 1020
4 1103 1022 892 1018 4 1104 1105 1020 1019
4 1104 1019 919 1049 4 1106 1023 893 1021
4 1107 1106 1021 1022 4 1108 1109 1046 1045
4 1108 1045 1017 1023 4 1110 1056 927 1024
4 1111 1110 1024 1025 4 1027 1026 1112 1113
4 1114 1026 898 1028 4 1111 1025 1027 1113
4 1115 1034 1036 1116 4 1117 1030 1029 1115
4 1118 1117 1115 1116 4 905 1034 1115 1029
4 1031 1030 1119 1120 4 1033 903 1031 1120
4 1121 1114 1028 1033 4 1035 907 1038 1122
4 1036 1035 1122 1123 4 1124 1125 1038 1037
4 1124 1037 909 1040 4 1039 913 1044 1126
4 1040 1039 1126 1127 3 1042 911 1041 4
1043 1042 1128 1129 4 1044 1043 1129 1130 3
1131 1047 1046 4 1049 1048 1055 1132 5 1053
1052 1060 1086 1133 4 1054 1053 1134 1135 4
1055 924 1054 1135 4 1057 1056 1136 1137 4
1058 1057 1137 1138 4 1139 1061 971 1059 4
1139 1059 1058 1138 4 1066 979 1069 1140 4
1141 1070 982 1072 4 1072 1066 1140 1142 4
1073 998 1083 1143 4 1144 1074 1073 1143 4
1075 985 1074 1145 4 1078 990 1075 1145 3
1146 1147 1148 4 1146 1148 1076 1078 4 1149
1150 1083 1082 4 1151 1149 1082 1081 4 1080
1014 1100 1152 4 1151 1081 1080 1152 4 1085
1003 1088 1153 4 1086 1085 1153 1154 4 1155
1156 1088 1087 4 1155 1087 1005 1090 4 1089
1006 1091 1157 4 1090 1089 1157 1158 4 1092
1007 1093 1159 4 1160 1161 1009 1092 4 1093
1008 1094 1162 4 1094 1011 1096 1163 4 1164
1165 1096 1095 3 1164 1095 1071 3 1166 1167
1168 5 1098 1097 1166 1168 1169 4 1170 1097
1012 1099 4 1100 1098 1169 1171 4 1170 1099
1101 1172 4 1102 1020 1105 1173 4 1174 1103
1018 1102 4 1175 1107 1022 1103 4 1176 1104
1049 1132 3 1177 1109 1108 5 1178 1177 1108
1023 1106 4 1179 1178 1106 1107 4 1180 1131
1046 1109 4 1181 1136 1056 1110 4 1182 1181
1110 1111 4 1113 1112 1183 1184 4 1185 1112
1026 1114 4 1182 1111 1113 1184 4 1116 1036
1123 1186 4 1187 1118 1116 1186 4 1188 1119
1030 1117 4 1189 1188 1117 1118 4 1120 1119
1190 1191 4 1121 1033 1120 1191 4 1192 1185
1114 1121 4 1122 1038 1125 1193 4 1123 1122
1193 1194 3 1195 1196 1197 5 1198 1195 1197
1125 1124 4 1198 1124 1040 1127 4 1126 1044
1130 1199 4 1127 1126 1199 1200 3 1129 1128
1201 4 1130 1129 1201 1202 4 1203 1132 1055
1135 4 1204 1134 1053 1133 4 1204 1133 1086
1154 4 1205 1203 1135 1134 4 1137 1136 1206
1207 4 1138 1137 1207 1208 4 1209 1210 1061
1139 4 1209 1139 1138 1208 3 1140 1069 1211
4 1212 1141 1072 1142 4 1142 1140 1211 1213
4 1143 1083 1150 1214 4 1144 1143 1214 1215
4 1145 1074 1144 1216 3 1217 1147 1146 5
1217 1146 1078 1145 1216 4 1218 1219 1148 1147
4 1220 1221 1150 1149 4 1222 1220 1149 1151
4 1152 1100 1171 1223 4 1222 1151 1152 1223
4 1153 1088 1156 1224 4 1154 1153 1224 1225
4 1226 1227 1156 1155 4 1226 1155 1090 1158
4 1228 1158 1157 1160 4 1228 1160 1092 1159
4 1159 1093 1162 1229 4 1162 1094 1163 1230
4 1163 1096 1165 1231 4 1165 1164 1232 1233
3 1234 1167 1166 4 1169 1168 1235 1236 5
1237 1234 1166 1097 1170 4 1171 1169 1236 1238
4 1239 1237 1170 1172 4 1240 1174 1102 1173
4 1241 1175 1103 1174 4 1242 1179 1107 1175
4 1243 1176 1132 1203 3 1180 1109 1177 4
1244 1180 1177 1178 3 1245 1246 1247 5 1245
1247 1244 1178 1179 4 1248 1206 1136 1181 3
1249 1250 1251 4 1252 1248 1181 1182 3 1253
1249 1251 4 1184 1183 1254 1255 4 1256 1183
1112 1185 4 1257 1258 1259 1260 4 1252 1182
1184 1255 3 1257 1260 1261 4 1186 1123 1194
1262 4 1187 1186 1262 1263 4 1264 1189 1118
1187 4 1265 1190 1119 1188 4 1266 1265 1188
1189 4 1191 1190 1267 1268 4 1192 1121 1191
1268 4 1269 1256 1185 1192 3 1197 1196 1270
5 1193 1125 1197 1270 1271 4 1194 1193 1271
1272 3 1273 1196 1195 4 1274 1273 1195 1198
4 1274 1198 1127 1200 4 1199 1130 1202 1275
4 1200 1199 1275 1276 3 1277 1278 1279 4
1202 1201 1277 1279 4 1280 1205 1134 1204 4
1280 1204 1154 1225 4 1281 1243 1203 1205 4
1207 1206 1282 1283 4 1208 1207 1283 1284 5
1285 1286 1287 1210 1209 4 1285 1209 1208 1284
4 1212 1142 1213 1288 4 1213 1211 1289 1290
4 1214 1150 1221 1291 4 1216 1144 1215 1292
4 1215 1214 1291 1293 4 1294 1218 1147 1217
4 1294 1217 1216 1292 3 1295 1219 1218 4
1296 1297 1221 1220 4 1298 1296 1220 1222 4
1223 1171 1238 1299 4 1298 1222 1223 1299 4
1224 1156 1227 1300 4 1225 1224 1300 1301 4
1302 1303 1227 1226 4 1302 1226 1158 1228 4
1302 1228 1159 1229 4 1229 1162 1230 1304 4
1230 1163 1231 1305 4 1231 1165 1233 1306 3
1233 1232 1307 4 1236 1235 1308 1309 4 1238
1236 1309 1310 3 1311 1312 1313 3 1314 1246
1245 5 1240 1173 1315 1311 1313 4 1316 1241
1174 1240 4 1317 1242 1175 1241 5 1318 1314
1245 1179 1242 3 1319 1247 1246 5 1251 1250
1282 1206 1248 5 1320 1253 1251 1248 1252 4
1255 1254 1258 1257 4 1321 1254 1183 1256 3
1322 1259 1258 5 1320 1252 1255 1257 1261 4
1262 1194 1272 1323 4 1324 1264 1187 1263 4
1263 1262 1323 1325 4 1326 1266 1189 1264 4
1327 1267 1190 1265 4 1328 1327 1265 1266 4
1268 1267 1329 1330 4 1269 1192 1268 1330 4
1331 1321 1256 1269 3 1332 1333 1334 3 1335
1336 1337 3 1270 1196 1273 3 1335 1337 1338
5 1271 1270 1273 1336 1335 5 1272 1271 1335
1338 1339 4 1340 1274 1200 1276 3 1279 1278
1341 5 1275 1202 1279 1341 1342 4 1276 1275
1342 1343 3 1278 1277 1344 4 1345 1281 1205
1280 4 1345 1280 1225 1301 3 1346 1212 1288
4 1288 1213 1290 1347 4 1290 1289 1348 1349
4 1291 1221 1297 1350 4 1292 1215 1293 1351
4 1293 1291 1350 1352 3 1295 1218 1294 5
1353 1295 1294 1292 1351 4 1354 1355 1297 1296
4 1356 1354 1296 1298 4 1299 1238 1310 1357
4 1356 1298 1299 1357 4 1300 1227 1303 1358
4 1359 1301 1300 1358 4 1303 1302 1229 1304
4 1304 1230 1305 1360 4 1305 1231 1306 1361
4 1306 1233 1307 1362 4 1309 1308 1363 1364
4 1310 1309 1364 1365 5 1312 1311 1366 1367
1368 3 1313 1312 1369 3 1370 1371 1372 3
1319 1246 1314 5 1316 1240 1313 1369 1373 4
1374 1317 1241 1316 4 1375 1318 1242 1317 5
1370 1372 1319 1314 1318 5 1376 1322 1258 1254
1321 4 1323 1272 1339 1377 4 1378 1324 1263
1325 4 1379 1326 1264 1324 4 1325 1323 1377
1380 4 1381 1328 1266 1326 4 1382 1329 1267
1327 4 1383 1382 1327 1328 4 1330 1329 1384
1385 4 1386 1387 1388 1389 4 1331 1269 1330
1385 4 1386 1389 1332 1334 5 1334 1333 1376
1321 1331 3 1337 1336 1390 3 1338 1337 1390
5 1339 1338 1390 1391 1392 4 1393 1340 1276
1343 3 1341 1278 1344 5 1342 1341 1344 1394
1395 4 1343 1342 1395 1396 4 1397 1346 1288
1347 4 1347 1290 1349 1398 3 1349 1348 1399
4 1350 1297 1355 1400 4 1351 1293 1352 1401
4 1352 1350 1400 1402 4 1403 1353 1351 1401
4 1404 1405 1355 1354 4 1406 1404 1354 1356
4 1357 1310 1365 1407 4 1406 1356 1357 1407
4 1358 1303 1304 1360 4 1408 1359 1358 1360
4 1408 1360 1305 1361 4 1361 1306 1362 1409
3 1362 1307 1410 4 1364 1363 1411 1412 4
1365 1364 1412 1413 4 1414 1369 1312 1368 4
1415 1368 1367 1416 3 1417 1371 1370 3 1418
1372 1371 4 1374 1316 1373 1419 4 1420 1375
1317 1374 5 1421 1417 1370 1318 1375 4 1377
1339 1392 1422 4 1423 1378 1325 1380 4 1424
1379 1324 1378 4 1425 1381 1326 1379 4 1380
1377 1422 1426 4 1427 1383 1328 1381 4 1428
1384 1329 1382 4 1429 1388 1387 1430 4 1431
1428 1382 1383 3 1432 1429 1430 4 1385 1384
1387 1386 4 1385 1386 1334 1331 3 1392 1391
1433 4 1434 1393 1343 1396 3 1435 1340 1393
3 1395 1394 1436 4 1396 1395 1436 1437 4
1415 1416 1438 1439 4 1397 1347 1398 1440 4
1398 1349 1399 1441 4 1400 1355 1405 1442 4
1401 1352 1402 1443 4 1402 1400 1442 1444 4
1445 1403 1401 1443 4 1446 1447 1405 1404 4
1448 1446 1404 1406 4 1407 1365 1413 1449 4
1448 1406 1407 1449 3 1450 1359 1408 4 1450
1408 1361 1409 4 1439 1409 1362 1410 4 1412
1411 1451 1452 4 1413 1412 1452 1453 4 1454
1414 1368 1415 3 1418 1371 1417 4 1455 1420
1374 1419 4 1456 1421 1375 1420 4 1457 1418
1417 1421 4 1422 1392 1433 1458 4 1459 1423
1380 1426 4 1460 1424 1378 1423 4 1461 1425
1379 1424 4 1462 1427 1381 1425 4 1426 1422
1458 1463 4 1464 1431 1383 1427 4 1430 1387
1384 1428 5 1465 1432 1430 1428 1431 4 1434
1396 1437 1466 4 1467 1435 1393 1434 4 1468
1437 1436 1469 3 1468 1469 1470 4 1454 1415
1439 1410 4 1450 1409 1439 1438 3 1471 1397
1440 4 1440 1398 1441 1472 4 1473 1441 1399
1474 3 1473 1474 1475 4 1443 1402 1444 1476
4 1445 1443 1476 1477 4 1478 1479 1447 1446
4 1480 1478 1446 1448 4 1449 1413 1453 1481
4 1480 1448 1449 1481 4 1482 1445 1477 1483
3 1484 1482 1483 3 1470 1485 1486 4 1452
1451 1487 1488 4 1453 1452 1488 1489 3 1490
1475 1491 3 1455 1419 1471 4 1472 1456 1420
1455 5 1490 1491 1457 1421 1456 4 1458 1433
1492 1493 4 1494 1459 1426 1463 4 1495 1460
1423 1459 4 1496 1461 1424 1460 4 1497 1462
1425 1461 4 1498 1464 1427 1462 4 1463 1458
1493 1499 4 1500 1465 1431 1464 4 1467 1434
1466 1501 5 1486 1502 1466 1437 1468 3 1470
1486 1468 3 1485 1470 1469 4 1440 1472 1455
1471 5 1490 1456 1472 1441 1473 3 1475 1490
1473 3 1491 1475 1474 3 1476 1444 1503 4
1477 1476 1503 1504 3 1505 1447 1479 4 1506
1499 1479 1478 4 1507 1506 1478 1480 4 1481
1453 1489 1508 4 1507 1480 1481 1508 4 1483
1477 1504 1502 5 1484 1483 1502 1486 1485 4
1488 1487 1509 1510 4 1489 1488 1510 1511 3
1493 1492 1505 4 1494 1463 1499 1506 4 1512
1495 1459 1494 4 1513 1496 1460 1495 4 1514
1497 1461 1496 4 1515 1498 1462 1497 4 1516
1500 1464 1498 4 1493 1505 1479 1499 3 1517
1467 1501 4 1501 1466 1502 1504 4 1517 1501
1504 1503 4 1512 1494 1506 1507 4 1508 1489
1511 1518 4 1512 1507 1508 1518 4 1510 1509
1519 1520 4 1511 1510 1520 1521 4 1513 1495
1512 1518 4 1521 1514 1496 1513 4 1522 1515
1497 1514 4 1523 1516 1498 1515 4 1511 1521
1513 1518 4 1520 1519 1524 1522 4 1520 1522
1514 1521 4 1523 1515 1522 1524 4 1525 1526
1527 1528 3 1529 1530 1531 4 1532 1525 1528
1533 4 1534 1535 1527 1526 4 1536 1537 1526
1525 3 1538 1529 1531 3 1531 1530 1539 4
1540 1532 1533 1541 4 1542 1536 1525 1532 4
1543 1534 1526 1537 4 1544 1545 1535 1534 4
1546 1547 1537 1536 4 1548 1549 1550 1551 3
1538 1531 1539 4 1552 1529 1538 1553 5 1539
1530 1548 1551 1554 4 1555 1540 1541 1556 4
1557 1542 1532 1540 4 1558 1546 1536 1542 4
1559 1543 1537 1547 4 1560 1544 1534 1543 4
1561 1562 1545 1544 4 1563 1564 1547 1546 4
1551 1550 1565 1566 4 1567 1568 1552 1553 5
1569 1555 1556 1570 1568 5 1553 1538 1539 1554
1571 4 1554 1551 1566 1572 4 1573 1557 1540
1555 4 1574 1558 1542 1557 4 1575 1563 1546
1558 4 1559 1547 1564 1576 4 1577 1560 1543
1559 4 1578 1561 1544 1560 4 1579 1580 1562
1561 4 1581 1582 1564 1563 4 1566 1565 1583
1584 4 1567 1553 1571 1585 4 1586 1569 1568
1567 4 1587 1573 1555 1569 4 1571 1554 1572
1588 4 1589 1572 1566 1584 4 1590 1574 1557
1573 4 1591 1575 1558 1574 4 1592 1581 1563
1575 4 1577 1559 1576 1593 4 1576 1564 1582
1594 4 1595 1578 1560 1577 4 1596 1579 1561
1578 4 1597 1598 1580 1579 4 1599 1600 1582
1581 4 1584 1583 1601 1602 4 1602 1603 1604
1605 4 1589 1584 1602 1605 4 1603 1602 1601
1606 4 1586 1567 1585 1607 4 1585 1571 1588
1608 4 1609 1587 1569 1586 4 1610 1590 1573
1587 4 1611 1588 1572 1589 4 1612 1591 1574
1590 4 1613 1592 1575 1591 4 1614 1599 1581
1592 4 1595 1577 1593 1615 4 1593 1576 1594
1616 4 1594 1582 1600 1617 4 1618 1596 1578
1595 4 1619 1597 1579 1596 4 1620 1621 1598
1597 3 1600 1599 1622 4 1623 1624 1625 1611
4 1605 1604 1626 1623 4 1605 1623 1611 1589
4 1624 1623 1626 1627 4 1628 1629 1604 1603
4 1628 1603 1606 1630 4 1628 1630 1631 1632
4 1629 1628 1632 1633 4 1634 1609 1586 1607
4 1607 1585 1608 1635 4 1608 1588 1611 1625
4 1636 1610 1587 1609 4 1637 1634 1607 1635
4 1635 1608 1625 1638 4 1639 1637 1635 1638
4 1640 1612 1590 1610 4 1641 1613 1591 1612
4 1642 1614 1592 1613 4 1643 1644 1599 1614
4 1618 1595 1615 1645 4 1615 1593 1616 1646
4 1616 1594 1617 1647 4 1617 1600 1622 1648
4 1649 1619 1596 1618 4 1650 1620 1597 1619
4 1651 1652 1621 1620 3 1653 1654 1655 4
1656 1638 1625 1624 4 1657 1658 1659 1656 4
1657 1656 1624 1627 4 1639 1638 1656 1659 6
1627 1626 1604 1629 1633 1660 5 1633 1632 1631
1661 1662 4 1663 1636 1609 1634 4 1664 1640
1610 1636 4 1665 1663 1634 1637 4 1665 1637
1639 1666 4 1667 1668 1663 1665 4 1669 1667
1665 1666 4 1670 1641 1612 1640 4 1671 1642
1613 1641 4 1672 1643 1614 1642 4 1673 1674
1644 1643 4 1649 1618 1645 1675 4 1645 1615
1646 1676 4 1646 1616 1647 1677 4 1647 1617
1648 1678 4 1679 1650 1619 1649 4 1680 1651
1620 1650 5 1681 1653 1655 1652 1651 3 1682
1654 1653 6 1669 1666 1639 1659 1658 1683 5
1658 1657 1627 1660 1684 4 1660 1633 1662 1685
4 1662 1661 1686 1687 4 1664 1636 1663 1668
4 1670 1640 1664 1688 4 1688 1689 1690 1691
4 1670 1688 1691 1692 4 1689 1688 1664 1668
6 1693 1690 1689 1668 1667 1669 4 1671 1641
1670 1692 4 1694 1672 1642 1671 4 1695 1673
1643 1672 4 1696 1697 1674 1673 4 1679 1649
1675 1698 4 1675 1645 1676 1699 4 1676 1646
1677 1700 4 1677 1647 1678 1701 3 1678 1648
1702 4 1703 1680 1650 1679 4 1704 1681 1651
1680 5 1705 1706 1682 1653 1681 4 1693 1669
1683 1707 4 1683 1658 1684 1708 4 1684 1660
1685 1709 4 1685 1662 1687 1710 4 1686 1661
1711 1712 4 1713 1687 1686 1714 5 1715 1716
1717 1713 1714 4 1715 1714 1686 1712 4 1691
1690 1718 1719 4 1692 1691 1719 1720 6 1721
1722 1723 1718 1690 1693 4 1694 1671 1692 1720
4 1724 1695 1672 1694 4 1725 1696 1673 1695
3 1726 1674 1697 4 1727 1728 1697 1696 4
1703 1679 1698 1729 4 1698 1675 1699 1730 4
1699 1676 1700 1731 4 1700 1677 1701 1732 5
1733 1701 1678 1702 1734 4 1735 1704 1680 1703
4 1736 1705 1681 1704 4 1737 1738 1706 1705
3 1739 1740 1741 4 1721 1693 1707 1742 4
1707 1683 1708 1743 4 1708 1684 1709 1744 4
1745 1709 1685 1710 4 1746 1710 1687 1713 5
1746 1713 1717 1747 1748 4 1717 1716 1749 1750
4 1745 1710 1746 1748 4 1719 1718 1723 1751
4 1720 1719 1751 1752 4 1722 1721 1753 1754
4 1723 1722 1754 1755 4 1724 1694 1720 1752
4 1756 1725 1695 1724 4 1757 1727 1696 1725
4 1726 1697 1728 1758 4 1759 1760 1728 1727
3 1733 1734 1761 4 1735 1703 1729 1762 4
1729 1698 1730 1763 4 1730 1699 1731 1764 4
1731 1700 1732 1765 5 1766 1767 1732 1701 1733
4 1768 1736 1704 1735 4 1769 1737 1705 1736
5 1770 1739 1741 1738 1737 3 1771 1740 1739
6 1753 1721 1742 1772 1773 1774 4 1742 1707
1743 1775 4 1776 1743 1708 1744 4 1744 1709
1745 1777 5 1748 1747 1778 1779 1780 4 1747
1717 1750 1781 4 1750 1749 1782 1783 4 1784
1776 1744 1777 4 1777 1745 1748 1780 4 1784
1777 1780 1779 4 1751 1723 1755 1785 4 1752
1751 1785 1786 4 1754 1753 1774 1787 4 1755
1754 1787 1788 4 1756 1724 1752 1786 4 1789
1757 1725 1756 3 1759 1727 1757 4 1790 1726
1758 1791 4 1758 1728 1760 1792 3 1760 1759
1793 3 1766 1733 1761 3 1761 1734 1794 4
1795 1768 1735 1762 4 1762 1729 1763 1796 4
1763 1730 1764 1797 4 1764 1731 1765 1798 4
1765 1732 1767 1799 4 1794 1800 1767 1766 4
1801 1769 1736 1768 4 1802 1770 1737 1769 5
1803 1804 1771 1739 1770 3 1805 1806 1807 4
1772 1742 1775 1808 4 1773 1772 1809 1810 4
1774 1773 1810 1811 4 1812 1775 1743 1776 5
1779 1778 1813 1814 1815 4 1778 1747 1781 1816
4 1781 1750 1783 1817 4 1783 1782 1818 1819
4 1820 1812 1776 1784 4 1820 1784 1779 1815
4 1785 1755 1788 1821 4 1786 1785 1821 1822
4 1787 1774 1811 1823 4 1788 1787 1823 1824
4 1789 1756 1786 1822 3 1825 1790 1791 4
1791 1758 1792 1826 4 1792 1760 1793 1827 3
1761 1794 1766 4 1828 1795 1762 1796 4 1829
1801 1768 1795 4 1796 1763 1797 1830 4 1797
1764 1798 1831 4 1798 1765 1799 1832 5 1833
1799 1767 1800 1834 4 1835 1802 1769 1801 4
1836 1803 1770 1802 5 1837 1805 1807 1804 1803
3 1838 1806 1805 5 1809 1772 1808 1839 1840
4 1841 1808 1775 1812 4 1810 1809 1840 1842
4 1811 1810 1842 1843 5 1844 1845 1814 1813
1846 4 1820 1815 1814 1847 4 1813 1778 1816
1848 4 1816 1781 1817 1849 4 1817 1783 1819
1850 4 1818 1782 1851 1852 4 1819 1818 1853
1854 4 1841 1812 1820 1847 4 1821 1788 1824
1855 4 1822 1821 1855 1856 4 1823 1811 1843
1857 4 1858 1824 1823 1857 3 1789 1822 1856
4 1825 1791 1826 1859 4 1826 1792 1827 1860
3 1833 1834 1861 4 1862 1828 1796 1830 4
1863 1829 1795 1828 4 1864 1835 1801 1829 4
1830 1797 1831 1865 4 1831 1798 1832 1866 4
1867 1832 1799 1833 4 1868 1836 1802 1835 4
1869 1837 1803 1836 5 1870 1871 1838 1805 1837
4 1872 1839 1808 1841 5 1840 1839 1873 1874
1875 4 1842 1840 1875 1876 4 1843 1842 1876
1877 6 1844 1846 1878 1879 1880 1881 4 1882
1847 1814 1845 4 1883 1882 1845 1844 4 1846
1813 1848 1884 4 1848 1816 1849 1885 4 1849
1817 1850 1886 4 1850 1819 1854 1887 4 1853
1818 1852 1888 4 1852 1851 1889 1890 4 1854
1853 1891 1892 4 1872 1841 1847 1882 4 1857
1843 1877 1893 4 1894 1858 1857 1893 4 1895
1896 1825 1859 4 1859 1826 1860 1897 3 1860
1827 1898 4 1867 1833 1861 1899 4 1900 1862
1830 1865 4 1901 1863 1828 1862 4 1902 1864
1829 1863 4 1903 1868 1835 1864 4 1865 1831
1866 1904 5 1905 1906 1866 1832 1867 4 1907
1869 1836 1868 4 1908 1870 1837 1869 4 1909
1910 1871 1870 3 1911 1912 1913 4 1914 1873
1839 1872 5 1915 1916 1917 1874 1873 4 1876
1875 1874 1918 4 1877 1876 1918 1919 4 1920
1883 1844 1881 4 1920 1881 1880 1921 4 1879
1878 1922 1923 4 1880 1879 1923 1924 4 1878
1846 1884 1925 4 1914 1872 1882 1883 4 1884
1848 1885 1926 4 1885 1849 1886 1927 4 1886
1850 1887 1928 4 1887 1854 1892 1929 4 1930
1891 1853 1888 4 1888 1852 1890 1931 4 1892
1891 1932 1933 4 1893 1877 1919 1934 4 1935
1894 1893 1934 4 1895 1859 1897 1936 4 1937
1938 1896 1895 5 1939 1897 1860 1898 1940 3
1905 1867 1899 4 1899 1861 1941 1942 4 1900
1865 1904 1943 4 1901 1862 1900 1944 4 1945
1902 1863 1901 4 1946 1903 1864 1902 4 1947
1907 1868 1903 4 1904 1866 1906 1948 4 1949
1950 1906 1905 4 1951 1908 1869 1907 4 1952
1909 1870 1908 5 1953 1911 1913 1910 1909 4
1954 1955 1912 1911 4 1956 1945 1901 1944 4
1944 1900 1943 1957 4 1958 1956 1944 1957 4
1959 1915 1873 1914 4 1917 1916 1960 1961 6
1962 1963 1964 1965 1916 1915 4 1918 1874 1917
1961 4 1919 1918 1961 1966 4 1959 1914 1883
1920 4 1959 1920 1921 1967 4 1921 1880 1924
1968 5 1922 1878 1925 1969 1970 4 1923 1922
1970 1971 4 1924 1923 1971 1972 4 1925 1884
1926 1973 4 1926 1885 1927 1974 4 1927 1886
1928 1975 4 1928 1887 1929 1976 4 1929 1892
1933 1977 4 1930 1888 1931 1978 4 1979 1932
1891 1930 4 1933 1932 1980 1981 4 1934 1919
1966 1982 4 1983 1935 1934 1982 3 1939 1940
1984 4 1937 1895 1936 1985 5 1986 1987 1936
1897 1939 4 1988 1989 1938 1937 4 1949 1905
1899 1942 3 1990 1942 1941 4 1943 1904 1948
1991 4 1992 1946 1902 1945 4 1993 1947 1903
1946 4 1994 1951 1907 1947 4 1948 1906 1950
1995 5 1996 1997 1950 1949 1990 4 1998 1952
1908 1951 4 1999 1953 1909 1952 4 2000 1954
1911 1953 4 2001 2002 1955 1954 6 2003 2004
1958 1957 1943 1991 4 2005 2006 2007 2008 4
2005 2008 2009 1992 4 2005 1992 1945 1956 4
2006 2005 1956 1958 4 1962 1915 1959 1967 4
2010 1960 1916 1965 4 1966 1961 1960 2011 4
2012 2010 1965 1964 4 1963 1962 2013 2014 4
1964 1963 2014 2015 4 1967 1921 1968 2016 5
1968 1924 1972 2017 2018 4 1969 1925 1973 2019
5 1970 1969 2020 2021 2022 4 1971 1970 2022
2023 5 1972 1971 2023 2024 2025 4 1973 1926
1974 2026 4 1974 1927 1975 2027 4 1975 1928
1976 2028 4 1976 1929 1977 2029 4 1977 1933
1981 2030 4 1979 1930 1978 2031 4 2032 1980
1932 1979 4 1981 1980 2033 2034 3 2035 2036
2037 4 1982 1966 2011 2038 5 2035 2037 1983
1982 2038 3 1986 1939 1984 3 1984 1940 2039
4 1988 1937 1985 2040 4 1985 1936 1987 2041
4 2039 2042 1987 1986 5 1996 1990 1941 1989
1988 3 1942 1990 1949 4 2003 1991 1948 1995
4 1993 1946 1992 2009 4 2043 1994 1947 1993
4 2044 1998 1951 1994 4 1995 1950 1997 2045
4 2046 2047 1997 1996 4 2048 1999 1952 1998
4 2049 2000 1953 1999 4 2050 2001 1954 2000
3 2051 2002 2001 5 2052 2007 2006 1958 2004
5 2053 2054 2055 2004 2003 4 2008 2007 2056
2057 4 2058 2009 2008 2057 4 2059 2060 2058
2057 4 2061 2059 2057 2056 5 2013 1962 1967
2016 2062 4 2063 2011 1960 2010 4 2012 1964
2015 2064 4 2065 2063 2010 2012 4 2014 2013
2062 2066 4 2015 2014 2066 2067 5 2016 1968
2018 2068 2069 4 2017 1972 2025 2070 4 2071
2018 2017 2070 4 2020 1969 2019 2072 4 2019
1973 2026 2073 4 2023 2022 2021 2074 5 2075
2076 2077 2021 2020 5 2078 2079 2024 2023 2074
4 2070 2025 2024 2080 4 2026 1974 2027 2081
4 2027 1975 2028 2082 4 2028 1976 2029 2083
4 2029 1977 2030 2084 4 2030 1981 2034 2085
4 2032 1979 2031 2086 4 2087 2033 1980 2032
4 2034 2033 2088 2089 3 2090 2036 2035 4
2038 2011 2063 2091 5 2090 2035 2038 2091 2092
3 1984 2039 1986 4 2046 1996 1988 2040 4
2040 1985 2041 2093 4 2041 1987 2042 2094 4
2053 2003 1995 2045 4 2043 1993 2009 2058 4
2095 2044 1994 2043 4 2096 2048 1998 2044 4
2045 1997 2047 2097 4 2098 2099 2047 2046 4
2100 2049 1999 2048 4 2101 2050 2000 2049 5
2102 2103 2051 2001 2050 4 2052 2004 2055 2104
5 2105 2061 2056 2007 2052 4 2054 2053 2045
2097 6 2055 2054 2106 2107 2108 2109 4 2110
2111 2112 2113 4 2110 2113 2060 2059 4 2110
2059 2061 2114 4 2115 2111 2110 2114 4 2095
2043 2058 2060 6 2062 2016 2069 2116 2117 2118
4 2065 2012 2064 2119 4 2064 2015 2067 2120
4 2091 2063 2065 2121 4 2066 2062 2118 2122
4 2067 2066 2122 2123 4 2071 2070 2080 2124
4 2125 2126 2069 2068 4 2125 2068 2018 2071
4 2075 2020 2072 2127 4 2072 2019 2073 2128
4 2073 2026 2081 2129 4 2130 2074 2021 2077
5 2131 2132 2133 2076 2075 4 2134 2130 2077
2076 5 2135 2136 2078 2074 2130 4 2137 2080
2024 2079 4 2138 2137 2079 2078 4 2081 2027
2082 2139 4 2082 2028 2083 2140 4 2083 2029
2084 2141 4 2084 2030 2085 2142 4 2085 2034
2089 2143 4 2087 2032 2086 2144 4 2145 2088
2033 2087 4 2089 2088 2146 2147 3 2148 2036
2090 4 2149 2148 2090 2092 4 2092 2091 2121
2150 4 2098 2046 2040 2093 4 2093 2041 2094
2151 3 2094 2042 2152 4 2153 2096 2044 2095
4 2154 2100 2048 2096 4 2097 2047 2099 2155
4 2156 2157 2099 2098 4 2158 2101 2049 2100
4 2159 2102 2050 2101 3 2160 2103 2102 4
2105 2052 2104 2161 4 2104 2055 2109 2162 5
2163 2115 2114 2061 2105 4 2106 2054 2097 2155
4 2108 2107 2164 2165 4 2109 2108 2165 2166
4 2167 2107 2106 2155 4 2168 2112 2111 2169
4 2170 2171 2168 2169 4 2172 2173 2170 2169
4 2172 2169 2111 2115 4 2113 2112 2174 2153
4 2113 2153 2095 2060 4 2116 2069 2126 2175
4 2122 2118 2117 2176 4 2117 2116 2175 2177
4 2121 2065 2119 2178 4 2179 2119 2064 2120
4 2120 2067 2123 2180 4 2123 2122 2176 2181
4 2125 2071 2124 2182 4 2183 2124 2080 2137
4 2126 2125 2182 2184 4 2131 2075 2127 2185
4 2127 2072 2128 2186 4 2128 2073 2129 2187
4 2129 2081 2139 2188 4 2133 2132 2189 2190
4 2191 2192 2132 2131 4 2134 2076 2133 2190
5 2193 2194 2135 2130 2134 4 2195 2138 2078
2136 4 2196 2195 2136 2135 4 2197 2183 2137
2138 4 2139 2082 2140 2198 4 2140 2083 2141
2199 4 2141 2084 2142 2200 4 2142 2085 2143
2201 4 2143 2089 2147 2202 4 2145 2087 2144
2203 4 2204 2146 2088 2145 4 2147 2146 2205
2206 4 2149 2092 2150 2207 4 2150 2121 2178
2208 4 2156 2098 2093 2151 4 2151 2094 2152
2209 4 2154 2096 2153 2174 4 2210 2158 2100
2154 4 2167 2155 2099 2157 4 2211 2212 2157
2156 4 2213 2159 2101 2158 4 2214 2160 2102
2159 4 2215 2163 2105 2161 4 2161 2104 2162
2216 5 2217 2218 2162 2109 2166 5 2219 2173
2172 2115 2163 4 2220 2164 2107 2167 4 2165
2164 2221 2222 4 2217 2166 2165 2222 4 2223
638 640 2224 4 2223 2224 2171 2170 4 2223
2170 2173 2225 4 550 638 2223 2225 4 2226
2174 2112 2168 4 2227 2226 2168 2171 4 2175
2126 2184 2228 4 2176 2117 2177 2229 4 2177
2175 2228 2230 4 2179 2120 2180 2231 4 2180
2123 2181 2232 4 2181 2176 2229 2233 4 2182
2124 2183 2234 4 2184 2182 2234 2235 4 2191
2131 2185 2236 4 2185 2127 2186 2237 4 2186
2128 2187 2238 4 2187 2129 2188 2239 4 2188
2139 2198 2240 5 2189 2132 2192 2241 2242 4
2190 2189 2242 2243 4 2244 2245 2192 2191 4
2193 2134 2190 2243 4 2194 2193 2246 2247 4
2196 2135 2194 2247 4 2248 2197 2138 2195 4
2249 2248 2195 2196 4 2250 2234 2183 2197 4
2198 2140 2199 2251 4 2199 2141 2200 2252 4
2200 2142 2201 2253 4 2201 2143 2202 2254 4
2202 2147 2206 2255 4 2204 2145 2203 2256 4
2257 2205 2146 2204 4 2206 2205 2258 2259 4
2260 2149 2207 2261 4 2207 2150 2208 2262 4
2211 2156 2151 2209 3 2263 2264 2265 4 2210
2154 2174 2226 4 2266 2213 2158 2210 4 2220
2167 2157 2212 4 2265 2267 2212 2211 4 2268
2214 2159 2213 4 2269 2215 2161 2216 4 2270
2219 2163 2215 4 2216 2162 2218 2271 6 2272
2273 2274 2275 2218 2217 5 459 550 2225 2173
2219 4 2276 2221 2164 2220 4 2222 2221 2277
2278 4 2272 2217 2222 2278 4 2224 640 737
2279 4 2227 2171 2224 2279 4 2266 2210 2226
2227 4 2228 2184 2235 2280 4 2229 2177 2230
2281 4 2230 2228 2280 2282 3 2283 2179 2231
4 2231 2180 2232 2284 4 2232 2181 2233 2285
4 2233 2229 2281 2286 4 2244 2191 2236 2287
4 2236 2185 2237 2288 4 2237 2186 2238 2289
4 2238 2187 2239 2290 4 2239 2188 2240 2291
4 2240 2198 2251 2292 6 2242 2241 2293 2294
2295 2296 4 2241 2192 2245 2297 4 2243 2242
2296 2298 4 2299 2300 2245 2244 5 2246 2193
2243 2298 2301 4 2247 2246 2301 2302 4 2249
2196 2247 2302 4 2303 2250 2197 2248 4 2304
2303 2248 2249 4 2251 2199 2252 2305 4 2252
2200 2253 2306 4 2253 2201 2254 2307 4 2254
2202 2255 2308 4 2255 2206 2259 2309 4 2257
2204 2256 2310 4 2311 2258 2205 2257 4 2259
2258 2312 2313 4 2314 2315 2260 2261 4 2261
2207 2262 2316 3 2262 2208 2317 4 2263 2265
2211 2209 4 2267 2265 2264 2318 3 2264 2263
2319 4 2320 2268 2213 2266 5 2321 2276 2220
2212 2267 5 975 1065 2322 2214 2268 4 2323
2269 2216 2271 4 2324 2270 2215 2269 4 376
459 2219 2270 4 2271 2218 2275 2325 4 2326
2273 2272 2278 4 2327 2328 2275 2274 4 2329
2327 2274 2273 3 2321 2267 2318 4 2330 2277
2221 2276 4 2331 2326 2278 2277 4 2279 737
845 2320 4 2279 2320 2266 2227 4 2281 2230
2282 2332 4 2333 2283 2231 2284 4 2284 2232
2285 2334 4 2285 2233 2286 2335 4 2286 2281
2332 2336 4 2299 2244 2287 2337 4 2287 2236
2288 2338 4 2288 2237 2289 2339 4 2289 2238
2290 2340 4 2290 2239 2291 2341 4 2291 2240
2292 2342 4 2292 2251 2305 2343 4 2294 2293
2344 2345 5 2293 2241 2297 2346 2347 4 2298
2296 2295 2348 4 2295 2294 2345 2349 4 2297
2245 2300 2350 4 2351 2352 2300 2299 5 2301
2298 2348 2353 2354 4 2302 2301 2354 2355 4
2304 2249 2302 2355 4 2356 2357 2303 2304 4
2305 2252 2306 2358 4 2306 2253 2307 2359 4
2307 2254 2308 2360 4 2308 2255 2309 2361 4
2309 2259 2313 2362 4 2311 2257 2310 2363 4
2310 2256 2364 2365 4 2366 2312 2258 2311 4
2313 2312 2367 2368 4 2369 2314 2261 2316 3
2370 2315 2314 4 2316 2262 2317 2371 4 2372
2373 2374 2370 4 2318 2264 2319 2375 4 975
2268 2320 845 5 2375 2376 2330 2276 2321 4
2377 2323 2271 2325 4 2378 2324 2269 2323 4
307 376 2270 2324 5 2379 2380 2325 2275 2328
4 2381 2329 2273 2326 4 2382 2379 2328 2327
4 2382 2327 2329 2383 3 2318 2375 2321 4
2384 2331 2277 2330 4 2385 2381 2326 2331 4
2386 2333 2284 2334 4 2387 2388 2283 2333 4
2334 2285 2335 2389 4 2335 2286 2336 2390 4
2336 2332 2391 2392 4 2393 2351 2299 2337 4
2337 2287 2338 2394 4 2338 2288 2339 2395 4
2339 2289 2340 2396 4 2340 2290 2341 2397 4
2341 2291 2342 2398 4 2342 2292 2343 2399 4
2343 2305 2358 2400 4 2345 2344 2401 2402 4
2403 2344 2293 2347 4 2404 2403 2347 2346 4
2346 2297 2350 2405 4 2348 2295 2349 2406 4
2349 2345 2402 2407 4 2350 2300 2352 2408 4
2409 2410 2352 2351 5 2411 2412 2353 2348 2406
4 2355 2354 2353 2413 4 2356 2304 2355 2413
4 2414 2415 2357 2356 4 2358 2306 2359 2416
4 2359 2307 2360 2417 4 2360 2308 2361 2418
4 2361 2309 2362 2419 4 2362 2313 2368 2420
4 2366 2311 2363 2421 4 2363 2310 2365 2422
4 2365 2364 2423 2424 4 2425 2367 2312 2366
4 2368 2367 2426 2427 4 2428 2369 2316 2371
4 2372 2370 2314 2369 3 2429 2430 2431 3
2432 2374 2373 4 2433 2434 2373 2372 3 2384
2330 2376 4 212 2377 2325 2380 4 2378 2323
2377 304 4 303 307 2324 2378 4 2435 2436
2380 2379 6 2435 2379 2382 2383 2437 2438 4
2439 2383 2329 2381 4 2385 2331 2384 2440 4
2441 2439 2381 2385 4 2442 2386 2334 2389 4
2443 2387 2333 2386 3 2444 2388 2387 4 2389
2335 2390 2445 4 2390 2336 2392 2446 4 2392
2391 2447 2448 4 2393 2337 2394 2449 4 2450
2409 2351 2393 4 2394 2338 2395 2451 4 2395
2339 2396 2452 4 2396 2340 2397 2453 4 2397
2341 2398 2454 4 2398 2342 2399 2455 4 2399
2343 2400 2456 4 2400 2358 2416 2457 4 2402
2401 2458 2459 4 2460 2401 2344 2403 6 2404
2346 2405 2461 2462 2463 4 2460 2403 2404 2463
4 2405 2350 2408 2464 4 2406 2349 2407 2465
4 2407 2402 2459 2466 4 2408 2352 2410 2467
4 2468 2469 2410 2409 5 2470 2411 2406 2465
2471 4 2472 2413 2353 2412 4 2473 2472 2412
2411 4 2414 2356 2413 2472 4 2474 2475 2415
2414 4 2416 2359 2417 2476 4 2417 2360 2418
2477 4 2418 2361 2419 2478 4 2419 2362 2420
2479 4 2420 2368 2427 2480 4 2425 2366 2421
2481 4 2421 2363 2422 2482 4 2422 2365 2424
2483 4 2484 2426 2367 2425 4 2427 2426 2485
2486 3 2428 2371 2487 4 2433 2372 2369 2428
3 2488 2429 2431 3 2489 2430 2429 4 2432
2373 2434 2490 4 2491 2492 2434 2433 4 303
2378 304 239 4 155 212 2380 2436 4 211
304 2377 212 4 2493 2494 2436 2435 5 2493
2435 2438 2495 2496 4 2437 2383 2439 2497 4
2438 2437 2497 2498 4 2441 2385 2440 2499 4
2497 2439 2441 2500 4 2501 2442 2389 2445 4
2502 2443 2386 2442 4 2503 2444 2387 2443 4
2445 2390 2446 2504 4 2446 2392 2448 2505 4
2506 2507 2448 2447 4 2450 2393 2449 2508 4
2449 2394 2451 2509 4 2510 2468 2409 2450 4
2451 2395 2452 2511 4 2452 2396 2453 2512 4
2453 2397 2454 2513 4 2454 2398 2455 2514 4
2455 2399 2456 2515 4 2456 2400 2457 2516 4
2457 2416 2476 2517 4 2518 2458 2401 2460 4
2459 2458 2519 2520 4 2521 2522 2463 2462 4
2521 2462 2461 2523 4 2461 2405 2464 2524 4
2518 2460 2463 2522 4 2464 2408 2467 2525 4
2465 2407 2466 2526 4 2466 2459 2520 2527 4
2467 2410 2469 2528 4 2529 2530 2469 2468 4
2470 2471 2531 2532 4 2473 2411 2470 2532 5
2471 2465 2526 2533 2534 4 2474 2414 2472 2473
4 2506 2447 2475 2474 4 2476 2417 2477 2535
4 2477 2418 2478 2536 4 2478 2419 2479 2537
4 2479 2420 2480 2538 4 2480 2427 2486 2539
4 2484 2425 2481 2540 4 2481 2421 2482 2541
4 2482 2422 2483 2542 4 2543 2485 2426 2484
4 2486 2485 2544 2545 4 2491 2433 2428 2487
3 2546 2547 2548 4 2488 2431 2432 2490 3
2489 2429 2488 5 2549 2430 2489 2550 2551 4
2490 2434 2492 2552 4 2553 2554 2492 2491 4
109 155 2436 2494 4 2555 2556 2494 2493 4
2555 2493 2496 2557 4 2495 2438 2498 2558 4
2496 2495 2558 2559 4 2498 2497 2500 2560 3
2561 2562 2563 5 2500 2441 2499 2561 2563 3
2564 2565 2566 4 2567 2501 2445 2504 4 2568
2502 2442 2501 4 2569 2503 2443 2502 4 2564
2566 2444 2503 4 2504 2446 2505 2570 4 2505
2448 2507 2571 4 2532 2531 2507 2506 4 2510
2450 2508 2572 4 2508 2449 2509 2573 4 2509
2451 2511 2574 4 2575 2529 2468 2510 4 2511
2452 2512 2576 4 2512 2453 2513 2577 4 2513
2454 2514 2578 4 2514 2455 2515 2579 4 2515
2456 2516 2580 4 2516 2457 2517 2581 4 2517
2476 2535 2582 4 2583 2519 2458 2518 5 2520
2519 2584 2585 2586 4 2587 2588 2522 2521 4
2589 2587 2521 2523 6 2590 2589 2523 2461 2524
2591 4 2524 2464 2525 2592 4 2583 2518 2522
2588 4 2525 2467 2528 2593 4 2526 2466 2527
2594 5 2527 2520 2586 2595 2596 4 2528 2469
2530 2597 4 2598 2530 2529 2599 4 2600 2531
2471 2534 4 2532 2506 2474 2473 5 2601 2602
2533 2526 2594 4 2603 2600 2534 2533 4 2535
2477 2536 2604 4 2536 2478 2537 2605 4 2537
2479 2538 2606 4 2538 2480 2539 2607 4 2539
2486 2545 2608 4 2543 2484 2540 2609 4 2540
2481 2541 2610 4 2541 2482 2542 2611 4 2542
2483 2612 2613 4 2614 2544 2485 2543 4 2545
2544 2615 2616 5 2617 2618 2619 2598 2599 3
2553 2491 2487 4 2620 2546 2548 2621 3 2548
2547 2622 4 2547 2546 2549 2551 5 2550 2489
2488 2490 2552 4 2551 2550 2623 2624 4 2552
2492 2554 2625 3 2554 2553 2626 4 75 109
2494 2556 4 2627 2628 2556 2555 4 2629 2627
2555 2557 5 2630 2631 2557 2496 2559 4 2558
2498 2560 2632 4 2630 2559 2558 2632 3 2563
2562 2633 5 2560 2500 2563 2633 2634 3 2562
2561 2635 3 2636 2565 2564 3 2637 2566 2565
4 2567 2504 2570 2638 4 2639 2568 2501 2567
4 2640 2569 2502 2568 5 2641 2636 2564 2503
2569 4 2642 2570 2505 2571 4 2571 2507 2531
2600 4 2575 2510 2572 2643 4 2572 2508 2573
2644 4 2573 2509 2574 2645 4 2574 2511 2576
2646 4 2617 2599 2529 2575 4 2576 2512 2577
2647 4 2577 2513 2578 2648 4 2578 2514 2579
2649 4 2579 2515 2580 2650 4 2580 2516 2581
2651 4 2581 2517 2582 2652 4 2582 2535 2604
2653 5 2654 2655 2584 2519 2583 4 2656 2657
2586 2585 4 2658 2656 2585 2584 4 2659 2660
2588 2587 4 2661 2659 2587 2589 4 2590 2591
2662 2663 4 2661 2589 2590 2663 4 2591 2524
2592 2664 4 2592 2525 2593 2665 4 2654 2583
2588 2660 4 2593 2528 2597 2666 5 2594 2527
2596 2667 2668 4 2595 2586 2657 2669 4 2596
2595 2669 2670 4 2671 2597 2530 2598 5 2601
2594 2668 2672 2673 4 2674 2603 2533 2602 4
2675 2674 2602 2601 4 2642 2571 2600 2603 4
2604 2536 2605 2676 4 2605 2537 2606 2677 4
2606 2538 2607 2678 4 2607 2539 2608 2679 4
2608 2545 2616 2680 4 2614 2543 2609 2681 4
2609 2540 2610 2682 4 2610 2541 2611 2683 4
2611 2542 2613 2684 4 2613 2612 2685 2686 4
2687 2615 2544 2614 4 2616 2615 2688 2689 5
2690 2671 2598 2619 2691 5 2692 2693 2694 2618
2617 5 2695 2696 2690 2691 2697 4 2698 2620
2621 2699 4 2621 2548 2622 2700 5 2622 2547
2551 2624 2701 4 2623 2550 2552 2625 4 2624
2623 2702 2703 4 2625 2554 2626 2704 4 50
75 2556 2628 4 2705 2706 2628 2627 4 2707
2629 2557 2631 4 2708 2705 2627 2629 6 2709
2710 2711 2712 2631 2630 4 2632 2560 2634 2713
4 2709 2630 2632 2713 3 2633 2562 2635 5
2634 2633 2635 2714 2715 3 2637 2565 2636 4
2716 2639 2567 2638 4 2717 2638 2570 2642 3
2640 2568 2639 4 2641 2569 2640 2718 5 2719
2720 2637 2636 2641 4 2692 2617 2575 2643 4
2643 2572 2644 2721 4 2644 2573 2645 2722 4
2645 2574 2646 2723 4 2646 2576 2647 2724 4
2647 2577 2648 2725 4 2648 2578 2649 2726 4
2649 2579 2650 2727 4 2650 2580 2651 2728 4
2651 2581 2652 2729 4 2652 2582 2653 2730 4
2653 2604 2676 2731 4 2732 2658 2584 2655 4
2733 2732 2655 2654 4 2734 2735 2657 2656 4
2736 2734 2656 2658 4 2737 2738 2660 2659 4
2739 2737 2659 2661 4 2740 2741 2663 2662 6
2740 2662 2591 2664 2742 2743 4 2739 2661 2663
2741 4 2664 2592 2665 2744 4 2745 2665 2593
2666 6 2733 2654 2660 2738 2746 2747 4 2666
2597 2671 2690 4 2667 2596 2670 2748 4 2668
2667 2748 2749 4 2669 2657 2735 2750 4 2670
2669 2750 2751 4 2752 2675 2601 2673 7 2753
2754 2755 2756 2672 2668 2749 4 2757 2752 2673
2672 4 2717 2642 2603 2674 4 2717 2674 2675
2758 4 2676 2605 2677 2759 4 2677 2606 2678
2760 4 2678 2607 2679 2761 4 2679 2608 2680
2762 4 2680 2616 2689 2763 4 2764 2687 2614
2681 4 2681 2609 2682 2765 4 2682 2610 2683
2766 4 2683 2611 2684 2767 4 2684 2613 2686
2768 4 2689 2688 2769 2770 4 2693 2692 2643
2721 5 2771 2772 2773 2694 2693 5 2774 2775
2695 2697 2776 4 2696 2695 2777 2745 4 2696
2745 2666 2690 3 2778 2698 2699 5 2699 2621
2700 2779 2780 4 2700 2622 2701 2781 4 2701
2624 2703 2782 4 2702 2623 2625 2704 4 2703
2702 2783 2784 4 2704 2626 2785 2786 4 25
50 2628 2706 4 2787 2788 2706 2705 4 2707
2631 2712 2789 4 2790 2708 2629 2707 4 2791
2787 2705 2708 4 2792 2710 2709 2713 4 2711
2710 2793 2794 4 2712 2711 2794 2795 4 2792
2713 2634 2715 3 2715 2714 2796 4 2716 2638
2717 2758 4 2719 2641 2718 2797 3 2798 2720
2719 4 2721 2644 2722 2799 4 2722 2645 2723
2800 4 2723 2646 2724 2801 4 2724 2647 2725
2802 4 2725 2648 2726 2803 4 2726 2649 2727
2804 4 2727 2650 2728 2805 4 2728 2651 2729
2806 4 2729 2652 2730 2807 4 2730 2653 2731
2808 4 2731 2676 2759 2809 4 2810 2736 2658
2732 4 2810 2732 2733 2747 4 2811 2812 2735
2734 4 2813 2811 2734 2736 5 2814 2815 2816
2738 2737 4 2817 2814 2737 2739 4 2818 2819
2741 2740 4 2820 2818 2740 2743 4 2820 2743
2742 2821 4 2742 2664 2744 2822 4 2817 2739
2741 2819 4 2744 2665 2745 2777 4 2746 2738
2816 2823 4 2747 2746 2823 2824 4 2748 2670
2751 2825 4 2753 2749 2748 2825 4 2750 2735
2812 2826 4 2751 2750 2826 2827 4 2828 2758
2675 2752 4 2829 2830 2755 2754 4 2831 2757
2672 2756 4 2832 2829 2754 2753 4 2833 2831
2756 2755 4 2834 2828 2752 2757 4 2759 2677
2760 2835 4 2760 2678 2761 2836 4 2761 2679
2762 2837 4 2762 2680 2763 2838 4 2763 2689
2770 2839 4 2840 2764 2681 2765 4 2765 2682
2766 2841 4 2766 2683 2767 2842 4 2767 2684
2768 2843 4 2819 2818 2844 2845 4 2817 2819
2845 2846 4 2771 2693 2721 2799 5 2847 2773
2772 2848 2849 4 2850 2772 2771 2799 5 2851
2852 2774 2776 2853 4 2775 2774 2854 2855 4
2777 2695 2775 2855 4 2856 2778 2699 2780 3
2779 2700 2781 3 2780 2779 2857 4 2781 2701
2782 2858 4 2782 2703 2784 2859 4 2783 2702
2704 2786 4 2784 2783 2860 2861 4 2786 2785
2862 2863 4 2788 2864 7 26 4 25 2706
2788 26 4 2865 2864 2788 2787 4 2790 2707
2789 2866 5 2867 2868 2789 2712 2795 4 2869
2791 2708 2790 4 2870 2865 2787 2791 4 2871
2793 2710 2792 4 2794 2793 2872 2873 4 2867
2795 2794 2873 4 2871 2792 2715 2796 4 2874
2716 2758 2828 3 2798 2719 2797 4 2850 2799
2722 2800 4 2800 2723 2801 2875 4 2801 2724
2802 2876 4 2802 2725 2803 2877 4 2803 2726
2804 2878 4 2804 2727 2805 2879 4 2805 2728
2806 2880 4 2806 2729 2807 2881 4 2807 2730
2808 2882 4 2808 2731 2809 2883 4 2809 2759
2835 2884 4 2885 2813 2736 2810 4 2885 2810
2747 2824 4 2886 2887 2812 2811 4 2888 2886
2811 2813 4 2823 2816 2815 2889 5 2890 2891
2892 2815 2814 4 2890 2814 2817 2846 4 2893
2844 2818 2820 4 2894 2893 2820 2821 5 2895
2894 2821 2742 2822 4 2822 2744 2777 2855 4
2824 2823 2889 2896 4 2825 2751 2827 2897 4
2832 2753 2825 2897 4 2826 2812 2887 2898 4
2827 2826 2898 2899 4 2900 2833 2755 2830 4
2901 2902 2830 2829 4 2903 2834 2757 2831 4
2904 2901 2829 2832 4 2905 2903 2831 2833 4
2906 2874 2828 2834 4 2835 2760 2836 2907 4
2836 2761 2837 2908 4 2837 2762 2838 2909 4
2838 2763 2839 2910 4 2911 2840 2765 2841 4
2841 2766 2842 2912 4 2842 2767 2843 2913 4
2843 2768 2914 2915 4 2916 2917 2918 2919 4
2845 2844 2916 2919 4 2919 2918 2920 2921 4
2846 2845 2919 2921 5 2922 2847 2849 2923 2924
4 2848 2772 2850 2925 4 2849 2848 2925 2926
6 2927 2928 2929 2930 2868 2867 5 2931 2851
2853 47 46 4 2932 2854 2774 2852 4 2933
2932 2852 2851 4 2895 2822 2855 2854 3 2856
2780 2857 5 2857 2779 2781 2858 2934 4 2858
2782 2859 2935 4 2859 2784 2861 2936 4 2860
2783 2786 2863 4 2861 2860 2937 2938 4 2863
2862 2939 2940 4 2871 2796 2941 2942 4 2943
2944 2945 2946 4 8 7 2864 2943 4 9
8 2943 2946 4 2944 2943 2864 2865 4 2947
2869 2790 2866 4 2948 2866 2789 2868 4 2949
2870 2791 2869 4 2944 2865 2870 2950 4 2872
2793 2871 2942 4 2873 2872 2951 2952 4 2927
2867 2873 2952 4 2925 2850 2800 2875 4 2875
2801 2876 2953 4 2876 2802 2877 2954 4 2877
2803 2878 2955 4 2878 2804 2879 2956 4 2879
2805 2880 2957 4 2880 2806 2881 2958 4 2881
2807 2882 2959 4 2882 2808 2883 2960 4 2883
2809 2884 2961 4 2884 2835 2907 2962 4 2963
2888 2813 2885 4 2963 2885 2824 2896 3 2964
2886 2888 4 2965 2889 2815 2892 5 2966 2967
2968 2891 2890 4 2969 2965 2892 2891 4 2966
2890 2846 2921 4 2970 2916 2844 2893 4 2971
2970 2893 2894 5 2971 2894 2895 2972 2973 4
2896 2889 2965 2974 4 2897 2827 2899 2975 4
2904 2832 2897 2975 4 2976 2900 2830 2902 4
2977 2905 2833 2900 4 2978 2979 2902 2901 4
2980 2906 2834 2903 4 2981 2978 2901 2904 4
2982 2980 2903 2905 4 2907 2836 2908 2983 4
2908 2837 2909 2984 4 2909 2838 2910 2985 4
2986 2911 2841 2912 4 2912 2842 2913 2987 4
2988 2913 2843 2915 4 2915 2914 2989 2990 4
2991 2992 2993 2994 4 2918 2917 2991 2994 4
2995 2920 2918 2994 4 2995 2994 2993 2996 4
2997 2917 2916 2970 4 2998 2966 2921 2920 4
2997 2970 2971 2973 5 2999 3000 3001 2922 2924
4 2923 2849 2926 3002 4 2924 2923 3002 3003
4 2926 2925 2875 2953 4 3004 3005 3006 3007
4 3008 2938 3004 3007 4 2929 2928 3008 3007
4 2930 2929 3007 3006 6 3009 3010 2948 2868
2930 3011 4 3012 2928 2927 2952 4 2931 46
72 3013 4 2933 2851 2931 3013 4 2972 2895
2854 2932 4 2972 2932 2933 3014 4 3015 3016
3017 3018 4 3015 3018 3019 2998 4 3015 2998
2920 2995 4 3016 3015 2995 2996 5 3020 2967
2966 2998 3019 5 2942 2941 2856 2857 2934 4
2934 2858 2935 2951 4 2935 2859 2936 3012 4
2936 2861 2938 3008 4 2937 2860 2863 2940 4
3004 2938 2937 3021 4 2940 2939 3022 3023 4
2946 2945 3024 3025 4 3025 3026 51 27 4
9 2946 3025 27 4 3027 3026 3025 3024 4
2945 2944 2950 3028 6 3029 3030 3031 2947 2866
2948 6 3032 3033 3034 2949 2869 2947 5 2950
2870 2949 3035 3036 4 2942 2934 2951 2872 4
2951 2935 3012 2952 4 2953 2876 2954 3037 4
2954 2877 2955 3038 4 2955 2878 2956 3039 4
2956 2879 2957 3040 4 2957 2880 2958 3041 4
2958 2881 2959 3042 4 2959 2882 2960 3043 4
2960 2883 2961 3044 4 2961 2884 2962 3045 4
2962 2907 2983 3046 4 3047 2964 2888 2963 4
3047 2963 2896 2974 4 3048 2969 2891 2968 4
3049 3048 2968 2967 4 2974 2965 2969 3050 5
2973 2972 3014 3051 3052 4 2975 2899 3053 3054
4 2981 2904 2975 3054 4 3055 2976 2902 2979
4 3056 2977 2900 2976 4 3022 2982 2905 2977
4 3057 3058 2979 2978 4 3059 3057 2978 2981
4 2983 2908 2984 3060 4 2984 2909 2985 3061
4 3062 2986 2912 2987 4 3063 2988 2915 2990
4 2993 2992 3064 3065 4 3066 2996 2993 3065
4 3067 3068 3066 3065 4 3069 3067 3065 3064
4 3070 3071 2992 2991 4 3070 2991 2917 2997
4 3070 2997 2973 3052 4 3071 3070 3052 3051
4 2999 2924 3003 3072 5 3073 3074 3075 3001
3000 4 3000 2999 3072 3076 4 3002 2926 2953
3037 4 3077 3003 3002 3037 4 3078 3058 3079
3080 4 3006 3005 3078 3080 4 3080 3079 3009
3011 4 3006 3080 3011 2930 4 3005 3004 3021
3081 4 2928 3012 2936 3008 4 3055 2979 3058
3078 4 3055 3078 3005 3081 4 3056 2976 3055
3081 4 3021 2937 2940 3023 4 3056 3081 3021
3023 4 3082 3083 3084 3085 4 3029 2948 3010
3082 4 3030 3029 3082 3085 4 3083 3082 3010
3009 4 3086 3017 3087 3088 4 3028 3089 3086
3088 4 3024 2945 3028 3088 4 3027 3024 3088
3087 4 3013 72 106 3090 4 3014 2933 3013
3090 6 3091 3092 3093 3094 3019 3018 4 3091
3018 3017 3086 4 3095 3096 3097 3098 4 3095
3098 3093 3092 4 3095 3092 3091 3099 4 3100
3096 3095 3099 6 3101 3100 3099 3091 3086 3089
4 3102 3103 3104 3049 4 3020 3019 3094 3102
4 3020 3102 3049 2967 4 3103 3102 3094 3093
4 3087 3017 3016 3105 4 3106 3027 3087 3105
4 3105 3016 2996 3066 4 3106 3105 3066 3068
4 3022 2977 3056 3023 4 3107 76 51 3026
4 3107 3026 3027 3106 4 3107 3106 3068 3108
4 110 76 3107 3108 5 3089 3028 2950 3036
3109 4 3031 3030 3110 3111 4 3032 2947 3031
3111 4 3112 3035 2949 3034 4 3112 3034 3033
3113 4 3114 3033 3032 3111 4 3036 3035 3112
3115 4 3077 3037 2954 3038 4 3038 2955 3039
3116 4 3039 2956 3040 3117 4 3040 2957 3041
3118 4 3041 2958 3042 3119 4 3042 2959 3043
3120 4 3043 2960 3044 3121 4 3044 2961 3045
3122 4 3045 2962 3046 3123 4 3046 2983 3060
3124 4 3125 3126 2964 3047 4 3125 3047 2974
3050 4 3127 3050 2969 3048 4 3127 3048 3049
3104 5 3128 3051 3014 3090 3129 3 3054 3053
3130 4 3059 2981 3054 3130 4 3131 3079 3058
3057 4 3131 3057 3059 3132 4 3060 2984 3061
3133 4 3061 2985 3134 3135 4 3064 2992 3071
3136 4 3137 3108 3068 3067 4 3138 3069 3064
3136 4 3137 3067 3069 3139 4 3137 3139 213
156 4 110 3108 3137 156 4 3128 3129 3138
3136 4 3051 3128 3136 3071 4 3072 3003 3077
3140 4 3073 3000 3076 3141 5 3142 3143 3144
3075 3074 4 3074 3073 3141 3145 4 3076 3072
3140 3146 4 3083 3009 3079 3131 4 3085 3084
3147 3148 4 3110 3030 3085 3148 4 3084 3083
3131 3132 5 3129 3090 106 151 3149 4 3150
3115 3151 3152 4 3101 3089 3109 3150 4 3100
3101 3150 3152 4 3036 3115 3150 3109 4 3098
3097 3153 3154 4 3103 3093 3098 3154 4 3155
3156 3097 3096 4 3155 3096 3100 3152 4 3104
3103 3154 3157 4 3151 3115 3112 3113 4 3158
3114 3111 3110 4 3113 3033 3114 3159 4 3140
3077 3038 3116 4 3116 3039 3117 3160 4 3117
3040 3118 3161 4 3118 3041 3119 3162 4 3119
3042 3120 3163 4 3120 3043 3121 3164 4 3121
3044 3122 3165 4 3122 3045 3123 3166 4 3123
3046 3124 3167 4 3124 3060 3133 3168 4 3169
3170 3126 3125 4 3169 3125 3050 3127 4 3169
3127 3104 3157 4 3132 3059 3130 3171 4 3133
3061 3135 3172 4 3135 3134 3173 3174 4 3139
3069 3138 3175 4 210 213 3139 3175 4 3175
3138 3129 3149 4 210 3175 3149 151 4 3141
3076 3146 3176 4 3142 3074 3145 3177 5 3178
3179 3180 3144 3143 4 3143 3142 3177 3181 4
3145 3141 3176 3182 4 3146 3140 3116 3160 4
3183 3158 3110 3148 4 3184 3183 3148 3147 4
3147 3084 3132 3171 4 3157 3154 3153 3185 4
3186 3187 3156 3155 4 3186 3155 3152 3151 4
3153 3097 3156 3188 4 3186 3151 3113 3159 4
3159 3114 3158 3189 4 3160 3117 3161 3190 4
3161 3118 3162 3191 4 3162 3119 3163 3192 4
3163 3120 3164 3193 4 3164 3121 3165 3194 4
3165 3122 3166 3195 4 3166 3123 3167 3196 4
3167 3124 3168 3197 4 3168 3133 3172 3198 4
3170 3169 3157 3185 3 3184 3147 3171 3 3183
3184 3199 4 3172 3135 3174 3200 4 3176 3146
3160 3190 4 3177 3145 3182 3201 4 3178 3143
3181 3202 5 3203 3204 3205 3180 3179 4 3179
3178 3202 3206 4 3181 3177 3201 3207 4 3208
3182 3176 3190 4 3187 3186 3159 3189 4 3189
3158 3183 3199 3 3185 3153 3188 4 3209 3188
3156 3187 4 3208 3190 3161 3191 4 3191 3162
3192 3210 4 3192 3163 3193 3211 4 3193 3164
3194 3212 4 3194 3165 3195 3213 4 3195 3166
3196 3214 4 3196 3167 3197 3215 4 3197 3168
3198 3216 4 3198 3172 3200 3217 4 3201 3182
3208 3218 4 3202 3181 3207 3219 4 3203 3179
3206 3220 5 3221 3222 3223 3205 3204 4 3204
3203 3220 3224 4 3206 3202 3219 3225 4 3207
3201 3218 3226 4 3209 3187 3189 3199 4 3218
3208 3191 3210 4 3210 3192 3211 3227 4 3211
3193 3212 3228 4 3212 3194 3213 3229 4 3213
3195 3214 3230 4 3214 3196 3215 3231 4 3215
3197 3216 3232 4 3216 3198 3217 3233 4 3219
3207 3226 3234 4 3220 3206 3225 3235 4 3221
3204 3224 3236 4 3237 3222 3221 3236 4 3224
3220 3235 3238 4 3225 3219 3234 3239 4 3226
3218 3210 3227 4 3227 3211 3228 3240 4 3228
3212 3229 3241 4 3229 3213 3230 3242 4 3230
3214 3231 3243 4 3231 3215 3232 3244 4 3232
3216 3233 3245 4 3234 3226 3227 3240 4 3235
3225 3239 3246 4 3236 3224 3238 3247 4 3248
3237 3236 3247 4 3238 3235 3246 3249 4 3250
3239 3234 3240 4 3250 3240 3228 3241 4 3241
3229 3242 3251 4 3242 3230 3243 3252 4 3243
3231 3244 3253 4 3244 3232 3245 3254 3 3255
3256 3257 3 3258 3259 3260 4 3246 3239 3250
3261 4 3247 3238 3249 3262 4 3263 3248 3247
3262 4 3249 3246 3261 3264 4 3261 3250 3241
3251 4 3251 3242 3252 3265 4 3266 3252 3243
3253 4 3253 3244 3254 3267 4 3268 3255 3257
3269 4 3270 3258 3260 3271 4 3272 3273 3256
3255 5 3257 3256 3274 3259 3258 4 3262 3249
3264 3275 4 3276 3263 3262 3275 4 3264 3261
3251 3265 4 3266 3253 3267 3277 4 3265 3252
3266 3278 3 3268 3269 3279 3 3270 3271 3280
4 3281 3272 3255 3268 4 3269 3257 3258 3270
4 3282 3283 3259 3274 3 3284 3273 3272 4
3274 3256 3273 3285 4 3275 3264 3265 3278 4
3286 3276 3275 3278 4 3286 3278 3266 3277 4
3281 3268 3279 3287 5 3279 3269 3270 3280 3288
4 3289 3284 3272 3281 4 3290 3282 3274 3285
4 3291 3285 3273 3284 3 3289 3281 3287 4
3287 3279 3288 3292 4 3293 3291 3284 3289 4
3293 3289 3287 3292 5 3294 3295 3296 3297 3298
5 3299 3300 3301 3302 3303 5 3304 3305 3294
3298 3306 5 3307 186 185 3297 3296 4 3308
3309 3296 3295 4 3310 3308 3295 3294 5 3311
3312 3304 3306 3313 4 3299 3303 3314 3315 5
3316 3317 3318 3301 3300 4 3300 3299 3315 3319
4 3320 3310 3294 3305 4 3321 3320 3305 3304
4 3307 3296 3309 3322 4 244 186 3307 3322
4 3323 3324 3309 3308 4 3325 3323 3308 3310
5 3326 3311 3313 3327 3328 4 3329 3321 3304
3312 4 3330 3329 3312 3311 4 3315 3314 3331
3332 4 3316 3300 3319 3333 5 3334 3318 3317
3335 3336 4 3317 3316 3333 3337 4 3319 3315
3332 3338 4 3339 3325 3310 3320 4 3340 3339
3320 3321 4 3322 3309 3324 3341 4 312 244
3322 3341 4 3342 3343 3344 3345 4 3323 3325
3346 3342 4 3324 3323 3342 3345 4 3326 3328
3347 3348 4 3330 3311 3326 3348 5 3328 3327
3349 3350 3351 4 3352 3340 3321 3329 5 3353
3354 3352 3329 3330 5 3355 3334 3336 3356 3357
5 3332 3331 3358 3359 3360 4 3333 3319 3338
3361 4 3335 3317 3337 3362 4 3336 3335 3362
3363 4 3337 3333 3361 3364 5 3338 3332 3360
3365 3366 4 3339 3340 3367 3368 4 3346 3325
3339 3368 4 3345 3344 579 3369 4 3369 384
312 3341 4 3324 3345 3369 3341 6 3344 3343
3370 3371 3372 3373 5 3374 3375 3343 3342 3346
4 3376 3377 3378 3379 4 3376 3379 3380 3381
4 3382 3383 3377 3376 4 3384 3382 3376 3381
5 3348 3347 3385 3386 3387 4 3388 3347 3328
3351 5 3353 3330 3348 3387 3389 5 3390 3391
3350 3349 3392 4 3393 3388 3351 3350 5 3394
3355 3357 3395 3396 6 3397 3398 3399 3367 3340
3352 4 3354 3353 3400 3401 4 3397 3352 3354
3401 4 3356 3336 3363 3402 4 3357 3356 3402
3403 4 3359 3358 3404 3405 4 3360 3359 3405
3406 5 3361 3338 3366 3407 3408 4 3362 3337
3364 3409 4 3363 3362 3409 3410 5 3364 3361
3408 3411 3412 4 3413 3414 3366 3365 4 3413
3365 3360 3406 6 3368 3367 3415 3416 3417 3418
5 3374 3346 3368 3418 3419 5 580 579 3344
3373 3420 4 384 3369 579 469 4 3421 3422
3373 3372 4 3370 3343 3375 3423 4 3424 3421
3372 3371 4 3371 3370 3423 3425 4 3426 3423
3375 3374 4 3427 3428 3378 3377 7 3429 3430
3384 3381 3380 3431 3432 4 3433 3427 3377 3383
4 3434 3435 3383 3382 4 3436 3434 3382 3384
4 3437 3438 3429 3432 4 3386 3385 3439 3440
4 3387 3386 3440 3441 4 3442 3385 3347 3388
4 3443 3400 3353 3389 4 3443 3389 3387 3441
5 3444 3445 3390 3392 3446 4 3447 3393 3350
3391 4 3448 3447 3391 3390 4 3449 3442 3388
3393 5 3450 3394 3396 3451 3452 4 3395 3357
3403 3453 4 3396 3395 3453 3454 4 3455 3398
3397 3401 4 3456 3415 3367 3399 4 3457 3456
3399 3398 4 3458 3455 3401 3400 4 3402 3363
3410 3459 4 3403 3402 3459 3460 4 3405 3404
3461 3462 4 3406 3405 3462 3463 4 3407 3366
3414 3464 4 3408 3407 3464 3465 5 3409 3364
3412 3466 3467 5 3410 3409 3467 3468 3469 4
3470 3471 3412 3411 4 3470 3411 3408 3465 4
3472 3473 3414 3413 4 3472 3413 3406 3463 4
3474 3475 3418 3417 4 3476 3416 3415 3456 4
3477 3474 3417 3416 4 3478 3426 3374 3419 4
3478 3419 3418 3475 4 3479 673 580 3420 4
3479 3420 3373 3422 4 3480 3481 3422 3421 4
3424 3371 3425 3482 4 3483 3480 3421 3424 4
3484 3425 3423 3426 4 3485 3486 3428 3427 4
3437 3432 3431 3487 4 3430 3429 3488 3489 4
3436 3384 3430 3489 4 3490 3433 3383 3435 4
3491 3485 3427 3433 4 3492 3493 3435 3434 4
3494 3492 3434 3436 4 3495 3488 3429 3438 4
3496 3497 3438 3437 6 3439 3385 3442 3498 3499
3500 4 3440 3439 3500 3501 4 3441 3440 3501
3502 5 3503 3504 3458 3400 3443 5 3505 3503
3443 3441 3502 5 3444 3446 3506 3507 3508 4
3509 3448 3390 3445 4 3510 3509 3445 3444 4
3511 3449 3393 3447 4 3512 3511 3447 3448 4
3513 3498 3442 3449 5 3507 3514 3450 3452 3515
4 3451 3396 3454 3516 4 3452 3451 3516 3517
4 3453 3403 3460 3518 4 3454 3453 3518 3519
4 3520 3457 3398 3455 4 3521 3476 3456 3457
6 3522 3523 3524 3520 3455 3458 5 3459 3410
3469 3525 3526 4 3460 3459 3526 3527 4 3462
3461 3528 3529 4 3463 3462 3529 3530 4 3464
3414 3473 3531 4 3465 3464 3531 3532 4 3533
3534 3467 3466 4 3533 3466 3412 3471 4 3535
3536 3469 3468 4 3535 3468 3467 3534 4 3537
3538 3471 3470 4 3537 3470 3465 3532 4 3539
3540 3473 3472 4 3539 3472 3463 3530 4 3541
3542 3475 3474 4 3543 3477 3416 3476 4 3544
3541 3474 3477 4 3545 3484 3426 3478 4 3545
3478 3475 3542 5 3546 3547 770 673 3479 5
3548 3546 3479 3422 3481 6 3549 3550 3551 3552
3481 3480 4 3483 3424 3482 3553 4 3554 3482
3425 3484 5 3555 3556 3549 3480 3483 4 3529
3528 3486 3485 4 3496 3437 3487 3557 4 3489
3488 3558 3559 4 3494 3436 3489 3559 4 3560
3490 3435 3493 4 3491 3433 3490 3561 4 3530
3529 3485 3491 4 3562 3563 3493 3492 4 3564
3562 3492 3494 4 3565 3495 3438 3497 4 3566
3558 3488 3495 4 3567 3568 3497 3496 4 3569
3570 3500 3499 4 3571 3569 3499 3498 4 3501
3500 3570 3572 6 3502 3501 3572 3573 3574 3575
4 3576 3522 3458 3504 4 3577 3576 3504 3503
4 3505 3502 3575 3578 4 3577 3503 3505 3578
4 3579 3510 3444 3508 4 3579 3508 3507 3515
4 3580 3512 3448 3509 4 3581 3580 3509 3510
4 3582 3513 3449 3511 4 3582 3511 3512 3583
6 3584 3585 3586 3571 3498 3513 4 3579 3515
3452 3517 4 3587 3584 3513 3582 4 3516 3454
3519 3588 4 3517 3516 3588 3581 4 3587 3582
3583 3589 4 3518 3460 3527 3590 4 3591 3519
3518 3590 4 3589 3591 3590 3592 4 3587 3589
3592 3593 5 3594 3595 3521 3457 3520 4 3596
3543 3476 3521 4 3597 3523 3522 3576 4 3524
3523 3598 3599 4 3594 3520 3524 3599 4 3525
3469 3536 3600 4 3526 3525 3600 3601 6 3527
3526 3601 3602 3603 3604 4 3531 3473 3540 3605
4 3532 3531 3605 3606 4 3607 3608 3534 3533
4 3607 3533 3471 3538 4 3609 3610 3536 3535
4 3609 3535 3534 3608 4 3611 3612 3538 3537
4 3611 3537 3532 3606 4 3561 3613 3540 3539
4 3530 3491 3561 3539 5 3614 3615 3616 3542
3541 5 3617 3618 3544 3477 3543 6 3619 3620
3621 3614 3541 3544 5 3622 3623 3554 3484 3545
5 3622 3545 3542 3616 3624 4 3625 882 770
3547 4 3626 3625 3547 3546 4 3548 3481 3552
3627 4 3626 3546 3548 3627 4 3627 3552 3551
3628 4 3629 3630 3551 3550 4 3631 3629 3550
3549 5 3555 3483 3553 3632 3633 6 3634 3635
3636 3553 3482 3554 4 3637 3631 3549 3556 4
3638 3637 3556 3555 4 3567 3496 3557 3639 4
3559 3558 3640 3641 4 3564 3494 3559 3641 4
3560 3493 3563 3642 4 3613 3561 3490 3560 4
3643 3644 3563 3562 5 3645 3646 3643 3562 3564
4 3647 3565 3497 3568 4 3648 3566 3495 3565
4 3649 3640 3558 3566 4 3650 3651 3568 3567
4 3652 3653 3570 3569 4 3652 3569 3571 3586
5 3572 3570 3653 3654 3655 4 3578 3575 3574
3656 4 3657 3658 3574 3573 4 3657 3573 3572
3655 4 3659 3597 3576 3577 4 3659 3577 3578
3656 4 3579 3517 3581 3510 4 3660 3583 3512
3580 4 3660 3580 3581 3588 4 3585 3584 3661
3662 4 3586 3585 3662 3663 6 3661 3584 3587
3593 3664 3665 4 3591 3589 3583 3660 4 3519
3591 3660 3588 4 3592 3590 3527 3604 6 3666
3667 3668 3593 3592 3604 5 3596 3521 3595 3669
3670 4 3671 3595 3594 3599 5 3672 3673 3617
3543 3596 4 3674 3598 3523 3597 4 3675 3671
3599 3598 4 3600 3536 3610 3676 4 3602 3601
3600 3676 4 3677 3666 3604 3603 4 3678 3677
3603 3602 4 3605 3540 3613 3679 4 3606 3605
3679 3680 4 3681 3682 3608 3607 4 3681 3607
3538 3612 4 3683 3684 3610 3609 4 3683 3609
3608 3682 4 3685 3686 3612 3611 4 3685 3611
3606 3680 4 3687 3688 3616 3615 4 3689 3687
3615 3614 4 3690 3619 3544 3618 4 3691 3690
3618 3617 4 3692 3620 3619 3690 4 3693 3689
3614 3621 4 3694 3693 3621 3620 4 3623 3622
3695 3696 4 3634 3554 3623 3696 4 3697 3695
3622 3624 4 3697 3624 3616 3688 4 3698 1016
882 3625 4 3699 3698 3625 3626 4 3699 3626
3627 3628 4 3628 3551 3630 3700 4 3701 3702
3630 3629 4 3703 3701 3629 3631 7 3638 3555
3633 3704 3705 3706 3707 4 3708 3709 3633 3632
4 3708 3632 3553 3636 4 3710 3635 3634 3696
4 3708 3636 3635 3711 4 3712 3703 3631 3637
4 3712 3637 3638 3707 4 3650 3567 3639 3713
5 3641 3640 3714 3715 3716 5 3645 3564 3641
3716 3717 4 3679 3613 3560 3642 4 3642 3563
3644 3718 6 3719 3720 3721 3722 3644 3643 4
3646 3645 3723 3724 4 3719 3643 3646 3724 4
3725 3647 3568 3651 4 3726 3648 3565 3647 4
3727 3649 3566 3648 4 3728 3714 3640 3649 4
3729 3730 3651 3650 4 3731 3732 3653 3652 4
3731 3652 3586 3663 5 3733 3734 3654 3653 3732
4 3657 3655 3654 3735 4 3656 3574 3658 3736
4 3658 3657 3735 3737 4 3738 3674 3597 3659
4 3738 3659 3656 3736 4 3662 3661 3665 3739
4 3663 3662 3739 3740 4 3741 3742 3665 3664
4 3741 3664 3593 3668 4 3743 3667 3666 3677
4 3741 3668 3667 3744 6 3672 3596 3670 3745
3746 3747 4 3748 3749 3670 3669 4 3748 3669
3595 3671 4 3673 3672 3750 3751 4 3691 3617
3673 3751 4 3752 3675 3598 3674 4 3748 3671
3675 3753 4 3676 3610 3684 3754 4 3678 3602
3676 3754 4 3755 3743 3677 3678 4 3680 3679
3642 3718 4 3756 3757 3682 3681 4 3756 3681
3612 3686 4 3758 3759 3684 3683 4 3758 3683
3682 3757 4 3760 3761 3686 3685 4 3760 3685
3680 3718 4 3762 3763 3688 3687 4 3764 3762
3687 3689 4 3765 3692 3690 3691 4 3766 3694
3620 3692 4 3767 3764 3689 3693 4 3768 3767
3693 3694 4 3769 3710 3696 3695 4 3770 3769
3695 3697 4 3770 3697 3688 3763 4 3771 1101
1016 3698 4 3772 3771 3698 3699 4 3772 3699
3628 3700 4 3700 3630 3702 3773 4 3774 3775
3702 3701 4 3776 3774 3701 3703 4 3777 3778
3707 3706 4 3777 3706 3705 3779 4 3780 3781
3705 3704 4 3780 3704 3633 3709 4 3709 3708
3711 3782 4 3783 3711 3635 3710 4 3784 3776
3703 3712 4 3784 3712 3707 3778 4 3729 3650
3713 3785 4 3715 3714 3786 3787 4 3716 3715
3787 3788 4 3789 3723 3645 3717 4 3789 3717
3716 3788 4 3760 3718 3644 3722 4 3721 3720
3790 3791 4 3722 3721 3791 3792 4 3793 3720
3719 3724 4 3794 3793 3724 3723 4 3795 3725
3651 3730 4 3796 3726 3647 3725 4 3797 3727
3648 3726 4 3798 3728 3649 3727 6 3786 3714
3728 3799 3800 3801 4 3802 3803 3730 3729 4
3804 3805 3732 3731 4 3804 3731 3663 3740 5
3806 3807 3733 3732 3805 4 3734 3733 3808 3809
4 3735 3654 3734 3809 4 3736 3658 3737 3810
4 3811 3737 3735 3809 4 3812 3752 3674 3738
4 3812 3738 3736 3810 4 3739 3665 3742 3813
4 3740 3739 3813 3814 4 3742 3741 3744 3815
4 3816 3744 3667 3743 4 3817 3750 3672 3747
4 3817 3747 3746 3818 4 3745 3670 3749 3819
4 3746 3745 3819 3820 4 3749 3748 3753 3821
4 3751 3750 3822 3823 4 3765 3691 3751 3823
4 3753 3675 3752 3824 4 3754 3684 3759 3825
4 3755 3678 3754 3825 4 3826 3816 3743 3755
5 3827 3828 3829 3757 3756 5 3827 3756 3686
3761 3830 4 3831 3832 3759 3758 5 3831 3758
3757 3829 3833 6 3834 3835 3761 3760 3722 3792
4 3836 3837 3838 3839 4 3836 3839 3763 3762
5 3836 3762 3764 3840 3841 3 3837 3836 3841
4 3842 3766 3692 3765 4 3843 3768 3694 3766
4 3844 3840 3764 3767 4 3845 3844 3767 3768
4 3846 3783 3710 3769 5 3847 3848 3846 3769
3770 4 3839 3838 3849 3847 4 3763 3839 3847
3770 3 3848 3847 3849 4 3850 1172 1101 3771
4 3851 3850 3771 3772 4 3851 3772 3700 3773
3 3852 3853 3854 5 3773 3702 3775 3852 3854
4 3855 3856 3775 3774 4 3857 3855 3774 3776
4 3858 3859 3778 3777 4 3860 3858 3777 3779
4 3779 3705 3781 3861 4 3862 3863 3781 3780
4 3862 3780 3709 3782 4 3864 3782 3711 3783
4 3865 3857 3776 3784 4 3865 3784 3778 3859
4 3802 3729 3785 3866 4 3789 3788 3867 3868
4 3794 3723 3789 3868 4 3869 3867 3788 3787
4 3869 3787 3786 3801 4 3870 3790 3720 3793
4 3791 3790 3871 3872 4 3834 3792 3791 3872
4 3873 3870 3793 3794 4 3795 3730 3803 3874
4 3875 3796 3725 3795 4 3876 3797 3726 3796
4 3877 3798 3727 3797 4 3878 3799 3728 3798
4 3879 3880 3801 3800 4 3881 3879 3800 3799
4 3882 3803 3802 3883 4 3884 3885 3805 3804
4 3884 3804 3740 3814 5 3886 3887 3806 3805
3885 4 3888 3808 3733 3807 4 3889 3888 3807
3806 4 3890 3811 3809 3808 4 3891 3810 3737
3811 4 3813 3742 3815 3892 4 3814 3813 3892
3893 4 3894 3815 3744 3816 4 3895 3822 3750
3817 4 3895 3817 3818 3896 4 3818 3746 3820
3897 4 3819 3749 3821 3898 4 3820 3819 3898
3899 4 3821 3753 3824 3900 4 3823 3822 3901
3902 4 3842 3765 3823 3902 4 3825 3759 3832
3903 4 3826 3755 3825 3903 4 3894 3816 3826
3904 4 3828 3827 3905 3906 4 3829 3828 3906
3907 4 3908 3905 3827 3830 4 3908 3830 3761
3835 6 3909 3910 3911 3912 3832 3831 4 3913
3909 3831 3833 4 3913 3833 3829 3907 4 3908
3835 3834 3914 4 3905 3908 3914 3915 4 3916
3917 3838 3837 4 3841 3840 3918 3916 3 3841
3916 3837 4 3919 3843 3766 3842 4 3920 3845
3768 3843 4 3921 3918 3840 3844 4 3922 3921
3844 3845 5 3923 3864 3783 3846 3924 3 3925
3923 3924 5 3926 3927 3924 3846 3848 4 3849
3838 3917 3926 3 3925 3924 3927 3 3849 3926
3848 4 3928 1239 1172 3850 4 3929 3928 3850
3851 3 3854 3853 3930 5 3929 3851 3773 3854
3930 3 3852 3775 3856 4 3931 3932 3856 3855
4 3933 3931 3855 3857 4 3934 3935 3859 3858
4 3860 3779 3861 3936 4 3937 3934 3858 3860
4 3861 3781 3863 3938 4 3939 3940 3863 3862
4 3939 3862 3782 3864 4 3941 3933 3857 3865
4 3941 3865 3859 3935 4 3942 3875 3795 3874
4 3943 3944 3882 3883 4 3945 3946 3943 3883
4 3945 3883 3802 3866 4 3868 3867 3947 3948
4 3873 3794 3868 3948 4 3949 3947 3867 3869
4 3949 3869 3801 3880 4 3950 3871 3790 3870
4 3872 3871 3951 3952 4 3914 3834 3872 3952
4 3953 3950 3870 3873 4 3874 3803 3882 3954
4 3955 3876 3796 3875 4 3956 3877 3797 3876
4 3957 3878 3798 3877 5 3881 3799 3878 3958
3959 4 3960 3961 3880 3879 4 3960 3879 3881
3959 4 3962 3963 3885 3884 4 3962 3884 3814
3893 5 3964 3965 3886 3885 3963 4 3966 3889
3806 3887 4 3967 3966 3887 3886 4 3968 3890
3808 3888 4 3969 3968 3888 3889 4 3970 3891
3811 3890 4 3892 3815 3894 3971 4 3972 3893
3892 3971 4 3973 3974 3972 3971 4 3973 3971
3894 3904 4 3975 3901 3822 3895 4 3975 3895
3896 3976 4 3896 3818 3897 3977 4 3897 3820
3899 3978 4 3898 3821 3900 3979 4 3899 3898
3979 3980 3 3981 3902 3901 4 3919 3842 3902
3982 4 3903 3832 3912 3983 4 3904 3826 3903
3983 4 3906 3905 3915 3984 4 3907 3906 3984
3985 4 3986 3987 3912 3911 4 3988 3986 3911
3910 4 3989 3910 3909 3913 4 3989 3913 3907
3985 4 3990 3915 3914 3952 4 3991 3920 3843
3919 4 3992 3922 3845 3920 4 3993 3939 3864
3923 4 3994 3993 3923 3925 4 3994 3925 3927
3995 4 3996 3997 3932 3931 4 3998 3996 3931
3933 4 3999 4000 3935 3934 4 4001 3937 3860
3936 4 3936 3861 3938 4002 4 4003 3999 3934
3937 4 3938 3863 3940 4004 3 3993 3994 4005
5 3940 3939 3993 4005 4006 4 4007 3998 3933
3941 4 4007 3941 3935 4000 4 4008 3942 3874
3954 4 4009 4010 4008 3954 4 4009 3954 3882
3944 4 4011 3955 3875 3942 4 4012 4013 3944
3943 4 4012 3943 3946 4014 4 3948 3947 4015
4016 4 3953 3873 3948 4016 4 4017 4015 3947
3949 4 4017 3949 3880 3961 4 4018 3951 3871
3950 4 4019 3990 3952 3951 4 4020 4018 3950
3953 4 4021 3956 3876 3955 4 4022 3957 3877
3956 4 4023 3958 3878 3957 6 3959 3958 4024
4025 4026 4027 4 4028 4029 3961 3960 4 4028
3960 3959 4027 4 4030 4031 3963 3962 4 4030
3962 3893 3972 5 4032 4033 3964 3963 4031 4
3965 3964 4034 4035 4 3967 3886 3965 4035 4
4036 3969 3889 3966 4 4037 4036 3966 3967 4
4038 3970 3890 3968 4 4039 4038 3968 3969 5
4040 4041 4042 3974 3973 4 4030 3972 3974 4043
4 4040 3973 3904 3983 4 4044 3981 3901 3975
4 4044 3975 3976 4045 4 3976 3896 3977 4046
4 3977 3897 3978 4047 4 3978 3899 3980 4048
4 3991 3919 3982 4049 6 4050 4051 4040 3983
3912 3987 4 3984 3915 3990 4052 4 3985 3984
4052 4053 4 4054 4050 3987 3986 4 4055 3988
3910 3989 4 4056 4054 3986 3988 4 4055 3989
3985 4053 4 4057 3992 3920 3991 3 4058 4059
4060 5 4061 4058 4060 3922 3992 3 4005 3994
3995 4 4062 4063 3997 3996 4 4064 4062 3996
3998 4 4065 4066 4000 3999 4 4067 4001 3936
4002 4 4068 4003 3937 4001 4 4002 3938 4004
4069 4 4065 3999 4003 4070 4 4004 3940 4006
4071 4 4072 4064 3998 4007 4 4072 4007 4000
4066 4 4073 4074 4010 4009 4 4073 4009 3944
4013 4 4075 4076 4074 4073 4 4077 4075 4073
4013 4 4078 4011 3942 4008 4 4079 4078 4008
4010 5 4080 4081 4021 3955 4011 4 4082 4077
4013 4012 4 4082 4012 4014 4083 4 4016 4015
4084 4085 4 4020 3953 4016 4085 4 4086 4084
4015 4017 4 4086 4017 3961 4029 3 4019 3951
4018 4 4052 3990 4019 4087 6 4088 4089 4090
4022 3956 4021 5 4091 4092 4023 3957 4022 4
4093 4024 3958 4023 4 4094 4095 4026 4025 4
4094 4025 4024 4096 4 4028 4027 4026 4097 4
4029 4028 4097 4098 4 4031 4030 4043 4099 5
4100 4101 4032 4031 4099 4 4033 4032 4102 4103
4 4034 3964 4033 4103 4 4035 4034 4104 4105
4 4037 3967 4035 4105 4 4106 4039 3969 4036
4 4107 4106 4036 4037 5 4043 3974 4042 4108
4109 4 4041 4040 4051 4110 4 4111 4042 4041
4110 4 4112 4113 4111 4110 4 4112 4110 4051
4050 4 4114 4115 3981 4044 4 4114 4044 4045
4116 4 4045 3976 4046 4117 4 4046 3977 4047
4118 4 4047 3978 4048 4119 3 4048 3980 4120
4 4057 3991 4049 4121 4 4053 4052 4087 4122
4 4123 4112 4050 4054 4 4124 4056 3988 4055
4 4123 4054 4056 4125 3 4122 4126 4127 5
4124 4055 4053 4122 4127 4 4128 4061 3992 4057
3 4129 4059 4058 5 4130 4131 4129 4058 4061
4 4132 4133 4063 4062 4 4134 4132 4062 4064
4 4135 4136 4066 4065 4 4137 4067 4002 4069
4 4138 4068 4001 4067 4 4069 4004 4071 4139
4 4140 4135 4065 4070 4 4141 4134 4064 4072
4 4141 4072 4066 4136 4 4075 4077 4142 4143
4 4144 4076 4075 4143 4 4145 4079 4010 4074
4 4146 4145 4074 4076 5 4147 4148 4080 4011
4078 5 4149 4150 4147 4078 4079 4 4081 4080
4151 4152 4 4088 4021 4081 4152 4 4094 4096
4153 4154 4 4155 4095 4094 4154 4 4156 4142
4077 4082 4 4156 4082 4083 4157 3 4158 4084
4086 4 4158 4086 4029 4098 4 4159 4089 4088
4152 4 4090 4089 4160 4161 4 4091 4022 4090
4161 6 4162 4163 4164 4093 4023 4092 4 4165
4092 4091 4161 7 4166 4167 4168 4153 4096 4024
4093 4 4097 4026 4095 4169 4 4170 4098 4097
4169 5 4099 4043 4109 4171 4172 5 4173 4174
4100 4099 4172 4 4175 4102 4032 4101 4 4176
4175 4101 4100 4 4103 4102 4177 4178 4 4104
4034 4103 4178 4 4105 4104 4179 4180 4 4107
4037 4105 4180 4 4120 4106 4107 4181 4 4182
4183 4109 4108 4 4182 4108 4042 4111 4 4182
4111 4113 4184 4 4183 4182 4184 4185 4 4186
4113 4112 4123 3 4187 4115 4114 4 4187 4114
4116 4188 4 4116 4045 4117 4189 4 4117 4046
4118 4190 4 4118 4047 4119 4191 4 4119 4048
4120 4181 4 4192 4128 4057 4121 4 4186 4123
4125 4193 4 4125 4056 4124 4194 4 4195 4130
4061 4128 3 4196 4131 4130 4 4197 4198 4133
4132 4 4199 4197 4132 4134 4 4200 4201 4136
4135 4 4137 4069 4139 4202 4 4203 4138 4067
4137 3 4140 4070 4204 4 4205 4200 4135 4140
4 4206 4199 4134 4141 4 4206 4141 4136 4201
4 4143 4142 4207 4208 4 4209 4144 4143 4208
4 4210 4146 4076 4144 4 4211 4149 4079 4145
4 4212 4211 4145 4146 4 4213 4151 4080 4148
4 4214 4213 4148 4147 4 4150 4149 4215 4216
4 4214 4147 4150 4216 4 4217 4159 4152 4151
4 4154 4153 4218 4219 4 4220 4155 4154 4219
4 4221 4222 4220 4219 4 4223 4221 4219 4218
4 4169 4095 4155 4224 3 4225 4226 4227 4
4170 4169 4224 4228 4 4229 4207 4142 4156 4
4229 4156 4157 4230 3 4231 4225 4227 4 4232
4158 4098 4170 3 4233 4234 4235 4 4165 4161
4160 4236 4 4237 4160 4089 4159 4 4162 4092
4165 4238 4 4239 4163 4162 4238 4 4164 4163
4240 4241 4 4166 4093 4164 4241 4 4242 4167
4166 4241 4 4243 4218 4153 4168 4 4243 4168
4167 4244 4 4171 4109 4183 4245 4 4172 4171
4245 4246 7 4247 4248 4249 4250 4173 4172 4246
4 4174 4173 4251 4252 4 4176 4100 4174 4252
4 4253 4177 4102 4175 4 4254 4253 4175 4176
4 4178 4177 4255 4256 4 4179 4104 4178 4256
4 4180 4179 4257 4258 4 4181 4107 4180 4258
4 4259 4247 4246 4245 4 4259 4245 4183 4185
4 4184 4113 4186 4260 4 4261 4185 4184 4260
3 4262 4263 4264 4 4262 4264 4187 4188 4
4188 4116 4189 4265 4 4189 4117 4190 4266 4
4267 4190 4118 4191 4 4191 4119 4181 4258 3
4192 4121 4268 4 4269 4195 4128 4192 4 4260
4186 4193 4270 4 4261 4260 4270 4271 4 4193
4125 4194 4272 4 4273 4196 4130 4195 4 4274
4275 4198 4197 4 4276 4274 4197 4199 4 4277
4278 4201 4200 4 4279 4203 4137 4202 4 4280
4281 4138 4203 4 4205 4140 4204 4282 4 4283
4277 4200 4205 4 4284 4276 4199 4206 4 4284
4206 4201 4278 5 4208 4207 4285 4286 4287 5
4209 4208 4287 4288 4289 4 4290 4210 4144 4209
4 4291 4212 4146 4210 6 4292 4293 4294 4215
4149 4211 4 4295 4292 4211 4212 4 4296 4217
4151 4213 4 4297 4296 4213 4214 4 4216 4215
4294 4298 4 4297 4214 4216 4298 4 4299 4237
4159 4217 4 4243 4244 4300 4301 4 4223 4218
4243 4301 4 4302 4303 4304 4305 4 4306 4222
4221 4302 4 4306 4302 4305 4249 4 4303 4302
4221 4223 4 4307 4224 4155 4220 4 4308 4307
4220 4222 3 4227 4226 4309 5 4226 4225 4232
4170 4228 4 4310 4228 4224 4307 4 4311 4248
4247 4312 4 4311 4312 4313 4308 4 4311 4308
4222 4306 4 4248 4311 4306 4249 4 4310 4307
4308 4313 5 4314 4315 4285 4207 4229 5 4316
4314 4229 4230 4317 3 4231 4227 4309 3 4233
4235 4318 4 4234 4233 4319 4320 5 4238 4165
4236 4235 4234 4 4321 4236 4160 4237 4 4239
4238 4234 4320 4 4322 4240 4163 4239 4 4323
4242 4241 4240 4 4244 4167 4242 4324 4 4325
4251 4173 4250 4 4325 4250 4249 4305 4 4252
4251 4326 4327 4 4254 4176 4252 4327 4 4328
4255 4177 4253 4 4329 4328 4253 4254 4 4256
4255 4330 4331 4 4257 4179 4256 4331 4 4267
4191 4258 4257 4 4332 4312 4247 4259 4 4332
4259 4185 4261 3 4333 4263 4262 3 4334 4264
4263 5 4335 4333 4262 4188 4265 4 4265 4189
4266 4336 4 4337 4266 4190 4267 4 4269 4192
4268 4338 4 4339 4273 4195 4269 4 4340 4313
4312 4332 4 4340 4332 4261 4271 4 4270 4193
4272 4341 4 4271 4270 4341 4342 3 4343 4196
4273 4 4344 4345 4275 4274 4 4346 4344 4274
4276 3 4347 4348 4349 4 4350 4351 4278 4277
4 4279 4202 4347 4349 4 4352 4280 4203 4279
3 4353 4281 4280 4 4354 4283 4205 4282 4
4355 4350 4277 4283 4 4356 4346 4276 4284 4
4356 4284 4278 4351 4 4286 4285 4357 4358 4
4287 4286 4358 4359 5 4290 4209 4289 4360 4361
4 4288 4287 4359 4362 4 4289 4288 4362 4363
4 4364 4291 4210 4290 5 4365 4366 4295 4212
4291 4 4367 4368 4294 4293 4 4369 4367 4293
4292 7 4370 4371 4372 4373 4369 4292 4295 4
4374 4299 4217 4296 4 4375 4374 4296 4297 4
4298 4294 4368 4376 4 4375 4297 4298 4376 4
4377 4321 4237 4299 4 4300 4244 4324 4378 4
4301 4300 4379 4380 4 4303 4223 4301 4380 4
4381 4304 4303 4380 4 4325 4305 4304 4382 5
4383 4309 4226 4228 4310 4 4383 4310 4313 4340
4 4384 4357 4285 4315 4 4385 4384 4315 4314
4 4316 4317 4386 4387 4 4385 4314 4316 4387
4 4342 4231 4309 4383 4 4319 4233 4318 4388
4 4318 4235 4236 4321 4 4320 4319 4389 4390
4 4322 4239 4320 4390 4 4391 4323 4240 4322
4 4324 4242 4323 4392 4 4326 4251 4325 4382
4 4327 4326 4393 4394 4 4329 4254 4327 4394
4 4331 4330 4395 4337 4 4331 4337 4267 4257
3 4396 4397 4398 3 4334 4263 4333 4 4335
4265 4336 4399 5 4396 4398 4334 4333 4335 4
4336 4266 4337 4395 4 4400 4339 4269 4338 4
4401 4343 4273 4339 4 4271 4342 4383 4340 3
4348 4347 4402 3 4403 4275 4345 4 4404 4405
4345 4344 4 4406 4404 4344 4346 3 4349 4348
4407 4 4408 4409 4351 4350 5 4352 4279 4349
4407 4410 4 4411 4353 4280 4352 3 4354 4282
4412 4 4413 4355 4283 4354 4 4414 4408 4350
4355 4 4415 4406 4346 4356 4 4415 4356 4351
4409 4 4358 4357 4416 4417 4 4359 4358 4417
4418 5 4364 4290 4361 4419 4420 4 4360 4289
4363 4421 4 4361 4360 4421 4422 4 4362 4359
4418 4423 4 4363 4362 4423 4424 5 4425 4426
4365 4291 4364 4 4366 4365 4427 4428 4 4370
4295 4366 4428 4 4429 4430 4368 4367 4 4429
4367 4369 4373 4 4372 4371 4431 4432 4 4373
4372 4432 4433 4 4434 4371 4370 4428 4 4435
4377 4299 4374 4 4436 4435 4374 4375 4 4376
4368 4430 4437 4 4436 4375 4376 4437 4 4438
4379 4300 4378 4 4378 4324 4392 4439 4 4440
4381 4380 4379 4 4382 4304 4381 4441 4 4442
4416 4357 4384 4 4443 4442 4384 4385 4 4387
4386 4444 4445 4 4443 4385 4387 4445 4 4389
4319 4388 4446 3 4390 4389 4447 5 4448 4391
4322 4390 4447 4 4392 4323 4391 4449 4 4393
4326 4382 4441 4 4450 4451 4397 4396 3 4452
4398 4397 4 4450 4396 4335 4399 4 4399 4336
4395 4453 3 4400 4338 4454 4 4455 4401 4339
4400 4 4456 4457 4343 4401 3 4407 4348 4402
4 4458 4403 4345 4405 4 4459 4460 4405 4404
4 4461 4459 4404 4406 4 4462 4463 4409 4408
4 4464 4411 4352 4410 4 4410 4407 4402 4465
3 4466 4353 4411 4 4467 4413 4354 4412 4
4468 4414 4355 4413 4 4469 4462 4408 4414 4
4470 4461 4406 4415 4 4470 4415 4409 4463 4
4417 4416 4471 4472 4 4418 4417 4472 4473 6
4474 4475 4425 4364 4420 4476 4 4419 4361 4422
4477 4 4420 4419 4477 4478 4 4421 4363 4424
4479 4 4422 4421 4479 4480 4 4423 4418 4473
4481 4 4424 4423 4481 4482 4 4483 4427 4365
4426 4 4484 4483 4426 4425 4 4485 4434 4428
4427 4 4486 4487 4430 4429 4 4486 4429 4373
4433 4 4488 4431 4371 4434 4 4432 4431 4489
4490 4 4433 4432 4490 4491 3 4437 4430 4487
4 4492 4438 4378 4439 4 4493 4440 4379 4438
4 4439 4392 4449 4494 4 4495 4441 4381 4440
4 4496 4471 4416 4442 4 4497 4496 4442 4443
4 4445 4444 4498 4499 4 4497 4443 4445 4499
3 4447 4389 4446 3 4500 4501 4502 5 4448
4447 4446 4500 4502 4 4449 4391 4448 4503 3
4504 4451 4450 5 4452 4397 4451 4505 4506 5
4504 4450 4399 4453 4507 4 4508 4455 4400 4454
4 4509 4456 4401 4455 3 4510 4457 4456 4
4511 4458 4405 4460 4 4512 4513 4460 4459 4
4514 4512 4459 4461 4 4515 4516 4463 4462 4
4517 4464 4410 4465 4 4518 4466 4411 4464 3
4467 4412 4519 4 4520 4468 4413 4467 4 4521
4469 4414 4468 4 4522 4515 4462 4469 4 4523
4514 4461 4470 4 4523 4470 4463 4516 4 4472
4471 4524 4525 4 4473 4472 4525 4526 4 4527
4528 4474 4476 4 4527 4476 4420 4478 4 4529
4484 4425 4475 4 4530 4529 4475 4474 4 4477
4422 4480 4531 4 4478 4477 4531 4532 4 4479
4424 4482 4533 4 4480 4479 4533 4534 4 4481
4473 4526 4535 4 4482 4481 4535 4536 4 4537
4485 4427 4483 4 4538 4537 4483 4484 4 4539
4488 4434 4485 3 4540 4541 4542 4 4540 4542
4487 4486 5 4540 4486 4433 4491 4543 3 4541
4540 4543 4 4544 4489 4431 4488 4 4490 4489
4545 4546 4 4491 4490 4546 4547 4 4548 4492
4439 4494 4 4549 4493 4438 4492 4 4550 4495
4440 4493 4 4494 4449 4503 4551 4 4552 4524
4471 4496 4 4553 4552 4496 4497 4 4499 4498
4554 4555 4 4553 4497 4499 4555 3 4501 4500
4556 4 4502 4501 4557 4558 4 4503 4448 4502
4558 4 4559 4505 4451 4504 4 4560 4561 4506
4505 4 4559 4504 4507 4562 3 4508 4454 4563
4 4564 4509 4455 4508 4 4565 4510 4456 4509
3 4517 4465 4566 3 4567 4568 4569 3 4567
4569 4570 4 4571 4511 4460 4513 4 4572 4573
4513 4512 4 4574 4572 4512 4514 4 4575 4576
4516 4515 4 4577 4518 4464 4517 4 4578 4579
4466 4518 4 4520 4467 4519 4580 4 4581 4521
4468 4520 4 4522 4469 4521 4582 4 4575 4515
4522 4530 4 4583 4574 4514 4523 4 4583 4523
4516 4576 4 4525 4524 4584 4585 4 4526 4525
4585 4586 4 4587 4588 4528 4527 4 4575 4530
4474 4528 4 4587 4527 4478 4532 4 4582 4538
4484 4529 4 4530 4522 4582 4529 4 4531 4480
4534 4589 4 4532 4531 4589 4590 4 4533 4482
4536 4591 4 4534 4533 4591 4592 4 4535 4526
4586 4593 4 4536 4535 4593 4594 4 4595 4539
4485 4537 4 4595 4537 4538 4581 4 4544 4488
4539 4596 3 4597 4542 4541 5 4543 4491 4547
4598 4597 3 4543 4597 4541 4 4599 4545 4489
4544 4 4546 4545 4600 4601 4 4547 4546 4601
4602 4 4603 4548 4494 4551 4 4604 4549 4492
4548 4 4605 4550 4493 4549 5 4606 4607 4551
4503 4558 4 4608 4584 4524 4552 4 4609 4608
4552 4553 4 4555 4554 4610 4611 4 4609 4553
4555 4611 5 4557 4501 4556 4612 4613 3 4606
4558 4557 4 4560 4505 4559 4614 3 4615 4561
4560 4 4616 4564 4508 4563 4 4617 4565 4509
4564 4 4618 4510 4565 4619 3 4620 4618 4619
5 4577 4517 4566 4569 4568 3 4621 4568 4567
3 4621 4567 4570 5 4622 4623 4571 4513 4573
4 4624 4625 4573 4572 4 4626 4624 4572 4574
4 4576 4575 4528 4588 4 4578 4518 4577 4600
4 4627 4579 4578 4599 4 4595 4581 4520 4580
4 4581 4538 4582 4521 4 4628 4626 4574 4583
4 4628 4583 4576 4588 4 4585 4584 4629 4630
4 4586 4585 4630 4631 4 4632 4633 4634 4635
4 4636 4632 4635 4637 4 4638 4628 4588 4587
4 4638 4587 4532 4590 4 4589 4534 4592 4639
4 4590 4589 4639 4640 4 4591 4536 4594 4641
4 4592 4591 4641 4642 4 4593 4586 4631 4643
4 4594 4593 4643 4644 4 4645 4636 4637 4646
4 4647 4645 4646 4648 3 4539 4595 4580 4
4627 4599 4544 4596 3 4598 4547 4602 4 4599
4578 4600 4545 5 4601 4600 4577 4568 4621 4
4602 4601 4621 4570 4 4603 4551 4607 4649 4
4650 4604 4548 4603 4 4605 4549 4604 4651 5
4614 4652 4550 4605 4615 4 4613 4653 4607 4606
3 4654 4634 4633 4 4655 4629 4584 4608 4
4656 4655 4608 4609 4 4611 4610 4657 4658 4
4656 4609 4611 4658 3 4613 4606 4557 3 4614
4615 4560 5 4659 4561 4615 4605 4651 4 4616
4563 4659 4651 4 4617 4564 4616 4650 5 4619
4565 4617 4649 4660 3 4620 4619 4660 3 4661
4618 4620 3 4662 4663 4664 5 4662 4664 4622
4573 4625 4 4665 4666 4625 4624 4 4667 4665
4624 4626 4 4667 4626 4628 4638 4 4630 4629
4633 4632 4 4631 4630 4632 4636 4 4667 4638
4590 4640 4 4639 4592 4642 4668 4 4640 4639
4668 4669 4 4641 4594 4644 4670 4 4642 4641
4670 4671 4 4672 4647 4648 4673 4 4672 4673
4674 4675 4 4643 4631 4636 4645 4 4644 4643
4645 4647 4 4649 4617 4650 4603 5 4660 4649
4607 4653 4661 4 4650 4616 4651 4604 5 4676
4654 4633 4629 4655 4 4677 4676 4655 4656 5
4658 4657 4678 4679 4680 5 4681 4677 4656 4658
4680 3 4660 4661 4620 4 4682 4683 4663 4662
4 4682 4662 4625 4666 4 4669 4684 4666 4665
4 4667 4640 4669 4665 4 4668 4642 4671 4685
4 4684 4669 4668 4685 4 4670 4644 4647 4672
4 4671 4670 4672 4675 4 4686 4675 4674 4687
4 4688 4686 4687 4689 4 4688 4689 4683 4682
4 4688 4682 4666 4684 4 4685 4671 4675 4686
4 4685 4686 4688 4684 4 4690 1601 1583 4691
4 4692 4693 4694 4690 4 4692 4690 4691 4695
4 1606 1601 4690 4694 5 4696 4697 4698 1716
1715 4 4699 4696 1715 1712 4 4699 1712 1711
4700 4 4699 4700 4701 4702 4 4697 4696 4699
4702 4 4703 4700 1711 4704 5 4703 4704 4693
4705 4706 4 4707 4701 4700 4703 4 4708 4707
4703 4706 4 4709 4705 4693 4692 4 4709 4692
4695 4710 4 4709 4710 4711 4712 4 4706 4705
4709 4712 4 4713 4714 4715 4716 4 4713 4716
4717 4718 4 4710 4695 4714 4713 4 4711 4710
4713 4718 4 4719 4720 4721 4722 4 4718 4717
4719 4722 4 4723 4711 4718 4722 4 4723 4722
4721 4724 6 4708 4706 4712 4711 4723 4724 4
4691 1583 1565 4725 6 1631 1630 1606 4694 4693
4704 4 4714 4695 4691 4725 4 4726 4715 4714
4725 4 4726 4725 1565 1550 5 4727 4728 4698
4697 4729 4 4730 4702 4701 4731 4 4730 4731
4732 4733 4 4730 4733 4727 4729 4 4702 4730
4729 4697 4 4734 1749 1716 4698 4 4735 4731
4701 4707 4 4736 4735 4707 4708 4 1631 4704
1711 1661 7 4724 4721 4720 4737 4738 4739 4740
4 4736 4708 4724 4740 4 4716 4715 4741 4742
4 4717 4716 4742 4743 4 4744 4745 4720 4719
4 4744 4719 4717 4743 4 4746 4741 4715 4726
4 4746 4726 1550 1549 4 4747 4748 4749 4750
4 4742 4741 4750 4751 4 4743 4742 4751 4752
3 4746 1549 4747 4 4746 4747 4750 4741 5
4753 4754 4755 4728 4727 4 4756 4734 4698 4728
4 4757 4732 4731 4735 4 4733 4732 4758 4759
4 4753 4727 4733 4759 4 1851 1782 1749 4734
4 4760 4757 4735 4736 4 4761 4737 4720 4745
4 4761 4745 4762 4763 4 4761 4763 4764 4765
4 4738 4737 4761 4765 4 4766 4762 4745 4744
4 4766 4744 4743 4752 4 4739 4738 4767 4768
4 4740 4739 4768 4769 6 4770 4771 4760 4736
4740 4769 4 4772 4773 4774 4775 4 4776 4777
4772 4775 4 4775 4774 4762 4766 4 4776 4775
4766 4752 5 4778 4751 4750 4749 4779 4 4778
4779 4780 4781 4 4778 4781 4777 4776 4 4751
4778 4776 4752 6 4782 4755 4754 4783 4784 4785
4 4759 4758 4786 4787 4 4754 4753 4759 4787
4 4788 4756 4728 4755 4 1889 1851 4734 4756
4 4789 4758 4732 4757 5 4790 4791 4789 4757
4760 4 4763 4762 4774 4792 4 4765 4764 4793
4794 4 4764 4763 4792 4795 4 4767 4738 4765
4794 4 4768 4767 4796 4797 4 4770 4769 4768
4797 4 4798 4790 4760 4771 4 4799 4798 4771
4770 4 4800 4801 4773 4772 4 4792 4774 4773
4802 4 4803 4800 4772 4777 4 4781 4780 4804
4805 4 4803 4777 4781 4805 4 4806 4807 4808
4809 4 4787 4786 4806 4809 4 4810 4811 4782
4785 4 4783 4754 4787 4809 4 4812 4810 4785
4784 4 4784 4783 4809 4808 4 4813 4788 4755
4782 4 4814 4786 4758 4789 4 4815 1889 4756
4788 5 4814 4789 4791 4816 4817 4 4818 4791
4790 4798 4 4794 4793 4819 4820 4 4793 4764
4795 4821 4 4795 4792 4802 4822 4 4796 4767
4794 4820 4 4797 4796 4823 4824 4 4799 4770
4797 4824 4 4825 4818 4798 4799 4 4802 4773
4801 4826 4 4827 4828 4801 4800 4 4829 4827
4800 4803 4 4805 4804 4830 4831 4 4829 4803
4805 4831 4 4808 4807 4832 4833 4 4834 4835
4807 4806 4 4834 4806 4786 4814 4 4812 4784
4808 4833 5 4836 4837 4813 4782 4811 4 4838
4836 4811 4810 4 4839 4838 4810 4812 4 4840
4815 4788 4813 4 4841 1890 1889 4815 5 4834
4814 4817 4842 4843 4 4844 4845 4817 4816 4
4844 4816 4791 4818 4 4820 4819 4846 4847 4
4819 4793 4821 4848 4 4821 4795 4822 4849 4
4822 4802 4826 4850 4 4823 4796 4820 4847 4
4824 4823 4851 4852 4 4825 4799 4824 4852 4
4844 4818 4825 4853 5 4835 4834 4843 4854 4855
4 4826 4801 4828 4856 4 4857 4858 4828 4827
4 4859 4857 4827 4829 4 4831 4830 4860 4861
4 4859 4829 4831 4861 4 4862 4832 4807 4835
4 4833 4832 4863 4864 4 4839 4812 4833 4864
5 4865 4866 4867 4837 4836 4 4868 4840 4813
4837 4 4869 4865 4836 4838 4 4870 4869 4838
4839 4 4871 4841 4815 4840 4 4872 1931 1890
4841 4 4842 4817 4845 4873 4 4843 4842 4873
4874 4 4845 4844 4853 4875 4 4846 4819 4848
4876 5 4847 4846 4877 4878 4879 4 4848 4821
4849 4880 4 4849 4822 4850 4881 4 4850 4826
4856 4882 4 4851 4823 4847 4879 4 4852 4851
4883 4884 4 4853 4825 4852 4884 6 4885 4886
4887 4862 4835 4855 4 4888 4889 4855 4854 4
4888 4854 4843 4874 4 4856 4828 4858 4890 4
4891 4892 4858 4857 4 4893 4891 4857 4859 4
4861 4860 4894 4895 4 4893 4859 4861 4895 3
4896 4897 4898 5 4899 4900 4863 4832 4862 5
4864 4863 4901 4902 4903 5 4904 4870 4839 4864
4903 5 4905 4906 4907 4867 4866 4 4908 4866
4865 4869 4 4909 4868 4837 4867 4 4910 4871
4840 4868 5 4911 4912 4908 4869 4870 4 4913
4872 4841 4871 4 4914 1978 1931 4872 4 4873
4845 4875 4915 4 4874 4873 4915 4916 4 4917
4875 4853 4884 3 4918 4878 4877 5 4877 4846
4876 4919 4920 4 4876 4848 4880 4921 4 4879
4878 4922 4923 4 4880 4849 4881 4924 4 4881
4850 4882 4925 4 4926 4882 4856 4890 4 4883
4851 4879 4923 4 4917 4884 4883 4927 4 4885
4855 4889 4928 4 4886 4885 4928 4929 4 4887
4886 4930 4931 4 4899 4862 4887 4931 4 4932
4933 4889 4888 4 4932 4888 4874 4916 4 4890
4858 4892 4934 4 4935 4936 4892 4891 4 4937
4935 4891 4893 5 4895 4894 4896 4898 4938 4
4937 4893 4895 4938 4 4898 4897 4939 4940 6
4941 4901 4863 4900 4942 4943 4 4944 4900 4899
4931 4 4902 4901 4945 4946 4 4903 4902 4946
4947 4 4904 4903 4947 4948 4 4911 4870 4904
4948 4 4905 4866 4908 4949 5 4950 4951 4907
4906 4952 4 4906 4905 4949 4953 4 4954 4909
4867 4907 4 4955 4910 4868 4909 4 4956 4913
4871 4910 5 4949 4908 4912 4957 4958 4 4959
4912 4911 4948 4 4960 4914 4872 4913 4 4961
2031 1978 4914 4 4915 4875 4917 4962 4 4916
4915 4962 4963 3 4918 4877 4920 3 4922 4878
4918 4 4964 4919 4876 4921 4 4921 4880 4924
4965 4 4924 4881 4925 4966 4 4926 4890 4934
4967 4 4962 4917 4927 4968 4 4928 4889 4933
4969 4 4930 4886 4929 4970 4 4929 4928 4969
4971 4 4972 4944 4931 4930 4 4973 4974 4933
4932 4 4973 4932 4916 4963 4 4934 4892 4936
4975 4 4976 4977 4936 4935 4 4978 4976 4935
4937 4 4938 4898 4940 4979 4 4978 4937 4938
4979 3 4940 4939 4980 3 4981 4982 4983 4
4941 4943 4984 4985 4 4945 4901 4941 4985 4
4986 4987 4943 4942 4 4986 4942 4900 4944 4
4946 4945 4988 4989 4 4947 4946 4989 4990 4
4959 4948 4947 4990 4 4991 4992 4950 4952 5
4993 4994 4995 4951 4950 4 4991 4952 4906 4953
4 4996 4954 4907 4951 5 4953 4949 4958 4997
4998 4 4999 4955 4909 4954 4 5000 4956 4910
4955 4 5001 4960 4913 4956 4 4957 4912 4959
5002 4 4958 4957 5002 5003 4 5004 4961 4914
4960 4 5005 2086 2031 4961 4 4963 4962 4968
5006 3 4922 4918 4920 4 5007 4964 4921 4965
4 4965 4924 4966 5008 3 5009 4926 4967 4
4967 4934 4975 5010 4 4969 4933 4974 5011 4
5012 4972 4930 4970 4 4970 4929 4971 5013 4
4971 4969 5011 5014 4 4986 4944 4972 5015 4
5016 5017 4974 4973 4 5016 4973 4963 5006 4
4975 4936 4977 5018 4 5019 5020 4977 4976 4
5021 5019 4976 4978 5 4979 4940 4980 5022 5023
4 5021 4978 4979 5023 3 5024 4981 4983 3
4983 4982 5025 4 4985 4984 5026 5027 4 4984
4943 4987 5028 4 4988 4945 4985 5027 4 4987
4986 5015 5029 4 4989 4988 5030 5031 4 4990
4989 5031 5032 4 5002 4959 4990 5032 4 4993
4950 4992 5033 4 5034 5035 4992 4991 4 4994
4993 5033 5036 4 5037 5038 4995 4994 4 5039
4996 4951 4995 5 5040 5034 4991 4953 4998 4
5041 4999 4954 4996 4 5042 5043 4998 4997 4
5042 4997 4958 5003 4 5044 5000 4955 4999 4
5045 5001 4956 5000 4 5046 5004 4960 5001 4
5047 5003 5002 5032 4 5048 5005 4961 5004 4
5049 2144 2086 5005 4 5007 4965 5008 5050 4
5008 4966 5051 5052 4 5053 5009 4967 5010 4
5010 4975 5018 5054 4 5011 4974 5017 5055 4
5012 4970 5013 5056 4 5015 4972 5012 5057 4
5058 5013 4971 5014 4 5014 5011 5055 5059 4
5018 4977 5020 5060 4 5061 5062 5020 5019 4
5063 5061 5019 5021 4 5023 5022 5064 5065 4
5063 5021 5023 5065 5 5066 5024 4983 5025 5067
3 5068 5069 5070 4 5027 5026 5071 5072 4
5026 4984 5028 5073 4 5028 4987 5029 5074 4
5030 4988 5027 5072 4 5029 5015 5057 5075 4
5047 5032 5031 5076 4 5033 4992 5035 5077 5
5078 5079 5080 5035 5034 5 5081 5082 5037 4994
5036 4 5081 5036 5033 5077 4 5083 5039 4995
5038 4 5084 5085 5038 5037 4 5086 5041 4996
5039 4 5040 4998 5043 5087 4 5078 5034 5040
5087 4 5088 5044 4999 5041 4 5089 5090 5043
5042 4 5089 5042 5003 5047 4 5091 5045 5000
5044 4 5092 5046 5001 5045 4 5093 5048 5004
5046 4 5094 5049 5005 5048 4 5095 2203 2144
5049 4 5096 5007 5050 5097 4 5050 5008 5052
5098 3 5052 5051 5099 4 5053 5010 5054 5100
4 5054 5018 5060 5101 3 5055 5017 5102 4
5057 5012 5056 5103 4 5104 5058 5014 5059 4
5059 5055 5102 5105 5 5106 5107 5108 5109 5110
5 5111 5112 5113 5114 5115 5 5116 5117 5106
5110 5118 4 5060 5020 5062 5119 4 5120 5121
5062 5061 4 5122 5120 5061 5063 4 5065 5064
5123 5124 4 5122 5063 5065 5124 6 5125 5066
5067 5068 5070 5126 4 5070 5069 5127 5128 4
5129 5071 5026 5073 4 5073 5028 5074 5130 4
5074 5029 5075 5131 4 5075 5057 5103 5132 4
5089 5047 5076 5133 4 5077 5035 5080 5134 5
5080 5079 5135 5136 5137 4 5138 5079 5078 5087
6 5139 5140 5141 5142 5082 5081 4 5143 5084
5037 5082 4 5139 5081 5077 5134 4 5083 5038
5085 5144 4 5145 5086 5039 5083 4 5146 5147
5085 5084 4 5148 5088 5041 5086 4 5138 5087
5043 5090 4 5149 5091 5044 5088 4 5090 5089
5133 5150 4 5151 5092 5045 5091 4 5152 5093
5046 5092 4 5153 5094 5048 5093 4 5154 5095
5049 5094 4 2364 2256 2203 5095 4 5155 5156
5096 5097 4 5097 5050 5098 5157 4 5098 5052
5099 5158 3 5159 5053 5100 4 5100 5054 5101
5160 4 5101 5060 5119 5161 4 5103 5056 5162
5163 4 5164 5104 5059 5105 4 5105 5102 5165
5166 5 5167 5109 5108 5168 5169 4 5170 5171
5108 5107 4 5172 5170 5107 5106 4 5173 5111
5115 5174 5 5175 5176 5177 5112 5111 6 5115
5114 5178 5179 5180 5181 4 5182 5183 5114 5113
4 5184 5182 5113 5112 5 5185 5186 5116 5118
5187 4 5117 5116 5188 5189 4 5172 5106 5117
5189 4 5119 5062 5121 5190 4 5191 5192 5121
5120 4 5193 5191 5120 5122 5 5124 5123 5125
5126 5194 4 5193 5122 5124 5194 4 5126 5070
5128 5195 3 5128 5127 5196 4 5129 5073 5130
5197 4 5130 5074 5131 5198 4 5131 5075 5132
5199 4 5132 5103 5163 5200 4 5134 5080 5137
5201 5 5137 5136 5202 5203 5204 4 5205 5206
5136 5135 4 5205 5135 5079 5138 4 5207 5208
5142 5141 5 5143 5082 5142 5209 5210 4 5211
5207 5141 5140 4 5140 5139 5134 5201 4 5212
5146 5084 5143 4 5213 5145 5083 5144 4 5144
5085 5147 5214 4 5215 5148 5086 5145 4 5216
5217 5147 5146 4 5218 5149 5088 5148 4 5205
5138 5090 5150 4 5219 5151 5091 5149 4 5150
5133 5220 5221 4 5222 5152 5092 5151 4 5223
5153 5093 5152 4 5224 5154 5094 5153 4 2423
2364 5095 5154 4 5225 5155 5097 5157 4 5157
5098 5158 5226 3 5158 5099 5227 5 5228 5159
5100 5160 5229 4 5160 5101 5161 5230 4 5161
5119 5190 5231 3 5163 5162 5232 4 5164 5105
5166 5233 3 5234 5104 5164 4 5166 5165 5235
5236 8 3946 3945 3866 5237 5238 5239 5240 5241
5 5242 5167 5169 5243 5244 4 5168 5108 5171
5245 4 5169 5168 5245 5246 4 5247 5248 5171
5170 4 5249 5247 5170 5172 4 5250 5173 5174
5251 4 5252 5175 5111 5173 5 5174 5115 5181
5253 5254 6 5255 5256 5257 5258 5176 5175 4
5177 5176 5259 5260 4 5184 5112 5177 5260 4
5180 5179 5261 5262 4 5181 5180 5262 5263 4
5178 5114 5183 5264 4 5179 5178 5264 5265 4
5266 5267 5183 5182 4 5268 5266 5182 5184 6
5210 5269 5270 5271 5272 5273 4 5212 5143 5210
5273 5 5185 5187 5274 5275 5276 4 5277 5188
5116 5186 4 5278 5277 5186 5185 4 5189 5188
5279 5280 4 5249 5172 5189 5280 4 5190 5121
5192 5281 4 5282 5283 5192 5191 4 5284 5282
5191 5193 4 5194 5126 5195 5285 4 5284 5193
5194 5285 5 5195 5128 5196 5286 5287 3 5288
5289 5290 4 5291 5129 5197 5292 4 5197 5130
5198 5293 4 5198 5131 5199 5294 4 5199 5132
5200 5295 4 5200 5163 5232 5296 4 5201 5137
5204 5297 5 5204 5203 5298 5299 5300 4 5301
5302 5203 5202 4 5301 5202 5136 5206 4 5206
5205 5150 5221 4 5209 5142 5208 5303 4 5304
5305 5208 5207 4 5269 5210 5209 5303 4 5211
5140 5201 5297 4 5306 5304 5207 5211 4 5307
5216 5146 5212 4 5308 5213 5144 5214 4 5309
5215 5145 5213 4 5214 5147 5217 5310 4 5311
5218 5148 5215 4 5312 5313 5217 5216 4 5314
5219 5149 5218 4 5315 5222 5151 5219 4 5221
5220 5316 5317 4 5318 5223 5152 5222 4 5319
5224 5153 5223 4 5320 2423 5154 5224 3 5321
5228 5229 4 5322 5225 5157 5226 4 5226 5158
5227 5323 4 5229 5160 5230 5324 4 5230 5161
5231 5325 4 5231 5190 5281 5326 3 5327 5328
5329 4 5330 5234 5164 5233 4 5233 5166 5236
5331 4 5236 5235 5327 5329 4 5332 4014 3946
5241 4 5332 5241 5240 5333 4 5334 5335 5238
5237 4 5334 5237 3866 3785 4 5239 5238 5336
5337 4 5240 5239 5337 5338 5 3303 3302 5242
5244 5339 4 5243 5169 5246 5340 4 5244 5243
5340 5341 4 5245 5171 5248 5342 4 5246 5245
5342 5343 5 5344 5345 5346 5248 5247 5 5347
5348 5344 5247 5249 4 5349 5350 5351 5352 4
5353 5354 5355 5349 4 5353 5349 5352 5356 4
5357 5350 5349 5355 4 5358 5250 5251 5359 5
5251 5174 5254 5360 5361 4 5362 5252 5173 5250
4 5363 5255 5175 5252 4 5253 5181 5263 5364
4 5254 5253 5364 5365 4 5366 5259 5176 5258
4 5367 5366 5258 5257 4 5368 5369 5257 5256
4 5370 5368 5256 5255 4 5260 5259 5371 5372
4 5268 5184 5260 5372 4 5373 5261 5179 5265
4 5262 5261 5374 5375 4 5263 5262 5375 5376
4 5264 5183 5267 5377 4 5326 5265 5264 5377
4 5378 5379 5380 5381 4 5382 5383 5378 5381
4 5381 5380 5267 5266 4 5382 5381 5266 5268
6 5354 5384 5347 5385 5272 5386 4 5355 5354
5386 5387 4 5388 5357 5355 5387 4 5271 5270
5388 5387 4 5271 5387 5386 5272 4 5273 5272
5385 5389 4 5390 5270 5269 5303 4 5307 5212
5273 5389 4 5391 5278 5185 5276 4 5391 5276
5275 5392 5 5275 5274 5393 5394 5395 4 5396
5279 5188 5277 4 5396 5277 5278 5312 4 5280
5279 5389 5385 4 5280 5385 5347 5249 4 5281
5192 5283 5373 4 5397 5374 5283 5282 4 5398
5397 5282 5284 4 5285 5195 5287 5399 4 5398
5284 5285 5399 5 5287 5286 5288 5290 5400 4
5290 5289 5401 5402 4 5403 5291 5292 5404 4
5292 5197 5293 5405 4 5293 5198 5294 5406 4
5294 5199 5295 5407 4 5295 5200 5296 5408 3
5409 5410 5411 4 5296 5232 5409 5411 4 5297
5204 5300 5412 5 5300 5299 5413 5414 5415 4
5298 5203 5302 5416 4 5299 5298 5416 5417 4
5317 5418 5302 5301 4 5206 5221 5317 5301 4
5390 5303 5208 5305 4 5419 5420 5305 5304 4
5306 5211 5297 5412 4 5421 5419 5304 5306 4
5396 5312 5216 5307 4 5308 5214 5310 5422 4
5423 5309 5213 5308 4 5424 5311 5215 5309 4
5425 5310 5217 5313 4 5426 5314 5218 5311 4
5313 5312 5278 5391 4 5427 5315 5219 5314 4
5428 5318 5222 5315 4 5418 5317 5316 5429 4
5430 5319 5223 5318 4 5431 5320 5224 5319 4
5432 2424 2423 5320 4 5433 5321 5229 5324 3
5434 5228 5321 4 5322 5226 5323 5435 3 5436
5225 5322 4 5323 5227 5437 5438 4 5439 5324
5230 5325 4 5325 5231 5326 5377 4 5281 5373
5265 5326 3 5329 5328 5440 3 5328 5327 5441
4 5330 5233 5331 5442 5 5331 5236 5329 5440
5443 4 5444 5445 5335 5334 4 5444 5334 3785
3713 4 5446 4083 4014 5332 4 5446 5332 5333
5447 4 5333 5240 5338 5448 4 5449 5336 5238
5335 4 5337 5336 5450 5451 4 5338 5337 5451
5452 6 5453 3380 3379 3378 5454 5455 6 5456
5457 5453 5455 5458 5459 4 5460 3314 3303 5339
4 5460 5339 5244 5341 4 5461 5462 5463 5464
4 5456 5459 5465 5461 4 5457 5456 5461 5464
4 5466 5462 5461 5465 4 5340 5246 5343 5467
4 5341 5340 5467 5468 5 5342 5248 5346 5469
5470 5 5343 5342 5470 5471 5472 4 5473 5474
5475 5476 4 5477 5478 5479 5473 4 5477 5473
5476 5480 4 5481 5474 5473 5479 4 5345 5344
5482 5483 4 5484 5346 5345 5483 4 5348 5347
5384 5485 4 5482 5344 5348 5485 4 5486 5487
5484 5483 4 5356 5486 5483 5482 4 5485 5384
5354 5353 4 5356 5482 5485 5353 4 5488 5489
5487 5486 4 5488 5486 5356 5352 4 5490 5491
5489 5488 4 5490 5488 5352 5351 4 5492 5493
5351 5350 4 5494 5492 5350 5357 4 5358 5359
5495 5496 5 5359 5251 5361 5497 5498 4 5499
5362 5250 5358 4 5500 5501 5361 5360 4 5500
5360 5254 5365 4 5502 5363 5252 5362 5 5370
5255 5363 5503 5504 4 5364 5263 5376 5505 4
5365 5364 5505 5506 4 5507 5371 5259 5366 4
5367 5257 5369 5508 4 5509 5507 5366 5367 4
5510 5511 5369 5368 4 5510 5368 5370 5504 3
5512 5383 5382 4 5372 5371 5513 5514 5 5512
5382 5268 5372 5514 3 5380 5379 5439 4 5373
5283 5374 5261 4 5375 5374 5397 5515 4 5376
5375 5515 5516 5 5267 5380 5439 5325 5377 4
5517 5433 5379 5378 4 5518 5517 5378 5383 4
5514 5513 5519 5520 5 5512 5514 5520 5521 5518
4 5522 5494 5357 5388 4 5522 5388 5270 5390
4 5389 5279 5396 5307 4 5425 5313 5391 5392
4 5523 5392 5275 5395 5 5524 5525 5394 5393
5526 4 5527 5523 5395 5394 4 5528 5515 5397
5398 4 5399 5287 5400 5529 4 5528 5398 5399
5529 4 5400 5290 5402 5530 4 5402 5401 5531
5532 3 5411 5410 5533 4 5534 5403 5404 5535
4 5404 5292 5405 5536 4 5405 5293 5406 5537
4 5406 5294 5407 5538 4 5407 5295 5408 5539
5 5540 5408 5296 5411 5533 3 5410 5409 5541
4 5412 5300 5415 5542 5 5415 5414 5543 5544
5545 4 5413 5299 5417 5546 4 5414 5413 5546
5547 4 5416 5302 5418 5534 4 5417 5416 5534
5535 4 5522 5390 5305 5420 4 5548 5549 5420
5419 4 5421 5306 5412 5542 4 5550 5548 5419
5421 4 5423 5308 5422 5551 4 5552 5422 5310
5425 4 5553 5424 5309 5423 4 5554 5426 5311
5424 4 5555 5427 5314 5426 4 5556 5428 5315
5427 4 5557 5430 5318 5428 4 5403 5534 5418
5429 4 5558 5431 5319 5430 4 5559 5432 5320
5431 4 2612 2483 2424 5432 4 5324 5439 5379
5433 5 5560 5434 5321 5433 5517 4 5561 5436
5322 5435 4 5435 5323 5438 5562 4 5563 5438
5437 5564 5 5541 5565 5566 5540 5533 3 5440
5328 5441 3 5567 5330 5442 4 5442 5331 5443
5568 5 5443 5440 5441 5569 5570 4 5571 5572
5573 5574 4 5571 5574 5445 5444 4 5571 5444
3713 3639 4 5572 5571 3639 3557 4 5449 5335
5445 5575 4 5449 5575 5576 5577 4 5450 5336
5449 5577 4 5578 4157 4083 5446 4 5579 5578
5446 5447 4 5447 5333 5448 5580 4 5448 5338
5452 5581 4 5451 5450 5582 5583 4 5452 5451
5583 5584 5 5585 5586 3431 3380 5453 4 5454
3378 3428 5587 4 5455 5454 5587 5588 6 5589
5590 5585 5453 5457 5591 4 5458 5455 5588 5592
4 5459 5458 5592 5593 4 5594 3331 3314 5460
4 5594 5460 5341 5468 4 5465 5459 5593 5595
4 5596 5466 5465 5595 4 5597 5598 5596 5595
4 5597 5595 5593 5599 4 5464 5463 5600 5601
4 5601 5602 5589 5591 4 5464 5601 5591 5457
4 5602 5601 5600 5603 4 5604 5605 5463 5462
4 5606 5604 5462 5466 4 5607 5608 5609 5606
4 5607 5606 5466 5596 4 5610 5480 5608 5607
4 5610 5607 5596 5598 4 5604 5606 5609 5611
5 5612 5605 5604 5611 5613 5 5467 5343 5472
5614 5615 5 5468 5467 5615 5616 5617 4 5618
5619 5598 5597 4 5620 5621 5622 5618 4 5620
5618 5597 5599 4 5619 5618 5622 5623 4 5624
5625 5478 5477 4 5624 5477 5480 5610 4 5624
5610 5598 5619 4 5625 5624 5619 5623 4 5626
5609 5608 5627 6 5628 5629 5630 5631 5626 5627
4 5627 5608 5480 5476 4 5628 5627 5476 5475
6 5632 5611 5609 5626 5633 5634 4 5635 5632
5634 5636 4 5637 5612 5613 5635 4 5638 5637
5635 5636 4 5611 5632 5635 5613 4 5639 5631
5630 5640 4 5639 5640 5641 5642 4 5639 5642
5634 5633 4 5631 5639 5633 5626 4 5469 5346
5484 5643 4 5470 5469 5643 5644 4 5471 5470
5644 5645 4 5646 5472 5471 5645 4 5479 5478
5646 5645 4 5481 5479 5645 5644 4 5643 5484
5487 5647 4 5481 5644 5643 5647 4 5648 5649
5475 5474 4 5648 5474 5481 5647 4 5648 5647
5487 5489 4 5649 5648 5489 5491 4 5650 5651
5652 5653 4 5650 5653 5654 5655 4 5650 5655
5656 5657 4 5493 5651 5650 5657 5 5490 5351
5493 5657 5656 5 5491 5490 5656 5658 5659 6
5660 5661 5652 5651 5493 5492 4 5549 5660 5492
5494 4 5580 5499 5358 5496 5 5495 5359 5498
5662 5663 4 5496 5495 5664 5579 4 5665 5666
5498 5497 4 5665 5497 5361 5501 4 5581 5502
5362 5499 4 5667 5668 5501 5500 4 5667 5500
5365 5506 4 5584 5503 5363 5502 6 5504 5503
5669 5670 5671 5672 4 5505 5376 5516 5673 4
5506 5505 5673 5674 4 5675 5513 5371 5507 4
5676 5509 5367 5508 4 5508 5369 5511 5677 4
5678 5675 5507 5509 4 5679 5680 5511 5510 4
5679 5510 5504 5672 3 5512 5518 5383 4 5681
5516 5515 5528 4 5676 5508 5677 5682 4 5520
5519 5683 5563 4 5684 5519 5513 5675 4 5521
5520 5563 5564 4 5685 5686 5687 5688 4 5689
5690 5685 5688 4 5688 5687 5691 5692 4 5689
5688 5692 5693 4 5694 5695 5686 5696 4 5694
5696 5697 5698 4 5699 5700 5695 5694 4 5699
5694 5698 5701 4 5687 5686 5695 5702 4 5703
5691 5687 5702 4 5702 5695 5700 5704 4 5703
5702 5704 5705 4 5522 5420 5549 5494 4 5552
5425 5392 5523 5 5706 5707 5524 5526 5708 4
5709 5527 5394 5525 4 5710 5709 5525 5524 4
5552 5523 5527 5711 4 5529 5400 5530 5712 4
5681 5528 5529 5712 4 5530 5402 5532 5713 4
5532 5531 5714 5715 3 5410 5541 5533 4 5535
5404 5536 5716 4 5536 5405 5537 5717 4 5537
5406 5538 5718 4 5538 5407 5539 5719 4 5720
5539 5408 5540 4 5542 5415 5545 5721 5 5545
5544 5722 5723 5724 4 5725 5726 5544 5543 4
5725 5543 5414 5547 4 5546 5417 5535 5716 4
5727 5547 5546 5716 5 5728 5729 5660 5549 5548
4 5550 5421 5542 5721 5 5730 5731 5728 5548
5550 4 5553 5423 5551 5732 4 5551 5422 5552
5711 4 5733 5554 5424 5553 4 5734 5555 5426
5554 4 5735 5556 5427 5555 4 5736 5557 5428
5556 4 5737 5558 5430 5557 4 5738 5559 5431
5558 4 2685 2612 5432 5559 4 5739 5561 5435
5562 4 5562 5438 5563 5683 4 5740 5720 5540
5566 3 5566 5565 5741 4 5742 5567 5442 5568
4 5568 5443 5570 5743 3 5570 5569 5744 4
5574 5573 5745 5746 4 5747 5573 5572 5748 4
5748 3487 3431 5586 4 5747 5748 5586 5585 4
3487 5748 5572 3557 4 5575 5445 5574 5746 4
5749 5576 5575 5746 4 5750 5749 5746 5745 4
5577 5576 5751 5752 4 5582 5450 5577 5752 4
5753 4230 4157 5578 4 5447 5580 5496 5579 4
5753 5578 5579 5664 4 5448 5581 5499 5580 4
5452 5584 5502 5581 5 5583 5582 5754 5755 5669
4 5583 5669 5503 5584 4 5587 3428 3486 5756
4 5588 5587 5756 5757 4 5758 5599 5593 5592
4 5758 5592 5588 5757 4 5759 5747 5585 5590
4 5760 5759 5590 5589 5 5761 5762 3358 3331
5594 5 5763 5761 5594 5468 5617 4 3528 3461
5764 5765 4 5756 3486 3528 5765 4 5766 5757
5756 5765 4 5766 5765 5764 5767 4 5768 5769
5621 5620 4 5768 5620 5599 5758 4 5768 5758
5757 5766 4 5769 5768 5766 5767 4 5770 5771
5772 5773 4 5760 5589 5602 5770 4 5760 5770
5773 5750 4 5771 5770 5602 5603 4 5600 5463
5605 5774 4 5775 5603 5600 5774 4 5776 5777
5775 5774 5 5778 5776 5774 5605 5612 4 5614
5472 5646 5779 4 5615 5614 5779 5780 4 5781
5782 5617 5616 4 5781 5616 5615 5780 4 5622
5621 5782 5781 4 5623 5622 5781 5780 4 5779
5646 5478 5625 4 5623 5780 5779 5625 4 5783
5630 5629 5784 4 5785 5786 5783 5784 4 5787
5788 5785 5784 4 5787 5784 5629 5628 5 5649
5491 5659 5789 5788 5 5475 5649 5788 5787 5628
4 5640 5630 5783 5790 4 5791 5641 5640 5790
4 5790 5783 5786 5792 4 5793 5791 5790 5792
4 5794 5795 5796 5797 4 5642 5641 5794 5797
4 5797 5796 5638 5636 4 5634 5642 5797 5636
4 5798 5799 5800 5801 4 5801 5778 5612 5637
4 5798 5801 5637 5638 4 5776 5778 5801 5800
4 5802 5803 5804 5805 4 5655 5654 5802 5805
4 5805 5804 5659 5658 4 5655 5805 5658 5656
4 5653 5652 5806 5807 4 5808 5654 5653 5807
4 5806 5652 5661 5809 4 5810 5811 5806 5809
4 5729 5728 5810 5809 4 5660 5729 5809 5661
4 5807 5806 5811 5812 4 5808 5807 5812 5813
5 5664 5495 5663 5814 5815 4 5816 5817 5663
5662 4 5816 5662 5498 5666 4 5818 5819 5666
5665 4 5818 5665 5501 5668 4 5820 5821 5668
5667 4 5820 5667 5506 5674 4 5679 5672 5671
5822 4 5823 5824 5671 5670 4 5823 5670 5669
5755 4 5673 5516 5681 5825 4 5674 5673 5825
5826 3 5827 5828 5829 4 5830 5678 5509 5676
5 5677 5511 5680 5827 5829 4 5831 5684 5675
5678 4 5680 5679 5822 5832 4 5830 5676 5682
5833 4 5834 5682 5677 5829 4 5683 5519 5684
5835 4 5739 5562 5683 5835 6 5836 5690 5689
5693 5837 5838 4 5839 5840 5841 5842 4 5842
5696 5686 5685 4 5839 5842 5685 5690 4 5697
5696 5842 5841 4 5692 5691 5843 5844 4 5845
5693 5692 5844 4 5844 5843 5846 5847 4 5845
5844 5847 5848 4 5698 5697 5849 5850 4 5851
5852 5700 5699 4 5853 5851 5699 5701 4 5701
5698 5850 5854 4 5855 5843 5691 5703 4 5856
5855 5703 5705 4 5704 5700 5852 5857 4 5705
5704 5857 5858 5 5859 5860 5706 5708 5861 4
5862 5710 5524 5707 4 5863 5862 5707 5706 4
5864 5711 5527 5709 4 5865 5864 5709 5710 4
5712 5530 5713 5866 4 5825 5681 5712 5866 4
5713 5532 5715 5867 3 5715 5714 5868 4 5727
5716 5536 5717 4 5717 5537 5718 5869 4 5718
5538 5719 5870 4 5871 5719 5539 5720 5 5721
5545 5724 5872 5873 7 5874 5875 5724 5723 5876
5877 5878 4 5879 5880 5723 5722 4 5879 5722
5544 5726 4 5881 5882 5726 5725 4 5881 5725
5547 5727 5 5883 5730 5550 5721 5873 4 5884
5810 5728 5731 4 5885 5884 5731 5730 4 5886
5733 5553 5732 4 5732 5551 5711 5864 4 5734
5554 5733 5887 4 5888 5735 5555 5734 4 5736
5556 5735 5889 4 5890 5737 5557 5736 4 5738
5558 5737 5891 4 5892 2685 5559 5738 3 5893
5561 5739 4 5894 5740 5566 5741 4 5895 5871
5720 5740 4 5896 5742 5568 5743 4 5743 5570
5744 5897 4 5745 5573 5747 5759 4 5745 5759
5760 5750 4 5898 5751 5576 5749 4 5898 5749
5750 5773 4 5752 5751 5899 5900 4 5754 5582
5752 5900 5 5901 5902 4317 4230 5753 5 5903
5901 5753 5664 5815 4 5823 5755 5754 5904 4
5905 3404 3358 5762 4 5906 5905 5762 5761 4
5763 5617 5782 5907 4 5906 5761 5763 5907 4
5764 3461 3404 5905 4 5767 5764 5905 5906 4
5907 5782 5621 5769 4 5767 5906 5907 5769 4
5898 5773 5772 5908 4 5909 5910 5772 5771 4
5909 5771 5603 5775 4 5909 5775 5777 5911 4
5910 5909 5911 5912 6 5777 5776 5800 5799 5913
5914 4 5915 5804 5803 5916 4 5915 5916 5786
5785 4 5789 5659 5804 5915 4 5788 5789 5915
5785 4 5917 5793 5792 5918 4 5918 5916 5803
5919 4 5920 5917 5918 5919 4 5786 5916 5918
5792 3 5791 5793 5921 4 5921 5922 5795 5794
4 5791 5921 5794 5641 4 5923 5796 5795 5924
4 5923 5924 5925 5926 4 5798 5638 5796 5923
4 5799 5798 5923 5926 4 5927 5919 5803 5802
4 5927 5802 5654 5808 4 5927 5808 5813 5928
4 5920 5919 5927 5928 4 5929 5930 5885 5931
4 5932 5933 5929 5931 4 5883 5873 5932 5931
4 5883 5931 5885 5730 4 5934 5811 5810 5884
4 5934 5884 5885 5930 3 5935 5928 5813 4
5812 5811 5934 5936 4 5935 5813 5812 5936 4
5936 5934 5930 5937 4 5938 5935 5936 5937 4
5814 5663 5817 5939 4 5815 5814 5939 5940 4
5941 5942 5817 5816 4 5941 5816 5666 5819 4
5943 5944 5819 5818 4 5943 5818 5668 5821 4
5945 5946 5821 5820 4 5945 5820 5674 5826 4
5822 5671 5824 5947 4 5948 5824 5823 5904 4
5949 5826 5825 5866 3 5834 5829 5828 3 5950
5828 5827 4 5951 5831 5678 5830 5 5952 5950
5827 5680 5832 4 5835 5684 5831 5953 4 5832
5822 5947 5954 3 5951 5830 5833 4 5955 5836
5838 5956 4 5893 5739 5835 5953 6 5957 5958
5840 5839 5690 5836 4 5959 5960 5838 5837 4
5959 5837 5693 5845 4 5961 5962 5960 5959 4
5961 5959 5845 5848 4 5841 5840 5963 5964 4
5849 5697 5841 5964 4 5847 5846 5965 5966 4
5848 5847 5966 5967 4 5968 5846 5843 5855 4
5969 5970 5962 5961 4 5969 5961 5848 5967 4
5971 5972 5970 5969 4 5973 5971 5969 5967 4
5974 5973 5967 5966 4 5975 5974 5966 5965 4
5850 5849 5976 5977 4 5978 5874 5878 5979 4
5854 5980 5978 5979 4 5853 5701 5854 5979 4
5853 5979 5878 5877 4 5980 5854 5850 5977 4
5981 5982 5852 5851 4 5981 5851 5853 5877 4
5856 5705 5858 5983 4 5968 5855 5856 5984 4
5985 5857 5852 5982 4 5965 5846 5968 5986 4
5987 5975 5965 5986 4 5986 5968 5984 5988 4
5989 5987 5986 5988 5 5984 5856 5983 5990 5991
5 5988 5984 5991 5992 5993 4 5989 5988 5993
5994 5 5859 5861 5995 5996 5997 4 5998 5863
5706 5860 4 5999 5998 5860 5859 4 6000 5865
5710 5862 4 6001 6000 5862 5863 4 5886 5732
5864 5865 4 6002 5888 5734 5887 4 6003 5890
5736 5889 4 6004 5892 5738 5891 4 5949 5866
5713 5867 5 5867 5715 5868 6005 6006 3 6007
6008 6009 4 5881 5727 5717 5869 5 5869 5718
5870 6007 6009 3 5870 5719 5871 4 6010 5932
5873 5872 4 6010 5872 5724 5875 4 6010 5875
5874 6011 4 5876 5723 5880 6012 4 5981 5877
5876 6012 4 6013 6014 5880 5879 4 6013 5879
5726 5882 3 6009 6008 6015 5 5882 5881 5869
6009 6015 4 6016 5887 5733 5886 4 6017 5889
5735 5888 4 6018 5891 5737 5890 4 6019 2686
2685 5892 4 6020 5894 5741 6021 4 6022 5895
5740 5894 4 5896 5743 5897 6023 4 5994 6024
5742 5896 4 5897 5744 6025 6026 4 5899 5751
5898 5908 4 5900 5899 6027 6028 6 5948 5904
5754 5900 6028 6029 4 6030 4386 4317 5902 4
6031 6030 5902 5901 4 5903 5815 5940 6032 4
6031 5901 5903 6032 4 6033 5908 5772 5910 5
5911 5777 5914 6034 6035 4 6033 5910 5912 6036
4 5912 5911 6035 5955 4 5913 5799 5926 6037
4 5914 5913 6037 6038 3 6039 6040 6041 3
6041 6042 6043 3 6039 6041 6043 3 6042 6041
6040 4 6044 6045 6046 6047 4 6044 6047 5925
6048 4 6049 6050 6045 6044 4 6051 6049 6044
6048 3 6052 6051 6048 4 5924 5795 5922 6052
4 5924 6052 6048 5925 4 6053 6038 6046 6054
4 6053 6054 5957 6055 4 6034 5914 6038 6053
4 6035 6034 6053 6055 4 6047 6046 6038 6037
4 5925 6047 6037 5926 4 5933 5932 6010 6011
4 6056 5937 5930 5929 4 6057 6056 5929 5933
4 6058 6011 5874 5978 4 6058 5978 5980 6059
4 6057 5933 6011 6058 4 6057 6058 6059 6060
4 6056 6057 6060 6061 4 5938 5937 6056 6061
4 5939 5817 5942 6062 4 5940 5939 6062 6063
4 6064 6065 5942 5941 4 6064 5941 5819 5944
4 6066 6067 5944 5943 4 6066 5943 5821 5946
4 6068 6069 5946 5945 4 6068 5945 5826 5949
4 5947 5824 5948 6070 3 5834 5828 5950 4
5953 5831 5951 6071 4 6072 5952 5832 5954 4
5954 5947 6070 6073 4 6033 6036 6074 6027 4
6036 5912 5955 5956 5 5955 6035 6055 5957 5836
6 6075 6076 5956 5838 5960 5962 4 6075 5962
5970 6077 4 6078 6076 6075 6077 4 6077 5970
5972 6079 4 6078 6077 6079 6080 3 5893 5953
6071 4 6081 5963 5840 5958 4 6081 5958 5957
6054 4 6082 5976 5849 5964 4 6082 5964 5963
6050 4 6083 6084 5972 5971 4 6085 6083 5971
5973 5 6086 6087 6085 5973 5974 5 6088 6089
6086 5974 5975 4 5977 5976 6090 6091 4 6059
5980 5977 6091 4 5982 5981 6012 6092 4 6093
5985 5982 6092 4 6094 6088 5975 5987 4 6023
6094 5987 5989 3 5991 5990 6095 3 5992 5991
6095 4 5994 5896 6023 5989 3 6024 5994 5993
4 6096 5999 5859 5997 4 6096 5997 5996 6097
4 6098 6001 5863 5998 4 6099 6098 5998 5999
4 6016 5886 5865 6000 4 6016 6000 6001 6100
4 6002 5887 6016 6100 4 6017 5888 6002 6101
4 6017 6101 6102 6103 4 6003 5889 6017 6103
4 6018 5890 6003 6104 4 6018 6104 6105 6106
4 6004 5891 6018 6106 4 6019 5892 6004 6107
4 6019 6107 2989 2914 4 2686 6019 2914 2768
4 6068 5949 5867 6006 4 6006 6005 6108 6109
3 6110 6111 6112 3 6008 6007 6113 3 6114
6020 6021 4 6092 6012 5880 6014 3 6015 6008
6113 4 6115 6116 6014 6013 5 6115 6013 5882
6015 6113 5 6117 6118 6022 5894 6020 4 6094
6023 5897 6026 3 6026 6025 6119 4 5908 6033
6027 5899 6 6028 6027 6074 6120 6121 6122 4
6123 6070 5948 6029 4 6123 6029 6028 6122 4
6124 4444 4386 6030 4 6125 6124 6030 6031 4
6032 5940 6063 6126 4 6125 6031 6032 6126 4
6049 6051 6040 6039 5 6043 6042 6090 5976 6082
5 6043 6082 6050 6049 6039 4 6081 6054 6046
6045 4 6050 5963 6081 6045 3 6060 6059 6091
4 6062 5942 6065 6127 4 6063 6062 6127 6128
4 6129 6130 6065 6064 4 6129 6064 5944 6067
4 6131 6132 6067 6066 4 6131 6066 5946 6069
4 6069 6068 6006 6109 4 6133 6072 5954 6073
4 6134 6073 6070 6123 5 6074 6036 5956 6076
6135 4 6134 6123 6122 6121 4 6120 6074 6135
6136 4 6137 6121 6120 6136 4 6136 6135 6076
6078 4 6137 6136 6078 6080 4 6134 6121 6137
6138 4 6079 5972 6084 6139 4 6080 6079 6139
6140 3 6141 6087 6086 3 6141 6086 6089 4
6119 6142 6089 6088 4 6093 6092 6014 6116 4
6094 6026 6119 6088 4 6095 5990 6117 6114 4
5992 6095 6114 6021 4 6143 6099 5999 6096 4
6143 6096 6097 6144 4 6145 6100 6001 6098 4
6145 6098 6099 6146 4 6101 6002 6100 6145 4
6102 6101 6145 6146 4 6103 6102 6147 6148 4
6104 6003 6103 6148 4 6148 6147 6149 6150 4
6105 6104 6148 6150 4 6151 6152 6153 6154 4
6106 6105 6151 6154 4 6107 6004 6106 6154 4
2989 6107 6154 6153 5 6109 6108 6110 6112 6155
4 6112 6111 6156 6157 3 6114 6117 6020 4
6158 4498 4444 6124 4 6159 6158 6124 6125 4
6126 6063 6128 6160 4 6159 6125 6126 6160 4
6127 6065 6130 6161 4 6128 6127 6161 6162 4
6163 6164 6130 6129 4 6163 6129 6067 6132 4
6155 6165 6132 6131 4 6069 6109 6155 6131 4
6133 6073 6134 6138 4 6138 6137 6080 6140 3
6142 6087 6141 3 6089 6142 6141 4 6166 6146
6099 6143 4 6166 6143 6144 6167 4 6147 6102
6146 6166 4 6149 6147 6166 6167 4 6150 6149
6168 6169 4 6151 6105 6150 6169 4 6169 6168
6170 6171 4 6152 6151 6169 6171 4 6165 6155
6112 6157 4 6172 6157 6156 6173 4 6174 4554
4498 6158 4 6175 6174 6158 6159 4 6160 6128
6162 6176 4 6175 6159 6160 6176 4 6161 6130
6164 6177 4 6162 6161 6177 6178 3 6172 6173
6179 4 6180 6181 6164 6163 4 6180 6163 6132
6165 3 6133 6138 6140 4 6180 6165 6157 6172
4 6182 4610 4554 6174 4 6183 6182 6174 6175
4 6176 6162 6178 6184 4 6183 6175 6176 6184
4 6185 6177 6164 6181 5 6181 6180 6172 6179
6186 3 6187 6188 6189 3 6185 6181 6186 4
6190 6187 6189 6191 4 6189 6188 6192 6193 3
6194 6190 6191 4 6191 6189 6193 6195 3 6192
6188 6196 4 6193 6192 6197 6198 4 6199 6194
6191 6195 4 6195 6193 6198 6200 4 6197 6192
6196 6201 4 6198 6197 6202 6203 4 6204 6199
6195 6200 3 6205 6194 6199 4 6200 6198 6203
6206 3 6202 6197 6201 3 6203 6202 6207 4
6208 6204 6200 6206 4 6209 6205 6199 6204 4
6206 6203 6207 6210 3 6208 6206 6210 3 6209
6204 6208 4 6211 6212 6213 6214 4 6215 6211
6214 6216 4 6217 6213 6212 6218 4 6214 6213
6219 6220 4 6221 6215 6216 6222 4 6216 6214
6220 6223 4 6224 6217 6218 6225 4 6226 6219
6213 6217 4 6220 6219 6227 6228 5 6221 6222
6229 6230 6231 4 6222 6216 6223 6232 4 6223
6220 6228 6233 4 6234 6224 6225 6235 4 6236
6226 6217 6224 4 6237 6227 6219 6226 4 6228
6227 6238 6239 5 6240 6221 6231 6241 6242 5
6243 6244 6229 6222 6232 4 6230 6229 6245 6246
4 6231 6230 6246 6247 4 6232 6223 6233 6248
4 6233 6228 6239 6249 4 6250 6234 6235 6251
4 6252 6236 6224 6234 4 6253 6237 6226 6236
4 6254 6238 6227 6237 4 6239 6238 6255 6256
5 5996 5995 6240 6242 6257 4 6241 6231 6247
6258 4 6242 6241 6258 6259 5 6260 6261 6243
6232 6248 4 6244 6243 6262 6263 4 6245 6229
6244 6263 4 6246 6245 6264 6265 4 6247 6246
6265 6266 4 6248 6233 6249 6267 4 6249 6239
6256 6268 4 6269 6250 6251 6270 4 6271 6252
6234 6250 4 6272 6253 6236 6252 4 6273 6254
6237 6253 4 6274 6255 6238 6254 4 6256 6255
6275 6276 4 6277 6097 5996 6257 4 6277 6257
6242 6259 4 6258 6247 6266 6278 4 6259 6258
6278 6279 5 6280 6281 6260 6248 6267 4 6282
6262 6243 6261 4 6283 6282 6261 6260 4 6263
6262 6284 6285 4 6264 6245 6263 6285 4 6265
6264 6286 6287 4 6266 6265 6287 6288 4 6267
6249 6268 6289 4 6268 6256 6276 6290 4 6291
6269 6270 6292 4 6293 6271 6250 6269 4 6294
6272 6252 6271 4 6295 6273 6253 6272 4 6296
6274 6254 6273 4 6297 6275 6255 6274 4 6276
6275 6298 6299 4 6300 6144 6097 6277 4 6300
6277 6259 6279 4 6278 6266 6288 6301 4 6279
6278 6301 6302 5 6303 6304 6280 6267 6289 4
6305 6283 6260 6281 4 6306 6305 6281 6280 4
6307 6284 6262 6282 4 6308 6307 6282 6283 4
6285 6284 6309 6310 4 6286 6264 6285 6310 4
6287 6286 6311 6312 4 6288 6287 6312 6313 4
6289 6268 6290 6314 4 6290 6276 6299 6315 4
6316 6291 6292 6317 4 6318 6293 6269 6291 4
6319 6294 6271 6293 4 6320 6295 6272 6294 4
6321 6296 6273 6295 4 6322 6297 6274 6296 4
6323 6298 6275 6297 4 6299 6298 6324 6325 4
6326 6167 6144 6300 4 6326 6300 6279 6302 4
6301 6288 6313 6327 4 6302 6301 6327 6170 5
6328 6329 6303 6289 6314 4 6330 6306 6280 6304
4 6331 6330 6304 6303 4 6332 6308 6283 6305
4 6333 6332 6305 6306 4 6334 6309 6284 6307
4 6335 6334 6307 6308 4 6310 6309 6336 6337
4 6311 6286 6310 6337 4 6312 6311 6338 6339
4 6313 6312 6339 6340 4 6314 6290 6315 6341
4 6315 6299 6325 6342 4 6343 6316 6317 6344
4 6345 6318 6291 6316 4 6346 6319 6293 6318
4 6347 6320 6294 6319 4 6348 6321 6295 6320
4 6349 6322 6296 6321 4 6350 6323 6297 6322
4 6351 6324 6298 6323 4 6325 6324 6352 6353
4 6168 6149 6167 6326 4 6168 6326 6302 6170
4 6327 6313 6340 6354 4 6171 6170 6327 6354
5 6355 6356 6328 6314 6341 4 6357 6331 6303
6329 4 6358 6357 6329 6328 4 6359 6333 6306
6330 4 6360 6359 6330 6331 4 6361 6335 6308
6332 4 6362 6361 6332 6333 4 6363 6336 6309
6334 4 6364 6363 6334 6335 4 6337 6336 6365
6366 4 6338 6311 6337 6366 4 6339 6338 6367
6368 4 6340 6339 6368 6369 4 6341 6315 6342
6370 4 6342 6325 6353 6371 4 6372 6343 6344
6373 4 6374 6345 6316 6343 4 6375 6346 6318
6345 4 6376 6347 6319 6346 4 6377 6348 6320
6347 4 6378 6349 6321 6348 4 6379 6350 6322
6349 4 6380 6351 6323 6350 4 6381 6352 6324
6351 4 6353 6352 6382 6383 4 6354 6340 6369
6384 4 6152 6171 6354 6384 5 6385 6386 6355
6341 6370 4 6387 6358 6328 6356 4 6388 6387
6356 6355 4 6389 6360 6331 6357 4 6390 6389
6357 6358 4 6391 6362 6333 6359 4 6392 6391
6359 6360 4 6393 6364 6335 6361 4 6394 6393
6361 6362 4 6395 6365 6336 6363 4 6396 6395
6363 6364 4 6366 6365 6397 6398 4 6367 6338
6366 6398 4 6368 6367 6399 6400 4 6369 6368
6400 6401 4 6370 6342 6371 6402 4 6371 6353
6383 6403 4 6404 6372 6373 6405 4 6406 6374
6343 6372 4 6407 6375 6345 6374 4 6408 6376
6346 6375 4 6409 6377 6347 6376 4 6410 6378
6348 6377 4 6411 6379 6349 6378 4 6412 6380
6350 6379 4 6413 6381 6351 6380 4 6414 6382
6352 6381 4 6383 6382 6415 6416 4 6384 6369
6401 6417 4 6153 6152 6384 6417 5 6418 6419
6385 6370 6402 4 6420 6388 6355 6386 4 6421
6420 6386 6385 4 6422 6390 6358 6387 4 6423
6422 6387 6388 4 6424 6392 6360 6389 4 6425
6424 6389 6390 4 6426 6394 6362 6391 4 6427
6426 6391 6392 4 6428 6396 6364 6393 4 6429
6428 6393 6394 4 6430 6397 6365 6395 4 6431
6430 6395 6396 4 6398 6397 6432 6433 4 6399
6367 6398 6433 4 6400 6399 6434 6435 4 6401
6400 6435 3063 4 6402 6371 6403 6436 4 6403
6383 6416 6437 4 6438 6404 6405 6439 4 6440
6406 6372 6404 4 6441 6407 6374 6406 4 6442
6408 6375 6407 4 6443 6409 6376 6408 4 6444
6410 6377 6409 4 6445 6411 6378 6410 4 6446
6412 6379 6411 4 6447 6413 6380 6412 4 6448
6414 6381 6413 4 6449 6415 6382 6414 4 6416
6415 6450 6451 4 6417 6401 3063 2990 4 2989
6153 6417 2990 5 6452 6453 6418 6402 6436 4
6454 6421 6385 6419 4 6455 6454 6419 6418 4
6456 6423 6388 6420 4 6457 6456 6420 6421 4
6458 6425 6390 6422 4 6459 6458 6422 6423 4
6460 6427 6392 6424 4 6461 6460 6424 6425 4
6462 6429 6394 6426 4 6463 6462 6426 6427 4
6464 6431 6396 6428 4 6465 6464 6428 6429 4
6466 6432 6397 6430 4 6467 6466 6430 6431 4
6433 6432 6468 6469 4 6434 6399 6433 6469 4
6435 6434 6470 6471 4 2988 3063 6435 6471 4
6436 6403 6437 6472 4 6437 6416 6451 6473 4
6474 6438 6439 6475 4 6476 6440 6404 6438 4
6477 6441 6406 6440 4 6478 6442 6407 6441 4
6479 6443 6408 6442 4 6480 6444 6409 6443 4
6481 6445 6410 6444 4 6482 6446 6411 6445 4
6483 6447 6412 6446 4 6484 6448 6413 6447 4
6485 6449 6414 6448 4 6486 6450 6415 6449 4
6451 6450 6487 6488 5 6489 6490 6452 6436 6472
4 6491 6455 6418 6453 4 6492 6491 6453 6452
4 6493 6457 6421 6454 4 6494 6493 6454 6455
4 6495 6459 6423 6456 4 6496 6495 6456 6457
4 6497 6461 6425 6458 4 6498 6497 6458 6459
4 6499 6463 6427 6460 4 6500 6499 6460 6461
4 6501 6465 6429 6462 4 6502 6501 6462 6463
4 6503 6467 6431 6464 4 6504 6503 6464 6465
4 6505 6468 6432 6466 4 6506 6505 6466 6467
4 6469 6468 6507 6508 4 6470 6434 6469 6508
4 6471 6470 3062 2987 4 2913 2988 6471 2987
4 6472 6437 6473 6509 4 6473 6451 6488 6510
4 6511 6474 6475 6512 4 6513 6476 6438 6474
4 6514 6477 6440 6476 4 6515 6478 6441 6477
4 6516 6479 6442 6478 4 6517 6480 6443 6479
4 6518 6481 6444 6480 4 6519 6482 6445 6481
4 6520 6483 6446 6482 4 6521 6484 6447 6483
4 6522 6485 6448 6484 4 6523 6486 6449 6485
4 6524 6487 6450 6486 4 6488 6487 6525 6526
4 6527 6489 6472 6509 4 6528 6492 6452 6490
4 6529 6528 6490 6489 4 6530 6494 6455 6491
4 6531 6530 6491 6492 4 6532 6496 6457 6493
4 6533 6532 6493 6494 4 6534 6498 6459 6495
4 6535 6534 6495 6496 4 6536 6500 6461 6497
4 6537 6536 6497 6498 4 6538 6502 6463 6499
4 6539 6538 6499 6500 4 6540 6504 6465 6501
4 6541 6540 6501 6502 4 6542 6506 6467 6503
4 6543 6542 6503 6504 4 6544 6507 6468 6505
4 6545 6544 6505 6506 4 6508 6507 6546 6547
4 3062 6470 6508 6547 4 6509 6473 6510 6548
4 6510 6488 6526 6549 4 6550 6511 6512 6551
4 6552 6513 6474 6511 4 6553 6514 6476 6513
4 6554 6515 6477 6514 4 6555 6516 6478 6515
4 6556 6517 6479 6516 4 6557 6518 6480 6517
4 6558 6519 6481 6518 4 6559 6520 6482 6519
4 6560 6521 6483 6520 4 6561 6522 6484 6521
4 6562 6523 6485 6522 4 6563 6524 6486 6523
4 6564 6525 6487 6524 4 6526 6525 6565 6566
4 6527 6509 6548 6567 5 6529 6489 6527 6568
6569 4 6570 6531 6492 6528 4 6570 6528 6529
6569 4 6571 6533 6494 6530 4 6572 6571 6530
6531 4 6573 6535 6496 6532 4 6574 6573 6532
6533 4 6575 6537 6498 6534 4 6576 6575 6534
6535 4 6577 6539 6500 6536 4 6578 6577 6536
6537 4 6579 6541 6502 6538 4 6580 6579 6538
6539 4 6581 6543 6504 6540 4 6582 6581 6540
6541 4 6583 6545 6506 6542 4 6584 6583 6542
6543 4 6585 6546 6507 6544 4 6586 6585 6544
6545 4 6547 6546 6587 6588 4 2986 3062 6547
6588 4 6589 2911 2986 6588 4 6590 6589 6588
6587 4 6548 6510 6549 6591 4 6549 6526 6566
6592 4 6550 6551 6593 6594 4 6595 6552 6511
6550 4 6596 6553 6513 6552 4 6597 6554 6514
6553 4 6598 6555 6515 6554 4 6599 6556 6516
6555 4 6600 6557 6517 6556 4 6601 6558 6518
6557 4 6602 6559 6519 6558 4 6603 6560 6520
6559 4 6604 6561 6521 6560 4 6605 6562 6522
6561 4 6606 6563 6523 6562 4 6607 6564 6524
6563 4 6608 6565 6525 6564 4 6566 6565 6609
6610 4 6568 6527 6567 6611 4 6567 6548 6591
6612 5 6569 6568 6613 6614 6615 4 6616 6572
6531 6570 4 6616 6570 6569 6615 4 6617 6574
6533 6571 4 6618 6617 6571 6572 4 6619 6576
6535 6573 4 6620 6619 6573 6574 4 6621 6578
6537 6575 4 6622 6621 6575 6576 4 6623 6580
6539 6577 4 6624 6623 6577 6578 4 6625 6582
6541 6579 4 6626 6625 6579 6580 4 6627 6584
6543 6581 4 6628 6627 6581 6582 4 6629 6586
6545 6583 4 6630 6629 6583 6584 4 6631 6587
6546 6585 4 6631 6585 6586 6632 4 6633 6590
6587 6631 4 6634 6633 6631 6632 4 6635 6636
6637 6638 4 6635 6638 2764 2840 4 6635 2840
2911 6589 4 6636 6635 6589 6590 4 6591 6549
6592 6639 4 6592 6566 6610 6640 4 6595 6550
6594 6641 4 6642 6596 6552 6595 4 6643 6597
6553 6596 4 6644 6598 6554 6597 4 6645 6599
6555 6598 4 6646 6600 6556 6599 4 6647 6601
6557 6600 4 6648 6602 6558 6601 4 6649 6603
6559 6602 4 6650 6604 6560 6603 4 6651 6605
6561 6604 4 6652 6606 6562 6605 4 6653 6607
6563 6606 4 6654 6608 6564 6607 4 6655 6609
6565 6608 4 6610 6609 6656 6657 4 6613 6568
6611 6658 4 6611 6567 6612 6659 4 6612 6591
6639 6660 5 6661 6662 6663 6614 6613 4 6616
6615 6614 6664 4 6618 6572 6616 6664 4 6665
6620 6574 6617 4 6666 6665 6617 6618 4 6667
6622 6576 6619 4 6668 6667 6619 6620 4 6669
6624 6578 6621 4 6670 6669 6621 6622 4 6671
6626 6580 6623 4 6672 6671 6623 6624 4 6673
6628 6582 6625 4 6674 6673 6625 6626 4 6675
6630 6584 6627 4 6676 6675 6627 6628 4 6677
6632 6586 6629 4 6677 6629 6630 6678 4 6679
6634 6632 6677 4 6680 6679 6677 6678 4 6681
6682 6683 6684 4 6681 6684 6637 6636 4 6681
6636 6590 6633 4 6682 6681 6633 6634 4 6638
6637 6685 6686 4 2687 2764 6638 6686 4 2688
2615 2687 6686 4 2769 2688 6686 6685 4 6639
6592 6640 6687 4 6640 6610 6657 6688 4 6642
6595 6641 6689 4 6690 6643 6596 6642 4 6691
6644 6597 6643 4 6692 6645 6598 6644 4 6693
6646 6599 6645 4 6694 6647 6600 6646 4 6695
6648 6601 6647 4 6696 6649 6602 6648 4 6697
6650 6603 6649 4 6698 6651 6604 6650 4 6699
6652 6605 6651 4 6700 6653 6606 6652 4 6701
6654 6607 6653 4 6702 6655 6608 6654 4 6703
6656 6609 6655 4 6657 6656 6704 6705 4 6661
6613 6658 6706 4 6658 6611 6659 6707 4 6659
6612 6660 6708 4 6660 6639 6687 6709 5 6710
6711 6712 6662 6661 4 6663 6662 6713 6714 4
6664 6614 6663 6714 4 6666 6618 6664 6714 4
6715 6668 6620 6665 4 6716 6715 6665 6666 4
6717 6670 6622 6667 4 6718 6717 6667 6668 4
6719 6672 6624 6669 4 6720 6719 6669 6670 4
6721 6674 6626 6671 4 6722 6721 6671 6672 4
6723 6676 6628 6673 4 6724 6723 6673 6674 4
6725 6678 6630 6675 4 6725 6675 6676 6726 4
6727 6680 6678 6725 4 6728 6727 6725 6726 4
6729 6730 6731 6732 4 6729 6732 6683 6682 4
6729 6682 6634 6679 4 6730 6729 6679 6680 4
6684 6683 6733 6734 4 6685 6637 6684 6734 4
6735 2769 6685 6734 4 6736 6735 6734 6733 4
6687 6640 6688 6737 4 6688 6657 6705 6738 4
6690 6642 6689 6739 4 6740 6691 6643 6690 4
6741 6692 6644 6691 4 6742 6693 6645 6692 4
6743 6694 6646 6693 4 6744 6695 6647 6694 4
6745 6696 6648 6695 4 6746 6697 6649 6696 4
6747 6698 6650 6697 4 6748 6699 6651 6698 4
6749 6700 6652 6699 4 6750 6701 6653 6700 4
6751 6702 6654 6701 4 6752 6703 6655 6702 4
6753 6704 6656 6703 4 6705 6704 6754 6755 4
6710 6661 6706 6756 4 6706 6658 6707 6757 4
6707 6659 6708 6758 4 6708 6660 6709 6759 4
6709 6687 6737 6760 5 6761 6762 6763 6711 6710
4 6712 6711 6764 6765 4 6713 6662 6712 6765
4 6716 6666 6714 6713 4 6766 6718 6668 6715
4 6767 6766 6715 6716 4 6768 6720 6670 6717
4 6769 6768 6717 6718 4 6770 6722 6672 6719
4 6771 6770 6719 6720 4 6772 6724 6674 6721
4 6773 6772 6721 6722 4 6774 6726 6676 6723
4 6774 6723 6724 6775 4 6776 6728 6726 6774
4 6777 6776 6774 6775 4 6778 6779 6780 6781
4 6778 6781 6731 6730 4 6778 6730 6680 6727
4 6779 6778 6727 6728 4 6732 6731 6782 6783
4 6733 6683 6732 6783 4 6784 6736 6733 6783
4 6785 6784 6783 6782 4 6786 2770 2769 6735
4 6786 6735 6736 6787 4 6788 2839 2770 6786
4 6789 6788 6786 6787 4 6737 6688 6738 6790
4 6738 6705 6755 6791 4 6740 6690 6739 6792
4 6793 6741 6691 6740 4 6794 6742 6692 6741
4 6795 6743 6693 6742 4 6796 6744 6694 6743
4 6797 6745 6695 6744 4 6798 6746 6696 6745
4 6799 6747 6697 6746 4 6800 6748 6698 6747
4 6801 6749 6699 6748 4 6802 6750 6700 6749
4 6803 6751 6701 6750 4 6804 6752 6702 6751
4 6805 6753 6703 6752 4 6806 6754 6704 6753
4 6755 6754 6807 6808 4 6761 6710 6756 6809
4 6756 6706 6757 6810 4 6757 6707 6758 6811
4 6758 6708 6759 6812 4 6759 6709 6760 6813
4 6760 6737 6790 6814 5 6815 6816 6817 6762
6761 4 6763 6762 6818 6819 4 6764 6711 6763
6819 4 6765 6764 6820 6767 4 6765 6767 6716
6713 4 6821 6769 6718 6766 4 6821 6766 6767
6820 4 6822 6771 6720 6768 4 6823 6822 6768
6769 4 6824 6773 6722 6770 4 6825 6824 6770
6771 4 6826 6775 6724 6772 4 6826 6772 6773
6827 4 6828 6777 6775 6826 4 6829 6828 6826
6827 4 6830 6831 6832 6833 4 6830 6833 6780
6779 4 6830 6779 6728 6776 4 6831 6830 6776
6777 4 6781 6780 6834 6835 4 6782 6731 6781
6835 4 6836 6785 6782 6835 4 6837 6836 6835
6834 4 6838 6787 6736 6784 4 6838 6784 6785
6839 4 6840 6789 6787 6838 4 6841 6840 6838
6839 4 2910 2839 6788 6842 4 3134 2985 2910
6842 4 6842 6788 6789 6843 4 3173 3134 6842
6843 4 6790 6738 6791 6844 4 6791 6755 6808
6845 4 6793 6740 6792 6846 4 6847 6794 6741
6793 4 6848 6795 6742 6794 4 6849 6796 6743
6795 4 6850 6797 6744 6796 4 6851 6798 6745
6797 4 6852 6799 6746 6798 4 6853 6800 6747
6799 4 6854 6801 6748 6800 4 6855 6802 6749
6801 4 6856 6803 6750 6802 4 6857 6804 6751
6803 4 6858 6805 6752 6804 4 6859 6806 6753
6805 4 6860 6807 6754 6806 4 6808 6807 6861
6862 4 6815 6761 6809 6863 4 6809 6756 6810
6864 4 6810 6757 6811 6865 4 6811 6758 6812
6866 4 6812 6759 6813 6867 4 6813 6760 6814
6868 4 6814 6790 6844 6869 5 6870 6871 6872
6816 6815 4 6817 6816 6873 6874 4 6818 6762
6817 6874 4 6819 6818 6875 6876 4 6820 6764
6819 6876 4 6877 6823 6769 6821 4 6877 6821
6820 6876 4 6878 6825 6771 6822 4 6879 6878
6822 6823 4 6880 6827 6773 6824 4 6880 6824
6825 6881 4 6882 6829 6827 6880 4 6883 6882
6880 6881 4 6884 6885 6886 6887 4 6884 6887
6832 6831 4 6884 6831 6777 6828 4 6885 6884
6828 6829 4 6833 6832 6888 6889 4 6834 6780
6833 6889 4 6890 6837 6834 6889 4 6891 6890
6889 6888 4 6892 6839 6785 6836 4 6892 6836
6837 6893 4 6894 6841 6839 6892 4 6895 6894
6892 6893 4 6844 6791 6845 6896 4 6845 6808
6862 6897 4 6847 6793 6846 6898 4 6899 6848
6794 6847 4 6900 6849 6795 6848 4 6901 6850
6796 6849 4 6902 6851 6797 6850 4 6903 6852
6798 6851 4 6904 6853 6799 6852 4 6905 6854
6800 6853 4 6906 6855 6801 6854 4 6907 6856
6802 6855 4 6908 6857 6803 6856 4 6909 6858
6804 6857 4 6910 6859 6805 6858 4 6911 6860
6806 6859 4 6912 6861 6807 6860 4 6862 6861
6913 6914 4 6870 6815 6863 6915 4 6863 6809
6864 6916 4 6864 6810 6865 6917 4 6865 6811
6866 6918 4 6866 6812 6867 6919 4 6867 6813
6868 6920 4 6868 6814 6869 6921 4 6869 6844
6896 6922 5 6923 6924 6925 6871 6870 4 6872
6871 6926 6927 4 6873 6816 6872 6927 4 6874
6873 6928 6929 4 6875 6818 6874 6929 4 6877
6876 6875 6930 4 6879 6823 6877 6930 4 6931
6881 6825 6878 4 6931 6878 6879 6932 4 6933
6883 6881 6931 4 6934 6933 6931 6932 4 6935
6936 6937 6938 4 6935 6938 6886 6885 4 6935
6885 6829 6882 4 6936 6935 6882 6883 4 6887
6886 6939 6940 4 6888 6832 6887 6940 4 6941
6891 6888 6940 4 6942 6941 6940 6939 4 6943
6893 6837 6890 4 6943 6890 6891 6944 4 6945
6895 6893 6943 4 6946 6945 6943 6944 4 6896
6845 6897 6947 4 6897 6862 6914 6948 4 6899
6847 6898 6949 4 6950 6900 6848 6899 4 6951
6901 6849 6900 4 6952 6902 6850 6901 4 6953
6903 6851 6902 4 6954 6904 6852 6903 4 6955
6905 6853 6904 4 6956 6906 6854 6905 4 6957
6907 6855 6906 4 6958 6908 6856 6907 4 6959
6909 6857 6908 4 6960 6910 6858 6909 4 6961
6911 6859 6910 4 6962 6912 6860 6911 4 6963
6913 6861 6912 4 6914 6913 6964 6965 4 6923
6870 6915 6966 4 6915 6863 6916 6967 4 6916
6864 6917 6968 4 6917 6865 6918 6969 4 6918
6866 6919 6970 4 6919 6867 6920 6971 4 6920
6868 6921 6972 4 6921 6869 6922 6973 4 6922
6896 6947 6974 5 6975 6976 6977 6924 6923 4
6978 6926 6871 6925 4 6979 6978 6925 6924 4
6927 6926 6980 6981 4 6928 6873 6927 6981 4
6929 6928 6982 6983 4 6930 6875 6929 6983 4
6932 6879 6930 6983 4 6934 6932 6983 6982 4
6984 6985 6986 6987 4 6984 6987 6937 6936 4
6984 6936 6883 6933 4 6985 6984 6933 6934 4
6938 6937 6988 6989 4 6939 6886 6938 6989 4
6990 6942 6939 6989 4 6991 6990 6989 6988 4
6992 6944 6891 6941 4 6992 6941 6942 6993 4
6994 6946 6944 6992 4 6995 6994 6992 6993 4
6947 6897 6948 6996 4 6948 6914 6965 6997 4
6950 6899 6949 6998 4 6999 6951 6900 6950 4
7000 6952 6901 6951 4 7001 6953 6902 6952 4
7002 6954 6903 6953 4 7003 6955 6904 6954 4
7004 6956 6905 6955 4 7005 6957 6906 6956 4
7006 6958 6907 6957 4 7007 6959 6908 6958 4
7008 6960 6909 6959 4 7009 6961 6910 6960 4
7010 6962 6911 6961 4 7011 6963 6912 6962 4
7012 6964 6913 6963 4 6965 6964 7013 7014 4
7015 6975 6923 6966 4 6966 6915 6967 7016 4
6967 6916 6968 7017 4 6968 6917 6969 7018 4
6969 6918 6970 7019 4 6970 6919 6971 7020 4
6971 6920 6972 7021 4 6972 6921 6973 7022 4
6973 6922 6974 7023 4 6974 6947 6996 7024 4
7025 6979 6924 6977 4 7025 6977 6976 7026 4
7027 6980 6926 6978 4 7028 7027 6978 6979 4
6981 6980 7029 7030 4 6982 6928 6981 7030 4
7030 7029 6986 6985 4 6982 7030 6985 6934 4
6987 6986 7031 7032 4 6988 6937 6987 7032 4
7033 6991 6988 7032 4 7034 7033 7032 7031 4
7035 6993 6942 6990 4 7035 6990 6991 7036 4
7037 6995 6993 7035 4 7038 7037 7035 7036 4
6996 6948 6997 7039 4 6997 6965 7014 7040 4
6999 6950 6998 7041 4 7042 7000 6951 6999 4
7043 7001 6952 7000 4 7044 7002 6953 7001 4
7045 7003 6954 7002 4 7046 7004 6955 7003 4
7047 7005 6956 7004 4 7048 7006 6957 7005 4
7049 7007 6958 7006 4 7050 7008 6959 7007 4
7051 7009 6960 7008 4 7052 7010 6961 7009 4
7053 7011 6962 7010 4 7054 7012 6963 7011 4
7055 7013 6964 7012 4 7014 7013 7056 7057 4
7058 7015 6966 7016 4 7016 6967 7017 7059 4
7017 6968 7018 7060 4 7018 6969 7019 7061 4
7019 6970 7020 7062 4 7020 6971 7021 7063 4
7021 6972 7022 7064 4 7022 6973 7023 7065 4
7023 6974 7024 7066 4 7024 6996 7039 7067 4
7068 7028 6979 7025 4 7068 7025 7026 7069 4
7070 7029 6980 7027 4 7070 7027 7028 7071 4
7031 6986 7029 7070 4 7034 7031 7070 7071 4
7072 7036 6991 7033 4 7072 7033 7034 7073 4
7074 7038 7036 7072 4 7075 7074 7072 7073 4
7039 6997 7040 7076 4 7040 7014 7057 7077 4
7042 6999 7041 7078 4 7079 7043 7000 7042 4
7080 7044 7001 7043 4 7081 7045 7002 7044 4
7082 7046 7003 7045 4 7083 7047 7004 7046 4
7084 7048 7005 7047 4 7085 7049 7006 7048 4
7086 7050 7007 7049 4 7087 7051 7008 7050 4
7088 7052 7009 7051 4 7089 7053 7010 7052 4
7090 7054 7011 7053 4 7091 7055 7012 7054 4
7092 7056 7013 7055 4 7057 7056 7093 7094 4
7095 7058 7016 7059 4 7059 7017 7060 7096 4
7060 7018 7061 7097 4 7061 7019 7062 7098 4
7062 7020 7063 7099 4 7063 7021 7064 7100 4
7064 7022 7065 7101 4 7065 7023 7066 7102 4
7066 7024 7067 7103 4 7067 7039 7076 7104 4
7105 7071 7028 7068 4 7105 7068 7069 7106 4
7073 7034 7071 7105 4 7075 7073 7105 7106 4
7076 7040 7077 7107 4 7077 7057 7094 7108 4
7079 7042 7078 7109 4 7110 7080 7043 7079 4
7111 7081 7044 7080 4 7112 7082 7045 7081 4
7113 7083 7046 7082 4 7114 7084 7047 7083 4
7115 7085 7048 7084 4 7116 7086 7049 7085 4
7117 7087 7050 7086 4 7118 7088 7051 7087 4
7119 7089 7052 7088 4 7120 7090 7053 7089 4
7121 7091 7054 7090 4 7122 7092 7055 7091 4
7123 7093 7056 7092 4 7094 7093 7124 7125 4
7126 7095 7059 7096 4 7096 7060 7097 7127 4
7097 7061 7098 7128 4 7098 7062 7099 7129 4
7099 7063 7100 7130 4 7100 7064 7101 7131 4
7101 7065 7102 7132 4 7102 7066 7103 7133 4
7103 7067 7104 7134 4 7104 7076 7107 7135 4
7107 7077 7108 7136 4 7108 7094 7125 7137 4
7110 7079 7109 7138 4 7139 7111 7080 7110 4
7140 7112 7081 7111 4 7141 7113 7082 7112 4
7142 7114 7083 7113 4 7143 7115 7084 7114 4
7144 7116 7085 7115 4 7145 7117 7086 7116 4
7146 7118 7087 7117 4 7147 7119 7088 7118 4
7148 7120 7089 7119 4 7149 7121 7090 7120 4
7150 7122 7091 7121 4 7151 7123 7092 7122 4
7152 7124 7093 7123 4 7125 7124 7153 7154 4
7155 7126 7096 7127 4 7127 7097 7128 7156 4
7128 7098 7129 7157 4 7129 7099 7130 7158 4
7130 7100 7131 7159 4 7131 7101 7132 7160 4
7132 7102 7133 7161 4 7133 7103 7134 7162 4
7134 7104 7135 7163 4 7135 7107 7136 7164 4
7136 7108 7137 7165 4 7137 7125 7154 7166 4
7139 7110 7138 7167 4 7168 7140 7111 7139 4
7169 7141 7112 7140 4 7170 7142 7113 7141 4
7171 7143 7114 7142 4 7172 7144 7115 7143 4
7173 7145 7116 7144 4 7174 7146 7117 7145 4
7175 7147 7118 7146 4 7176 7148 7119 7147 4
7177 7149 7120 7148 4 7178 7150 7121 7149 4
7179 7151 7122 7150 4 7180 7152 7123 7151 4
7181 7153 7124 7152 4 7154 7153 7182 7183 4
7184 7155 7127 7156 4 7156 7128 7157 7185 4
7157 7129 7158 7186 4 7158 7130 7159 7187 4
7159 7131 7160 7188 4 7160 7132 7161 7189 4
7161 7133 7162 7190 4 7162 7134 7163 7191 4
7163 7135 7164 7192 4 7164 7136 7165 7193 4
7165 7137 7166 7194 4 7166 7154 7183 7195 4
7168 7139 7167 7196 4 7197 7169 7140 7168 4
7198 7170 7141 7169 4 7199 7171 7142 7170 4
7200 7172 7143 7171 4 7201 7173 7144 7172 4
7202 7174 7145 7173 4 7203 7175 7146 7174 4
7204 7176 7147 7175 4 7205 7177 7148 7176 4
7206 7178 7149 7177 4 7207 7179 7150 7178 4
7208 7180 7151 7179 4 7209 7181 7152 7180 4
7210 7182 7153 7181 4 7183 7182 7211 7212 4
7213 7184 7156 7185 4 7185 7157 7186 7214 4
7186 7158 7187 7215 4 7187 7159 7188 7216 4
7188 7160 7189 7217 4 7189 7161 7190 7218 4
7190 7162 7191 7219 4 7191 7163 7192 7220 4
7192 7164 7193 7221 4 7193 7165 7194 7222 4
7194 7166 7195 7223 4 7195 7183 7212 7224 4
7197 7168 7196 7225 4 7226 7198 7169 7197 4
7227 7199 7170 7198 4 7228 7200 7171 7199 4
7229 7201 7172 7200 4 7230 7202 7173 7201 4
7231 7203 7174 7202 4 7232 7204 7175 7203 4
7233 7205 7176 7204 4 7234 7206 7177 7205 4
7235 7207 7178 7206 4 7236 7208 7179 7207 4
7237 7209 7180 7208 4 7238 7210 7181 7209 4
7239 7211 7182 7210 4 7212 7211 7240 7241 4
7242 7213 7185 7214 4 7214 7186 7215 7243 4
7215 7187 7216 7244 4 7216 7188 7217 7245 4
7217 7189 7218 7246 4 7218 7190 7219 7247 4
7219 7191 7220 7248 4 7220 7192 7221 7249 4
7221 7193 7222 7250 4 7222 7194 7223 7251 4
7223 7195 7224 7252 4 7224 7212 7241 7253 4
7226 7197 7225 7254 4 7255 7227 7198 7226 4
7256 7228 7199 7227 4 7257 7229 7200 7228 4
7258 7230 7201 7229 4 7259 7231 7202 7230 4
7260 7232 7203 7231 4 7261 7233 7204 7232 4
7262 7234 7205 7233 4 7263 7235 7206 7234 4
7264 7236 7207 7235 4 7265 7237 7208 7236 4
7266 7238 7209 7237 4 7267 7239 7210 7238 4
7268 7240 7211 7239 4 7241 7240 7269 7270 4
7271 7242 7214 7243 4 7243 7215 7244 7272 4
7244 7216 7245 7273 4 7245 7217 7246 7274 4
7246 7218 7247 7275 4 7247 7219 7248 7276 4
7248 7220 7249 7277 4 7249 7221 7250 7278 4
7250 7222 7251 7279 4 7251 7223 7252 7280 4
7252 7224 7253 7281 4 7253 7241 7270 7282 4
7255 7226 7254 7283 4 7284 7256 7227 7255 4
7285 7257 7228 7256 4 7286 7258 7229 7257 4
7287 7259 7230 7258 4 7288 7260 7231 7259 4
7289 7261 7232 7260 4 7290 7262 7233 7261 4
7291 7263 7234 7262 4 7292 7264 7235 7263 4
7293 7265 7236 7264 4 7294 7266 7237 7265 4
7295 7267 7238 7266 4 7296 7268 7239 7267 4
7297 7269 7240 7268 4 7298 7271 7243 7272 4
7272 7244 7273 7299 4 7273 7245 7274 7300 4
7274 7246 7275 7301 4 7275 7247 7276 7302 4
7276 7248 7277 7303 4 7277 7249 7278 7304 4
7278 7250 7279 7305 4 7279 7251 7280 7306 4
7280 7252 7281 7307 4 7281 7253 7282 7308 4
7284 7255 7283 7309 4 7310 7285 7256 7284 4
7311 7286 7257 7285 4 7312 7287 7258 7286 4
7313 7288 7259 7287 4 7314 7289 7260 7288 4
7315 7290 7261 7289 4 7316 7291 7262 7290 4
7317 7292 7263 7291 4 7318 7293 7264 7292 4
7319 7294 7265 7293 4 7320 7295 7266 7294 4
7321 7296 7267 7295 4 7322 7297 7268 7296 4
7323 7298 7272 7299 4 7299 7273 7300 7324 4
7300 7274 7301 7325 4 7301 7275 7302 7326 4
7302 7276 7303 7327 4 7303 7277 7304 7328 4
7304 7278 7305 7329 4 7305 7279 7306 7330 4
7306 7280 7307 7331 4 7307 7281 7308 7332 4
7310 7284 7309 7333 4 7334 7311 7285 7310 4
7335 7312 7286 7311 4 7336 7313 7287 7312 4
7337 7314 7288 7313 4 7338 7315 7289 7314 4
7339 7316 7290 7315 4 7340 7317 7291 7316 4
7341 7318 7292 7317 4 7342 7319 7293 7318 4
7343 7320 7294 7319 4 7344 7321 7295 7320 4
7345 7322 7296 7321 4 7346 7323 7299 7324 4
7324 7300 7325 7347 4 7325 7301 7326 7348 4
7326 7302 7327 7349 4 7327 7303 7328 7350 4
7328 7304 7329 7351 4 7329 7305 7330 7352 4
7330 7306 7331 7353 4 7331 7307 7332 7354 4
7334 7310 7333 7355 4 7356 7335 7311 7334 4
7357 7336 7312 7335 4 7358 7337 7313 7336 4
7359 7338 7314 7337 4 7360 7339 7315 7338 4
7361 7340 7316 7339 4 7362 7341 7317 7340 4
7363 7342 7318 7341 4 7364 7343 7319 7342 4
7365 7344 7320 7343 4 7366 7345 7321 7344 4
7367 7346 7324 7347 4 7347 7325 7348 7368 4
7348 7326 7349 7369 4 7349 7327 7350 7370 4
7350 7328 7351 7371 4 7351 7329 7352 7372 4
7352 7330 7353 7373 4 7353 7331 7354 7374 4
7356 7334 7355 7375 4 7376 7357 7335 7356 4
7377 7358 7336 7357 4 7378 7359 7337 7358 4
7379 7360 7338 7359 4 7380 7361 7339 7360 4
7381 7362 7340 7361 4 7382 7363 7341 7362 4
7383 7364 7342 7363 4 7384 7365 7343 7364 4
7385 7366 7344 7365 4 7386 7367 7347 7368 4
7368 7348 7369 7387 4 7369 7349 7370 7388 4
7370 7350 7371 7389 4 7371 7351 7372 7390 4
7372 7352 7373 7391 4 7373 7353 7374 7392 4
7376 7356 7375 7393 4 7394 7377 7357 7376 4
7395 7378 7358 7377 4 7396 7379 7359 7378 4
7397 7380 7360 7379 4 7398 7381 7361 7380 4
7399 7382 7362 7381 4 7400 7383 7363 7382 4
7401 7384 7364 7383 4 7402 7385 7365 7384 4
7403 7386 7368 7387 4 7387 7369 7388 7404 4
7388 7370 7389 7405 4 7389 7371 7390 7406 4
7390 7372 7391 7407 4 7391 7373 7392 7408 4
7394 7376 7393 7409 4 7410 7395 7377 7394 4
7411 7396 7378 7395 4 7412 7397 7379 7396 4
7413 7398 7380 7397 4 7414 7399 7381 7398 4
7415 7400 7382 7399 4 7416 7401 7383 7400 4
7417 7402 7384 7401 4 7418 7403 7387 7404 4
7404 7388 7405 7419 4 7405 7389 7406 7420 4
7406 7390 7407 7421 4 7407 7391 7408 7422 4
7410 7394 7409 7423 4 7424 7411 7395 7410 4
7425 7412 7396 7411 4 7426 7413 7397 7412 4
7427 7414 7398 7413 4 7428 7415 7399 7414 4
7429 7416 7400 7415 4 7430 7417 7401 7416 4
7431 7418 7404 7419 4 7419 7405 7420 7432 4
7420 7406 7421 7433 4 7421 7407 7422 7434 4
7424 7410 7423 7435 4 7436 7425 7411 7424 4
7437 7426 7412 7425 4 7438 7427 7413 7426 4
7439 7428 7414 7427 4 7440 7429 7415 7428 4
7441 7430 7416 7429 4 7442 7431 7419 7432 4
7432 7420 7433 7443 4 7433 7421 7434 7444 4
7436 7424 7435 7445 4 7446 7437 7425 7436 4
7447 7438 7426 7437 4 7448 7439 7427 7438 4
7449 7440 7428 7439 4 7450 7441 7429 7440 4
7451 7442 7432 7443 4 7443 7433 7444 7452 4
7446 7436 7445 7453 4 7454 7447 7437 7446 4
7455 7448 7438 7447 4 7456 7449 7439 7448 4
7457 7450 7440 7449 4 7451 7443 7452 7458 4
7454 7446 7453 7459 4 7460 7455 7447 7454 4
7461 7456 7448 7455 4 7462 7457 7449 7456 4
7460 7454 7459 7463 4 7464 7461 7455 7460 4
7465 7462 7456 7461 4 7464 7460 7463 7466 4
7467 7465 7461 7464 4 7467 7464 7466 7468 4
7469 7470 7471 7472 4 7473 7469 7472 7474 4
7472 7471 7475 7476 4 7471 7470 7477 7478 4
7479 7473 7474 7480 4 7474 7472 7476 7481 4
7476 7475 7482 7483 4 7475 7471 7478 7484 4
7478 7477 7485 7486 4 7487 7488 7479 7480 4
7480 7474 7481 7489 4 7481 7476 7483 7490 4
7483 7482 7491 7492 4 7482 7475 7484 7493 4
7484 7478 7486 7494 4 7486 7485 7495 7496 4
7497 7487 7480 7489 4 7489 7481 7490 7498 4
7490 7483 7492 7499 4 7500 7491 7482 7493 4
7492 7491 7501 7502 4 7493 7484 7494 7503 4
7494 7486 7496 7504 4 7496 7495 7505 7506 4
7507 7497 7489 7498 4 7498 7490 7499 7508 4
7499 7492 7502 7509 4 7510 7500 7493 7503 4
7511 7501 7491 7500 4 7502 7501 7512 7513 4
7503 7494 7504 7514 4 7504 7496 7506 7515 4
7506 7505 7516 7517 4 7518 7507 7498 7508 4
7508 7499 7509 7519 4 7509 7502 7513 7520 4
7521 7510 7503 7514 4 7522 7511 7500 7510 4
7523 7512 7501 7511 4 7513 7512 7524 7525 4
7514 7504 7515 7526 4 7515 7506 7517 7527 4
7517 7516 7528 7529 4 7530 7518 7508 7519 4
7519 7509 7520 7531 4 7520 7513 7525 7532 4
7533 7521 7514 7526 4 7534 7522 7510 7521 4
7535 7523 7511 7522 4 7536 7524 7512 7523 4
7525 7524 7537 7538 4 7526 7515 7527 7539 4
7527 7517 7529 7540 4 7529 7528 7541 7542 4
7543 7530 7519 7531 4 7531 7520 7532 7544 4
7532 7525 7538 7545 4 7546 7533 7526 7539 4
7547 7534 7521 7533 4 7548 7535 7522 7534 4
7549 7536 7523 7535 4 7550 7537 7524 7536 4
7538 7537 7551 7552 4 7539 7527 7540 7553 4
7540 7529 7542 7554 4 7542 7541 7555 7556 4
7557 7543 7531 7544 4 7544 7532 7545 7558 4
7545 7538 7552 7559 4 7560 7546 7539 7553 4
7561 7547 7533 7546 4 7562 7548 7534 7547 4
7563 7549 7535 7548 4 7564 7550 7536 7549 4
7565 7551 7537 7550 4 7552 7551 7566 7567 4
7553 7540 7554 7568 4 7554 7542 7556 7569 4
7556 7555 7570 7571 4 7572 7557 7544 7558 4
7558 7545 7559 7573 4 7559 7552 7567 7574 4
7575 7560 7553 7568 4 7576 7561 7546 7560 4
7577 7562 7547 7561 4 7578 7563 7548 7562 4
7579 7564 7549 7563 4 7580 7565 7550 7564 4
7581 7566 7551 7565 4 7567 7566 7582 7583 4
7568 7554 7569 7584 4 7569 7556 7571 7585 4
7571 7570 7586 7587 4 7588 7572 7558 7573 4
7573 7559 7574 7589 4 7574 7567 7583 7590 4
7591 7575 7568 7584 4 7592 7576 7560 7575 4
7593 7577 7561 7576 4 7594 7578 7562 7577 4
7595 7579 7563 7578 4 7596 7580 7564 7579 4
7597 7581 7565 7580 4 7598 7582 7566 7581 4
7583 7582 7599 7600 4 7584 7569 7585 7601 4
7585 7571 7587 7602 4 7587 7586 7603 7604 4
7605 7588 7573 7589 4 7589 7574 7590 7606 4
7590 7583 7600 7607 4 7608 7591 7584 7601 4
7609 7592 7575 7591 4 7610 7593 7576 7592 4
7611 7594 7577 7593 4 7612 7595 7578 7594 4
7613 7596 7579 7595 4 7614 7597 7580 7596 4
7615 7598 7581 7597 4 7616 7599 7582 7598 4
7600 7599 7617 7618 4 7601 7585 7602 7619 4
7602 7587 7604 7620 4 7604 7603 7621 7622 4
7623 7605 7589 7606 4 7606 7590 7607 7624 4
7607 7600 7618 7625 4 7626 7608 7601 7619 4
7627 7609 7591 7608 4 7628 7610 7592 7609 4
7629 7611 7593 7610 4 7630 7612 7594 7611 4
7631 7613 7595 7612 4 7632 7614 7596 7613 4
7633 7615 7597 7614 4 7634 7616 7598 7615 4
7635 7617 7599 7616 4 7618 7617 7636 7637 4
7619 7602 7620 7638 4 7620 7604 7622 7639 4
7622 7621 7640 7641 4 7642 7623 7606 7624 4
7624 7607 7625 7643 4 7625 7618 7637 7644 4
7645 7626 7619 7638 4 7646 7627 7608 7626 4
7647 7628 7609 7627 4 7648 7629 7610 7628 4
7649 7630 7611 7629 4 7650 7631 7612 7630 4
7651 7632 7613 7631 4 7652 7633 7614 7632 4
7653 7634 7615 7633 4 7654 7635 7616 7634 4
7655 7636 7617 7635 4 7637 7636 7656 7657 4
7638 7620 7639 7658 4 7639 7622 7641 7659 4
7641 7640 2922 3001 4 7660 7642 7624 7643 4
7643 7625 7644 7661 4 7644 7637 7657 7662 4
7663 7645 7638 7658 4 7664 7646 7626 7645 4
7665 7647 7627 7646 4 7666 7648 7628 7647 4
7667 7649 7629 7648 4 7668 7650 7630 7649 4
7669 7651 7631 7650 4 7670 7652 7632 7651 4
7671 7653 7633 7652 4 7672 7654 7634 7653 4
7673 7655 7635 7654 4 7674 7656 7636 7655 4
7657 7656 7675 7676 4 7658 7639 7659 7677 4
7659 7641 3001 3075 4 7678 7660 7643 7661 4
7661 7644 7662 7679 4 7662 7657 7676 7680 4
7681 7663 7658 7677 4 7682 7664 7645 7663 4
7683 7665 7646 7664 4 7684 7666 7647 7665 4
7685 7667 7648 7666 4 7686 7668 7649 7667 4
7687 7669 7650 7668 4 7688 7670 7651 7669 4
7689 7671 7652 7670 4 7690 7672 7653 7671 4
7691 7673 7654 7672 4 7692 7674 7655 7673 4
7693 7675 7656 7674 4 7676 7675 7694 7695 4
7677 7659 3075 3144 4 7696 7678 7661 7679 4
7679 7662 7680 7697 4 7680 7676 7695 7698 4
7681 7677 3144 3180 4 7699 7682 7663 7681 4
7700 7683 7664 7682 4 7701 7684 7665 7683 4
7702 7685 7666 7684 4 7703 7686 7667 7685 4
7704 7687 7668 7686 4 7705 7688 7669 7687 4
7706 7689 7670 7688 4 7707 7690 7671 7689 4
7708 7691 7672 7690 4 7709 7692 7673 7691 4
7710 7693 7674 7692 4 7711 7694 7675 7693 4
7695 7694 7712 7713 4 7714 7696 7679 7697 4
7697 7680 7698 7715 4 7698 7695 7713 7716 4
7699 7681 3180 3205 4 7717 7700 7682 7699 4
7718 7701 7683 7700 4 7719 7702 7684 7701 4
7720 7703 7685 7702 4 7721 7704 7686 7703 4
7722 7705 7687 7704 4 7723 7706 7688 7705 4
7724 7707 7689 7706 4 7725 7708 7690 7707 4
7726 7709 7691 7708 4 7727 7710 7692 7709 4
7728 7711 7693 7710 4 7729 7712 7694 7711 4
7713 7712 7730 7731 4 7732 7714 7697 7715 4
7715 7698 7716 7733 4 7716 7713 7731 7734 4
7717 7699 3205 3223 4 7735 7718 7700 7717 4
7736 7719 7701 7718 4 7737 7720 7702 7719 4
7738 7721 7703 7720 4 7739 7722 7704 7721 4
7740 7723 7705 7722 4 7741 7724 7706 7723 4
7742 7725 7707 7724 4 7743 7726 7708 7725 4
7744 7727 7709 7726 4 7745 7728 7710 7727 4
7746 7729 7711 7728 4 7747 7730 7712 7729 4
7731 7730 7748 7749 4 7750 7732 7715 7733 4
7733 7716 7734 7751 4 7734 7731 7749 7752 4
7753 7735 7717 3223 4 7754 7736 7718 7735 4
7755 7737 7719 7736 4 7756 7738 7720 7737 4
7757 7739 7721 7738 4 7758 7740 7722 7739 4
7759 7741 7723 7740 4 7760 7742 7724 7741 4
7761 7743 7725 7742 4 7762 7744 7726 7743 4
7763 7745 7727 7744 4 7764 7746 7728 7745 4
7765 7747 7729 7746 4 7766 7748 7730 7747 4
7749 7748 7767 7768 4 7769 7750 7733 7751 4
7751 7734 7752 7770 4 7752 7749 7768 7771 5
7772 7773 7753 3223 3222 4 7774 7754 7735 7753
4 7775 7755 7736 7754 4 7776 7756 7737 7755
4 7777 7757 7738 7756 4 7778 7758 7739 7757
4 7779 7759 7740 7758 4 7780 7760 7741 7759
4 7781 7761 7742 7760 4 7782 7762 7743 7761
4 7783 7763 7744 7762 4 7784 7764 7745 7763
4 7785 7765 7746 7764 4 7786 7766 7747 7765
4 7787 7767 7748 7766 4 7768 7767 7788 7789
4 7790 7769 7751 7770 4 7770 7752 7771 7791
4 7771 7768 7789 7792 4 7772 3222 3237 7793
5 7794 7795 7774 7753 7773 4 7773 7772 7793
7796 4 7797 7775 7754 7774 4 7798 7776 7755
7775 4 7799 7777 7756 7776 4 7800 7778 7757
7777 4 7801 7779 7758 7778 4 7802 7780 7759
7779 4 7803 7781 7760 7780 4 7804 7782 7761
7781 4 7805 7783 7762 7782 4 7806 7784 7763
7783 4 7807 7785 7764 7784 4 7808 7786 7765
7785 4 7809 7787 7766 7786 4 7810 7788 7767
7787 4 7789 7788 7811 7812 4 7813 7790 7770
7791 4 7791 7771 7792 7814 4 7792 7789 7812
7815 4 7793 3237 3248 7816 4 7794 7773 7796
7817 5 7818 7819 7797 7774 7795 4 7795 7794
7817 7820 4 7796 7793 7816 7821 4 7822 7798
7775 7797 4 7823 7799 7776 7798 4 7824 7800
7777 7799 4 7825 7801 7778 7800 4 7826 7802
7779 7801 4 7827 7803 7780 7802 4 7828 7804
7781 7803 4 7829 7805 7782 7804 4 7830 7806
7783 7805 4 7831 7807 7784 7806 4 7832 7808
7785 7807 4 7833 7809 7786 7808 4 7834 7810
7787 7809 4 7835 7811 7788 7810 4 7812 7811
7836 7837 4 7838 7813 7791 7814 4 7814 7792
7815 7839 4 7815 7812 7837 7840 4 7816 3248
3263 7841 4 7817 7796 7821 7842 4 7818 7795
7820 7843 5 7844 7845 7822 7797 7819 4 7819
7818 7843 7846 4 7820 7817 7842 7847 4 7821
7816 7841 7848 4 7849 7823 7798 7822 4 7850
7824 7799 7823 4 7851 7825 7800 7824 4 7852
7826 7801 7825 4 7853 7827 7802 7826 4 7854
7828 7803 7827 4 7855 7829 7804 7828 4 7856
7830 7805 7829 4 7857 7831 7806 7830 4 7858
7832 7807 7831 4 7859 7833 7808 7832 4 7860
7834 7809 7833 4 7861 7835 7810 7834 4 7862
7836 7811 7835 4 7837 7836 7863 7864 4 7865
7838 7814 7839 4 7839 7815 7840 7866 4 7840
7837 7864 7867 4 7841 3263 3276 7868 4 7842
7821 7848 7869 4 7843 7820 7847 7870 4 7844
7819 7846 7871 5 7849 7822 7845 7872 7873 4
7845 7844 7871 7874 4 7846 7843 7870 7875 4
7847 7842 7869 7876 4 7848 7841 7868 7877 4
7878 7850 7823 7849 4 7879 7851 7824 7850 4
7880 7852 7825 7851 4 7881 7853 7826 7852 4
7882 7854 7827 7853 4 7883 7855 7828 7854 4
7884 7856 7829 7855 4 7885 7857 7830 7856 4
7886 7858 7831 7857 4 7887 7859 7832 7858 4
7888 7860 7833 7859 4 7889 7861 7834 7860 4
7890 7862 7835 7861 4 7891 7863 7836 7862 4
7864 7863 7892 7893 4 7894 7865 7839 7866 4
7866 7840 7867 7895 4 7867 7864 7893 7896 4
7868 3276 3286 7897 4 7869 7848 7877 7898 4
7870 7847 7876 7899 4 7871 7846 7875 7900 5
7878 7849 7873 7901 7902 4 7872 7845 7874 7903
4 7873 7872 7903 7904 4 7874 7871 7900 7905
4 7875 7870 7899 7906 4 7876 7869 7898 7907
4 7877 7868 7897 7908 4 7909 7879 7850 7878
4 7910 7880 7851 7879 4 7911 7881 7852 7880
4 7912 7882 7853 7881 4 7913 7883 7854 7882
4 7914 7884 7855 7883 4 7915 7885 7856 7884
4 7916 7886 7857 7885 4 7917 7887 7858 7886
4 7918 7888 7859 7887 4 7919 7889 7860 7888
4 7920 7890 7861 7889 4 7921 7891 7862 7890
4 7922 7892 7863 7891 4 7893 7892 7923 7924
4 7925 7894 7866 7895 4 7895 7867 7896 7926
4 7896 7893 7924 7927 4 7897 3286 3277 7928
4 7898 7877 7908 7929 4 7899 7876 7907 7930
4 7900 7875 7906 7931 5 7909 7878 7902 7932
7933 4 7901 7873 7904 7934 4 7902 7901 7934
7935 4 7903 7874 7905 7936 4 7904 7903 7936
7937 4 7905 7900 7931 7938 4 7906 7899 7930
7939 4 7907 7898 7929 7940 4 7908 7897 7928
7941 4 7942 7910 7879 7909 4 7943 7911 7880
7910 4 7944 7912 7881 7911 4 7945 7913 7882
7912 4 7946 7914 7883 7913 4 7947 7915 7884
7914 4 7948 7916 7885 7915 4 7949 7917 7886
7916 4 7950 7918 7887 7917 4 7951 7919 7888
7918 4 7952 7920 7889 7919 4 7953 7921 7890
7920 4 7954 7922 7891 7921 4 7955 7923 7892
7922 4 7924 7923 7956 7957 4 7958 7925 7895
7926 4 7926 7896 7927 7959 4 7927 7924 7957
7960 4 7928 3277 3267 7961 4 7929 7908 7941
7962 4 7930 7907 7940 7963 4 7931 7906 7939
7964 5 7942 7909 7933 7965 7966 4 7967 7968
7933 7932 4 7967 7932 7902 7935 4 7934 7904
7937 7969 4 7935 7934 7969 7970 4 7936 7905
7938 7971 4 7937 7936 7971 7972 4 7938 7931
7964 7973 4 7939 7930 7963 7974 4 7940 7929
7962 7975 4 7941 7928 7961 7976 4 7977 7943
7910 7942 4 7978 7944 7911 7943 4 7979 7945
7912 7944 4 7980 7946 7913 7945 4 7981 7947
7914 7946 4 7982 7948 7915 7947 4 7983 7949
7916 7948 4 7984 7950 7917 7949 4 7985 7951
7918 7950 4 7986 7952 7919 7951 4 7987 7953
7920 7952 4 7988 7954 7921 7953 4 7989 7955
7922 7954 4 7990 7956 7923 7955 4 7957 7956
7991 7992 4 7993 7958 7926 7959 4 7959 7927
7960 7994 4 7960 7957 7992 7995 4 7961 3267
3254 7996 4 7962 7941 7976 7997 4 7963 7940
7975 7998 4 7964 7939 7974 7999 4 8000 7977
7942 7966 4 8001 8002 7966 7965 4 8001 7965
7933 7968 4 8003 8004 7968 7967 4 8003 7967
7935 7970 4 7969 7937 7972 8005 4 7970 7969
8005 8006 4 7971 7938 7973 8007 4 7972 7971
8007 8008 4 7973 7964 7999 8009 4 7974 7963
7998 8010 4 7975 7962 7997 8011 4 7976 7961
7996 8012 4 8013 7978 7943 7977 4 8014 7979
7944 7978 4 8015 7980 7945 7979 4 8016 7981
7946 7980 4 8017 7982 7947 7981 4 8018 7983
7948 7982 4 8019 7984 7949 7983 4 8020 7985
7950 7984 4 8021 7986 7951 7985 4 8022 7987
7952 7986 4 8023 7988 7953 7987 4 8024 7989
7954 7988 4 8025 7990 7955 7989 4 8026 7991
7956 7990 4 7992 7991 8027 8028 4 8029 7993
7959 7994 4 7994 7960 7995 8030 4 7995 7992
8028 8031 4 7996 3254 3245 8032 4 7997 7976
8012 8033 4 7998 7975 8011 8034 4 7999 7974
8010 8035 5 8036 8037 8000 7966 8002 4 8038
8013 7977 8000 4 8039 8036 8002 8001 4 8039
8001 7968 8004 4 8040 8041 8004 8003 4 8040
8003 7970 8006 4 8005 7972 8008 8042 4 8006
8005 8042 8043 4 8007 7973 8009 8044 4 8008
8007 8044 8045 4 8009 7999 8035 8046 4 8010
7998 8034 8047 4 8011 7997 8033 8048 4 8012
7996 8032 8049 4 8050 8014 7978 8013 4 8051
8015 7979 8014 4 8052 8016 7980 8015 4 8053
8017 7981 8016 4 8054 8018 7982 8017 4 8055
8019 7983 8018 4 8056 8020 7984 8019 4 8057
8021 7985 8020 4 8058 8022 7986 8021 4 8059
8023 7987 8022 4 8060 8024 7988 8023 4 8061
8025 7989 8024 4 8062 8026 7990 8025 4 8063
8027 7991 8026 4 8028 8027 8064 8065 4 8066
8029 7994 8030 4 8030 7995 8031 8067 4 8031
8028 8065 8068 4 8032 3245 3233 8069 4 8033
8012 8049 8070 4 8034 8011 8048 8071 4 8035
8010 8047 8072 5 8073 8074 8075 8037 8036 4
8076 8038 8000 8037 4 8077 8050 8013 8038 4
8078 8073 8036 8039 4 8078 8039 8004 8041 4
8079 8080 8041 8040 4 8079 8040 8006 8043 4
8042 8008 8045 8081 4 8043 8042 8081 8082 4
8044 8009 8046 8083 4 8045 8044 8083 8084 4
8046 8035 8072 8085 4 8047 8034 8071 8086 4
8048 8033 8070 8087 4 8049 8032 8069 8088 4
8089 8051 8014 8050 4 8090 8052 8015 8051 4
8091 8053 8016 8052 4 8092 8054 8017 8053 4
8093 8055 8018 8054 4 8094 8056 8019 8055 4
8095 8057 8020 8056 4 8096 8058 8021 8057 4
8097 8059 8022 8058 4 8098 8060 8023 8059 4
8099 8061 8024 8060 4 8100 8062 8025 8061 4
8101 8063 8026 8062 4 8102 8064 8027 8063 4
8065 8064 8103 8104 4 8105 8066 8030 8067 4
8067 8031 8068 8106 4 8068 8065 8104 8107 4
8069 3233 3217 8108 4 8070 8049 8088 8109 4
8071 8048 8087 8110 4 8072 8047 8086 8111 5
8112 8075 8074 8113 8114 4 8115 8076 8037 8075
4 8116 8074 8073 8078 4 8117 8077 8038 8076
4 8118 8089 8050 8077 4 8116 8078 8041 8080
4 8119 8120 8080 8079 4 8119 8079 8043 8082
4 8081 8045 8084 8121 4 8082 8081 8121 8122
4 8083 8046 8085 8123 4 8084 8083 8123 8124
4 8085 8072 8111 8125 4 8086 8071 8110 8126
4 8087 8070 8109 8127 4 8128 8088 8069 8108
4 8129 8090 8051 8089 4 8130 8091 8052 8090
4 8131 8092 8053 8091 4 8132 8093 8054 8092
4 8133 8094 8055 8093 4 8134 8095 8056 8094
4 8135 8096 8057 8095 4 8136 8097 8058 8096
4 8137 8098 8059 8097 4 8138 8099 8060 8098
4 8139 8100 8061 8099 4 8140 8101 8062 8100
4 8141 8102 8063 8101 4 8142 8103 8064 8102
4 8104 8103 8143 8144 4 8108 3217 3200 8145
4 8146 8128 8108 8145 4 8147 8105 8067 8106
4 8106 8068 8107 8148 4 8107 8104 8144 8149
4 8109 8088 8128 8150 4 8110 8087 8127 8151
4 8111 8086 8126 8152 5 8153 8112 8114 8154
8155 4 8156 8115 8075 8112 4 8113 8074 8116
8157 4 8114 8113 8157 8158 4 8159 8117 8076
8115 4 8160 8118 8077 8117 4 8161 8129 8089
8118 4 8157 8116 8080 8120 4 8162 8163 8120
8119 4 8162 8119 8082 8122 4 8121 8084 8124
8164 4 8122 8121 8164 8165 4 8123 8085 8125
8166 4 8124 8123 8166 8167 4 8125 8111 8152
8168 4 8126 8110 8151 8169 4 8170 8127 8109
8150 4 8171 8130 8090 8129 4 8172 8131 8091
8130 4 8173 8132 8092 8131 4 8174 8133 8093
8132 4 8175 8134 8094 8133 4 8176 8135 8095
8134 4 8177 8136 8096 8135 4 8178 8137 8097
8136 4 8179 8138 8098 8137 4 8180 8139 8099
8138 4 8181 8140 8100 8139 4 8182 8141 8101
8140 4 8183 8142 8102 8141 4 8184 8143 8103
8142 4 8144 8143 8185 8186 4 8145 3200 3174
8187 4 8188 8146 8145 8187 4 8187 3174 3173
8189 4 8190 8188 8187 8189 4 8150 8128 8146
8191 4 8192 8170 8150 8191 4 8193 8147 8106
8148 4 8148 8107 8149 8194 4 8149 8144 8186
8195 4 8151 8127 8170 8196 4 8152 8126 8169
8197 5 8198 8153 8155 8199 8200 4 8201 8156
8112 8153 4 8202 8203 8155 8154 4 8202 8154
8114 8158 4 8204 8159 8115 8156 4 8158 8157
8120 8163 4 8205 8160 8117 8159 4 8206 8161
8118 8160 4 8207 8171 8129 8161 4 8208 8209
8163 8162 4 8208 8162 8122 8165 4 8164 8124
8167 8210 4 8165 8164 8210 8211 4 8166 8125
8168 8212 4 8167 8166 8212 8213 4 8168 8152
8197 8214 4 8215 8169 8151 8196 4 8216 8172
8130 8171 4 8217 8173 8131 8172 4 8218 8174
8132 8173 4 8219 8175 8133 8174 4 8220 8176
8134 8175 4 8221 8177 8135 8176 4 8222 8178
8136 8177 4 8223 8179 8137 8178 4 8224 8180
8138 8179 4 8225 8181 8139 8180 4 8226 8182
8140 8181 4 8227 8183 8141 8182 4 8228 8184
8142 8183 4 8229 8185 8143 8184 4 8186 8185
8230 8231 4 6843 6789 6840 8232 4 8189 3173
6843 8232 4 8232 6840 6841 8233 4 8190 8189
8232 8233 4 8191 8146 8188 8234 4 8235 8192
8191 8234 4 8234 8188 8190 8236 4 8237 8235
8234 8236 4 8196 8170 8192 8238 4 8239 8215
8196 8238 4 8240 8193 8148 8194 4 8194 8149
8195 8241 4 8195 8186 8231 8242 4 8197 8169
8215 8243 5 8198 8200 8244 8245 8246 4 8247
8201 8153 8198 4 8248 8249 8200 8199 4 8248
8199 8155 8203 4 8250 8204 8156 8201 4 8209
8251 8203 8202 4 8158 8163 8209 8202 4 8252
8205 8159 8204 4 8253 8206 8160 8205 4 8254
8207 8161 8206 4 8255 8216 8171 8207 4 8256
8251 8209 8208 4 8256 8208 8165 8211 4 8210
8167 8213 8257 4 8211 8210 8257 8258 4 8212
8168 8214 8259 4 8213 8212 8259 8260 4 8261
8214 8197 8243 4 8262 8217 8172 8216 4 8263
8218 8173 8217 4 8264 8219 8174 8218 4 8265
8220 8175 8219 4 8266 8221 8176 8220 4 8267
8222 8177 8221 4 8268 8223 8178 8222 4 8269
8224 8179 8223 4 8270 8225 8180 8224 4 8271
8226 8181 8225 4 8272 8227 8182 8226 4 8273
8228 8183 8227 4 8274 8229 8184 8228 4 8275
8230 8185 8229 4 8233 6841 6894 8276 4 8236
8190 8233 8276 4 8276 6894 6895 8277 4 8237
8236 8276 8277 4 8238 8192 8235 8278 4 8279
8239 8238 8278 4 8278 8235 8237 8280 4 8281
8279 8278 8280 4 8243 8215 8239 8282 4 8283
8261 8243 8282 4 8284 8240 8194 8241 4 8241
8195 8242 8285 4 8286 8247 8198 8246 5 8246
8245 8287 8288 8289 4 8290 8291 8245 8244 4
8290 8244 8200 8249 4 8292 8250 8201 8247 4
8293 8294 8249 8248 4 8293 8248 8203 8251 4
8295 8252 8204 8250 4 8296 8253 8205 8252 4
8297 8254 8206 8253 4 8298 8255 8207 8254 4
8299 8262 8216 8255 4 8300 8293 8251 8256 4
8300 8256 8211 8258 4 8257 8213 8260 8301 4
8258 8257 8301 8302 4 8259 8214 8261 8303 4
8304 8260 8259 8303 4 8305 8263 8217 8262 4
8306 8264 8218 8263 4 8307 8265 8219 8264 4
8308 8266 8220 8265 4 8309 8267 8221 8266 4
8310 8268 8222 8267 4 8311 8269 8223 8268 4
8312 8270 8224 8269 4 8313 8271 8225 8270 4
8314 8272 8226 8271 4 8315 8273 8227 8272 4
8316 8274 8228 8273 4 8317 8275 8229 8274 4
8277 6895 6945 8318 4 8280 8237 8277 8318 4
8318 6945 6946 8319 4 8281 8280 8318 8319 4
8282 8239 8279 8320 4 8321 8283 8282 8320 4
8320 8279 8281 8322 4 8323 8321 8320 8322 4
8324 8325 8304 8303 4 8324 8303 8261 8283 4
8326 8284 8241 8285 4 8327 8286 8246 8289 4
8328 8292 8247 8286 5 8289 8288 8329 6976 6975
4 8287 8245 8291 8330 4 8288 8287 8330 8331
4 8332 8333 8291 8290 4 8332 8290 8249 8294
4 8334 8295 8250 8292 4 8335 8294 8293 8300
4 8336 8296 8252 8295 4 8337 8297 8253 8296
4 8338 8298 8254 8297 4 8339 8299 8255 8298
4 8340 8305 8262 8299 4 8335 8300 8258 8302
4 8301 8260 8304 8341 4 8342 8302 8301 8341
4 8343 8306 8263 8305 4 8344 8307 8264 8306
4 8345 8308 8265 8307 4 8346 8309 8266 8308
4 8347 8310 8267 8309 4 8348 8311 8268 8310
4 8349 8312 8269 8311 4 8350 8313 8270 8312
4 8351 8314 8271 8313 4 8352 8315 8272 8314
4 8353 8316 8273 8315 4 8354 8317 8274 8316
4 8319 6946 6994 8355 4 8322 8281 8319 8355
4 8355 6994 6995 8356 4 8323 8322 8355 8356
4 8357 8358 8325 8324 4 8357 8324 8283 8321
4 8357 8321 8323 8359 4 8360 8358 8357 8359
4 8341 8304 8325 8361 4 8362 8342 8341 8361
4 8327 8289 6975 7015 4 8363 8328 8286 8327
4 8364 8334 8292 8328 4 8365 7026 6976 8329
4 8365 8329 8288 8331 4 8330 8291 8333 8366
4 8331 8330 8366 8367 4 8368 8369 8333 8332
4 8368 8332 8294 8335 4 8370 8336 8295 8334
4 8371 8337 8296 8336 4 8372 8338 8297 8337
4 8373 8339 8298 8338 4 8374 8340 8299 8339
4 8375 8343 8305 8340 4 8368 8335 8302 8342
4 8376 8344 8306 8343 4 8377 8345 8307 8344
4 8378 8346 8308 8345 4 8379 8347 8309 8346
4 8380 8348 8310 8347 4 8381 8349 8311 8348
4 8382 8350 8312 8349 4 8383 8351 8313 8350
4 8384 8352 8314 8351 4 8385 8353 8315 8352
4 8386 8354 8316 8353 4 8356 6995 7037 8387
4 8359 8323 8356 8387 4 8387 7037 7038 8388
4 8360 8359 8387 8388 4 8361 8325 8358 8389
4 8390 8362 8361 8389 4 8389 8358 8360 8391
4 8392 8390 8389 8391 4 8369 8368 8342 8362
4 8363 8327 7015 7058 4 8393 8364 8328 8363
4 8394 8370 8334 8364 4 8395 7069 7026 8365
4 8395 8365 8331 8367 4 8366 8333 8369 8396
4 8397 8367 8366 8396 4 8398 8371 8336 8370
4 8399 8372 8337 8371 4 8400 8373 8338 8372
4 8401 8374 8339 8373 4 8402 8375 8340 8374
4 8403 8376 8343 8375 4 8404 8377 8344 8376
4 8405 8378 8345 8377 4 8406 8379 8346 8378
4 8407 8380 8347 8379 4 8408 8381 8348 8380
4 8409 8382 8349 8381 4 8410 8383 8350 8382
4 8411 8384 8351 8383 4 8412 8385 8352 8384
4 8413 8386 8353 8385 4 8388 7038 7074 8414
4 8391 8360 8388 8414 4 8414 7074 7075 8415
4 8392 8391 8414 8415 4 8396 8369 8362 8390
4 8397 8396 8390 8392 4 8393 8363 7058 7095
4 8416 8394 8364 8393 4 8417 8398 8370 8394
4 8418 7106 7069 8395 4 8418 8395 8367 8397
4 8419 8399 8371 8398 4 8420 8400 8372 8399
4 8421 8401 8373 8400 4 8422 8402 8374 8401
4 8423 8403 8375 8402 4 8424 8404 8376 8403
4 8425 8405 8377 8404 4 8426 8406 8378 8405
4 8427 8407 8379 8406 4 8428 8408 8380 8407
4 8429 8409 8381 8408 4 8430 8410 8382 8409
4 8431 8411 8383 8410 4 8432 8412 8384 8411
4 8433 8413 8385 8412 4 8415 7075 7106 8418
4 8415 8418 8397 8392 4 8416 8393 7095 7126
4 8434 8417 8394 8416 4 8435 8419 8398 8417
4 8436 8420 8399 8419 4 8437 8421 8400 8420
4 8438 8422 8401 8421 4 8439 8423 8402 8422
4 8440 8424 8403 8423 4 8441 8425 8404 8424
4 8442 8426 8405 8425 4 8443 8427 8406 8426
4 8444 8428 8407 8427 4 8445 8429 8408 8428
4 8446 8430 8409 8429 4 8447 8431 8410 8430
4 8448 8432 8411 8431 4 8449 8433 8412 8432
4 8434 8416 7126 7155 4 8450 8435 8417 8434
4 8451 8436 8419 8435 4 8452 8437 8420 8436
4 8453 8438 8421 8437 4 8454 8439 8422 8438
4 8455 8440 8423 8439 4 8456 8441 8424 8440
4 8457 8442 8425 8441 4 8458 8443 8426 8442
4 8459 8444 8427 8443 4 8460 8445 8428 8444
4 8461 8446 8429 8445 4 8462 8447 8430 8446
4 8463 8448 8431 8447 4 8464 8449 8432 8448
4 8450 8434 7155 7184 4 8465 8451 8435 8450
4 8466 8452 8436 8451 4 8467 8453 8437 8452
4 8468 8454 8438 8453 4 8469 8455 8439 8454
4 8470 8456 8440 8455 4 8471 8457 8441 8456
4 8472 8458 8442 8457 4 8473 8459 8443 8458
4 8474 8460 8444 8459 4 8475 8461 8445 8460
4 8476 8462 8446 8461 4 8477 8463 8447 8462
4 8478 8464 8448 8463 4 8465 8450 7184 7213
4 8479 8466 8451 8465 4 8480 8467 8452 8466
4 8481 8468 8453 8467 4 8482 8469 8454 8468
4 8483 8470 8455 8469 4 8484 8471 8456 8470
4 8485 8472 8457 8471 4 8486 8473 8458 8472
4 8487 8474 8459 8473 4 8488 8475 8460 8474
4 8489 8476 8461 8475 4 8490 8477 8462 8476
4 8491 8478 8463 8477 4 8479 8465 7213 7242
4 8492 8480 8466 8479 4 8493 8481 8467 8480
4 8494 8482 8468 8481 4 8495 8483 8469 8482
4 8496 8484 8470 8483 4 8497 8485 8471 8484
4 8498 8486 8472 8485 4 8499 8487 8473 8486
4 8500 8488 8474 8487 4 8501 8489 8475 8488
4 8502 8490 8476 8489 4 8503 8491 8477 8490
4 8492 8479 7242 7271 4 8504 8493 8480 8492
4 8505 8494 8481 8493 4 8506 8495 8482 8494
4 8507 8496 8483 8495 4 8508 8497 8484 8496
4 8509 8498 8485 8497 4 8510 8499 8486 8498
4 8511 8500 8487 8499 4 8512 8501 8488 8500
4 8513 8502 8489 8501 4 8514 8503 8490 8502
4 8504 8492 7271 7298 4 8515 8505 8493 8504
4 8516 8506 8494 8505 4 8517 8507 8495 8506
4 8518 8508 8496 8507 4 8519 8509 8497 8508
4 8520 8510 8498 8509 4 8521 8511 8499 8510
4 8522 8512 8500 8511 4 8523 8513 8501 8512
4 8524 8514 8502 8513 4 8515 8504 7298 7323
4 8525 8516 8505 8515 4 8526 8517 8506 8516
4 8527 8518 8507 8517 4 8528 8519 8508 8518
4 8529 8520 8509 8519 4 8530 8521 8510 8520
4 8531 8522 8511 8521 4 8532 8523 8512 8522
4 8533 8524 8513 8523 4 8525 8515 7323 7346
4 8534 8526 8516 8525 4 8535 8527 8517 8526
4 8536 8528 8518 8527 4 8537 8529 8519 8528
4 8538 8530 8520 8529 4 8539 8531 8521 8530
4 8540 8532 8522 8531 4 8541 8533 8523 8532
4 8534 8525 7346 7367 4 8542 8535 8526 8534
4 8543 8536 8527 8535 4 8544 8537 8528 8536
4 8545 8538 8529 8537 4 8546 8539 8530 8538
4 8547 8540 8531 8539 4 8548 8541 8532 8540
4 8542 8534 7367 7386 4 8549 8543 8535 8542
4 8550 8544 8536 8543 4 8551 8545 8537 8544
4 8552 8546 8538 8545 4 8553 8547 8539 8546
4 8554 8548 8540 8547 4 8549 8542 7386 7403
4 8555 8550 8543 8549 4 8556 8551 8544 8550
4 8557 8552 8545 8551 4 8558 8553 8546 8552
4 8559 8554 8547 8553 4 8555 8549 7403 7418
4 8560 8556 8550 8555 4 8561 8557 8551 8556
4 8562 8558 8552 8557 4 8563 8559 8553 8558
4 8560 8555 7418 7431 4 8564 8561 8556 8560
4 8565 8562 8557 8561 4 8566 8563 8558 8562
4 8564 8560 7431 7442 4 8567 8565 8561 8564
4 8568 8566 8562 8565 4 8567 8564 7442 7451
4 8569 8568 8565 8567 4 8569 8567 7451 7458
4 8570 6593 6551 8571 4 8572 8570 8571 8573
4 8571 6551 6512 8574 4 8575 8572 8573 8576
4 8573 8571 8574 8577 4 8574 6512 6475 8578
4 8579 8575 8576 8580 4 8576 8573 8577 8581
4 8577 8574 8578 8582 4 8578 6475 6439 8583
4 8584 8579 8580 8585 4 8580 8576 8581 8586
4 8581 8577 8582 8587 4 8582 8578 8583 8588
4 8583 6439 6405 8589 4 8590 8584 8585 8591
4 8585 8580 8586 8592 4 8586 8581 8587 8593
4 8587 8582 8588 8594 4 8588 8583 8589 8595
4 8589 6405 6373 8596 4 8597 8590 8591 8598
4 8591 8585 8592 8599 4 8592 8586 8593 8600
4 8593 8587 8594 8601 4 8594 8588 8595 8602
4 8595 8589 8596 8603 4 8596 6373 6344 8604
4 8605 8597 8598 8606 4 8598 8591 8599 8607
4 8599 8592 8600 8608 4 8600 8593 8601 8609
4 8601 8594 8602 8610 4 8602 8595 8603 8611
4 8603 8596 8604 8612 4 8604 6344 6317 8613
4 8614 8605 8606 8615 4 8606 8598 8607 8616
4 8607 8599 8608 8617 4 8608 8600 8609 8618
4 8609 8601 8610 8619 4 8610 8602 8611 8620
4 8611 8603 8612 8621 4 8612 8604 8613 8622
4 8613 6317 6292 8623 4 8624 8614 8615 8625
4 8615 8606 8616 8626 4 8616 8607 8617 8627
4 8617 8608 8618 8628 4 8618 8609 8619 8629
4 8619 8610 8620 8630 4 8620 8611 8621 8631
4 8621 8612 8622 8632 4 8622 8613 8623 8633
4 8623 6292 6270 8634 4 8635 8636 8624 8625
4 8625 8615 8626 8637 4 8626 8616 8627 8638
4 8627 8617 8628 8639 4 8628 8618 8629 8640
4 8629 8619 8630 8641 4 8630 8620 8631 8642
4 8631 8621 8632 8643 4 8632 8622 8633 8644
4 8633 8623 8634 8645 4 8634 6270 6251 8646
4 8647 8635 8625 8637 4 8648 8649 8636 8635
4 8637 8626 8638 8650 4 8638 8627 8639 8651
4 8639 8628 8640 8652 4 8640 8629 8641 8653
4 8641 8630 8642 8654 4 8642 8631 8643 8655
4 8643 8632 8644 8656 4 8644 8633 8645 8657
4 8645 8634 8646 8658 4 8646 6251 6235 8659
4 8660 8647 8637 8650 4 8661 8648 8635 8647
4 8662 8663 8649 8648 4 8650 8638 8651 8664
4 8651 8639 8652 8665 4 8652 8640 8653 8666
4 8653 8641 8654 8667 4 8654 8642 8655 8668
4 8655 8643 8656 8669 4 8656 8644 8657 8670
4 8657 8645 8658 8671 4 8658 8646 8659 8672
4 8659 6235 6225 8673 4 8674 8660 8650 8664
4 8675 8661 8647 8660 4 8676 8662 8648 8661
4 8677 8678 8663 8662 4 8664 8651 8665 8679
4 8665 8652 8666 8680 4 8666 8653 8667 8681
4 8667 8654 8668 8682 4 8668 8655 8669 8683
4 8669 8656 8670 8684 4 8670 8657 8671 8685
4 8671 8658 8672 8686 4 8672 8659 8673 8687
4 8673 6225 6218 8688 4 8689 8674 8664 8679
4 8690 8675 8660 8674 4 8691 8676 8661 8675
4 8692 8677 8662 8676 4 8693 8694 8678 8677
4 8679 8665 8680 8695 4 8680 8666 8681 8696
4 8681 8667 8682 8697 4 8682 8668 8683 8698
4 8683 8669 8684 8699 4 8684 8670 8685 8700
4 8685 8671 8686 8701 4 8686 8672 8687 8702
4 8687 8673 8688 8703 4 8688 6218 6212 8704
4 8705 8689 8679 8695 4 8706 8690 8674 8689
4 8707 8691 8675 8690 4 8708 8692 8676 8691
4 8709 8693 8677 8692 4 8710 8711 8694 8693
4 8695 8680 8696 8712 4 8696 8681 8697 8713
4 8697 8682 8698 8714 4 8698 8683 8699 8715
4 8699 8684 8700 8716 4 8700 8685 8701 8717
4 8701 8686 8702 8718 4 8702 8687 8703 8719
4 8703 8688 8704 8720 4 8704 6212 6211 8721
4 8722 8705 8695 8712 4 8723 8706 8689 8705
4 8724 8707 8690 8706 4 8725 8708 8691 8707
4 8726 8709 8692 8708 4 8727 8710 8693 8709
4 8728 8729 8711 8710 4 8712 8696 8713 8730
4 8713 8697 8714 8731 4 8714 8698 8715 8732
4 8715 8699 8716 8733 4 8716 8700 8717 8734
4 8717 8701 8718 8735 4 8718 8702 8719 8736
4 8719 8703 8720 8737 4 8720 8704 8721 8738
4 8721 6211 6215 8739 4 8740 8722 8712 8730
4 8741 8723 8705 8722 4 8742 8724 8706 8723
4 8743 8725 8707 8724 4 8744 8726 8708 8725
4 8745 8727 8709 8726 4 8746 8728 8710 8727
4 8747 8748 8729 8728 4 8730 8713 8731 8749
4 8731 8714 8732 8750 4 8732 8715 8733 8751
4 8733 8716 8734 8752 4 8734 8717 8735 8753
4 8735 8718 8736 8754 4 8736 8719 8737 8755
4 8737 8720 8738 8756 4 8738 8721 8739 8757
4 8739 6215 6221 6240 4 8758 8740 8730 8749
4 8759 8741 8722 8740 4 8760 8742 8723 8741
4 8761 8743 8724 8742 4 8762 8744 8725 8743
4 8763 8745 8726 8744 4 8764 8746 8727 8745
4 8765 8747 8728 8746 4 8766 8767 8748 8747
4 8749 8731 8750 8768 4 8750 8732 8751 8769
4 8751 8733 8752 8770 4 8752 8734 8753 8771
4 8753 8735 8754 8772 4 8754 8736 8755 8773
4 8755 8737 8756 8774 4 8756 8738 8757 8775
4 8757 8739 6240 5995 4 8776 8758 8749 8768
4 8777 8759 8740 8758 4 8778 8760 8741 8759
4 8779 8761 8742 8760 4 8780 8762 8743 8761
4 8781 8763 8744 8762 4 8782 8764 8745 8763
4 8783 8765 8746 8764 4 8784 8766 8747 8765
4 8785 8786 8767 8766 4 8768 8750 8769 8787
4 8769 8751 8770 8788 4 8770 8752 8771 8789
4 8771 8753 8772 8790 4 8772 8754 8773 8791
4 8773 8755 8774 8792 4 8774 8756 8775 8793
4 8775 8757 5995 5861 4 8794 8776 8768 8787
4 8795 8777 8758 8776 4 8796 8778 8759 8777
4 8797 8779 8760 8778 4 8798 8780 8761 8779
4 8799 8781 8762 8780 4 8800 8782 8763 8781
4 8801 8783 8764 8782 4 8802 8784 8765 8783
4 8803 8785 8766 8784 4 8804 8805 8786 8785
4 8787 8769 8788 8806 4 8788 8770 8789 8807
4 8789 8771 8790 8808 4 8790 8772 8791 8809
4 8791 8773 8792 8810 4 8792 8774 8793 8811
4 8793 8775 5861 5708 4 8812 8794 8787 8806
4 8813 8795 8776 8794 4 8814 8796 8777 8795
4 8815 8797 8778 8796 4 8816 8798 8779 8797
4 8817 8799 8780 8798 4 8818 8800 8781 8799
4 8819 8801 8782 8800 4 8820 8802 8783 8801
4 8821 8803 8784 8802 4 8822 8804 8785 8803
4 8823 8824 8805 8804 4 8806 8788 8807 8825
4 8807 8789 8808 8826 4 8808 8790 8809 8827
4 8809 8791 8810 8828 4 8810 8792 8811 8829
4 8811 8793 5708 5526 4 8830 8812 8806 8825
4 8831 8813 8794 8812 4 8832 8814 8795 8813
4 8833 8815 8796 8814 4 8834 8816 8797 8815
4 8835 8817 8798 8816 4 8836 8818 8799 8817
4 8837 8819 8800 8818 4 8838 8820 8801 8819
4 8839 8821 8802 8820 4 8840 8822 8803 8821
4 8841 8823 8804 8822 4 8842 8843 8824 8823
4 8825 8807 8826 8844 4 8826 8808 8827 8845
4 8827 8809 8828 8846 4 8828 8810 8829 8847
4 8829 8811 5526 5393 4 8848 8830 8825 8844
4 8849 8831 8812 8830 4 8850 8832 8813 8831
4 8851 8833 8814 8832 4 8852 8834 8815 8833
4 8853 8835 8816 8834 4 8854 8836 8817 8835
4 8855 8837 8818 8836 4 8856 8838 8819 8837
4 8857 8839 8820 8838 4 8858 8840 8821 8839
4 8859 8841 8822 8840 4 8860 8842 8823 8841
4 8861 8862 8843 8842 4 8844 8826 8845 8863
4 8845 8827 8846 8864 4 8846 8828 8847 8865
4 8847 8829 5393 5274 4 8866 8848 8844 8863
4 8867 8849 8830 8848 4 8868 8850 8831 8849
4 8869 8851 8832 8850 4 8870 8852 8833 8851
4 8871 8853 8834 8852 4 8872 8854 8835 8853
4 8873 8855 8836 8854 4 8874 8856 8837 8855
4 8875 8857 8838 8856 4 8876 8858 8839 8857
4 8877 8859 8840 8858 4 8878 8860 8841 8859
4 8879 8861 8842 8860 4 8880 8881 8862 8861
4 8863 8845 8864 8882 4 8864 8846 8865 8883
4 8865 8847 5274 5187 4 8884 8866 8863 8882
4 8885 8867 8848 8866 4 8886 8868 8849 8867
4 8887 8869 8850 8868 4 8888 8870 8851 8869
4 8889 8871 8852 8870 4 8890 8872 8853 8871
4 8891 8873 8854 8872 4 8892 8874 8855 8873
4 8893 8875 8856 8874 4 8894 8876 8857 8875
4 8895 8877 8858 8876 4 8896 8878 8859 8877
4 8897 8879 8860 8878 4 8898 8880 8861 8879
4 8899 8900 8881 8880 4 8882 8864 8883 8901
4 8883 8865 5187 5118 4 8902 8884 8882 8901
4 8903 8885 8866 8884 4 8904 8886 8867 8885
4 8905 8887 8868 8886 4 8906 8888 8869 8887
4 8907 8889 8870 8888 4 8908 8890 8871 8889
4 8909 8891 8872 8890 4 8910 8892 8873 8891
4 8911 8893 8874 8892 4 8912 8894 8875 8893
4 8913 8895 8876 8894 4 8914 8896 8877 8895
4 8915 8897 8878 8896 4 8916 8898 8879 8897
4 8917 8899 8880 8898 4 8918 8919 8900 8899
4 8901 8883 5118 5110 4 8902 8901 5110 5109
4 8920 8903 8884 8902 4 8921 8904 8885 8903
4 8922 8905 8886 8904 4 8923 8906 8887 8905
4 8924 8907 8888 8906 4 8925 8908 8889 8907
4 8926 8909 8890 8908 4 8927 8910 8891 8909
4 8928 8911 8892 8910 4 8929 8912 8893 8911
4 8930 8913 8894 8912 4 8931 8914 8895 8913
4 8932 8915 8896 8914 4 8933 8916 8897 8915
4 8934 8917 8898 8916 4 8935 8918 8899 8917
4 8936 8937 8919 8918 4 8920 8902 5109 5167
4 8938 8921 8903 8920 4 8939 8922 8904 8921
4 8940 8923 8905 8922 4 8941 8924 8906 8923
4 8942 8925 8907 8924 4 8943 8926 8908 8925
4 8944 8927 8909 8926 4 8945 8928 8910 8927
4 8946 8929 8911 8928 4 8947 8930 8912 8929
4 8948 8931 8913 8930 4 8949 8932 8914 8931
4 8950 8933 8915 8932 4 8951 8934 8916 8933
4 8952 8935 8917 8934 4 8953 8936 8918 8935
4 8954 8955 8937 8936 4 8938 8920 5167 5242
4 8956 8939 8921 8938 4 8957 8940 8922 8939
4 8958 8941 8923 8940 4 8959 8942 8924 8941
4 8960 8943 8925 8942 4 8961 8944 8926 8943
4 8962 8945 8927 8944 4 8963 8946 8928 8945
4 8964 8947 8929 8946 4 8965 8948 8930 8947
4 8966 8949 8931 8948 4 8967 8950 8932 8949
4 8968 8951 8933 8950 4 8969 8952 8934 8951
4 8970 8953 8935 8952 4 8971 8954 8936 8953
4 8972 8973 8955 8954 4 8956 8938 5242 3302
4 8974 8957 8939 8956 4 8975 8958 8940 8957
4 8976 8959 8941 8958 4 8977 8960 8942 8959
4 8978 8961 8943 8960 4 8979 8962 8944 8961
4 8980 8963 8945 8962 4 8981 8964 8946 8963
4 8982 8965 8947 8964 4 8983 8966 8948 8965
4 8984 8967 8949 8966 4 8985 8968 8950 8967
4 8986 8969 8951 8968 4 8987 8970 8952 8969
4 8988 8971 8953 8970 4 8989 8972 8954 8971
4 8990 8991 8973 8972 4 8974 8956 3302 3301
4 8992 8975 8957 8974 4 8993 8976 8958 8975
4 8994 8977 8959 8976 4 8995 8978 8960 8977
4 8996 8979 8961 8978 4 8997 8980 8962 8979
4 8998 8981 8963 8980 4 8999 8982 8964 8981
4 9000 8983 8965 8982 4 9001 8984 8966 8983
4 9002 8985 8967 8984 4 9003 8986 8968 8985
4 9004 8987 8969 8986 4 9005 8988 8970 8987
4 9006 8989 8971 8988 4 9007 8990 8972 8989
4 9008 9009 8991 8990 4 8992 8974 3301 3318
4 9010 8993 8975 8992 4 9011 8994 8976 8993
4 9012 8995 8977 8994 4 9013 8996 8978 8995
4 9014 8997 8979 8996 4 9015 8998 8980 8997
4 9016 8999 8981 8998 4 9017 9000 8982 8999
4 9018 9001 8983 9000 4 9019 9002 8984 9001
4 9020 9003 8985 9002 4 9021 9004 8986 9003
4 9022 9005 8987 9004 4 9023 9006 8988 9005
4 9024 9007 8989 9006 4 9025 9008 8990 9007
4 9026 9027 9009 9008 4 9010 8992 3318 3334
4 9028 9011 8993 9010 4 9029 9012 8994 9011
4 9030 9013 8995 9012 4 9031 9014 8996 9013
4 9032 9015 8997 9014 4 9033 9016 8998 9015
4 9034 9017 8999 9016 4 9035 9018 9000 9017
4 9036 9019 9001 9018 4 9037 9020 9002 9019
4 9038 9021 9003 9020 4 9039 9022 9004 9021
4 9040 9023 9005 9022 4 9041 9024 9006 9023
4 9042 9025 9007 9024 4 9043 9026 9008 9025
4 9044 9045 9027 9026 4 9028 9010 3334 3355
4 9046 9029 9011 9028 4 9047 9030 9012 9029
4 9048 9031 9013 9030 4 9049 9032 9014 9031
4 9050 9033 9015 9032 4 9051 9034 9016 9033
4 9052 9035 9017 9034 4 9053 9036 9018 9035
4 9054 9037 9019 9036 4 9055 9038 9020 9037
4 9056 9039 9021 9038 4 9057 9040 9022 9039
4 9058 9041 9023 9040 4 9059 9042 9024 9041
4 9060 9043 9025 9042 4 9061 9044 9026 9043
4 9062 9063 9045 9044 4 9046 9028 3355 3394
4 9064 9047 9029 9046 4 9065 9048 9030 9047
4 9066 9049 9031 9048 4 9067 9050 9032 9049
4 9068 9051 9033 9050 4 9069 9052 9034 9051
4 9070 9053 9035 9052 4 9071 9054 9036 9053
4 9072 9055 9037 9054 4 9073 9056 9038 9055
4 9074 9057 9039 9056 4 9075 9058 9040 9057
4 9076 9059 9041 9058 4 9077 9060 9042 9059
4 9078 9061 9043 9060 4 9079 9062 9044 9061
4 9080 9081 9063 9062 4 9064 9046 3394 3450
4 9082 9065 9047 9064 4 9083 9066 9048 9065
4 9084 9067 9049 9066 4 9085 9068 9050 9067
4 9086 9069 9051 9068 4 9087 9070 9052 9069
4 9088 9071 9053 9070 4 9089 9072 9054 9071
4 9090 9073 9055 9072 4 9091 9074 9056 9073
4 9092 9075 9057 9074 4 9093 9076 9058 9075
4 9094 9077 9059 9076 4 9095 9078 9060 9077
4 9096 9079 9061 9078 4 9097 9080 9062 9079
4 9098 9099 9081 9080 4 9082 9064 3450 3514
4 9100 9083 9065 9082 4 9101 9084 9066 9083
4 9102 9085 9067 9084 4 9103 9086 9068 9085
4 9104 9087 9069 9086 4 9105 9088 9070 9087
4 9106 9089 9071 9088 4 9107 9090 9072 9089
4 9108 9091 9073 9090 4 9109 9092 9074 9091
4 9110 9093 9075 9092 4 9111 9094 9076 9093
4 9112 9095 9077 9094 4 9113 9096 9078 9095
4 9114 9097 9079 9096 4 9115 9098 9080 9097
4 9116 9117 9099 9098 4 9100 9082 3514 9118
4 9119 9101 9083 9100 4 9120 9102 9084 9101
4 9121 9103 9085 9102 4 9122 9104 9086 9103
4 9123 9105 9087 9104 4 9124 9106 9088 9105
4 9125 9107 9089 9106 4 9126 9108 9090 9107
4 9127 9109 9091 9108 4 9128 9110 9092 9109
4 9129 9111 9093 9110 4 9130 9112 9094 9111
4 9131 9113 9095 9112 4 9132 9114 9096 9113
4 9133 9115 9097 9114 4 9134 9116 9098 9115
4 9135 9136 9117 9116 4 9119 9100 9118 9137
4 9118 3514 3507 3506 4 9138 9120 9101 9119
4 9139 9121 9102 9120 4 9140 9122 9103 9121
4 9141 9123 9104 9122 4 9142 9124 9105 9123
4 9143 9125 9106 9124 4 9144 9126 9107 9125
4 9145 9127 9108 9126 4 9146 9128 9109 9127
4 9147 9129 9110 9128 4 9148 9130 9111 9129
4 9149 9131 9112 9130 4 9150 9132 9113 9131
4 9151 9133 9114 9132 4 9152 9134 9115 9133
4 9153 9135 9116 9134 4 9154 9155 9136 9135
4 9138 9119 9137 9156 4 9137 9118 3506 9157
4 9158 9139 9120 9138 4 9159 9140 9121 9139
4 9160 9141 9122 9140 4 9161 9142 9123 9141
4 9162 9143 9124 9142 4 9163 9144 9125 9143
4 9164 9145 9126 9144 4 9165 9146 9127 9145
4 9166 9147 9128 9146 4 9167 9148 9129 9147
4 9168 9149 9130 9148 4 9169 9150 9131 9149
4 9170 9151 9132 9150 4 9171 9152 9133 9151
4 9172 9153 9134 9152 4 9173 9154 9135 9153
4 9158 9138 9156 9174 4 9156 9137 9157 9175
4 9157 3506 3446 9176 4 9177 9159 9139 9158
4 9178 9160 9140 9159 4 9179 9161 9141 9160
4 9180 9162 9142 9161 4 9181 9163 9143 9162
4 9182 9164 9144 9163 4 9183 9165 9145 9164
4 9184 9166 9146 9165 4 9185 9167 9147 9166
4 9186 9168 9148 9167 4 9187 9169 9149 9168
4 9188 9170 9150 9169 4 9189 9171 9151 9170
4 9190 9172 9152 9171 4 9191 9173 9153 9172
4 9177 9158 9174 9192 4 9174 9156 9175 9193
4 9175 9157 9176 9194 4 9176 3446 3392 9195
4 9196 9178 9159 9177 4 9197 9179 9160 9178
4 9198 9180 9161 9179 4 9199 9181 9162 9180
4 9200 9182 9163 9181 4 9201 9183 9164 9182
4 9202 9184 9165 9183 4 9203 9185 9166 9184
4 9204 9186 9167 9185 4 9205 9187 9168 9186
4 9206 9188 9169 9187 4 9207 9189 9170 9188
4 9208 9190 9171 9189 4 9209 9191 9172 9190
4 9196 9177 9192 9210 4 9192 9174 9193 9211
4 9193 9175 9194 9212 4 9194 9176 9195 9213
4 9195 3392 3349 9214 4 9215 9197 9178 9196
4 9216 9198 9179 9197 4 9217 9199 9180 9198
4 9218 9200 9181 9199 4 9219 9201 9182 9200
4 9220 9202 9183 9201 4 9221 9203 9184 9202
4 9222 9204 9185 9203 4 9223 9205 9186 9204
4 9224 9206 9187 9205 4 9225 9207 9188 9206
4 9226 9208 9189 9207 4 9227 9209 9190 9208
4 9215 9196 9210 9228 4 9210 9192 9211 9229
4 9211 9193 9212 9230 4 9212 9194 9213 9231
4 9213 9195 9214 9232 4 9214 3349 3327 9233
4 9234 9216 9197 9215 4 9235 9217 9198 9216
4 9236 9218 9199 9217 4 9237 9219 9200 9218
4 9238 9220 9201 9219 4 9239 9221 9202 9220
4 9240 9222 9203 9221 4 9241 9223 9204 9222
4 9242 9224 9205 9223 4 9243 9225 9206 9224
4 9244 9226 9207 9225 4 9245 9227 9208 9226
4 9234 9215 9228 9246 4 9228 9210 9229 9247
4 9229 9211 9230 9248 4 9230 9212 9231 9249
4 9231 9213 9232 9250 4 9232 9214 9233 9251
4 9233 3327 3313 9252 4 9253 9235 9216 9234
4 9254 9236 9217 9235 4 9255 9237 9218 9236
4 9256 9238 9219 9237 4 9257 9239 9220 9238
4 9258 9240 9221 9239 4 9259 9241 9222 9240
4 9260 9242 9223 9241 4 9261 9243 9224 9242
4 9262 9244 9225 9243 4 9263 9245 9226 9244
4 9253 9234 9246 9264 4 9246 9228 9247 9265
4 9247 9229 9248 9266 4 9248 9230 9249 9267
4 9249 9231 9250 9268 4 9250 9232 9251 9269
4 9251 9233 9252 9270 4 9252 3313 3306 9271
4 9272 9254 9235 9253 4 9273 9255 9236 9254
4 9274 9256 9237 9255 4 9275 9257 9238 9256
4 9276 9258 9239 9257 4 9277 9259 9240 9258
4 9278 9260 9241 9259 4 9279 9261 9242 9260
4 9280 9262 9243 9261 4 9281 9263 9244 9262
4 9272 9253 9264 9282 4 9264 9246 9265 9283
4 9265 9247 9266 9284 4 9266 9248 9267 9285
4 9267 9249 9268 9286 4 9268 9250 9269 9287
4 9269 9251 9270 9288 4 9270 9252 9271 9289
4 9271 3306 3298 9290 4 9291 9273 9254 9272
4 9292 9274 9255 9273 4 9293 9275 9256 9274
4 9294 9276 9257 9275 4 9295 9277 9258 9276
4 9296 9278 9259 9277 4 9297 9279 9260 9278
4 9298 9280 9261 9279 4 9299 9281 9262 9280
4 9291 9272 9282 9300 4 9282 9264 9283 9301
4 9283 9265 9284 9302 4 9284 9266 9285 9303
4 9285 9267 9286 9304 4 9286 9268 9287 9305
4 9287 9269 9288 9306 4 9288 9270 9289 9307
4 9289 9271 9290 9308 4 9290 3298 3297 9309
4 9310 9292 9273 9291 4 9311 9293 9274 9292
4 9312 9294 9275 9293 4 9313 9295 9276 9294
4 9314 9296 9277 9295 4 9315 9297 9278 9296
4 9316 9298 9279 9297 4 9317 9299 9280 9298
4 9310 9291 9300 9318 4 9300 9282 9301 9319
4 9301 9283 9302 9320 4 9302 9284 9303 9321
4 9303 9285 9304 9322 4 9304 9286 9305 9323
4 9305 9287 9306 9324 4 9306 9288 9307 9325
4 9307 9289 9308 9326 4 9308 9290 9309 9327
4 9328 9311 9292 9310 4 9329 9312 9293 9311
4 9330 9313 9294 9312 4 9331 9314 9295 9313
4 9332 9315 9296 9314 4 9333 9316 9297 9315
4 9334 9317 9298 9316 4 9328 9310 9318 9335
4 9318 9300 9319 9336 4 9319 9301 9320 9337
4 9320 9302 9321 9338 4 9321 9303 9322 9339
4 9322 9304 9323 9340 4 9323 9305 9324 9341
4 9324 9306 9325 9342 4 9325 9307 9326 9343
4 9326 9308 9327 9344 4 9345 9329 9311 9328
4 9346 9330 9312 9329 4 9347 9331 9313 9330
4 9348 9332 9314 9331 4 9349 9333 9315 9332
4 9350 9334 9316 9333 4 9345 9328 9335 9351
4 9335 9318 9336 9352 4 9336 9319 9337 9353
4 9337 9320 9338 9354 4 9338 9321 9339 9355
4 9339 9322 9340 9356 4 9340 9323 9341 9357
4 9341 9324 9342 9358 4 9342 9325 9343 9359
4 9343 9326 9344 9360 4 9361 9346 9329 9345
4 9362 9347 9330 9346 4 9363 9348 9331 9347
4 9364 9349 9332 9348 4 9365 9350 9333 9349
4 9361 9345 9351 9366 4 9351 9335 9352 9367
4 9352 9336 9353 9368 4 9353 9337 9354 9369
4 9354 9338 9355 9370 4 9355 9339 9356 9371
4 9356 9340 9357 9372 4 9357 9341 9358 9373
4 9358 9342 9359 9374 4 9359 9343 9360 9375
4 9376 9362 9346 9361 4 9377 9363 9347 9362
4 9378 9364 9348 9363 4 9379 9365 9349 9364
4 9376 9361 9366 9380 4 9366 9351 9367 9381
4 9367 9352 9368 9382 4 9368 9353 9369 9383
4 9369 9354 9370 9384 4 9370 9355 9371 9385
4 9371 9356 9372 9386 4 9372 9357 9373 9387
4 9373 9358 9374 9388 4 9374 9359 9375 9389
4 9390 9377 9362 9376 4 9391 9378 9363 9377
4 9392 9379 9364 9378 4 9390 9376 9380 9393
4 9380 9366 9381 9394 4 9381 9367 9382 9395
4 9382 9368 9383 9396 4 9383 9369 9384 9397
4 9384 9370 9385 9398 4 9385 9371 9386 9399
4 9386 9372 9387 9400 4 9387 9373 9388 9401
4 9388 9374 9389 9402 4 9403 9391 9377 9390
4 9404 9392 9378 9391 4 9403 9390 9393 9405
4 9393 9380 9394 9406 4 9394 9381 9395 9407
4 9395 9382 9396 9408 4 9396 9383 9397 9409
4 9397 9384 9398 9410 4 9398 9385 9399 9411
4 9399 9386 9400 9412 4 9400 9387 9401 9413
4 9401 9388 9402 9414 4 9415 9404 9391 9403
4 9416 9415 9403 9405 4 9405 9393 9406 9417
4 9406 9394 9407 9418 4 9407 9395 9408 9419
4 9408 9396 9409 9420 4 9409 9397 9410 9421
4 9410 9398 9411 9422 4 9411 9399 9412 9423
4 9412 9400 9413 9424 4 9413 9401 9414 9425
4 9426 9416 9405 9417 4 9417 9406 9418 9427
4 9418 9407 9419 9428 4 9419 9408 9420 9429
4 9420 9409 9421 9430 4 9421 9410 9422 9431
4 9422 9411 9423 9432 4 9423 9412 9424 9433
4 9424 9413 9425 9434 4 9435 9426 9417 9427
4 9427 9418 9428 9436 4 9428 9419 9429 9437
4 9429 9420 9430 9438 4 9430 9421 9431 9439
4 9431 9422 9432 9440 4 9432 9423 9433 9441
4 9433 9424 9434 9442 4 9443 9435 9427 9436
4 9436 9428 9437 9444 4 9437 9429 9438 9445
4 9438 9430 9439 9446 4 9439 9431 9440 9447
4 9440 9432 9441 9448 4 9441 9433 9442 9449
4 9450 9443 9436 9444 4 9444 9437 9445 9451
4 9445 9438 9446 9452 4 9446 9439 9447 9453
4 9447 9440 9448 9454 4 9448 9441 9449 9455
4 9456 9450 9444 9451 4 9451 9445 9452 9457
4 9452 9446 9453 9458 4 9453 9447 9454 9459
4 9454 9448 9455 9460 4 9461 9456 9451 9457
4 9457 9452 9458 9462 4 9458 9453 9459 9463
4 9459 9454 9460 9464 4 9465 9461 9457 9462
4 9462 9458 9463 9466 4 9463 9459 9464 9467
4 9468 9465 9462 9466 4 9466 9463 9467 9469
4 9470 9468 9466 9469 4 9471 9472 7477 7470
4 9473 9471 7470 7469 4 7485 7477 9472 9474
4 9475 9476 9472 9471 4 9477 9473 7469 7473
4 9478 9475 9471 9473 4 7495 7485 9474 9479
4 9474 9472 9476 9480 4 9481 9482 9476 9475
4 9483 9477 7473 7479 4 9484 9478 9473 9477
4 9485 9481 9475 9478 4 7505 7495 9479 9486
4 9479 9474 9480 9487 4 9480 9476 9482 9488
4 9489 9490 9482 9481 4 9483 7479 7488 9491
4 9492 9484 9477 9483 4 9493 9485 9478 9484
4 9494 9489 9481 9485 4 7516 7505 9486 9495
4 9486 9479 9487 9496 4 9487 9480 9488 9497
4 9488 9482 9490 9498 4 9499 9500 9490 9489
4 9492 9483 9491 9501 4 9502 9493 9484 9492
4 9503 9494 9485 9493 4 9504 9499 9489 9494
4 7528 7516 9495 9505 4 9495 9486 9496 9506
4 9496 9487 9497 9507 4 9497 9488 9498 9508
4 9498 9490 9500 9509 4 9510 9511 9500 9499
4 9502 9492 9501 9512 4 9513 9503 9493 9502
4 9514 9504 9494 9503 4 9515 9510 9499 9504
4 7541 7528 9505 9516 4 9505 9495 9506 9517
4 9506 9496 9507 9518 4 9507 9497 9508 9519
4 9508 9498 9509 9520 4 9509 9500 9511 9521
4 9522 9523 9511 9510 4 9513 9502 9512 9524
4 9525 9514 9503 9513 4 9526 9515 9504 9514
4 9527 9522 9510 9515 4 7555 7541 9516 9528
4 9516 9505 9517 9529 4 9517 9506 9518 9530
4 9518 9507 9519 9531 4 9519 9508 9520 9532
4 9520 9509 9521 9533 4 9521 9511 9523 9534
4 9535 9536 9523 9522 4 9525 9513 9524 9537
4 9538 9526 9514 9525 4 9539 9527 9515 9526
4 9540 9535 9522 9527 4 7570 7555 9528 9541
4 9528 9516 9529 9542 4 9529 9517 9530 9543
4 9530 9518 9531 9544 4 9531 9519 9532 9545
4 9532 9520 9533 9546 4 9533 9521 9534 9547
4 9534 9523 9536 9548 4 9549 9550 9536 9535
4 9538 9525 9537 9551 4 9552 9539 9526 9538
4 9553 9540 9527 9539 4 9554 9549 9535 9540
4 7586 7570 9541 9555 4 9541 9528 9542 9556
4 9542 9529 9543 9557 4 9543 9530 9544 9558
4 9544 9531 9545 9559 4 9545 9532 9546 9560
4 9546 9533 9547 9561 4 9547 9534 9548 9562
4 9548 9536 9550 9563 4 9564 9565 9550 9549
4 9552 9538 9551 9566 4 9567 9553 9539 9552
4 9568 9554 9540 9553 4 9569 9564 9549 9554
4 7603 7586 9555 9570 4 9555 9541 9556 9571
4 9556 9542 9557 9572 4 9557 9543 9558 9573
4 9558 9544 9559 9574 4 9559 9545 9560 9575
4 9560 9546 9561 9576 4 9561 9547 9562 9577
4 9562 9548 9563 9578 4 9563 9550 9565 9579
4 9580 9581 9565 9564 4 9567 9552 9566 9582
4 9583 9568 9553 9567 4 9584 9569 9554 9568
4 9585 9580 9564 9569 4 7621 7603 9570 9586
4 9570 9555 9571 9587 4 9571 9556 9572 9588
4 9572 9557 9573 9589 4 9573 9558 9574 9590
4 9574 9559 9575 9591 4 9575 9560 9576 9592
4 9576 9561 9577 9593 4 9577 9562 9578 9594
4 9578 9563 9579 9595 4 9579 9565 9581 9596
4 9597 9598 9581 9580 4 9583 9567 9582 9599
4 9600 9584 9568 9583 4 9601 9585 9569 9584
4 9602 9597 9580 9585 4 7640 7621 9586 9603
4 9586 9570 9587 9604 4 9587 9571 9588 9605
4 9588 9572 9589 9606 4 9589 9573 9590 9607
4 9590 9574 9591 9608 4 9591 9575 9592 9609
4 9592 9576 9593 9610 4 9593 9577 9594 9611
4 9594 9578 9595 9612 4 9595 9579 9596 9613
4 9596 9581 9598 9614 4 9615 9616 9598 9597
4 9600 9583 9599 9617 4 9618 9601 9584 9600
4 9619 9602 9585 9601 4 9620 9615 9597 9602
4 2847 2922 7640 9603 4 9603 9586 9604 9621
4 9604 9587 9605 9622 4 9605 9588 9606 9623
4 9606 9589 9607 9624 4 9607 9590 9608 9625
4 9608 9591 9609 9626 4 9609 9592 9610 9627
4 9610 9593 9611 9628 4 9611 9594 9612 9629
4 9612 9595 9613 9630 4 9613 9596 9614 9631
4 9614 9598 9616 9632 4 9633 9634 9616 9615
4 9618 9600 9617 9635 4 9636 9619 9601 9618
4 9637 9620 9602 9619 4 9638 9633 9615 9620
4 2773 2847 9603 9621 4 9621 9604 9622 9639
4 9622 9605 9623 9640 4 9623 9606 9624 9641
4 9624 9607 9625 9642 4 9625 9608 9626 9643
4 9626 9609 9627 9644 4 9627 9610 9628 9645
4 9628 9611 9629 9646 4 9629 9612 9630 9647
4 9630 9613 9631 9648 4 9631 9614 9632 9649
4 9632 9616 9634 9650 4 9651 9652 9634 9633
4 9636 9618 9635 9653 4 9654 9637 9619 9636
4 9655 9638 9620 9637 4 9656 9651 9633 9638
4 2694 2773 9621 9639 4 9639 9622 9640 9657
4 9640 9623 9641 9658 4 9641 9624 9642 9659
4 9642 9625 9643 9660 4 9643 9626 9644 9661
4 9644 9627 9645 9662 4 9645 9628 9646 9663
4 9646 9629 9647 9664 4 9647 9630 9648 9665
4 9648 9631 9649 9666 4 9649 9632 9650 9667
4 9650 9634 9652 9668 4 9669 9670 9652 9651
4 9654 9636 9653 9671 4 9672 9655 9637 9654
4 9673 9656 9638 9655 4 9674 9669 9651 9656
4 2618 2694 9639 9657 4 9657 9640 9658 9675
4 9658 9641 9659 9676 4 9659 9642 9660 9677
4 9660 9643 9661 9678 4 9661 9644 9662 9679
4 9662 9645 9663 9680 4 9663 9646 9664 9681
4 9664 9647 9665 9682 4 9665 9648 9666 9683
4 9666 9649 9667 9684 4 9667 9650 9668 9685
4 9668 9652 9670 9686 4 9687 9688 9670 9669
4 9672 9654 9671 9689 4 9690 9673 9655 9672
4 9691 9674 9656 9673 4 9692 9687 9669 9674
4 2619 2618 9657 9675 4 9675 9658 9676 9693
4 9676 9659 9677 9694 4 9677 9660 9678 9695
4 9678 9661 9679 9696 4 9679 9662 9680 9697
4 9680 9663 9681 9698 4 9681 9664 9682 9699
4 9682 9665 9683 9700 4 9683 9666 9684 9701
4 9684 9667 9685 9702 4 9685 9668 9686 9703
4 9686 9670 9688 9704 4 9705 9706 9688 9687
4 9690 9672 9689 9707 4 9708 9691 9673 9690
4 9709 9692 9674 9691 4 9710 9705 9687 9692
4 2691 2619 9675 9693 4 9693 9676 9694 9711
4 9694 9677 9695 9712 4 9695 9678 9696 9713
4 9696 9679 9697 9714 4 9697 9680 9698 9715
4 9698 9681 9699 9716 4 9699 9682 9700 9717
4 9700 9683 9701 9718 4 9701 9684 9702 9719
4 9702 9685 9703 9720 4 9703 9686 9704 9721
4 9704 9688 9706 9722 4 9723 9724 9706 9705
4 9708 9690 9707 9725 4 9726 9709 9691 9708
4 9727 9710 9692 9709 4 9728 9723 9705 9710
4 2697 2691 9693 9711 4 9711 9694 9712 9729
4 9712 9695 9713 9730 4 9713 9696 9714 9731
4 9714 9697 9715 9732 4 9715 9698 9716 9733
4 9716 9699 9717 9734 4 9717 9700 9718 9735
4 9718 9701 9719 9736 4 9719 9702 9720 9737
4 9720 9703 9721 9738 4 9721 9704 9722 9739
4 9722 9706 9724 9740 4 9741 9742 9724 9723
4 9726 9708 9725 9743 4 9744 9727 9709 9726
4 9745 9728 9710 9727 4 9746 9741 9723 9728
4 2776 2697 9711 9729 4 9729 9712 9730 9747
4 9730 9713 9731 9748 4 9731 9714 9732 9749
4 9732 9715 9733 9750 4 9733 9716 9734 9751
4 9734 9717 9735 9752 4 9735 9718 9736 9753
4 9736 9719 9737 9754 4 9737 9720 9738 9755
4 9738 9721 9739 9756 4 9739 9722 9740 9757
4 9740 9724 9742 9758 4 9759 9760 9742 9741
4 9744 9726 9743 9761 4 9762 9745 9727 9744
4 9763 9746 9728 9745 4 9764 9759 9741 9746
4 2853 2776 9729 9747 4 9747 9730 9748 9765
4 9748 9731 9749 9766 4 9749 9732 9750 9767
4 9750 9733 9751 9768 4 9751 9734 9752 9769
4 9752 9735 9753 9770 4 9753 9736 9754 9771
4 9754 9737 9755 9772 4 9755 9738 9756 9773
4 9756 9739 9757 9774 4 9757 9740 9758 9775
4 9758 9742 9760 9776 4 9777 9778 9760 9759
4 9762 9744 9761 9779 4 9780 9763 9745 9762
4 9781 9764 9746 9763 4 9782 9777 9759 9764
4 47 2853 9747 9765 4 9765 9748 9766 9783
4 9766 9749 9767 9784 4 9767 9750 9768 9785
4 9768 9751 9769 9786 4 9769 9752 9770 9787
4 9770 9753 9771 9788 4 9771 9754 9772 9789
4 9772 9755 9773 9790 4 9773 9756 9774 9791
4 9774 9757 9775 9792 4 9775 9758 9776 9793
4 9776 9760 9778 9794 4 9795 9796 9778 9777
4 9780 9762 9779 9797 4 9798 9781 9763 9780
4 9799 9782 9764 9781 4 9800 9795 9777 9782
4 48 47 9765 9783 4 9783 9766 9784 9801
4 9784 9767 9785 9802 4 9785 9768 9786 9803
4 9786 9769 9787 9804 4 9787 9770 9788 9805
4 9788 9771 9789 9806 4 9789 9772 9790 9807
4 9790 9773 9791 9808 4 9791 9774 9792 9809
4 9792 9775 9793 9810 4 9793 9776 9794 9811
4 9794 9778 9796 9812 4 9813 9814 9796 9795
4 9798 9780 9797 9815 4 9816 9799 9781 9798
4 9817 9800 9782 9799 4 9818 9813 9795 9800
4 70 48 9783 9801 4 9801 9784 9802 9819
4 9802 9785 9803 9820 4 9803 9786 9804 9821
4 9804 9787 9805 9822 4 9805 9788 9806 9823
4 9806 9789 9807 9824 4 9807 9790 9808 9825
4 9808 9791 9809 9826 4 9809 9792 9810 9827
4 9810 9793 9811 9828 4 9811 9794 9812 9829
4 9812 9796 9814 9830 4 9831 9832 9814 9813
4 9816 9798 9815 9833 4 9834 9817 9799 9816
4 9835 9818 9800 9817 4 9836 9831 9813 9818
4 102 70 9801 9819 4 9819 9802 9820 9837
4 9820 9803 9821 9838 4 9821 9804 9822 9839
4 9822 9805 9823 9840 4 9823 9806 9824 9841
4 9824 9807 9825 9842 4 9825 9808 9826 9843
4 9826 9809 9827 9844 4 9827 9810 9828 9845
4 9828 9811 9829 9846 4 9829 9812 9830 9847
4 9830 9814 9832 9848 4 9849 9850 9832 9831
4 9834 9816 9833 9851 4 9852 9835 9817 9834
4 9853 9836 9818 9835 4 9854 9849 9831 9836
4 144 102 9819 9837 4 9837 9820 9838 9855
4 9838 9821 9839 9856 4 9839 9822 9840 9857
4 9840 9823 9841 9858 4 9841 9824 9842 9859
4 9842 9825 9843 9860 4 9843 9826 9844 9861
4 9844 9827 9845 9862 4 9845 9828 9846 9863
4 9846 9829 9847 9864 4 9847 9830 9848 9865
4 9848 9832 9850 9866 4 9867 9868 9850 9849
4 9852 9834 9851 9869 4 9870 9853 9835 9852
4 9871 9854 9836 9853 4 9872 9867 9849 9854
4 200 144 9837 9855 4 9855 9838 9856 9873
4 9856 9839 9857 9874 4 9857 9840 9858 9875
4 9858 9841 9859 9876 4 9859 9842 9860 9877
4 9860 9843 9861 9878 4 9861 9844 9862 9879
4 9862 9845 9863 9880 4 9863 9846 9864 9881
4 9864 9847 9865 9882 4 9865 9848 9866 9883
4 9866 9850 9868 9884 4 9885 9886 9868 9867
4 9870 9852 9869 9887 4 9888 9871 9853 9870
4 9889 9872 9854 9871 4 9890 9885 9867 9872
4 261 200 9855 9873 4 9873 9856 9874 9891
4 9874 9857 9875 9892 4 9875 9858 9876 9893
4 9876 9859 9877 9894 4 9877 9860 9878 9895
4 9878 9861 9879 9896 4 9879 9862 9880 9897
4 9880 9863 9881 9898 4 9881 9864 9882 9899
4 9882 9865 9883 9900 4 9883 9866 9884 9901
4 9884 9868 9886 9902 4 9903 9904 9886 9885
4 9888 9870 9887 9905 4 9906 9889 9871 9888
4 9907 9890 9872 9889 4 9908 9903 9885 9890
4 330 261 9873 9891 4 9891 9874 9892 9909
4 9892 9875 9893 9910 4 9893 9876 9894 9911
4 9894 9877 9895 9912 4 9895 9878 9896 9913
4 9896 9879 9897 9914 4 9897 9880 9898 9915
4 9898 9881 9899 9916 4 9899 9882 9900 9917
4 9900 9883 9901 9918 4 9901 9884 9902 9919
4 9902 9886 9904 9920 4 9921 9922 9904 9903
4 9906 9888 9905 9923 4 9924 9907 9889 9906
4 9925 9908 9890 9907 4 9926 9921 9903 9908
4 407 330 9891 9909 4 9909 9892 9910 9927
4 9910 9893 9911 9928 4 9911 9894 9912 9929
4 9912 9895 9913 9930 4 9913 9896 9914 9931
4 9914 9897 9915 9932 4 9915 9898 9916 9933
4 9916 9899 9917 9934 4 9917 9900 9918 9935
4 9918 9901 9919 9936 4 9919 9902 9920 9937
4 9920 9904 9922 9938 4 9939 9940 9922 9921
4 9924 9906 9923 9941 4 9942 9925 9907 9924
4 9943 9926 9908 9925 4 9944 9939 9921 9926
4 407 9909 9927 9945 4 9927 9910 9928 9946
4 9928 9911 9929 9947 4 9929 9912 9930 9948
4 9930 9913 9931 9949 4 9931 9914 9932 9950
4 9932 9915 9933 9951 4 9933 9916 9934 9952
4 9934 9917 9935 9953 4 9935 9918 9936 9954
4 9936 9919 9937 9955 4 9937 9920 9938 9956
4 9938 9922 9940 9957 4 9958 9959 9940 9939
4 9942 9924 9941 9960 4 9961 9943 9925 9942
4 9962 9944 9926 9943 4 9963 9958 9939 9944
4 393 392 407 9945 4 9945 9927 9946 9964
4 9946 9928 9947 9965 4 9947 9929 9948 9966
4 9948 9930 9949 9967 4 9949 9931 9950 9968
4 9950 9932 9951 9969 4 9951 9933 9952 9970
4 9952 9934 9953 9971 4 9953 9935 9954 9972
4 9954 9936 9955 9973 4 9955 9937 9956 9974
4 9956 9938 9957 9975 4 9957 9940 9959 9976
4 9977 9978 9959 9958 4 9961 9942 9960 9979
4 9980 9962 9943 9961 4 9981 9963 9944 9962
4 9982 9977 9958 9963 4 393 9945 9964 9983
4 9964 9946 9965 9984 4 9965 9947 9966 9985
4 9966 9948 9967 9986 4 9967 9949 9968 9987
4 9968 9950 9969 9988 4 9969 9951 9970 9989
4 9970 9952 9971 9990 4 9971 9953 9972 9991
4 9972 9954 9973 9992 4 9973 9955 9974 9993
4 9974 9956 9975 9994 4 9975 9957 9976 9995
4 9976 9959 9978 9996 4 9997 9998 9978 9977
4 9980 9961 9979 9999 4 10000 9981 9962 9980
4 10001 9982 9963 9981 4 10002 9997 9977 9982
4 318 393 9983 10003 4 9983 9964 9984 10004
4 9984 9965 9985 10005 4 9985 9966 9986 10006
4 9986 9967 9987 10007 4 9987 9968 9988 10008
4 9988 9969 9989 10009 4 9989 9970 9990 10010
4 9990 9971 9991 10011 4 9991 9972 9992 10012
4 9992 9973 9993 10013 4 9993 9974 9994 10014
4 9994 9975 9995 10015 4 9995 9976 9996 10016
4 9996 9978 9998 10017 4 10018 10019 9998 9997
4 10000 9980 9999 10020 4 10021 10001 9981 10000
4 10022 10002 9982 10001 4 10023 10018 9997 10002
4 250 318 10003 10024 4 10003 9983 10004 10025
4 10004 9984 10005 10026 4 10005 9985 10006 10027
4 10006 9986 10007 10028 4 10007 9987 10008 10029
4 10008 9988 10009 10030 4 10009 9989 10010 10031
4 10010 9990 10011 10032 4 10011 9991 10012 10033
4 10012 9992 10013 10034 4 10013 9993 10014 10035
4 10014 9994 10015 10036 4 10015 9995 10016 10037
4 10016 9996 10017 10038 4 10017 9998 10019 10039
4 10040 10041 10019 10018 4 10021 10000 10020 10042
4 10043 10022 10001 10021 4 10044 10023 10002 10022
4 10045 10040 10018 10023 4 192 250 10024 10046
4 10024 10003 10025 10047 4 10025 10004 10026 10048
4 10026 10005 10027 10049 4 10027 10006 10028 10050
4 10028 10007 10029 10051 4 10029 10008 10030 10052
4 10030 10009 10031 10053 4 10031 10010 10032 10054
4 10032 10011 10033 10055 4 10033 10012 10034 10056
4 10034 10013 10035 10057 4 10035 10014 10036 10058
4 10036 10015 10037 10059 4 10037 10016 10038 10060
4 10038 10017 10039 10061 4 10039 10019 10041 10062
4 10063 10064 10041 10040 4 10043 10021 10042 10065
4 10066 10044 10022 10043 4 10067 10045 10023 10044
4 10068 10063 10040 10045 4 138 192 10046 10069
4 10046 10024 10047 10070 4 10047 10025 10048 10071
4 10048 10026 10049 10072 4 10049 10027 10050 10073
4 10050 10028 10051 10074 4 10051 10029 10052 10075
4 10052 10030 10053 10076 4 10053 10031 10054 10077
4 10054 10032 10055 10078 4 10055 10033 10056 10079
4 10056 10034 10057 10080 4 10057 10035 10058 10081
4 10058 10036 10059 10082 4 10059 10037 10060 10083
4 10060 10038 10061 10084 4 10061 10039 10062 10085
4 10062 10041 10064 10086 4 10066 10043 10065 10087
4 10088 10067 10044 10066 4 10089 10068 10045 10067
4 98 138 10069 10090 4 10069 10046 10070 10091
4 10070 10047 10071 10092 4 10071 10048 10072 10093
4 10072 10049 10073 10094 4 10073 10050 10074 10095
4 10074 10051 10075 10096 4 10075 10052 10076 10097
4 10076 10053 10077 10098 4 10077 10054 10078 10099
4 10078 10055 10079 10100 4 10079 10056 10080 10101
4 10080 10057 10081 10102 4 10081 10058 10082 10103
4 10082 10059 10083 10104 4 10083 10060 10084 10105
4 10084 10061 10085 10106 4 10085 10062 10086 10107
4 10088 10066 10087 10108 4 10109 10089 10067 10088
4 99 98 10090 10110 4 10090 10069 10091 10111
4 10091 10070 10092 10112 4 10092 10071 10093 10113
4 10093 10072 10094 10114 4 10094 10073 10095 10115
4 10095 10074 10096 10116 4 10096 10075 10097 10117
4 10097 10076 10098 10118 4 10098 10077 10099 10119
4 10099 10078 10100 10120 4 10100 10079 10101 10121
4 10101 10080 10102 10122 4 10102 10081 10103 10123
4 10103 10082 10104 10124 4 10104 10083 10105 10125
4 10105 10084 10106 10126 4 10106 10085 10107 10127
4 10109 10088 10108 10128 4 133 99 10110 10129
4 10110 10090 10111 10130 4 10111 10091 10112 10131
4 10112 10092 10113 10132 4 10113 10093 10114 10133
4 10114 10094 10115 10134 4 10115 10095 10116 10135
4 10116 10096 10117 10136 4 10117 10097 10118 10137
4 10118 10098 10119 10138 4 10119 10099 10120 10139
4 10120 10100 10121 10140 4 10121 10101 10122 10141
4 10122 10102 10123 10142 4 10123 10103 10124 10143
4 10124 10104 10125 10144 4 10125 10105 10126 10145
4 10126 10106 10127 10146 4 185 133 10129 10147
4 10129 10110 10130 10148 4 10130 10111 10131 10149
4 10131 10112 10132 10150 4 10132 10113 10133 10151
4 10133 10114 10134 10152 4 10134 10115 10135 10153
4 10135 10116 10136 10154 4 10136 10117 10137 10155
4 10137 10118 10138 10156 4 10138 10119 10139 10157
4 10139 10120 10140 10158 4 10140 10121 10141 10159
4 10141 10122 10142 10160 4 10142 10123 10143 10161
4 10143 10124 10144 10162 4 10144 10125 10145 10163
4 10145 10126 10146 10164 4 9309 3297 185 10147
4 10147 10129 10148 10165 4 10148 10130 10149 10166
4 10149 10131 10150 10167 4 10150 10132 10151 10168
4 10151 10133 10152 10169 4 10152 10134 10153 10170
4 10153 10135 10154 10171 4 10154 10136 10155 10172
4 10155 10137 10156 10173 4 10156 10138 10157 10174
4 10157 10139 10158 10175 4 10158 10140 10159 10176
4 10159 10141 10160 10177 4 10160 10142 10161 10178
4 10161 10143 10162 10179 4 10162 10144 10163 10180
4 10163 10145 10164 10181 4 9327 9309 10147 10165
4 10165 10148 10166 10182 4 10166 10149 10167 10183
4 10167 10150 10168 10184 4 10168 10151 10169 10185
4 10169 10152 10170 10186 4 10170 10153 10171 10187
4 10171 10154 10172 10188 4 10172 10155 10173 10189
4 10173 10156 10174 10190 4 10174 10157 10175 10191
4 10175 10158 10176 10192 4 10176 10159 10177 10193
4 10177 10160 10178 10194 4 10178 10161 10179 10195
4 10179 10162 10180 10196 4 10180 10163 10181 10197
4 9344 9327 10165 10182 4 10182 10166 10183 10198
4 10183 10167 10184 10199 4 10184 10168 10185 10200
4 10185 10169 10186 10201 4 10186 10170 10187 10202
4 10187 10171 10188 10203 4 10188 10172 10189 10204
4 10189 10173 10190 10205 4 10190 10174 10191 10206
4 10191 10175 10192 10207 4 10192 10176 10193 10208
4 10193 10177 10194 10209 4 10194 10178 10195 10210
4 10195 10179 10196 10211 4 10196 10180 10197 10212
4 9360 9344 10182 10198 4 10198 10183 10199 10213
4 10199 10184 10200 10214 4 10200 10185 10201 10215
4 10201 10186 10202 10216 4 10202 10187 10203 10217
4 10203 10188 10204 10218 4 10204 10189 10205 10219
4 10205 10190 10206 10220 4 10206 10191 10207 10221
4 10207 10192 10208 10222 4 10208 10193 10209 10223
4 10209 10194 10210 10224 4 10210 10195 10211 10225
4 10211 10196 10212 10226 4 9375 9360 10198 10213
4 10213 10199 10214 10227 4 10214 10200 10215 10228
4 10215 10201 10216 10229 4 10216 10202 10217 10230
4 10217 10203 10218 10231 4 10218 10204 10219 10232
4 10219 10205 10220 10233 4 10220 10206 10221 10234
4 10221 10207 10222 10235 4 10222 10208 10223 10236
4 10223 10209 10224 10237 4 10224 10210 10225 10238
4 10225 10211 10226 10239 4 9389 9375 10213 10227
4 10227 10214 10228 10240 4 10228 10215 10229 10241
4 10229 10216 10230 10242 4 10230 10217 10231 10243
4 10231 10218 10232 10244 4 10232 10219 10233 10245
4 10233 10220 10234 10246 4 10234 10221 10235 10247
4 10235 10222 10236 10248 4 10236 10223 10237 10249
4 10237 10224 10238 10250 4 10238 10225 10239 10251
4 9402 9389 10227 10240 4 10240 10228 10241 10252
4 10241 10229 10242 10253 4 10242 10230 10243 10254
4 10243 10231 10244 10255 4 10244 10232 10245 10256
4 10245 10233 10246 10257 4 10246 10234 10247 10258
4 10247 10235 10248 10259 4 10248 10236 10249 10260
4 10249 10237 10250 10261 4 10250 10238 10251 10262
4 9414 9402 10240 10252 4 10252 10241 10253 10263
4 10253 10242 10254 10264 4 10254 10243 10255 10265
4 10255 10244 10256 10266 4 10256 10245 10257 10267
4 10257 10246 10258 10268 4 10258 10247 10259 10269
4 10259 10248 10260 10270 4 10260 10249 10261 10271
4 10261 10250 10262 10272 4 9425 9414 10252 10263
4 10263 10253 10264 10273 4 10264 10254 10265 10274
4 10265 10255 10266 10275 4 10266 10256 10267 10276
4 10267 10257 10268 10277 4 10268 10258 10269 10278
4 10269 10259 10270 10279 4 10270 10260 10271 10280
4 10271 10261 10272 10281 4 9434 9425 10263 10273
4 10273 10264 10274 10282 4 10274 10265 10275 10283
4 10275 10266 10276 10284 4 10276 10267 10277 10285
4 10277 10268 10278 10286 4 10278 10269 10279 10287
4 10279 10270 10280 10288 4 10280 10271 10281 10289
4 9442 9434 10273 10282 4 10282 10274 10283 10290
4 10283 10275 10284 10291 4 10284 10276 10285 10292
4 10285 10277 10286 10293 4 10286 10278 10287 10294
4 10287 10279 10288 10295 4 10288 10280 10289 10296
4 9449 9442 10282 10290 4 10290 10283 10291 10297
4 10291 10284 10292 10298 4 10292 10285 10293 10299
4 10293 10286 10294 10300 4 10294 10287 10295 10301
4 10295 10288 10296 10302 4 9455 9449 10290 10297
4 10297 10291 10298 10303 4 10298 10292 10299 10304
4 10299 10293 10300 10305 4 10300 10294 10301 10306
4 10301 10295 10302 10307 4 9460 9455 10297 10303
4 10303 10298 10304 10308 4 10304 10299 10305 10309
4 10305 10300 10306 10310 4 10306 10301 10307 10311
4 9464 9460 10303 10308 4 10308 10304 10309 10312
4 10309 10305 10310 10313 4 10310 10306 10311 10314
4 9467 9464 10308 10312 4 10312 10309 10313 10315
4 10313 10310 10314 10316 4 9469 9467 10312 10315
4 10315 10313 10316 10317 4 9470 9469 10315 10317

CELL_DATA 9662
FIELD attributes 1
p 1 9662 float
0 0 0 0 0 0 0 0 0 0 0
0 0 0 0 0 0 0 0 0 0
0 0 0 0 0 0 0 0 0 0
0 0 0 0 0 0 0 0 0 0
0 0 0 0 0 0 0 0 0 0
0 0 0 0 0 0 0 0 0 0
0 0 0 0 0 0 0 0 0 0
0 0 0 0 0 0 0 0 0 0
0 0 0 0 0 0 0 0 0 0
0 0 0 0 0 0 0 0 0 0
0 0 0 0 0 0 0 0 0 0
0 0 0 0 0 0 0 0 0 0
0 0 0 0 0 0 0 0 0 0
0 0 0 0 0 0 0 0 0 0
0 0 0 0 0 0 0 0 0 0
0 0 0 0 0 0 0 0 0 0
0 0 0 0 0 0 0 0 0 0
0 0 0 0 0 0 0 0 0 0
0 0 0 0 0 0 0 0 0 0
0 0 0 0 0 0 0 0 0 0
0 0 0 0 0 0 0 0 0 0
0 0 0 0 0 0 0 0 0 0
0 0 0 0 0 0 0 0 0 0
0 0 0 0 0 0 0 0 0 0
0 0 0 0 0 0 0 0 0 0
0 0 0 0 0 0 0 0 0 0
0 0 0 0 0 0 0 0 0 0
0 0 0 0 0 0 0 0 0 0
0 0 0 0 0 0 0 0 0 0
0 0 0 0 0 0 0 0 0 0
0 0 0 0 0 0 0 0 0 0
0 0 0 0 0 0 0 0 0 0
0 0 0 0 0 0 0 0 0 0
0 0 0 0 0 0 0 0 0 0
0 0 0 0 0 0 0 0 0 0
0 0 0 0 0 0 0 0 0 0
0 0 0 0 0 0 0 0 0 0
0 0 0 0 0 0 0 0 0 0
0 0 0 0 0 0 0 0 0 0
0 0 0 0 0 0 0 0 0 0
0 0 0 0 0 0 0 0 0 0
0 0 0 0 0 0 0 0 0 0
0 0 0 0 0 0 0 0 0 0
0 0 0 0 0 0 0 0 0 0
0 0 0 0 0 0 0 0 0 0
0 0 0 0 0 0 0 0 0 0
0 0 0 0 0 0 0 0 0 0
0 0 0 0 0 0 0 0 0 0
0 0 0 0 0 0 0 0 0 0
0 0 0 0 0 0 0 0 0 0
0 0 0 0 0 0 0 0 0 0
0 0 0 0 0 0 0 0 0 0
0 0 0 0 0 0 0 0 0 0
0 0 0 0 0 0 0 0 0 0
0 0 0 0 0 0 0 0 0 0
0 0 0 0 0 0 0 0 0 0
0 0 0 0 0 0 0 0 0 0
0 0 0 0 0 0 0 0 0 0
0 0 0 0 0 0 0 0 0 0
0 0 0 0 0 0 0 0 0 0
0 0 0 0 0 0 0 0 0 0
0 0 0 0 0 0 0 0 0 0
0 0 0 0 0 0 0 0 0 0
0 0 0 0 0 0 0 0 0 0
0 0 0 0 0 0 0 0 0 0
0 0 0 0 0 0 0 0 0 0
0 0 0 0 0 0 0 0 0 0
0 0 0 0 0 0 0 0 0 0
0 0 0 0 0 0 0 0 0 0
0 0 0 0 0 0 0 0 0 0
0 0 0 0 0 0 0 0 0 0
0 0 0 0 0 0 0 0 0 0
0 0 0 0 0 0 0 0 0 0
0 0 0 0 0 0 0 0 0 0
0 0 0 0 0 0 0 0 0 0
0 0 0 0 0 0 0 0 0 0
0 0 0 0 0 0 0 0 0 0
0 0 0 0 0 0 0 0 0 0
0 0 0 0 0 0 0 0 0 0
0 0 0 0 0 0 0 0 0 0
0 0 0 0 0 0 0 0 0 0
0 0 0 0 0 0 0 0 0 0
0 0 0 0 0 0 0 0 0 0
0 0 0 0 0 0 0 0 0 0
0 0 0 0 0 0 0 0 0 0
0 0 0 0 0 0 0 0 0 0
0 0 0 0 0 0 0 0 0 0
0 0 0 0 0 0 0 0 0 0
0 0 0 0 0 0 0 0 0 0
0 0 0 0 0 0 0 0 0 0
0 0 0 0 0 0 0 0 0 0
0 0 0 0 0 0 0 0 0 0
0 0 0 0 0 0 0 0 0 0
0 0 0 0 0 0 0 0 0 0
0 0 0 0 0 0 0 0 0 0
0 0 0 0 0 0 0 0 0 0
0 0 0 0 0 0 0 0 0 0
0 0 0 0 0 0 0 0 0 0
0 0 0 0 0 0 0 0 0 0
0 0 0 0 0 0 0 0 0 0
0 0 0 0 0 0 0 0 0 0
0 0 0 0 0 0 0 0 0 0
0 0 0 0 0 0 0 0 0 0
0 0 0 0 0 0 0 0 0 0
0 0 0 0 0 0 0 0 0 0
0 0 0 0 0 0 0 0 0 0
0 0 0 0 0 0 0 0 0 0
0 0 0 0 0 0 0 0 0 0
0 0 0 0 0 0 0 0 0 0
0 0 0 0 0 0 0 0 0 0
0 0 0 0 0 0 0 0 0 0
0 0 0 0 0 0 0 0 0 0
0 0 0 0 0 0 0 0 0 0
0 0 0 0 0 0 0 0 0 0
0 0 0 0 0 0 0 0 0 0
0 0 0 0 0 0 0 0 0 0
0 0 0 0 0 0 0 0 0 0
0 0 0 0 0 0 0 0 0 0
0 0 0 0 0 0 0 0 0 0
0 0 0 0 0 0 0 0 0 0
0 0 0 0 0 0 0 0 0 0
0 0 0 0 0 0 0 0 0 0
0 0 0 0 0 0 0 0 0 0
0 0 0 0 0 0 0 0 0 0
0 0 0 0 0 0 0 0 0 0
0 0 0 0 0 0 0 0 0 0
0 0 0 0 0 0 0 0 0 0
0 0 0 0 0 0 0 0 0 0
0 0 0 0 0 0 0 0 0 0
0 0 0 0 0 0 0 0 0 0
0 0 0 0 0 0 0 0 0 0
0 0 0 0 0 0 0 0 0 0
0 0 0 0 0 0 0 0 0 0
0 0 0 0 0 0 0 0 0 0
0 0 0 0 0 0 0 0 0 0
0 0 0 0 0 0 0 0 0 0
0 0 0 0 0 0 0 0 0 0
0 0 0 0 0 0 0 0 0 0
0 0 0 0 0 0 0 0 0 0
0 0 0 0 0 0 0 0 0 0
0 0 0 0 0 0 0 0 0 0
0 0 0 0 0 0 0 0 0 0
0 0 0 0 0 0 0 0 0 0
0 0 0 0 0 0 0 0 0 0
0 0 0 0 0 0 0 0 0 0
0 0 0 0 0 0 0 0 0 0
0 0 0 0 0 0 0 0 0 0
0 0 0 0 0 0 0 0 0 0
0 0 0 0 0 0 0 0 0 0
0 0 0 0 0 0 0 0 0 0
0 0 0 0 0 0 0 0 0 0
0 0 0 0 0 0 0 0 0 0
0 0 0 0 0 0 0 0 0 0
0 0 0 0 0 0 0 0 0 0
0 0 0 0 0 0 0 0 0 0
0 0 0 0 0 0 0 0 0 0
0 0 0 0 0 0 0 0 0 0
0 0 0 0 0 0 0 0 0 0
0 0 0 0 0 0 0 0 0 0
0 0 0 0 0 0 0 0 0 0
0 0 0 0 0 0 0 0 0 0
0 0 0 0 0 0 0 0 0 0
0 0 0 0 0 0 0 0 0 0
0 0 0 0 0 0 0 0 0 0
0 0 0 0 0 0 0 0 0 0
0 0 0 0 0 0 0 0 0 0
0 0 0 0 0 0 0 0 0 0
0 0 0 0 0 0 0 0 0 0
0 0 0 0 0 0 0 0 0 0
0 0 0 0 0 0 0 0 0 0
0 0 0 0 0 0 0 0 0 0
0 0 0 0 0 0 0 0 0 0
0 0 0 0 0 0 0 0 0 0
0 0 0 0 0 0 0 0 0 0
0 0 0 0 0 0 0 0 0 0
0 0 0 0 0 0 0 0 0 0
0 0 0 0 0 0 0 0 0 0
0 0 0 0 0 0 0 0 0 0
0 0 0 0 0 0 0 0 0 0
0 0 0 0 0 0 0 0 0 0
0 0 0 0 0 0 0 0 0 0
0 0 0 0 0 0 0 0 0 0
0 0 0 0 0 0 0 0 0 0
0 0 0 0 0 0 0 0 0 0
0 0 0 0 0 0 0 0 0 0
0 0 0 0 0 0 0 0 0 0
0 0 0 0 0 0 0 0 0 0
0 0 0 0 0 0 0 0 0 0
0 0 0 0 0 0 0 0 0 0
0 0 0 0 0 0 0 0 0 0
0 0 0 0 0 0 0 0 0 0
0 0 0 0 0 0 0 0 0 0
0 0 0 0 0 0 0 0 0 0
0 0 0 0 0 0 0 0 0 0
0 0 0 0 0 0 0 0 0 0
0 0 0 0 0 0 0 0 0 0
0 0 0 0 0 0 0 0 0 0
0 0 0 0 0 0 0 0 0 0
0 0 0 0 0 0 0 0 0 0
0 0 0 0 0 0 0 0 0 0
0 0 0 0 0 0 0 0 0 0
0 0 0 0 0 0 0 0 0 0
0 0 0 0 0 0 0 0 0 0
0 0 0 0 0 0 0 0 0 0
0 0 0 0 0 0 0 0 0 0
0 0 0 0 0 0 0 0 0 0
0 0 0 0 0 0 0 0 0 0
0 0 0 0 0 0 0 0 0 0
0 0 0 0 0 0 0 0 0 0
0 0 0 0 0 0 0 0 0 0
0 0 0 0 0 0 0 0 0 0
0 0 0 0 0 0 0 0 0 0
0 0 0 0 0 0 0 0 0 0
0 0 0 0 0 0 0 0 0 0
0 0 0 0 0 0 0 0 0 0
0 0 0 0 0 0 0 0 0 0
0 0 0 0 0 0 0 0 0 0
0 0 0 0 0 0 0 0 0 0
0 0 0 0 0 0 0 0 0 0
0 0 0 0 0 0 0 0 0 0
0 0 0 0 0 0 0 0 0 0
0 0 0 0 0 0 0 0 0 0
0 0 0 0 0 0 0 0 0 0
0 0 0 0 0 0 0 0 0 0
0 0 0 0 0 0 0 0 0 0
0 0 0 0 0 0 0 0 0 0
0 0 0 0 0 0 0 0 0 0
0 0 0 0 0 0 0 0 0 0
0 0 0 0 0 0 0 0 0 0
0 0 0 0 0 0 0 0 0 0
0 0 0 0 0 0 0 0 0 0
0 0 0 0 0 0 0 0 0 0
0 0 0 0 0 0 0 0 0 0
0 0 0 0 0 0 0 0 0 0
0 0 0 0 0 0 0 0 0 0
0 0 0 0 0 0 0 0 0 0
0 0 0 0 0 0 0 0 0 0
0 0 0 0 0 0 0 0 0 0
0 0 0 0 0 0 0 0 0 0
0 0 0 0 0 0 0 0 0 0
0 0 0 0 0 0 0 0 0 0
0 0 0 0 0 0 0 0 0 0
0 0 0 0 0 0 0 0 0 0
0 0 0 0 0 0 0 0 0 0
0 0 0 0 0 0 0 0 0 0
0 0 0 0 0 0 0 0 0 0
0 0 0 0 0 0 0 0 0 0
0 0 0 0 0 0 0 0 0 0
0 0 0 0 0 0 0 0 0 0
0 0 0 0 0 0 0 0 0 0
0 0 0 0 0 0 0 0 0 0
0 0 0 0 0 0 0 0 0 0
0 0 0 0 0 0 0 0 0 0
0 0 0 0 0 0 0 0 0 0
0 0 0 0 0 0 0 0 0 0
0 0 0 0 0 0 0 0 0 0
0 0 0 0 0 0 0 0 0 0
0 0 0 0 0 0 0 0 0 0
0 0 0 0 0 0 0 0 0 0
0 0 0 0 0 0 0 0 0 0
0 0 0 0 0 0 0 0 0 0
0 0 0 0 0 0 0 0 0 0
0 0 0 0 0 0 0 0 0 0
0 0 0 0 0 0 0 0 0 0
0 0 0 0 0 0 0 0 0 0
0 0 0 0 0 0 0 0 0 0
0 0 0 0 0 0 0 0 0 0
0 0 0 0 0 0 0 0 0 0
0 0 0 0 0 0 0 0 0 0
0 0 0 0 0 0 0 0 0 0
0 0 0 0 0 0 0 0 0 0
0 0 0 0 0 0 0 0 0 0
0 0 0 0 0 0 0 0 0 0
0 0 0 0 0 0 0 0 0 0
0 0 0 0 0 0 0 0 0 0
0 0 0 0 0 0 0 0 0 0
0 0 0 0 0 0 0 0 0 0
0 0 0 0 0 0 0 0 0 0
0 0 0 0 0 0 0 0 0 0
0 0 0 0 0 0 0 0 0 0
0 0 0 0 0 0 0 0 0 0
0 0 0 0 0 0 0 0 0 0
0 0 0 0 0 0 0 0 0 0
0 0 0 0 0 0 0 0 0 0
0 0 0 0 0 0 0 0 0 0
0 0 0 0 0 0 0 0 0 0
0 0 0 0 0 0 0 0 0 0
0 0 0 0 0 0 0 0 0 0
0 0 0 0 0 0 0 0 0 0
0 0 0 0 0 0 0 0 0 0
0 0 0 0 0 0 0 0 0 0
0 0 0 0 0 0 0 0 0 0
0 0 0 0 0 0 0 0 0 0
0 0 0 0 0 0 0 0 0 0
0 0 0 0 0 0 0 0 0 0
0 0 0 0 0 0 0 0 0 0
0 0 0 0 0 0 0 0 0 0
0 0 0 0 0 0 0 0 0 0
0 0 0 0 0 0 0 0 0 0
0 0 0 0 0 0 0 0 0 0
0 0 0 0 0 0 0 0 0 0
0 0 0 0 0 0 0 0 0 0
0 0 0 0 0 0 0 0 0 0
0 0 0 0 0 0 0 0 0 0
0 0 0 0 0 0 0 0 0 0
0 0 0 0 0 0 0 0 0 0
0 0 0 0 0 0 0 0 0 0
0 0 0 0 0 0 0 0 0 0
0 0 0 0 0 0 0 0 0 0
0 0 0 0 0 0 0 0 0 0
0 0 0 0 0 0 0 0 0 0
0 0 0 0 0 0 0 0 0 0
0 0 0 0 0 0 0 0 0 0
0 0 0 0 0 0 0 0 0 0
0 0 0 0 0 0 0 0 0 0
0 0 0 0 0 0 0 0 0 0
0 0 0 0 0 0 0 0 0 0
0 0 0 0 0 0 0 0 0 0
0 0 0 0 0 0 0 0 0 0
0 0 0 0 0 0 0 0 0 0
0 0 0 0 0 0 0 0 0 0
0 0 0 0 0 0 0 0 0 0
0 0 0 0 0 0 0 0 0 0
0 0 0 0 0 0 0 0 0 0
0 0 0 0 0 0 0 0 0 0
0 0 0 0 0 0 0 0 0 0
0 0 0 0 0 0 0 0 0 0
0 0 0 0 0 0 0 0 0 0
0 0 0 0 0 0 0 0 0 0
0 0 0 0 0 0 0 0 0 0
0 0 0 0 0 0 0 0 0 0
0 0 0 0 0 0 0 0 0 0
0 0 0 0 0 0 0 0 0 0
0 0 0 0 0 0 0 0 0 0
0 0 0 0 0 0 0 0 0 0
0 0 0 0 0 0 0 0 0 0
0 0 0 0 0 0 0 0 0 0
0 0 0 0 0 0 0 0 0 0
0 0 0 0 0 0 0 0 0 0
0 0 0 0 0 0 0 0 0 0
0 0 0 0 0 0 0 0 0 0
0 0 0 0 0 0 0 0 0 0
0 0 0 0 0 0 0 0 0 0
0 0 0 0 0 0 0 0 0 0
0 0 0 0 0 0 0 0 0 0
0 0 0 0 0 0 0 0 0 0
0 0 0 0 0 0 0 0 0 0
0 0 0 0 0 0 0 0 0 0
0 0 0 0 0 0 0 0 0 0
0 0 0 0 0 0 0 0 0 0
0 0 0 0 0 0 0 0 0 0
0 0 0 0 0 0 0 0 0 0
0 0 0 0 0 0 0 0 0 0
0 0 0 0 0 0 0 0 0 0
0 0 0 0 0 0 0 0 0 0
0 0 0 0 0 0 0 0 0 0
0 0 0 0 0 0 0 0 0 0
0 0 0 0 0 0 0 0 0 0
0 0 0 0 0 0 0 0 0 0
0 0 0 0 0 0 0 0 0 0
0 0 0 0 0 0 0 0 0 0
0 0 0 0 0 0 0 0 0 0
0 0 0 0 0 0 0 0 0 0
0 0 0 0 0 0 0 0 0 0
0 0 0 0 0 0 0 0 0 0
0 0 0 0 0 0 0 0 0 0
0 0 0 0 0 0 0 0 0 0
0 0 0 0 0 0 0 0 0 0
0 0 0 0 0 0 0 0 0 0
0 0 0 0 0 0 0 0 0 0
0 0 0 0 0 0 0 0 0 0
0 0 0 0 0 0 0 0 0 0
0 0 0 0 0 0 0 0 0 0
0 0 0 0 0 0 0 0 0 0
0 0 0 0 0 0 0 0 0 0
0 0 0 0 0 0 0 0 0 0
0 0 0 0 0 0 0 0 0 0
0 0 0 0 0 0 0 0 0 0
0 0 0 0 0 0 0 0 0 0
0 0 0 0 0 0 0 0 0 0
0 0 0 0 0 0 0 0 0 0
0 0 0 0 0 0 0 0 0 0
0 0 0 0 0 0 0 0 0 0
0 0 0 0 0 0 0 0 0 0
0 0 0 0 0 0 0 0 0 0
0 0 0 0 0 0 0 0 0 0
0 0 0 0 0 0 0 0 0 0
0 0 0 0 0 0 0 0 0 0
0 0 0 0 0 0 0 0 0 0
0 0 0 0 0 0 0 0 0 0
0 0 0 0 0 0 0 0 0 0
0 0 0 0 0 0 0 0 0 0
0 0 0 0 0 0 0 0 0 0
0 0 0 0 0 0 0 0 0 0
0 0 0 0 0 0 0 0 0 0
0 0 0 0 0 0 0 0 0 0
0 0 0 0 0 0 0 0 0 0
0 0 0 0 0 0 0 0 0 0
0 0 0 0 0 0 0 0 0 0
0 0 0 0 0 0 0 0 0 0
0 0 0 0 0 0 0 0 0 0
0 0 0 0 0 0 0 0 0 0
0 0 0 0 0 0 0 0 0 0
0 0 0 0 0 0 0 0 0 0
0 0 0 0 0 0 0 0 0 0
0 0 0 0 0 0 0 0 0 0
0 0 0 0 0 0 0 0 0 0
0 0 0 0 0 0 0 0 0 0
0 0 0 0 0 0 0 0 0 0
0 0 0 0 0 0 0 0 0 0
0 0 0 0 0 0 0 0 0 0
0 0 0 0 0 0 0 0 0 0
0 0 0 0 0 0 0 0 0 0
0 0 0 0 0 0 0 0 0 0
0 0 0 0 0 0 0 0 0 0
0 0 0 0 0 0 0 0 0 0
0 0 0 0 0 0 0 0 0 0
0 0 0 0 0 0 0 0 0 0
0 0 0 0 0 0 0 0 0 0
0 0 0 0 0 0 0 0 0 0
0 0 0 0 0 0 0 0 0 0
0 0 0 0 0 0 0 0 0 0
0 0 0 0 0 0 0 0 0 0
0 0 0 0 0 0 0 0 0 0
0 0 0 0 0 0 0 0 0 0
0 0 0 0 0 0 0 0 0 0
0 0 0 0 0 0 0 0 0 0
0 0 0 0 0 0 0 0 0 0
0 0 0 0 0 0 0 0 0 0
0 0 0 0 0 0 0 0 0 0
0 0 0 0 0 0 0 0 0 0
0 0 0 0 0 0 0 0 0 0
0 0 0 0 0 0 0 0 0 0
0 0 0 0 0 0 0 0 0 0
0 0 0 0 0 0 0 0 0 0
0 0 0 0 0 0 0 0 0 0
0 0 0 0 0 0 0 0 0 0
0 0 0 0 0 0 0 0 0 0
0 0 0 0 0 0 0 0 0 0
0 0 0 0 0 0 0 0 0 0
0 0 0 0 0 0 0 0 0 0
0 0 0 0 0 0 0 0 0 0
0 0 0 0 0 0 0 0 0 0
0 0 0 0 0 0 0 0 0 0
0 0 0 0 0 0 0 0 0 0
0 0 0 0 0 0 0 0 0 0
0 0 0 0 0 0 0 0 0 0
0 0 0 0 0 0 0 0 0 0
0 0 0 0 0 0 0 0 0 0
0 0 0 0 0 0 0 0 0 0
0 0 0 0 0 0 0 0 0 0
0 0 0 0 0 0 0 0 0 0
0 0 0 0 0 0 0 0 0 0
0 0 0 0 0 0 0 0 0 0
0 0 0 0 0 0 0 0 0 0
0 0 0 0 0 0 0 0 0 0
0 0 0 0 0 0 0 0 0 0
0 0 0 0 0 0 0 0 0 0
0 0 0 0 0 0 0 0 0 0
0 0 0 0 0 0 0 0 0 0
0 0 0 0 0 0 0 0 0 0
0 0 0 0 0 0 0 0 0 0
0 0 0 0 0 0 0 0 0 0
0 0 0 0 0 0 0 0 0 0
0 0 0 0 0 0 0 0 0 0
0 0 0 0 0 0 0 0 0 0
0 0 0 0 0 0 0 0 0 0
0 0 0 0 0 0 0 0 0 0
0 0 0 0 0 0 0 0 0 0
0 0 0 0 0 0 0 0 0 0
0 0 0 0 0 0 0 0 0 0
0 0 0 0 0 0 0 0 0 0
0 0 0 0 0 0 0 0 0 0
0 0 0 0 0 0 0 0 0 0
0 0 0 0 0 0 0 0 0 0
0 0 0 0 0 0 0 0 0 0
0 0 0 0 0 0 0 0 0 0
0 0 0 0 0 0 0 0 0 0
0 0 0 0 0 0 0 0 0 0
0 0 0 0 0 0 0 0 0 0
0 0 0 0 0 0 0 0 0 0
0 0 0 0 0 0 0 0 0 0
0 0 0 0 0 0 0 0 0 0
0 0 0 0 0 0 0 0 0 0
0 0 0 0 0 0 0 0 0 0
0 0 0 0 0 0 0 0 0 0
0 0 0 0 0 0 0 0 0 0
0 0 0 0 0 0 0 0 0 0
0 0 0 0 0 0 0 0 0 0
0 0 0 0 0 0 0 0 0 0
0 0 0 0 0 0 0 0 0 0
0 0 0 0 0 0 0 0 0 0
0 0 0 0 0 0 0 0 0 0
0 0 0 0 0 0 0 0 0 0
0 0 0 0 0 0 0 0 0 0
0 0 0 0 0 0 0 0 0 0
0 0 0 0 0 0 0 0 0 0
0 0 0 0 0 0 0 0 0 0
0 0 0 0 0 0 0 0 0 0
0 0 0 0 0 0 0 0 0 0
0 0 0 0 0 0 0 0 0 0
0 0 0 0 0 0 0 0 0 0
0 0 0 0 0 0 0 0 0 0
0 0 0 0 0 0 0 0 0 0
0 0 0 0 0 0 0 0 0 0
0 0 0 0 0 0 0 0 0 0
0 0 0 0 0 0 0 0 0 0
0 0 0 0 0 0 0 0 0 0
0 0 0 0 0 0 0 0 0 0
0 0 0 0 0 0 0 0 0 0
0 0 0 0 0 0 0 0 0 0
0 0 0 0 0 0 0 0 0 0
0 0 0 0 0 0 0 0 0 0
0 0 0 0 0 0 0 0 0 0
0 0 0 0 0 0 0 0 0 0
0 0 0 0 0 0 0 0 0 0
0 0 0 0 0 0 0 0 0 0
0 0 0 0 0 0 0 0 0 0
0 0 0 0 0 0 0 0 0 0
0 0 0 0 0 0 0 0 0 0
0 0 0 0 0 0 0 0 0 0
0 0 0 0 0 0 0 0 0 0
0 0 0 0 0 0 0 0 0 0
0 0 0 0 0 0 0 0 0 0
0 0 0 0 0 0 0 0 0 0
0 0 0 0 0 0 0 0 0 0
0 0 0 0 0 0 0 0 0 0
0 0 0 0 0 0 0 0 0 0
0 0 0 0 0 0 0 0 0 0
0 0 0 0 0 0 0 0 0 0
0 0 0 0 0 0 0 0 0 0
0 0 0 0 0 0 0 0 0 0
0 0 0 0 0 0 0 0 0 0
0 0 0 0 0 0 0 0 0 0
0 0 0 0 0 0 0 0 0 0
0 0 0 0 0 0 0 0 0 0
0 0 0 0 0 0 0 0 0 0
0 0 0 0 0 0 0 0 0 0
0 0 0 0 0 0 0 0 0 0
0 0 0 0 0 0 0 0 0 0
0 0 0 0 0 0 0 0 0 0
0 0 0 0 0 0 0 0 0 0
0 0 0 0 0 0 0 0 0 0
0 0 0 0 0 0 0 0 0 0
0 0 0 0 0 0 0 0 0 0
0 0 0 0 0 0 0 0 0 0
0 0 0 0 0 0 0 0 0 0
0 0 0 0 0 0 0 0 0 0
0 0 0 0 0 0 0 0 0 0
0 0 0 0 0 0 0 0 0 0
0 0 0 0 0 0 0 0 0 0
0 0 0 0 0 0 0 0 0 0
0 0 0 0 0 0 0 0 0 0
0 0 0 0 0 0 0 0 0 0
0 0 0 0 0 0 0 0 0 0
0 0 0 0 0 0 0 0 0 0
0 0 0 0 0 0 0 0 0 0
0 0 0 0 0 0 0 0 0 0
0 0 0 0 0 0 0 0 0 0
0 0 0 0 0 0 0 0 0 0
0 0 0 0 0 0 0 0 0 0
0 0 0 0 0 0 0 0 0 0
0 0 0 0 0 0 0 0 0 0
0 0 0 0 0 0 0 0 0 0
0 0 0 0 0 0 0 0 0 0
0 0 0 0 0 0 0 0 0 0
0 0 0 0 0 0 0 0 0 0
0 0 0 0 0 0 0 0 0 0
0 0 0 0 0 0 0 0 0 0
0 0 0 0 0 0 0 0 0 0
0 0 0 0 0 0 0 0 0 0
0 0 0 0 0 0 0 0 0 0
0 0 0 0 0 0 0 0 0 0
0 0 0 0 0 0 0 0 0 0
0 0 0 0 0 0 0 0 0 0
0 0 0 0 0 0 0 0 0 0
0 0 0 0 0 0 0 0 0 0
0 0 0 0 0 0 0 0 0 0
0 0 0 0 0 0 0 0 0 0
0 0 0 0 0 0 0 0 0 0
0 0 0 0 0 0 0 0 0 0
0 0 0 0 0 0 0 0 0 0
0 0 0 0 0 0 0 0 0 0
0 0 0 0 0 0 0 0 0 0
0 0 0 0 0 0 0 0 0 0
0 0 0 0 0 0 0 0 0 0
0 0 0 0 0 0 0 0 0 0
0 0 0 0 0 0 0 0 0 0
0 0 0 0 0 0 0 0 0 0
0 0 0 0 0 0 0 0 0 0
0 0 0 0 0 0 0 0 0 0
0 0 0 0 0 0 0 0 0 0
0 0 0 0 0 0 0 0 0 0
0 0 0 0 0 0 0 0 0 0
0 0 0 0 0 0 0 0 0 0
0 0 0 0 0 0 0 0 0 0
0 0 0 0 0 0 0 0 0 0
0 0 0 0 0 0 0 0 0 0
0 0 0 0 0 0 0 0 0 0
0 0 0 0 0 0 0 0 0 0
0 0 0 0 0 0 0 0 0 0
0 0 0 0 0 0 0 0 0 0
0 0 0 0 0 0 0 0 0 0
0 0 0 0 0 0 0 0 0 0
0 0 0 0 0 0 0 0 0 0
0 0 0 0 0 0 0 0 0 0
0 0 0 0 0 0 0 0 0 0
0 0 0 0 0 0 0 0 0 0
0 0 0 0 0 0 0 0 0 0
0 0 0 0 0 0 0 0 0 0
0 0 0 0 0 0 0 0 0 0
0 0 0 0 0 0 0 0 0 0
0 0 0 0 0 0 0 0 0 0
0 0 0 0 0 0 0 0 0 0
0 0 0 0 0 0 0 0 0 0
0 0 0 0 0 0 0 0 0 0
0 0 0 0 0 0 0 0 0 0
0 0 0 0 0 0 0 0 0 0
0 0 0 0 0 0 0 0 0 0
0 0 0 0 0 0 0 0 0 0
0 0 0 0 0 0 0 0 0 0
0 0 0 0 0 0 0 0 0 0
0 0 0 0 0 0 0 0 0 0
0 0 0 0 0 0 0 0 0 0
0 0 0 0 0 0 0 0 0 0
0 0 0 0 0 0 0 0 0 0
0 0 0 0 0 0 0 0 0 0
0 0 0 0 0 0 0 0 0 0
0 0 0 0 0 0 0 0 0 0
0 0 0 0 0 0 0 0 0 0
0 0 0 0 0 0 0 0 0 0
0 0 0 0 0 0 0 0 0 0
0 0 0 0 0 0 0 0 0 0
0 0 0 0 0 0 0 0 0 0
0 0 0 0 0 0 0 0 0 0
0 0 0 0 0 0 0 0 0 0
0 0 0 0 0 0 0 0 0 0
0 0 0 0 0 0 0 0 0 0
0 0 0 0 0 0 0 0 0 0
0 0 0 0 0 0 0 0 0 0
0 0 0 0 0 0 0 0 0 0
0 0 0 0 0 0 0 0 0 0
0 0 0 0 0 0 0 0 0 0
0 0 0 0 0 0 0 0 0 0
0 0 0 0 0 0 0 0 0 0
0 0 0 0 0 0 0 0 0 0
0 0 0 0 0 0 0 0 0 0
0 0 0 0 0 0 0 0 0 0
0 0 0 0 0 0 0 0 0 0
0 0 0 0 0 0 0 0 0 0
0 0 0 0 0 0 0 0 0 0
0 0 0 0 0 0 0 0 0 0
0 0 0 0 0 0 0 0 0 0
0 0 0 0 0 0 0 0 0 0
0 0 0 0 0 0 0 0 0 0
0 0 0 0 0 0 0 0 0 0
0 0 0 0 0 0 0 0 0 0
0 0 0 0 0 0 0 0 0 0
0 0 0 0 0 0 0 0 0 0
0 0 0 0 0 0 0 0 0 0
0 0 0 0 0 0 0 0 0 0
0 0 0 0 0 0 0 0 0 0
0 0 0 0 0 0 0 0 0 0
0 0 0 0 0 0 0 0 0 0
0 0 0 0 0 0 0 0 0 0
0 0 0 0 0 0 0 0 0 0
0 0 0 0 0 0 0 0 0 0
0 0 0 0 0 0 0 0 0 0
0 0 0 0 0 0 0 0 0 0
0 0 0 0 0 0 0 0 0 0
0 0 0 0 0 0 0 0 0 0
0 0 0 0 0 0 0 0 0 0
0 0 0 0 0 0 0 0 0 0
0 0 0 0 0 0 0 0 0 0
0 0 0 0 0 0 0 0 0 0
0 0 0 0 0 0 0 0 0 0
0 0 0 0 0 0 0 0 0 0
0 0 0 0 0 0 0 0 0 0
0 0 0 0 0 0 0 0 0 0
0 0 0 0 0 0 0 0 0 0
0 0 0 0 0 0 0 0 0 0
0 0 0 0 0 0 0 0 0 0
0 0 0 0 0 0 0 0 0 0
0 0 0 0 0 0 0 0 0 0
0 0 0 0 0 0 0 0 0 0
0 0 0 0 0 0 0 0 0 0
0 0 0 0 0 0 0 0 0 0
0 0 0 0 0 0 0 0 0 0
0 0 0 0 0 0 0 0 0 0
0 0 0 0 0 0 0 0 0 0
0 0 0 0 0 0 0 0 0 0
0 0 0 0 0 0 0 0 0 0
0 0 0 0 0 0 0 0 0 0
0 0 0 0 0 0 0 0 0 0
0 0 0 0 0 0 0 0 0 0
0 0 0 0 0 0 0 0 0 0
0 0 0 0 0 0 0 0 0 0
0 0 0 0 0 0 0 0 0 0
0 0 0 0 0 0 0 0 0 0
0 0 0 0 0 0 0 0 0 0
0 0 0 0 0 0 0 0 0 0
0 0 0 0 0 0 0 0 0 0
0 0 0 0 0 0 0 0 0 0
0 0 0 0 0 0 0 0 0 0
0 0 0 0 0 0 0 0 0 0
0 0 0 0 0 0 0 0 0 0
0 0 0 0 0 0 0 0 0 0
0 0 0 0 0 0 0 0 0 0
0 0 0 0 0 0 0 0 0 0
0 0 0 0 0 0 0 0 0 0
0 0 0 0 0 0 0 0 0 0
0 0 0 0 0 0 0 0 0 0
0 0 0 0 0 0 0 0 0 0
0 0 0 0 0 0 0 0 0 0
0 0 0 0 0 0 0 0 0 0
0 0 0 0 0 0 0 0 0 0
0 0 0 0 0 0 0 0 0 0
0 0 0 0 0 0 0 0 0 0
0 0 0 0 0 0 0 0 0 0
0 0 0 0 0 0 0 0 0 0
0 0 0 0 0 0 0 0 0 0
0 0 0 0 0 0 0 0 0 0
0 0 0 0 0 0 0 0 0 0
0 0 0 0 0 0 0 0 0 0
0 0 0 0 0 0 0 0 0 0
0 0 0 0 0 0 0 0 0 0
0 0 0 0 0 0 0 0 0 0
0 0 0 0 0 0 0 0 0 0
0 0 0 0 0 0 0 0 0 0
0 0 0 0 0 0 0 0 0 0
0 0 0 0 0 0 0 0 0 0
0 0 0 0 0 0 0 0 0 0
0 0 0 0 0 0 0 0 0 0
0 0 0 0 0 0 0 0 0 0
0 0 0 0 0 0 0 0 0 0
0 0 0 0 0 0 0 0 0 0
0 0 0 0 0 0 0 0 0 0
0 0 0 0 0 0 0 0 0 0
0 0 0 0 0 0 0 0 0 0
0 0 0 0 0 0 0 0 0 0
0 0 0 0 0 0 0 0 0 0
0 0 0 0 0 0 0 0 0 0
0 0 0 0 0 0 0 0 0 0
0 0 0 0 0 0 0 0 0 0
0 0 0 0 0 0 0 0 0 0
0 0 0 0 0 0 0 0 0 0
0 0 0 0 0 0 0 0 0 0
0 0 0 0 0 0 0 0 0 0
0 0 0 0 0 0 0 0 0 0
0 0 0 0 0 0 0 0 0 0
0 0 0 0 0 0 0 0 0 0
0 0 0 0 0 0 0 0 0 0
0 0 0 0 0 0 0 0 0 0
0 0 0 0 0 0 0 0 0 0
0 0 0 0 0 0 0 0 0 0
0 0 0 0 0 0 0 0 0 0
0 0 0 0 0 0 0 0 0 0
0 0 0 0 0 0 0 0 0 0
0 0 0 0 0 0 0 0 0 0
0 0 0 0 0 0 0 0 0 0
0 0 0 0 0 0 0 0 0 0
0 0 0 0 0 0 0 0 0 0
0 0 0 0 0 0 0 0 0 0
0 0 0 0 0 0 0 0 0 0
0 0 0 0 0 0 0 0 0 0
0 0 0 0 0 0 0 0 0 0
0 0 0 0 0 0 0 0 0 0
0 0 0 0 0 0 0 0 0 0
0 0 0 0 0 0 0 0 0 0
0 0 0 0 0 0 0 0 0 0
0 0 0 0 0 0 0 0 0 0
0 0 0 0 0 0 0 0 0 0
0 0 0 0 0 0 0 0 0 0
0 0 0 0 0 0 0 0 0 0
0 0 0 0 0 0 0 0 0 0
0 0 0 0 0 0 0 0 0 0
0 0 0 0 0 0 0 0 0 0
0 0 0 0 0 0 0 0 0 0
0 0 0 0 0 0 0 0 0 0
0 0 0 0 0 0 0 0 0 0
0 0 0 0 0 0 0 0 0 0
0 0 0 0 0 0 0 0 0 0
0 0 0 0 0 0 0 0 0 0
0 0 0 0 0 0 0 0 0 0
0 0 0 0 0 0 0 0 0 0
0 0 0 0 0 0 0 0 0 0
0 0 0 0 0 0 0 0 0 0
0 0 0 0 0 0 0 0 0 0
0 0 0 0 0 0 0 0 0 0
0 0 0 0 0 0 0 0 0 0
0 0 0 0 0 0 0 0 0 0
0 0 0 0 0 0 0 0 0 0
0 0 0 0 0 0 0 0 0 0
0 0 0 0 0 0 0 0 0 0
0 0 0 0 0 0 0 0 0 0
0 0 0 0 0 0 0 0 0 0
0 0 0 0 0 0 0 0 0 0
0 0 0 0 0 0 0 0 0 0
0 0 0 0 0 0 0 0 0 0
0 0 0 0 0 0 0 0 0 0
0 0 0 0 0 0 0 0 0 0
0 0 0 0 0 0 0 0 0 0
0 0 0 0 0 0 0 0 0 0
0 0 0 0 0 0 0 0 0 0
0 0 0 0 0 0 0 0 0 0
0 0 0 0 0 0 0 0 0 0
0 0 0 0 0 0 0 0 0 0
0 0 0 0 0 0 0 0 0 0
0 0 0 0 0 0 0 0 0 0
0 0 0 0 0 0 0 0 0 0
0 0 0 0 0 0 0 0 0 0
0 0 0 0 0 0 0 0 0 0
0 0 0 0 0 0 0 0 0 0
0 0 0 0 0 0 0 0 0 0
0 0 0 0 0 0 0 0 0 0
0 0 0 0 0 0 0 0 0 0
0 0 0 0 0 0 0 0 0 0
0 0 0 0 0 0 0 0 0 0
0 0 0 0 0 0 0 0 0 0
0 0 0 0 0 0 0 0 0 0
0 0 0 0 0 0 0 0 0 0
0 0 0 0 0 0 0 0 0 0
0 0 0 0 0 0 0 0 0 0
0 0 0 0 0 0 0 0 0 0
0 0 0 0 0 0 0 0 0 0
0 0 0 0 0 0 0 0 0 0
0 0 0 0 0 0 0 0 0 0
0 0 0 0 0 0 0 0 0 0
0 0 0 0 0 0 0 0 0 0
0 0 0 0 0 0 0 0 0 0
0 0 0 0 0 0 0 0 0 0
0 0 0 0 0 0 0 0 0 0
0 0 0 0 0 0 0 0 0 0
0 0 0 0 0 0 0 0 0 0
0 0 0 0 0 0 0 0 0 0
0 0 0 0 0 0 0 0 0 0
0 0 0 0 0 0 0 0 0 0
0 0 0 0 0 0 0 0 0 0
0 0 0 0 0 0 0 0 0 0
0 0 0 0 0 0 0 0 0 0
0 0 0 0 0 0 0 0 0 0
0 0 0 0 0 0 0 0 0 0
0 0 0 0 0 0 0 0 0 0
0 0 0 0 0 0 0 0 0 0
0 0 0 0 0 0 0 0 0 0
0 0 0 0 0 0 0 0 0 0
0 0 0 0 0 0 0 0 0 0
0 0 0 0 0 0 0 0 0 0
0 0 0 0 0 0 0 0 0 0
0 0 0 0 0 0 0 0 0 0
0 0 0 0 0 0 0 0 0 0
0 0 0 0 0 0 0 0 0 0
0 0 0 0 0 0 0 0 0 0
0 0 0 0 0 0 0 0 0 0
0 0 0 0 0 0 0 0 0 0
0 0 0 0 0 0 0 0 0 0
0 0 0 0 0 0 0 0 0 0
0 0 0 0 0 0 0 0 0 0
0 0 0 0 0 0 0 0 0 0
0 0 0 0 0 0 0 0 0 0
0 0 0 0 0 0 0 0 0 0
0 0 0 0 0 0 0 0 0 0
0 0 0 0 0 0 0 0 0 0
0 0 0 0 0 0 0 0 0 0
0 0 0 0 0 0 0 0 0 0
0 0 0 0 0 0 0 0 0 0
0 0 0 0 0 0 0 0 0 0
0 0 0 0 0 0 0 0 0 0
0 0 0 0 0 0 0 0 0 0
0 0 0 0 0 0 0 0 0 0
0 0 0 0 0 0 0 0 0 0
0 0 0 0 0 0 0 0 0 0
0 0 0 0 0 0 0 0 0 0
0 0 0 0 0 0 0 0 0 0
0 0 0 0 0 0 0 0 0 0
0 0 0 0 0 0 0 0 0 0
0 0 0 0 0 0 0 0 0 0
0 0 0 0 0 0 0 0 0 0
0 0 0 0 0 0 0 0 0 0
0 0 0 0 0 0 0 0 0 0
0 0 0 0 0 0 0 0 0 0
0 0 0 0 0 0 0 0 0 0
0 0 0 0 0 0 0 0 0 0
0 0 0 0 0 0 0 0 0 0
0 0 0 0 0 0 0 0 0 0
0 0 0 0 0 0 0 0 0 0
0 0 0 0 0 0 0 0 0 0
0 0 0 0 0 0 0 0 0 0
0 0 0 0 0 0 0 0 0 0
0 0 0 0 0 0 0 0 0 0
0 0 0 0 0 0 0 0 0 0
0 0 0 0 0 0 0 0 0 0
0 0 0 0 0 0 0 0 0 0
0 0 0 0 0 0 0 0 0 0
0 0 0 0 0 0 0 0 0 0
0 0 0 0 0 0 0 0 0 0
0 0 0 0 0 0 0 0 0 0
0 0 0 0 0 0 0 0 0 0
0 0 0 0 0 0 0 0 0 0
0 0 0 0 0 0 0 0 0 0
0 0 0 0 0 0 0 0 0 0
0 0 0 0 0 0 0 0 0 0
0 0 0 0 0 0 0 0 0 0
0 0 0 0 0 0 0 0 0 0
0 0 0 0 0 0 0 0 0 0
0 0 0 0 0 0 0 0 0 0
0 0 0 0 0 0 0 0 0 0
0 0 0 0 0 0 0 0 0 0
0 0 0 0 0 0 0 0 0 0
0 0 0 0 0 0 0 0 0 0
0 0 0 0 0 0 0 0 0 0
0 0 0 0 0 0 0 0 0 0
0 0 0 0 0 0 0 0 0 0
0 0 0 0 0 0 0 0 0 0
0 0 0 0 0 0 0 0 0 0
0 0 0 0 0 0 0 0 0 0
0 0 0 0 0 0 0 0 0 0
0 0 0 0 0 0 0 0 0 0
0 0 0 0 0 0 0 0 0 0
0 0 0 0 0 0 0 0 0 0
0 0 0 0 0 0 0 0 0 0
0 0 0 0 0 0 0 0 0 0
0 0 0 0 0 0 0 0 0 0
0 0 0 0 0 0 0 0 0 0
0 0 0 0 0 0 0 0 0 0
0 0 0 0 0 0 0 0 0 0
0 0 0 0 0 0 0 0 0 0
0 0 0 0 0 0 0 0 0 0
0 0 0 0 0 0 0 0 0 0
0 0 0 0 0 0 0 0 0 0
0 0 0 0 0 0 0 0 0 0
0 0 0 0 0 0 0 0 0 0
0 0 0 0 0 0 0 0 0 0
0 0 0 0 0 0 0 0 0 0
0 0 0 0 0 0 0 0 0 0
0 0 0 0 0 0 0 0 0 0
0 0 0 0 0 0 0 0 0 0
0 0 0 0 0 0 0 0 0 0
0 0 0 0 0 0 0 0 0 0
0 0 0 0 0 0 0 0 0 0
0 0 0 0 0 0 0 0 0 0
0 0 0 0 0 0 0 0 0 0
0 0 0 0 0 0 0 0 0 0
0 0 0 0 0 0 0 0 0 0
0 0 0 0 0 0 0 0 0 0
0 0 0 0 0 0 0 0 0 0
0 0 0 0 0 0 0 0 0 0
0 0 0 0 0 0 0 0 0 0
0 0 0 0 0 0 0 0 0 0
0 0 0 0 0 0 0 0 0 0
0 0 0 0 0 0 0 0 0 0
0 0 0 0 0 0 0 0 0 0
0 0 0 0 0 0 0 0 0 0
0 0 0 0 0 0 0 0 0 0
0 0 0 0 0 0 0 0 0 0
0 0 0 0 0 0 0 0 0 0
0 0 0 0 0 0 0 0 0 0
0 0 0 0 0 0 0 0 0 0
0 0 0 0 0 0 0 0 0 0
0 0 0 0 0 0 0 0 0 0
0 0 0 0 0 0 0 0 0 0
0 0 0 0 0 0 0 0 0 0
0 0 0 0 0 0 0 0 0 0
0 0 0 0 0 0 0 0 0 0
0 0 0 0 0 0 0 0 0 0
0 0 0 0 0 0 0 0 0 0
0 
