# Forces      
# CofR        : (0.000000e+00 0.000000e+00 0.000000e+00)
# Time        forces(pressure viscous)	moments(pressure viscous)
0             	((0.000000e+00 0.000000e+00 0.000000e+00) (0.000000e+00 0.000000e+00 0.000000e+00)) ((0.000000e+00 0.000000e+00 0.000000e+00) (0.000000e+00 0.000000e+00 0.000000e+00))
0.01          	((-3.550052e-02 -1.354762e-02 1.983848e+01) (-4.934948e-05 -5.056980e-06 1.565944e-03)) ((-2.972317e-03 -1.752981e-01 -1.017741e-04) (7.691643e-07 -1.243166e-05 -6.657828e-07))
0.02          	((-3.638117e-02 -1.036733e-02 1.955902e+01) (-9.846566e-05 -1.279825e-05 3.105035e-03)) ((-3.154156e-03 -1.728767e-01 -3.407500e-04) (1.690808e-06 -2.478601e-05 -1.242542e-06))
0.03          	((-3.707715e-02 -1.189065e-02 1.975942e+01) (-1.472777e-04 -2.067550e-05 4.636989e-03)) ((-2.797582e-03 -1.746240e-01 -2.040792e-04) (2.569830e-06 -3.718631e-05 -1.775599e-06))
0.04          	((-3.645643e-02 -1.202148e-02 1.962829e+01) (-1.951698e-04 -2.818896e-05 6.150220e-03)) ((-2.679940e-03 -1.734380e-01 -2.025311e-04) (3.365407e-06 -4.958143e-05 -2.277619e-06))
0.05          	((-3.603028e-02 -1.243695e-02 1.948441e+01) (-2.420368e-04 -3.552003e-05 7.641559e-03)) ((-2.569644e-03 -1.720528e-01 -2.324033e-04) (4.116561e-06 -6.196989e-05 -2.757927e-06))
0.06          	((-3.509648e-02 -1.290434e-02 1.934001e+01) (-2.879436e-04 -4.247365e-05 9.111228e-03)) ((-2.474913e-03 -1.705105e-01 -2.058131e-04) (4.866204e-06 -7.434258e-05 -3.219226e-06))
0.07          	((-3.411716e-02 -1.325744e-02 1.918146e+01) (-3.329199e-04 -4.902614e-05 1.055991e-02)) ((-2.392910e-03 -1.687914e-01 -2.168560e-04) (5.633424e-06 -8.671269e-05 -3.648112e-06))
0.08          	((-3.357024e-02 -1.376863e-02 1.899862e+01) (-3.766266e-04 -5.509856e-05 1.198786e-02)) ((-2.320564e-03 -1.668049e-01 -2.226978e-04) (6.447996e-06 -9.903723e-05 -4.063600e-06))
0.09          	((-3.246568e-02 -1.412690e-02 1.878939e+01) (-4.198534e-04 -6.079622e-05 1.339543e-02)) ((-2.250116e-03 -1.644847e-01 -2.024411e-04) (7.240990e-06 -1.113423e-04 -4.457866e-06))
0.1           	((-3.119109e-02 -1.447485e-02 1.855530e+01) (-4.628381e-04 -6.605530e-05 1.478143e-02)) ((-2.170924e-03 -1.618740e-01 -1.629643e-04) (8.090543e-06 -1.237879e-04 -4.752412e-06))
0.11          	((-2.979651e-02 -1.467184e-02 1.829713e+01) (-5.051614e-04 -7.153444e-05 1.614538e-02)) ((-2.112997e-03 -1.589706e-01 -1.359302e-04) (9.079026e-06 -1.362919e-04 -5.091313e-06))
0.12          	((-2.835189e-02 -1.508428e-02 1.801502e+01) (-5.474147e-04 -7.649905e-05 1.748502e-02)) ((-2.087310e-03 -1.557624e-01 -1.290256e-04) (1.006688e-05 -1.489028e-04 -5.377245e-06))
0.13          	((-2.687783e-02 -1.526071e-02 1.770939e+01) (-5.885861e-04 -8.114763e-05 1.879800e-02)) ((-2.069000e-03 -1.522482e-01 -1.321100e-04) (1.099885e-05 -1.615387e-04 -5.760820e-06))
0.14          	((-2.527108e-02 -1.565711e-02 1.737937e+01) (-6.294924e-04 -8.446927e-05 2.008234e-02)) ((-2.052019e-03 -1.484364e-01 -1.520562e-04) (1.188788e-05 -1.744160e-04 -6.147901e-06))
0.15          	((-2.340915e-02 -1.573293e-02 1.702511e+01) (-6.703518e-04 -8.760920e-05 2.133516e-02)) ((-2.042307e-03 -1.444015e-01 -2.025176e-04) (1.286987e-05 -1.874399e-04 -6.457021e-06))
0.16          	((-2.121266e-02 -1.554434e-02 1.664558e+01) (-7.115462e-04 -9.004816e-05 2.255106e-02)) ((-2.064859e-03 -1.401193e-01 -3.139877e-04) (1.405788e-05 -2.004991e-04 -6.592530e-06))
0.17          	((-1.926757e-02 -1.555344e-02 1.624133e+01) (-7.523112e-04 -9.209364e-05 2.372717e-02)) ((-2.051748e-03 -1.356419e-01 -3.794385e-04) (1.543136e-05 -2.138013e-04 -6.701413e-06))
0.18          	((-1.689019e-02 -1.523464e-02 1.581079e+01) (-7.932112e-04 -9.419939e-05 2.485914e-02)) ((-2.047415e-03 -1.309134e-01 -4.770044e-04) (1.654724e-05 -2.270875e-04 -6.647293e-06))
0.19          	((-1.448416e-02 -1.513935e-02 1.535384e+01) (-8.339454e-04 -9.506248e-05 2.594291e-02)) ((-2.014093e-03 -1.260508e-01 -5.518719e-04) (1.784227e-05 -2.403173e-04 -6.447924e-06))
0.2           	((-1.145833e-02 -1.506794e-02 1.487114e+01) (-8.739195e-04 -9.504278e-05 2.697431e-02)) ((-1.995428e-03 -1.209488e-01 -5.689438e-04) (1.899203e-05 -2.537838e-04 -6.093633e-06))
0.21          	((-8.769979e-03 -1.540644e-02 1.436237e+01) (-9.129101e-04 -9.430506e-05 2.794739e-02)) ((-2.030975e-03 -1.156775e-01 -6.837013e-04) (2.025785e-05 -2.672427e-04 -5.740750e-06))
0.22          	((-6.469839e-03 -1.573637e-02 1.382721e+01) (-9.511272e-04 -9.176279e-05 2.885972e-02)) ((-2.057855e-03 -1.102985e-01 -7.246839e-04) (2.140929e-05 -2.805359e-04 -5.379964e-06))
0.23          	((-4.123925e-03 -1.578787e-02 1.326667e+01) (-9.883622e-04 -8.858527e-05 2.970784e-02)) ((-2.100817e-03 -1.047318e-01 -8.212876e-04) (2.233388e-05 -2.935773e-04 -4.865034e-06))
0.24          	((-1.534526e-03 -1.549631e-02 1.268074e+01) (-1.024065e-03 -8.418364e-05 3.048870e-02)) ((-2.061663e-03 -9.904045e-02 -8.868494e-04) (2.350116e-05 -3.064112e-04 -4.217921e-06))
0.25          	((6.775856e-04 -1.480773e-02 1.206900e+01) (-1.059183e-03 -7.892356e-05 3.119571e-02)) ((-2.146788e-03 -9.323572e-02 -9.416612e-04) (2.445099e-05 -3.190234e-04 -3.365372e-06))
0.26          	((3.111277e-03 -1.496383e-02 1.143287e+01) (-1.092378e-03 -7.301945e-05 3.182899e-02)) ((-2.175410e-03 -8.719402e-02 -1.108602e-03) (2.535285e-05 -3.310706e-04 -2.238197e-06))
0.27          	((5.798036e-03 -1.438409e-02 1.077278e+01) (-1.122869e-03 -6.703726e-05 3.238560e-02)) ((-2.177284e-03 -8.104001e-02 -1.172623e-03) (2.610941e-05 -3.425757e-04 -9.161588e-07))
0.28          	((8.089054e-03 -1.394184e-02 1.009045e+01) (-1.151129e-03 -6.064680e-05 3.286348e-02)) ((-2.224689e-03 -7.475802e-02 -1.304249e-03) (2.671234e-05 -3.533562e-04 4.105184e-07))
0.29          	((1.015103e-02 -1.339167e-02 9.386577e+00) (-1.176827e-03 -5.470991e-05 3.326050e-02)) ((-2.203174e-03 -6.827105e-02 -1.318029e-03) (2.710880e-05 -3.634697e-04 1.745056e-06))
0.3           	((1.260490e-02 -1.230955e-02 8.661474e+00) (-1.201475e-03 -4.852640e-05 3.357636e-02)) ((-2.235680e-03 -6.156188e-02 -1.363056e-03) (2.756916e-05 -3.730075e-04 2.995869e-06))
0.31          	((1.414873e-02 -1.135471e-02 7.916413e+00) (-1.224700e-03 -4.247278e-05 3.381019e-02)) ((-2.191199e-03 -5.486054e-02 -1.441607e-03) (2.776212e-05 -3.817739e-04 4.179108e-06))
0.32          	((1.590722e-02 -1.000563e-02 7.152120e+00) (-1.245795e-03 -3.724572e-05 3.396121e-02)) ((-2.226522e-03 -4.804951e-02 -1.365421e-03) (2.777572e-05 -3.898106e-04 5.271682e-06))
0.33          	((1.828617e-02 -9.514891e-03 6.372042e+00) (-1.264400e-03 -3.139077e-05 3.403101e-02)) ((-2.272171e-03 -4.107281e-02 -1.392210e-03) (2.789660e-05 -3.967405e-04 6.046732e-06))
0.34          	((2.028997e-02 -9.442349e-03 5.574612e+00) (-1.280678e-03 -2.557865e-05 3.401717e-02)) ((-2.044139e-03 -3.401085e-02 -1.442416e-03) (2.756692e-05 -4.030961e-04 6.638249e-06))
0.35          	((2.139030e-02 -9.419385e-03 4.764127e+00) (-1.293734e-03 -1.966122e-05 3.392041e-02)) ((-1.904422e-03 -2.688818e-02 -1.276642e-03) (2.717284e-05 -4.083394e-04 7.089403e-06))
0.36          	((2.354569e-02 -8.391406e-03 3.941459e+00) (-1.303901e-03 -1.319092e-05 3.374183e-02)) ((-1.981837e-03 -1.952505e-02 -1.269639e-03) (2.694617e-05 -4.127084e-04 7.258448e-06))
0.37          	((2.532312e-02 -7.137478e-03 3.107894e+00) (-1.311930e-03 -6.944857e-06 3.348382e-02)) ((-2.065151e-03 -1.224701e-02 -1.215171e-03) (2.647836e-05 -4.161843e-04 7.166082e-06))
0.38          	((2.633580e-02 -6.157774e-03 2.266990e+00) (-1.316829e-03 -3.165717e-07 3.314376e-02)) ((-2.000519e-03 -4.801956e-03 -1.317604e-03) (2.580497e-05 -4.186989e-04 7.135634e-06))
0.39          	((2.665510e-02 -5.680346e-03 1.417111e+00) (-1.317371e-03 5.946647e-06 3.272373e-02)) ((-1.884881e-03 2.572976e-03 -1.385264e-03) (2.487871e-05 -4.198455e-04 7.041134e-06))
0.4           	((2.742087e-02 -4.636091e-03 5.615916e-01) (-1.315352e-03 1.229520e-05 3.222746e-02)) ((-1.935251e-03 9.864942e-03 -1.501427e-03) (2.418488e-05 -4.202056e-04 6.823902e-06))
0.41          	((2.824595e-02 -4.225607e-03 -2.987256e-01) (-1.311300e-03 1.808298e-05 3.165666e-02)) ((-1.785578e-03 1.729401e-02 -1.494077e-03) (2.334649e-05 -4.194312e-04 6.736639e-06))
0.42          	((2.937013e-02 -2.909725e-03 -1.163572e+00) (-1.304546e-03 2.294311e-05 3.101169e-02)) ((-1.690543e-03 2.461748e-02 -1.369225e-03) (2.235644e-05 -4.177765e-04 6.654154e-06))
0.43          	((3.073898e-02 -1.748721e-03 -2.030700e+00) (-1.295966e-03 2.773599e-05 3.029695e-02)) ((-1.543669e-03 3.197019e-02 -1.295747e-03) (2.121830e-05 -4.150137e-04 6.258802e-06))
0.44          	((3.088872e-02 -4.944766e-04 -2.895695e+00) (-1.285077e-03 3.354906e-05 2.951362e-02)) ((-1.132348e-03 3.915683e-02 -1.267382e-03) (1.990702e-05 -4.113089e-04 5.952357e-06))
0.45          	((3.221201e-02 2.639003e-04 -3.758691e+00) (-1.271620e-03 4.012229e-05 2.866298e-02)) ((-1.168903e-03 4.641386e-02 -1.161187e-03) (1.843647e-05 -4.066861e-04 5.872247e-06))
0.46          	((3.303848e-02 1.206818e-03 -4.613720e+00) (-1.255147e-03 4.753909e-05 2.774998e-02)) ((-1.252245e-03 5.353237e-02 -1.033070e-03) (1.683532e-05 -4.009433e-04 5.977828e-06))
0.47          	((3.297654e-02 2.948014e-03 -5.464740e+00) (-1.235713e-03 5.459460e-05 2.677698e-02)) ((-9.046469e-04 6.042577e-02 -9.785604e-04) (1.490251e-05 -3.943552e-04 6.172806e-06))
0.48          	((3.310412e-02 4.046475e-03 -6.307905e+00) (-1.213435e-03 6.155683e-05 2.574659e-02)) ((-8.071536e-04 6.708600e-02 -1.002586e-03) (1.305337e-05 -3.868753e-04 6.403413e-06))
0.49          	((3.445918e-02 4.443091e-03 -7.139530e+00) (-1.188435e-03 6.804417e-05 2.466388e-02)) ((-4.908799e-04 7.407479e-02 -9.526499e-04) (1.120024e-05 -3.786326e-04 6.608105e-06))
0.5           	((3.441196e-02 4.303156e-03 -7.952930e+00) (-1.161626e-03 7.422280e-05 2.353105e-02)) ((-1.934673e-04 8.059787e-02 -7.647034e-04) (9.409959e-06 -3.692938e-04 6.761389e-06))
0.51          	((3.523574e-02 6.889022e-03 -8.750588e+00) (-1.132765e-03 8.001599e-05 2.235035e-02)) ((-9.135896e-05 8.708117e-02 -4.897541e-04) (7.754044e-06 -3.593460e-04 7.019981e-06))
0.52          	((3.756845e-02 7.499224e-03 -9.532315e+00) (-1.102534e-03 8.563589e-05 2.112680e-02)) ((-6.063498e-05 9.358772e-02 -4.187474e-04) (6.141103e-06 -3.486584e-04 7.123515e-06))
0.53          	((3.962442e-02 8.993300e-03 -1.029894e+01) (-1.070399e-03 9.052298e-05 1.986259e-02)) ((-1.889794e-04 1.000252e-01 -4.505012e-04) (4.691656e-06 -3.371905e-04 7.369993e-06))
0.54          	((4.084610e-02 9.790209e-03 -1.104396e+01) (-1.035662e-03 9.516276e-05 1.855932e-02)) ((1.296856e-04 1.063356e-01 -3.777927e-04) (3.360552e-06 -3.247748e-04 7.767292e-06))
0.55          	((4.047727e-02 1.093304e-02 -1.176850e+01) (-9.994802e-04 1.001933e-04 1.722068e-02)) ((3.520742e-06 1.118616e-01 -2.743101e-04) (2.154198e-06 -3.117883e-04 7.976817e-06))
0.56          	((3.976508e-02 1.004560e-02 -1.247201e+01) (-9.620653e-04 1.052153e-04 1.584989e-02)) ((3.478164e-04 1.175408e-01 -2.999840e-05) (9.399689e-07 -2.981542e-04 8.149759e-06))
0.57          	((4.098553e-02 1.054566e-02 -1.314687e+01) (-9.226847e-04 1.098922e-04 1.444973e-02)) ((5.348402e-04 1.232070e-01 1.447061e-04) (-2.716830e-07 -2.837596e-04 8.048286e-06))
0.58          	((4.146348e-02 1.065048e-02 -1.379690e+01) (-8.830722e-04 1.136899e-04 1.302399e-02)) ((6.223658e-04 1.284515e-01 1.227120e-04) (-1.307557e-06 -2.689578e-04 7.850547e-06))
0.59          	((4.151622e-02 1.116365e-02 -1.442031e+01) (-8.423004e-04 1.163231e-04 1.157569e-02)) ((1.010620e-03 1.333347e-01 1.906940e-04) (-2.253742e-06 -2.537563e-04 7.888039e-06))
0.6           	((4.380571e-02 1.113795e-02 -1.501307e+01) (-8.004556e-04 1.192816e-04 1.010752e-02)) ((1.183282e-03 1.381201e-01 3.114931e-04) (-3.275309e-06 -2.383154e-04 7.849901e-06))
0.61          	((4.392233e-02 1.060293e-02 -1.557706e+01) (-7.589654e-04 1.244669e-04 8.621501e-03)) ((1.430608e-03 1.426087e-01 4.453676e-04) (-4.505495e-06 -2.227262e-04 8.056237e-06))
0.62          	((4.318389e-02 1.234953e-02 -1.611425e+01) (-7.174800e-04 1.288223e-04 7.120163e-03)) ((1.596248e-03 1.468664e-01 3.911885e-04) (-5.526624e-06 -2.069440e-04 8.190577e-06))
0.63          	((4.212254e-02 1.316396e-02 -1.661378e+01) (-6.755677e-04 1.317210e-04 5.605557e-03)) ((1.397569e-03 1.509838e-01 4.891322e-04) (-6.232474e-06 -1.910489e-04 8.251361e-06))
0.64          	((4.220404e-02 1.322222e-02 -1.708869e+01) (-6.340064e-04 1.351931e-04 4.080327e-03)) ((1.187893e-03 1.544712e-01 6.876117e-04) (-6.664973e-06 -1.749821e-04 8.189632e-06))
0.65          	((4.155648e-02 1.330605e-02 -1.752715e+01) (-5.935833e-04 1.397129e-04 2.546739e-03)) ((1.540156e-03 1.578380e-01 6.987958e-04) (-7.115797e-06 -1.583856e-04 8.268683e-06))
0.66          	((4.215796e-02 1.434135e-02 -1.792858e+01) (-5.522404e-04 1.450267e-04 1.006464e-03)) ((1.574574e-03 1.608126e-01 4.863563e-04) (-7.688215e-06 -1.414069e-04 8.317167e-06))
0.67          	((4.185142e-02 1.156164e-02 -1.830517e+01) (-5.080339e-04 1.513706e-04 -5.380294e-04)) ((2.383776e-03 1.635520e-01 7.064250e-04) (-8.361743e-06 -1.241614e-04 8.229032e-06))
0.68          	((4.005175e-02 1.462424e-02 -1.864845e+01) (-4.624000e-04 1.563707e-04 -2.084385e-03)) ((1.827492e-03 1.670684e-01 6.292126e-04) (-8.914336e-06 -1.066560e-04 8.253532e-06))
0.69          	((3.774058e-02 1.585649e-02 -1.895420e+01) (-4.178783e-04 1.609156e-04 -3.630220e-03)) ((1.676122e-03 1.690348e-01 5.551015e-04) (-9.523592e-06 -8.930192e-05 8.446782e-06))
0.7           	((3.510155e-02 2.015616e-02 -1.923283e+01) (-3.755477e-04 1.635114e-04 -5.175499e-03)) ((1.518327e-03 1.704301e-01 5.151195e-04) (-1.017238e-05 -7.176563e-05 8.689745e-06))
0.71          	((3.379285e-02 1.775238e-02 -1.945488e+01) (-3.338364e-04 1.666827e-04 -6.718692e-03)) ((2.193564e-03 1.715680e-01 4.887036e-04) (-1.096271e-05 -5.384637e-05 9.234779e-06))
0.72          	((3.345259e-02 1.713275e-02 -1.966042e+01) (-2.913216e-04 1.689569e-04 -8.256951e-03)) ((2.620490e-03 1.724828e-01 -1.199385e-05) (-1.155662e-05 -3.593399e-05 1.001510e-05))
0.73          	((3.605593e-02 2.090332e-02 -1.987353e+01) (-2.496044e-04 1.703822e-04 -9.789946e-03)) ((2.246274e-03 1.738756e-01 8.259322e-06) (-1.217857e-05 -1.857790e-05 1.085536e-05))
0.74          	((3.836311e-02 2.104665e-02 -2.002039e+01) (-2.107086e-04 1.719694e-04 -1.131418e-02)) ((2.981442e-03 1.744838e-01 2.649879e-04) (-1.280335e-05 -1.552436e-06 1.163115e-05))
0.75          	((3.496606e-02 2.336909e-02 -2.014101e+01) (-1.749583e-04 1.756209e-04 -1.283014e-02)) ((2.791664e-03 1.742489e-01 -1.597271e-04) (-1.381652e-05 1.491428e-05 1.296387e-05))
0.76          	((3.313086e-02 2.152571e-02 -2.048369e+01) (-1.400924e-04 1.792820e-04 -1.434959e-02)) ((2.460942e-03 1.763637e-01 -1.268680e-04) (-1.503931e-05 3.140783e-05 1.442349e-05))
0.77          	((2.423556e-02 2.328691e-02 -2.015763e+01) (-1.095756e-04 1.813592e-04 -1.583535e-02)) ((2.572300e-03 1.717878e-01 -3.135319e-04) (-1.619475e-05 4.747569e-05 1.577627e-05))
0.78          	((3.176507e-02 2.324288e-02 -2.049753e+01) (-7.932338e-05 1.809133e-04 -1.731796e-02)) ((2.854302e-03 1.753321e-01 -3.366922e-04) (-1.722653e-05 6.343005e-05 1.734441e-05))
0.79          	((3.549373e-02 2.390132e-02 -2.053247e+01) (-5.063838e-05 1.799949e-04 -1.879287e-02)) ((3.176236e-03 1.746433e-01 -8.080962e-04) (-1.843906e-05 7.927868e-05 1.922700e-05))
0.8           	((3.647186e-02 2.475579e-02 -2.054532e+01) (-2.382227e-05 1.791420e-04 -2.025962e-02)) ((3.220036e-03 1.728981e-01 -6.811158e-04) (-1.941044e-05 9.495601e-05 2.112627e-05))
0.81          	((3.013474e-02 2.444653e-02 -2.045839e+01) (6.563064e-07 1.779755e-04 -2.171350e-02)) ((3.292414e-03 1.700546e-01 -8.482013e-04) (-2.085147e-05 1.107160e-04 2.330047e-05))
0.82          	((3.066033e-02 2.304743e-02 -2.034963e+01) (2.311922e-05 1.767657e-04 -2.315254e-02)) ((3.286475e-03 1.681867e-01 -9.168526e-04) (-2.217888e-05 1.266320e-04 2.542795e-05))
0.83          	((3.101170e-02 2.223843e-02 -2.023042e+01) (4.157554e-05 1.759678e-04 -2.457224e-02)) ((3.320590e-03 1.663285e-01 -1.129413e-03) (-2.356242e-05 1.423199e-04 2.748663e-05))
0.84          	((3.329299e-02 2.105429e-02 -2.009173e+01) (5.851008e-05 1.748272e-04 -2.597181e-02)) ((3.591382e-03 1.639380e-01 -1.156773e-03) (-2.472868e-05 1.579942e-04 2.964220e-05))
0.85          	((3.344400e-02 2.090787e-02 -1.992296e+01) (7.270202e-05 1.728852e-04 -2.734760e-02)) ((3.679494e-03 1.611591e-01 -1.355583e-03) (-2.560603e-05 1.734576e-04 3.141448e-05))
0.86          	((3.258180e-02 2.077952e-02 -1.972606e+01) (8.322438e-05 1.702142e-04 -2.869414e-02)) ((3.801312e-03 1.581025e-01 -1.731517e-03) (-2.666828e-05 1.885789e-04 3.342429e-05))
0.87          	((3.428666e-02 1.934810e-02 -1.950085e+01) (9.149762e-05 1.682935e-04 -3.000799e-02)) ((4.004201e-03 1.550688e-01 -2.101081e-03) (-2.807356e-05 2.036360e-04 3.525922e-05))
0.88          	((3.350720e-02 1.969431e-02 -1.924853e+01) (1.003724e-04 1.669006e-04 -3.128710e-02)) ((4.063814e-03 1.517350e-01 -2.358848e-03) (-2.922802e-05 2.183005e-04 3.739419e-05))
0.89          	((3.373764e-02 1.935464e-02 -1.896574e+01) (1.081112e-04 1.649159e-04 -3.252812e-02)) ((4.227375e-03 1.482028e-01 -2.590604e-03) (-3.059020e-05 2.326770e-04 3.965242e-05))
0.9           	((3.590178e-02 1.857069e-02 -1.865048e+01) (1.159944e-04 1.623725e-04 -3.372676e-02)) ((4.233296e-03 1.448075e-01 -2.897487e-03) (-3.189316e-05 2.467848e-04 4.189026e-05))
0.91          	((3.630099e-02 1.770837e-02 -1.830434e+01) (1.227821e-04 1.604491e-04 -3.487649e-02)) ((4.328008e-03 1.410746e-01 -3.418537e-03) (-3.315912e-05 2.605779e-04 4.403433e-05))
0.92          	((3.680801e-02 1.676937e-02 -1.792668e+01) (1.291157e-04 1.573032e-04 -3.597687e-02)) ((4.399266e-03 1.370289e-01 -3.781132e-03) (-3.453777e-05 2.740327e-04 4.617227e-05))
0.93          	((3.762218e-02 1.675895e-02 -1.751797e+01) (1.356895e-04 1.550238e-04 -3.702060e-02)) ((4.443183e-03 1.327043e-01 -4.171259e-03) (-3.557295e-05 2.872744e-04 4.823345e-05))
0.94          	((3.923116e-02 1.568228e-02 -1.707832e+01) (1.425332e-04 1.540403e-04 -3.800334e-02)) ((4.710541e-03 1.280901e-01 -4.651327e-03) (-3.633787e-05 3.004589e-04 5.046504e-05))
0.95          	((3.995122e-02 1.556854e-02 -1.660573e+01) (1.512161e-04 1.520410e-04 -3.892298e-02)) ((4.579239e-03 1.233919e-01 -5.140126e-03) (-3.729537e-05 3.137790e-04 5.280155e-05))
0.96          	((4.016082e-02 1.425404e-02 -1.609931e+01) (1.631064e-04 1.500974e-04 -3.977695e-02)) ((4.378205e-03 1.183946e-01 -5.604966e-03) (-3.839681e-05 3.269102e-04 5.530708e-05))
0.97          	((4.010438e-02 1.186604e-02 -1.556721e+01) (1.767466e-04 1.495164e-04 -4.055695e-02)) ((4.319659e-03 1.131228e-01 -6.019705e-03) (-3.885908e-05 3.398700e-04 5.769726e-05))
0.98          	((4.077286e-02 9.930905e-03 -1.500652e+01) (1.920981e-04 1.491203e-04 -4.126318e-02)) ((4.352357e-03 1.080325e-01 -6.450079e-03) (-3.957118e-05 3.523936e-04 6.012762e-05))
0.99          	((4.240037e-02 9.583325e-03 -1.441757e+01) (2.084106e-04 1.476189e-04 -4.189085e-02)) ((4.029175e-03 1.027660e-01 -6.847109e-03) (-3.970688e-05 3.646073e-04 6.262193e-05))
1             	((4.339258e-02 8.158558e-03 -1.379712e+01) (2.245821e-04 1.452539e-04 -4.243999e-02)) ((3.803407e-03 9.714840e-02 -7.318575e-03) (-3.992981e-05 3.762571e-04 6.497428e-05))
1.01          	((4.478933e-02 6.921227e-03 -1.314971e+01) (2.431439e-04 1.434654e-04 -4.290867e-02)) ((3.612612e-03 9.135784e-02 -7.692797e-03) (-3.975443e-05 3.876220e-04 6.720447e-05))
1.02          	((4.649161e-02 6.185687e-03 -1.247497e+01) (2.609634e-04 1.418950e-04 -4.329151e-02)) ((3.364219e-03 8.550832e-02 -7.920936e-03) (-3.913052e-05 3.982018e-04 6.943450e-05))
1.03          	((4.841560e-02 4.913743e-03 -1.177649e+01) (2.809836e-04 1.401146e-04 -4.358908e-02)) ((3.108714e-03 7.946342e-02 -8.177470e-03) (-3.821091e-05 4.081925e-04 7.196366e-05))
1.04          	((4.908517e-02 4.841347e-03 -1.105070e+01) (3.030904e-04 1.387920e-04 -4.379872e-02)) ((2.757994e-03 7.323073e-02 -8.527893e-03) (-3.716337e-05 4.180098e-04 7.489071e-05))
1.05          	((4.922373e-02 2.063616e-03 -1.029949e+01) (3.272260e-04 1.374681e-04 -4.392001e-02)) ((2.521522e-03 6.694859e-02 -8.676242e-03) (-3.559880e-05 4.270609e-04 7.806674e-05))
1.06          	((5.023250e-02 1.128322e-03 -9.526561e+00) (3.508664e-04 1.349725e-04 -4.395394e-02)) ((2.277390e-03 6.060631e-02 -8.855530e-03) (-3.410322e-05 4.355388e-04 8.123856e-05))
1.07          	((5.112498e-02 2.299136e-05 -8.729371e+00) (3.758233e-04 1.320107e-04 -4.389921e-02)) ((2.100957e-03 5.384397e-02 -8.821395e-03) (-3.195639e-05 4.431579e-04 8.462302e-05))
1.08          	((5.235753e-02 -1.508112e-03 -7.914831e+00) (3.992022e-04 1.281110e-04 -4.375686e-02)) ((2.079343e-03 4.700034e-02 -8.916555e-03) (-2.958683e-05 4.501399e-04 8.792090e-05))
1.09          	((5.238699e-02 -2.491725e-03 -7.083336e+00) (4.227250e-04 1.240928e-04 -4.352723e-02)) ((1.568799e-03 4.035754e-02 -9.179452e-03) (-2.714669e-05 4.559410e-04 9.145917e-05))
1.1           	((5.239851e-02 -3.370169e-03 -6.236661e+00) (4.430543e-04 1.201240e-04 -4.321098e-02)) ((1.501766e-03 3.349374e-02 -9.122838e-03) (-2.466776e-05 4.606916e-04 9.462013e-05))
1.11          	((5.308848e-02 -4.075926e-03 -5.372307e+00) (4.618941e-04 1.163912e-04 -4.281088e-02)) ((1.511150e-03 2.647525e-02 -8.947181e-03) (-2.234310e-05 4.646643e-04 9.751111e-05))
1.12          	((5.294976e-02 -4.971782e-03 -4.492600e+00) (4.807258e-04 1.140977e-04 -4.232788e-02)) ((1.472700e-03 1.958256e-02 -8.846903e-03) (-2.038667e-05 4.676738e-04 1.001416e-04))
1.13          	((5.234710e-02 -4.474312e-03 -3.602288e+00) (4.975464e-04 1.123048e-04 -4.176207e-02)) ((1.304363e-03 1.265308e-02 -8.655322e-03) (-1.832914e-05 4.695382e-04 1.024496e-04))
1.14          	((5.208835e-02 -4.611077e-03 -2.700724e+00) (5.118058e-04 1.112391e-04 -4.111693e-02)) ((1.192892e-03 5.562312e-03 -8.341639e-03) (-1.653627e-05 4.703454e-04 1.043097e-04))
1.15          	((5.207440e-02 -4.672203e-03 -1.793201e+00) (5.246913e-04 1.102775e-04 -4.039466e-02)) ((1.105182e-03 -1.567471e-03 -7.863980e-03) (-1.493425e-05 4.702905e-04 1.059283e-04))
1.16          	((5.081885e-02 -4.416299e-03 -8.832322e-01) (5.351487e-04 1.092271e-04 -3.959406e-02)) ((1.073517e-03 -8.406132e-03 -7.512157e-03) (-1.342084e-05 4.688563e-04 1.073298e-04))
1.17          	((4.831418e-02 -5.646815e-03 3.368400e-02) (5.456460e-04 1.093117e-04 -3.871798e-02)) ((7.445789e-04 -1.575110e-02 -7.196023e-03) (-1.208339e-05 4.663378e-04 1.083129e-04))
1.18          	((4.649357e-02 -5.499000e-03 9.510542e-01) (5.545567e-04 1.086090e-04 -3.776946e-02)) ((7.494521e-04 -2.276984e-02 -6.914957e-03) (-1.080607e-05 4.629179e-04 1.093330e-04))
1.19          	((4.441479e-02 -6.585072e-03 1.867711e+00) (5.626300e-04 1.074373e-04 -3.675295e-02)) ((6.514418e-04 -2.973479e-02 -6.601937e-03) (-9.424288e-06 4.583944e-04 1.106215e-04))
1.2           	((4.263105e-02 -7.285662e-03 2.779779e+00) (5.694244e-04 1.061839e-04 -3.567012e-02)) ((4.470097e-04 -3.671112e-02 -6.081800e-03) (-8.273688e-06 4.527547e-04 1.117022e-04))
1.21          	((3.954498e-02 -9.088443e-03 3.684771e+00) (5.752795e-04 1.046888e-04 -3.452414e-02)) ((1.297969e-04 -4.361480e-02 -5.713895e-03) (-7.263098e-06 4.458456e-04 1.123177e-04))
1.22          	((3.731388e-02 -9.980337e-03 4.578128e+00) (5.789674e-04 1.030063e-04 -3.331931e-02)) ((-1.715072e-04 -5.053393e-02 -5.345940e-03) (-6.022685e-06 4.378034e-04 1.127341e-04))
1.23          	((3.587854e-02 -1.028043e-02 5.462111e+00) (5.805878e-04 1.019742e-04 -3.205748e-02)) ((-3.620961e-04 -5.734563e-02 -4.980951e-03) (-4.618017e-06 4.287393e-04 1.129592e-04))
1.24          	((3.294859e-02 -1.010275e-02 6.333451e+00) (5.814515e-04 9.955904e-05 -3.074322e-02)) ((-2.365652e-04 -6.420446e-02 -4.514990e-03) (-3.164319e-06 4.186644e-04 1.130580e-04))
1.25          	((3.065475e-02 -1.027099e-02 7.190027e+00) (5.803055e-04 9.667333e-05 -2.938109e-02)) ((-3.826285e-04 -7.095259e-02 -4.054147e-03) (-1.664985e-06 4.075215e-04 1.130922e-04))
1.26          	((2.822305e-02 -9.854046e-03 8.029053e+00) (5.768934e-04 9.296197e-05 -2.797392e-02)) ((-6.896070e-04 -7.762682e-02 -3.391554e-03) (2.305219e-08 3.953362e-04 1.130024e-04))
1.27          	((2.559507e-02 -9.909674e-03 8.850517e+00) (5.717920e-04 8.918077e-05 -2.652483e-02)) ((-7.547164e-04 -8.421844e-02 -3.153713e-03) (1.858296e-06 3.822792e-04 1.126646e-04))
1.28          	((2.411945e-02 -8.296269e-03 9.651565e+00) (5.655542e-04 8.424936e-05 -2.503753e-02)) ((-1.029557e-03 -9.039464e-02 -2.660721e-03) (3.760711e-06 3.685438e-04 1.123232e-04))
1.29          	((2.141337e-02 -8.273403e-03 1.043084e+01) (5.575309e-04 7.962090e-05 -2.351573e-02)) ((-1.119297e-03 -9.630174e-02 -2.008182e-03) (5.646571e-06 3.541457e-04 1.117141e-04))
1.3           	((1.670254e-02 -8.858017e-03 1.118891e+01) (5.488197e-04 7.466770e-05 -2.196039e-02)) ((-1.114474e-03 -1.023598e-01 -1.391234e-03) (7.515037e-06 3.390462e-04 1.107062e-04))
1.31          	((1.332524e-02 -7.264483e-03 1.192156e+01) (5.390016e-04 6.883598e-05 -2.037499e-02)) ((-1.143061e-03 -1.080454e-01 -7.408108e-04) (9.357009e-06 3.231089e-04 1.095060e-04))
1.32          	((1.069166e-02 -8.805025e-03 1.262945e+01) (5.267922e-04 6.325315e-05 -1.876335e-02)) ((-1.173345e-03 -1.137296e-01 -4.313659e-04) (1.132626e-05 3.064726e-04 1.082231e-04))
1.33          	((7.222612e-03 -9.490709e-03 1.330481e+01) (5.133302e-04 5.853249e-05 -1.712835e-02)) ((-1.722811e-03 -1.192169e-01 -2.083557e-04) (1.341538e-05 2.893161e-04 1.067802e-04))
1.34          	((4.230048e-03 -8.629535e-03 1.395342e+01) (4.972569e-04 5.307610e-05 -1.547256e-02)) ((-2.076856e-03 -1.246362e-01 5.567313e-04) (1.551149e-05 2.718875e-04 1.050995e-04))
1.35          	((2.330502e-03 -6.883378e-03 1.457062e+01) (4.801254e-04 4.640731e-05 -1.379892e-02)) ((-2.102940e-03 -1.294501e-01 1.083324e-03) (1.748770e-05 2.542370e-04 1.033591e-04))
1.36          	((-1.501488e-03 -7.579454e-03 1.516003e+01) (4.610980e-04 4.069777e-05 -1.211119e-02)) ((-2.457511e-03 -1.346610e-01 1.533930e-03) (1.939254e-05 2.362876e-04 1.017249e-04))
1.37          	((-4.009750e-03 -7.868082e-03 1.572441e+01) (4.405869e-04 3.616085e-05 -1.041313e-02)) ((-2.304959e-03 -1.392707e-01 1.892888e-03) (2.116472e-05 2.184555e-04 1.003271e-04))
1.38          	((-6.307228e-03 -8.415608e-03 1.625824e+01) (4.200322e-04 3.152641e-05 -8.706186e-03)) ((-2.726458e-03 -1.431255e-01 2.508782e-03) (2.270710e-05 2.005116e-04 9.887179e-05))
1.39          	((-9.083692e-03 -9.201889e-03 1.674441e+01) (3.975717e-04 2.748493e-05 -6.992390e-03)) ((-2.912921e-03 -1.473235e-01 2.847941e-03) (2.409053e-05 1.825725e-04 9.718012e-05))
1.4           	((-1.339598e-02 -1.151538e-02 1.720655e+01) (3.726608e-04 2.392679e-05 -5.274663e-03)) ((-2.594103e-03 -1.509378e-01 2.411374e-03) (2.522391e-05 1.648897e-04 9.574431e-05))
1.41          	((-1.711426e-02 -1.108808e-02 1.763218e+01) (3.434887e-04 1.946360e-05 -3.554768e-03)) ((-2.614969e-03 -1.546096e-01 2.731882e-03) (2.624671e-05 1.472878e-04 9.404121e-05))
1.42          	((-2.158504e-02 -9.093540e-03 1.803225e+01) (3.136934e-04 1.313902e-05 -1.836378e-03)) ((-3.228608e-03 -1.575242e-01 3.005181e-03) (2.711745e-05 1.301733e-04 9.217778e-05))
1.43          	((-2.660438e-02 -1.064562e-02 1.840419e+01) (2.826984e-04 5.948885e-06 -1.235476e-04)) ((-3.143185e-03 -1.605626e-01 3.136288e-03) (2.794442e-05 1.131631e-04 9.052011e-05))
1.44          	((-2.927833e-02 -1.162573e-02 1.873838e+01) (2.512261e-04 -1.839508e-06 1.582171e-03)) ((-2.329770e-03 -1.639439e-01 3.523592e-03) (2.879800e-05 9.648853e-05 8.899606e-05))
1.45          	((-2.936760e-02 -9.970022e-03 1.901710e+01) (2.176155e-04 -8.977874e-06 3.278747e-03)) ((-3.881191e-03 -1.657578e-01 3.899456e-03) (2.964728e-05 7.990379e-05 8.737159e-05))
1.46          	((-3.636464e-02 -1.058167e-02 1.928306e+01) (1.831438e-04 -1.634929e-05 4.966483e-03)) ((-3.573526e-03 -1.677200e-01 4.046806e-03) (3.030670e-05 6.402044e-05 8.613029e-05))
1.47          	((-4.369590e-02 -6.774690e-03 1.950848e+01) (1.498781e-04 -2.447968e-05 6.646390e-03)) ((-4.822114e-03 -1.701724e-01 4.926954e-03) (3.105082e-05 4.855600e-05 8.488990e-05))
1.48          	((-4.371374e-02 -1.050770e-02 1.966865e+01) (1.136578e-04 -3.145742e-05 8.316073e-03)) ((-5.605626e-03 -1.712896e-01 5.150966e-03) (3.205230e-05 3.354933e-05 8.378940e-05))
1.49          	((-4.071316e-02 -6.258787e-03 1.981994e+01) (7.233452e-05 -4.019674e-05 9.973551e-03)) ((-5.792147e-03 -1.709696e-01 4.865999e-03) (3.316830e-05 1.793136e-05 8.280881e-05))
1.5           	((-4.534262e-02 -8.399240e-03 1.993445e+01) (3.176645e-05 -4.873564e-05 1.162023e-02)) ((-5.827901e-03 -1.714642e-01 4.983900e-03) (3.407907e-05 2.604645e-06 8.214622e-05))
1.51          	((-5.144052e-02 -7.275499e-03 2.025678e+01) (-9.940706e-06 -5.766314e-05 1.326498e-02)) ((-6.287711e-03 -1.734564e-01 5.202155e-03) (3.507732e-05 -1.241451e-05 8.162780e-05))
1.52          	((-4.770075e-02 -7.501540e-03 1.998700e+01) (-5.189222e-05 -6.713291e-05 1.486990e-02)) ((-6.190377e-03 -1.703628e-01 5.137694e-03) (3.625168e-05 -2.669832e-05 8.094117e-05))
1.53          	((-5.404347e-02 -8.976812e-03 2.026455e+01) (-9.373516e-05 -7.427550e-05 1.646584e-02)) ((-6.196399e-03 -1.730986e-01 5.724274e-03) (3.755794e-05 -4.114683e-05 8.035063e-05))
1.54          	((-5.041996e-02 -8.361917e-03 2.029322e+01) (-1.347407e-04 -8.024276e-05 1.804964e-02)) ((-5.690812e-03 -1.727971e-01 5.761199e-03) (3.910362e-05 -5.577626e-05 7.986493e-05))
1.55          	((-5.049506e-02 -9.078152e-03 2.028943e+01) (-1.784088e-04 -8.519337e-05 1.961768e-02)) ((-5.737366e-03 -1.713429e-01 5.486820e-03) (4.070757e-05 -7.040291e-05 7.950648e-05))
1.56          	((-4.892293e-02 -9.308408e-03 2.023874e+01) (-2.242729e-04 -9.059856e-05 2.116604e-02)) ((-5.813471e-03 -1.703299e-01 5.552409e-03) (4.239331e-05 -8.525374e-05 7.921003e-05))
1.57          	((-4.540389e-02 -9.009063e-03 2.016260e+01) (-2.719329e-04 -9.417380e-05 2.269210e-02)) ((-5.753070e-03 -1.688343e-01 5.627183e-03) (4.425095e-05 -9.997828e-05 7.897998e-05))
1.58          	((-4.400280e-02 -1.144500e-02 2.006572e+01) (-3.214557e-04 -9.687803e-05 2.419852e-02)) ((-5.690701e-03 -1.670879e-01 5.407394e-03) (4.573456e-05 -1.152157e-04 7.914753e-05))
1.59          	((-4.346969e-02 -1.195429e-02 1.992059e+01) (-3.728689e-04 -9.830652e-05 2.568084e-02)) ((-5.453999e-03 -1.651726e-01 5.517316e-03) (4.709394e-05 -1.307264e-04 7.965588e-05))
1.6           	((-4.031505e-02 -1.206150e-02 1.974782e+01) (-4.266469e-04 -9.811744e-05 2.713373e-02)) ((-5.325023e-03 -1.629533e-01 5.694407e-03) (4.852667e-05 -1.463784e-04 8.023638e-05))
1.61          	((-3.607943e-02 -1.366304e-02 1.955466e+01) (-4.815608e-04 -9.671608e-05 2.855268e-02)) ((-5.222185e-03 -1.603013e-01 5.598040e-03) (4.991903e-05 -1.625406e-04 8.093399e-05))
1.62          	((-3.322989e-02 -1.420618e-02 1.933586e+01) (-5.373445e-04 -9.447268e-05 2.993491e-02)) ((-5.334079e-03 -1.573912e-01 5.582809e-03) (5.127703e-05 -1.792368e-04 8.195549e-05))
1.63          	((-3.041268e-02 -1.579696e-02 1.908395e+01) (-5.947976e-04 -9.208636e-05 3.127814e-02)) ((-5.237147e-03 -1.540962e-01 5.609349e-03) (5.261921e-05 -1.965299e-04 8.293154e-05))
1.64          	((-2.643109e-02 -1.480939e-02 1.880242e+01) (-6.538920e-04 -8.759194e-05 3.257815e-02)) ((-5.378738e-03 -1.506380e-01 5.759406e-03) (5.363634e-05 -2.137034e-04 8.319839e-05))
1.65          	((-2.298784e-02 -1.619501e-02 1.848925e+01) (-7.143840e-04 -8.160588e-05 3.382694e-02)) ((-5.195152e-03 -1.470919e-01 5.775172e-03) (5.455699e-05 -2.313703e-04 8.346669e-05))
1.66          	((-1.955215e-02 -1.431729e-02 1.815007e+01) (-7.762470e-04 -7.522469e-05 3.502200e-02)) ((-5.289848e-03 -1.432656e-01 5.853352e-03) (5.545426e-05 -2.494148e-04 8.372952e-05))
1.67          	((-1.638704e-02 -1.583598e-02 1.778216e+01) (-8.381009e-04 -6.844148e-05 3.616074e-02)) ((-5.444427e-03 -1.391362e-01 5.908243e-03) (5.608862e-05 -2.675840e-04 8.405620e-05))
1.68          	((-1.449271e-02 -1.648505e-02 1.738201e+01) (-8.997717e-04 -6.303592e-05 3.723708e-02)) ((-5.280882e-03 -1.347301e-01 5.700625e-03) (5.678452e-05 -2.860864e-04 8.427822e-05))
1.69          	((-1.260829e-02 -1.598258e-02 1.694984e+01) (-9.614843e-04 -5.733797e-05 3.824702e-02)) ((-5.393605e-03 -1.300530e-01 5.597389e-03) (5.748822e-05 -3.048584e-04 8.389171e-05))
1.7           	((-1.018611e-02 -1.719026e-02 1.648399e+01) (-1.022610e-03 -5.188411e-05 3.918667e-02)) ((-5.214093e-03 -1.251061e-01 5.334803e-03) (5.774028e-05 -3.235195e-04 8.326978e-05))
1.71          	((-8.876309e-03 -1.739971e-02 1.598979e+01) (-1.083183e-03 -4.618534e-05 4.005122e-02)) ((-5.154665e-03 -1.199204e-01 5.284231e-03) (5.756023e-05 -3.413292e-04 8.248919e-05))
1.72          	((-7.777941e-03 -1.614410e-02 1.546758e+01) (-1.141945e-03 -4.107584e-05 4.083448e-02)) ((-5.480898e-03 -1.145844e-01 5.227881e-03) (5.736566e-05 -3.589120e-04 8.135106e-05))
1.73          	((-6.059523e-03 -1.760018e-02 1.491271e+01) (-1.199126e-03 -3.636161e-05 4.153524e-02)) ((-5.522640e-03 -1.088793e-01 5.027158e-03) (5.687168e-05 -3.761114e-04 8.000655e-05))
1.74          	((-4.518088e-03 -1.822308e-02 1.433102e+01) (-1.255160e-03 -3.162057e-05 4.214778e-02)) ((-5.498065e-03 -1.030530e-01 4.659858e-03) (5.600917e-05 -3.930037e-04 7.824020e-05))
1.75          	((-3.638781e-03 -1.933392e-02 1.371928e+01) (-1.309661e-03 -2.463254e-05 4.267250e-02)) ((-5.882782e-03 -9.706862e-02 4.552837e-03) (5.451182e-05 -4.088747e-04 7.628170e-05))
1.76          	((-3.540787e-03 -1.944648e-02 1.307977e+01) (-1.362685e-03 -1.518374e-05 4.310296e-02)) ((-5.853658e-03 -9.078051e-02 4.450450e-03) (5.355283e-05 -4.241532e-04 7.394103e-05))
1.77          	((-2.548110e-03 -1.965851e-02 1.241220e+01) (-1.410985e-03 -5.942179e-06 4.343864e-02)) ((-5.913692e-03 -8.413828e-02 4.217667e-03) (5.261087e-05 -4.387418e-04 7.080733e-05))
1.78          	((-2.533565e-04 -1.914251e-02 1.171621e+01) (-1.457705e-03 4.283893e-06 4.368247e-02)) ((-5.993098e-03 -7.743669e-02 4.257944e-03) (5.083104e-05 -4.525106e-04 6.762275e-05))
1.79          	((4.651669e-04 -1.948916e-02 1.099273e+01) (-1.501655e-03 1.769522e-05 4.382941e-02)) ((-6.102206e-03 -7.077270e-02 4.162077e-03) (4.893001e-05 -4.653483e-04 6.454329e-05))
1.8           	((6.128897e-05 -1.908697e-02 1.024535e+01) (-1.541264e-03 3.085591e-05 4.388041e-02)) ((-5.895054e-03 -6.392343e-02 3.969346e-03) (4.739503e-05 -4.774340e-04 6.137630e-05))
1.81          	((7.656019e-04 -1.857018e-02 9.475311e+00) (-1.577798e-03 4.456605e-05 4.383823e-02)) ((-5.590798e-03 -5.703505e-02 3.740461e-03) (4.602848e-05 -4.889146e-04 5.840015e-05))
1.82          	((2.162396e-03 -1.842436e-02 8.682400e+00) (-1.611045e-03 5.886116e-05 4.370491e-02)) ((-5.411323e-03 -5.020124e-02 3.512727e-03) (4.401897e-05 -4.990550e-04 5.514768e-05))
1.83          	((3.989569e-03 -1.700910e-02 7.871168e+00) (-1.641886e-03 7.351327e-05 4.347946e-02)) ((-5.296631e-03 -4.301830e-02 3.296440e-03) (4.223655e-05 -5.086471e-04 5.176725e-05))
1.84          	((4.958807e-03 -1.489751e-02 7.042941e+00) (-1.671209e-03 8.884244e-05 4.316400e-02)) ((-5.248404e-03 -3.603823e-02 3.047815e-03) (4.048194e-05 -5.171981e-04 4.856960e-05))
1.85          	((6.473732e-03 -1.366358e-02 6.196451e+00) (-1.698362e-03 1.033442e-04 4.276092e-02)) ((-4.870443e-03 -2.907679e-02 2.820797e-03) (3.864794e-05 -5.249283e-04 4.554060e-05))
1.86          	((7.655709e-03 -1.256671e-02 5.332497e+00) (-1.723046e-03 1.183971e-04 4.227044e-02)) ((-4.505881e-03 -2.191344e-02 2.633194e-03) (3.672776e-05 -5.316882e-04 4.236691e-05))
1.87          	((8.917656e-03 -1.105383e-02 4.454122e+00) (-1.744351e-03 1.335314e-04 4.169626e-02)) ((-4.353798e-03 -1.455406e-02 2.417711e-03) (3.415724e-05 -5.374167e-04 3.914726e-05))
1.88          	((1.042191e-02 -1.129329e-02 3.565846e+00) (-1.762863e-03 1.494068e-04 4.103994e-02)) ((-4.162829e-03 -7.177868e-03 2.415787e-03) (3.207608e-05 -5.423324e-04 3.608240e-05))
1.89          	((1.151941e-02 -1.060449e-02 2.667417e+00) (-1.778475e-03 1.641160e-04 4.030533e-02)) ((-3.690400e-03 6.549620e-05 2.053221e-03) (3.000306e-05 -5.461142e-04 3.304385e-05))
1.9           	((1.121473e-02 -9.762654e-03 1.762354e+00) (-1.789824e-03 1.783350e-04 3.949600e-02)) ((-3.576298e-03 7.301195e-03 1.729110e-03) (2.817217e-05 -5.484216e-04 2.991588e-05))
1.91          	((1.130803e-02 -7.943668e-03 8.507073e-01) (-1.795050e-03 1.926490e-04 3.861301e-02)) ((-3.397511e-03 1.434322e-02 1.424976e-03) (2.644273e-05 -5.491997e-04 2.672545e-05))
1.92          	((1.283600e-02 -6.180041e-03 -6.646326e-02) (-1.795775e-03 2.069188e-04 3.766038e-02)) ((-3.061436e-03 2.181192e-02 1.195929e-03) (2.473487e-05 -5.485037e-04 2.370163e-05))
1.93          	((1.388056e-02 -5.208431e-03 -9.856982e-01) (-1.790824e-03 2.207004e-04 3.663855e-02)) ((-2.761837e-03 2.901455e-02 1.097558e-03) (2.335969e-05 -5.463917e-04 2.092877e-05))
1.94          	((1.415146e-02 -4.051765e-03 -1.900408e+00) (-1.779984e-03 2.317147e-04 3.555279e-02)) ((-2.428231e-03 3.622314e-02 6.868772e-04) (2.188304e-05 -5.427859e-04 1.839349e-05))
1.95          	((1.443849e-02 -3.192137e-03 -2.816246e+00) (-1.763952e-03 2.409670e-04 3.440599e-02)) ((-1.940703e-03 4.335622e-02 3.063283e-04) (2.039826e-05 -5.376052e-04 1.611559e-05))
1.96          	((1.657214e-02 -3.509476e-03 -3.723309e+00) (-1.745694e-03 2.497693e-04 3.320110e-02)) ((-1.546148e-03 5.063315e-02 1.452049e-04) (1.875827e-05 -5.311211e-04 1.386128e-05))
1.97          	((1.870989e-02 -3.226701e-03 -4.622123e+00) (-1.725681e-03 2.575673e-04 3.194151e-02)) ((-1.253370e-03 5.808044e-02 7.557874e-05) (1.736648e-05 -5.233570e-04 1.175293e-05))
1.98          	((1.943064e-02 -2.417712e-03 -5.505984e+00) (-1.701784e-03 2.643058e-04 3.063147e-02)) ((-8.996715e-04 6.494880e-02 6.913663e-06) (1.601030e-05 -5.144381e-04 9.956670e-06))
1.99          	((2.231728e-02 -1.241136e-03 -6.375430e+00) (-1.675154e-03 2.698220e-04 2.927403e-02)) ((-5.819646e-04 7.205778e-02 1.012855e-04) (1.450429e-05 -5.043550e-04 8.085735e-06))
2             	((2.367178e-02 1.534738e-04 -7.233703e+00) (-1.646095e-03 2.727988e-04 2.787322e-02)) ((-2.518763e-04 7.898451e-02 1.355895e-04) (1.311375e-05 -4.931457e-04 6.427455e-06))
2.01          	((2.417578e-02 9.863667e-04 -8.079060e+00) (-1.613436e-03 2.731864e-04 2.643442e-02)) ((1.303959e-04 8.544112e-02 -5.442481e-05) (1.179730e-05 -4.808505e-04 4.856626e-06))
2.02          	((2.590148e-02 2.126484e-03 -8.902582e+00) (-1.577647e-03 2.733116e-04 2.495915e-02)) ((3.781685e-04 9.199100e-02 -8.409853e-05) (1.042123e-05 -4.674622e-04 3.476998e-06))
2.03          	((2.805137e-02 3.605866e-03 -9.708385e+00) (-1.540690e-03 2.730423e-04 2.345273e-02)) ((6.841109e-04 9.853232e-02 1.016825e-04) (9.168576e-06 -4.533360e-04 2.195210e-06))
2.04          	((2.940323e-02 3.782830e-03 -1.049243e+01) (-1.502899e-03 2.731630e-04 2.191454e-02)) ((1.166932e-03 1.046209e-01 1.984082e-04) (8.427971e-06 -4.382189e-04 9.108308e-07))
2.05          	((3.030152e-02 3.851949e-03 -1.125675e+01) (-1.464440e-03 2.729572e-04 2.034870e-02)) ((1.412107e-03 1.106279e-01 2.872266e-04) (7.719204e-06 -4.223011e-04 -7.642087e-07))
2.06          	((3.246604e-02 4.563538e-03 -1.199821e+01) (-1.423831e-03 2.727729e-04 1.875656e-02)) ((1.579491e-03 1.164682e-01 2.567561e-04) (7.081861e-06 -4.056470e-04 -2.084821e-06))
2.07          	((3.426605e-02 4.970673e-03 -1.270788e+01) (-1.383150e-03 2.733303e-04 1.714081e-02)) ((1.594928e-03 1.219814e-01 2.140931e-04) (6.332531e-06 -3.883506e-04 -3.192800e-06))
2.08          	((3.579474e-02 5.855319e-03 -1.339320e+01) (-1.341869e-03 2.743597e-04 1.550230e-02)) ((1.968562e-03 1.272636e-01 3.129820e-04) (5.649381e-06 -3.705783e-04 -4.274404e-06))
2.09          	((3.643384e-02 5.699973e-03 -1.404863e+01) (-1.299055e-03 2.746326e-04 1.384602e-02)) ((2.276167e-03 1.323692e-01 4.621108e-04) (5.154727e-06 -3.524907e-04 -5.212081e-06))
2.1           	((3.695793e-02 7.992869e-03 -1.467847e+01) (-1.254210e-03 2.725939e-04 1.217395e-02)) ((2.115617e-03 1.371029e-01 6.443209e-04) (4.831277e-06 -3.339825e-04 -6.064283e-06))
2.11          	((3.852138e-02 1.191217e-02 -1.527032e+01) (-1.207557e-03 2.706583e-04 1.048780e-02)) ((2.065871e-03 1.419238e-01 7.887454e-04) (4.761917e-06 -3.151737e-04 -6.792196e-06))
2.12          	((3.842361e-02 8.845826e-03 -1.583261e+01) (-1.160487e-03 2.690415e-04 8.791396e-03)) ((2.230570e-03 1.459111e-01 8.746348e-04) (4.674255e-06 -2.961520e-04 -7.502928e-06))
2.13          	((4.004288e-02 1.034782e-02 -1.636882e+01) (-1.115098e-03 2.690848e-04 7.087012e-03)) ((2.171370e-03 1.499712e-01 5.563841e-04) (4.335146e-06 -2.769804e-04 -7.869644e-06))
2.14          	((3.804996e-02 1.280549e-02 -1.686109e+01) (-1.068410e-03 2.691706e-04 5.378826e-03)) ((2.444771e-03 1.536171e-01 8.804409e-04) (3.638775e-06 -2.575687e-04 -8.226285e-06))
2.15          	((4.169811e-02 1.570377e-02 -1.733499e+01) (-1.021500e-03 2.676697e-04 3.666758e-03)) ((2.291346e-03 1.574640e-01 1.232136e-03) (2.882225e-06 -2.379191e-04 -8.806085e-06))
2.16          	((3.878932e-02 1.504890e-02 -1.776370e+01) (-9.739562e-04 2.661514e-04 1.953774e-03)) ((2.635719e-03 1.606448e-01 1.138592e-03) (2.156684e-06 -2.179276e-04 -9.331441e-06))
2.17          	((3.884603e-02 1.601861e-02 -1.815703e+01) (-9.248871e-04 2.643134e-04 2.449055e-04)) ((2.630291e-03 1.634021e-01 1.289858e-03) (1.305494e-06 -1.975199e-04 -1.005150e-05))
2.18          	((3.828575e-02 1.597294e-02 -1.852469e+01) (-8.751915e-04 2.649352e-04 -1.460327e-03)) ((2.891757e-03 1.657430e-01 1.401845e-03) (5.114734e-07 -1.768941e-04 -1.062281e-05))
2.19          	((3.607146e-02 1.644842e-02 -1.886863e+01) (-8.279264e-04 2.677119e-04 -3.160276e-03)) ((2.402204e-03 1.683607e-01 1.387892e-03) (-6.118429e-07 -1.559526e-04 -1.080181e-05))
2.2           	((3.755214e-02 1.819414e-02 -1.916046e+01) (-7.832395e-04 2.700521e-04 -4.853700e-03)) ((3.041361e-03 1.702839e-01 1.059943e-03) (-2.097308e-06 -1.349566e-04 -1.025732e-05))
2.21          	((3.326164e-02 2.282328e-02 -1.940687e+01) (-7.397610e-04 2.706973e-04 -6.534060e-03)) ((3.131013e-03 1.716509e-01 7.119085e-04) (-3.568892e-06 -1.141240e-04 -9.341403e-06))
2.22          	((3.180534e-02 2.356592e-02 -1.962366e+01) (-6.977451e-04 2.709760e-04 -8.199433e-03)) ((3.875953e-03 1.724030e-01 4.237778e-04) (-5.236760e-06 -9.289218e-05 -7.780408e-06))
2.23          	((3.189818e-02 2.031267e-02 -1.980761e+01) (-6.568365e-04 2.732943e-04 -9.854857e-03)) ((4.726649e-03 1.740160e-01 6.958223e-04) (-7.559221e-06 -7.172213e-05 -6.077213e-06))
2.24          	((3.076669e-02 2.135389e-02 -1.995849e+01) (-6.163649e-04 2.753454e-04 -1.149954e-02)) ((4.332213e-03 1.747357e-01 2.196554e-04) (-9.811922e-06 -5.107743e-05 -4.086000e-06))
2.25          	((3.559464e-02 2.633745e-02 -2.009402e+01) (-5.784668e-04 2.771104e-04 -1.313393e-02)) ((4.477738e-03 1.744214e-01 1.727373e-04) (-1.223626e-05 -3.101268e-05 -2.042579e-06))
2.26          	((3.787844e-02 2.489706e-02 -2.043006e+01) (-5.423050e-04 2.759605e-04 -1.476996e-02)) ((5.006820e-03 1.762796e-01 3.889703e-04) (-1.455871e-05 -1.120073e-05 1.743416e-07))
2.27          	((2.919034e-02 2.511723e-02 -2.009463e+01) (-5.088943e-04 2.750881e-04 -1.636528e-02)) ((4.619078e-03 1.714462e-01 -4.763101e-04) (-1.671672e-05 7.812078e-06 2.739109e-06))
2.28          	((3.391780e-02 2.795816e-02 -2.046490e+01) (-4.771359e-04 2.748261e-04 -1.794795e-02)) ((5.485185e-03 1.765737e-01 -5.209888e-04) (-1.873995e-05 2.630820e-05 6.146330e-06))
2.29          	((2.666087e-02 2.705838e-02 -2.048808e+01) (-4.492671e-04 2.737500e-04 -1.951417e-02)) ((5.861153e-03 1.741431e-01 -3.796055e-04) (-2.088692e-05 4.436294e-05 9.819004e-06))
2.3           	((2.857066e-02 2.721040e-02 -2.049428e+01) (-4.253289e-04 2.750427e-04 -2.106525e-02)) ((5.869006e-03 1.720399e-01 -8.358319e-04) (-2.340452e-05 6.209242e-05 1.337973e-05))
2.31          	((2.614103e-02 2.942633e-02 -2.042231e+01) (-4.063711e-04 2.768514e-04 -2.259450e-02)) ((5.827256e-03 1.700728e-01 -1.078946e-03) (-2.598011e-05 7.915888e-05 1.714613e-05))
2.32          	((2.612780e-02 3.020561e-02 -2.030722e+01) (-3.894405e-04 2.767442e-04 -2.409899e-02)) ((6.167565e-03 1.679642e-01 -1.180416e-03) (-2.818825e-05 9.574596e-05 2.142060e-05))
2.33          	((2.398388e-02 2.900896e-02 -2.020160e+01) (-3.739900e-04 2.763943e-04 -2.557770e-02)) ((6.181781e-03 1.654053e-01 -1.330032e-03) (-3.080806e-05 1.121485e-04 2.527337e-05))
2.34          	((2.364212e-02 2.709120e-02 -2.006167e+01) (-3.611818e-04 2.750508e-04 -2.703230e-02)) ((6.223272e-03 1.631158e-01 -1.497669e-03) (-3.336120e-05 1.284615e-04 2.902975e-05))
2.35          	((2.082668e-02 2.935852e-02 -1.989485e+01) (-3.504884e-04 2.739399e-04 -2.845947e-02)) ((6.172038e-03 1.604376e-01 -1.712302e-03) (-3.578895e-05 1.448855e-04 3.228366e-05))
2.36          	((2.037474e-02 2.896078e-02 -1.969507e+01) (-3.417648e-04 2.718025e-04 -2.985359e-02)) ((6.189652e-03 1.572559e-01 -1.871913e-03) (-3.784865e-05 1.613316e-04 3.498555e-05))
2.37          	((1.870067e-02 2.984946e-02 -1.946705e+01) (-3.360033e-04 2.688410e-04 -3.121353e-02)) ((6.060253e-03 1.540447e-01 -2.129356e-03) (-4.039688e-05 1.774587e-04 3.714552e-05))
2.38          	((1.677849e-02 2.819326e-02 -1.920691e+01) (-3.345100e-04 2.653319e-04 -3.253569e-02)) ((6.091698e-03 1.505041e-01 -2.482492e-03) (-4.304481e-05 1.930289e-04 3.907905e-05))
2.39          	((1.525263e-02 2.671273e-02 -1.891795e+01) (-3.347465e-04 2.618338e-04 -3.381328e-02)) ((6.039053e-03 1.468562e-01 -2.857604e-03) (-4.557771e-05 2.078018e-04 4.061946e-05))
2.4           	((1.386412e-02 2.627073e-02 -1.859809e+01) (-3.365269e-04 2.569591e-04 -3.504504e-02)) ((6.104221e-03 1.430416e-01 -3.201895e-03) (-4.795011e-05 2.217133e-04 4.235729e-05))
2.41          	((1.333207e-02 2.587991e-02 -1.825082e+01) (-3.398063e-04 2.506336e-04 -3.622770e-02)) ((6.110291e-03 1.391327e-01 -3.588708e-03) (-4.998906e-05 2.347309e-04 4.446582e-05))
2.42          	((1.368693e-02 2.470055e-02 -1.787348e+01) (-3.424008e-04 2.428662e-04 -3.735768e-02)) ((6.098056e-03 1.348631e-01 -3.915578e-03) (-5.223513e-05 2.471288e-04 4.666853e-05))
2.43          	((1.389494e-02 2.408812e-02 -1.746510e+01) (-3.434199e-04 2.349445e-04 -3.842934e-02)) ((6.054053e-03 1.302728e-01 -4.131517e-03) (-5.438871e-05 2.590717e-04 4.876734e-05))
2.44          	((1.378836e-02 2.405927e-02 -1.702620e+01) (-3.443519e-04 2.262650e-04 -3.943784e-02)) ((5.965658e-03 1.254484e-01 -4.285364e-03) (-5.637255e-05 2.706710e-04 5.100442e-05))
2.45          	((1.327856e-02 2.330934e-02 -1.655557e+01) (-3.427087e-04 2.194584e-04 -4.038205e-02)) ((5.895397e-03 1.203306e-01 -4.434027e-03) (-5.835647e-05 2.820219e-04 5.323727e-05))
2.46          	((1.358008e-02 2.221953e-02 -1.605449e+01) (-3.388403e-04 2.128613e-04 -4.125660e-02)) ((5.896568e-03 1.151086e-01 -4.605090e-03) (-6.063697e-05 2.927375e-04 5.531034e-05))
2.47          	((1.233334e-02 2.031509e-02 -1.552317e+01) (-3.325503e-04 2.057904e-04 -4.205597e-02)) ((6.147929e-03 1.095017e-01 -4.794189e-03) (-6.266675e-05 3.033206e-04 5.764540e-05))
2.48          	((1.229497e-02 1.886883e-02 -1.496484e+01) (-3.231513e-04 1.972456e-04 -4.277682e-02)) ((5.965593e-03 1.038098e-01 -4.937672e-03) (-6.483314e-05 3.135209e-04 5.997741e-05))
2.49          	((1.185557e-02 1.936412e-02 -1.437697e+01) (-3.093227e-04 1.889236e-04 -4.341821e-02)) ((5.599623e-03 9.809538e-02 -5.139862e-03) (-6.676873e-05 3.236503e-04 6.241287e-05))
2.5           	((1.319041e-02 1.896979e-02 -1.376016e+01) (-2.918579e-04 1.793288e-04 -4.397663e-02)) ((5.091348e-03 9.215396e-02 -5.297755e-03) (-6.825842e-05 3.335998e-04 6.496112e-05))
2.51          	((1.410243e-02 1.778703e-02 -1.311287e+01) (-2.715024e-04 1.700583e-04 -4.445271e-02)) ((4.719777e-03 8.617573e-02 -5.532052e-03) (-6.963973e-05 3.432888e-04 6.758218e-05))
2.52          	((1.505563e-02 1.625979e-02 -1.243995e+01) (-2.487480e-04 1.612450e-04 -4.484033e-02)) ((4.457343e-03 7.999113e-02 -5.708218e-03) (-7.073495e-05 3.528032e-04 7.023543e-05))
2.53          	((1.763788e-02 1.420720e-02 -1.174120e+01) (-2.252988e-04 1.529405e-04 -4.513804e-02)) ((4.145947e-03 7.355512e-02 -5.874259e-03) (-7.147682e-05 3.623508e-04 7.313769e-05))
2.54          	((1.840058e-02 1.370148e-02 -1.101659e+01) (-2.008097e-04 1.441261e-04 -4.534317e-02)) ((3.830107e-03 6.716351e-02 -5.955291e-03) (-7.169628e-05 3.718333e-04 7.640928e-05))
2.55          	((1.919113e-02 1.217993e-02 -1.026840e+01) (-1.766610e-04 1.346391e-04 -4.545508e-02)) ((3.416499e-03 6.063380e-02 -6.154707e-03) (-7.132806e-05 3.808738e-04 8.015294e-05))
2.56          	((2.026554e-02 9.950795e-03 -9.498798e+00) (-1.508067e-04 1.257112e-04 -4.547647e-02)) ((3.087177e-03 5.382688e-02 -6.169907e-03) (-7.085020e-05 3.895055e-04 8.393078e-05))
2.57          	((2.220110e-02 8.821042e-03 -8.707428e+00) (-1.240301e-04 1.162107e-04 -4.540492e-02)) ((2.649748e-03 4.702045e-02 -6.019091e-03) (-6.977636e-05 3.974496e-04 8.779114e-05))
2.58          	((2.395588e-02 8.579694e-03 -7.898402e+00) (-9.626876e-05 1.077503e-04 -4.524143e-02)) ((2.299364e-03 4.020946e-02 -5.971185e-03) (-6.818798e-05 4.050705e-04 9.162592e-05))
2.59          	((2.583005e-02 7.053993e-03 -7.066710e+00) (-6.946822e-05 9.864269e-05 -4.498553e-02)) ((2.060383e-03 3.332197e-02 -5.970687e-03) (-6.628589e-05 4.118426e-04 9.510217e-05))
2.6           	((2.790143e-02 5.240602e-03 -6.222401e+00) (-4.281401e-05 9.159420e-05 -4.463876e-02)) ((1.856099e-03 2.660534e-02 -5.896258e-03) (-6.437474e-05 4.176740e-04 9.819575e-05))
2.61          	((2.937499e-02 4.272297e-03 -5.359826e+00) (-1.654849e-05 8.556111e-05 -4.420301e-02)) ((1.550658e-03 1.973225e-02 -5.878783e-03) (-6.223792e-05 4.226985e-04 1.010782e-04))
2.62          	((3.035611e-02 3.646106e-03 -4.482482e+00) (8.401047e-06 8.020589e-05 -4.368007e-02)) ((1.300548e-03 1.274774e-02 -5.813743e-03) (-5.994927e-05 4.270255e-04 1.036683e-04))
2.63          	((3.136038e-02 2.325096e-03 -3.594352e+00) (3.165729e-05 7.638907e-05 -4.306946e-02)) ((1.198560e-03 5.758444e-03 -5.681218e-03) (-5.793645e-05 4.301358e-04 1.059260e-04))
2.64          	((3.189720e-02 1.654020e-03 -2.697335e+00) (5.274659e-05 7.348641e-05 -4.237711e-02)) ((9.418447e-04 -1.115797e-03 -5.428910e-03) (-5.605560e-05 4.322778e-04 1.076684e-04))
2.65          	((3.183692e-02 3.184139e-04 -1.792005e+00) (7.359053e-05 7.158915e-05 -4.160360e-02)) ((6.328404e-04 -7.895327e-03 -5.184754e-03) (-5.395866e-05 4.335660e-04 1.091377e-04))
2.66          	((3.203258e-02 -3.411919e-04 -8.793490e-01) (9.236341e-05 7.103787e-05 -4.074975e-02)) ((4.408251e-04 -1.466220e-02 -4.881304e-03) (-5.185849e-05 4.337418e-04 1.102736e-04))
2.67          	((3.213015e-02 -2.338961e-03 3.659007e-02) (1.109082e-04 7.086244e-05 -3.982014e-02)) ((4.315464e-04 -2.153549e-02 -4.601987e-03) (-4.985531e-05 4.327545e-04 1.111898e-04))
2.68          	((3.161677e-02 -3.455329e-03 9.541377e-01) (1.294748e-04 7.211330e-05 -3.881619e-02)) ((4.828271e-04 -2.829589e-02 -4.243893e-03) (-4.820183e-05 4.308787e-04 1.117837e-04))
2.69          	((3.106278e-02 -4.249456e-03 1.875324e+00) (1.472737e-04 7.434067e-05 -3.774183e-02)) ((3.112599e-04 -3.506047e-02 -4.037993e-03) (-4.678752e-05 4.275844e-04 1.121808e-04))
2.7           	((2.946563e-02 -6.352282e-03 2.789499e+00) (1.629426e-04 7.779586e-05 -3.659858e-02)) ((3.330561e-05 -4.189909e-02 -3.911189e-03) (-4.537839e-05 4.233867e-04 1.124914e-04))
2.71          	((2.878867e-02 -6.865370e-03 3.695311e+00) (1.763140e-04 8.036134e-05 -3.539276e-02)) ((-2.264617e-04 -4.862554e-02 -3.490758e-03) (-4.351302e-05 4.181099e-04 1.123481e-04))
2.72          	((2.740717e-02 -6.758781e-03 4.593692e+00) (1.896959e-04 8.191167e-05 -3.412728e-02)) ((-3.519290e-04 -5.516285e-02 -3.181814e-03) (-4.150590e-05 4.117627e-04 1.116223e-04))
2.73          	((2.632741e-02 -6.207412e-03 5.478559e+00) (2.013978e-04 8.212641e-05 -3.280370e-02)) ((-6.160712e-04 -6.171614e-02 -2.717617e-03) (-3.926155e-05 4.042995e-04 1.105266e-04))
2.74          	((2.424286e-02 -6.557685e-03 6.348471e+00) (2.111799e-04 8.133255e-05 -3.142765e-02)) ((-4.436460e-04 -6.800359e-02 -2.421096e-03) (-3.707664e-05 3.956860e-04 1.093830e-04))
2.75          	((2.265803e-02 -6.125658e-03 7.203737e+00) (2.185668e-04 7.891720e-05 -3.000297e-02)) ((-8.885896e-04 -7.412434e-02 -2.241011e-03) (-3.476049e-05 3.858664e-04 1.083143e-04))
2.76          	((2.035687e-02 -7.119291e-03 8.043437e+00) (2.243681e-04 7.618802e-05 -2.853319e-02)) ((-1.031943e-03 -8.040747e-02 -1.751664e-03) (-3.243568e-05 3.752351e-04 1.070274e-04))
2.77          	((1.741872e-02 -7.175047e-03 8.865362e+00) (2.292605e-04 7.349346e-05 -2.702003e-02)) ((-1.060549e-03 -8.668480e-02 -1.353865e-03) (-2.998745e-05 3.636457e-04 1.056338e-04))
2.78          	((1.607907e-02 -6.378065e-03 9.668601e+00) (2.332058e-04 7.070203e-05 -2.546747e-02)) ((-1.192315e-03 -9.269756e-02 -9.524230e-04) (-2.747709e-05 3.512345e-04 1.039932e-04))
2.79          	((1.494859e-02 -5.893111e-03 1.045252e+01) (2.355112e-04 6.763072e-05 -2.387837e-02)) ((-1.508915e-03 -9.877615e-02 -4.039886e-04) (-2.462713e-05 3.380774e-04 1.022180e-04))
2.8           	((1.154284e-02 -7.682807e-03 1.121442e+01) (2.359783e-04 6.361333e-05 -2.225616e-02)) ((-1.417442e-03 -1.047954e-01 -1.112223e-04) (-2.169821e-05 3.241133e-04 1.000466e-04))
2.81          	((8.198650e-03 -7.428059e-03 1.195053e+01) (2.347516e-04 5.916716e-05 -2.060452e-02)) ((-1.487557e-03 -1.103786e-01 4.258519e-04) (-1.857606e-05 3.095360e-04 9.784096e-05))
2.82          	((5.130833e-03 -6.811586e-03 1.266139e+01) (2.308377e-04 5.454918e-05 -1.892675e-02)) ((-1.503236e-03 -1.160564e-01 9.331061e-04) (-1.544353e-05 2.944278e-04 9.550265e-05))
2.83          	((3.460836e-03 -6.837063e-03 1.334033e+01) (2.257065e-04 4.872185e-05 -1.722591e-02)) ((-1.681822e-03 -1.213396e-01 1.358662e-03) (-1.235422e-05 2.786800e-04 9.344696e-05))
2.84          	((1.036459e-03 -6.789231e-03 1.398734e+01) (2.187069e-04 4.334739e-05 -1.550473e-02)) ((-1.904477e-03 -1.261983e-01 1.815786e-03) (-9.329491e-06 2.626394e-04 9.096904e-05))
2.85          	((-2.100206e-03 -8.081673e-03 1.461158e+01) (2.103062e-04 3.814302e-05 -1.376628e-02)) ((-2.268717e-03 -1.310638e-01 1.999551e-03) (-6.418842e-06 2.464088e-04 8.848566e-05))
2.86          	((-6.383982e-03 -7.273275e-03 1.519743e+01) (1.992335e-04 3.334253e-05 -1.201367e-02)) ((-2.387087e-03 -1.355849e-01 2.238206e-03) (-3.634435e-06 2.299678e-04 8.586107e-05))
2.87          	((-9.200903e-03 -8.552114e-03 1.575610e+01) (1.852210e-04 2.819927e-05 -1.024987e-02)) ((-2.699974e-03 -1.400851e-01 2.816513e-03) (-1.047159e-06 2.131855e-04 8.361230e-05))
2.88          	((-1.031526e-02 -1.033139e-02 1.628922e+01) (1.711819e-04 2.309067e-05 -8.478704e-03)) ((-2.825594e-03 -1.446198e-01 3.058769e-03) (1.311911e-06 1.964278e-04 8.103843e-05))
2.89          	((-1.306847e-02 -9.347193e-03 1.678712e+01) (1.551622e-04 1.792490e-05 -6.702606e-03)) ((-3.246447e-03 -1.485448e-01 3.056018e-03) (3.559747e-06 1.796082e-04 7.851806e-05))
2.9           	((-1.617883e-02 -1.039612e-02 1.724152e+01) (1.366880e-04 1.504371e-05 -4.923577e-03)) ((-2.826473e-03 -1.522545e-01 3.154812e-03) (5.523082e-06 1.629384e-04 7.585602e-05))
2.91          	((-2.038085e-02 -9.042068e-03 1.767272e+01) (1.156483e-04 1.185340e-05 -3.144439e-03)) ((-2.999210e-03 -1.557480e-01 3.156563e-03) (7.382906e-06 1.462606e-04 7.331915e-05))
2.92          	((-2.505218e-02 -9.354768e-03 1.807090e+01) (9.373128e-05 8.312520e-06 -1.369096e-03)) ((-3.013817e-03 -1.587539e-01 3.756610e-03) (9.153960e-06 1.298095e-04 7.044486e-05))
2.93          	((-2.985751e-02 -8.282506e-03 1.843420e+01) (7.014544e-05 3.991081e-06 3.994908e-04)) ((-2.410583e-03 -1.621360e-01 3.855175e-03) (1.098472e-05 1.136962e-04 6.778879e-05))
2.94          	((-3.305043e-02 -1.109195e-02 1.876633e+01) (4.552555e-05 -9.745379e-07 2.158740e-03)) ((-3.160629e-03 -1.649757e-01 3.784131e-03) (1.268657e-05 9.789029e-05 6.554289e-05))
2.95          	((-3.554591e-02 -9.665640e-03 1.906236e+01) (1.777106e-05 -6.527154e-06 3.908140e-03)) ((-4.373290e-03 -1.669074e-01 3.917453e-03) (1.409964e-05 8.238291e-05 6.337747e-05))
2.96          	((-4.049710e-02 -6.769890e-03 1.933398e+01) (-9.270800e-06 -1.364861e-05 5.646821e-03)) ((-4.081508e-03 -1.684132e-01 4.595599e-03) (1.573465e-05 6.706886e-05 6.118253e-05))
2.97          	((-4.433659e-02 -5.317445e-03 1.956071e+01) (-3.577076e-05 -2.042296e-05 7.374764e-03)) ((-5.689924e-03 -1.709324e-01 4.807876e-03) (1.705623e-05 5.207719e-05 5.930253e-05))
2.98          	((-4.254665e-02 -6.951416e-03 1.973893e+01) (-6.691180e-05 -2.771415e-05 9.094390e-03)) ((-5.675457e-03 -1.721472e-01 4.820026e-03) (1.847075e-05 3.753356e-05 5.737187e-05))
2.99          	((-4.453117e-02 -6.166054e-03 1.989061e+01) (-1.033461e-04 -3.551612e-05 1.080053e-02)) ((-6.067230e-03 -1.719525e-01 4.918527e-03) (2.014942e-05 2.252736e-05 5.523309e-05))
3             	((-4.660165e-02 -4.913736e-03 1.999699e+01) (-1.426064e-04 -4.366948e-05 1.249170e-02)) ((-6.639547e-03 -1.723415e-01 5.365882e-03) (2.148030e-05 7.106863e-06 5.362354e-05))
3.01          	((-4.959452e-02 -4.976357e-03 2.027117e+01) (-1.833450e-04 -5.034057e-05 1.417690e-02)) ((-6.298316e-03 -1.738355e-01 4.995354e-03) (2.300141e-05 -8.197289e-06 5.223181e-05))
3.02          	((-4.911838e-02 -6.866884e-03 2.003085e+01) (-2.232543e-04 -5.680460e-05 1.582379e-02)) ((-6.503295e-03 -1.712250e-01 4.994674e-03) (2.447396e-05 -2.287235e-05 5.103291e-05))
3.03          	((-5.391872e-02 -7.122888e-03 2.031428e+01) (-2.636526e-04 -6.236896e-05 1.745613e-02)) ((-6.306743e-03 -1.732982e-01 5.041486e-03) (2.607548e-05 -3.738113e-05 5.016798e-05))
3.04          	((-4.921209e-02 -5.668893e-03 2.035466e+01) (-3.040641e-04 -6.677092e-05 1.907144e-02)) ((-6.595367e-03 -1.735301e-01 5.218634e-03) (2.801126e-05 -5.195951e-05 4.927262e-05))
3.05          	((-5.186241e-02 -6.000041e-03 2.034278e+01) (-3.473083e-04 -7.073532e-05 2.066719e-02)) ((-6.421951e-03 -1.717921e-01 4.991671e-03) (2.985805e-05 -6.687891e-05 4.851449e-05))
3.06          	((-5.194950e-02 -6.936685e-03 2.029888e+01) (-3.932325e-04 -7.581683e-05 2.223947e-02)) ((-6.367839e-03 -1.706337e-01 4.977143e-03) (3.170382e-05 -8.224754e-05 4.820969e-05))
3.07          	((-4.807672e-02 -8.275809e-03 2.022327e+01) (-4.414652e-04 -8.027052e-05 2.378561e-02)) ((-6.400890e-03 -1.697046e-01 5.071322e-03) (3.343195e-05 -9.797339e-05 4.795426e-05))
3.08          	((-4.667147e-02 -9.584473e-03 2.012362e+01) (-4.895924e-04 -8.207289e-05 2.530640e-02)) ((-6.300782e-03 -1.677181e-01 5.010795e-03) (3.504451e-05 -1.138956e-04 4.789843e-05))
3.09          	((-4.510405e-02 -9.602120e-03 1.999141e+01) (-5.382970e-04 -8.254879e-05 2.679861e-02)) ((-6.068501e-03 -1.656222e-01 4.804267e-03) (3.671243e-05 -1.302643e-04 4.834368e-05))
3.1           	((-4.304877e-02 -9.679737e-03 1.982693e+01) (-5.887611e-04 -8.307402e-05 2.825902e-02)) ((-5.907777e-03 -1.633980e-01 4.570990e-03) (3.842042e-05 -1.469143e-04 4.925898e-05))
3.11          	((-4.021134e-02 -1.111067e-02 1.963296e+01) (-6.415577e-04 -8.241773e-05 2.968160e-02)) ((-5.809958e-03 -1.608253e-01 4.500469e-03) (4.001091e-05 -1.642917e-04 5.016530e-05))
3.12          	((-3.497854e-02 -1.116741e-02 1.941228e+01) (-6.969252e-04 -8.149413e-05 3.106496e-02)) ((-5.979046e-03 -1.578677e-01 4.243384e-03) (4.164478e-05 -1.819424e-04 5.118137e-05))
3.13          	((-3.247855e-02 -1.182017e-02 1.916383e+01) (-7.533837e-04 -7.964327e-05 3.240320e-02)) ((-5.877557e-03 -1.547207e-01 4.394140e-03) (4.322374e-05 -1.999577e-04 5.228989e-05))
3.14          	((-3.041340e-02 -1.177611e-02 1.888428e+01) (-8.109488e-04 -7.613523e-05 3.369260e-02)) ((-5.807807e-03 -1.513630e-01 4.529273e-03) (4.451543e-05 -2.183556e-04 5.329286e-05))
3.15          	((-2.688060e-02 -1.246712e-02 1.857333e+01) (-8.718886e-04 -7.213599e-05 3.492994e-02)) ((-5.757783e-03 -1.478963e-01 4.498657e-03) (4.516202e-05 -2.370187e-04 5.393885e-05))
3.16          	((-2.324780e-02 -1.309484e-02 1.822916e+01) (-9.324504e-04 -6.861735e-05 3.611060e-02)) ((-5.754852e-03 -1.438361e-01 4.482307e-03) (4.630514e-05 -2.563232e-04 5.452928e-05))
3.17          	((-1.970080e-02 -1.355994e-02 1.785876e+01) (-9.916752e-04 -6.621251e-05 3.723156e-02)) ((-5.652892e-03 -1.397328e-01 4.308666e-03) (4.747293e-05 -2.758780e-04 5.511739e-05))
3.18          	((-1.658803e-02 -1.447326e-02 1.745843e+01) (-1.049914e-03 -6.459449e-05 3.829041e-02)) ((-5.587067e-03 -1.353751e-01 4.257058e-03) (4.834237e-05 -2.954831e-04 5.543706e-05))
3.19          	((-1.450372e-02 -1.479549e-02 1.702505e+01) (-1.107655e-03 -6.341974e-05 3.928092e-02)) ((-5.649528e-03 -1.308733e-01 4.116785e-03) (4.903908e-05 -3.150628e-04 5.575073e-05))
3.2           	((-1.268436e-02 -1.588352e-02 1.655994e+01) (-1.165627e-03 -6.214512e-05 4.019687e-02)) ((-5.507414e-03 -1.260311e-01 3.857592e-03) (4.932169e-05 -3.343505e-04 5.578129e-05))
3.21          	((-1.165427e-02 -1.587214e-02 1.606171e+01) (-1.223497e-03 -6.166999e-05 4.103540e-02)) ((-5.614029e-03 -1.208927e-01 3.593674e-03) (4.955590e-05 -3.531960e-04 5.549484e-05))
3.22          	((-1.004057e-02 -1.626060e-02 1.553350e+01) (-1.278768e-03 -6.136521e-05 4.179225e-02)) ((-5.803516e-03 -1.154284e-01 3.588550e-03) (4.939181e-05 -3.714352e-04 5.512034e-05))
3.23          	((-9.616327e-03 -1.731076e-02 1.497552e+01) (-1.332324e-03 -6.006326e-05 4.246619e-02)) ((-5.697687e-03 -1.099221e-01 3.392034e-03) (4.884962e-05 -3.893112e-04 5.462798e-05))
3.24          	((-8.381502e-03 -1.871809e-02 1.438798e+01) (-1.382779e-03 -5.723695e-05 4.305233e-02)) ((-5.612492e-03 -1.041345e-01 3.482900e-03) (4.811422e-05 -4.064012e-04 5.367802e-05))
3.25          	((-7.829678e-03 -2.014090e-02 1.377182e+01) (-1.432059e-03 -5.357674e-05 4.354899e-02)) ((-5.451291e-03 -9.823066e-02 3.359659e-03) (4.727222e-05 -4.228213e-04 5.221153e-05))
3.26          	((-6.957160e-03 -2.060313e-02 1.312831e+01) (-1.478448e-03 -4.898007e-05 4.395109e-02)) ((-5.422956e-03 -9.196088e-02 3.172972e-03) (4.652869e-05 -4.386104e-04 5.050995e-05))
3.27          	((-5.354267e-03 -2.096276e-02 1.245329e+01) (-1.521336e-03 -4.513826e-05 4.425871e-02)) ((-5.348964e-03 -8.532897e-02 3.049457e-03) (4.573054e-05 -4.534880e-04 4.803581e-05))
3.28          	((-3.270063e-03 -2.066433e-02 1.175199e+01) (-1.563455e-03 -4.008625e-05 4.447252e-02)) ((-5.260110e-03 -7.871060e-02 2.980592e-03) (4.457920e-05 -4.679122e-04 4.539362e-05))
3.29          	((-2.783856e-03 -2.166017e-02 1.102281e+01) (-1.602692e-03 -3.267088e-05 4.459410e-02)) ((-5.125267e-03 -7.208517e-02 2.701417e-03) (4.251769e-05 -4.811947e-04 4.279854e-05))
3.3           	((-3.018617e-03 -2.139818e-02 1.026935e+01) (-1.637569e-03 -2.421564e-05 4.462050e-02)) ((-5.013119e-03 -6.542655e-02 2.381862e-03) (4.097290e-05 -4.936191e-04 4.040071e-05))
3.31          	((-2.890712e-03 -2.103512e-02 9.493448e+00) (-1.669727e-03 -1.384925e-05 4.455316e-02)) ((-4.729427e-03 -5.858289e-02 2.326597e-03) (3.953318e-05 -5.051025e-04 3.837243e-05))
3.32          	((-9.135957e-04 -2.072084e-02 8.697784e+00) (-1.700011e-03 -2.293187e-06 4.439392e-02)) ((-4.379120e-03 -5.164848e-02 2.227161e-03) (3.810167e-05 -5.160441e-04 3.620963e-05))
3.33          	((-4.165095e-05 -2.005608e-02 7.882030e+00) (-1.729255e-03 9.832602e-06 4.414422e-02)) ((-4.075423e-03 -4.444198e-02 2.140669e-03) (3.652701e-05 -5.258274e-04 3.379535e-05))
3.34          	((9.536276e-04 -1.833819e-02 7.047896e+00) (-1.757504e-03 2.143508e-05 4.380622e-02)) ((-3.682819e-03 -3.744962e-02 2.049220e-03) (3.463287e-05 -5.346538e-04 3.129915e-05))
3.35          	((2.125627e-03 -1.765768e-02 6.196592e+00) (-1.784440e-03 3.318936e-05 4.338265e-02)) ((-3.438845e-03 -3.034814e-02 2.034326e-03) (3.213083e-05 -5.424008e-04 2.888106e-05))
3.36          	((2.687804e-03 -1.788986e-02 5.326008e+00) (-1.807811e-03 4.678843e-05 4.287295e-02)) ((-2.907699e-03 -2.315477e-02 1.742643e-03) (2.982847e-05 -5.490497e-04 2.685268e-05))
3.37          	((3.807377e-03 -1.637295e-02 4.445495e+00) (-1.827551e-03 5.910090e-05 4.227987e-02)) ((-2.619280e-03 -1.586099e-02 1.497054e-03) (2.749515e-05 -5.547467e-04 2.470298e-05))
3.38          	((6.111133e-03 -1.528141e-02 3.553227e+00) (-1.844333e-03 7.082986e-05 4.160536e-02)) ((-2.233547e-03 -8.599232e-03 1.438931e-03) (2.519618e-05 -5.595017e-04 2.251046e-05))
3.39          	((6.981005e-03 -1.321286e-02 2.650103e+00) (-1.857448e-03 8.166426e-05 4.085392e-02)) ((-2.151734e-03 -1.251646e-03 1.165305e-03) (2.290357e-05 -5.630757e-04 2.049143e-05))
3.4           	((7.601547e-03 -1.309376e-02 1.742720e+00) (-1.866838e-03 9.207852e-05 4.002716e-02)) ((-1.993811e-03 6.194654e-03 9.283226e-04) (2.042308e-05 -5.653406e-04 1.847872e-05))
3.41          	((8.748025e-03 -1.147768e-02 8.283375e-01) (-1.873169e-03 1.030987e-04 3.913000e-02)) ((-1.803754e-03 1.367858e-02 8.025075e-04) (1.762118e-05 -5.660000e-04 1.642539e-05))
3.42          	((1.044934e-02 -1.004121e-02 -9.163902e-02) (-1.874357e-03 1.147289e-04 3.816410e-02)) ((-1.437302e-03 2.120388e-02 7.438723e-04) (1.553146e-05 -5.653631e-04 1.475022e-05))
3.43          	((9.899913e-03 -8.888386e-03 -1.008404e+00) (-1.870135e-03 1.259377e-04 3.713112e-02)) ((-1.097754e-03 2.837105e-02 4.445845e-04) (1.368813e-05 -5.633080e-04 1.318737e-05))
3.44          	((1.104534e-02 -8.818011e-03 -1.928478e+00) (-1.860913e-03 1.369721e-04 3.603341e-02)) ((-9.074489e-04 3.567090e-02 2.019478e-04) (1.183179e-05 -5.597493e-04 1.187659e-05))
3.45          	((1.256584e-02 -7.248799e-03 -2.844549e+00) (-1.847994e-03 1.476820e-04 3.487507e-02)) ((-5.360001e-04 4.293228e-02 2.354489e-05) (9.706632e-06 -5.547186e-04 1.053397e-05))
3.46          	((1.443001e-02 -6.450954e-03 -3.749725e+00) (-1.832641e-03 1.579780e-04 3.365951e-02)) ((-7.376119e-05 5.027284e-02 8.849830e-06) (7.281240e-06 -5.483995e-04 9.376136e-06))
3.47          	((1.639926e-02 -6.605428e-03 -4.648278e+00) (-1.813467e-03 1.683112e-04 3.238787e-02)) ((2.798966e-04 5.757800e-02 -2.340368e-04) (5.146044e-06 -5.408924e-04 8.231381e-06))
3.48          	((1.824841e-02 -7.126415e-03 -5.532412e+00) (-1.791433e-03 1.777200e-04 3.106488e-02)) ((6.606714e-04 6.478172e-02 -2.161332e-04) (3.095241e-06 -5.324035e-04 7.047784e-06))
3.49          	((2.042186e-02 -5.892423e-03 -6.404437e+00) (-1.765339e-03 1.853973e-04 2.969576e-02)) ((9.642122e-04 7.221148e-02 -2.513906e-04) (8.970789e-07 -5.224454e-04 5.701379e-06))
3.5           	((2.148874e-02 -4.048221e-03 -7.261165e+00) (-1.734883e-03 1.912117e-04 2.828250e-02)) ((1.198016e-03 7.904641e-02 -3.069405e-04) (-7.978598e-07 -5.114162e-04 4.627694e-06))
3.51          	((2.352110e-02 -3.362815e-03 -8.104328e+00) (-1.702419e-03 1.964254e-04 2.682982e-02)) ((1.227128e-03 8.577595e-02 -1.807552e-04) (-2.355900e-06 -4.992253e-04 3.590781e-06))
3.52          	((2.535291e-02 -2.026513e-03 -8.928326e+00) (-1.667580e-03 1.993507e-04 2.534085e-02)) ((1.368553e-03 9.232365e-02 4.265852e-06) (-3.784652e-06 -4.858383e-04 2.480778e-06))
3.53          	((2.702305e-02 -2.117548e-03 -9.734786e+00) (-1.630413e-03 2.014184e-04 2.381907e-02)) ((1.384130e-03 9.896848e-02 4.784672e-05) (-5.038503e-06 -4.713782e-04 1.285615e-06))
3.54          	((2.744032e-02 -1.632196e-04 -1.052202e+01) (-1.591681e-03 2.026686e-04 2.226761e-02)) ((1.714478e-03 1.049942e-01 2.803624e-04) (-6.182200e-06 -4.559062e-04 -1.752588e-07))
3.55          	((2.885932e-02 1.317066e-03 -1.128154e+01) (-1.551169e-03 2.045979e-04 2.068806e-02)) ((1.943292e-03 1.111070e-01 8.255279e-05) (-7.022138e-06 -4.398274e-04 -1.451285e-06))
3.56          	((3.069189e-02 1.036780e-03 -1.201683e+01) (-1.510082e-03 2.063016e-04 1.908417e-02)) ((1.926481e-03 1.171433e-01 1.024472e-04) (-7.586672e-06 -4.230087e-04 -2.689648e-06))
3.57          	((3.313789e-02 1.860034e-03 -1.272693e+01) (-1.467981e-03 2.087182e-04 1.745786e-02)) ((1.968349e-03 1.225994e-01 2.704960e-04) (-8.381803e-06 -4.054805e-04 -3.700652e-06))
3.58          	((3.401458e-02 3.124633e-03 -1.340929e+01) (-1.425333e-03 2.106672e-04 1.581075e-02)) ((1.970094e-03 1.275941e-01 3.990054e-04) (-9.042598e-06 -3.875791e-04 -4.499241e-06))
3.59          	((3.550349e-02 3.306514e-03 -1.406243e+01) (-1.382113e-03 2.130510e-04 1.414525e-02)) ((2.508994e-03 1.328031e-01 4.805235e-04) (-9.415012e-06 -3.693107e-04 -5.389864e-06))
3.6           	((3.595379e-02 5.574228e-03 -1.469025e+01) (-1.334977e-03 2.161028e-04 1.246516e-02)) ((2.152474e-03 1.376993e-01 4.855863e-04) (-9.678091e-06 -3.503692e-04 -6.137302e-06))
3.61          	((3.655936e-02 8.115644e-03 -1.528310e+01) (-1.285693e-03 2.198028e-04 1.077206e-02)) ((2.432741e-03 1.423145e-01 5.786306e-04) (-9.650992e-06 -3.308921e-04 -6.816708e-06))
3.62          	((3.820370e-02 7.087324e-03 -1.584388e+01) (-1.236028e-03 2.240702e-04 9.068564e-03)) ((2.316457e-03 1.466693e-01 6.023226e-04) (-9.455356e-06 -3.112057e-04 -7.235542e-06))
3.63          	((3.805731e-02 6.223642e-03 -1.637075e+01) (-1.186848e-03 2.274981e-04 7.356708e-03)) ((2.434971e-03 1.506802e-01 3.989479e-04) (-9.383692e-06 -2.914840e-04 -7.751726e-06))
3.64          	((3.775931e-02 1.240183e-02 -1.686547e+01) (-1.135135e-03 2.292312e-04 5.640097e-03)) ((2.033969e-03 1.546565e-01 9.289163e-04) (-9.442848e-06 -2.713951e-04 -8.308719e-06))
3.65          	((3.910093e-02 1.343519e-02 -1.733207e+01) (-1.084878e-03 2.290551e-04 3.919006e-03)) ((2.146586e-03 1.576418e-01 1.009505e-03) (-9.789283e-06 -2.511474e-04 -8.778515e-06))
3.66          	((3.775054e-02 1.132008e-02 -1.775832e+01) (-1.033311e-03 2.292668e-04 2.198758e-03)) ((2.611116e-03 1.610818e-01 1.173563e-03) (-1.024344e-05 -2.305440e-04 -9.177812e-06))
3.67          	((3.705308e-02 1.299346e-02 -1.814959e+01) (-9.830035e-04 2.279181e-04 4.796913e-04)) ((2.746254e-03 1.637122e-01 1.368787e-03) (-1.039242e-05 -2.097963e-04 -9.806605e-06))
3.68          	((3.473787e-02 1.500672e-02 -1.851320e+01) (-9.315811e-04 2.280166e-04 -1.234875e-03)) ((2.946802e-03 1.662951e-01 1.273148e-03) (-1.076013e-05 -1.885812e-04 -9.723850e-06))
3.69          	((3.644080e-02 1.490441e-02 -1.885723e+01) (-8.813348e-04 2.288659e-04 -2.944366e-03)) ((2.385697e-03 1.692619e-01 9.584042e-04) (-1.129868e-05 -1.670656e-04 -9.566599e-06))
3.7           	((3.692014e-02 1.579968e-02 -1.914978e+01) (-8.344220e-04 2.312829e-04 -4.648336e-03)) ((2.709987e-03 1.706067e-01 5.007702e-04) (-1.208564e-05 -1.454396e-04 -8.594470e-06))
3.71          	((3.346693e-02 2.092828e-02 -1.939479e+01) (-7.911691e-04 2.318938e-04 -6.340557e-03)) ((3.315721e-03 1.723790e-01 2.301456e-04) (-1.322320e-05 -1.238561e-04 -7.511246e-06))
3.72          	((2.809366e-02 2.121805e-02 -1.960951e+01) (-7.494357e-04 2.336199e-04 -8.021473e-03)) ((3.506467e-03 1.733229e-01 -7.383526e-05) (-1.475342e-05 -1.022812e-04 -5.910938e-06))
3.73          	((3.054713e-02 2.027252e-02 -1.978751e+01) (-7.067930e-04 2.376827e-04 -9.692470e-03)) ((4.025751e-03 1.748452e-01 2.861866e-04) (-1.668349e-05 -8.068851e-05 -4.274533e-06))
3.74          	((3.080923e-02 1.754033e-02 -1.994760e+01) (-6.663672e-04 2.412636e-04 -1.135334e-02)) ((4.246940e-03 1.749886e-01 2.579158e-04) (-1.861025e-05 -5.953279e-05 -2.366956e-06))
3.75          	((3.259078e-02 2.349680e-02 -2.010783e+01) (-6.279019e-04 2.453857e-04 -1.300337e-02)) ((3.627213e-03 1.754912e-01 -1.069209e-04) (-2.093742e-05 -3.881099e-05 -2.215922e-07))
3.76          	((3.463959e-02 1.958755e-02 -2.040576e+01) (-5.935600e-04 2.464375e-04 -1.465328e-02)) ((5.066273e-03 1.780511e-01 -3.696731e-04) (-2.322696e-05 -1.850675e-05 2.010039e-06))
3.77          	((2.947481e-02 2.540626e-02 -2.003501e+01) (-5.638206e-04 2.484644e-04 -1.626076e-02)) ((4.688473e-03 1.711632e-01 -5.422437e-04) (-2.584718e-05 1.098936e-06 4.666095e-06))
3.78          	((3.755728e-02 2.402716e-02 -2.040848e+01) (-5.341457e-04 2.491943e-04 -1.785619e-02)) ((4.876364e-03 1.767839e-01 -1.025543e-03) (-2.833285e-05 2.045848e-05 8.134258e-06))
3.79          	((2.766646e-02 2.409838e-02 -2.043861e+01) (-5.080445e-04 2.507566e-04 -1.943613e-02)) ((4.865730e-03 1.741370e-01 -6.193401e-04) (-3.052703e-05 3.921838e-05 1.176396e-05))
3.8           	((2.586748e-02 2.763710e-02 -2.043018e+01) (-4.849226e-04 2.539770e-04 -2.099807e-02)) ((5.244967e-03 1.723192e-01 -8.935085e-04) (-3.330836e-05 5.751683e-05 1.525226e-05))
3.81          	((2.464139e-02 2.861534e-02 -2.036810e+01) (-4.664649e-04 2.561189e-04 -2.254032e-02)) ((5.358308e-03 1.706342e-01 -1.327477e-03) (-3.618188e-05 7.511072e-05 1.879790e-05))
3.82          	((2.432799e-02 2.922831e-02 -2.027303e+01) (-4.514803e-04 2.577691e-04 -2.405853e-02)) ((5.122533e-03 1.682030e-01 -1.619391e-03) (-3.890180e-05 9.252059e-05 2.250891e-05))
3.83          	((2.531861e-02 2.675291e-02 -2.015908e+01) (-4.385439e-04 2.594058e-04 -2.555267e-02)) ((5.152354e-03 1.658724e-01 -1.613772e-03) (-4.181365e-05 1.096000e-04 2.620108e-05))
3.84          	((2.194289e-02 2.641658e-02 -2.001231e+01) (-4.277468e-04 2.597765e-04 -2.702151e-02)) ((5.263520e-03 1.633398e-01 -1.313194e-03) (-4.462686e-05 1.262369e-04 2.962790e-05))
3.85          	((2.046178e-02 2.703868e-02 -1.984918e+01) (-4.187836e-04 2.593978e-04 -2.846324e-02)) ((5.483287e-03 1.607878e-01 -1.480941e-03) (-4.742845e-05 1.430516e-04 3.283739e-05))
3.86          	((2.047154e-02 3.090010e-02 -1.965348e+01) (-4.102809e-04 2.586291e-04 -2.987446e-02)) ((5.014647e-03 1.578725e-01 -1.910266e-03) (-4.997798e-05 1.598714e-04 3.556528e-05))
3.87          	((1.854821e-02 2.932059e-02 -1.942184e+01) (-4.053683e-04 2.577706e-04 -3.125002e-02)) ((5.240050e-03 1.543482e-01 -2.241631e-03) (-5.251899e-05 1.763965e-04 3.774210e-05))
3.88          	((1.678623e-02 2.859796e-02 -1.915939e+01) (-4.041124e-04 2.565275e-04 -3.258664e-02)) ((5.252278e-03 1.508021e-01 -2.453761e-03) (-5.523376e-05 1.922973e-04 3.930956e-05))
3.89          	((1.574013e-02 2.732372e-02 -1.886784e+01) (-4.047721e-04 2.552247e-04 -3.388153e-02)) ((5.254860e-03 1.470176e-01 -2.756819e-03) (-5.788617e-05 2.074359e-04 4.083101e-05))
3.9           	((1.523187e-02 2.805698e-02 -1.854596e+01) (-4.068901e-04 2.522307e-04 -3.513198e-02)) ((5.048260e-03 1.431134e-01 -3.180355e-03) (-6.048267e-05 2.216784e-04 4.256718e-05))
3.91          	((1.444656e-02 2.666764e-02 -1.819287e+01) (-4.086981e-04 2.468881e-04 -3.633020e-02)) ((5.169147e-03 1.390178e-01 -3.383583e-03) (-6.281423e-05 2.353349e-04 4.427686e-05))
3.92          	((1.406748e-02 2.737209e-02 -1.781062e+01) (-4.106376e-04 2.413403e-04 -3.747490e-02)) ((5.082953e-03 1.346742e-01 -3.631761e-03) (-6.476008e-05 2.483258e-04 4.601892e-05))
3.93          	((1.429937e-02 2.583213e-02 -1.739964e+01) (-4.120201e-04 2.358746e-04 -3.856363e-02)) ((5.274817e-03 1.301327e-01 -4.067860e-03) (-6.683593e-05 2.605964e-04 4.793356e-05))
3.94          	((1.431199e-02 2.382519e-02 -1.695649e+01) (-4.117306e-04 2.306130e-04 -3.958924e-02)) ((5.200921e-03 1.252577e-01 -4.233982e-03) (-6.910396e-05 2.724342e-04 4.980523e-05))
3.95          	((1.314752e-02 2.491025e-02 -1.648160e+01) (-4.102425e-04 2.265747e-04 -4.054931e-02)) ((5.000355e-03 1.201154e-01 -4.269399e-03) (-7.130736e-05 2.838444e-04 5.175233e-05))
3.96          	((1.257504e-02 2.417377e-02 -1.597569e+01) (-4.063484e-04 2.225552e-04 -4.143642e-02)) ((5.004686e-03 1.148080e-01 -4.452356e-03) (-7.351729e-05 2.949504e-04 5.369349e-05))
3.97          	((1.190827e-02 2.354651e-02 -1.544188e+01) (-4.016976e-04 2.179774e-04 -4.225070e-02)) ((4.998858e-03 1.091551e-01 -4.561236e-03) (-7.579837e-05 3.056872e-04 5.567191e-05))
3.98          	((1.076302e-02 2.223385e-02 -1.488040e+01) (-3.932404e-04 2.129238e-04 -4.298767e-02)) ((4.825690e-03 1.034985e-01 -4.834545e-03) (-7.794775e-05 3.161300e-04 5.793065e-05))
3.99          	((1.047536e-02 2.105020e-02 -1.429031e+01) (-3.795272e-04 2.068505e-04 -4.364384e-02)) ((4.612389e-03 9.770284e-02 -5.067646e-03) (-7.985549e-05 3.263455e-04 6.034302e-05))
4             	((1.114246e-02 1.949725e-02 -1.367153e+01) (-3.635528e-04 1.992428e-04 -4.421677e-02)) ((4.544099e-03 9.197686e-02 -5.257921e-03) (-8.114025e-05 3.364221e-04 6.282984e-05))
4.01          	((1.263868e-02 1.862541e-02 -1.302249e+01) (-3.442406e-04 1.908916e-04 -4.470458e-02)) ((4.024788e-03 8.581483e-02 -5.511172e-03) (-8.242893e-05 3.462667e-04 6.541715e-05))
4.02          	((1.309890e-02 1.809047e-02 -1.234623e+01) (-3.218115e-04 1.825477e-04 -4.510445e-02)) ((3.480839e-03 7.953678e-02 -5.716353e-03) (-8.343155e-05 3.559588e-04 6.813472e-05))
4.03          	((1.447221e-02 1.773493e-02 -1.164575e+01) (-2.991241e-04 1.738598e-04 -4.541477e-02)) ((3.188431e-03 7.309934e-02 -5.960562e-03) (-8.414600e-05 3.654960e-04 7.092620e-05))
4.04          	((1.596288e-02 1.671010e-02 -1.092045e+01) (-2.760056e-04 1.650411e-04 -4.563278e-02)) ((2.904167e-03 6.650166e-02 -6.135556e-03) (-8.452655e-05 3.746898e-04 7.426339e-05))
4.05          	((1.603246e-02 1.446313e-02 -1.017278e+01) (-2.504858e-04 1.555360e-04 -4.575825e-02)) ((2.750690e-03 5.987779e-02 -6.227535e-03) (-8.428014e-05 3.837194e-04 7.788929e-05))
4.06          	((1.694942e-02 1.371586e-02 -9.404867e+00) (-2.234352e-04 1.453250e-04 -4.579047e-02)) ((2.407181e-03 5.329224e-02 -6.348718e-03) (-8.361476e-05 3.920673e-04 8.163767e-05))
4.07          	((1.826721e-02 1.285873e-02 -8.614976e+00) (-1.952828e-04 1.346728e-04 -4.573041e-02)) ((1.855227e-03 4.638737e-02 -6.220066e-03) (-8.252858e-05 3.998078e-04 8.517273e-05))
4.08          	((2.019853e-02 1.015133e-02 -7.804935e+00) (-1.675779e-04 1.244870e-04 -4.557776e-02)) ((1.689465e-03 3.944418e-02 -6.257832e-03) (-8.099161e-05 4.071005e-04 8.864025e-05))
4.09          	((2.170622e-02 9.798314e-03 -6.975167e+00) (-1.397639e-04 1.148613e-04 -4.533211e-02)) ((1.593062e-03 3.248155e-02 -6.345091e-03) (-7.918820e-05 4.139215e-04 9.193879e-05))
4.1           	((2.295041e-02 8.779889e-03 -6.129076e+00) (-1.100146e-04 1.051744e-04 -4.499579e-02)) ((1.214267e-03 2.563424e-02 -6.309694e-03) (-7.723029e-05 4.198916e-04 9.501369e-05))
4.11          	((2.482182e-02 8.023284e-03 -5.270588e+00) (-8.023183e-05 9.708448e-05 -4.456886e-02)) ((8.794137e-04 1.893447e-02 -6.234668e-03) (-7.498294e-05 4.251292e-04 9.805549e-05))
4.12          	((2.618768e-02 7.810928e-03 -4.397034e+00) (-5.214558e-05 8.995584e-05 -4.405297e-02)) ((8.293819e-04 1.214360e-02 -6.081026e-03) (-7.252326e-05 4.294157e-04 1.008328e-04))
4.13          	((2.754172e-02 6.711921e-03 -3.512066e+00) (-2.545839e-05 8.461692e-05 -4.345067e-02)) ((5.777590e-04 4.996965e-03 -6.221644e-03) (-7.004306e-05 4.328623e-04 1.032080e-04))
4.14          	((2.764823e-02 4.886610e-03 -2.616723e+00) (9.919200e-07 8.047880e-05 -4.276377e-02)) ((5.847180e-04 -1.966470e-03 -5.983218e-03) (-6.753498e-05 4.352364e-04 1.051914e-04))
4.15          	((2.863491e-02 5.042996e-03 -1.715368e+00) (2.543826e-05 7.801960e-05 -4.199462e-02)) ((4.459205e-04 -8.780380e-03 -5.644809e-03) (-6.541707e-05 4.365400e-04 1.065587e-04))
4.16          	((2.916513e-02 3.444165e-03 -8.061447e-01) (4.878784e-05 7.718466e-05 -4.114606e-02)) ((3.928400e-04 -1.576751e-02 -5.444467e-03) (-6.356706e-05 4.367320e-04 1.072922e-04))
4.17          	((2.953028e-02 1.793648e-03 1.077713e-01) (7.032719e-05 7.801568e-05 -4.021890e-02)) ((4.135977e-04 -2.263142e-02 -5.326986e-03) (-6.149198e-05 4.360197e-04 1.079164e-04))
4.18          	((2.904121e-02 3.087816e-04 1.024254e+00) (9.111655e-05 7.903292e-05 -3.921679e-02)) ((2.804281e-04 -2.939824e-02 -4.929948e-03) (-5.928628e-05 4.342121e-04 1.083763e-04))
4.19          	((2.893435e-02 -7.620213e-04 1.942122e+00) (1.095942e-04 8.124980e-05 -3.814240e-02)) ((2.628693e-04 -3.604008e-02 -4.471223e-03) (-5.753399e-05 4.313078e-04 1.084920e-04))
4.2           	((2.696764e-02 -1.550594e-03 2.853074e+00) (1.282845e-04 8.375161e-05 -3.700024e-02)) ((1.341790e-04 -4.259625e-02 -4.314197e-03) (-5.600635e-05 4.273295e-04 1.085309e-04))
4.21          	((2.705734e-02 -2.759344e-03 3.756577e+00) (1.453849e-04 8.669862e-05 -3.579181e-02)) ((-1.373548e-04 -4.936540e-02 -4.029156e-03) (-5.427221e-05 4.223197e-04 1.083474e-04))
4.22          	((2.647023e-02 -3.410419e-03 4.650601e+00) (1.613144e-04 8.901615e-05 -3.452297e-02)) ((-3.205593e-04 -5.584535e-02 -3.384712e-03) (-5.213513e-05 4.162394e-04 1.075392e-04))
4.23          	((2.536106e-02 -2.048373e-03 5.532699e+00) (1.767052e-04 9.012940e-05 -3.319717e-02)) ((-5.384455e-04 -6.222545e-02 -3.151181e-03) (-4.997061e-05 4.090846e-04 1.063148e-04))
4.24          	((2.282022e-02 -2.672218e-03 6.399484e+00) (1.884605e-04 8.905388e-05 -3.181566e-02)) ((-3.794198e-04 -6.835306e-02 -2.762121e-03) (-4.771956e-05 4.006443e-04 1.047807e-04))
4.25          	((2.046239e-02 -2.663883e-03 7.252689e+00) (1.984966e-04 8.710382e-05 -3.038434e-02)) ((-5.796764e-04 -7.459473e-02 -2.416719e-03) (-4.543390e-05 3.911224e-04 1.031980e-04))
4.26          	((1.872048e-02 -2.749201e-03 8.088644e+00) (2.075098e-04 8.395401e-05 -2.890743e-02)) ((-9.271589e-04 -8.090603e-02 -2.039845e-03) (-4.288602e-05 3.806599e-04 1.015220e-04))
4.27          	((1.671613e-02 -3.148854e-03 8.908933e+00) (2.143194e-04 8.058658e-05 -2.738664e-02)) ((-9.923031e-04 -8.710276e-02 -1.711932e-03) (-4.027647e-05 3.691395e-04 9.975986e-05))
4.28          	((1.479791e-02 -3.006500e-03 9.710603e+00) (2.194615e-04 7.704258e-05 -2.582485e-02)) ((-9.700537e-04 -9.309549e-02 -1.315699e-03) (-3.748057e-05 3.568835e-04 9.780441e-05))
4.29          	((1.264759e-02 -3.256050e-03 1.049470e+01) (2.236296e-04 7.426432e-05 -2.422714e-02)) ((-1.288386e-03 -9.915196e-02 -7.668953e-04) (-3.460144e-05 3.439353e-04 9.578640e-05))
4.3           	((1.047030e-02 -3.368852e-03 1.125258e+01) (2.256380e-04 7.009946e-05 -2.259562e-02)) ((-1.373907e-03 -1.048835e-01 -4.591236e-04) (-3.148943e-05 3.302485e-04 9.354941e-05))
4.31          	((7.884387e-03 -3.925917e-03 1.198906e+01) (2.255916e-04 6.525033e-05 -2.093420e-02)) ((-1.381018e-03 -1.103917e-01 1.490031e-04) (-2.828690e-05 3.158824e-04 9.086135e-05))
4.32          	((3.930314e-03 -3.913056e-03 1.269804e+01) (2.238077e-04 5.971214e-05 -1.924690e-02)) ((-1.561446e-03 -1.160007e-01 9.150711e-04) (-2.506308e-05 3.010108e-04 8.808008e-05))
4.33          	((1.747476e-03 -4.942923e-03 1.337809e+01) (2.208294e-04 5.555175e-05 -1.753661e-02)) ((-1.426633e-03 -1.216592e-01 1.390477e-03) (-2.189272e-05 2.857062e-04 8.561678e-05))
4.34          	((5.310958e-04 -4.606046e-03 1.402390e+01) (2.159020e-04 5.011743e-05 -1.580654e-02)) ((-1.854573e-03 -1.266894e-01 1.642036e-03) (-1.865460e-05 2.700059e-04 8.334424e-05))
4.35          	((-4.371784e-03 -6.193052e-03 1.464087e+01) (2.091755e-04 4.445273e-05 -1.405877e-02)) ((-1.890974e-03 -1.310604e-01 1.892297e-03) (-1.536202e-05 2.538965e-04 8.071979e-05))
4.36          	((-7.314604e-03 -4.875699e-03 1.522941e+01) (1.997356e-04 3.872559e-05 -1.229466e-02)) ((-2.157625e-03 -1.353772e-01 2.190733e-03) (-1.219359e-05 2.375495e-04 7.811884e-05))
4.37          	((-9.939523e-03 -7.173819e-03 1.578560e+01) (1.873209e-04 3.293504e-05 -1.051905e-02)) ((-2.595515e-03 -1.399415e-01 2.646174e-03) (-9.336530e-06 2.209435e-04 7.561601e-05))
4.38          	((-1.121563e-02 -8.531218e-03 1.631938e+01) (1.731837e-04 2.757585e-05 -8.736295e-03)) ((-3.050667e-03 -1.444345e-01 3.023265e-03) (-6.741378e-06 2.042855e-04 7.316873e-05))
4.39          	((-1.281904e-02 -8.497793e-03 1.681637e+01) (1.571128e-04 2.161789e-05 -6.948780e-03)) ((-2.939146e-03 -1.483944e-01 3.189619e-03) (-4.193775e-06 1.877085e-04 7.050641e-05))
4.4           	((-1.676998e-02 -9.465705e-03 1.727430e+01) (1.391277e-04 1.828001e-05 -5.159776e-03)) ((-3.018364e-03 -1.522559e-01 3.286916e-03) (-1.916981e-06 1.713488e-04 6.777883e-05))
4.41          	((-2.004638e-02 -9.606585e-03 1.769423e+01) (1.195824e-04 1.484430e-05 -3.372448e-03)) ((-2.638511e-03 -1.557978e-01 3.538080e-03) (1.916930e-07 1.550414e-04 6.513192e-05))
4.42          	((-2.399142e-02 -8.843106e-03 1.809988e+01) (9.764412e-05 1.047185e-05 -1.588415e-03)) ((-3.146648e-03 -1.589418e-01 3.643299e-03) (2.123084e-06 1.388068e-04 6.236180e-05))
4.43          	((-2.946460e-02 -9.907399e-03 1.846557e+01) (7.407933e-05 5.225629e-06 1.900325e-04)) ((-2.400602e-03 -1.622427e-01 3.978542e-03) (3.747177e-06 1.227541e-04 5.968927e-05))
4.44          	((-3.351420e-02 -6.471008e-03 1.879238e+01) (5.059289e-05 1.834867e-07 1.958697e-03)) ((-3.203691e-03 -1.647520e-01 3.563097e-03) (5.407553e-06 1.070798e-04 5.728101e-05))
4.45          	((-3.649492e-02 -5.938243e-03 1.909184e+01) (2.621609e-05 -6.899115e-06 3.718106e-03)) ((-4.751860e-03 -1.667384e-01 4.084916e-03) (7.001147e-06 9.192098e-05 5.489668e-05))
4.46          	((-4.056386e-02 -7.928286e-03 1.936796e+01) (1.681653e-06 -1.281732e-05 5.465327e-03)) ((-4.279034e-03 -1.683979e-01 4.673974e-03) (8.626678e-06 7.682130e-05 5.272912e-05))
4.47          	((-4.367409e-02 -5.057195e-03 1.959237e+01) (-2.216664e-05 -1.874691e-05 7.202019e-03)) ((-6.063807e-03 -1.705827e-01 4.467272e-03) (1.014180e-05 6.213784e-05 5.075901e-05))
4.48          	((-4.038029e-02 -5.521136e-03 1.977448e+01) (-5.137028e-05 -2.650444e-05 8.929454e-03)) ((-5.771477e-03 -1.716598e-01 4.895788e-03) (1.158473e-05 4.793417e-05 4.904041e-05))
4.49          	((-4.278608e-02 -5.280679e-03 1.991440e+01) (-8.683031e-05 -3.356623e-05 1.064324e-02)) ((-5.582689e-03 -1.716755e-01 5.272072e-03) (1.322362e-05 3.332666e-05 4.702763e-05))
4.5           	((-4.822725e-02 -4.890621e-03 2.005221e+01) (-1.265020e-04 -4.145251e-05 1.234306e-02)) ((-6.963103e-03 -1.724583e-01 5.230857e-03) (1.466053e-05 1.788606e-05 4.521612e-05))
4.51          	((-4.569866e-02 -3.032843e-03 2.024865e+01) (-1.669781e-04 -4.892960e-05 1.403414e-02)) ((-6.776572e-03 -1.727506e-01 5.550390e-03) (1.592113e-05 2.694723e-06 4.380494e-05))
4.52          	((-5.022507e-02 -7.053598e-03 2.003980e+01) (-2.073611e-04 -5.627573e-05 1.568730e-02)) ((-6.050795e-03 -1.705883e-01 4.812552e-03) (1.727801e-05 -1.212326e-05 4.269044e-05))
4.53          	((-5.132750e-02 -4.752919e-03 2.033368e+01) (-2.480056e-04 -6.154058e-05 1.732722e-02)) ((-5.972289e-03 -1.735155e-01 4.984695e-03) (1.868964e-05 -2.688106e-05 4.162194e-05))
4.54          	((-4.660991e-02 -2.955690e-03 2.038090e+01) (-2.881706e-04 -6.644948e-05 1.895117e-02)) ((-6.284524e-03 -1.734315e-01 5.226189e-03) (2.031783e-05 -4.158990e-05 4.072834e-05))
4.55          	((-5.024468e-02 -3.735520e-03 2.035797e+01) (-3.303174e-04 -7.198276e-05 2.055390e-02)) ((-6.227892e-03 -1.715109e-01 4.939958e-03) (2.180618e-05 -5.649350e-05 4.020790e-05))
4.56          	((-4.995230e-02 -3.462377e-03 2.032085e+01) (-3.751453e-04 -7.855793e-05 2.213162e-02)) ((-6.263660e-03 -1.704891e-01 5.192530e-03) (2.368744e-05 -7.189027e-05 3.995280e-05))
4.57          	((-4.683369e-02 -6.411702e-03 2.024273e+01) (-4.216226e-04 -8.258287e-05 2.368382e-02)) ((-6.026219e-03 -1.692971e-01 4.990754e-03) (2.524359e-05 -8.759492e-05 3.985335e-05))
4.58          	((-4.469208e-02 -8.354226e-03 2.014221e+01) (-4.685225e-04 -8.496994e-05 2.521065e-02)) ((-5.857000e-03 -1.674743e-01 5.043158e-03) (2.696379e-05 -1.037359e-04 4.005276e-05))
4.59          	((-4.356479e-02 -7.597752e-03 2.001249e+01) (-5.179637e-04 -8.669203e-05 2.670612e-02)) ((-6.029613e-03 -1.653492e-01 4.873422e-03) (2.874423e-05 -1.202858e-04 4.037308e-05))
4.6           	((-4.162054e-02 -8.541333e-03 1.985219e+01) (-5.700360e-04 -8.819148e-05 2.816983e-02)) ((-5.886766e-03 -1.631707e-01 4.662635e-03) (3.041951e-05 -1.373543e-04 4.105784e-05))
4.61          	((-3.878552e-02 -9.370705e-03 1.965719e+01) (-6.230205e-04 -8.845085e-05 2.959728e-02)) ((-5.787585e-03 -1.605931e-01 4.709785e-03) (3.225244e-05 -1.551158e-04 4.198736e-05))
4.62          	((-3.460291e-02 -1.034049e-02 1.943508e+01) (-6.774323e-04 -8.662659e-05 3.098327e-02)) ((-5.603475e-03 -1.577862e-01 4.402493e-03) (3.409852e-05 -1.730840e-04 4.279946e-05))
4.63          	((-3.203997e-02 -1.113919e-02 1.918615e+01) (-7.332724e-04 -8.352579e-05 3.232541e-02)) ((-5.376659e-03 -1.546938e-01 4.343110e-03) (3.553850e-05 -1.916387e-04 4.395438e-05))
4.64          	((-2.932202e-02 -1.034006e-02 1.890693e+01) (-7.911632e-04 -7.980118e-05 3.361762e-02)) ((-5.442343e-03 -1.513031e-01 4.445667e-03) (3.645897e-05 -2.105529e-04 4.481508e-05))
4.65          	((-2.676004e-02 -1.049533e-02 1.859638e+01) (-8.513563e-04 -7.587075e-05 3.485805e-02)) ((-5.297857e-03 -1.478617e-01 4.524527e-03) (3.723598e-05 -2.296379e-04 4.544793e-05))
4.66          	((-2.344975e-02 -1.110775e-02 1.825279e+01) (-9.114529e-04 -7.313893e-05 3.604305e-02)) ((-5.411078e-03 -1.438271e-01 4.539914e-03) (3.818786e-05 -2.492650e-04 4.597284e-05))
4.67          	((-2.025438e-02 -1.250516e-02 1.787975e+01) (-9.701845e-04 -7.067529e-05 3.716698e-02)) ((-5.280879e-03 -1.396937e-01 4.512159e-03) (3.932635e-05 -2.693332e-04 4.612596e-05))
4.68          	((-1.662762e-02 -1.504299e-02 1.747559e+01) (-1.028355e-03 -6.895498e-05 3.822820e-02)) ((-5.175298e-03 -1.352901e-01 4.295737e-03) (4.019855e-05 -2.895292e-04 4.612110e-05))
4.69          	((-1.374641e-02 -1.465192e-02 1.704023e+01) (-1.086408e-03 -6.747616e-05 3.921921e-02)) ((-5.238113e-03 -1.305392e-01 4.333522e-03) (4.088411e-05 -3.096551e-04 4.598649e-05))
4.7           	((-1.196815e-02 -1.499810e-02 1.657193e+01) (-1.143122e-03 -6.598564e-05 4.013559e-02)) ((-5.246629e-03 -1.256626e-01 4.113659e-03) (4.123188e-05 -3.295193e-04 4.550105e-05))
4.71          	((-1.068732e-02 -1.502180e-02 1.607103e+01) (-1.199146e-03 -6.488948e-05 4.097497e-02)) ((-5.190841e-03 -1.205861e-01 3.949476e-03) (4.137963e-05 -3.488098e-04 4.479954e-05))
4.72          	((-9.849153e-03 -1.621488e-02 1.554062e+01) (-1.253394e-03 -6.346949e-05 4.173151e-02)) ((-5.307111e-03 -1.151126e-01 3.783458e-03) (4.156718e-05 -3.675382e-04 4.400596e-05))
4.73          	((-9.389397e-03 -1.658802e-02 1.498039e+01) (-1.305241e-03 -6.192705e-05 4.240468e-02)) ((-5.064258e-03 -1.095864e-01 3.643825e-03) (4.134492e-05 -3.856443e-04 4.296049e-05))
4.74          	((-8.871581e-03 -1.746410e-02 1.439074e+01) (-1.354305e-03 -5.902245e-05 4.299072e-02)) ((-5.108989e-03 -1.039447e-01 3.678915e-03) (4.092672e-05 -4.031864e-04 4.161656e-05))
4.75          	((-8.728230e-03 -1.881853e-02 1.377146e+01) (-1.402166e-03 -5.536270e-05 4.348694e-02)) ((-5.166837e-03 -9.791180e-02 3.548953e-03) (4.013683e-05 -4.199524e-04 3.997252e-05))
4.76          	((-8.568568e-03 -1.891263e-02 1.312591e+01) (-1.446163e-03 -5.074666e-05 4.388984e-02)) ((-5.062906e-03 -9.164332e-02 3.434738e-03) (3.929393e-05 -4.360414e-04 3.793638e-05))
4.77          	((-7.705778e-03 -1.887516e-02 1.244856e+01) (-1.486984e-03 -4.714555e-05 4.419786e-02)) ((-5.162423e-03 -8.506429e-02 3.344387e-03) (3.888493e-05 -4.514641e-04 3.529837e-05))
4.78          	((-5.032912e-03 -1.817594e-02 1.174438e+01) (-1.526906e-03 -4.164482e-05 4.441116e-02)) ((-5.065107e-03 -7.832929e-02 3.236364e-03) (3.792478e-05 -4.660720e-04 3.249847e-05))
4.79          	((-3.950689e-03 -1.953572e-02 1.101186e+01) (-1.565199e-03 -3.499082e-05 4.453215e-02)) ((-4.975686e-03 -7.159630e-02 2.930981e-03) (3.636584e-05 -4.797757e-04 2.995439e-05))
4.8           	((-4.183817e-03 -1.968698e-02 1.025614e+01) (-1.599169e-03 -2.586845e-05 4.455773e-02)) ((-4.826788e-03 -6.492259e-02 2.665347e-03) (3.513838e-05 -4.926726e-04 2.759822e-05))
4.81          	((-3.847220e-03 -1.951865e-02 9.480490e+00) (-1.631293e-03 -1.506595e-05 4.449111e-02)) ((-4.594713e-03 -5.811685e-02 2.607030e-03) (3.409336e-05 -5.046308e-04 2.541161e-05))
4.82          	((-3.033458e-03 -1.758358e-02 8.682427e+00) (-1.662496e-03 -4.488193e-06 4.433273e-02)) ((-4.411822e-03 -5.126029e-02 2.461296e-03) (3.291314e-05 -5.159131e-04 2.317087e-05))
4.83          	((-2.271418e-03 -1.735941e-02 7.864571e+00) (-1.692804e-03 6.750289e-06 4.408267e-02)) ((-3.976551e-03 -4.431411e-02 2.434009e-03) (3.154525e-05 -5.261453e-04 2.064850e-05))
4.84          	((-1.113804e-03 -1.623700e-02 7.029477e+00) (-1.721733e-03 1.781801e-05 4.374320e-02)) ((-3.676803e-03 -3.713900e-02 2.362066e-03) (2.998823e-05 -5.353236e-04 1.810310e-05))
4.85          	((-2.270384e-04 -1.528644e-02 6.178518e+00) (-1.749178e-03 2.858882e-05 4.331940e-02)) ((-3.454359e-03 -3.000086e-02 2.366862e-03) (2.782434e-05 -5.432817e-04 1.592527e-05))
4.86          	((1.845526e-03 -1.513203e-02 5.306815e+00) (-1.773141e-03 3.972737e-05 4.280815e-02)) ((-3.010701e-03 -2.268921e-02 2.208845e-03) (2.612478e-05 -5.501439e-04 1.385101e-05))
4.87          	((2.576363e-03 -1.432881e-02 4.424700e+00) (-1.794349e-03 5.095224e-05 4.221323e-02)) ((-2.594453e-03 -1.534634e-02 1.822733e-03) (2.437734e-05 -5.561377e-04 1.180128e-05))
4.88          	((4.491122e-03 -1.371146e-02 3.532046e+00) (-1.812690e-03 6.137611e-05 4.153705e-02)) ((-2.118801e-03 -8.048189e-03 1.562670e-03) (2.255128e-05 -5.609304e-04 9.685849e-06))
4.89          	((6.304229e-03 -1.229644e-02 2.630100e+00) (-1.827485e-03 7.091479e-05 4.078341e-02)) ((-2.047910e-03 -5.641082e-04 1.382582e-03) (2.049046e-05 -5.644382e-04 7.900242e-06))
4.9           	((6.798770e-03 -1.104833e-02 1.723343e+00) (-1.839613e-03 8.058225e-05 3.995405e-02)) ((-1.918702e-03 6.691027e-03 1.276438e-03) (1.819493e-05 -5.666954e-04 5.871141e-06))
4.91          	((6.698323e-03 -1.050997e-02 8.099531e-01) (-1.847749e-03 9.028842e-05 3.905478e-02)) ((-1.663046e-03 1.392718e-02 1.036337e-03) (1.546758e-05 -5.673460e-04 4.040199e-06))
4.92          	((7.956493e-03 -1.001753e-02 -1.095984e-01) (-1.849685e-03 9.995898e-05 3.808465e-02)) ((-1.443276e-03 2.147605e-02 8.653114e-04) (1.328777e-05 -5.667057e-04 2.376226e-06))
4.93          	((9.104709e-03 -9.950559e-03 -1.029325e+00) (-1.847396e-03 1.092778e-04 3.704784e-02)) ((-1.111754e-03 2.878248e-02 6.428358e-04) (1.116856e-05 -5.646193e-04 9.148518e-07))
4.94          	((1.060139e-02 -8.808440e-03 -1.946253e+00) (-1.839826e-03 1.185994e-04 3.594770e-02)) ((-8.069118e-04 3.615539e-02 3.416387e-04) (9.053742e-06 -5.610575e-04 -4.017421e-07))
4.95          	((1.211160e-02 -7.248248e-03 -2.859975e+00) (-1.828951e-03 1.280201e-04 3.478722e-02)) ((-5.396705e-04 4.345290e-02 1.113579e-04) (6.797602e-06 -5.561321e-04 -1.576592e-06))
4.96          	((1.352655e-02 -5.809039e-03 -3.766992e+00) (-1.815784e-03 1.375742e-04 3.357050e-02)) ((-1.569797e-04 5.081525e-02 1.745466e-05) (4.492148e-06 -5.499575e-04 -2.581762e-06))
4.97          	((1.556112e-02 -6.388815e-03 -4.664031e+00) (-1.798202e-03 1.470333e-04 3.229919e-02)) ((1.181538e-04 5.809311e-02 -1.771235e-06) (2.408368e-06 -5.425594e-04 -3.329056e-06))
4.98          	((1.760688e-02 -6.305136e-03 -5.549448e+00) (-1.777083e-03 1.552556e-04 3.097650e-02)) ((4.867723e-04 6.524685e-02 2.420072e-05) (5.840910e-07 -5.341018e-04 -4.179664e-06))
4.99          	((1.904639e-02 -5.919459e-03 -6.418982e+00) (-1.753195e-03 1.631647e-04 2.960836e-02)) ((7.639714e-04 7.251125e-02 -1.162439e-04) (-1.468097e-06 -5.241952e-04 -5.055133e-06))
5             	((2.145211e-02 -4.009059e-03 -7.274476e+00) (-1.725249e-03 1.701247e-04 2.819675e-02)) ((9.629978e-04 7.953302e-02 -5.845446e-05) (-3.152828e-06 -5.131985e-04 -5.719778e-06))
5.01          	((2.319499e-02 -4.596815e-03 -8.117573e+00) (-1.694391e-03 1.759978e-04 2.674634e-02)) ((1.206178e-03 8.615712e-02 1.294639e-04) (-4.657918e-06 -5.009175e-04 -6.517814e-06))
5.02          	((2.419154e-02 -3.960353e-03 -8.942184e+00) (-1.661188e-03 1.787978e-04 2.526045e-02)) ((1.193079e-03 9.287077e-02 1.135751e-04) (-5.967866e-06 -4.874122e-04 -7.286969e-06))
5.03          	((2.609383e-02 -3.432511e-03 -9.746124e+00) (-1.626676e-03 1.824317e-04 2.374124e-02)) ((1.246689e-03 9.940807e-02 3.802066e-04) (-7.168993e-06 -4.728890e-04 -7.995085e-06))
5.04          	((2.639159e-02 -2.018490e-03 -1.053165e+01) (-1.589630e-03 1.853653e-04 2.219296e-02)) ((1.503847e-03 1.055971e-01 5.106505e-04) (-8.180909e-06 -4.574943e-04 -8.821730e-06))
5.05          	((2.731709e-02 1.761919e-06 -1.129007e+01) (-1.551086e-03 1.876576e-04 2.061719e-02)) ((1.747796e-03 1.114584e-01 5.515124e-04) (-8.931726e-06 -4.414054e-04 -9.567287e-06))
5.06          	((2.878557e-02 4.284175e-04 -1.202411e+01) (-1.511059e-03 1.891861e-04 1.901716e-02)) ((1.715957e-03 1.173872e-01 3.199811e-04) (-9.470030e-06 -4.246582e-04 -1.035698e-05))
5.07          	((3.087457e-02 -6.920530e-04 -1.273488e+01) (-1.471214e-03 1.913576e-04 1.739485e-02)) ((1.863528e-03 1.230366e-01 3.733716e-04) (-1.011055e-05 -4.072106e-04 -1.093993e-05))
5.08          	((3.248687e-02 4.604902e-04 -1.341642e+01) (-1.429922e-03 1.936539e-04 1.575245e-02)) ((2.071727e-03 1.283124e-01 4.741654e-04) (-1.062039e-05 -3.892668e-04 -1.120159e-05))
5.09          	((3.345462e-02 1.021627e-03 -1.406797e+01) (-1.386262e-03 1.953706e-04 1.409310e-02)) ((2.348156e-03 1.331755e-01 7.158345e-04) (-1.103394e-05 -3.707251e-04 -1.150000e-05))
5.1           	((3.544232e-02 4.562566e-03 -1.469364e+01) (-1.340168e-03 1.986859e-04 1.241889e-02)) ((2.103295e-03 1.380313e-01 7.842476e-04) (-1.125044e-05 -3.517441e-04 -1.184599e-05))
5.11          	((3.476615e-02 8.731582e-03 -1.528840e+01) (-1.292685e-03 2.037160e-04 1.073101e-02)) ((2.078244e-03 1.427857e-01 9.075900e-04) (-1.118915e-05 -3.322274e-04 -1.230313e-05))
5.12          	((3.614257e-02 6.880541e-03 -1.584623e+01) (-1.244955e-03 2.082580e-04 9.032095e-03)) ((2.249594e-03 1.471328e-01 8.842322e-04) (-1.104803e-05 -3.125176e-04 -1.269046e-05))
5.13          	((3.688172e-02 5.390703e-03 -1.637450e+01) (-1.195251e-03 2.115686e-04 7.324819e-03)) ((2.203556e-03 1.508437e-01 5.569446e-04) (-1.096921e-05 -2.924299e-04 -1.270159e-05))
5.14          	((3.717424e-02 9.524692e-03 -1.686565e+01) (-1.144883e-03 2.126357e-04 5.612795e-03)) ((1.983792e-03 1.547863e-01 9.992419e-04) (-1.091056e-05 -2.720778e-04 -1.285215e-05))
5.15          	((3.822503e-02 1.301243e-02 -1.733369e+01) (-1.093940e-03 2.132057e-04 3.897520e-03)) ((1.645566e-03 1.580100e-01 1.447409e-03) (-1.105859e-05 -2.516187e-04 -1.304506e-05))
5.16          	((3.470356e-02 1.105184e-02 -1.775662e+01) (-1.043298e-03 2.134923e-04 2.183018e-03)) ((2.498807e-03 1.612976e-01 1.436422e-03) (-1.136489e-05 -2.310640e-04 -1.291984e-05))
5.17          	((3.382385e-02 1.216293e-02 -1.814937e+01) (-9.928947e-04 2.130324e-04 4.706616e-04)) ((2.513768e-03 1.642581e-01 1.582196e-03) (-1.177945e-05 -2.101418e-04 -1.307568e-05))
5.18          	((3.086002e-02 1.469760e-02 -1.851214e+01) (-9.432469e-04 2.139152e-04 -1.236765e-03)) ((2.242107e-03 1.671117e-01 1.430698e-03) (-1.235386e-05 -1.889641e-04 -1.274781e-05))
5.19          	((3.352614e-02 1.563517e-02 -1.885519e+01) (-8.928331e-04 2.146806e-04 -2.940505e-03)) ((2.311301e-03 1.698387e-01 1.217137e-03) (-1.280592e-05 -1.673485e-04 -1.247652e-05))
5.2           	((3.328529e-02 1.564454e-02 -1.914973e+01) (-8.440902e-04 2.167687e-04 -4.638715e-03)) ((2.433081e-03 1.711165e-01 8.380684e-04) (-1.352451e-05 -1.456357e-04 -1.163219e-05))
5.21          	((2.812309e-02 2.007668e-02 -1.938984e+01) (-8.001335e-04 2.185734e-04 -6.325099e-03)) ((3.214803e-03 1.721228e-01 5.873518e-04) (-1.477481e-05 -1.237585e-04 -1.045686e-05))
5.22          	((2.485055e-02 1.986178e-02 -1.960081e+01) (-7.571585e-04 2.210501e-04 -8.000476e-03)) ((2.940285e-03 1.739799e-01 1.392488e-04) (-1.623508e-05 -1.019031e-04 -8.928304e-06))
5.23          	((2.680896e-02 2.105822e-02 -1.977507e+01) (-7.160738e-04 2.248946e-04 -9.666346e-03)) ((3.907507e-03 1.747964e-01 3.399763e-04) (-1.783959e-05 -8.032235e-05 -7.148704e-06))
5.24          	((2.951497e-02 1.916325e-02 -1.994542e+01) (-6.752876e-04 2.297198e-04 -1.132263e-02)) ((3.721848e-03 1.751780e-01 2.619791e-04) (-2.005694e-05 -5.922936e-05 -5.059540e-06))
5.25          	((2.708433e-02 2.213095e-02 -2.010400e+01) (-6.372571e-04 2.351916e-04 -1.296919e-02)) ((2.934779e-03 1.758314e-01 1.140819e-04) (-2.230836e-05 -3.861701e-05 -2.759055e-06))
5.26          	((3.263065e-02 2.126177e-02 -2.036131e+01) (-6.022819e-04 2.378593e-04 -1.461174e-02)) ((4.372566e-03 1.776165e-01 6.822799e-05) (-2.457770e-05 -1.831957e-05 -5.581533e-07))
5.27          	((2.587274e-02 2.303552e-02 -2.001714e+01) (-5.703336e-04 2.404314e-04 -1.621201e-02)) ((3.620671e-03 1.708726e-01 -2.407211e-04) (-2.705791e-05 1.264307e-06 1.983748e-06))
5.28          	((3.540180e-02 2.532083e-02 -2.036563e+01) (-5.402761e-04 2.407519e-04 -1.780244e-02)) ((4.419823e-03 1.769686e-01 -5.428912e-04) (-2.939598e-05 2.061530e-05 5.079336e-06))
5.29          	((2.337190e-02 2.573363e-02 -2.041317e+01) (-5.146321e-04 2.430290e-04 -1.937870e-02)) ((4.654419e-03 1.738408e-01 -1.571769e-04) (-3.151389e-05 3.947674e-05 8.306568e-06))
5.3           	((2.264073e-02 2.670190e-02 -2.040153e+01) (-4.901767e-04 2.462982e-04 -2.093652e-02)) ((4.472415e-03 1.722434e-01 -5.365380e-04) (-3.440358e-05 5.776154e-05 1.163811e-05))
5.31          	((2.295158e-02 2.802725e-02 -2.034821e+01) (-4.680948e-04 2.484795e-04 -2.247390e-02)) ((4.638420e-03 1.710241e-01 -1.323294e-03) (-3.724214e-05 7.558485e-05 1.497806e-05))
5.32          	((2.072350e-02 2.870833e-02 -2.025148e+01) (-4.501504e-04 2.503641e-04 -2.398853e-02)) ((4.409709e-03 1.684400e-01 -1.299409e-03) (-3.997407e-05 9.308240e-05 1.860645e-05))
5.33          	((2.279851e-02 2.888251e-02 -2.013264e+01) (-4.347540e-04 2.528489e-04 -2.547909e-02)) ((4.412634e-03 1.657367e-01 -1.225452e-03) (-4.280072e-05 1.103480e-04 2.220270e-05))
5.34          	((1.987995e-02 2.745440e-02 -1.998585e+01) (-4.219148e-04 2.537101e-04 -2.694362e-02)) ((4.581498e-03 1.632517e-01 -1.243456e-03) (-4.571278e-05 1.272325e-04 2.542879e-05))
5.35          	((1.885425e-02 2.797603e-02 -1.982192e+01) (-4.106690e-04 2.531572e-04 -2.838253e-02)) ((4.776796e-03 1.606639e-01 -1.172722e-03) (-4.851241e-05 1.440980e-04 2.848222e-05))
5.36          	((1.885127e-02 2.986326e-02 -1.962424e+01) (-4.007795e-04 2.528373e-04 -2.978884e-02)) ((4.613013e-03 1.579201e-01 -1.739340e-03) (-5.108274e-05 1.609812e-04 3.118765e-05))
5.37          	((1.776276e-02 3.118437e-02 -1.938942e+01) (-3.945506e-04 2.516815e-04 -3.116069e-02)) ((4.489008e-03 1.543819e-01 -1.945184e-03) (-5.392130e-05 1.773940e-04 3.319611e-05))
5.38          	((1.568179e-02 3.073367e-02 -1.912786e+01) (-3.920075e-04 2.500375e-04 -3.249150e-02)) ((4.565609e-03 1.507275e-01 -2.159645e-03) (-5.653222e-05 1.933486e-04 3.474660e-05))
5.39          	((1.434999e-02 2.907130e-02 -1.883439e+01) (-3.927667e-04 2.481796e-04 -3.378341e-02)) ((4.656706e-03 1.470004e-01 -2.556971e-03) (-5.924471e-05 2.085008e-04 3.637289e-05))
5.4           	((1.407604e-02 2.866452e-02 -1.851325e+01) (-3.942727e-04 2.441228e-04 -3.502856e-02)) ((4.482497e-03 1.431946e-01 -2.982356e-03) (-6.151896e-05 2.230034e-04 3.823006e-05))
5.41          	((1.430186e-02 2.904964e-02 -1.815987e+01) (-3.962862e-04 2.382800e-04 -3.622419e-02)) ((4.475440e-03 1.390188e-01 -3.173486e-03) (-6.388388e-05 2.369596e-04 3.974323e-05))
5.42          	((1.337364e-02 2.900689e-02 -1.777715e+01) (-3.977732e-04 2.327376e-04 -3.736606e-02)) ((4.607009e-03 1.346705e-01 -3.360226e-03) (-6.600652e-05 2.499922e-04 4.137500e-05))
5.43          	((1.333643e-02 2.935082e-02 -1.736332e+01) (-3.987802e-04 2.268774e-04 -3.845076e-02)) ((4.608780e-03 1.301744e-01 -3.766996e-03) (-6.793997e-05 2.623574e-04 4.340066e-05))
5.44          	((1.265489e-02 2.706144e-02 -1.691819e+01) (-3.988508e-04 2.212209e-04 -3.947215e-02)) ((4.624571e-03 1.253387e-01 -4.009638e-03) (-7.018308e-05 2.741439e-04 4.528882e-05))
5.45          	((1.240598e-02 2.588793e-02 -1.644286e+01) (-3.974236e-04 2.161387e-04 -4.042704e-02)) ((4.392122e-03 1.203350e-01 -4.065273e-03) (-7.281957e-05 2.855301e-04 4.732566e-05))
5.46          	((1.229984e-02 2.600619e-02 -1.593894e+01) (-3.937829e-04 2.116897e-04 -4.131191e-02)) ((4.446222e-03 1.151356e-01 -4.301280e-03) (-7.537149e-05 2.966842e-04 4.911702e-05))
5.47          	((1.156904e-02 2.452803e-02 -1.540530e+01) (-3.893170e-04 2.070411e-04 -4.212030e-02)) ((4.517281e-03 1.095534e-01 -4.559391e-03) (-7.757451e-05 3.074451e-04 5.116855e-05))
5.48          	((1.063051e-02 2.260346e-02 -1.484352e+01) (-3.815153e-04 2.015500e-04 -4.285171e-02)) ((4.477471e-03 1.039039e-01 -4.877257e-03) (-7.961272e-05 3.178324e-04 5.343957e-05))
5.49          	((9.966433e-03 2.202424e-02 -1.425284e+01) (-3.695054e-04 1.961617e-04 -4.350383e-02)) ((4.217254e-03 9.818098e-02 -4.992993e-03) (-8.144403e-05 3.281112e-04 5.597440e-05))
5.5           	((1.067966e-02 2.126865e-02 -1.363451e+01) (-3.540084e-04 1.878939e-04 -4.407252e-02)) ((4.067914e-03 9.235604e-02 -5.228058e-03) (-8.293277e-05 3.381913e-04 5.865531e-05))
5.51          	((1.175858e-02 2.013504e-02 -1.298648e+01) (-3.352950e-04 1.789678e-04 -4.455499e-02)) ((3.578213e-03 8.625693e-02 -5.486696e-03) (-8.427811e-05 3.478540e-04 6.154685e-05))
5.52          	((1.262249e-02 1.998276e-02 -1.230992e+01) (-3.139534e-04 1.700341e-04 -4.495112e-02)) ((3.082501e-03 8.008024e-02 -5.553215e-03) (-8.566015e-05 3.573138e-04 6.425322e-05))
5.53          	((1.383768e-02 1.892238e-02 -1.161039e+01) (-2.920755e-04 1.604019e-04 -4.525702e-02)) ((2.867704e-03 7.360307e-02 -5.921737e-03) (-8.647014e-05 3.667440e-04 6.712127e-05))
5.54          	((1.462622e-02 1.753759e-02 -1.088778e+01) (-2.687059e-04 1.507628e-04 -4.547161e-02)) ((2.498653e-03 6.708375e-02 -6.109601e-03) (-8.650494e-05 3.760873e-04 7.064337e-05))
5.55          	((1.513033e-02 1.563345e-02 -1.014170e+01) (-2.445803e-04 1.410212e-04 -4.559254e-02)) ((2.353886e-03 6.064521e-02 -6.281666e-03) (-8.620839e-05 3.849256e-04 7.429972e-05))
5.56          	((1.562473e-02 1.460441e-02 -9.374076e+00) (-2.178087e-04 1.307976e-04 -4.562180e-02)) ((2.094034e-03 5.383812e-02 -6.334878e-03) (-8.551931e-05 3.934554e-04 7.787200e-05))
5.57          	((1.711582e-02 1.264908e-02 -8.588543e+00) (-1.900716e-04 1.200544e-04 -4.555834e-02)) ((1.620267e-03 4.711013e-02 -6.514238e-03) (-8.432199e-05 4.012886e-04 8.143724e-05))
5.58          	((1.800158e-02 1.152772e-02 -7.779841e+00) (-1.622772e-04 1.091787e-04 -4.540362e-02)) ((1.533162e-03 4.018483e-02 -6.567914e-03) (-8.261887e-05 4.087377e-04 8.497459e-05))
5.59          	((1.958595e-02 1.098063e-02 -6.952505e+00) (-1.343278e-04 9.882292e-05 -4.515638e-02)) ((1.326676e-03 3.330688e-02 -6.556258e-03) (-8.063010e-05 4.156339e-04 8.844111e-05))
5.6           	((2.101156e-02 9.992258e-03 -6.107838e+00) (-1.057969e-04 8.807759e-05 -4.481858e-02)) ((1.111177e-03 2.650774e-02 -6.529840e-03) (-7.837043e-05 4.217883e-04 9.154692e-05))
5.61          	((2.248568e-02 8.884561e-03 -5.249873e+00) (-7.815274e-05 7.926492e-05 -4.439137e-02)) ((6.991007e-04 1.971885e-02 -6.425912e-03) (-7.585113e-05 4.269420e-04 9.449839e-05))
5.62          	((2.407800e-02 8.655053e-03 -4.379917e+00) (-5.167133e-05 7.255787e-05 -4.387621e-02)) ((3.929509e-04 1.300865e-02 -6.435741e-03) (-7.326714e-05 4.312567e-04 9.726138e-05))
5.63          	((2.492027e-02 7.548102e-03 -3.496693e+00) (-2.667437e-05 6.695489e-05 -4.327549e-02)) ((4.392647e-04 5.928645e-03 -6.501514e-03) (-7.053229e-05 4.343373e-04 9.957491e-05))
5.64          	((2.571276e-02 5.985624e-03 -2.601684e+00) (-3.434740e-06 6.333310e-05 -4.259023e-02)) ((5.128919e-04 -1.114744e-03 -6.250058e-03) (-6.808959e-05 4.364527e-04 1.013898e-04))
5.65          	((2.704739e-02 4.570893e-03 -1.701480e+00) (1.856030e-05 6.072081e-05 -4.182497e-02)) ((4.424516e-04 -7.976597e-03 -6.077258e-03) (-6.574692e-05 4.377218e-04 1.028918e-04))
5.66          	((2.763733e-02 3.651831e-03 -7.955599e-01) (3.875825e-05 5.933211e-05 -4.097975e-02)) ((2.164224e-04 -1.492302e-02 -5.853294e-03) (-6.361960e-05 4.377054e-04 1.036881e-04))
5.67          	((2.776740e-02 2.316092e-03 1.164525e-01) (5.932833e-05 5.826409e-05 -4.005820e-02)) ((3.880155e-04 -2.182883e-02 -5.532298e-03) (-6.153324e-05 4.366804e-04 1.042078e-04))
5.68          	((2.759615e-02 6.851249e-04 1.032027e+00) (7.823227e-05 5.894919e-05 -3.906047e-02)) ((3.107097e-04 -2.855168e-02 -5.187816e-03) (-5.969012e-05 4.348066e-04 1.044075e-04))
5.69          	((2.745712e-02 -1.064889e-03 1.948445e+00) (9.485700e-05 6.101478e-05 -3.799072e-02)) ((2.846204e-04 -3.522072e-02 -4.874478e-03) (-5.795171e-05 4.318303e-04 1.043960e-04))
5.7           	((2.584809e-02 -2.500528e-03 2.858278e+00) (1.114439e-04 6.288536e-05 -3.685284e-02)) ((7.452200e-05 -4.173576e-02 -4.564896e-03) (-5.623497e-05 4.279897e-04 1.041044e-04))
5.71          	((2.536063e-02 -3.667335e-03 3.760900e+00) (1.270187e-04 6.533854e-05 -3.564994e-02)) ((-1.137908e-04 -4.846876e-02 -4.247020e-03) (-5.461409e-05 4.231127e-04 1.036759e-04))
5.72          	((2.506668e-02 -3.756601e-03 4.655260e+00) (1.423033e-04 6.765975e-05 -3.438516e-02)) ((-3.048301e-04 -5.504894e-02 -3.609362e-03) (-5.240511e-05 4.171124e-04 1.026030e-04))
5.73          	((2.382511e-02 -2.561643e-03 5.535728e+00) (1.558735e-04 6.883552e-05 -3.306313e-02)) ((-5.873263e-04 -6.142451e-02 -3.326305e-03) (-5.010449e-05 4.100578e-04 1.010461e-04))
5.74          	((2.168839e-02 -2.911101e-03 6.404820e+00) (1.666814e-04 6.836621e-05 -3.168875e-02)) ((-4.049341e-04 -6.763563e-02 -2.999847e-03) (-4.788386e-05 4.018426e-04 9.927615e-05))
5.75          	((1.951999e-02 -3.243245e-03 7.256137e+00) (1.746558e-04 6.713948e-05 -3.026318e-02)) ((-6.965435e-04 -7.392908e-02 -2.642746e-03) (-4.558798e-05 3.924238e-04 9.762630e-05))
5.76          	((1.733786e-02 -2.687662e-03 8.093154e+00) (1.805833e-04 6.470218e-05 -2.879114e-02)) ((-9.419969e-04 -8.024495e-02 -2.237731e-03) (-4.328854e-05 3.819020e-04 9.592813e-05))
5.77          	((1.563660e-02 -3.119063e-03 8.912104e+00) (1.854239e-04 6.131382e-05 -2.727562e-02)) ((-1.209748e-03 -8.658113e-02 -1.862540e-03) (-4.057322e-05 3.706979e-04 9.420824e-05))
5.78          	((1.286624e-02 -2.439418e-03 9.714136e+00) (1.877045e-04 5.756359e-05 -2.572037e-02)) ((-1.182768e-03 -9.228608e-02 -1.313252e-03) (-3.774281e-05 3.585992e-04 9.232983e-05))
5.79          	((1.103437e-02 -2.129876e-03 1.049587e+01) (1.886755e-04 5.551603e-05 -2.412867e-02)) ((-1.306233e-03 -9.844350e-02 -8.079073e-04) (-3.477085e-05 3.458787e-04 9.035413e-05))
5.8           	((1.040884e-02 -3.814649e-03 1.125678e+01) (1.885764e-04 5.298115e-05 -2.250383e-02)) ((-1.394984e-03 -1.041531e-01 -3.690523e-04) (-3.187198e-05 3.324420e-04 8.803809e-05))
5.81          	((7.288126e-03 -3.526037e-03 1.199111e+01) (1.872701e-04 4.895209e-05 -2.084964e-02)) ((-1.419164e-03 -1.096121e-01 1.415211e-04) (-2.875385e-05 3.183731e-04 8.535631e-05))
5.82          	((3.758978e-03 -4.413432e-03 1.270187e+01) (1.839147e-04 4.404144e-05 -1.916960e-02)) ((-1.812729e-03 -1.153591e-01 7.919536e-04) (-2.533547e-05 3.036631e-04 8.271937e-05))
5.83          	((1.843501e-03 -6.459405e-03 1.338153e+01) (1.786476e-04 4.025364e-05 -1.746661e-02)) ((-1.755017e-03 -1.208946e-01 1.329273e-03) (-2.211257e-05 2.884719e-04 8.013310e-05))
5.84          	((7.209657e-04 -7.064454e-03 1.402891e+01) (1.714278e-04 3.607835e-05 -1.574441e-02)) ((-1.696669e-03 -1.261244e-01 1.699149e-03) (-1.885133e-05 2.729034e-04 7.782165e-05))
5.85          	((-3.773590e-03 -6.708637e-03 1.464374e+01) (1.625712e-04 3.140305e-05 -1.400465e-02)) ((-1.981661e-03 -1.305411e-01 2.096560e-03) (-1.534963e-05 2.569076e-04 7.539979e-05))
5.86          	((-6.700292e-03 -6.668981e-03 1.523239e+01) (1.523324e-04 2.619670e-05 -1.224876e-02)) ((-1.931117e-03 -1.349101e-01 2.501464e-03) (-1.211808e-05 2.406663e-04 7.288271e-05))
5.87          	((-9.030909e-03 -6.233252e-03 1.578764e+01) (1.398125e-04 2.105117e-05 -1.048190e-02)) ((-2.462800e-03 -1.391420e-01 2.773012e-03) (-9.201955e-06 2.241467e-04 7.038987e-05))
5.88          	((-1.189550e-02 -7.912678e-03 1.631807e+01) (1.246407e-04 1.538693e-05 -8.708216e-03)) ((-3.251688e-03 -1.437996e-01 3.099827e-03) (-6.528839e-06 2.076802e-04 6.786705e-05))
5.89          	((-1.405584e-02 -7.936759e-03 1.681800e+01) (1.082468e-04 9.125795e-06 -6.929376e-03)) ((-3.377728e-03 -1.478043e-01 3.112770e-03) (-3.752837e-06 1.913010e-04 6.513528e-05))
5.9           	((-1.653414e-02 -9.707868e-03 1.727158e+01) (8.831874e-05 6.577255e-06 -5.149036e-03)) ((-2.940517e-03 -1.515492e-01 3.517138e-03) (-1.314147e-06 1.750012e-04 6.221697e-05))
5.91          	((-1.997925e-02 -8.093692e-03 1.769842e+01) (6.798454e-05 3.115013e-06 -3.371342e-03)) ((-2.554895e-03 -1.552659e-01 3.765893e-03) (1.054851e-06 1.589558e-04 5.919054e-05))
5.92          	((-2.370420e-02 -9.072554e-03 1.810080e+01) (4.580194e-05 -2.392356e-06 -1.597226e-03)) ((-2.995367e-03 -1.585327e-01 3.990356e-03) (3.030075e-06 1.431451e-04 5.632637e-05))
5.93          	((-2.956818e-02 -9.788181e-03 1.846473e+01) (2.152162e-05 -6.443896e-06 1.722532e-04)) ((-3.026384e-03 -1.618588e-01 3.986634e-03) (4.543741e-06 1.272904e-04 5.360330e-05))
5.94          	((-3.363774e-02 -8.878512e-03 1.879346e+01) (-2.089387e-06 -1.143504e-05 1.932787e-03)) ((-3.525159e-03 -1.640835e-01 3.808186e-03) (6.193196e-06 1.117873e-04 5.124322e-05))
5.95          	((-3.623985e-02 -6.195129e-03 1.909144e+01) (-2.674695e-05 -1.804205e-05 3.683719e-03)) ((-4.577027e-03 -1.659647e-01 4.249676e-03) (7.985928e-06 9.672612e-05 4.885056e-05))
5.96          	((-3.875474e-02 -4.583151e-03 1.936729e+01) (-5.124787e-05 -2.495458e-05 5.422703e-03)) ((-4.845627e-03 -1.680526e-01 4.607679e-03) (9.642954e-06 8.174772e-05 4.668346e-05))
5.97          	((-3.978152e-02 -7.440277e-03 1.959125e+01) (-7.667342e-05 -2.961216e-05 7.151944e-03)) ((-6.390093e-03 -1.700121e-01 4.961403e-03) (1.108036e-05 6.738326e-05 4.457553e-05))
5.98          	((-3.914447e-02 -8.816456e-03 1.977637e+01) (-1.068315e-04 -3.569769e-05 8.870946e-03)) ((-5.558075e-03 -1.709536e-01 4.763453e-03) (1.270606e-05 5.339460e-05 4.258385e-05))
5.99          	((-4.380676e-02 -6.768363e-03 1.991050e+01) (-1.415888e-04 -4.320012e-05 1.057649e-02)) ((-5.864034e-03 -1.712534e-01 5.261842e-03) (1.429903e-05 3.901110e-05 4.060261e-05))
6             	((-4.818513e-02 -5.718511e-03 2.006900e+01) (-1.808266e-04 -5.077719e-05 1.227098e-02)) ((-6.164532e-03 -1.721581e-01 5.186785e-03) (1.583754e-05 2.384893e-05 3.897049e-05))
6.01          	((-4.229808e-02 -4.948466e-04 2.022480e+01) (-2.202468e-04 -5.785095e-05 1.395392e-02)) ((-7.111339e-03 -1.717174e-01 5.708663e-03) (1.734186e-05 8.845338e-06 3.758046e-05))
6.02          	((-5.433033e-02 -3.461869e-03 2.003197e+01) (-2.621383e-04 -6.452487e-05 1.559904e-02)) ((-6.447329e-03 -1.698915e-01 5.349351e-03) (1.872578e-05 -5.691947e-06 3.636227e-05))
6.03          	((-4.995294e-02 -6.833829e-03 2.031188e+01) (-3.034024e-04 -7.063046e-05 1.723045e-02)) ((-6.033532e-03 -1.732232e-01 4.961593e-03) (1.991377e-05 -2.025258e-05 3.554724e-05))
6.04          	((-4.525425e-02 -6.406405e-03 2.036994e+01) (-3.448836e-04 -7.575995e-05 1.884481e-02)) ((-6.192194e-03 -1.729279e-01 5.310755e-03) (2.152312e-05 -3.483851e-05 3.491084e-05))
6.05          	((-4.991137e-02 -5.760789e-03 2.035947e+01) (-3.872243e-04 -8.043884e-05 2.043653e-02)) ((-6.055157e-03 -1.711335e-01 5.221858e-03) (2.311432e-05 -4.970522e-05 3.446743e-05))
6.06          	((-4.727110e-02 -4.288143e-03 2.031288e+01) (-4.312610e-04 -8.610404e-05 2.200616e-02)) ((-5.907405e-03 -1.699693e-01 5.318880e-03) (2.496646e-05 -6.496042e-05 3.444269e-05))
6.07          	((-4.808243e-02 -6.149022e-03 2.023764e+01) (-4.780038e-04 -8.955918e-05 2.355095e-02)) ((-6.043266e-03 -1.687179e-01 5.044203e-03) (2.653484e-05 -8.045611e-05 3.435911e-05))
6.08          	((-4.555956e-02 -6.513236e-03 2.013791e+01) (-5.265475e-04 -9.141468e-05 2.506920e-02)) ((-6.104189e-03 -1.671497e-01 5.146123e-03) (2.815031e-05 -9.630685e-05 3.451666e-05))
6.09          	((-4.298823e-02 -8.778893e-03 2.000752e+01) (-5.761516e-04 -9.225872e-05 2.655828e-02)) ((-5.982200e-03 -1.648833e-01 5.166712e-03) (3.005686e-05 -1.125992e-04 3.501662e-05))
6.1           	((-4.036582e-02 -1.109304e-02 1.984386e+01) (-6.272113e-04 -9.225683e-05 2.801523e-02)) ((-5.670540e-03 -1.626156e-01 5.231710e-03) (3.176179e-05 -1.295382e-04 3.566446e-05))
6.11          	((-3.845533e-02 -1.024446e-02 1.964950e+01) (-6.799908e-04 -9.048792e-05 2.943493e-02)) ((-5.656198e-03 -1.602049e-01 5.001321e-03) (3.332056e-05 -1.470879e-04 3.650284e-05))
6.12          	((-3.501533e-02 -1.094771e-02 1.942901e+01) (-7.337588e-04 -8.818524e-05 3.081382e-02)) ((-5.552738e-03 -1.575544e-01 4.670831e-03) (3.486824e-05 -1.650756e-04 3.756049e-05))
6.13          	((-3.255112e-02 -1.094708e-02 1.917950e+01) (-7.895497e-04 -8.551357e-05 3.214860e-02)) ((-5.523027e-03 -1.545981e-01 4.601261e-03) (3.600829e-05 -1.835567e-04 3.890358e-05))
6.14          	((-2.960679e-02 -1.141507e-02 1.889991e+01) (-8.460727e-04 -8.112902e-05 3.343350e-02)) ((-5.406083e-03 -1.512377e-01 4.682093e-03) (3.683498e-05 -2.024487e-04 4.005657e-05))
6.15          	((-2.713778e-02 -1.247059e-02 1.858871e+01) (-9.043960e-04 -7.796600e-05 3.466866e-02)) ((-5.144545e-03 -1.476110e-01 4.808823e-03) (3.750937e-05 -2.216689e-04 4.097288e-05))
6.16          	((-2.460875e-02 -1.341150e-02 1.824574e+01) (-9.640673e-04 -7.523129e-05 3.584911e-02)) ((-5.290320e-03 -1.436404e-01 4.815423e-03) (3.834994e-05 -2.412073e-04 4.153500e-05))
6.17          	((-2.094769e-02 -1.385763e-02 1.787209e+01) (-1.023108e-03 -7.253810e-05 3.696801e-02)) ((-5.334789e-03 -1.393901e-01 4.799860e-03) (3.934198e-05 -2.612544e-04 4.200197e-05))
6.18          	((-1.824972e-02 -1.384168e-02 1.746843e+01) (-1.081597e-03 -7.019405e-05 3.802320e-02)) ((-5.247782e-03 -1.350241e-01 4.672083e-03) (4.018267e-05 -2.814012e-04 4.189481e-05))
6.19          	((-1.614966e-02 -1.650369e-02 1.703248e+01) (-1.138684e-03 -6.818989e-05 3.900888e-02)) ((-5.172317e-03 -1.304480e-01 4.574414e-03) (4.091188e-05 -3.015802e-04 4.158846e-05))
6.2           	((-1.351672e-02 -1.607672e-02 1.656463e+01) (-1.195426e-03 -6.593459e-05 3.992022e-02)) ((-5.224466e-03 -1.256308e-01 4.400989e-03) (4.136883e-05 -3.215865e-04 4.108490e-05))
6.21          	((-1.269792e-02 -1.594688e-02 1.606502e+01) (-1.251377e-03 -6.475551e-05 4.075441e-02)) ((-5.303964e-03 -1.204880e-01 4.268020e-03) (4.176004e-05 -3.411770e-04 4.011596e-05))
6.22          	((-1.213574e-02 -1.751665e-02 1.553407e+01) (-1.306181e-03 -6.281913e-05 4.150796e-02)) ((-5.272717e-03 -1.150495e-01 4.074318e-03) (4.170979e-05 -3.602287e-04 3.902106e-05))
6.23          	((-1.148486e-02 -1.882545e-02 1.497251e+01) (-1.358300e-03 -6.081588e-05 4.217624e-02)) ((-5.195673e-03 -1.094661e-01 3.963272e-03) (4.178003e-05 -3.786048e-04 3.793520e-05))
6.24          	((-1.107823e-02 -1.937627e-02 1.438205e+01) (-1.407963e-03 -5.725376e-05 4.275716e-02)) ((-5.201400e-03 -1.038032e-01 3.922402e-03) (4.149718e-05 -3.964632e-04 3.643256e-05))
6.25          	((-1.170531e-02 -1.949634e-02 1.376412e+01) (-1.455254e-03 -5.303850e-05 4.324975e-02)) ((-5.221675e-03 -9.781527e-02 3.638810e-03) (4.078147e-05 -4.135288e-04 3.471441e-05))
6.26          	((-1.165466e-02 -1.980971e-02 1.311501e+01) (-1.498417e-03 -4.879019e-05 4.364948e-02)) ((-5.156255e-03 -9.148977e-02 3.556620e-03) (4.005648e-05 -4.298893e-04 3.249668e-05))
6.27          	((-1.078479e-02 -1.942076e-02 1.243908e+01) (-1.538763e-03 -4.423574e-05 4.395534e-02)) ((-5.116707e-03 -8.504570e-02 3.380220e-03) (3.961817e-05 -4.453211e-04 2.985007e-05))
6.28          	((-8.914640e-03 -1.927807e-02 1.173442e+01) (-1.578629e-03 -3.733921e-05 4.416719e-02)) ((-5.055506e-03 -7.830863e-02 3.252461e-03) (3.863175e-05 -4.599868e-04 2.726155e-05))
6.29          	((-7.785806e-03 -2.038744e-02 1.100278e+01) (-1.616540e-03 -3.000288e-05 4.428755e-02)) ((-5.021666e-03 -7.158551e-02 2.848562e-03) (3.716277e-05 -4.737508e-04 2.489272e-05))
6.3           	((-7.785811e-03 -2.001102e-02 1.024855e+01) (-1.651023e-03 -2.131836e-05 4.431253e-02)) ((-4.906421e-03 -6.488694e-02 2.666112e-03) (3.610304e-05 -4.866385e-04 2.251537e-05))
6.31          	((-8.047582e-03 -2.054206e-02 9.469943e+00) (-1.683641e-03 -1.118809e-05 4.424423e-02)) ((-4.699789e-03 -5.809501e-02 2.654145e-03) (3.500763e-05 -4.989116e-04 2.022205e-05))
6.32          	((-7.275729e-03 -1.853547e-02 8.671594e+00) (-1.715101e-03 -3.505231e-07 4.408390e-02)) ((-4.475874e-03 -5.120416e-02 2.460197e-03) (3.390622e-05 -5.101326e-04 1.773461e-05))
6.33          	((-6.107402e-03 -1.788549e-02 7.853563e+00) (-1.745251e-03 1.178006e-05 4.383363e-02)) ((-3.984455e-03 -4.423871e-02 2.472691e-03) (3.243246e-05 -5.202562e-04 1.531054e-05))
6.34          	((-5.138478e-03 -1.671225e-02 7.019004e+00) (-1.773918e-03 2.350455e-05 4.349475e-02)) ((-3.769087e-03 -3.717485e-02 2.304776e-03) (3.080941e-05 -5.293764e-04 1.274574e-05))
6.35          	((-4.018374e-03 -1.548831e-02 6.169834e+00) (-1.802203e-03 3.401124e-05 4.307081e-02)) ((-3.422967e-03 -2.990342e-02 2.282632e-03) (2.856840e-05 -5.373581e-04 1.027130e-05))
6.36          	((-2.113766e-03 -1.492514e-02 5.301323e+00) (-1.826826e-03 4.569889e-05 4.255923e-02)) ((-3.092317e-03 -2.262194e-02 2.209368e-03) (2.676402e-05 -5.442761e-04 8.164772e-06))
6.37          	((-3.071337e-04 -1.445677e-02 4.417893e+00) (-1.848145e-03 5.638439e-05 4.196451e-02)) ((-2.840015e-03 -1.532893e-02 1.932257e-03) (2.509196e-05 -5.501761e-04 6.154119e-06))
6.38          	((1.134284e-03 -1.376218e-02 3.524924e+00) (-1.866628e-03 6.559356e-05 4.128952e-02)) ((-2.450886e-03 -8.000399e-03 1.605930e-03) (2.342479e-05 -5.548465e-04 4.146127e-06))
6.39          	((3.123142e-03 -1.259379e-02 2.624444e+00) (-1.881797e-03 7.516722e-05 4.053645e-02)) ((-2.021775e-03 -7.355986e-04 1.208442e-03) (2.135827e-05 -5.582111e-04 2.251690e-06))
6.4           	((3.185859e-03 -1.146953e-02 1.717474e+00) (-1.894626e-03 8.463312e-05 3.970955e-02)) ((-1.928006e-03 6.403940e-03 1.041022e-03) (1.908472e-05 -5.603259e-04 1.890747e-07))
6.41          	((4.005692e-03 -1.143781e-02 8.051989e-01) (-1.903398e-03 9.507156e-05 3.881183e-02)) ((-1.768458e-03 1.386166e-02 8.939574e-04) (1.646981e-05 -5.609280e-04 -1.701080e-06))
6.42          	((6.204226e-03 -1.014322e-02 -1.141226e-01) (-1.906368e-03 1.047410e-04 3.784404e-02)) ((-1.368265e-03 2.131567e-02 6.436133e-04) (1.442989e-05 -5.601114e-04 -3.345500e-06))
6.43          	((6.255759e-03 -9.313745e-03 -1.031180e+00) (-1.903594e-03 1.142635e-04 3.680972e-02)) ((-1.069291e-03 2.857929e-02 4.812143e-04) (1.239540e-05 -5.579768e-04 -4.776522e-06))
6.44          	((8.424085e-03 -8.730489e-03 -1.950856e+00) (-1.896975e-03 1.227850e-04 3.571230e-02)) ((-8.454809e-04 3.598465e-02 3.611014e-04) (1.034373e-05 -5.543912e-04 -6.228739e-06))
6.45          	((9.138434e-03 -8.039936e-03 -2.864762e+00) (-1.886845e-03 1.325395e-04 3.455557e-02)) ((-5.880817e-04 4.336947e-02 2.623747e-04) (8.098879e-06 -5.492575e-04 -7.385793e-06))
6.46          	((1.044756e-02 -6.931052e-03 -3.771664e+00) (-1.873648e-03 1.426211e-04 3.334241e-02)) ((-3.227736e-04 5.072610e-02 2.207720e-05) (5.952576e-06 -5.430997e-04 -8.494565e-06))
6.47          	((1.352119e-02 -6.094031e-03 -4.668129e+00) (-1.856971e-03 1.520665e-04 3.207448e-02)) ((-9.267641e-06 5.808712e-02 -5.897939e-05) (3.896870e-06 -5.358728e-04 -9.300332e-06))
6.48          	((1.514873e-02 -5.992654e-03 -5.554907e+00) (-1.837865e-03 1.600787e-04 3.075673e-02)) ((3.183046e-04 6.519929e-02 -3.643968e-05) (2.120375e-06 -5.275467e-04 -1.029992e-05))
6.49          	((1.726176e-02 -5.416015e-03 -6.423223e+00) (-1.816079e-03 1.683705e-04 2.939358e-02)) ((7.018778e-04 7.236859e-02 -1.001728e-04) (6.895726e-08 -5.177361e-04 -1.110894e-05))
6.5           	((1.901464e-02 -4.202533e-03 -7.277542e+00) (-1.789659e-03 1.752203e-04 2.798627e-02)) ((1.057792e-03 7.943004e-02 -1.222732e-04) (-1.723349e-06 -5.069156e-04 -1.165387e-05))
6.51          	((2.021194e-02 -3.771005e-03 -8.120392e+00) (-1.759092e-03 1.803731e-04 2.654072e-02)) ((1.124634e-03 8.602784e-02 1.337836e-04) (-3.168362e-06 -4.948518e-04 -1.217744e-05))
6.52          	((2.178465e-02 -2.550866e-03 -8.945418e+00) (-1.726866e-03 1.835830e-04 2.505984e-02)) ((1.274629e-03 9.287094e-02 2.312122e-04) (-4.327403e-06 -4.814762e-04 -1.290749e-05))
6.53          	((2.316724e-02 -3.614868e-03 -9.749513e+00) (-1.692275e-03 1.868255e-04 2.354602e-02)) ((1.263713e-03 9.940292e-02 4.048975e-04) (-5.489987e-06 -4.672563e-04 -1.350216e-05))
6.54          	((2.357936e-02 -2.625257e-03 -1.053476e+01) (-1.655697e-03 1.896955e-04 2.200289e-02)) ((1.550952e-03 1.054643e-01 5.167912e-04) (-6.311765e-06 -4.520366e-04 -1.430303e-05))
6.55          	((2.524167e-02 -1.108464e-03 -1.129245e+01) (-1.617964e-03 1.920962e-04 2.043348e-02)) ((1.808280e-03 1.115003e-01 5.141382e-04) (-7.077193e-06 -4.363555e-04 -1.486332e-05))
6.56          	((2.687900e-02 -2.444508e-04 -1.202809e+01) (-1.578920e-03 1.943843e-04 1.884057e-02)) ((1.834615e-03 1.175139e-01 4.485409e-04) (-7.652899e-06 -4.198455e-04 -1.545165e-05))
6.57          	((2.989160e-02 -3.338123e-04 -1.273859e+01) (-1.539045e-03 1.960570e-04 1.722563e-02)) ((1.802828e-03 1.231570e-01 6.076284e-04) (-8.069932e-06 -4.026742e-04 -1.600972e-05))
6.58          	((3.089875e-02 -1.395236e-04 -1.341944e+01) (-1.497918e-03 1.981018e-04 1.559186e-02)) ((2.085558e-03 1.284299e-01 6.740576e-04) (-8.559282e-06 -3.849148e-04 -1.621976e-05))
6.59          	((3.268828e-02 2.110703e-03 -1.407286e+01) (-1.455679e-03 2.003355e-04 1.394122e-02)) ((2.317423e-03 1.334051e-01 7.498200e-04) (-9.016195e-06 -3.667111e-04 -1.619109e-05))
6.6           	((3.303712e-02 3.399480e-03 -1.469727e+01) (-1.411620e-03 2.040555e-04 1.227654e-02)) ((2.195630e-03 1.381130e-01 9.221381e-04) (-9.367864e-06 -3.479467e-04 -1.628410e-05))
6.61          	((3.248213e-02 7.293248e-03 -1.529015e+01) (-1.365182e-03 2.069919e-04 1.059830e-02)) ((2.234064e-03 1.428021e-01 9.467109e-04) (-9.532089e-06 -3.285843e-04 -1.660324e-05))
6.62          	((3.379552e-02 5.683745e-03 -1.585179e+01) (-1.317366e-03 2.084484e-04 8.908761e-03)) ((2.179029e-03 1.472737e-01 1.125431e-03) (-9.531826e-06 -3.088992e-04 -1.690330e-05))
6.63          	((3.605234e-02 5.686618e-03 -1.637971e+01) (-1.268953e-03 2.105320e-04 7.210177e-03)) ((2.066386e-03 1.510085e-01 7.695813e-04) (-9.389226e-06 -2.889786e-04 -1.691758e-05))
6.64          	((3.419036e-02 9.535764e-03 -1.687317e+01) (-1.218987e-03 2.126070e-04 5.506795e-03)) ((2.045457e-03 1.546768e-01 1.185836e-03) (-9.462159e-06 -2.687829e-04 -1.681895e-05))
6.65          	((3.698155e-02 1.286144e-02 -1.733818e+01) (-1.169177e-03 2.136433e-04 3.800802e-03)) ((2.060346e-03 1.581300e-01 1.600159e-03) (-9.829236e-06 -2.485121e-04 -1.673535e-05))
6.66          	((3.396455e-02 1.363000e-02 -1.776352e+01) (-1.120414e-03 2.133085e-04 2.095870e-03)) ((2.475491e-03 1.619154e-01 1.595723e-03) (-9.997370e-06 -2.282550e-04 -1.646165e-05))
6.67          	((3.173810e-02 1.201450e-02 -1.815338e+01) (-1.070397e-03 2.122454e-04 3.936659e-04)) ((2.527170e-03 1.646520e-01 1.812633e-03) (-1.021695e-05 -2.076083e-04 -1.653296e-05))
6.68          	((2.901284e-02 1.467821e-02 -1.852016e+01) (-1.021390e-03 2.120039e-04 -1.304812e-03)) ((2.023272e-03 1.674087e-01 1.572742e-03) (-1.069314e-05 -1.866261e-04 -1.619770e-05))
6.69          	((3.064037e-02 1.511300e-02 -1.885823e+01) (-9.714454e-04 2.112550e-04 -2.997743e-03)) ((2.521767e-03 1.699773e-01 1.364698e-03) (-1.122764e-05 -1.652728e-04 -1.572451e-05))
6.7           	((3.047309e-02 1.727254e-02 -1.915549e+01) (-9.238798e-04 2.130729e-04 -4.684697e-03)) ((2.440151e-03 1.713001e-01 1.097926e-03) (-1.209702e-05 -1.437992e-04 -1.488014e-05))
6.71          	((2.634994e-02 1.868456e-02 -1.939300e+01) (-8.797528e-04 2.143945e-04 -6.359538e-03)) ((2.882810e-03 1.725123e-01 7.434983e-04) (-1.327203e-05 -1.222270e-04 -1.363963e-05))
6.72          	((2.265329e-02 2.046806e-02 -1.959459e+01) (-8.381569e-04 2.159790e-04 -8.023284e-03)) ((3.149679e-03 1.742088e-01 4.747144e-04) (-1.486619e-05 -1.007065e-04 -1.197059e-05))
6.73          	((2.440742e-02 1.940363e-02 -1.977656e+01) (-7.968315e-04 2.193109e-04 -9.678347e-03)) ((3.831894e-03 1.748958e-01 4.768468e-04) (-1.637513e-05 -7.951390e-05 -9.845572e-06))
6.74          	((2.778929e-02 1.725937e-02 -1.993910e+01) (-7.558141e-04 2.245625e-04 -1.132455e-02)) ((3.321222e-03 1.752836e-01 3.641264e-04) (-1.861329e-05 -5.868338e-05 -7.516369e-06))
6.75          	((2.560961e-02 2.036277e-02 -2.010734e+01) (-7.174576e-04 2.293940e-04 -1.296198e-02)) ((2.869410e-03 1.759790e-01 1.754897e-04) (-2.116476e-05 -3.831216e-05 -5.303581e-06))
6.76          	((3.101234e-02 1.991209e-02 -2.033893e+01) (-6.826956e-04 2.321500e-04 -1.459182e-02)) ((4.169526e-03 1.777261e-01 7.319626e-04) (-2.332059e-05 -1.829874e-05 -2.965754e-06))
6.77          	((2.291427e-02 2.451461e-02 -2.002485e+01) (-6.510966e-04 2.340839e-04 -1.618260e-02)) ((4.246668e-03 1.710682e-01 -9.432205e-05) (-2.563623e-05 1.151166e-06 -3.191148e-07))
6.78          	((2.977560e-02 2.505356e-02 -2.035794e+01) (-6.213463e-04 2.342664e-04 -1.776363e-02)) ((4.002237e-03 1.763762e-01 -4.010681e-04) (-2.792689e-05 2.034203e-05 2.746942e-06))
6.79          	((1.935661e-02 2.404524e-02 -2.039540e+01) (-5.950626e-04 2.357125e-04 -1.932997e-02)) ((4.604169e-03 1.737035e-01 3.946750e-05) (-3.024869e-05 3.900725e-05 6.105102e-06))
6.8           	((2.035491e-02 2.773844e-02 -2.039165e+01) (-5.710112e-04 2.395005e-04 -2.087809e-02)) ((4.531510e-03 1.725608e-01 -3.388383e-04) (-3.314433e-05 5.702780e-05 9.610907e-06))
6.81          	((1.993019e-02 2.726966e-02 -2.034265e+01) (-5.492499e-04 2.419575e-04 -2.240725e-02)) ((4.537394e-03 1.713067e-01 -1.131244e-03) (-3.602699e-05 7.446402e-05 1.322651e-05))
6.82          	((1.910966e-02 2.838056e-02 -2.024235e+01) (-5.303358e-04 2.440165e-04 -2.391417e-02)) ((4.408592e-03 1.687991e-01 -9.752540e-04) (-3.880937e-05 9.168949e-05 1.702420e-05))
6.83          	((1.967839e-02 2.977865e-02 -2.012883e+01) (-5.130366e-04 2.447297e-04 -2.539718e-02)) ((4.457007e-03 1.661508e-01 -9.988688e-04) (-4.152686e-05 1.088173e-04 2.068826e-05))
6.84          	((1.761403e-02 2.771667e-02 -1.997970e+01) (-4.984483e-04 2.448403e-04 -2.685449e-02)) ((4.266307e-03 1.635935e-01 -9.525192e-04) (-4.466266e-05 1.258105e-04 2.397413e-05))
6.85          	((1.643757e-02 2.680773e-02 -1.981148e+01) (-4.854328e-04 2.444707e-04 -2.828616e-02)) ((4.682772e-03 1.607742e-01 -1.119078e-03) (-4.747984e-05 1.425986e-04 2.728765e-05))
6.86          	((1.619210e-02 2.910343e-02 -1.961177e+01) (-4.739492e-04 2.437957e-04 -2.968463e-02)) ((4.583296e-03 1.579619e-01 -1.421576e-03) (-5.023280e-05 1.594538e-04 3.024388e-05))
6.87          	((1.476604e-02 2.964221e-02 -1.938086e+01) (-4.662110e-04 2.425153e-04 -3.104840e-02)) ((4.418775e-03 1.548245e-01 -1.647468e-03) (-5.316444e-05 1.759614e-04 3.241347e-05))
6.88          	((1.361665e-02 2.918567e-02 -1.911812e+01) (-4.629061e-04 2.408121e-04 -3.237376e-02)) ((4.592688e-03 1.511789e-01 -1.850108e-03) (-5.594194e-05 1.918516e-04 3.421376e-05))
6.89          	((1.183314e-02 2.818131e-02 -1.882618e+01) (-4.622061e-04 2.385892e-04 -3.365990e-02)) ((4.576706e-03 1.472678e-01 -2.257693e-03) (-5.837905e-05 2.070052e-04 3.601816e-05))
6.9           	((1.075509e-02 2.884130e-02 -1.850374e+01) (-4.630312e-04 2.342695e-04 -3.489991e-02)) ((4.311799e-03 1.433908e-01 -2.627859e-03) (-6.100472e-05 2.216246e-04 3.788576e-05))
6.91          	((1.064472e-02 2.883969e-02 -1.815216e+01) (-4.635298e-04 2.269921e-04 -3.609100e-02)) ((4.492891e-03 1.393251e-01 -2.862830e-03) (-6.347485e-05 2.356610e-04 3.957705e-05))
6.92          	((1.106699e-02 2.802599e-02 -1.776990e+01) (-4.645373e-04 2.192809e-04 -3.722885e-02)) ((4.586723e-03 1.350721e-01 -3.177049e-03) (-6.569478e-05 2.488295e-04 4.122119e-05))
6.93          	((1.065362e-02 2.811175e-02 -1.735541e+01) (-4.641320e-04 2.117016e-04 -3.830980e-02)) ((4.570258e-03 1.305639e-01 -3.582661e-03) (-6.774031e-05 2.614994e-04 4.320323e-05))
6.94          	((1.042094e-02 2.557794e-02 -1.690947e+01) (-4.631026e-04 2.038072e-04 -3.932785e-02)) ((4.625109e-03 1.257379e-01 -3.767260e-03) (-6.982663e-05 2.734763e-04 4.525802e-05))
6.95          	((1.045693e-02 2.514719e-02 -1.643418e+01) (-4.600834e-04 1.974632e-04 -4.028067e-02)) ((4.325663e-03 1.206899e-01 -3.802071e-03) (-7.245433e-05 2.850376e-04 4.721486e-05))
6.96          	((1.045264e-02 2.389386e-02 -1.593034e+01) (-4.557288e-04 1.914649e-04 -4.116274e-02)) ((4.473501e-03 1.156396e-01 -3.999681e-03) (-7.466039e-05 2.963112e-04 4.917254e-05))
6.97          	((9.216266e-03 2.285672e-02 -1.539929e+01) (-4.487769e-04 1.853294e-04 -4.196969e-02)) ((4.605573e-03 1.101353e-01 -4.292124e-03) (-7.680962e-05 3.073535e-04 5.139574e-05))
6.98          	((8.875150e-03 2.132312e-02 -1.483724e+01) (-4.394745e-04 1.790400e-04 -4.269995e-02)) ((4.658129e-03 1.044910e-01 -4.638674e-03) (-7.883071e-05 3.181535e-04 5.376520e-05))
6.99          	((8.640316e-03 2.019778e-02 -1.424649e+01) (-4.253382e-04 1.735967e-04 -4.334987e-02)) ((4.420843e-03 9.882163e-02 -4.789251e-03) (-8.083618e-05 3.286959e-04 5.639513e-05))
7             	((9.705888e-03 1.988341e-02 -1.362676e+01) (-4.091784e-04 1.659381e-04 -4.391743e-02)) ((4.087308e-03 9.294489e-02 -4.920728e-03) (-8.263666e-05 3.387657e-04 5.896042e-05))
7.01          	((1.077277e-02 1.788900e-02 -1.297947e+01) (-3.886314e-04 1.562758e-04 -4.439912e-02)) ((3.609582e-03 8.686561e-02 -5.180349e-03) (-8.391914e-05 3.487829e-04 6.170150e-05))
7.02          	((1.213936e-02 1.787734e-02 -1.230414e+01) (-3.672002e-04 1.468352e-04 -4.479299e-02)) ((3.194802e-03 8.066229e-02 -5.342751e-03) (-8.482601e-05 3.584874e-04 6.475467e-05))
7.03          	((1.341211e-02 1.624624e-02 -1.160653e+01) (-3.449820e-04 1.370767e-04 -4.509715e-02)) ((2.925749e-03 7.429786e-02 -5.627990e-03) (-8.555934e-05 3.679920e-04 6.774994e-05))
7.04          	((1.468288e-02 1.561629e-02 -1.088418e+01) (-3.210592e-04 1.271101e-04 -4.531058e-02)) ((2.620357e-03 6.793150e-02 -5.899223e-03) (-8.580626e-05 3.774379e-04 7.107581e-05))
7.05          	((1.543868e-02 1.372138e-02 -1.013828e+01) (-2.949761e-04 1.171837e-04 -4.543285e-02)) ((2.429937e-03 6.145106e-02 -6.062161e-03) (-8.535015e-05 3.865200e-04 7.457612e-05))
7.06          	((1.625107e-02 1.277855e-02 -9.372189e+00) (-2.680974e-04 1.075537e-04 -4.546241e-02)) ((2.222205e-03 5.459481e-02 -6.168846e-03) (-8.463217e-05 3.949926e-04 7.800186e-05))
7.07          	((1.725874e-02 1.135565e-02 -8.585009e+00) (-2.405112e-04 9.661515e-05 -4.539938e-02)) ((1.807070e-03 4.781981e-02 -6.339282e-03) (-8.327621e-05 4.029138e-04 8.132897e-05))
7.08          	((1.842741e-02 1.027369e-02 -7.777224e+00) (-2.126423e-04 8.558389e-05 -4.524541e-02)) ((1.604811e-03 4.101257e-02 -6.241952e-03) (-8.140809e-05 4.103082e-04 8.477714e-05))
7.09          	((2.013901e-02 9.708511e-03 -6.949718e+00) (-1.842745e-04 7.457218e-05 -4.499872e-02)) ((1.309465e-03 3.413136e-02 -6.293434e-03) (-7.906914e-05 4.171444e-04 8.815008e-05))
7.1           	((2.159660e-02 9.524037e-03 -6.106392e+00) (-1.558983e-04 6.376750e-05 -4.466126e-02)) ((1.166313e-03 2.724204e-02 -6.294281e-03) (-7.672686e-05 4.232640e-04 9.112460e-05))
7.11          	((2.377106e-02 7.935591e-03 -5.247661e+00) (-1.282637e-04 5.500415e-05 -4.423389e-02)) ((7.875078e-04 2.044620e-02 -6.197256e-03) (-7.418368e-05 4.284176e-04 9.382252e-05))
7.12          	((2.488995e-02 7.647244e-03 -4.376407e+00) (-1.018055e-04 4.850198e-05 -4.371947e-02)) ((4.179662e-04 1.375685e-02 -6.234620e-03) (-7.152950e-05 4.325408e-04 9.615462e-05))
7.13          	((2.518313e-02 6.498383e-03 -3.493597e+00) (-7.738095e-05 4.295529e-05 -4.311992e-02)) ((5.587621e-04 6.755970e-03 -6.175671e-03) (-6.858018e-05 4.355595e-04 9.828527e-05))
7.14          	((2.674003e-02 4.150839e-03 -2.599524e+00) (-5.387292e-05 3.895028e-05 -4.243592e-02)) ((6.124863e-04 -2.821509e-04 -6.018516e-03) (-6.591577e-05 4.376330e-04 9.987249e-05))
7.15          	((2.835325e-02 3.273472e-03 -1.699659e+00) (-3.201376e-05 3.617892e-05 -4.167165e-02)) ((6.712853e-04 -7.276267e-03 -5.851191e-03) (-6.340712e-05 4.386496e-04 1.011256e-04))
7.16          	((2.911976e-02 2.218675e-03 -7.933480e-01) (-1.181750e-05 3.513045e-05 -4.082992e-02)) ((5.392833e-04 -1.419631e-02 -5.603176e-03) (-6.107068e-05 4.386372e-04 1.017166e-04))
7.17          	((2.962979e-02 1.362605e-03 1.178131e-01) (7.223245e-06 3.436466e-05 -3.991053e-02)) ((4.954978e-04 -2.115322e-02 -5.367219e-03) (-5.892383e-05 4.375582e-04 1.018613e-04))
7.18          	((2.945218e-02 3.529239e-04 1.032933e+00) (2.569446e-05 3.469927e-05 -3.891624e-02)) ((3.609367e-04 -2.799940e-02 -5.087665e-03) (-5.675943e-05 4.355404e-04 1.021007e-04))
7.19          	((2.885568e-02 -1.822456e-03 1.949655e+00) (4.249251e-05 3.654781e-05 -3.785004e-02)) ((3.914383e-04 -3.468389e-02 -4.677409e-03) (-5.495019e-05 4.325912e-04 1.020429e-04))
7.2           	((2.798760e-02 -3.771763e-03 2.860622e+00) (5.881833e-05 3.919834e-05 -3.671565e-02)) ((4.233579e-04 -4.120008e-02 -4.406555e-03) (-5.323573e-05 4.286473e-04 1.015467e-04))
7.21          	((2.704691e-02 -3.616836e-03 3.765615e+00) (7.421364e-05 4.197782e-05 -3.551693e-02)) ((2.352154e-05 -4.804767e-02 -4.029342e-03) (-5.140363e-05 4.236122e-04 1.008899e-04))
7.22          	((2.700667e-02 -3.750825e-03 4.658905e+00) (8.854282e-05 4.530285e-05 -3.425648e-02)) ((-3.005696e-04 -5.450478e-02 -3.554850e-03) (-4.926738e-05 4.175890e-04 9.951702e-05))
7.23          	((2.594763e-02 -2.673149e-03 5.540846e+00) (1.007832e-04 4.688706e-05 -3.293890e-02)) ((-3.992711e-04 -6.093633e-02 -3.228877e-03) (-4.692540e-05 4.103955e-04 9.775805e-05))
7.24          	((2.369043e-02 -3.533486e-03 6.409184e+00) (1.107545e-04 4.715960e-05 -3.156842e-02)) ((-3.948454e-04 -6.717575e-02 -2.939029e-03) (-4.469795e-05 4.022483e-04 9.588622e-05))
7.25          	((2.135411e-02 -4.366221e-03 7.260722e+00) (1.176739e-04 4.691062e-05 -3.014712e-02)) ((-6.216240e-04 -7.358160e-02 -2.560899e-03) (-4.238888e-05 3.928427e-04 9.412614e-05))
7.26          	((2.015163e-02 -3.423731e-03 8.097892e+00) (1.221736e-04 4.478835e-05 -2.868005e-02)) ((-9.490322e-04 -7.985112e-02 -2.061212e-03) (-3.990623e-05 3.822599e-04 9.234067e-05))
7.27          	((1.770056e-02 -3.323209e-03 8.918988e+00) (1.258479e-04 4.295840e-05 -2.717057e-02)) ((-9.813153e-04 -8.615430e-02 -1.651506e-03) (-3.715241e-05 3.708722e-04 9.039787e-05))
7.28          	((1.459284e-02 -2.696695e-03 9.719600e+00) (1.278695e-04 4.137416e-05 -2.562172e-02)) ((-1.121869e-03 -9.194104e-02 -1.129823e-03) (-3.422347e-05 3.587118e-04 8.823632e-05))
7.29          	((1.340880e-02 -2.783359e-03 1.050210e+01) (1.280353e-04 4.063087e-05 -2.403641e-02)) ((-1.243273e-03 -9.803266e-02 -6.000161e-04) (-3.125680e-05 3.459527e-04 8.595410e-05))
7.3           	((1.203283e-02 -4.110185e-03 1.126168e+01) (1.269405e-04 3.915483e-05 -2.241883e-02)) ((-1.288500e-03 -1.038352e-01 -2.077689e-04) (-2.829123e-05 3.326917e-04 8.343497e-05))
7.31          	((1.059828e-02 -4.386455e-03 1.199461e+01) (1.244724e-04 3.573258e-05 -2.077162e-02)) ((-1.498370e-03 -1.093253e-01 3.380534e-04) (-2.511576e-05 3.186412e-04 8.084507e-05))
7.32          	((6.978626e-03 -5.536185e-03 1.270425e+01) (1.206789e-04 3.228022e-05 -1.909875e-02)) ((-1.616100e-03 -1.150714e-01 8.957579e-04) (-2.184866e-05 3.040728e-04 7.824565e-05))
7.33          	((5.237042e-03 -7.196178e-03 1.338500e+01) (1.148968e-04 2.975828e-05 -1.740266e-02)) ((-1.499125e-03 -1.205159e-01 1.407033e-03) (-1.867794e-05 2.889188e-04 7.554411e-05))
7.34          	((2.670086e-03 -7.554923e-03 1.403395e+01) (1.069524e-04 2.717865e-05 -1.568888e-02)) ((-1.431531e-03 -1.258503e-01 1.842392e-03) (-1.548243e-05 2.734266e-04 7.317395e-05))
7.35          	((-1.853664e-03 -7.623073e-03 1.464933e+01) (9.768948e-05 2.331856e-05 -1.395710e-02)) ((-2.009072e-03 -1.303182e-01 2.214963e-03) (-1.203243e-05 2.575664e-04 7.085347e-05))
7.36          	((-4.846362e-03 -7.283583e-03 1.523531e+01) (8.703205e-05 1.989974e-05 -1.220918e-02)) ((-2.048332e-03 -1.348932e-01 2.584031e-03) (-8.730633e-06 2.414084e-04 6.834663e-05))
7.37          	((-5.770164e-03 -6.752434e-03 1.579284e+01) (7.404595e-05 1.553705e-05 -1.045060e-02)) ((-2.413200e-03 -1.390816e-01 2.821265e-03) (-5.633628e-06 2.249803e-04 6.590944e-05))
7.38          	((-9.548343e-03 -8.218360e-03 1.632256e+01) (5.807573e-05 1.103894e-05 -8.685918e-03)) ((-3.111598e-03 -1.435907e-01 3.126457e-03) (-2.892036e-06 2.084811e-04 6.327123e-05))
7.39          	((-1.238646e-02 -9.611820e-03 1.681860e+01) (4.077100e-05 5.495133e-06 -6.916140e-03)) ((-3.171953e-03 -1.476411e-01 3.247456e-03) (-2.228897e-07 1.921648e-04 6.045126e-05))
7.4           	((-1.552639e-02 -1.013332e-02 1.727524e+01) (2.059280e-05 2.938447e-06 -5.144823e-03)) ((-3.017139e-03 -1.514536e-01 3.625056e-03) (2.298947e-06 1.760580e-04 5.734827e-05))
7.41          	((-1.724109e-02 -7.904165e-03 1.770155e+01) (3.076058e-07 -5.122771e-07 -3.375529e-03)) ((-2.686592e-03 -1.550356e-01 3.922345e-03) (4.898009e-06 1.602847e-04 5.435694e-05))
7.42          	((-2.152065e-02 -7.824046e-03 1.810077e+01) (-2.208448e-05 -4.900552e-06 -1.609775e-03)) ((-2.938424e-03 -1.580947e-01 4.304362e-03) (6.943942e-06 1.446815e-04 5.145329e-05))
7.43          	((-2.769351e-02 -9.753688e-03 1.846421e+01) (-4.579300e-05 -8.763775e-06 1.505344e-04)) ((-3.004932e-03 -1.614354e-01 4.046965e-03) (8.454239e-06 1.289941e-04 4.877771e-05))
7.44          	((-3.217165e-02 -8.092135e-03 1.879621e+01) (-7.034093e-05 -1.268163e-05 1.901937e-03)) ((-3.731940e-03 -1.640873e-01 3.838685e-03) (1.008966e-05 1.136330e-04 4.628543e-05))
7.45          	((-3.318844e-02 -6.733303e-03 1.909313e+01) (-9.622517e-05 -1.892800e-05 3.643604e-03)) ((-4.440986e-03 -1.658131e-01 4.341842e-03) (1.175704e-05 9.872738e-05 4.391756e-05))
7.46          	((-3.702207e-02 -4.768178e-03 1.936419e+01) (-1.216033e-04 -2.619243e-05 5.373798e-03)) ((-4.922091e-03 -1.678364e-01 4.569991e-03) (1.323669e-05 8.388511e-05 4.179644e-05))
7.47          	((-3.708239e-02 -7.265737e-03 1.959263e+01) (-1.466729e-04 -3.092482e-05 7.094829e-03)) ((-6.417246e-03 -1.696376e-01 5.099471e-03) (1.474363e-05 6.972414e-05 3.958861e-05))
7.48          	((-3.740468e-02 -9.309061e-03 1.977318e+01) (-1.775491e-04 -3.578178e-05 8.806632e-03)) ((-5.609692e-03 -1.706851e-01 4.775440e-03) (1.634982e-05 5.594384e-05 3.761601e-05))
7.49          	((-4.185783e-02 -7.203487e-03 1.991127e+01) (-2.122244e-04 -4.270991e-05 1.050498e-02)) ((-5.875403e-03 -1.712545e-01 5.491123e-03) (1.802646e-05 4.182344e-05 3.583520e-05))
7.5           	((-4.672975e-02 -7.671765e-03 2.007313e+01) (-2.509051e-04 -4.957780e-05 1.219117e-02)) ((-6.141535e-03 -1.720379e-01 5.421678e-03) (1.940821e-05 2.698275e-05 3.419110e-05))
