# Forces      
# CofR        : (0.000000e+00 0.000000e+00 0.000000e+00)
# Time        forces(pressure viscous)	moments(pressure viscous)
0             	((0.000000e+00 0.000000e+00 0.000000e+00) (0.000000e+00 0.000000e+00 0.000000e+00)) ((0.000000e+00 0.000000e+00 0.000000e+00) (0.000000e+00 0.000000e+00 0.000000e+00))
0.01          	((-4.668958e-02 -2.329733e-02 3.983279e+01) (-4.948820e-05 5.000808e-06 3.917675e-03)) ((6.383519e-03 -3.649931e-01 -1.018438e-03) (1.648960e-06 -4.529811e-05 -1.333906e-06))
0.02          	((-3.971243e-02 -2.331832e-02 3.871033e+01) (-9.901803e-05 9.001280e-06 7.983972e-03)) ((6.344714e-03 -3.556606e-01 -1.064599e-03) (3.410735e-06 -9.251760e-05 -2.885170e-06))
0.03          	((-4.114779e-02 -2.306741e-02 3.883993e+01) (-1.496937e-04 1.301451e-05 1.210240e-02)) ((6.488875e-03 -3.562657e-01 -1.132745e-03) (5.199278e-06 -1.408830e-04 -4.654363e-06))
0.04          	((-4.108035e-02 -2.281120e-02 3.867164e+01) (-2.021023e-04 1.642217e-05 1.622195e-02)) ((6.392180e-03 -3.541094e-01 -1.155638e-03) (6.991335e-06 -1.899824e-04 -6.578933e-06))
0.05          	((-4.020948e-02 -2.241645e-02 3.848172e+01) (-2.563338e-04 1.914825e-05 2.032904e-02)) ((6.266713e-03 -3.511864e-01 -1.163169e-03) (8.766633e-06 -2.396517e-04 -8.481336e-06))
0.06          	((-4.021823e-02 -2.200294e-02 3.828706e+01) (-3.121092e-04 2.095452e-05 2.442128e-02)) ((6.103175e-03 -3.478396e-01 -1.168887e-03) (1.046764e-05 -2.897402e-04 -1.030526e-05))
0.07          	((-4.010332e-02 -2.144909e-02 3.807367e+01) (-3.690854e-04 2.251617e-05 2.849493e-02)) ((5.898424e-03 -3.438765e-01 -1.198164e-03) (1.205568e-05 -3.401740e-04 -1.185115e-05))
0.08          	((-4.059065e-02 -2.132076e-02 3.782984e+01) (-4.266322e-04 2.460430e-05 3.254366e-02)) ((5.727064e-03 -3.393220e-01 -1.262764e-03) (1.344755e-05 -3.907801e-04 -1.297078e-05))
0.09          	((-4.050805e-02 -2.096068e-02 3.755112e+01) (-4.851253e-04 2.800184e-05 3.655564e-02)) ((5.538454e-03 -3.340539e-01 -1.295637e-03) (1.447562e-05 -4.415745e-04 -1.356945e-05))
0.1           	((-4.008228e-02 -2.049188e-02 3.723313e+01) (-5.439507e-04 3.159449e-05 4.051605e-02)) ((5.275639e-03 -3.281809e-01 -1.335931e-03) (1.528594e-05 -4.921443e-04 -1.388253e-05))
0.11          	((-3.906785e-02 -1.993740e-02 3.687229e+01) (-6.031294e-04 3.523141e-05 4.441156e-02)) ((5.073760e-03 -3.217873e-01 -1.385894e-03) (1.570648e-05 -5.429428e-04 -1.394379e-05))
0.12          	((-3.839682e-02 -1.929162e-02 3.646641e+01) (-6.630849e-04 4.022271e-05 4.822806e-02)) ((4.856770e-03 -3.149938e-01 -1.458923e-03) (1.626068e-05 -5.940161e-04 -1.368242e-05))
0.13          	((-3.725732e-02 -1.865320e-02 3.601035e+01) (-7.237398e-04 4.626585e-05 5.195211e-02)) ((4.682327e-03 -3.077367e-01 -1.506730e-03) (1.652190e-05 -6.448287e-04 -1.291415e-05))
0.14          	((-3.630668e-02 -1.782557e-02 3.550140e+01) (-7.826417e-04 5.499951e-05 5.556891e-02)) ((4.533570e-03 -3.000942e-01 -1.717906e-03) (1.648889e-05 -6.951845e-04 -1.148018e-05))
0.15          	((-3.526366e-02 -1.726206e-02 3.494265e+01) (-8.422905e-04 6.451679e-05 5.906635e-02)) ((4.369949e-03 -2.920465e-01 -1.881913e-03) (1.598984e-05 -7.459632e-04 -1.023050e-05))
0.16          	((-3.357120e-02 -1.585924e-02 3.432729e+01) (-9.030711e-04 7.396147e-05 6.243332e-02)) ((4.082947e-03 -2.835206e-01 -2.005886e-03) (1.590454e-05 -7.957957e-04 -8.620998e-06))
0.17          	((-3.180982e-02 -1.522631e-02 3.365884e+01) (-9.665698e-04 8.384451e-05 6.566594e-02)) ((3.894904e-03 -2.744371e-01 -2.142908e-03) (1.496933e-05 -8.456210e-04 -7.528332e-06))
0.18          	((-2.989817e-02 -1.378323e-02 3.293719e+01) (-1.030012e-03 9.448208e-05 6.874493e-02)) ((3.698712e-03 -2.648857e-01 -2.471506e-03) (1.409337e-05 -8.937512e-04 -6.620614e-06))
0.19          	((-2.718271e-02 -1.254301e-02 3.216120e+01) (-1.093574e-03 1.079929e-04 7.167007e-02)) ((3.390466e-03 -2.548528e-01 -2.708558e-03) (1.379429e-05 -9.407934e-04 -5.757182e-06))
0.2           	((-2.470370e-02 -1.205827e-02 3.133651e+01) (-1.157240e-03 1.209045e-04 7.443159e-02)) ((3.127312e-03 -2.446459e-01 -2.952815e-03) (1.405612e-05 -9.859758e-04 -5.440006e-06))
0.21          	((-2.146342e-02 -1.112656e-02 3.046011e+01) (-1.220847e-03 1.364455e-04 7.702939e-02)) ((2.909881e-03 -2.340774e-01 -3.385772e-03) (1.398025e-05 -1.029449e-03 -4.803370e-06))
0.22          	((-1.843164e-02 -9.600738e-03 2.953225e+01) (-1.282507e-03 1.537899e-04 7.943841e-02)) ((2.485427e-03 -2.231668e-01 -3.722929e-03) (1.368932e-05 -1.071233e-03 -4.375084e-06))
0.23          	((-1.474526e-02 -8.626448e-03 2.855836e+01) (-1.341015e-03 1.741560e-04 8.163253e-02)) ((2.204085e-03 -2.120534e-01 -3.887554e-03) (1.346016e-05 -1.112359e-03 -3.887563e-06))
0.24          	((-1.140404e-02 -7.339578e-03 2.752945e+01) (-1.394721e-03 1.918383e-04 8.358205e-02)) ((1.793202e-03 -2.003888e-01 -4.112756e-03) (1.144462e-05 -1.152817e-03 -3.145585e-06))
0.25          	((-8.199411e-03 -5.849244e-03 2.644682e+01) (-1.442903e-03 2.062166e-04 8.525893e-02)) ((1.337394e-03 -1.884476e-01 -4.431879e-03) (1.025517e-05 -1.189780e-03 -2.834078e-06))
0.26          	((-4.106933e-03 -3.525022e-03 2.532178e+01) (-1.489852e-03 2.162579e-04 8.665047e-02)) ((1.077616e-03 -1.761171e-01 -4.700809e-03) (8.909997e-06 -1.226419e-03 -2.644487e-06))
0.27          	((1.706959e-03 -2.695452e-03 2.414061e+01) (-1.530821e-03 2.241712e-04 8.773892e-02)) ((7.037042e-04 -1.635016e-01 -5.145165e-03) (8.634200e-06 -1.260783e-03 -2.183322e-06))
0.28          	((7.547504e-03 -2.028725e-03 2.291253e+01) (-1.566557e-03 2.299155e-04 8.853949e-02)) ((3.567614e-04 -1.505361e-01 -5.396134e-03) (9.065210e-06 -1.292588e-03 -2.389925e-06))
0.29          	((1.341715e-02 -1.436918e-03 2.163181e+01) (-1.600793e-03 2.328951e-04 8.905260e-02)) ((-2.066258e-04 -1.372786e-01 -5.658195e-03) (1.013964e-05 -1.321519e-03 -2.516599e-06))
0.3           	((1.983482e-02 -3.626475e-04 2.030346e+01) (-1.632171e-03 2.336355e-04 8.928385e-02)) ((-6.678503e-04 -1.239507e-01 -5.907978e-03) (1.259376e-05 -1.348092e-03 -2.635448e-06))
0.31          	((2.708874e-02 7.147569e-04 1.892410e+01) (-1.663547e-03 2.319568e-04 8.923580e-02)) ((-9.676871e-04 -1.104583e-01 -6.219879e-03) (1.508584e-05 -1.372496e-03 -2.510850e-06))
0.32          	((3.422389e-02 8.346752e-04 1.750097e+01) (-1.691748e-03 2.260109e-04 8.892735e-02)) ((-1.162525e-03 -9.666467e-02 -6.482724e-03) (1.826602e-05 -1.393879e-03 -2.103466e-06))
0.33          	((4.278376e-02 2.135280e-03 1.603255e+01) (-1.713421e-03 2.184888e-04 8.835718e-02)) ((-1.640409e-03 -8.240324e-02 -6.602844e-03) (2.020046e-05 -1.412256e-03 -2.190828e-06))
0.34          	((5.122655e-02 3.494807e-03 1.452017e+01) (-1.731272e-03 2.094633e-04 8.753841e-02)) ((-2.096591e-03 -6.789901e-02 -6.442947e-03) (2.230717e-05 -1.427231e-03 -2.268460e-06))
0.35          	((5.894804e-02 4.050669e-03 1.297265e+01) (-1.744116e-03 1.969414e-04 8.647434e-02)) ((-2.213295e-03 -5.360032e-02 -6.294751e-03) (2.583761e-05 -1.438298e-03 -2.236842e-06))
0.36          	((6.715073e-02 5.607020e-03 1.138645e+01) (-1.753888e-03 1.817896e-04 8.518272e-02)) ((-2.714452e-03 -3.902403e-02 -6.177715e-03) (2.901680e-05 -1.445261e-03 -1.953962e-06))
0.37          	((7.479299e-02 5.175396e-03 9.759814e+00) (-1.760034e-03 1.679809e-04 8.367242e-02)) ((-3.090749e-03 -2.419436e-02 -5.788428e-03) (3.189279e-05 -1.447856e-03 -2.062905e-06))
0.38          	((8.143128e-02 6.161766e-03 8.109924e+00) (-1.762633e-03 1.524835e-04 8.194504e-02)) ((-3.423605e-03 -9.142026e-03 -5.562741e-03) (3.558784e-05 -1.446149e-03 -1.462520e-06))
0.39          	((8.887191e-02 5.460907e-03 6.426548e+00) (-1.761610e-03 1.374950e-04 8.002132e-02)) ((-3.653537e-03 5.918436e-03 -5.384603e-03) (3.933895e-05 -1.440532e-03 -3.065512e-07))
0.4           	((9.687294e-02 5.562031e-03 4.715668e+00) (-1.759072e-03 1.230066e-04 7.790578e-02)) ((-3.866385e-03 2.108441e-02 -5.168678e-03) (4.209573e-05 -1.432309e-03 6.471391e-07))
0.41          	((1.031634e-01 5.191561e-03 2.985056e+00) (-1.753102e-03 1.113101e-04 7.561255e-02)) ((-3.857735e-03 3.617815e-02 -4.805952e-03) (4.434855e-05 -1.419370e-03 2.278195e-06))
0.42          	((1.110840e-01 4.921225e-03 1.236212e+00) (-1.745141e-03 1.002126e-04 7.314585e-02)) ((-3.776738e-03 5.168101e-02 -4.863094e-03) (4.666681e-05 -1.402461e-03 4.110909e-06))
0.43          	((1.171852e-01 6.203617e-03 -5.201707e-01) (-1.733602e-03 8.917212e-05 7.052288e-02)) ((-4.103723e-03 6.700488e-02 -4.546130e-03) (4.881269e-05 -1.382495e-03 6.017890e-06))
0.44          	((1.229001e-01 6.153370e-03 -2.289517e+00) (-1.720346e-03 7.669943e-05 6.774554e-02)) ((-4.239373e-03 8.193555e-02 -4.273363e-03) (5.082526e-05 -1.359670e-03 8.093695e-06))
0.45          	((1.290594e-01 5.899720e-03 -4.063070e+00) (-1.703927e-03 6.732230e-05 6.482023e-02)) ((-4.348161e-03 9.736865e-02 -4.004181e-03) (5.358021e-05 -1.333672e-03 1.016070e-05))
0.46          	((1.341340e-01 4.719123e-03 -5.836618e+00) (-1.688404e-03 5.799537e-05 6.175645e-02)) ((-4.365290e-03 1.124238e-01 -3.973349e-03) (5.574022e-05 -1.304564e-03 1.243514e-05))
0.47          	((1.386829e-01 4.741402e-03 -7.606869e+00) (-1.672978e-03 4.522952e-05 5.855988e-02)) ((-4.398405e-03 1.272018e-01 -3.607798e-03) (5.788829e-05 -1.272438e-03 1.446893e-05))
0.48          	((1.424705e-01 4.876888e-03 -9.370333e+00) (-1.657742e-03 3.302614e-05 5.524194e-02)) ((-4.532381e-03 1.416783e-01 -3.298004e-03) (5.920119e-05 -1.237819e-03 1.645980e-05))
0.49          	((1.450922e-01 5.069740e-03 -1.111954e+01) (-1.642592e-03 2.395932e-05 5.180421e-02)) ((-4.586399e-03 1.560572e-01 -3.163094e-03) (6.056227e-05 -1.200522e-03 1.833566e-05))
0.5           	((1.458311e-01 4.481880e-03 -1.285299e+01) (-1.626538e-03 1.237428e-05 4.826761e-02)) ((-4.493071e-03 1.702980e-01 -2.973418e-03) (6.205211e-05 -1.161835e-03 1.961077e-05))
0.51          	((1.463992e-01 2.664913e-03 -1.455688e+01) (-1.609216e-03 1.608470e-06 4.463330e-02)) ((-4.334061e-03 1.839115e-01 -2.764662e-03) (6.282336e-05 -1.120869e-03 2.120789e-05))
0.52          	((1.462903e-01 3.195123e-03 -1.623506e+01) (-1.592876e-03 -5.243140e-06 4.090869e-02)) ((-4.360231e-03 1.970126e-01 -2.402467e-03) (6.285817e-05 -1.078012e-03 2.211637e-05))
0.53          	((1.443223e-01 3.297940e-03 -1.788480e+01) (-1.576843e-03 -8.724733e-06 3.710472e-02)) ((-4.274574e-03 2.097310e-01 -2.058644e-03) (6.188815e-05 -1.033169e-03 2.276167e-05))
0.54          	((1.408111e-01 3.248297e-03 -1.949903e+01) (-1.561737e-03 -1.064369e-05 3.322295e-02)) ((-4.561840e-03 2.222832e-01 -1.601477e-03) (6.060181e-05 -9.867280e-04 2.302754e-05))
0.55          	((1.357245e-01 2.813348e-03 -2.107499e+01) (-1.547156e-03 -8.666734e-06 2.927859e-02)) ((-4.652359e-03 2.345688e-01 -1.364052e-03) (5.872586e-05 -9.381812e-04 2.267578e-05))
0.56          	((1.307960e-01 1.937900e-03 -2.260558e+01) (-1.533302e-03 -6.582658e-06 2.527556e-02)) ((-4.615464e-03 2.460140e-01 -9.991903e-04) (5.682760e-05 -8.885266e-04 2.198822e-05))
0.57          	((1.249319e-01 1.905066e-03 -2.409316e+01) (-1.520215e-03 -4.216297e-06 2.122503e-02)) ((-4.648731e-03 2.568179e-01 -7.614526e-04) (5.529797e-05 -8.373759e-04 2.137542e-05))
0.58          	((1.171734e-01 1.926957e-03 -2.552765e+01) (-1.502864e-03 -4.182366e-06 1.713091e-02)) ((-4.627373e-03 2.676866e-01 -3.680126e-04) (5.354161e-05 -7.850920e-04 2.049672e-05))
0.59          	((1.090055e-01 1.619486e-03 -2.690432e+01) (-1.485382e-03 -2.504590e-06 1.300341e-02)) ((-4.615457e-03 2.776001e-01 -1.174788e-04) (5.134756e-05 -7.318630e-04 1.992905e-05))
0.6           	((9.937872e-02 2.656674e-03 -2.822104e+01) (-1.468142e-03 -1.700647e-06 8.848287e-03)) ((-4.927137e-03 2.870544e-01 2.171789e-04) (4.884927e-05 -6.781750e-04 1.895026e-05))
0.61          	((8.921003e-02 3.104065e-03 -2.948187e+01) (-1.452195e-03 -1.373573e-06 4.670531e-03)) ((-5.266577e-03 2.958367e-01 5.040008e-04) (4.628495e-05 -6.243803e-04 1.825368e-05))
0.62          	((8.102069e-02 3.073960e-03 -3.067531e+01) (-1.438905e-03 -1.505453e-06 4.696026e-04)) ((-5.096124e-03 3.039823e-01 8.560110e-04) (4.377678e-05 -5.701507e-04 1.782531e-05))
0.63          	((7.096326e-02 2.976107e-03 -3.180851e+01) (-1.424119e-03 -4.551130e-06 -3.740405e-03)) ((-5.047184e-03 3.111881e-01 1.112600e-03) (4.134388e-05 -5.155934e-04 1.796927e-05))
0.64          	((6.285322e-02 7.128194e-03 -3.289149e+01) (-1.415745e-03 -9.728969e-06 -7.962674e-03)) ((-4.657817e-03 3.174680e-01 1.373800e-03) (3.951580e-05 -4.611931e-04 1.866326e-05))
0.65          	((5.248516e-02 8.222570e-03 -3.389133e+01) (-1.406509e-03 -1.594358e-05 -1.219878e-02)) ((-4.759222e-03 3.233055e-01 2.060701e-03) (3.817650e-05 -4.067841e-04 1.892028e-05))
0.66          	((4.566969e-02 9.353970e-03 -3.484010e+01) (-1.398558e-03 -2.007293e-05 -1.645562e-02)) ((-4.617661e-03 3.288369e-01 2.398496e-03) (3.622636e-05 -3.518435e-04 2.008447e-05))
0.67          	((3.854899e-02 1.024129e-02 -3.573921e+01) (-1.393012e-03 -2.380003e-05 -2.073517e-02)) ((-4.585715e-03 3.333175e-01 2.180670e-03) (3.483413e-05 -2.966460e-04 2.233757e-05))
0.68          	((3.165158e-02 1.274221e-02 -3.656997e+01) (-1.385269e-03 -2.890985e-05 -2.503980e-02)) ((-4.312465e-03 3.377145e-01 3.146175e-03) (3.287101e-05 -2.398333e-04 2.512564e-05))
0.69          	((2.564020e-02 1.294701e-02 -3.733771e+01) (-1.373011e-03 -3.339018e-05 -2.937733e-02)) ((-4.354107e-03 3.403617e-01 4.025369e-03) (3.143867e-05 -1.824005e-04 2.842229e-05))
0.7           	((1.652389e-02 1.743208e-02 -3.805689e+01) (-1.353387e-03 -3.774089e-05 -3.375309e-02)) ((-4.032732e-03 3.428663e-01 4.808614e-03) (3.038284e-05 -1.240231e-04 3.230989e-05))
0.71          	((1.429098e-02 2.063599e-02 -3.872916e+01) (-1.324181e-03 -4.390454e-05 -3.816498e-02)) ((-3.602893e-03 3.453904e-01 4.926193e-03) (2.823208e-05 -6.490184e-05 3.731073e-05))
0.72          	((1.265156e-02 2.257022e-02 -3.934744e+01) (-1.285435e-03 -4.924525e-05 -4.262707e-02)) ((-3.379344e-03 3.467445e-01 5.950519e-03) (2.510897e-05 -5.343571e-06 4.242459e-05))
0.73          	((9.545527e-03 2.606233e-02 -3.991469e+01) (-1.236666e-03 -4.998921e-05 -4.713331e-02)) ((-3.887936e-03 3.476203e-01 6.904072e-03) (2.097094e-05 5.498405e-05 4.710739e-05))
0.74          	((1.126541e-02 2.711684e-02 -4.045793e+01) (-1.174749e-03 -4.372246e-05 -5.167518e-02)) ((-3.353503e-03 3.486384e-01 7.428253e-03) (1.630733e-05 1.176432e-04 5.095833e-05))
0.75          	((1.126191e-02 2.890908e-02 -4.092666e+01) (-1.101616e-03 -4.200448e-05 -5.625901e-02)) ((-3.768193e-03 3.485833e-01 8.254595e-03) (1.236333e-05 1.811896e-04 5.452081e-05))
0.76          	((1.723391e-02 3.153841e-02 -4.144046e+01) (-1.011495e-03 -3.862680e-05 -6.087149e-02)) ((-3.624363e-03 3.496494e-01 9.141963e-03) (6.504601e-06 2.465064e-04 5.823311e-05))
0.77          	((2.198346e-02 3.197571e-02 -4.171697e+01) (-9.045617e-04 -3.576977e-05 -6.549091e-02)) ((-3.732060e-03 3.474381e-01 9.888472e-03) (7.702787e-07 3.153255e-04 6.140249e-05))
0.78          	((2.884310e-02 3.268850e-02 -4.218133e+01) (-7.922865e-04 -3.917477e-05 -7.013457e-02)) ((-4.009244e-03 3.475376e-01 1.049337e-02) (-3.141248e-06 3.866075e-04 6.455763e-05))
0.79          	((4.024882e-02 3.278471e-02 -4.242903e+01) (-6.667660e-04 -4.625642e-05 -7.478378e-02)) ((-3.714532e-03 3.467403e-01 1.088599e-02) (-6.468319e-06 4.609086e-04 6.677080e-05))
0.8           	((5.577247e-02 3.407096e-02 -4.268168e+01) (-5.312424e-04 -5.190067e-05 -7.941535e-02)) ((-3.618049e-03 3.448685e-01 1.127650e-02) (-9.444890e-06 5.398054e-04 6.915113e-05))
0.81          	((6.548280e-02 3.350783e-02 -4.287596e+01) (-3.943642e-04 -5.949059e-05 -8.401205e-02)) ((-3.534869e-03 3.414365e-01 1.159910e-02) (-1.281958e-05 6.213050e-04 7.136976e-05))
0.82          	((7.948255e-02 3.536984e-02 -4.302541e+01) (-2.527124e-04 -6.756469e-05 -8.856531e-02)) ((-3.592073e-03 3.387690e-01 1.225193e-02) (-1.496143e-05 7.083628e-04 7.417761e-05))
0.83          	((9.134458e-02 3.763478e-02 -4.312133e+01) (-1.201485e-04 -7.468660e-05 -9.305554e-02)) ((-3.829473e-03 3.353014e-01 1.272546e-02) (-1.620302e-05 7.978965e-04 7.759836e-05))
0.84          	((1.023577e-01 3.765562e-02 -4.312057e+01) (-1.471138e-06 -7.997845e-05 -9.745589e-02)) ((-3.491544e-03 3.304182e-01 1.279596e-02) (-1.850266e-05 8.916628e-04 8.118936e-05))
0.85          	((1.160981e-01 3.957790e-02 -4.306762e+01) (1.106429e-04 -7.996794e-05 -1.017349e-01)) ((-3.068029e-03 3.250125e-01 1.290529e-02) (-1.819410e-05 9.905835e-04 8.542250e-05))
0.86          	((1.281791e-01 4.236359e-02 -4.295294e+01) (2.089713e-04 -7.351358e-05 -1.058716e-01)) ((-3.164541e-03 3.191920e-01 1.331228e-02) (-2.049770e-05 1.091240e-03 9.072976e-05))
0.87          	((1.396716e-01 4.197039e-02 -4.279552e+01) (2.987967e-04 -6.717689e-05 -1.098328e-01)) ((-2.998822e-03 3.135204e-01 1.320370e-02) (-2.071269e-05 1.192574e-03 9.633078e-05))
0.88          	((1.480730e-01 4.131772e-02 -4.257388e+01) (3.900858e-04 -5.630952e-05 -1.135914e-01)) ((-3.094533e-03 3.072972e-01 1.325959e-02) (-2.306853e-05 1.295405e-03 1.043718e-04))
0.89          	((1.534288e-01 4.211707e-02 -4.228724e+01) (4.781200e-04 -4.663703e-05 -1.171147e-01)) ((-2.953256e-03 3.012582e-01 1.264828e-02) (-2.433403e-05 1.398285e-03 1.109602e-04))
0.9           	((1.584770e-01 4.098897e-02 -4.191705e+01) (5.631927e-04 -3.962963e-05 -1.203876e-01)) ((-2.600602e-03 2.954777e-01 1.256702e-02) (-2.609877e-05 1.498199e-03 1.176458e-04))
0.91          	((1.655074e-01 3.668187e-02 -4.147317e+01) (6.629657e-04 -2.798617e-05 -1.233810e-01)) ((-2.092795e-03 2.888899e-01 1.077222e-02) (-2.644939e-05 1.596643e-03 1.224774e-04))
0.92          	((1.681263e-01 3.257928e-02 -4.094272e+01) (7.841539e-04 -1.660060e-05 -1.260933e-01)) ((-1.301978e-03 2.825911e-01 9.565215e-03) (-2.790385e-05 1.689369e-03 1.271628e-04))
0.93          	((1.732982e-01 2.541338e-02 -4.031541e+01) (9.202911e-04 -8.012600e-06 -1.285063e-01)) ((-1.406068e-04 2.766448e-01 8.041265e-03) (-2.723680e-05 1.778751e-03 1.286327e-04))
0.94          	((1.755568e-01 1.879737e-02 -3.959097e+01) (1.081717e-03 -1.760370e-06 -1.306006e-01)) ((5.170980e-04 2.703652e-01 6.344801e-03) (-2.661086e-05 1.863940e-03 1.270912e-04))
0.95          	((1.770529e-01 9.054916e-03 -3.877729e+01) (1.259687e-03 1.501898e-06 -1.323953e-01)) ((1.254458e-03 2.636402e-01 4.786865e-03) (-2.752835e-05 1.942585e-03 1.223981e-04))
0.96          	((1.800454e-01 -6.919898e-04 -3.786973e+01) (1.452846e-03 4.158598e-06 -1.338693e-01)) ((2.229543e-03 2.571143e-01 2.999248e-03) (-2.529907e-05 2.013753e-03 1.158580e-04))
0.97          	((1.817447e-01 -6.953292e-03 -3.686513e+01) (1.649406e-03 -2.655789e-07 -1.350247e-01)) ((2.445273e-03 2.500331e-01 6.523894e-04) (-2.454138e-05 2.075635e-03 1.066250e-04))
0.98          	((1.832729e-01 -1.516562e-02 -3.576949e+01) (1.845903e-03 -5.553865e-06 -1.358692e-01)) ((2.963428e-03 2.423967e-01 -1.971189e-03) (-2.417324e-05 2.126680e-03 9.787737e-05))
0.99          	((1.828407e-01 -2.404692e-02 -3.459185e+01) (2.048165e-03 -6.535236e-06 -1.364138e-01)) ((2.932490e-03 2.343540e-01 -4.728435e-03) (-2.280414e-05 2.167585e-03 9.089049e-05))
1             	((1.833516e-01 -3.121029e-02 -3.332535e+01) (2.240859e-03 -6.468872e-06 -1.366480e-01)) ((3.110543e-03 2.256770e-01 -7.612501e-03) (-2.148688e-05 2.195823e-03 8.492932e-05))
1.01          	((1.809731e-01 -4.194792e-02 -3.197483e+01) (2.430306e-03 -9.826950e-06 -1.365811e-01)) ((3.878845e-03 2.165582e-01 -1.023562e-02) (-2.255242e-05 2.214613e-03 8.044132e-05))
1.02          	((1.769652e-01 -4.734588e-02 -3.053941e+01) (2.617069e-03 -1.003675e-05 -1.362176e-01)) ((3.821047e-03 2.067044e-01 -1.215196e-02) (-2.555669e-05 2.224483e-03 7.980572e-05))
1.03          	((1.733244e-01 -5.288391e-02 -2.903266e+01) (2.799195e-03 -1.350854e-05 -1.355628e-01)) ((3.687164e-03 1.968745e-01 -1.339412e-02) (-3.149853e-05 2.224670e-03 8.358332e-05))
1.04          	((1.681928e-01 -5.667785e-02 -2.747012e+01) (2.977153e-03 -1.622369e-05 -1.346246e-01)) ((3.689757e-03 1.861422e-01 -1.422037e-02) (-3.857577e-05 2.216363e-03 8.971646e-05))
1.05          	((1.608818e-01 -6.048628e-02 -2.584499e+01) (3.144381e-03 -1.754788e-05 -1.334192e-01)) ((4.036062e-03 1.749581e-01 -1.465175e-02) (-4.775303e-05 2.200157e-03 9.884392e-05))
1.06          	((1.554269e-01 -6.247729e-02 -2.417520e+01) (3.309889e-03 -1.783556e-05 -1.319499e-01)) ((4.518038e-03 1.632699e-01 -1.432128e-02) (-5.679432e-05 2.178546e-03 1.124845e-04))
1.07          	((1.482638e-01 -6.424403e-02 -2.245311e+01) (3.470229e-03 -1.990103e-05 -1.302319e-01)) ((5.134753e-03 1.510075e-01 -1.296137e-02) (-6.367167e-05 2.151211e-03 1.272232e-04))
1.08          	((1.420704e-01 -6.431944e-02 -2.069036e+01) (3.609207e-03 -2.376664e-05 -1.282681e-01)) ((5.894218e-03 1.391381e-01 -1.146720e-02) (-6.966346e-05 2.116819e-03 1.426365e-04))
1.09          	((1.344174e-01 -6.408695e-02 -1.889500e+01) (3.740424e-03 -3.040735e-05 -1.260744e-01)) ((6.897006e-03 1.259091e-01 -8.973597e-03) (-7.382906e-05 2.077127e-03 1.576939e-04))
1.1           	((1.287531e-01 -6.370197e-02 -1.706422e+01) (3.855029e-03 -3.929535e-05 -1.236548e-01)) ((8.062095e-03 1.128831e-01 -6.340710e-03) (-7.505788e-05 2.033315e-03 1.717847e-04))
1.11          	((1.220823e-01 -6.090764e-02 -1.520777e+01) (3.942186e-03 -5.139593e-05 -1.210117e-01)) ((8.697438e-03 9.910575e-02 -3.937463e-03) (-7.431890e-05 1.985300e-03 1.852492e-04))
1.12          	((1.180932e-01 -5.987467e-02 -1.333540e+01) (4.002756e-03 -5.705176e-05 -1.181356e-01)) ((9.728837e-03 8.482039e-02 -9.907038e-04) (-7.487634e-05 1.931958e-03 1.988706e-04))
1.13          	((1.127864e-01 -6.076776e-02 -1.145128e+01) (4.050196e-03 -6.471432e-05 -1.150517e-01)) ((1.099615e-02 7.069201e-02 1.966401e-03) (-7.431331e-05 1.878707e-03 2.107983e-04))
1.14          	((1.082318e-01 -5.720756e-02 -9.541694e+00) (4.076475e-03 -7.157444e-05 -1.117606e-01)) ((1.148859e-02 5.585420e-02 4.847665e-03) (-7.273783e-05 1.823071e-03 2.209378e-04))
1.15          	((1.032961e-01 -5.649017e-02 -7.631264e+00) (4.080643e-03 -7.528960e-05 -1.082743e-01)) ((1.204828e-02 4.105321e-02 7.595319e-03) (-7.036464e-05 1.766806e-03 2.295988e-04))
1.16          	((9.915100e-02 -5.278935e-02 -5.707794e+00) (4.069457e-03 -7.585746e-05 -1.046110e-01)) ((1.237307e-02 2.659918e-02 9.543900e-03) (-6.720490e-05 1.709082e-03 2.369629e-04))
1.17          	((9.256820e-02 -5.034126e-02 -3.778367e+00) (4.045338e-03 -7.180545e-05 -1.007795e-01)) ((1.277774e-02 1.096875e-02 1.138325e-02) (-6.413949e-05 1.650395e-03 2.406674e-04))
1.18          	((8.803788e-02 -4.922785e-02 -1.838471e+00) (4.013102e-03 -6.126753e-05 -9.678641e-02)) ((1.303421e-02 -4.452295e-03 1.315424e-02) (-6.125898e-05 1.589033e-03 2.427984e-04))
1.19          	((8.142892e-02 -4.805753e-02 9.045520e-02) (3.969396e-03 -4.621459e-05 -9.265260e-02)) ((1.315649e-02 -1.951585e-02 1.421357e-02) (-6.045245e-05 1.525840e-03 2.440077e-04))
1.2           	((7.508966e-02 -4.440554e-02 2.011349e+00) (3.915441e-03 -3.097506e-05 -8.839096e-02)) ((1.295491e-02 -3.468658e-02 1.496387e-02) (-6.089690e-05 1.460902e-03 2.449647e-04))
1.21          	((6.856577e-02 -4.582757e-02 3.930103e+00) (3.854863e-03 -1.796671e-05 -8.400137e-02)) ((1.341987e-02 -4.985465e-02 1.538162e-02) (-6.106040e-05 1.395021e-03 2.441391e-04))
1.22          	((6.169802e-02 -4.242737e-02 5.834340e+00) (3.787556e-03 -1.183703e-05 -7.950074e-02)) ((1.314478e-02 -6.542018e-02 1.545532e-02) (-6.136973e-05 1.326684e-03 2.421609e-04))
1.23          	((5.396169e-02 -3.918844e-02 7.723498e+00) (3.711282e-03 -7.812752e-06 -7.490906e-02)) ((1.265804e-02 -8.054763e-02 1.506359e-02) (-6.250838e-05 1.256662e-03 2.400876e-04))
1.24          	((4.610657e-02 -3.709681e-02 9.594437e+00) (3.625738e-03 -1.504166e-06 -7.023422e-02)) ((1.235662e-02 -9.499265e-02 1.469498e-02) (-6.326827e-05 1.184850e-03 2.378911e-04))
1.25          	((3.713665e-02 -3.432373e-02 1.144020e+01) (3.536131e-03 4.350191e-06 -6.549188e-02)) ((1.204932e-02 -1.096199e-01 1.405715e-02) (-6.372606e-05 1.113790e-03 2.351701e-04))
1.26          	((3.113697e-02 -3.230925e-02 1.326010e+01) (3.439988e-03 9.306376e-06 -6.068882e-02)) ((1.145761e-02 -1.242668e-01 1.384844e-02) (-6.364523e-05 1.040334e-03 2.324090e-04))
1.27          	((2.539061e-02 -3.139534e-02 1.504996e+01) (3.331283e-03 1.109373e-05 -5.583503e-02)) ((1.127760e-02 -1.385433e-01 1.317715e-02) (-6.279682e-05 9.655826e-04 2.279305e-04))
1.28          	((1.829770e-02 -2.838014e-02 1.679764e+01) (3.207451e-03 1.152518e-05 -5.093509e-02)) ((1.083495e-02 -1.527430e-01 1.248954e-02) (-6.140145e-05 8.890403e-04 2.226325e-04))
1.29          	((1.204492e-02 -2.568997e-02 1.849663e+01) (3.071476e-03 9.017014e-06 -4.599629e-02)) ((1.050130e-02 -1.664436e-01 1.211498e-02) (-6.008029e-05 8.112785e-04 2.168729e-04))
1.3           	((6.145997e-03 -2.537502e-02 2.014569e+01) (2.924013e-03 5.716368e-06 -4.102979e-02)) ((1.035695e-02 -1.795883e-01 1.159822e-02) (-5.910652e-05 7.316544e-04 2.096891e-04))
1.31          	((1.032618e-03 -2.075856e-02 2.175795e+01) (2.768214e-03 2.085555e-06 -3.603374e-02)) ((9.762745e-03 -1.920769e-01 1.120829e-02) (-5.810192e-05 6.500527e-04 2.020869e-04))
1.32          	((-4.031945e-03 -1.841870e-02 2.331418e+01) (2.602901e-03 -1.817082e-06 -3.101757e-02)) ((9.077915e-03 -2.041592e-01 1.084153e-02) (-5.674133e-05 5.681520e-04 1.944877e-04))
1.33          	((-8.141095e-03 -1.906784e-02 2.480273e+01) (2.432498e-03 -1.274867e-06 -2.599062e-02)) ((9.398406e-03 -2.159691e-01 1.024917e-02) (-5.468959e-05 4.860326e-04 1.869244e-04))
1.34          	((-1.278687e-02 -1.830502e-02 2.623047e+01) (2.261580e-03 -9.828413e-07 -2.095632e-02)) ((9.312796e-03 -2.277837e-01 9.685872e-03) (-5.270987e-05 4.041719e-04 1.781953e-04))
1.35          	((-1.748985e-02 -1.691730e-02 2.760079e+01) (2.087208e-03 1.414405e-06 -1.592140e-02)) ((9.067151e-03 -2.387873e-01 9.084679e-03) (-5.052048e-05 3.235429e-04 1.698448e-04))
1.36          	((-2.163163e-02 -1.517718e-02 2.890335e+01) (1.911032e-03 6.557263e-06 -1.089265e-02)) ((8.583527e-03 -2.495987e-01 8.734448e-03) (-4.806662e-05 2.443807e-04 1.618201e-04))
1.37          	((-2.573137e-02 -1.265288e-02 3.014159e+01) (1.736968e-03 9.738665e-06 -5.872109e-03)) ((8.710645e-03 -2.593607e-01 8.576711e-03) (-4.487669e-05 1.667284e-04 1.529806e-04))
1.38          	((-2.951674e-02 -1.113881e-02 3.130106e+01) (1.562891e-03 9.059096e-06 -8.585041e-04)) ((8.724793e-03 -2.692705e-01 8.385513e-03) (-4.074717e-05 8.912959e-05 1.431992e-04))
1.39          	((-3.332414e-02 -1.029829e-02 3.240372e+01) (1.384772e-03 4.021906e-06 4.151170e-03)) ((8.661078e-03 -2.787221e-01 8.117278e-03) (-3.587938e-05 1.189490e-05 1.316633e-04))
1.4           	((-4.077671e-02 -8.349885e-03 3.343733e+01) (1.201394e-03 4.070238e-08 9.153428e-03)) ((7.702374e-03 -2.871856e-01 7.936994e-03) (-3.046054e-05 -6.442456e-05 1.196936e-04))
1.41          	((-4.508373e-02 -7.192677e-03 3.439809e+01) (1.014851e-03 -8.310822e-06 1.414475e-02)) ((7.996882e-03 -2.956908e-01 7.633207e-03) (-2.470854e-05 -1.396409e-04 1.071114e-04))
1.42          	((-5.294767e-02 -6.865108e-03 3.530543e+01) (8.294044e-04 -1.307321e-05 1.912239e-02)) ((8.766043e-03 -3.031020e-01 7.527861e-03) (-1.844729e-05 -2.131845e-04 9.414438e-05))
1.43          	((-5.910067e-02 -7.374553e-03 3.614978e+01) (6.489576e-04 -1.606006e-05 2.408866e-02)) ((8.024760e-03 -3.098842e-01 7.336328e-03) (-1.164858e-05 -2.845633e-04 8.047375e-05))
1.44          	((-6.812475e-02 -5.037246e-03 3.693535e+01) (4.745129e-04 -1.642509e-05 2.904808e-02)) ((7.652050e-03 -3.157569e-01 6.888639e-03) (-4.578737e-06 -3.548140e-04 6.688210e-05))
1.45          	((-7.345025e-02 -3.151709e-03 3.765157e+01) (3.038776e-04 -1.257136e-05 3.400262e-02)) ((7.322898e-03 -3.210228e-01 6.638306e-03) (2.348556e-06 -4.236858e-04 5.310379e-05))
1.46          	((-7.797303e-02 -3.375784e-03 3.832509e+01) (1.353847e-04 -8.766744e-06 3.895541e-02)) ((7.238417e-03 -3.265535e-01 6.035413e-03) (8.336134e-06 -4.914124e-04 3.883517e-05))
1.47          	((-8.647231e-02 -6.553355e-04 3.894122e+01) (-2.305745e-05 -4.106652e-06 4.390335e-02)) ((7.115880e-03 -3.314088e-01 4.957514e-03) (1.406136e-05 -5.578296e-04 2.573024e-05))
1.48          	((-9.674951e-02 -9.347226e-04 3.951836e+01) (-1.773509e-04 2.408584e-06 4.884518e-02)) ((7.138669e-03 -3.349319e-01 4.643863e-03) (1.916039e-05 -6.232378e-04 1.284385e-05))
1.49          	((-1.047889e-01 1.485745e-03 3.999056e+01) (-3.281241e-04 1.456755e-05 5.377674e-02)) ((6.382526e-03 -3.376924e-01 3.973017e-03) (2.359584e-05 -6.875258e-04 2.729722e-07))
1.5           	((-1.083169e-01 1.652666e-03 4.046496e+01) (-4.797012e-04 3.038119e-05 5.869612e-02)) ((6.249919e-03 -3.394740e-01 3.041209e-03) (2.642431e-05 -7.511500e-04 -1.118405e-05))
1.51          	((-1.173062e-01 6.732047e-03 4.098930e+01) (-6.266595e-04 4.875845e-05 6.359887e-02)) ((6.114578e-03 -3.418745e-01 2.227171e-03) (2.836865e-05 -8.135484e-04 -2.234308e-05))
1.52          	((-1.199128e-01 9.344169e-03 4.129219e+01) (-7.682792e-04 6.375246e-05 6.846758e-02)) ((5.740196e-03 -3.414039e-01 1.560951e-03) (3.044672e-05 -8.740880e-04 -3.448372e-05))
1.53          	((-1.219586e-01 8.985087e-03 4.175678e+01) (-9.123986e-04 8.020148e-05 7.331575e-02)) ((4.905788e-03 -3.418688e-01 1.278547e-03) (3.174577e-05 -9.348304e-04 -4.560373e-05))
1.54          	((-1.229070e-01 1.168820e-02 4.202954e+01) (-1.056297e-03 1.025920e-04 7.812166e-02)) ((4.599613e-03 -3.410291e-01 6.248109e-04) (3.254098e-05 -9.968741e-04 -5.605828e-05))
1.55          	((-1.281380e-01 1.174588e-02 4.227562e+01) (-1.206812e-03 1.380895e-04 8.286701e-02)) ((4.507954e-03 -3.390011e-01 -1.926892e-04) (3.237687e-05 -1.059025e-03 -6.604817e-05))
1.56          	((-1.354128e-01 1.603116e-02 4.246677e+01) (-1.359897e-03 1.783716e-04 8.753303e-02)) ((3.051604e-03 -3.358842e-01 -6.930481e-04) (3.186797e-05 -1.120957e-03 -7.491135e-05))
1.57          	((-1.371969e-01 1.625773e-02 4.260456e+01) (-1.509455e-03 2.246258e-04 9.211299e-02)) ((2.316235e-03 -3.323641e-01 -2.261198e-04) (3.180025e-05 -1.182987e-03 -8.348563e-05))
1.58          	((-1.348049e-01 2.074706e-02 4.269015e+01) (-1.656761e-03 2.665278e-04 9.657875e-02)) ((9.788538e-04 -3.288201e-01 5.201030e-04) (2.948097e-05 -1.245396e-03 -9.220994e-05))
1.59          	((-1.335829e-01 2.460059e-02 4.273184e+01) (-1.786439e-03 2.977864e-04 1.009020e-01)) ((-3.633093e-04 -3.241921e-01 1.312106e-03) (2.588445e-05 -1.308130e-03 -1.028316e-04))
1.6           	((-1.357980e-01 2.089137e-02 4.272870e+01) (-1.892644e-03 3.292248e-04 1.050631e-01)) ((-7.592909e-04 -3.196043e-01 2.149501e-03) (2.036733e-05 -1.369490e-03 -1.146417e-04))
1.61          	((-1.364808e-01 2.468013e-02 4.267144e+01) (-1.982250e-03 3.562722e-04 1.090376e-01)) ((-2.176001e-03 -3.140824e-01 3.389251e-03) (1.278213e-05 -1.429615e-03 -1.289295e-04))
1.62          	((-1.328003e-01 2.276568e-02 4.255580e+01) (-2.048292e-03 3.745847e-04 1.128087e-01)) ((-3.350210e-03 -3.080351e-01 4.185384e-03) (5.110094e-06 -1.487128e-03 -1.443680e-04))
1.63          	((-1.302535e-01 2.059773e-02 4.236528e+01) (-2.095275e-03 3.828541e-04 1.163422e-01)) ((-4.652960e-03 -3.013016e-01 5.350920e-03) (-2.496936e-06 -1.543125e-03 -1.629346e-04))
1.64          	((-1.246812e-01 1.979421e-02 4.210883e+01) (-2.132683e-03 3.832849e-04 1.196164e-01)) ((-5.852225e-03 -2.931321e-01 6.212382e-03) (-1.147622e-05 -1.596754e-03 -1.838639e-04))
1.65          	((-1.174182e-01 1.743362e-02 4.178350e+01) (-2.167859e-03 3.757764e-04 1.226281e-01)) ((-6.810395e-03 -2.844389e-01 6.161311e-03) (-2.026468e-05 -1.650042e-03 -2.088623e-04))
1.66          	((-1.069108e-01 1.697956e-02 4.138527e+01) (-2.197233e-03 3.599228e-04 1.253495e-01)) ((-8.053224e-03 -2.753233e-01 6.303472e-03) (-2.821692e-05 -1.702211e-03 -2.380187e-04))
1.67          	((-9.711866e-02 1.461194e-02 4.090210e+01) (-2.217790e-03 3.384304e-04 1.277721e-01)) ((-9.110202e-03 -2.660591e-01 5.280884e-03) (-3.447143e-05 -1.756478e-03 -2.697066e-04))
1.68          	((-8.639559e-02 1.429616e-02 4.033217e+01) (-2.235076e-03 3.182424e-04 1.298741e-01)) ((-1.056187e-02 -2.565877e-01 3.587382e-03) (-3.549863e-05 -1.809060e-03 -3.040845e-04))
1.69          	((-7.104220e-02 1.108842e-02 3.967823e+01) (-2.248796e-03 3.052315e-04 1.316454e-01)) ((-1.114440e-02 -2.471695e-01 1.036325e-03) (-3.422410e-05 -1.862166e-03 -3.394761e-04))
1.7           	((-5.695988e-02 8.243760e-03 3.893426e+01) (-2.261726e-03 2.943010e-04 1.330884e-01)) ((-1.196029e-02 -2.374067e-01 -2.116981e-03) (-3.057089e-05 -1.912448e-03 -3.749605e-04))
1.71          	((-3.992224e-02 6.423513e-03 3.809924e+01) (-2.278975e-03 2.898564e-04 1.341940e-01)) ((-1.229285e-02 -2.281979e-01 -5.593902e-03) (-2.362002e-05 -1.961457e-03 -4.069073e-04))
1.72          	((-2.313163e-02 4.672450e-03 3.717134e+01) (-2.297752e-03 2.938404e-04 1.349728e-01)) ((-1.271466e-02 -2.190846e-01 -9.505385e-03) (-1.474834e-05 -2.008783e-03 -4.342468e-04))
1.73          	((-5.429458e-03 5.132123e-03 3.615245e+01) (-2.321991e-03 2.939320e-04 1.354262e-01)) ((-1.261492e-02 -2.100175e-01 -1.282067e-02) (-3.603657e-06 -2.054973e-03 -4.549472e-04))
1.74          	((1.433456e-02 7.334357e-03 3.504592e+01) (-2.354283e-03 2.938373e-04 1.355707e-01)) ((-1.251220e-02 -2.002329e-01 -1.639421e-02) (1.081770e-05 -2.099338e-03 -4.691937e-04))
1.75          	((3.151905e-02 9.263508e-03 3.385082e+01) (-2.387153e-03 2.926193e-04 1.354162e-01)) ((-1.230498e-02 -1.913893e-01 -2.021238e-02) (2.844992e-05 -2.143468e-03 -4.750812e-04))
1.76          	((4.784130e-02 9.728490e-03 3.256796e+01) (-2.424746e-03 2.795171e-04 1.349791e-01)) ((-1.194093e-02 -1.818759e-01 -2.349886e-02) (4.927246e-05 -2.186475e-03 -4.756320e-04))
1.77          	((6.277818e-02 9.404486e-03 3.119518e+01) (-2.467252e-03 2.592695e-04 1.342829e-01)) ((-1.118515e-02 -1.725336e-01 -2.639429e-02) (7.144683e-05 -2.227350e-03 -4.727342e-04))
1.78          	((7.810768e-02 9.110596e-03 2.973747e+01) (-2.510370e-03 2.334830e-04 1.333346e-01)) ((-9.747983e-03 -1.628723e-01 -2.858630e-02) (9.273758e-05 -2.264270e-03 -4.648356e-04))
1.79          	((9.146916e-02 8.457583e-03 2.820511e+01) (-2.556832e-03 2.118034e-04 1.321388e-01)) ((-7.747079e-03 -1.522416e-01 -2.991011e-02) (1.126280e-04 -2.296792e-03 -4.526174e-04))
1.8           	((1.011070e-01 7.577508e-03 2.660037e+01) (-2.611034e-03 1.947762e-04 1.307157e-01)) ((-6.446254e-03 -1.416328e-01 -3.041439e-02) (1.307417e-04 -2.326891e-03 -4.366918e-04))
1.81          	((1.101094e-01 8.171113e-03 2.493215e+01) (-2.681827e-03 1.848807e-04 1.290613e-01)) ((-5.247865e-03 -1.311614e-01 -3.027201e-02) (1.461093e-04 -2.354914e-03 -4.182943e-04))
1.82          	((1.199047e-01 4.910108e-03 2.319954e+01) (-2.755083e-03 1.821350e-04 1.271794e-01)) ((-4.227702e-03 -1.198488e-01 -2.941520e-02) (1.576939e-04 -2.377028e-03 -3.997334e-04))
1.83          	((1.254187e-01 8.215387e-04 2.141038e+01) (-2.840632e-03 1.872819e-04 1.250693e-01)) ((-3.144438e-03 -1.085313e-01 -2.852919e-02) (1.657404e-04 -2.394639e-03 -3.824856e-04))
1.84          	((1.267110e-01 -4.853429e-03 1.956884e+01) (-2.941008e-03 2.011317e-04 1.227251e-01)) ((-2.122767e-03 -9.699886e-02 -2.688611e-02) (1.707052e-04 -2.407917e-03 -3.671505e-04))
1.85          	((1.289295e-01 -7.454630e-03 1.769111e+01) (-3.046829e-03 2.227975e-04 1.201618e-01)) ((-1.577955e-03 -8.427028e-02 -2.481946e-02) (1.732497e-04 -2.416224e-03 -3.542048e-04))
1.86          	((1.302036e-01 -1.011025e-02 1.577585e+01) (-3.163368e-03 2.458682e-04 1.173916e-01)) ((-1.065893e-03 -7.110645e-02 -2.231721e-02) (1.737444e-04 -2.420651e-03 -3.430829e-04))
1.87          	((1.293892e-01 -1.202486e-02 1.383065e+01) (-3.282166e-03 2.693088e-04 1.144192e-01)) ((-4.492817e-04 -5.735794e-02 -2.074812e-02) (1.729760e-04 -2.419975e-03 -3.344838e-04))
1.88          	((1.253552e-01 -1.642523e-02 1.186769e+01) (-3.408424e-03 2.906613e-04 1.112609e-01)) ((6.404359e-05 -4.310323e-02 -1.956100e-02) (1.718105e-04 -2.415424e-03 -3.261237e-04))
1.89          	((1.233866e-01 -1.661802e-02 9.888017e+00) (-3.538974e-03 3.083951e-04 1.079316e-01)) ((1.639547e-04 -2.850710e-02 -1.883110e-02) (1.708670e-04 -2.408387e-03 -3.182920e-04))
1.9           	((1.179091e-01 -1.767577e-02 7.901420e+00) (-3.663644e-03 3.217773e-04 1.044308e-01)) ((5.092367e-05 -1.324295e-02 -1.823912e-02) (1.696489e-04 -2.397682e-03 -3.115360e-04))
1.91          	((1.135889e-01 -2.011290e-02 5.909801e+00) (-3.788860e-03 3.326670e-04 1.007708e-01)) ((-1.862584e-04 1.476381e-03 -1.783436e-02) (1.679116e-04 -2.383525e-03 -3.053516e-04))
1.92          	((1.086873e-01 -1.926343e-02 3.919448e+00) (-3.908282e-03 3.395752e-04 9.695710e-02)) ((-6.409560e-04 1.682656e-02 -1.752588e-02) (1.640723e-04 -2.365953e-03 -2.986309e-04))
1.93          	((1.053702e-01 -1.710614e-02 1.938516e+00) (-4.019503e-03 3.400383e-04 9.299580e-02)) ((-1.254537e-03 3.170613e-02 -1.705901e-02) (1.598802e-04 -2.344742e-03 -2.919256e-04))
1.94          	((1.030035e-01 -1.665614e-02 -2.743428e-02) (-4.118725e-03 3.357426e-04 8.889890e-02)) ((-2.081523e-03 4.712040e-02 -1.647191e-02) (1.548381e-04 -2.319140e-03 -2.847804e-04))
1.95          	((9.984430e-02 -1.963352e-02 -1.975764e+00) (-4.211644e-03 3.244948e-04 8.467921e-02)) ((-2.580646e-03 6.272780e-02 -1.606969e-02) (1.489978e-04 -2.289887e-03 -2.774697e-04))
1.96          	((9.652171e-02 -1.923275e-02 -3.907779e+00) (-4.291457e-03 3.077067e-04 8.034236e-02)) ((-2.833830e-03 7.773399e-02 -1.549746e-02) (1.419348e-04 -2.255729e-03 -2.701994e-04))
1.97          	((9.429572e-02 -2.070157e-02 -5.824782e+00) (-4.354489e-03 2.902138e-04 7.589477e-02)) ((-3.718983e-03 9.269919e-02 -1.509855e-02) (1.338626e-04 -2.216434e-03 -2.634197e-04))
1.98          	((9.100139e-02 -1.970021e-02 -7.718465e+00) (-4.400237e-03 2.712416e-04 7.134578e-02)) ((-4.598567e-03 1.073192e-01 -1.441146e-02) (1.255486e-04 -2.171670e-03 -2.568399e-04))
1.99          	((8.830293e-02 -1.750926e-02 -9.590967e+00) (-4.425889e-03 2.496723e-04 6.670578e-02)) ((-5.273191e-03 1.219340e-01 -1.380784e-02) (1.168843e-04 -2.121662e-03 -2.504924e-04))
2             	((8.383020e-02 -1.803494e-02 -1.143037e+01) (-4.434363e-03 2.267654e-04 6.198500e-02)) ((-5.856582e-03 1.365954e-01 -1.287871e-02) (1.084050e-04 -2.065757e-03 -2.438905e-04))
2.01          	((7.722056e-02 -1.415858e-02 -1.324514e+01) (-4.427351e-03 2.058376e-04 5.719221e-02)) ((-7.068731e-03 1.505054e-01 -1.171858e-02) (1.001566e-04 -2.005066e-03 -2.367742e-04))
2.02          	((7.202659e-02 -1.338236e-02 -1.502696e+01) (-4.403959e-03 1.891574e-04 5.233817e-02)) ((-7.871028e-03 1.642395e-01 -1.101122e-02) (9.162737e-05 -1.939935e-03 -2.292504e-04))
2.03          	((6.487414e-02 -9.926917e-03 -1.676746e+01) (-4.366100e-03 1.709125e-04 4.743196e-02)) ((-8.591180e-03 1.777744e-01 -1.016352e-02) (8.391211e-05 -1.870307e-03 -2.226590e-04))
2.04          	((5.702526e-02 -8.060264e-03 -1.847355e+01) (-4.319546e-03 1.520126e-04 4.247894e-02)) ((-9.051169e-03 1.910726e-01 -8.780675e-03) (7.694155e-05 -1.796997e-03 -2.169736e-04))
2.05          	((4.894257e-02 -5.991881e-03 -2.013260e+01) (-4.257888e-03 1.342982e-04 3.748970e-02)) ((-9.604114e-03 2.038245e-01 -7.537082e-03) (7.003661e-05 -1.720306e-03 -2.116152e-04))
2.06          	((4.134119e-02 -4.759120e-03 -2.174579e+01) (-4.189845e-03 1.179153e-04 3.247754e-02)) ((-9.751417e-03 2.162202e-01 -6.546297e-03) (6.409426e-05 -1.640767e-03 -2.059887e-04))
2.07          	((3.316337e-02 -1.603340e-03 -2.331324e+01) (-4.116771e-03 9.983992e-05 2.744955e-02)) ((-1.020090e-02 2.281666e-01 -5.757411e-03) (5.842641e-05 -1.558454e-03 -2.002273e-04))
2.08          	((2.344197e-02 1.867868e-03 -2.482103e+01) (-4.042798e-03 8.030216e-05 2.240434e-02)) ((-1.079428e-02 2.395242e-01 -4.864749e-03) (5.416956e-05 -1.475097e-03 -1.936265e-04))
2.09          	((1.453811e-02 6.733839e-03 -2.626650e+01) (-3.968762e-03 5.534424e-05 1.735279e-02)) ((-1.107714e-02 2.504117e-01 -3.960245e-03) (5.055559e-05 -1.389843e-03 -1.868394e-04))
2.1           	((4.127333e-03 9.058395e-03 -2.766268e+01) (-3.883519e-03 2.696804e-05 1.229363e-02)) ((-1.157706e-02 2.608050e-01 -3.226760e-03) (4.821339e-05 -1.302085e-03 -1.804224e-04))
2.11          	((-5.908286e-03 1.167073e-02 -2.898842e+01) (-3.795846e-03 -2.111651e-06 7.234800e-03)) ((-1.184356e-02 2.705286e-01 -2.282396e-03) (4.622552e-05 -1.213473e-03 -1.722947e-04))
2.12          	((-1.560613e-02 1.421831e-02 -3.023894e+01) (-3.700103e-03 -2.693449e-05 2.177230e-03)) ((-1.221136e-02 2.798769e-01 -1.647845e-03) (4.497896e-05 -1.123460e-03 -1.629480e-04))
2.13          	((-2.443367e-02 1.709071e-02 -3.142522e+01) (-3.599653e-03 -5.845806e-05 -2.877387e-03)) ((-1.200853e-02 2.893094e-01 -9.239713e-04) (4.414840e-05 -1.032511e-03 -1.544636e-04))
2.14          	((-3.337720e-02 1.980498e-02 -3.255042e+01) (-3.499876e-03 -8.802079e-05 -7.937272e-03)) ((-1.206230e-02 2.974880e-01 -1.897670e-04) (4.419932e-05 -9.421366e-04 -1.449848e-04))
2.15          	((-4.167882e-02 2.230992e-02 -3.361474e+01) (-3.401929e-03 -1.135461e-04 -1.300427e-02)) ((-1.231814e-02 3.053001e-01 7.136227e-04) (4.398147e-05 -8.524099e-04 -1.340941e-04))
2.16          	((-4.730788e-02 2.787701e-02 -3.462529e+01) (-3.311385e-03 -1.367112e-04 -1.808223e-02)) ((-1.231209e-02 3.124629e-01 2.172900e-03) (4.395080e-05 -7.632020e-04 -1.236390e-04))
2.17          	((-5.388416e-02 2.983446e-02 -3.556651e+01) (-3.224854e-03 -1.646228e-04 -2.316876e-02)) ((-1.235985e-02 3.193640e-01 3.006531e-03) (4.539902e-05 -6.754521e-04 -1.129185e-04))
2.18          	((-5.916309e-02 3.652753e-02 -3.644073e+01) (-3.153111e-03 -1.945662e-04 -2.827317e-02)) ((-1.248428e-02 3.251673e-01 4.007562e-03) (4.723483e-05 -5.899174e-04 -1.019801e-04))
2.19          	((-6.234262e-02 3.316259e-02 -3.726085e+01) (-3.092253e-03 -2.203864e-04 -3.340183e-02)) ((-1.208865e-02 3.304801e-01 4.802214e-03) (4.953741e-05 -5.059005e-04 -9.031105e-05))
2.2           	((-6.583424e-02 3.787068e-02 -3.802645e+01) (-3.037210e-03 -2.447176e-04 -3.856338e-02)) ((-1.182309e-02 3.350308e-01 5.906051e-03) (5.172849e-05 -4.246020e-04 -7.780842e-05))
2.21          	((-6.671173e-02 4.020057e-02 -3.873191e+01) (-2.986085e-03 -2.690557e-04 -4.375354e-02)) ((-1.135619e-02 3.385193e-01 7.095821e-03) (5.429463e-05 -3.449466e-04 -6.469399e-05))
2.22          	((-6.355901e-02 4.019707e-02 -3.936688e+01) (-2.933951e-03 -2.836289e-04 -4.898008e-02)) ((-1.057682e-02 3.417686e-01 8.307589e-03) (5.699443e-05 -2.674415e-04 -5.182134e-05))
2.23          	((-5.974308e-02 4.759197e-02 -3.996524e+01) (-2.884536e-03 -2.994954e-04 -5.423866e-02)) ((-1.032725e-02 3.439398e-01 9.288133e-03) (5.968072e-05 -1.910563e-04 -3.956229e-05))
2.24          	((-5.639895e-02 4.883773e-02 -4.051250e+01) (-2.833771e-03 -3.111079e-04 -5.953994e-02)) ((-9.993562e-03 3.456088e-01 1.033239e-02) (6.185196e-05 -1.161784e-04 -2.709335e-05))
2.25          	((-5.120678e-02 4.885564e-02 -4.101100e+01) (-2.782093e-03 -3.173472e-04 -6.488374e-02)) ((-9.691748e-03 3.475272e-01 1.069879e-02) (6.402759e-05 -4.219025e-05 -1.418569e-05))
2.26          	((-4.622169e-02 4.911733e-02 -4.151581e+01) (-2.722762e-03 -3.218183e-04 -7.027416e-02)) ((-8.728315e-03 3.491924e-01 1.134759e-02) (6.475414e-05 3.271504e-05 5.632048e-07))
2.27          	((-3.291219e-02 4.785778e-02 -4.180208e+01) (-2.654840e-03 -3.230693e-04 -7.568535e-02)) ((-7.331765e-03 3.492072e-01 1.133004e-02) (6.496871e-05 1.080660e-04 1.811448e-05))
2.28          	((-2.906665e-02 4.545045e-02 -4.225911e+01) (-2.573396e-03 -3.228979e-04 -8.112016e-02)) ((-7.040207e-03 3.498301e-01 1.171844e-02) (6.380837e-05 1.852991e-04 3.716419e-05))
2.29          	((-2.117488e-02 4.604559e-02 -4.252104e+01) (-2.485211e-03 -3.159159e-04 -8.655756e-02)) ((-6.700183e-03 3.496534e-01 1.167337e-02) (6.181867e-05 2.645062e-04 5.750591e-05))
2.3           	((-1.154057e-02 4.673411e-02 -4.275975e+01) (-2.378481e-03 -3.025798e-04 -9.197698e-02)) ((-5.976286e-03 3.481230e-01 1.151028e-02) (5.913890e-05 3.475737e-04 7.775330e-05))
2.31          	((-1.343080e-03 4.392001e-02 -4.292474e+01) (-2.260698e-03 -2.827074e-04 -9.735071e-02)) ((-5.357934e-03 3.459237e-01 1.126560e-02) (5.481933e-05 4.347733e-04 9.806797e-05))
2.32          	((8.484329e-03 4.568511e-02 -4.303535e+01) (-2.137779e-03 -2.544654e-04 -1.026470e-01)) ((-5.019613e-03 3.437010e-01 1.128289e-02) (4.919038e-05 5.269362e-04 1.197917e-04))
2.33          	((1.737505e-02 4.727352e-02 -4.309815e+01) (-2.010327e-03 -2.192047e-04 -1.078412e-01)) ((-4.108174e-03 3.411691e-01 1.133958e-02) (4.032043e-05 6.243343e-04 1.395956e-04))
2.34          	((2.923745e-02 4.657147e-02 -4.310195e+01) (-1.874377e-03 -1.752438e-04 -1.128955e-01)) ((-3.655902e-03 3.378896e-01 1.117666e-02) (3.003719e-05 7.264451e-04 1.581919e-04))
2.35          	((4.225522e-02 4.560593e-02 -4.304745e+01) (-1.737953e-03 -1.257338e-04 -1.177674e-01)) ((-3.069608e-03 3.338845e-01 1.060698e-02) (1.773346e-05 8.315463e-04 1.760237e-04))
2.36          	((5.399509e-02 4.950737e-02 -4.291594e+01) (-1.599854e-03 -7.134395e-05 -1.224252e-01)) ((-2.353514e-03 3.288494e-01 9.434623e-03) (5.906917e-06 9.381179e-04 1.938363e-04))
2.37          	((6.603971e-02 4.584815e-02 -4.274007e+01) (-1.458059e-03 -1.622412e-05 -1.268252e-01)) ((-1.791245e-03 3.238185e-01 7.912369e-03) (-5.282742e-06 1.047306e-03 2.092030e-04))
2.38          	((8.101635e-02 4.224573e-02 -4.249758e+01) (-1.322440e-03 3.716864e-05 -1.309399e-01)) ((-8.550025e-04 3.174974e-01 6.469475e-03) (-1.523297e-05 1.154874e-03 2.232679e-04))
2.39          	((9.255595e-02 3.753392e-02 -4.218906e+01) (-1.186318e-03 8.204507e-05 -1.347430e-01)) ((5.189782e-05 3.108261e-01 4.348833e-03) (-2.396765e-05 1.259778e-03 2.357234e-04))
2.4           	((1.049846e-01 2.658353e-02 -4.180307e+01) (-1.043544e-03 1.230748e-04 -1.382147e-01)) ((1.755422e-03 3.036602e-01 1.934047e-03) (-2.986607e-05 1.361228e-03 2.463806e-04))
2.41          	((1.161915e-01 1.554636e-02 -4.133802e+01) (-8.962941e-04 1.553151e-04 -1.413399e-01)) ((3.394688e-03 2.959566e-01 -5.556322e-04) (-3.526913e-05 1.457790e-03 2.549541e-04))
2.42          	((1.258039e-01 3.233335e-03 -4.077930e+01) (-7.347759e-04 1.733664e-04 -1.440957e-01)) ((5.434330e-03 2.874212e-01 -3.136931e-03) (-3.744707e-05 1.547606e-03 2.611487e-04))
2.43          	((1.316167e-01 -1.606466e-02 -4.012412e+01) (-5.693820e-04 1.820039e-04 -1.464928e-01)) ((7.804518e-03 2.786160e-01 -5.304436e-03) (-3.598107e-05 1.630526e-03 2.656387e-04))
2.44          	((1.361211e-01 -3.616251e-02 -3.936355e+01) (-3.855872e-04 1.866985e-04 -1.485165e-01)) ((1.038919e-02 2.696257e-01 -7.336817e-03) (-3.312333e-05 1.703567e-03 2.692655e-04))
2.45          	((1.397431e-01 -5.628721e-02 -3.849325e+01) (-1.915724e-04 1.890504e-04 -1.501646e-01)) ((1.255253e-02 2.602549e-01 -8.580441e-03) (-2.793607e-05 1.769642e-03 2.698565e-04))
2.46          	((1.400140e-01 -7.337873e-02 -3.752961e+01) (1.153117e-05 1.920691e-04 -1.514393e-01)) ((1.386687e-02 2.512923e-01 -9.393985e-03) (-2.265134e-05 1.826697e-03 2.679862e-04))
2.47          	((1.395885e-01 -9.018939e-02 -3.646132e+01) (2.266847e-04 1.960851e-04 -1.523449e-01)) ((1.485431e-02 2.422508e-01 -9.530220e-03) (-1.832888e-05 1.876716e-03 2.647244e-04))
2.48          	((1.377635e-01 -1.050776e-01 -3.530392e+01) (4.496258e-04 2.016771e-04 -1.529085e-01)) ((1.556240e-02 2.327660e-01 -9.627507e-03) (-1.614413e-05 1.920700e-03 2.595753e-04))
2.49          	((1.336611e-01 -1.160997e-01 -3.406107e+01) (6.794613e-04 2.091130e-04 -1.531414e-01)) ((1.540017e-02 2.236917e-01 -9.622377e-03) (-1.473942e-05 1.957924e-03 2.527060e-04))
2.5           	((1.306447e-01 -1.257586e-01 -3.273535e+01) (9.175846e-04 2.166547e-04 -1.530582e-01)) ((1.517602e-02 2.153138e-01 -9.494602e-03) (-1.590421e-05 1.988242e-03 2.476391e-04))
2.51          	((1.263403e-01 -1.330015e-01 -3.133814e+01) (1.161534e-03 2.207975e-04 -1.526910e-01)) ((1.446057e-02 2.070099e-01 -9.424909e-03) (-1.936143e-05 2.013382e-03 2.457397e-04))
2.52          	((1.217490e-01 -1.371046e-01 -2.988211e+01) (1.420321e-03 2.256961e-04 -1.520484e-01)) ((1.317337e-02 1.992236e-01 -9.509846e-03) (-2.323739e-05 2.033860e-03 2.477321e-04))
2.53          	((1.155622e-01 -1.410249e-01 -2.836459e+01) (1.684543e-03 2.238875e-04 -1.511293e-01)) ((1.192225e-02 1.915839e-01 -9.425395e-03) (-2.825206e-05 2.047777e-03 2.542939e-04))
2.54          	((1.094579e-01 -1.416756e-01 -2.680039e+01) (1.949991e-03 2.181632e-04 -1.499451e-01)) ((1.113380e-02 1.835566e-01 -9.149487e-03) (-3.325343e-05 2.056976e-03 2.650832e-04))
2.55          	((1.042073e-01 -1.403605e-01 -2.518903e+01) (2.224001e-03 2.075035e-04 -1.485026e-01)) ((1.052108e-02 1.752317e-01 -8.633883e-03) (-3.978553e-05 2.060478e-03 2.768438e-04))
2.56          	((9.831816e-02 -1.378868e-01 -2.354359e+01) (2.497701e-03 1.890668e-04 -1.468121e-01)) ((9.953037e-03 1.669628e-01 -7.405189e-03) (-4.738556e-05 2.057801e-03 2.906182e-04))
2.57          	((9.128284e-02 -1.336440e-01 -2.186389e+01) (2.768233e-03 1.677199e-04 -1.448739e-01)) ((9.382776e-03 1.579717e-01 -6.439150e-03) (-5.416076e-05 2.046213e-03 3.063031e-04))
2.58          	((8.816247e-02 -1.288573e-01 -2.015103e+01) (3.026046e-03 1.358114e-04 -1.427060e-01)) ((9.171182e-03 1.484375e-01 -4.655671e-03) (-5.921375e-05 2.027815e-03 3.221380e-04))
2.59          	((8.546158e-02 -1.241196e-01 -1.840568e+01) (3.259815e-03 9.742756e-05 -1.403105e-01)) ((9.511333e-03 1.385266e-01 -2.558099e-03) (-6.248694e-05 2.001794e-03 3.371877e-04))
2.6           	((7.957869e-02 -1.203307e-01 -1.663139e+01) (3.459701e-03 5.143919e-05 -1.376991e-01)) ((1.010663e-02 1.276004e-01 -3.098215e-04) (-6.171817e-05 1.968778e-03 3.518230e-04))
2.61          	((7.518883e-02 -1.149561e-01 -1.483392e+01) (3.632406e-03 1.031079e-06 -1.348576e-01)) ((1.070934e-02 1.155802e-01 2.329854e-03) (-5.886511e-05 1.928189e-03 3.646865e-04))
2.62          	((7.023807e-02 -1.102047e-01 -1.301406e+01) (3.777016e-03 -5.019158e-05 -1.317933e-01)) ((1.158820e-02 1.026450e-01 4.930534e-03) (-5.406775e-05 1.880183e-03 3.748072e-04))
2.63          	((6.132332e-02 -1.025674e-01 -1.117366e+01) (3.897608e-03 -9.701340e-05 -1.285105e-01)) ((1.218265e-02 8.922931e-02 7.249297e-03) (-4.961539e-05 1.826262e-03 3.819151e-04))
2.64          	((5.415389e-02 -9.491578e-02 -9.313503e+00) (3.987693e-03 -1.365652e-04 -1.250158e-01)) ((1.273604e-02 7.517336e-02 9.377198e-03) (-4.445556e-05 1.767019e-03 3.858401e-04))
2.65          	((4.783020e-02 -8.682918e-02 -7.434942e+00) (4.058714e-03 -1.640620e-04 -1.213214e-01)) ((1.342533e-02 6.075144e-02 1.124721e-02) (-3.977365e-05 1.704621e-03 3.877033e-04))
2.66          	((4.158557e-02 -7.942454e-02 -5.536552e+00) (4.101072e-03 -1.797366e-04 -1.174289e-01)) ((1.407007e-02 4.601080e-02 1.212759e-02) (-3.470853e-05 1.638966e-03 3.890762e-04))
2.67          	((3.398334e-02 -6.844973e-02 -3.632626e+00) (4.115950e-03 -1.861567e-04 -1.133413e-01)) ((1.451030e-02 3.068821e-02 1.264190e-02) (-2.890502e-05 1.570861e-03 3.876517e-04))
2.68          	((2.520801e-02 -5.731945e-02 -1.721131e+00) (4.112100e-03 -1.862400e-04 -1.090717e-01)) ((1.463968e-02 1.534515e-02 1.268884e-02) (-2.329523e-05 1.499017e-03 3.849446e-04))
2.69          	((1.687840e-02 -4.723367e-02 1.978082e-01) (4.091887e-03 -1.790045e-04 -1.046213e-01)) ((1.520214e-02 -3.999519e-05 1.253567e-02) (-1.811216e-05 1.426322e-03 3.799503e-04))
2.7           	((9.432453e-03 -3.808692e-02 2.113597e+00) (4.049931e-03 -1.630743e-04 -9.999965e-02)) ((1.524874e-02 -1.548569e-02 1.196691e-02) (-1.355249e-05 1.349944e-03 3.736317e-04))
2.71          	((2.343316e-03 -2.895707e-02 4.026357e+00) (3.991305e-03 -1.390807e-04 -9.522409e-02)) ((1.576303e-02 -3.130961e-02 1.113491e-02) (-9.194130e-06 1.271514e-03 3.665729e-04))
2.72          	((-5.696719e-03 -2.300881e-02 5.929944e+00) (3.916988e-03 -1.084109e-04 -9.030824e-02)) ((1.623238e-02 -4.713761e-02 1.044197e-02) (-6.293920e-06 1.191792e-03 3.604975e-04))
2.73          	((-1.104487e-02 -1.580176e-02 7.816753e+00) (3.825041e-03 -7.545477e-05 -8.526239e-02)) ((1.637908e-02 -6.252985e-02 9.503429e-03) (-4.396716e-06 1.111656e-03 3.541239e-04))
2.74          	((-1.540732e-02 -9.575267e-03 9.685747e+00) (3.715207e-03 -4.438227e-05 -8.010735e-02)) ((1.622133e-02 -7.791825e-02 8.511000e-03) (-2.421572e-06 1.030055e-03 3.490293e-04))
2.75          	((-1.812400e-02 -3.171004e-03 1.152804e+01) (3.595158e-03 -8.434804e-06 -7.485767e-02)) ((1.613400e-02 -9.306306e-02 7.808747e-03) (-1.068317e-06 9.472474e-04 3.440408e-04))
2.76          	((-2.099320e-02 1.145418e-03 1.334791e+01) (3.461763e-03 3.157133e-05 -6.952449e-02)) ((1.628275e-02 -1.084733e-01 7.257889e-03) (5.469819e-07 8.637686e-04 3.386175e-04))
2.77          	((-2.350967e-02 4.480360e-03 1.512988e+01) (3.315613e-03 7.261128e-05 -6.412607e-02)) ((1.574723e-02 -1.235713e-01 6.909327e-03) (1.628027e-06 7.796999e-04 3.330913e-04))
2.78          	((-2.517525e-02 6.611995e-03 1.687920e+01) (3.157971e-03 1.105417e-04 -5.867365e-02)) ((1.554980e-02 -1.382637e-01 6.816512e-03) (2.186566e-06 6.949832e-04 3.274288e-04))
2.79          	((-2.666100e-02 7.012584e-03 1.858425e+01) (2.994930e-03 1.461630e-04 -5.318362e-02)) ((1.536099e-02 -1.526493e-01 6.603426e-03) (2.515603e-06 6.108201e-04 3.209542e-04))
2.8           	((-2.784952e-02 6.679248e-03 2.024649e+01) (2.822911e-03 1.751823e-04 -4.765941e-02)) ((1.527446e-02 -1.668370e-01 6.969628e-03) (2.669136e-06 5.257675e-04 3.147813e-04))
2.81          	((-2.909985e-02 5.243486e-03 2.184990e+01) (2.648164e-03 2.033613e-04 -4.211109e-02)) ((1.496235e-02 -1.804127e-01 7.119707e-03) (2.462911e-06 4.409310e-04 3.081720e-04))
2.82          	((-3.052166e-02 3.939768e-03 2.339741e+01) (2.466940e-03 2.308430e-04 -3.655292e-02)) ((1.483611e-02 -1.936138e-01 7.338157e-03) (2.373886e-06 3.563495e-04 3.009873e-04))
2.83          	((-3.245313e-02 5.856434e-03 2.488479e+01) (2.285584e-03 2.546472e-04 -3.099217e-02)) ((1.412069e-02 -2.065234e-01 7.593944e-03) (1.748276e-06 2.728710e-04 2.930175e-04))
2.84          	((-3.465745e-02 5.676222e-03 2.631641e+01) (2.103059e-03 2.768405e-04 -2.543140e-02)) ((1.354504e-02 -2.185178e-01 8.141135e-03) (2.066775e-06 1.906438e-04 2.857014e-04))
2.85          	((-3.608724e-02 3.777412e-03 2.767365e+01) (1.919607e-03 2.968400e-04 -1.988171e-02)) ((1.329799e-02 -2.304371e-01 8.236599e-03) (2.975137e-06 1.097955e-04 2.775007e-04))
2.86          	((-3.919231e-02 3.906583e-03 2.897419e+01) (1.736820e-03 3.166241e-04 -1.435611e-02)) ((1.316501e-02 -2.422115e-01 8.160356e-03) (4.358265e-06 3.132090e-05 2.692834e-04))
2.87          	((-4.033222e-02 3.348217e-03 3.021108e+01) (1.557129e-03 3.320341e-04 -8.858592e-03)) ((1.275092e-02 -2.527172e-01 8.512479e-03) (6.921524e-06 -4.478732e-05 2.612672e-04))
2.88          	((-4.284433e-02 2.793874e-03 3.137800e+01) (1.380364e-03 3.457429e-04 -3.388061e-03)) ((1.241791e-02 -2.632587e-01 8.824978e-03) (1.099604e-05 -1.196588e-04 2.532250e-04))
2.89          	((-4.656676e-02 6.160360e-03 3.248301e+01) (1.206103e-03 3.535924e-04 2.054608e-03)) ((1.134113e-02 -2.729922e-01 9.130893e-03) (1.596732e-05 -1.925738e-04 2.452920e-04))
2.9           	((-5.036481e-02 6.314220e-03 3.351182e+01) (1.036121e-03 3.529498e-04 7.463731e-03)) ((1.158797e-02 -2.824503e-01 9.554414e-03) (2.190528e-05 -2.637749e-04 2.358613e-04))
2.91          	((-5.710627e-02 5.408559e-03 3.447952e+01) (8.677066e-04 3.474699e-04 1.284104e-02)) ((1.197788e-02 -2.913342e-01 1.001434e-02) (2.793677e-05 -3.330273e-04 2.255350e-04))
2.92          	((-6.388936e-02 9.536975e-03 3.538112e+01) (6.992561e-04 3.374967e-04 1.818670e-02)) ((1.073876e-02 -2.996393e-01 1.025033e-02) (3.459849e-05 -3.994164e-04 2.144656e-04))
2.93          	((-7.357696e-02 1.027942e-02 3.621867e+01) (5.356619e-04 3.222826e-04 2.350144e-02)) ((1.040523e-02 -3.072884e-01 1.071887e-02) (4.141634e-05 -4.623923e-04 2.027165e-04))
2.94          	((-8.203346e-02 1.179909e-02 3.699251e+01) (3.751987e-04 3.058339e-04 2.879334e-02)) ((1.033644e-02 -3.128970e-01 1.059913e-02) (4.748450e-05 -5.227964e-04 1.915290e-04))
2.95          	((-8.601953e-02 1.377631e-02 3.771611e+01) (2.212753e-04 2.882574e-04 3.405993e-02)) ((9.802577e-03 -3.184067e-01 1.085085e-02) (5.444545e-05 -5.806655e-04 1.806705e-04))
2.96          	((-9.543472e-02 1.833408e-02 3.837895e+01) (7.815568e-05 2.676109e-04 3.930410e-02)) ((9.442138e-03 -3.235978e-01 1.115529e-02) (6.102519e-05 -6.358433e-04 1.701994e-04))
2.97          	((-1.053968e-01 2.297704e-02 3.899151e+01) (-5.981476e-05 2.409234e-04 4.452712e-02)) ((8.686473e-03 -3.284277e-01 1.153401e-02) (6.788358e-05 -6.892640e-04 1.600190e-04))
2.98          	((-1.140968e-01 2.481681e-02 3.955446e+01) (-1.964308e-04 2.080272e-04 4.973482e-02)) ((7.884901e-03 -3.324630e-01 1.152454e-02) (7.496356e-05 -7.404781e-04 1.501703e-04))
2.99          	((-1.226524e-01 2.776472e-02 4.005617e+01) (-3.266686e-04 1.735370e-04 5.492436e-02)) ((7.349332e-03 -3.356716e-01 1.154350e-02) (8.186913e-05 -7.903314e-04 1.406279e-04))
3             	((-1.289870e-01 2.960678e-02 4.045983e+01) (-4.529488e-04 1.373715e-04 6.008283e-02)) ((6.749794e-03 -3.374660e-01 1.217742e-02) (9.075286e-05 -8.380715e-04 1.317211e-04))
3.01          	((-1.410060e-01 2.794612e-02 4.098451e+01) (-5.841174e-04 1.002137e-04 6.521353e-02)) ((6.918598e-03 -3.400894e-01 1.205272e-02) (9.869131e-05 -8.844342e-04 1.224858e-04))
3.02          	((-1.477985e-01 3.249945e-02 4.129674e+01) (-7.132183e-04 7.139951e-05 7.029146e-02)) ((5.647609e-03 -3.402805e-01 1.199516e-02) (1.072314e-04 -9.306795e-04 1.118120e-04))
3.03          	((-1.576084e-01 3.159124e-02 4.175364e+01) (-8.535925e-04 4.575619e-05 7.532085e-02)) ((5.528152e-03 -3.414644e-01 1.209434e-02) (1.150106e-04 -9.776338e-04 1.011692e-04))
3.04          	((-1.696033e-01 3.861322e-02 4.201446e+01) (-9.993364e-04 3.399334e-05 8.028403e-02)) ((4.658435e-03 -3.415035e-01 1.210726e-02) (1.229168e-04 -1.024950e-03 9.014154e-05))
3.05          	((-1.782280e-01 3.923613e-02 4.224657e+01) (-1.157750e-03 3.392847e-05 8.516581e-02)) ((3.797438e-03 -3.407543e-01 1.216103e-02) (1.294468e-04 -1.073095e-03 7.849916e-05))
3.06          	((-1.843106e-01 4.415530e-02 4.242727e+01) (-1.326137e-03 3.817832e-05 8.995759e-02)) ((2.789849e-03 -3.390182e-01 1.197062e-02) (1.335781e-04 -1.123668e-03 6.573312e-05))
3.07          	((-1.925208e-01 4.924413e-02 4.255499e+01) (-1.498149e-03 5.138757e-05 9.463657e-02)) ((1.545936e-03 -3.379602e-01 1.192838e-02) (1.353570e-04 -1.175686e-03 5.318662e-05))
3.08          	((-2.030963e-01 5.658764e-02 4.263132e+01) (-1.671557e-03 7.448091e-05 9.917838e-02)) ((9.545960e-04 -3.364245e-01 1.232554e-02) (1.347252e-04 -1.230204e-03 4.074677e-05))
3.09          	((-2.105228e-01 6.397533e-02 4.265178e+01) (-1.842875e-03 1.087069e-04 1.035492e-01)) ((-5.846661e-05 -3.341645e-01 1.271665e-02) (1.322158e-04 -1.284820e-03 2.910967e-05))
3.1           	((-2.197524e-01 6.678059e-02 4.262373e+01) (-2.000295e-03 1.582661e-04 1.077362e-01)) ((-1.542735e-03 -3.314058e-01 1.286592e-02) (1.261122e-04 -1.340001e-03 1.916928e-05))
3.11          	((-2.261104e-01 6.973624e-02 4.253709e+01) (-2.143790e-03 2.191352e-04 1.117142e-01)) ((-3.272607e-03 -3.284307e-01 1.283877e-02) (1.181000e-04 -1.394473e-03 1.005211e-05))
3.12          	((-2.336387e-01 7.645302e-02 4.239494e+01) (-2.275431e-03 2.913108e-04 1.154586e-01)) ((-6.070842e-03 -3.247621e-01 1.296729e-02) (1.065244e-04 -1.449459e-03 3.203989e-07))
3.13          	((-2.368740e-01 8.264788e-02 4.218650e+01) (-2.388651e-03 3.683934e-04 1.189491e-01)) ((-8.752244e-03 -3.200488e-01 1.303980e-02) (9.296761e-05 -1.502429e-03 -9.828849e-06))
3.14          	((-2.406247e-01 8.666364e-02 4.190643e+01) (-2.487244e-03 4.463950e-04 1.221682e-01)) ((-1.114070e-02 -3.136898e-01 1.298946e-02) (7.973807e-05 -1.554201e-03 -2.133019e-05))
3.15          	((-2.433397e-01 8.707976e-02 4.155560e+01) (-2.569305e-03 5.190456e-04 1.251038e-01)) ((-1.321733e-02 -3.065014e-01 1.210587e-02) (6.521594e-05 -1.604335e-03 -3.465236e-05))
3.16          	((-2.435931e-01 8.991664e-02 4.112147e+01) (-2.632267e-03 5.794227e-04 1.277380e-01)) ((-1.458120e-02 -2.982075e-01 1.104529e-02) (5.418263e-05 -1.653925e-03 -5.006167e-05))
3.17          	((-2.430769e-01 8.963762e-02 4.060643e+01) (-2.683297e-03 6.232829e-04 1.300832e-01)) ((-1.582778e-02 -2.888381e-01 9.371876e-03) (4.648905e-05 -1.702703e-03 -6.669210e-05))
3.18          	((-2.424607e-01 8.857395e-02 4.000924e+01) (-2.718115e-03 6.446682e-04 1.321128e-01)) ((-1.591642e-02 -2.787009e-01 6.543952e-03) (4.193967e-05 -1.750986e-03 -8.267315e-05))
3.19          	((-2.406073e-01 8.717845e-02 3.932540e+01) (-2.735132e-03 6.446359e-04 1.338266e-01)) ((-1.519055e-02 -2.677036e-01 2.898323e-03) (4.067794e-05 -1.797868e-03 -9.786927e-05))
3.2           	((-2.362906e-01 8.213693e-02 3.855229e+01) (-2.750185e-03 6.206888e-04 1.352344e-01)) ((-1.381707e-02 -2.562156e-01 -6.327498e-04) (4.075473e-05 -1.845344e-03 -1.107589e-04))
3.21          	((-2.259709e-01 7.734774e-02 3.768471e+01) (-2.762584e-03 5.841441e-04 1.363422e-01)) ((-1.183693e-02 -2.442218e-01 -4.192831e-03) (4.402621e-05 -1.893140e-03 -1.199706e-04))
3.22          	((-2.179359e-01 7.430077e-02 3.673265e+01) (-2.776618e-03 5.487140e-04 1.371451e-01)) ((-9.972866e-03 -2.324181e-01 -8.192486e-03) (4.863951e-05 -1.943595e-03 -1.256671e-04))
3.23          	((-2.036170e-01 7.085395e-02 3.569569e+01) (-2.801639e-03 5.132054e-04 1.376480e-01)) ((-8.576030e-03 -2.201897e-01 -1.179684e-02) (5.520773e-05 -1.997281e-03 -1.284410e-04))
3.24          	((-1.845517e-01 6.441270e-02 3.457451e+01) (-2.834611e-03 4.791208e-04 1.378425e-01)) ((-6.787486e-03 -2.082438e-01 -1.510014e-02) (6.455771e-05 -2.052348e-03 -1.280698e-04))
3.25          	((-1.643127e-01 6.006914e-02 3.336639e+01) (-2.885702e-03 4.529444e-04 1.377428e-01)) ((-5.186405e-03 -1.964370e-01 -1.784784e-02) (7.680825e-05 -2.107645e-03 -1.254551e-04))
3.26          	((-1.435279e-01 5.458062e-02 3.207281e+01) (-2.952655e-03 4.342430e-04 1.373644e-01)) ((-3.879505e-03 -1.845775e-01 -2.060370e-02) (9.093903e-05 -2.162848e-03 -1.187873e-04))
3.27          	((-1.204709e-01 4.970900e-02 3.069070e+01) (-3.034102e-03 4.165907e-04 1.367126e-01)) ((-3.361881e-03 -1.728813e-01 -2.224832e-02) (1.064352e-04 -2.217319e-03 -1.084918e-04))
3.28          	((-9.903367e-02 4.103473e-02 2.922956e+01) (-3.126980e-03 4.057216e-04 1.357887e-01)) ((-2.617929e-03 -1.616369e-01 -2.354214e-02) (1.216677e-04 -2.268356e-03 -9.532230e-05))
3.29          	((-7.617681e-02 3.507694e-02 2.769176e+01) (-3.229762e-03 4.059385e-04 1.346163e-01)) ((-3.077682e-03 -1.504220e-01 -2.437042e-02) (1.349882e-04 -2.315715e-03 -8.044088e-05))
3.3           	((-5.563838e-02 2.835822e-02 2.608587e+01) (-3.344843e-03 4.114147e-04 1.331951e-01)) ((-2.867012e-03 -1.392875e-01 -2.445113e-02) (1.462585e-04 -2.359002e-03 -6.599046e-05))
3.31          	((-3.297489e-02 2.364842e-02 2.441654e+01) (-3.463529e-03 4.155409e-04 1.315249e-01)) ((-2.375124e-03 -1.280413e-01 -2.360727e-02) (1.554982e-04 -2.399352e-03 -5.280960e-05))
3.32          	((-8.181433e-03 1.736590e-02 2.268752e+01) (-3.588377e-03 4.247191e-04 1.296053e-01)) ((-2.087896e-03 -1.170141e-01 -2.217979e-02) (1.637691e-04 -2.435108e-03 -3.998235e-05))
3.33          	((1.228858e-02 1.043881e-02 2.090818e+01) (-3.724410e-03 4.425667e-04 1.274481e-01)) ((-1.616807e-03 -1.057937e-01 -2.036248e-02) (1.702061e-04 -2.465907e-03 -2.941498e-05))
3.34          	((3.270534e-02 5.222190e-03 1.908104e+01) (-3.864631e-03 4.635764e-04 1.250672e-01)) ((-1.016012e-03 -9.433288e-02 -1.815389e-02) (1.751918e-04 -2.491546e-03 -2.153264e-05))
3.35          	((4.971487e-02 -1.093426e-03 1.721657e+01) (-4.000089e-03 4.854409e-04 1.224557e-01)) ((-7.539251e-04 -8.269223e-02 -1.612768e-02) (1.778586e-04 -2.509452e-03 -1.564520e-05))
3.36          	((6.390399e-02 -6.993033e-03 1.531315e+01) (-4.125157e-03 5.150341e-04 1.196282e-01)) ((-7.685728e-04 -7.061098e-02 -1.444708e-02) (1.787225e-04 -2.519917e-03 -1.156775e-05))
3.37          	((7.333464e-02 -8.971696e-03 1.338894e+01) (-4.243871e-03 5.515074e-04 1.165991e-01)) ((-8.133323e-04 -5.818566e-02 -1.206064e-02) (1.774872e-04 -2.523132e-03 -8.666398e-06))
3.38          	((7.887283e-02 -1.121710e-02 1.144380e+01) (-4.347694e-03 5.833305e-04 1.133684e-01)) ((-1.027852e-03 -4.519551e-02 -9.688902e-03) (1.750017e-04 -2.518893e-03 -6.600698e-06))
3.39          	((8.331066e-02 -1.655330e-02 9.482783e+00) (-4.442606e-03 6.148622e-04 1.099468e-01)) ((-1.395194e-03 -3.159566e-02 -7.647162e-03) (1.721382e-04 -2.507336e-03 -3.197744e-06))
3.4           	((8.197801e-02 -2.154700e-02 7.508966e+00) (-4.533939e-03 6.451764e-04 1.063510e-01)) ((-1.399969e-03 -1.824559e-02 -6.947626e-03) (1.681808e-04 -2.490481e-03 6.763699e-07))
3.41          	((8.137827e-02 -2.459994e-02 5.529180e+00) (-4.609981e-03 6.696827e-04 1.025835e-01)) ((-1.545526e-03 -3.814980e-03 -6.660502e-03) (1.643847e-04 -2.466631e-03 5.742162e-06))
3.42          	((8.013481e-02 -2.631283e-02 3.549597e+00) (-4.678604e-03 6.881346e-04 9.865325e-02)) ((-2.125523e-03 1.060350e-02 -6.229802e-03) (1.596379e-04 -2.437088e-03 1.072816e-05))
3.43          	((7.927337e-02 -2.643425e-02 1.575787e+00) (-4.739347e-03 6.957358e-04 9.457245e-02)) ((-2.070704e-03 2.576089e-02 -5.980612e-03) (1.555488e-04 -2.402037e-03 1.697103e-05))
3.44          	((7.844646e-02 -3.279291e-02 -3.860582e-01) (-4.793914e-03 6.943849e-04 9.034891e-02)) ((-1.786900e-03 4.091272e-02 -5.858104e-03) (1.509915e-04 -2.362146e-03 2.395246e-05))
3.45          	((7.789235e-02 -3.325662e-02 -2.336633e+00) (-4.839886e-03 6.859867e-04 8.599837e-02)) ((-1.862898e-03 5.631371e-02 -5.954805e-03) (1.457117e-04 -2.317750e-03 3.122511e-05))
3.46          	((7.539321e-02 -3.624889e-02 -4.270046e+00) (-4.881130e-03 6.753546e-04 8.152310e-02)) ((-2.004863e-03 7.166055e-02 -6.059814e-03) (1.398477e-04 -2.268191e-03 3.830409e-05))
3.47          	((7.364132e-02 -3.785954e-02 -6.183065e+00) (-4.915093e-03 6.526573e-04 7.694263e-02)) ((-1.395036e-03 8.680662e-02 -6.307809e-03) (1.335858e-04 -2.214956e-03 4.485549e-05))
3.48          	((7.359487e-02 -3.998916e-02 -8.073855e+00) (-4.933902e-03 6.263593e-04 7.226545e-02)) ((-1.006179e-03 1.020764e-01 -6.388139e-03) (1.282557e-04 -2.157209e-03 5.117207e-05))
3.49          	((7.030533e-02 -3.957647e-02 -9.936632e+00) (-4.943876e-03 5.935876e-04 6.749745e-02)) ((-1.213407e-03 1.172981e-01 -5.880871e-03) (1.212556e-04 -2.095620e-03 5.727306e-05))
3.5           	((6.725951e-02 -3.864595e-02 -1.176894e+01) (-4.944323e-03 5.570887e-04 6.264647e-02)) ((-1.439725e-03 1.324691e-01 -5.690810e-03) (1.148975e-04 -2.031639e-03 6.407520e-05))
3.51          	((6.458511e-02 -3.495480e-02 -1.357221e+01) (-4.936339e-03 5.186971e-04 5.772066e-02)) ((-1.354080e-03 1.471304e-01 -5.464930e-03) (1.080833e-04 -1.964153e-03 6.967405e-05))
3.52          	((5.843499e-02 -3.439771e-02 -1.533884e+01) (-4.916967e-03 4.778958e-04 5.272979e-02)) ((-1.310033e-03 1.610388e-01 -5.249331e-03) (1.004472e-04 -1.893019e-03 7.407146e-05))
3.53          	((5.128178e-02 -3.350424e-02 -1.706518e+01) (-4.891439e-03 4.369765e-04 4.768769e-02)) ((-1.372523e-03 1.749633e-01 -4.758084e-03) (9.269122e-05 -1.819303e-03 7.843478e-05))
3.54          	((4.413406e-02 -3.008809e-02 -1.875638e+01) (-4.861486e-03 3.937185e-04 4.259551e-02)) ((-1.639967e-03 1.887735e-01 -4.319838e-03) (8.420720e-05 -1.743575e-03 8.226729e-05))
3.55          	((3.634300e-02 -2.782488e-02 -2.039779e+01) (-4.823980e-03 3.544767e-04 3.746464e-02)) ((-1.668197e-03 2.020037e-01 -3.828319e-03) (7.651953e-05 -1.666023e-03 8.528538e-05))
3.56          	((2.895850e-02 -2.584519e-02 -2.199345e+01) (-4.784872e-03 3.171700e-04 3.230857e-02)) ((-2.019086e-03 2.148403e-01 -3.230131e-03) (6.919351e-05 -1.586923e-03 8.745082e-05))
3.57          	((1.860484e-02 -2.217526e-02 -2.353618e+01) (-4.745169e-03 2.856951e-04 2.713226e-02)) ((-2.770522e-03 2.268245e-01 -2.648525e-03) (6.243826e-05 -1.506487e-03 8.981087e-05))
3.58          	((7.973190e-03 -1.993382e-02 -2.502631e+01) (-4.703712e-03 2.569832e-04 2.194797e-02)) ((-3.331848e-03 2.385734e-01 -2.232281e-03) (5.513464e-05 -1.425728e-03 9.275694e-05))
3.59          	((-2.371864e-03 -1.849569e-02 -2.645732e+01) (-4.658613e-03 2.324729e-04 1.676300e-02)) ((-3.621974e-03 2.503877e-01 -1.539512e-03) (4.824323e-05 -1.344667e-03 9.582942e-05))
3.6           	((-1.478650e-02 -1.415679e-02 -2.782480e+01) (-4.611495e-03 2.095182e-04 1.158042e-02)) ((-4.203509e-03 2.611704e-01 -6.598835e-04) (4.166611e-05 -1.263016e-03 9.801499e-05))
3.61          	((-2.569377e-02 -1.069647e-02 -2.913323e+01) (-4.563446e-03 1.833594e-04 6.406192e-03)) ((-4.653753e-03 2.717927e-01 -3.441274e-04) (3.613770e-05 -1.180971e-03 1.003775e-04))
3.62          	((-3.793447e-02 -5.619129e-03 -3.038068e+01) (-4.512655e-03 1.596556e-04 1.238454e-03)) ((-5.455083e-03 2.819221e-01 1.727825e-04) (3.116700e-05 -1.098639e-03 1.032771e-04))
3.63          	((-5.051712e-02 -2.795426e-03 -3.155207e+01) (-4.463199e-03 1.374940e-04 -3.926999e-03)) ((-5.904296e-03 2.913245e-01 9.530787e-04) (2.774447e-05 -1.017216e-03 1.056986e-04))
3.64          	((-6.129569e-02 3.626357e-03 -3.265212e+01) (-4.412115e-03 1.160014e-04 -9.090898e-03)) ((-6.339981e-03 3.001448e-01 1.663888e-03) (2.615560e-05 -9.368713e-04 1.083362e-04))
3.65          	((-7.074457e-02 5.511849e-03 -3.370347e+01) (-4.368035e-03 9.277216e-05 -1.425351e-02)) ((-6.890800e-03 3.079193e-01 2.163024e-03) (2.452350e-05 -8.573175e-04 1.113363e-04))
3.66          	((-8.072814e-02 1.199666e-02 -3.468835e+01) (-4.328503e-03 6.214400e-05 -1.941595e-02)) ((-7.094575e-03 3.153761e-01 2.895279e-03) (2.488172e-05 -7.798626e-04 1.147106e-04))
3.67          	((-8.993938e-02 2.167324e-02 -3.560810e+01) (-4.287048e-03 3.615429e-05 -2.458792e-02)) ((-7.810758e-03 3.224415e-01 3.499907e-03) (2.630275e-05 -7.039350e-04 1.184947e-04))
3.68          	((-9.730561e-02 2.221754e-02 -3.647333e+01) (-4.249765e-03 6.815865e-06 -2.977333e-02)) ((-8.017990e-03 3.285466e-01 4.321682e-03) (2.911518e-05 -6.295529e-04 1.222883e-04))
3.69          	((-1.045451e-01 2.861869e-02 -3.728597e+01) (-4.215084e-03 -2.081200e-05 -3.497405e-02)) ((-8.023264e-03 3.347205e-01 5.789821e-03) (3.229766e-05 -5.574537e-04 1.266996e-04))
3.7           	((-1.103214e-01 3.858266e-02 -3.802986e+01) (-4.180923e-03 -4.367317e-05 -4.019240e-02)) ((-8.908919e-03 3.391330e-01 6.639146e-03) (3.445772e-05 -4.868826e-04 1.310091e-04))
3.71          	((-1.111130e-01 4.123637e-02 -3.871041e+01) (-4.148189e-03 -6.766505e-05 -4.544197e-02)) ((-8.567450e-03 3.425099e-01 7.838588e-03) (3.653283e-05 -4.191807e-04 1.364052e-04))
3.72          	((-1.129241e-01 4.171480e-02 -3.934316e+01) (-4.112074e-03 -8.830215e-05 -5.071792e-02)) ((-8.265284e-03 3.461618e-01 8.572580e-03) (3.853283e-05 -3.528674e-04 1.426012e-04))
3.73          	((-1.106025e-01 4.964101e-02 -3.991628e+01) (-4.069192e-03 -1.108836e-04 -5.601953e-02)) ((-8.731124e-03 3.486802e-01 1.001702e-02) (3.905354e-05 -2.869071e-04 1.495504e-04))
3.74          	((-1.084481e-01 5.914387e-02 -4.043366e+01) (-4.023106e-03 -1.307559e-04 -6.134728e-02)) ((-7.885836e-03 3.500535e-01 1.095431e-02) (3.928665e-05 -2.214874e-04 1.574035e-04))
3.75          	((-1.018911e-01 5.919890e-02 -4.090942e+01) (-3.964777e-03 -1.468037e-04 -6.668742e-02)) ((-7.372202e-03 3.516941e-01 1.124384e-02) (3.875061e-05 -1.555637e-04 1.648886e-04))
3.76          	((-9.939347e-02 6.382807e-02 -4.137654e+01) (-3.896952e-03 -1.666432e-04 -7.205889e-02)) ((-7.425174e-03 3.529235e-01 1.172399e-02) (3.808927e-05 -8.773974e-05 1.737873e-04))
3.77          	((-8.747931e-02 6.732311e-02 -4.165714e+01) (-3.814231e-03 -1.926074e-04 -7.743684e-02)) ((-8.019040e-03 3.522387e-01 1.230057e-02) (3.636911e-05 -1.674537e-05 1.836710e-04))
3.78          	((-8.059212e-02 7.767820e-02 -4.207327e+01) (-3.726346e-03 -2.228475e-04 -8.282278e-02)) ((-7.843138e-03 3.532283e-01 1.242141e-02) (3.388168e-05 5.675109e-05 1.958358e-04))
3.79          	((-7.692749e-02 7.886517e-02 -4.231349e+01) (-3.617773e-03 -2.613953e-04 -8.819193e-02)) ((-7.965063e-03 3.527558e-01 1.270535e-02) (3.121177e-05 1.358573e-04 2.092623e-04))
3.8           	((-6.770104e-02 8.467221e-02 -4.252393e+01) (-3.502221e-03 -3.067490e-04 -9.353146e-02)) ((-8.332866e-03 3.512444e-01 1.279757e-02) (2.899914e-05 2.185074e-04 2.232328e-04))
3.81          	((-5.644815e-02 8.593748e-02 -4.267305e+01) (-3.376839e-03 -3.531233e-04 -9.882728e-02)) ((-8.219094e-03 3.497752e-01 1.275333e-02) (2.621771e-05 3.049366e-04 2.379155e-04))
3.82          	((-4.314285e-02 8.868138e-02 -4.276259e+01) (-3.254725e-03 -4.031905e-04 -1.040461e-01)) ((-8.560133e-03 3.470610e-01 1.285523e-02) (2.429982e-05 3.961512e-04 2.529704e-04))
3.83          	((-2.811143e-02 8.953353e-02 -4.280229e+01) (-3.119440e-03 -4.471349e-04 -1.091578e-01)) ((-8.414005e-03 3.440998e-01 1.280786e-02) (2.179036e-05 4.925516e-04 2.693983e-04))
3.84          	((-1.374121e-02 9.248302e-02 -4.278973e+01) (-2.974175e-03 -4.773693e-04 -1.141386e-01)) ((-8.412376e-03 3.403377e-01 1.274096e-02) (1.831367e-05 5.937210e-04 2.875892e-04))
3.85          	((1.311148e-03 9.359282e-02 -4.271860e+01) (-2.812708e-03 -4.984960e-04 -1.189436e-01)) ((-7.867036e-03 3.358538e-01 1.189813e-02) (1.352184e-05 6.992414e-04 3.070418e-04))
3.86          	((1.569432e-02 9.378936e-02 -4.258909e+01) (-2.644690e-03 -5.098279e-04 -1.235432e-01)) ((-6.863419e-03 3.307600e-01 1.126611e-02) (8.687608e-06 8.089747e-04 3.275832e-04))
3.87          	((3.177005e-02 9.220875e-02 -4.239138e+01) (-2.472577e-03 -5.174083e-04 -1.279022e-01)) ((-5.410991e-03 3.251099e-01 9.697776e-03) (2.258246e-06 9.199485e-04 3.483519e-04))
3.88          	((5.017483e-02 8.782137e-02 -4.213411e+01) (-2.291571e-03 -5.167535e-04 -1.319872e-01)) ((-3.716183e-03 3.186967e-01 7.991360e-03) (-3.847909e-06 1.032065e-03 3.689100e-04))
3.89          	((6.536545e-02 8.072430e-02 -4.181197e+01) (-2.100070e-03 -5.166221e-04 -1.357786e-01)) ((-2.226628e-03 3.118703e-01 5.575929e-03) (-8.907221e-06 1.143122e-03 3.885964e-04))
3.9           	((7.901167e-02 7.086074e-02 -4.142669e+01) (-1.888565e-03 -5.184338e-04 -1.392556e-01)) ((-5.931503e-04 3.043627e-01 3.064324e-03) (-1.196370e-05 1.251886e-03 4.071271e-04))
3.91          	((9.420000e-02 5.978585e-02 -4.095855e+01) (-1.667766e-03 -5.277264e-04 -1.424059e-01)) ((1.790329e-03 2.954516e-01 2.831929e-04) (-1.333674e-05 1.356021e-03 4.241406e-04))
3.92          	((1.068083e-01 4.648970e-02 -4.041143e+01) (-1.438252e-03 -5.443352e-04 -1.452147e-01)) ((3.968210e-03 2.861226e-01 -2.375378e-03) (-1.274812e-05 1.454447e-03 4.379326e-04))
3.93          	((1.160612e-01 2.924788e-02 -3.978143e+01) (-1.195765e-03 -5.652153e-04 -1.476787e-01)) ((5.790204e-03 2.760731e-01 -4.987675e-03) (-1.118613e-05 1.545488e-03 4.521527e-04))
3.94          	((1.222715e-01 1.134223e-02 -3.905587e+01) (-9.476108e-04 -5.945127e-04 -1.497896e-01)) ((7.470030e-03 2.656049e-01 -7.247331e-03) (-8.222799e-06 1.629520e-03 4.649127e-04))
3.95          	((1.256530e-01 -3.357077e-03 -3.823922e+01) (-6.916662e-04 -6.244623e-04 -1.515321e-01)) ((8.270350e-03 2.551667e-01 -8.709474e-03) (-5.963923e-06 1.705596e-03 4.762999e-04))
3.96          	((1.282677e-01 -2.264856e-02 -3.732648e+01) (-4.297853e-04 -6.536928e-04 -1.528988e-01)) ((8.538950e-03 2.447527e-01 -9.916745e-03) (-5.073698e-06 1.775123e-03 4.845000e-04))
3.97          	((1.286886e-01 -4.299360e-02 -3.632063e+01) (-1.571302e-04 -6.786370e-04 -1.539137e-01)) ((8.569225e-03 2.347759e-01 -1.014551e-02) (-5.615992e-06 1.838062e-03 4.895401e-04))
3.98          	((1.272598e-01 -6.086847e-02 -3.521802e+01) (1.243663e-04 -6.972667e-04 -1.545770e-01)) ((7.957638e-03 2.252147e-01 -1.045960e-02) (-9.746656e-06 1.893347e-03 4.934273e-04))
3.99          	((1.225497e-01 -7.746177e-02 -3.402376e+01) (4.105211e-04 -7.116217e-04 -1.548954e-01)) ((7.848409e-03 2.161193e-01 -1.038894e-02) (-1.418990e-05 1.942763e-03 4.969688e-04))
4             	((1.150058e-01 -9.336043e-02 -3.273851e+01) (7.002637e-04 -7.205583e-04 -1.548948e-01)) ((8.009074e-03 2.070734e-01 -9.740594e-03) (-2.025357e-05 1.986240e-03 4.997356e-04))
4.01          	((1.088543e-01 -1.062549e-01 -3.137871e+01) (9.930004e-04 -7.276811e-04 -1.545837e-01)) ((7.784960e-03 1.983109e-01 -9.162336e-03) (-3.004869e-05 2.023746e-03 5.027320e-04))
4.02          	((1.006378e-01 -1.200654e-01 -2.994424e+01) (1.279529e-03 -7.353266e-04 -1.539687e-01)) ((7.908924e-03 1.897613e-01 -8.969291e-03) (-4.105824e-05 2.053852e-03 5.081629e-04))
4.03          	((9.309184e-02 -1.290513e-01 -2.844468e+01) (1.560793e-03 -7.489064e-04 -1.530658e-01)) ((7.717687e-03 1.807104e-01 -8.637101e-03) (-4.976720e-05 2.077161e-03 5.182622e-04))
4.04          	((8.679874e-02 -1.356720e-01 -2.688334e+01) (1.829373e-03 -7.768873e-04 -1.518825e-01)) ((7.759554e-03 1.721948e-01 -7.882331e-03) (-5.894003e-05 2.091746e-03 5.323475e-04))
4.05          	((8.326616e-02 -1.397519e-01 -2.526995e+01) (2.084058e-03 -8.098246e-04 -1.504283e-01)) ((8.079320e-03 1.632022e-01 -7.200757e-03) (-6.920372e-05 2.098272e-03 5.489197e-04))
4.06          	((8.163503e-02 -1.412645e-01 -2.361431e+01) (2.321664e-03 -8.467025e-04 -1.487205e-01)) ((8.396556e-03 1.541312e-01 -6.438989e-03) (-7.761159e-05 2.098881e-03 5.669168e-04))
4.07          	((8.297678e-02 -1.388816e-01 -2.191977e+01) (2.534099e-03 -8.916432e-04 -1.467587e-01)) ((9.053193e-03 1.447772e-01 -5.183518e-03) (-8.420348e-05 2.090356e-03 5.866736e-04))
4.08          	((8.575699e-02 -1.353554e-01 -2.019018e+01) (2.726278e-03 -9.358187e-04 -1.445582e-01)) ((8.985496e-03 1.348008e-01 -3.662773e-03) (-8.878356e-05 2.075354e-03 6.064062e-04))
4.09          	((8.921910e-02 -1.313414e-01 -1.843448e+01) (2.898293e-03 -9.758906e-04 -1.421300e-01)) ((9.542828e-03 1.244640e-01 -2.000877e-03) (-9.190235e-05 2.053698e-03 6.269965e-04))
4.1           	((9.463582e-02 -1.254679e-01 -1.665586e+01) (3.053143e-03 -1.010426e-03 -1.394705e-01)) ((1.051965e-02 1.138481e-01 1.865819e-04) (-9.386290e-05 2.025003e-03 6.475223e-04))
4.11          	((9.969301e-02 -1.192672e-01 -1.484875e+01) (3.182666e-03 -1.039711e-03 -1.365923e-01)) ((1.133350e-02 1.024190e-01 2.661201e-03) (-9.257123e-05 1.989926e-03 6.654945e-04))
4.12          	((1.060767e-01 -1.136154e-01 -1.302533e+01) (3.289537e-03 -1.052753e-03 -1.335015e-01)) ((1.191901e-02 9.032847e-02 4.887538e-03) (-8.972053e-05 1.948804e-03 6.793545e-04))
4.13          	((1.130712e-01 -1.045746e-01 -1.117335e+01) (3.378472e-03 -1.052720e-03 -1.301941e-01)) ((1.224608e-02 7.781357e-02 7.492143e-03) (-8.551919e-05 1.901889e-03 6.894474e-04))
4.14          	((1.173283e-01 -9.294254e-02 -9.310545e+00) (3.445463e-03 -1.044944e-03 -1.266787e-01)) ((1.289464e-02 6.444106e-02 9.949010e-03) (-8.062059e-05 1.849910e-03 6.963250e-04))
4.15          	((1.215690e-01 -7.996082e-02 -7.433199e+00) (3.494788e-03 -1.028571e-03 -1.229530e-01)) ((1.335258e-02 5.061210e-02 1.235454e-02) (-7.568236e-05 1.794299e-03 6.982111e-04))
4.16          	((1.240085e-01 -6.937266e-02 -5.539305e+00) (3.528137e-03 -9.968269e-04 -1.190339e-01)) ((1.403794e-02 3.644408e-02 1.396637e-02) (-6.993114e-05 1.735615e-03 6.953905e-04))
4.17          	((1.242130e-01 -5.694931e-02 -3.637796e+00) (3.543095e-03 -9.519508e-04 -1.149218e-01)) ((1.440078e-02 2.209926e-02 1.478810e-02) (-6.569027e-05 1.672997e-03 6.899190e-04))
4.18          	((1.253595e-01 -4.443154e-02 -1.727747e+00) (3.539406e-03 -8.998094e-04 -1.106229e-01)) ((1.468730e-02 7.659409e-03 1.536357e-02) (-6.159981e-05 1.606430e-03 6.802980e-04))
4.19          	((1.231953e-01 -3.303346e-02 1.828627e-01) (3.521267e-03 -8.390479e-04 -1.061545e-01)) ((1.489431e-02 -7.037298e-03 1.542883e-02) (-5.693591e-05 1.539086e-03 6.683991e-04))
4.2           	((1.216367e-01 -2.183803e-02 2.098049e+00) (3.485859e-03 -7.719989e-04 -1.015272e-01)) ((1.515593e-02 -2.224028e-02 1.500072e-02) (-5.150764e-05 1.470350e-03 6.544082e-04))
4.21          	((1.174576e-01 -1.189904e-02 4.008099e+00) (3.441544e-03 -7.012743e-04 -9.675270e-02)) ((1.508980e-02 -3.748168e-02 1.438851e-02) (-4.708912e-05 1.400774e-03 6.401193e-04))
4.22          	((1.113507e-01 -3.329875e-03 5.912373e+00) (3.383403e-03 -6.289291e-04 -9.183720e-02)) ((1.504187e-02 -5.264015e-02 1.330925e-02) (-4.229796e-05 1.329493e-03 6.237565e-04))
4.23          	((1.039196e-01 3.939761e-03 7.801611e+00) (3.324268e-03 -5.574558e-04 -8.679684e-02)) ((1.501409e-02 -6.755517e-02 1.211625e-02) (-3.821012e-05 1.256993e-03 6.076253e-04))
4.24          	((9.775731e-02 7.718536e-03 9.671308e+00) (3.258707e-03 -4.845875e-04 -8.164804e-02)) ((1.530350e-02 -8.243277e-02 1.111795e-02) (-3.483504e-05 1.183079e-03 5.902566e-04))
4.25          	((9.093081e-02 9.621474e-03 1.151642e+01) (3.177917e-03 -4.074504e-04 -7.640322e-02)) ((1.518856e-02 -9.748054e-02 9.881076e-03) (-3.066484e-05 1.106186e-03 5.734988e-04))
4.26          	((8.517129e-02 1.275181e-02 1.333626e+01) (3.096345e-03 -3.298913e-04 -7.107531e-02)) ((1.477067e-02 -1.122683e-01 8.470700e-03) (-2.690987e-05 1.028890e-03 5.570556e-04))
4.27          	((7.930291e-02 1.326459e-02 1.512314e+01) (3.005964e-03 -2.523147e-04 -6.567715e-02)) ((1.436696e-02 -1.268999e-01 7.566400e-03) (-2.392226e-05 9.493316e-04 5.422920e-04))
4.28          	((7.305982e-02 1.474971e-02 1.687249e+01) (2.904927e-03 -1.758073e-04 -6.022930e-02)) ((1.379802e-02 -1.413247e-01 6.697090e-03) (-2.065103e-05 8.692384e-04 5.277058e-04))
4.29          	((6.646359e-02 1.327850e-02 1.858058e+01) (2.799443e-03 -1.036980e-04 -5.472772e-02)) ((1.365142e-02 -1.552874e-01 5.752737e-03) (-1.763564e-05 7.873012e-04 5.144804e-04))
4.3           	((5.929818e-02 1.291524e-02 2.023758e+01) (2.680785e-03 -3.990036e-05 -4.918851e-02)) ((1.321689e-02 -1.690039e-01 5.179631e-03) (-1.551764e-05 7.038511e-04 5.018389e-04))
4.31          	((5.236748e-02 1.243621e-02 2.184458e+01) (2.552672e-03 1.587011e-05 -4.361991e-02)) ((1.277878e-02 -1.827458e-01 4.344002e-03) (-1.202673e-05 6.207997e-04 4.900483e-04))
4.32          	((4.657592e-02 1.126369e-02 2.339775e+01) (2.416028e-03 6.169436e-05 -3.803317e-02)) ((1.226599e-02 -1.958163e-01 3.927891e-03) (-8.512611e-06 5.376338e-04 4.779054e-04))
4.33          	((3.946254e-02 1.315116e-02 2.489567e+01) (2.275279e-03 9.765138e-05 -3.243224e-02)) ((1.183353e-02 -2.089319e-01 3.951626e-03) (-4.136379e-06 4.546807e-04 4.656436e-04))
4.34          	((3.201408e-02 1.032623e-02 2.633123e+01) (2.126082e-03 1.278576e-04 -2.683160e-02)) ((1.190891e-02 -2.211589e-01 3.843333e-03) (3.585446e-07 3.731218e-04 4.540440e-04))
4.35          	((2.451048e-02 1.023434e-02 2.769057e+01) (1.973140e-03 1.571309e-04 -2.123817e-02)) ((1.142405e-02 -2.331216e-01 3.832563e-03) (4.672408e-06 2.930280e-04 4.430747e-04))
4.36          	((1.738002e-02 8.886886e-03 2.899262e+01) (1.813246e-03 1.861616e-04 -1.565549e-02)) ((1.105980e-02 -2.444592e-01 3.904118e-03) (9.273484e-06 2.137735e-04 4.324488e-04))
4.37          	((1.007830e-02 4.473525e-03 3.023191e+01) (1.653193e-03 2.105877e-04 -1.009644e-02)) ((1.088315e-02 -2.560069e-01 3.566165e-03) (1.430221e-05 1.374625e-04 4.230577e-04))
4.38          	((-3.306928e-04 6.082358e-03 3.139969e+01) (1.487001e-03 2.312873e-04 -4.566287e-03)) ((1.021013e-02 -2.663490e-01 4.060236e-03) (1.954295e-05 6.344750e-05 4.138701e-04))
4.39          	((-1.168179e-02 8.553555e-03 3.250457e+01) (1.316312e-03 2.476486e-04 9.382998e-04)) ((9.220592e-03 -2.763189e-01 4.835051e-03) (2.555102e-05 -8.149173e-06 4.048279e-04))
4.4           	((-2.319863e-02 8.086658e-03 3.353321e+01) (1.140716e-03 2.501279e-04 6.414336e-03)) ((9.327647e-03 -2.862606e-01 5.252366e-03) (3.187562e-05 -7.753886e-05 3.948781e-04))
4.41          	((-3.358579e-02 7.987590e-03 3.450331e+01) (9.620232e-04 2.452230e-04 1.186191e-02)) ((9.163389e-03 -2.948644e-01 5.132474e-03) (3.835346e-05 -1.443439e-04 3.843118e-04))
4.42          	((-4.461099e-02 7.070233e-03 3.540422e+01) (7.837584e-04 2.379435e-04 1.728065e-02)) ((8.521660e-03 -3.029555e-01 5.556730e-03) (4.464811e-05 -2.083912e-04 3.723495e-04))
4.43          	((-5.946693e-02 5.778433e-03 3.623436e+01) (5.996235e-04 2.258007e-04 2.267188e-02)) ((8.317932e-03 -3.109859e-01 6.135774e-03) (5.005047e-05 -2.688071e-04 3.598688e-04))
4.44          	((-7.473176e-02 8.172120e-03 3.700381e+01) (4.163063e-04 2.083570e-04 2.803164e-02)) ((7.842412e-03 -3.169329e-01 6.267648e-03) (5.421977e-05 -3.266065e-04 3.487484e-04))
4.45          	((-8.850328e-02 1.113064e-02 3.773129e+01) (2.366987e-04 1.913991e-04 3.335920e-02)) ((6.441122e-03 -3.231308e-01 6.441145e-03) (5.814081e-05 -3.812361e-04 3.378218e-04))
4.46          	((-1.048505e-01 1.393728e-02 3.839125e+01) (6.232190e-05 1.669448e-04 3.866280e-02)) ((4.802381e-03 -3.280905e-01 7.038734e-03) (6.253628e-05 -4.334063e-04 3.264488e-04))
4.47          	((-1.217381e-01 1.990278e-02 3.899820e+01) (-1.056847e-04 1.442095e-04 4.394496e-02)) ((4.164424e-03 -3.328683e-01 7.644750e-03) (6.727155e-05 -4.833978e-04 3.154838e-04))
4.48          	((-1.361231e-01 1.680837e-02 3.955325e+01) (-2.786222e-04 1.187269e-04 4.920472e-02)) ((2.817655e-03 -3.371975e-01 7.839174e-03) (7.288824e-05 -5.323736e-04 3.046690e-04))
4.49          	((-1.526626e-01 1.841372e-02 4.006404e+01) (-4.424472e-04 9.350035e-05 5.443987e-02)) ((2.126125e-03 -3.415001e-01 8.749865e-03) (7.982918e-05 -5.795044e-04 2.942883e-04))
4.5           	((-1.656992e-01 2.456156e-02 4.051772e+01) (-6.019673e-04 6.948769e-05 5.964406e-02)) ((4.762005e-04 -3.433077e-01 8.654263e-03) (8.819441e-05 -6.252880e-04 2.843511e-04))
4.51          	((-1.856965e-01 2.093258e-02 4.095279e+01) (-7.563435e-04 4.798084e-05 6.480620e-02)) ((2.793917e-05 -3.456106e-01 8.568169e-03) (9.632172e-05 -6.707372e-04 2.752045e-04))
4.52          	((-2.025793e-01 2.837438e-02 4.129823e+01) (-9.069127e-04 3.434104e-05 6.992663e-02)) ((-5.528934e-04 -3.463384e-01 8.832113e-03) (1.044275e-04 -7.160268e-04 2.660306e-04))
4.53          	((-2.133891e-01 3.320179e-02 4.174757e+01) (-1.055172e-03 3.065300e-05 7.500204e-02)) ((-1.138199e-03 -3.479445e-01 9.632935e-03) (1.108209e-04 -7.626072e-04 2.561517e-04))
4.54          	((-2.294741e-01 3.362676e-02 4.200800e+01) (-1.206416e-03 3.916323e-05 8.001050e-02)) ((-1.157110e-03 -3.497271e-01 1.018910e-02) (1.164817e-04 -8.106163e-04 2.458020e-04))
4.55          	((-2.458858e-01 3.443326e-02 4.224632e+01) (-1.361580e-03 5.563730e-05 8.494033e-02)) ((-2.408528e-04 -3.497742e-01 1.104302e-02) (1.191535e-04 -8.604760e-04 2.342182e-04))
4.56          	((-2.575602e-01 3.672482e-02 4.244631e+01) (-1.521641e-03 8.488587e-05 8.977461e-02)) ((1.943391e-04 -3.488466e-01 1.130235e-02) (1.192156e-04 -9.131130e-04 2.226114e-04))
4.57          	((-2.705580e-01 4.303448e-02 4.257947e+01) (-1.678545e-03 1.262551e-04 9.450383e-02)) ((6.004611e-04 -3.484915e-01 1.181812e-02) (1.155479e-04 -9.687992e-04 2.103648e-04))
4.58          	((-2.815428e-01 4.807856e-02 4.265843e+01) (-1.839014e-03 1.793117e-04 9.909045e-02)) ((9.029146e-04 -3.470886e-01 1.268363e-02) (1.082227e-04 -1.027158e-03 1.970550e-04))
4.59          	((-2.926583e-01 4.980874e-02 4.268686e+01) (-1.991821e-03 2.439387e-04 1.035072e-01)) ((1.227473e-03 -3.450843e-01 1.274313e-02) (9.753215e-05 -1.085467e-03 1.828247e-04))
4.6           	((-3.005328e-01 4.960688e-02 4.266313e+01) (-2.133150e-03 3.206844e-04 1.077317e-01)) ((5.103461e-04 -3.426496e-01 1.349479e-02) (8.223074e-05 -1.144638e-03 1.690827e-04))
4.61          	((-3.043186e-01 5.232851e-02 4.257839e+01) (-2.261393e-03 4.084490e-04 1.117478e-01)) ((-1.103722e-03 -3.396202e-01 1.423447e-02) (6.343639e-05 -1.205265e-03 1.551540e-04))
4.62          	((-3.085480e-01 5.249858e-02 4.243441e+01) (-2.371823e-03 5.036502e-04 1.155143e-01)) ((-2.789861e-03 -3.359261e-01 1.492720e-02) (4.251996e-05 -1.266358e-03 1.393895e-04))
4.63          	((-3.104872e-01 5.302200e-02 4.222581e+01) (-2.469667e-03 6.020019e-04 1.190137e-01)) ((-5.694177e-03 -3.301130e-01 1.559449e-02) (1.963306e-05 -1.326532e-03 1.221916e-04))
4.64          	((-3.099373e-01 4.860742e-02 4.193997e+01) (-2.557331e-03 6.929698e-04 1.222394e-01)) ((-8.144136e-03 -3.235639e-01 1.510723e-02) (-2.257506e-06 -1.386896e-03 1.038268e-04))
4.65          	((-3.088479e-01 4.631612e-02 4.158724e+01) (-2.633948e-03 7.683601e-04 1.251830e-01)) ((-1.043230e-02 -3.159231e-01 1.493402e-02) (-2.045120e-05 -1.447683e-03 8.323869e-05))
4.66          	((-3.044334e-01 4.191612e-02 4.115543e+01) (-2.714605e-03 8.330699e-04 1.278238e-01)) ((-1.178350e-02 -3.071591e-01 1.378273e-02) (-3.407374e-05 -1.509951e-03 6.266410e-05))
4.67          	((-2.960808e-01 3.586205e-02 4.064231e+01) (-2.787109e-03 8.724393e-04 1.301576e-01)) ((-1.281774e-02 -2.970895e-01 1.177792e-02) (-4.409828e-05 -1.574157e-03 3.991970e-05))
4.68          	((-2.853375e-01 3.227470e-02 4.004975e+01) (-2.860171e-03 8.883344e-04 1.321834e-01)) ((-1.382575e-02 -2.868364e-01 8.720534e-03) (-4.818619e-05 -1.638388e-03 1.612266e-05))
4.69          	((-2.732044e-01 2.864749e-02 3.936673e+01) (-2.927775e-03 8.904537e-04 1.338974e-01)) ((-1.350501e-02 -2.755022e-01 5.528454e-03) (-4.689687e-05 -1.702054e-03 -6.841531e-06))
4.7           	((-2.583882e-01 2.324248e-02 3.860001e+01) (-2.990370e-03 8.795336e-04 1.353014e-01)) ((-1.267873e-02 -2.635810e-01 1.547591e-03) (-4.225733e-05 -1.765564e-03 -2.657359e-05))
4.71          	((-2.381785e-01 1.983288e-02 3.774622e+01) (-3.051687e-03 8.597113e-04 1.364016e-01)) ((-1.168384e-02 -2.508547e-01 -2.571831e-03) (-3.722554e-05 -1.829539e-03 -4.258401e-05))
4.72          	((-2.154603e-01 1.788842e-02 3.680797e+01) (-3.115395e-03 8.384502e-04 1.372027e-01)) ((-1.027390e-02 -2.377946e-01 -6.729073e-03) (-3.070378e-05 -1.895126e-03 -5.386434e-05))
4.73          	((-1.905270e-01 1.812458e-02 3.577730e+01) (-3.179975e-03 8.146269e-04 1.376980e-01)) ((-9.461714e-03 -2.248757e-01 -1.098527e-02) (-2.423289e-05 -1.961380e-03 -5.985737e-05))
4.74          	((-1.648579e-01 1.960720e-02 3.465537e+01) (-3.251031e-03 7.874425e-04 1.378994e-01)) ((-8.398567e-03 -2.120332e-01 -1.490807e-02) (-1.663536e-05 -2.027566e-03 -5.984047e-05))
4.75          	((-1.384069e-01 1.728100e-02 3.344108e+01) (-3.332479e-03 7.583513e-04 1.378073e-01)) ((-7.136817e-03 -1.988943e-01 -1.850124e-02) (-6.827313e-06 -2.092710e-03 -5.548396e-05))
4.76          	((-1.122568e-01 1.908257e-02 3.213747e+01) (-3.423658e-03 7.280793e-04 1.374295e-01)) ((-7.044266e-03 -1.856403e-01 -2.229119e-02) (5.511555e-06 -2.156100e-03 -4.627807e-05))
4.77          	((-8.700366e-02 1.995740e-02 3.074568e+01) (-3.523228e-03 6.997202e-04 1.367895e-01)) ((-6.470851e-03 -1.725008e-01 -2.536487e-02) (1.895964e-05 -2.216450e-03 -3.162671e-05))
4.78          	((-6.201670e-02 1.940361e-02 2.927219e+01) (-3.639580e-03 6.698123e-04 1.358782e-01)) ((-5.835827e-03 -1.592652e-01 -2.803357e-02) (3.247447e-05 -2.271399e-03 -1.557786e-05))
4.79          	((-4.186478e-02 1.859114e-02 2.772379e+01) (-3.758901e-03 6.420199e-04 1.346935e-01)) ((-4.743981e-03 -1.465883e-01 -2.899774e-02) (4.751120e-05 -2.319008e-03 1.166399e-06))
4.8           	((-2.289416e-02 1.572277e-02 2.611140e+01) (-3.879373e-03 6.118253e-04 1.332445e-01)) ((-3.871186e-03 -1.341105e-01 -2.967937e-02) (6.220572e-05 -2.361099e-03 1.709412e-05))
4.81          	((-4.656671e-03 1.663033e-02 2.443144e+01) (-4.006316e-03 5.747626e-04 1.315487e-01)) ((-2.953505e-03 -1.216193e-01 -2.884575e-02) (7.664799e-05 -2.397719e-03 3.038112e-05))
4.82          	((1.418158e-02 1.405356e-02 2.269126e+01) (-4.137874e-03 5.340632e-04 1.296051e-01)) ((-1.734911e-03 -1.092372e-01 -2.711580e-02) (9.178353e-05 -2.429096e-03 4.280799e-05))
4.83          	((2.628271e-02 1.562026e-02 2.090553e+01) (-4.273911e-03 4.924979e-04 1.274175e-01)) ((-7.412105e-04 -9.751755e-02 -2.486338e-02) (1.074211e-04 -2.452862e-03 5.288228e-05))
4.84          	((3.632164e-02 1.343246e-02 1.907714e+01) (-4.408165e-03 4.472645e-04 1.249972e-01)) ((5.001614e-04 -8.595893e-02 -2.293273e-02) (1.216748e-04 -2.470111e-03 6.071430e-05))
4.85          	((4.053155e-02 1.017723e-02 1.721303e+01) (-4.537998e-03 4.003222e-04 1.223627e-01)) ((1.427229e-03 -7.398899e-02 -1.992311e-02) (1.348434e-04 -2.480252e-03 6.496950e-05))
4.86          	((4.270617e-02 8.102431e-03 1.531752e+01) (-4.659890e-03 3.565161e-04 1.195050e-01)) ((2.244699e-03 -6.193864e-02 -1.731105e-02) (1.457591e-04 -2.482268e-03 6.860019e-05))
4.87          	((4.304695e-02 6.872403e-03 1.339269e+01) (-4.771884e-03 3.172339e-04 1.164414e-01)) ((2.916436e-03 -4.973890e-02 -1.449441e-02) (1.552183e-04 -2.477100e-03 7.266062e-05))
4.88          	((3.974117e-02 8.186284e-03 1.144677e+01) (-4.883196e-03 2.799466e-04 1.131803e-01)) ((2.861777e-03 -3.683088e-02 -1.217542e-02) (1.624467e-04 -2.466677e-03 7.673284e-05))
4.89          	((3.725854e-02 5.163642e-03 9.486618e+00) (-4.988393e-03 2.474695e-04 1.097275e-01)) ((2.089608e-03 -2.345750e-02 -1.065464e-02) (1.682619e-04 -2.450170e-03 8.299940e-05))
4.9           	((3.058516e-02 1.660391e-03 7.515456e+00) (-5.095148e-03 2.248537e-04 1.060953e-01)) ((1.599829e-03 -9.611700e-03 -9.850240e-03) (1.720511e-04 -2.427703e-03 9.048239e-05))
4.91          	((2.703474e-02 -1.936776e-03 5.538521e+00) (-5.200835e-03 2.087583e-04 1.022942e-01)) ((9.975004e-04 4.816692e-03 -9.487348e-03) (1.730802e-04 -2.401130e-03 9.768801e-05))
4.92          	((2.299434e-02 -3.875369e-03 3.561423e+00) (-5.298853e-03 1.911641e-04 9.832813e-02)) ((1.401825e-04 1.946669e-02 -9.092503e-03) (1.723812e-04 -2.368791e-03 1.067787e-04))
4.93          	((2.035034e-02 -6.368184e-03 1.591452e+00) (-5.392883e-03 1.789262e-04 9.421299e-02)) ((-9.199454e-04 3.442944e-02 -8.777633e-03) (1.705046e-04 -2.332168e-03 1.165004e-04))
4.94          	((2.105194e-02 -6.010517e-03 -3.646424e-01) (-5.485518e-03 1.684190e-04 8.996609e-02)) ((-2.121369e-03 4.959476e-02 -8.148425e-03) (1.667508e-04 -2.292119e-03 1.269745e-04))
4.95          	((2.246779e-02 -9.057113e-03 -2.306141e+00) (-5.571823e-03 1.573623e-04 8.559753e-02)) ((-3.390154e-03 6.510200e-02 -7.119227e-03) (1.615829e-04 -2.248011e-03 1.369495e-04))
4.96          	((2.240403e-02 -1.378806e-02 -4.229200e+00) (-5.650245e-03 1.491141e-04 8.112743e-02)) ((-4.039718e-03 8.045552e-02 -6.706772e-03) (1.546566e-04 -2.200504e-03 1.460941e-04))
4.97          	((2.640044e-02 -1.558613e-02 -6.134678e+00) (-5.719261e-03 1.403072e-04 7.656149e-02)) ((-4.769272e-03 9.573913e-02 -6.288681e-03) (1.471402e-04 -2.149670e-03 1.536678e-04))
4.98          	((3.000464e-02 -1.565547e-02 -8.019282e+00) (-5.777325e-03 1.332400e-04 7.189846e-02)) ((-5.571372e-03 1.108672e-01 -5.791171e-03) (1.371922e-04 -2.095694e-03 1.607457e-04))
4.99          	((3.041106e-02 -1.938950e-02 -9.875252e+00) (-5.827258e-03 1.276075e-04 6.715193e-02)) ((-6.026432e-03 1.259726e-01 -4.975828e-03) (1.275475e-04 -2.039796e-03 1.668231e-04))
5             	((3.214366e-02 -2.176882e-02 -1.170251e+01) (-5.873106e-03 1.225077e-04 6.232608e-02)) ((-5.919693e-03 1.403431e-01 -4.407115e-03) (1.157307e-04 -1.981931e-03 1.718375e-04))
5.01          	((3.123795e-02 -2.127436e-02 -1.350208e+01) (-5.904504e-03 1.157204e-04 5.743483e-02)) ((-5.953652e-03 1.547021e-01 -3.682954e-03) (1.043870e-04 -1.920654e-03 1.764599e-04))
5.02          	((2.878760e-02 -2.043819e-02 -1.527172e+01) (-5.923014e-03 1.092589e-04 5.248390e-02)) ((-6.257189e-03 1.681913e-01 -2.900057e-03) (9.348976e-05 -1.856100e-03 1.802878e-04))
5.03          	((2.500156e-02 -2.218248e-02 -1.700420e+01) (-5.928881e-03 9.966162e-05 4.747477e-02)) ((-6.679161e-03 1.818136e-01 -2.259351e-03) (8.196586e-05 -1.789155e-03 1.831955e-04))
5.04          	((2.088650e-02 -2.088635e-02 -1.869423e+01) (-5.928810e-03 8.873577e-05 4.242423e-02)) ((-7.035997e-03 1.954195e-01 -1.496145e-03) (7.131047e-05 -1.719968e-03 1.856359e-04))
5.05          	((1.772432e-02 -1.942306e-02 -2.034059e+01) (-5.917953e-03 8.178297e-05 3.734017e-02)) ((-7.032287e-03 2.081357e-01 -9.122759e-04) (6.014130e-05 -1.648814e-03 1.880362e-04))
5.06          	((1.326995e-02 -1.797419e-02 -2.194486e+01) (-5.907555e-03 7.606026e-05 3.222403e-02)) ((-7.383569e-03 2.209615e-01 -1.774492e-04) (5.025957e-05 -1.577284e-03 1.909328e-04))
5.07          	((5.920218e-03 -1.494021e-02 -2.349306e+01) (-5.890796e-03 7.232010e-05 2.708931e-02)) ((-7.379853e-03 2.332636e-01 3.312366e-04) (4.133732e-05 -1.504015e-03 1.933408e-04))
5.08          	((-8.211924e-04 -1.248487e-02 -2.499288e+01) (-5.870418e-03 6.752724e-05 2.194927e-02)) ((-7.687874e-03 2.453247e-01 6.613812e-04) (3.369104e-05 -1.430246e-03 1.959272e-04))
5.09          	((-8.282106e-03 -1.262856e-02 -2.643235e+01) (-5.843352e-03 6.561950e-05 1.680374e-02)) ((-8.092648e-03 2.570142e-01 1.048101e-03) (2.724949e-05 -1.355456e-03 1.972908e-04))
5.1           	((-1.553859e-02 -9.236478e-03 -2.780766e+01) (-5.813623e-03 6.567165e-05 1.165826e-02)) ((-8.345504e-03 2.683939e-01 1.698935e-03) (2.194317e-05 -1.279902e-03 1.981995e-04))
5.11          	((-2.655974e-02 -8.381074e-03 -2.912195e+01) (-5.788581e-03 6.436613e-05 6.515369e-03)) ((-8.819426e-03 2.787572e-01 2.144811e-03) (1.751264e-05 -1.205210e-03 1.982458e-04))
5.12          	((-3.725569e-02 -5.726302e-03 -3.036889e+01) (-5.758922e-03 6.328988e-05 1.377780e-03)) ((-8.830917e-03 2.889938e-01 2.619806e-03) (1.436744e-05 -1.129983e-03 1.995958e-04))
5.13          	((-4.840686e-02 -2.550506e-03 -3.153527e+01) (-5.728055e-03 6.225525e-05 -3.759610e-03)) ((-9.427025e-03 2.984674e-01 2.987578e-03) (1.245105e-05 -1.055667e-03 2.006505e-04))
5.14          	((-5.931698e-02 1.757099e-03 -3.265352e+01) (-5.699305e-03 5.869944e-05 -8.896457e-03)) ((-9.052780e-03 3.076824e-01 3.659886e-03) (1.264801e-05 -9.819080e-04 2.018437e-04))
5.15          	((-7.021205e-02 9.629787e-03 -3.370489e+01) (-5.673420e-03 4.716835e-05 -1.403514e-02)) ((-9.742636e-03 3.159189e-01 4.246816e-03) (1.338923e-05 -9.082166e-04 2.044642e-04))
5.16          	((-7.884682e-02 1.084481e-02 -3.468713e+01) (-5.640720e-03 3.661488e-05 -1.917629e-02)) ((-1.017383e-02 3.232066e-01 4.651975e-03) (1.469192e-05 -8.354148e-04 2.070238e-04))
5.17          	((-8.725276e-02 2.076147e-02 -3.561346e+01) (-5.605910e-03 2.213542e-05 -2.432280e-02)) ((-1.026863e-02 3.299394e-01 5.168114e-03) (1.771177e-05 -7.643488e-04 2.097375e-04))
5.18          	((-9.707056e-02 2.956951e-02 -3.648900e+01) (-5.571037e-03 4.671439e-06 -2.948350e-02)) ((-1.093985e-02 3.355176e-01 5.982157e-03) (2.143817e-05 -6.952302e-04 2.129957e-04))
5.19          	((-1.038821e-01 3.324945e-02 -3.729057e+01) (-5.537499e-03 -1.523216e-05 -3.465851e-02)) ((-1.088698e-02 3.408060e-01 6.715893e-03) (2.513854e-05 -6.272056e-04 2.157220e-04))
5.2           	((-1.113156e-01 3.943727e-02 -3.803757e+01) (-5.499417e-03 -4.017900e-05 -3.985574e-02)) ((-1.133166e-02 3.451161e-01 7.173413e-03) (2.805368e-05 -5.593919e-04 2.190289e-04))
5.21          	((-1.140112e-01 4.383957e-02 -3.871876e+01) (-5.454909e-03 -6.129739e-05 -4.508456e-02)) ((-1.110974e-02 3.486756e-01 7.833525e-03) (2.997060e-05 -4.932882e-04 2.232839e-04))
5.22          	((-1.139813e-01 4.919068e-02 -3.934294e+01) (-5.407406e-03 -7.899759e-05 -5.033684e-02)) ((-1.186875e-02 3.517012e-01 8.788144e-03) (3.086382e-05 -4.280050e-04 2.274155e-04))
5.23          	((-1.100520e-01 5.580843e-02 -3.991967e+01) (-5.355578e-03 -9.397532e-05 -5.561087e-02)) ((-1.123303e-02 3.537194e-01 9.406005e-03) (3.078163e-05 -3.643281e-04 2.323420e-04))
5.24          	((-1.088400e-01 6.017216e-02 -4.043848e+01) (-5.303442e-03 -1.171558e-04 -6.091124e-02)) ((-1.066055e-02 3.554872e-01 1.010962e-02) (2.919544e-05 -3.019488e-04 2.376791e-04))
5.25          	((-1.022964e-01 5.914882e-02 -4.092234e+01) (-5.243306e-03 -1.435762e-04 -6.623551e-02)) ((-1.003019e-02 3.563561e-01 1.045069e-02) (2.751923e-05 -2.390246e-04 2.434400e-04))
5.26          	((-9.488657e-02 6.843197e-02 -4.137893e+01) (-5.170018e-03 -1.741388e-04 -7.158910e-02)) ((-1.027445e-02 3.574461e-01 1.088337e-02) (2.574375e-05 -1.746671e-04 2.495892e-04))
5.27          	((-8.555266e-02 7.445099e-02 -4.168175e+01) (-5.082284e-03 -2.114839e-04 -7.695051e-02)) ((-1.087419e-02 3.569469e-01 1.144044e-02) (2.200249e-05 -1.084960e-04 2.568787e-04))
5.28          	((-7.714508e-02 7.639794e-02 -4.207574e+01) (-4.989443e-03 -2.498077e-04 -8.232061e-02)) ((-1.041415e-02 3.584417e-01 1.173393e-02) (1.562075e-05 -4.096714e-05 2.659599e-04))
5.29          	((-7.233884e-02 7.900783e-02 -4.233190e+01) (-4.879624e-03 -2.929821e-04 -8.767840e-02)) ((-1.021426e-02 3.575695e-01 1.172494e-02) (8.550870e-06 3.109460e-05 2.756084e-04))
5.3           	((-6.108202e-02 7.510743e-02 -4.254669e+01) (-4.764206e-03 -3.441513e-04 -9.301014e-02)) ((-1.094599e-02 3.566378e-01 1.208223e-02) (2.613968e-07 1.076094e-04 2.852661e-04))
5.31          	((-4.706018e-02 7.912536e-02 -4.269962e+01) (-4.636027e-03 -3.996900e-04 -9.829421e-02)) ((-1.092913e-02 3.546848e-01 1.216190e-02) (-8.381673e-06 1.877638e-04 2.958973e-04))
5.32          	((-3.447114e-02 8.496177e-02 -4.280243e+01) (-4.502445e-03 -4.565534e-04 -1.035049e-01)) ((-1.152689e-02 3.526141e-01 1.255039e-02) (-1.652294e-05 2.728094e-04 3.071447e-04))
5.33          	((-2.099875e-02 8.805101e-02 -4.285238e+01) (-4.360763e-03 -5.136849e-04 -1.086138e-01)) ((-1.174866e-02 3.497760e-01 1.283555e-02) (-2.469147e-05 3.626492e-04 3.180719e-04))
5.34          	((-6.485886e-03 8.998359e-02 -4.283824e+01) (-4.198368e-03 -5.636008e-04 -1.135786e-01)) ((-1.181803e-02 3.461970e-01 1.305911e-02) (-3.227476e-05 4.579682e-04 3.301859e-04))
5.35          	((8.190158e-03 9.340573e-02 -4.276143e+01) (-4.015604e-03 -6.073336e-04 -1.183790e-01)) ((-1.181767e-02 3.417753e-01 1.322448e-02) (-3.943890e-05 5.592001e-04 3.432548e-04))
5.36          	((2.346533e-02 9.529979e-02 -4.262086e+01) (-3.811696e-03 -6.393705e-04 -1.229725e-01)) ((-1.078349e-02 3.363299e-01 1.319096e-02) (-4.673143e-05 6.659805e-04 3.549318e-04))
5.37          	((3.959040e-02 9.857176e-02 -4.242172e+01) (-3.593366e-03 -6.573826e-04 -1.273345e-01)) ((-9.829573e-03 3.302126e-01 1.268496e-02) (-5.299760e-05 7.765268e-04 3.663317e-04))
5.38          	((5.697662e-02 9.815895e-02 -4.214988e+01) (-3.358158e-03 -6.625711e-04 -1.314313e-01)) ((-9.298484e-03 3.234134e-01 1.227926e-02) (-5.799403e-05 8.914933e-04 3.765467e-04))
5.39          	((7.317147e-02 9.482284e-02 -4.181540e+01) (-3.105937e-03 -6.598956e-04 -1.352313e-01)) ((-7.960403e-03 3.161739e-01 1.100788e-02) (-6.341273e-05 1.006161e-03 3.848056e-04))
5.4           	((9.022277e-02 8.906922e-02 -4.141255e+01) (-2.836838e-03 -6.495833e-04 -1.387160e-01)) ((-5.939771e-03 3.083174e-01 9.623146e-03) (-6.653963e-05 1.119708e-03 3.922447e-04))
5.41          	((1.042848e-01 8.258223e-02 -4.092616e+01) (-2.554085e-03 -6.400684e-04 -1.418744e-01)) ((-3.944730e-03 2.992881e-01 7.933381e-03) (-6.720026e-05 1.228113e-03 3.986023e-04))
5.42          	((1.171693e-01 7.299535e-02 -4.035407e+01) (-2.258162e-03 -6.360529e-04 -1.447020e-01)) ((-2.278732e-03 2.900516e-01 6.153370e-03) (-6.633427e-05 1.331948e-03 4.025856e-04))
5.43          	((1.272424e-01 6.702440e-02 -3.969505e+01) (-1.953508e-03 -6.374816e-04 -1.471727e-01)) ((-2.722649e-04 2.801068e-01 3.970611e-03) (-6.258759e-05 1.428859e-03 4.053349e-04))
5.44          	((1.356340e-01 5.221168e-02 -3.894528e+01) (-1.641124e-03 -6.437488e-04 -1.493018e-01)) ((1.680559e-03 2.692553e-01 1.912584e-03) (-5.478570e-05 1.517242e-03 4.059856e-04))
5.45          	((1.401970e-01 3.689780e-02 -3.810635e+01) (-1.311779e-03 -6.549227e-04 -1.510679e-01)) ((3.503540e-03 2.585210e-01 7.466040e-04) (-4.835561e-05 1.597720e-03 4.066047e-04))
5.46          	((1.438969e-01 2.266005e-02 -3.717023e+01) (-9.779137e-04 -6.727809e-04 -1.524778e-01)) ((4.626926e-03 2.479470e-01 -4.513563e-04) (-4.161340e-05 1.670601e-03 4.048558e-04))
5.47          	((1.446288e-01 5.699012e-03 -3.614042e+01) (-6.386433e-04 -6.946160e-04 -1.535351e-01)) ((4.985873e-03 2.369714e-01 -1.271203e-03) (-3.508710e-05 1.736228e-03 4.006247e-04))
5.48          	((1.436362e-01 -8.645113e-03 -3.501961e+01) (-3.008890e-04 -7.271713e-04 -1.542503e-01)) ((5.815416e-03 2.267183e-01 -1.363729e-03) (-3.146178e-05 1.793613e-03 3.959972e-04))
5.49          	((1.366711e-01 -2.178407e-02 -3.381266e+01) (3.214469e-05 -7.592698e-04 -1.546318e-01)) ((6.027883e-03 2.163093e-01 -1.661597e-03) (-3.037979e-05 1.844928e-03 3.901920e-04))
5.5           	((1.309039e-01 -3.556356e-02 -3.252303e+01) (3.568217e-04 -7.869076e-04 -1.546980e-01)) ((5.949261e-03 2.060953e-01 -1.536928e-03) (-2.999594e-05 1.888835e-03 3.844384e-04))
5.51          	((1.214984e-01 -4.715606e-02 -3.116006e+01) (6.703556e-04 -8.118660e-04 -1.544475e-01)) ((5.652283e-03 1.966054e-01 -1.859657e-03) (-3.393446e-05 1.925679e-03 3.809458e-04))
5.52          	((1.097724e-01 -6.059085e-02 -2.973292e+01) (9.661208e-04 -8.396909e-04 -1.539064e-01)) ((6.025860e-03 1.876641e-01 -1.909957e-03) (-4.017664e-05 1.954273e-03 3.822244e-04))
5.53          	((9.898197e-02 -7.156039e-02 -2.823700e+01) (1.241583e-03 -8.658622e-04 -1.530792e-01)) ((6.052548e-03 1.784868e-01 -2.295867e-03) (-4.773302e-05 1.975281e-03 3.884058e-04))
5.54          	((8.813789e-02 -7.937591e-02 -2.668934e+01) (1.495548e-03 -8.916350e-04 -1.519685e-01)) ((6.293979e-03 1.695505e-01 -2.304439e-03) (-5.597766e-05 1.988296e-03 3.991136e-04))
5.55          	((7.764985e-02 -8.899598e-02 -2.509314e+01) (1.728319e-03 -9.233489e-04 -1.505936e-01)) ((6.377622e-03 1.600180e-01 -2.323637e-03) (-6.411648e-05 1.993523e-03 4.127312e-04))
5.56          	((7.020197e-02 -9.630368e-02 -2.345609e+01) (1.939474e-03 -9.590335e-04 -1.489557e-01)) ((6.698863e-03 1.502323e-01 -2.501848e-03) (-7.178646e-05 1.991804e-03 4.298558e-04))
5.57          	((6.809720e-02 -9.936607e-02 -2.178270e+01) (2.124394e-03 -9.982884e-04 -1.470639e-01)) ((7.334487e-03 1.403175e-01 -2.239805e-03) (-7.939534e-05 1.983015e-03 4.495510e-04))
5.58          	((6.648968e-02 -1.039301e-01 -2.007212e+01) (2.277668e-03 -1.045161e-03 -1.449149e-01)) ((7.854593e-03 1.300395e-01 -1.616982e-03) (-8.664889e-05 1.965935e-03 4.710708e-04))
5.59          	((6.505331e-02 -1.062224e-01 -1.833494e+01) (2.413597e-03 -1.092291e-03 -1.425332e-01)) ((8.155031e-03 1.193990e-01 -3.369945e-04) (-9.317665e-05 1.943709e-03 4.939645e-04))
5.6           	((6.442845e-02 -1.055577e-01 -1.656990e+01) (2.520415e-03 -1.143037e-03 -1.399180e-01)) ((8.135155e-03 1.082718e-01 1.189476e-03) (-9.913279e-05 1.915257e-03 5.166232e-04))
5.61          	((6.766429e-02 -1.053476e-01 -1.478387e+01) (2.604285e-03 -1.188542e-03 -1.370768e-01)) ((8.618998e-03 9.649782e-02 2.866377e-03) (-1.032765e-04 1.880045e-03 5.376330e-04))
5.62          	((7.082079e-02 -1.007213e-01 -1.296922e+01) (2.675027e-03 -1.216582e-03 -1.340165e-01)) ((8.973938e-03 8.361007e-02 5.114907e-03) (-1.049417e-04 1.839573e-03 5.554232e-04))
5.63          	((7.574299e-02 -9.442809e-02 -1.113622e+01) (2.723309e-03 -1.230534e-03 -1.307312e-01)) ((8.926457e-03 7.057120e-02 6.933735e-03) (-1.048390e-04 1.793595e-03 5.688196e-04))
5.64          	((7.958505e-02 -8.680527e-02 -9.282935e+00) (2.743706e-03 -1.228078e-03 -1.272324e-01)) ((8.787185e-03 5.747244e-02 8.967245e-03) (-1.046862e-04 1.744037e-03 5.794077e-04))
5.65          	((8.426058e-02 -7.655890e-02 -7.411497e+00) (2.743001e-03 -1.209268e-03 -1.235232e-01)) ((8.633129e-03 4.343748e-02 1.107972e-02) (-1.033496e-04 1.690191e-03 5.847771e-04))
5.66          	((8.649255e-02 -6.749491e-02 -5.523464e+00) (2.739829e-03 -1.169786e-03 -1.196145e-01)) ((8.606795e-03 2.884094e-02 1.241465e-02) (-9.996495e-05 1.633313e-03 5.862653e-04))
5.67          	((8.779859e-02 -5.647221e-02 -3.623947e+00) (2.720773e-03 -1.116379e-03 -1.155095e-01)) ((8.596588e-03 1.417971e-02 1.345097e-02) (-9.759226e-05 1.571733e-03 5.849279e-04))
5.68          	((8.888812e-02 -4.423041e-02 -1.715384e+00) (2.693159e-03 -1.052691e-03 -1.112243e-01)) ((8.576754e-03 -5.432450e-04 1.409775e-02) (-9.485526e-05 1.507676e-03 5.788714e-04))
5.69          	((8.905891e-02 -3.398653e-02 1.946652e-01) (2.652075e-03 -9.778352e-04 -1.067556e-01)) ((8.449702e-03 -1.566037e-02 1.430884e-02) (-9.244412e-05 1.440357e-03 5.686104e-04))
5.7           	((8.888344e-02 -2.309450e-02 2.104054e+00) (2.602113e-03 -8.934761e-04 -1.021227e-01)) ((8.537089e-03 -3.058005e-02 1.409447e-02) (-9.011625e-05 1.372184e-03 5.551996e-04))
5.71          	((8.611269e-02 -1.326812e-02 4.014862e+00) (2.545910e-03 -8.070040e-04 -9.733470e-02)) ((8.681626e-03 -4.576157e-02 1.356030e-02) (-8.768117e-05 1.301466e-03 5.394863e-04))
5.72          	((8.292678e-02 -6.136700e-03 5.921131e+00) (2.482153e-03 -7.235559e-04 -9.240129e-02)) ((8.516031e-03 -6.092597e-02 1.291523e-02) (-8.371201e-05 1.229431e-03 5.224656e-04))
5.73          	((7.891730e-02 -4.045095e-04 7.812217e+00) (2.417003e-03 -6.375703e-04 -8.734299e-02)) ((8.787587e-03 -7.597823e-02 1.176899e-02) (-8.032169e-05 1.156652e-03 5.061784e-04))
5.74          	((7.479082e-02 6.156966e-03 9.677220e+00) (2.351101e-03 -5.537760e-04 -8.217203e-02)) ((8.772329e-03 -9.065869e-02 1.074087e-02) (-7.615778e-05 1.083162e-03 4.907104e-04))
5.75          	((6.985011e-02 9.975046e-03 1.152289e+01) (2.282845e-03 -4.673855e-04 -7.690132e-02)) ((8.618588e-03 -1.052507e-01 9.909517e-03) (-7.267782e-05 1.008487e-03 4.741506e-04))
5.76          	((6.457267e-02 1.446389e-02 1.334584e+01) (2.209779e-03 -3.828060e-04 -7.154292e-02)) ((8.336937e-03 -1.197740e-01 8.911790e-03) (-6.908394e-05 9.302913e-04 4.583751e-04))
5.77          	((5.998680e-02 1.645421e-02 1.513629e+01) (2.136343e-03 -2.992249e-04 -6.611888e-02)) ((8.056099e-03 -1.338356e-01 7.584057e-03) (-6.574011e-05 8.516913e-04 4.433947e-04))
5.78          	((5.593507e-02 1.699367e-02 1.688489e+01) (2.052950e-03 -2.235723e-04 -6.063345e-02)) ((7.831713e-03 -1.476149e-01 6.853789e-03) (-6.234787e-05 7.714499e-04 4.299458e-04))
5.79          	((5.136227e-02 1.579803e-02 1.858944e+01) (1.960830e-03 -1.544363e-04 -5.510107e-02)) ((7.862340e-03 -1.614980e-01 6.208409e-03) (-5.963568e-05 6.901212e-04 4.173506e-04))
5.8           	((4.662665e-02 1.715962e-02 2.024721e+01) (1.865098e-03 -8.861718e-05 -4.953346e-02)) ((7.419912e-03 -1.748699e-01 5.771502e-03) (-5.729208e-05 6.083366e-04 4.050947e-04))
5.81          	((4.207399e-02 1.473983e-02 2.185043e+01) (1.761840e-03 -3.039601e-05 -4.393937e-02)) ((7.387695e-03 -1.880199e-01 5.194498e-03) (-5.515457e-05 5.268805e-04 3.941465e-04))
5.82          	((3.621893e-02 1.348582e-02 2.340659e+01) (1.651941e-03 2.279105e-05 -3.832489e-02)) ((7.613384e-03 -2.011489e-01 4.875088e-03) (-5.253121e-05 4.448946e-04 3.839516e-04))
5.83          	((3.301465e-02 1.586682e-02 2.490160e+01) (1.535073e-03 6.884557e-05 -3.270189e-02)) ((7.143718e-03 -2.132692e-01 4.991877e-03) (-4.891518e-05 3.631670e-04 3.744174e-04))
5.84          	((2.690911e-02 1.726724e-02 2.632606e+01) (1.407866e-03 1.060340e-04 -2.708260e-02)) ((6.808095e-03 -2.252836e-01 5.089858e-03) (-4.417228e-05 2.820533e-04 3.649473e-04))
5.85          	((2.127721e-02 1.788962e-02 2.769597e+01) (1.278813e-03 1.379354e-04 -2.147417e-02)) ((6.477827e-03 -2.370819e-01 5.486840e-03) (-3.893823e-05 2.026183e-04 3.561926e-04))
5.86          	((1.445198e-02 1.692600e-02 2.899267e+01) (1.144151e-03 1.691065e-04 -1.588355e-02)) ((6.125988e-03 -2.479419e-01 6.018116e-03) (-3.401649e-05 1.250126e-04 3.485605e-04))
5.87          	((9.163441e-03 1.340058e-02 3.022642e+01) (1.003348e-03 1.986721e-04 -1.031906e-02)) ((6.471656e-03 -2.591958e-01 6.196369e-03) (-2.815821e-05 4.957576e-05 3.418210e-04))
5.88          	((5.841450e-04 1.407347e-02 3.139154e+01) (8.607769e-04 2.215211e-04 -4.785638e-03)) ((6.274470e-03 -2.687758e-01 6.759606e-03) (-2.201529e-05 -2.331999e-05 3.356688e-04))
5.89          	((-1.062904e-02 1.382450e-02 3.249269e+01) (7.123125e-04 2.382458e-04 7.161788e-04)) ((6.067988e-03 -2.787835e-01 7.702282e-03) (-1.545938e-05 -9.408013e-05 3.294171e-04))
5.9           	((-2.111519e-02 1.366870e-02 3.352349e+01) (5.583741e-04 2.479086e-04 6.188119e-03)) ((5.985012e-03 -2.883426e-01 8.308860e-03) (-8.841183e-06 -1.631686e-04 3.232763e-04))
5.91          	((-3.054514e-02 1.339056e-02 3.449105e+01) (3.987835e-04 2.545637e-04 1.162515e-02)) ((6.074855e-03 -2.972021e-01 8.734279e-03) (-1.625764e-06 -2.291929e-04 3.164320e-04))
5.92          	((-4.322929e-02 1.785193e-02 3.539460e+01) (2.381325e-04 2.530612e-04 1.703141e-02)) ((5.500154e-03 -3.056579e-01 9.566455e-03) (5.626896e-06 -2.928665e-04 3.085601e-04))
5.93          	((-5.457587e-02 1.856846e-02 3.622452e+01) (7.577533e-05 2.481988e-04 2.240522e-02)) ((5.599233e-03 -3.132091e-01 1.011446e-02) (1.242329e-05 -3.532260e-04 2.996772e-04))
5.94          	((-6.921991e-02 1.809638e-02 3.698658e+01) (-8.578142e-05 2.366807e-04 2.774391e-02)) ((5.125930e-03 -3.195058e-01 1.042285e-02) (1.859600e-05 -4.102858e-04 2.906654e-04))
5.95          	((-8.256251e-02 2.206343e-02 3.771148e+01) (-2.412265e-04 2.183885e-04 3.305753e-02)) ((4.884752e-03 -3.257724e-01 1.078327e-02) (2.343251e-05 -4.640483e-04 2.817110e-04))
5.96          	((-9.811687e-02 2.559366e-02 3.836998e+01) (-3.883479e-04 1.953320e-04 3.834356e-02)) ((3.644683e-03 -3.305749e-01 1.140664e-02) (2.798367e-05 -5.153251e-04 2.723771e-04))
5.97          	((-1.129096e-01 2.359601e-02 3.897463e+01) (-5.267960e-04 1.752867e-04 4.360757e-02)) ((3.235652e-03 -3.356782e-01 1.183365e-02) (3.233863e-05 -5.636671e-04 2.627566e-04))
5.98          	((-1.279787e-01 2.514181e-02 3.953007e+01) (-6.636200e-04 1.587828e-04 4.884731e-02)) ((1.567637e-03 -3.400507e-01 1.202666e-02) (3.526448e-05 -6.109019e-04 2.527941e-04))
5.99          	((-1.423028e-01 3.262427e-02 4.004130e+01) (-7.911004e-04 1.452581e-04 5.406031e-02)) ((1.280606e-03 -3.438311e-01 1.220613e-02) (3.938944e-05 -6.568384e-04 2.423403e-04))
6             	((-1.531440e-01 3.306948e-02 4.049402e+01) (-9.120178e-04 1.274251e-04 5.924605e-02)) ((4.346080e-04 -3.459828e-01 1.205786e-02) (4.435944e-05 -7.014982e-04 2.307474e-04))
6.01          	((-1.704288e-01 3.152881e-02 4.093296e+01) (-1.036074e-03 1.176989e-04 6.439570e-02)) ((-1.126559e-03 -3.482419e-01 1.190074e-02) (4.851129e-05 -7.459213e-04 2.194357e-04))
6.02          	((-1.846478e-01 2.963655e-02 4.126466e+01) (-1.152653e-03 1.158331e-04 6.949639e-02)) ((-1.990711e-03 -3.489483e-01 1.237021e-02) (5.360156e-05 -7.905518e-04 2.069331e-04))
6.03          	((-1.961334e-01 3.410643e-02 4.169923e+01) (-1.273337e-03 1.233298e-04 7.455291e-02)) ((-1.557448e-03 -3.499463e-01 1.298012e-02) (5.670990e-05 -8.359297e-04 1.942439e-04))
6.04          	((-2.157302e-01 3.760424e-02 4.197251e+01) (-1.398328e-03 1.447950e-04 7.955210e-02)) ((-1.643619e-03 -3.520120e-01 1.266334e-02) (5.876404e-05 -8.841949e-04 1.809200e-04))
6.05          	((-2.307769e-01 3.706543e-02 4.221190e+01) (-1.523212e-03 1.783201e-04 8.447219e-02)) ((-1.567147e-03 -3.513806e-01 1.295538e-02) (5.956604e-05 -9.334629e-04 1.657067e-04))
6.06          	((-2.431197e-01 4.375030e-02 4.239637e+01) (-1.653306e-03 2.217786e-04 8.929966e-02)) ((-1.900514e-03 -3.500982e-01 1.329161e-02) (5.659944e-05 -9.846444e-04 1.495730e-04))
6.07          	((-2.564870e-01 4.792349e-02 4.252395e+01) (-1.783470e-03 2.758614e-04 9.401643e-02)) ((-1.573792e-03 -3.491010e-01 1.338560e-02) (5.111134e-05 -1.039449e-03 1.321069e-04))
6.08          	((-2.644547e-01 4.985256e-02 4.259357e+01) (-1.910165e-03 3.378989e-04 9.859224e-02)) ((-1.909585e-03 -3.474059e-01 1.360369e-02) (4.108548e-05 -1.095086e-03 1.126791e-04))
6.09          	((-2.731625e-01 5.112069e-02 4.261858e+01) (-2.026676e-03 4.121440e-04 1.030127e-01)) ((-2.123875e-03 -3.449720e-01 1.399664e-02) (2.982161e-05 -1.151702e-03 9.343711e-05))
6.1           	((-2.799033e-01 5.408258e-02 4.258967e+01) (-2.129672e-03 4.935730e-04 1.072357e-01)) ((-3.036207e-03 -3.417260e-01 1.395639e-02) (1.310584e-05 -1.209690e-03 7.374920e-05))
6.11          	((-2.861728e-01 5.615518e-02 4.249457e+01) (-2.224127e-03 5.849418e-04 1.112407e-01)) ((-4.133750e-03 -3.379700e-01 1.429553e-02) (-6.568996e-06 -1.267985e-03 5.437085e-05))
6.12          	((-2.928345e-01 5.695325e-02 4.234892e+01) (-2.304753e-03 6.851853e-04 1.150108e-01)) ((-5.873529e-03 -3.337193e-01 1.482262e-02) (-2.808679e-05 -1.324988e-03 3.440281e-05))
6.13          	((-3.005106e-01 5.501617e-02 4.212531e+01) (-2.374637e-03 7.871636e-04 1.185211e-01)) ((-7.261402e-03 -3.279801e-01 1.497196e-02) (-5.132945e-05 -1.381089e-03 1.338364e-05))
6.14          	((-3.022953e-01 5.749769e-02 4.183438e+01) (-2.428857e-03 8.763218e-04 1.217565e-01)) ((-1.007645e-02 -3.207672e-01 1.485146e-02) (-7.327414e-05 -1.436798e-03 -9.331096e-06))
6.15          	((-3.043938e-01 5.310922e-02 4.146615e+01) (-2.470253e-03 9.550898e-04 1.247125e-01)) ((-1.172678e-02 -3.126763e-01 1.455178e-02) (-9.169222e-05 -1.492306e-03 -3.462312e-05))
6.16          	((-3.031590e-01 4.947295e-02 4.102349e+01) (-2.500534e-03 1.018762e-03 1.273689e-01)) ((-1.298359e-02 -3.035064e-01 1.357912e-02) (-1.061438e-04 -1.548902e-03 -5.902129e-05))
6.17          	((-2.980952e-01 4.579550e-02 4.050514e+01) (-2.525505e-03 1.053406e-03 1.297254e-01)) ((-1.416073e-02 -2.932899e-01 1.131383e-02) (-1.156334e-04 -1.607068e-03 -8.471554e-05))
6.18          	((-2.883706e-01 4.329514e-02 3.990603e+01) (-2.548663e-03 1.063062e-03 1.317767e-01)) ((-1.499488e-02 -2.825916e-01 7.861189e-03) (-1.181530e-04 -1.666314e-03 -1.090822e-04))
6.19          	((-2.764659e-01 3.950760e-02 3.922301e+01) (-2.569709e-03 1.043256e-03 1.335161e-01)) ((-1.428828e-02 -2.706874e-01 4.105798e-03) (-1.151681e-04 -1.725212e-03 -1.315672e-04))
6.2           	((-2.629929e-01 2.945073e-02 3.845410e+01) (-2.589530e-03 9.980367e-04 1.349430e-01)) ((-1.252817e-02 -2.580455e-01 -3.701796e-04) (-1.088822e-04 -1.784793e-03 -1.509508e-04))
6.21          	((-2.445261e-01 2.568073e-02 3.760691e+01) (-2.614588e-03 9.411558e-04 1.360661e-01)) ((-1.069205e-02 -2.449493e-01 -5.057672e-03) (-1.017236e-04 -1.844126e-03 -1.645380e-04))
6.22          	((-2.245863e-01 2.191840e-02 3.667613e+01) (-2.641969e-03 8.860859e-04 1.368914e-01)) ((-8.584719e-03 -2.313983e-01 -1.034137e-02) (-9.663631e-05 -1.903291e-03 -1.729617e-04))
6.23          	((-2.015674e-01 2.348864e-02 3.565505e+01) (-2.676597e-03 8.190238e-04 1.374203e-01)) ((-7.136456e-03 -2.179819e-01 -1.594670e-02) (-9.134597e-05 -1.964365e-03 -1.773386e-04))
6.24          	((-1.768086e-01 2.054421e-02 3.454906e+01) (-2.715102e-03 7.532874e-04 1.376474e-01)) ((-5.270433e-03 -2.043408e-01 -2.086140e-02) (-8.559989e-05 -2.026320e-03 -1.752091e-04))
6.25          	((-1.535808e-01 1.696798e-02 3.335313e+01) (-2.764159e-03 6.873752e-04 1.375902e-01)) ((-3.604827e-03 -1.911911e-01 -2.558259e-02) (-7.675046e-05 -2.088135e-03 -1.673780e-04))
6.26          	((-1.294395e-01 1.428022e-02 3.206917e+01) (-2.828117e-03 6.253123e-04 1.372515e-01)) ((-2.508635e-03 -1.778469e-01 -2.983723e-02) (-6.652564e-05 -2.150587e-03 -1.551190e-04))
6.27          	((-1.053730e-01 1.282198e-02 3.069327e+01) (-2.905470e-03 5.689837e-04 1.366401e-01)) ((-2.103892e-03 -1.644594e-01 -3.396345e-02) (-5.642893e-05 -2.210913e-03 -1.387013e-04))
6.28          	((-8.291033e-02 1.173726e-02 2.922943e+01) (-2.995234e-03 5.169876e-04 1.357419e-01)) ((-1.295658e-03 -1.518489e-01 -3.689494e-02) (-4.507058e-05 -2.264365e-03 -1.192900e-04))
6.29          	((-6.370841e-02 1.149948e-02 2.769290e+01) (-3.088269e-03 4.712582e-04 1.345711e-01)) ((-3.354314e-04 -1.394943e-01 -3.858800e-02) (-3.308992e-05 -2.312559e-03 -9.988878e-05))
6.3           	((-4.478898e-02 4.994623e-03 2.608701e+01) (-3.189096e-03 4.307917e-04 1.331345e-01)) ((3.567958e-04 -1.272960e-01 -3.954422e-02) (-2.207501e-05 -2.355231e-03 -8.181300e-05))
6.31          	((-2.748640e-02 5.387235e-03 2.441430e+01) (-3.302676e-03 3.869037e-04 1.314466e-01)) ((1.049470e-03 -1.154024e-01 -3.854410e-02) (-1.069337e-05 -2.393248e-03 -6.577676e-05))
6.32          	((-1.011436e-02 2.807731e-03 2.268181e+01) (-3.420124e-03 3.463617e-04 1.295135e-01)) ((1.892928e-03 -1.039028e-01 -3.681164e-02) (1.723515e-06 -2.425145e-03 -5.194114e-05))
6.33          	((4.125934e-03 5.127820e-03 2.089939e+01) (-3.551294e-03 3.057229e-04 1.273381e-01)) ((2.366448e-03 -9.252142e-02 -3.491105e-02) (1.373971e-05 -2.450701e-03 -4.064768e-05))
6.34          	((1.465759e-02 1.943569e-03 1.907357e+01) (-3.685138e-03 2.614758e-04 1.249326e-01)) ((2.486534e-03 -8.152828e-02 -3.202476e-02) (2.560242e-05 -2.469780e-03 -3.169159e-05))
6.35          	((2.065490e-02 -1.483880e-03 1.720896e+01) (-3.821672e-03 2.185668e-04 1.223047e-01)) ((3.323827e-03 -7.046116e-02 -2.889929e-02) (3.612517e-05 -2.482832e-03 -2.426576e-05))
6.36          	((2.452018e-02 -1.145644e-03 1.531514e+01) (-3.950338e-03 1.825361e-04 1.194598e-01)) ((3.450251e-03 -5.897363e-02 -2.533881e-02) (4.514121e-05 -2.487810e-03 -1.691080e-05))
6.37          	((2.726740e-02 -1.216712e-03 1.339249e+01) (-4.073571e-03 1.488896e-04 1.164072e-01)) ((3.429673e-03 -4.668056e-02 -2.261783e-02) (5.330405e-05 -2.484956e-03 -8.567681e-06))
6.38          	((2.911783e-02 -1.079850e-04 1.144506e+01) (-4.196268e-03 1.165860e-04 1.131600e-01)) ((2.952988e-03 -3.417375e-02 -1.955102e-02) (5.974093e-05 -2.476218e-03 -2.076199e-07))
6.39          	((2.850469e-02 -1.855100e-03 9.484397e+00) (-4.315031e-03 9.517741e-05 1.097149e-01)) ((2.089303e-03 -2.105556e-02 -1.726201e-02) (6.530781e-05 -2.461133e-03 9.170034e-06))
6.4           	((2.613873e-02 -4.703177e-03 7.517761e+00) (-4.432436e-03 8.013951e-05 1.060859e-01)) ((1.171786e-03 -7.118630e-03 -1.545340e-02) (7.021758e-05 -2.440384e-03 1.958927e-05))
6.41          	((2.521142e-02 -9.566609e-03 5.539890e+00) (-4.549158e-03 6.743902e-05 1.022874e-01)) ((1.258214e-05 6.921888e-03 -1.449950e-02) (7.448732e-05 -2.414158e-03 3.088192e-05))
6.42          	((2.320254e-02 -1.376921e-02 3.565490e+00) (-4.660302e-03 6.011920e-05 9.832018e-02)) ((-1.229954e-03 2.180056e-02 -1.295678e-02) (7.643080e-05 -2.382269e-03 4.274385e-05))
6.43          	((2.249795e-02 -1.783377e-02 1.599808e+00) (-4.767417e-03 5.442330e-05 9.419624e-02)) ((-2.271938e-03 3.667077e-02 -1.197552e-02) (7.692950e-05 -2.345853e-03 5.502277e-05))
6.44          	((2.386701e-02 -2.123336e-02 -3.578983e-01) (-4.870228e-03 5.034523e-05 8.993293e-02)) ((-2.996666e-03 5.198575e-02 -1.064397e-02) (7.626342e-05 -2.305586e-03 6.673715e-05))
6.45          	((2.502551e-02 -2.423592e-02 -2.300409e+00) (-4.963799e-03 4.915889e-05 8.554275e-02)) ((-3.488120e-03 6.742539e-02 -9.595257e-03) (7.523432e-05 -2.260986e-03 7.798167e-05))
6.46          	((2.642179e-02 -3.148119e-02 -4.221748e+00) (-5.047845e-03 4.948478e-05 8.104568e-02)) ((-4.333427e-03 8.259446e-02 -8.316475e-03) (7.195897e-05 -2.213455e-03 8.849890e-05))
6.47          	((2.733690e-02 -3.461536e-02 -6.129481e+00) (-5.120023e-03 4.711421e-05 7.644597e-02)) ((-4.458355e-03 9.798352e-02 -7.326901e-03) (6.936610e-05 -2.162082e-03 9.634425e-05))
6.48          	((3.045293e-02 -3.905631e-02 -8.014604e+00) (-5.181648e-03 4.736192e-05 7.175190e-02)) ((-4.605711e-03 1.131602e-01 -6.187971e-03) (6.492643e-05 -2.108060e-03 1.028880e-04))
6.49          	((3.151102e-02 -4.265266e-02 -9.874372e+00) (-5.234926e-03 4.650549e-05 6.697310e-02)) ((-4.464001e-03 1.279679e-01 -5.533112e-03) (6.098480e-05 -2.051902e-03 1.092311e-04))
6.5           	((3.202767e-02 -4.747039e-02 -1.169967e+01) (-5.278528e-03 3.919597e-05 6.212061e-02)) ((-4.106257e-03 1.421621e-01 -4.585734e-03) (5.604295e-05 -1.992895e-03 1.143108e-04))
6.51          	((3.006735e-02 -4.973865e-02 -1.350275e+01) (-5.313227e-03 2.852245e-05 5.719922e-02)) ((-3.650719e-03 1.563059e-01 -3.862991e-03) (5.085097e-05 -1.931690e-03 1.187438e-04))
6.52          	((2.798717e-02 -5.111042e-02 -1.527513e+01) (-5.338178e-03 1.535691e-05 5.222114e-02)) ((-3.883275e-03 1.700675e-01 -3.115196e-03) (4.694655e-05 -1.867937e-03 1.217461e-04))
6.53          	((2.494126e-02 -5.171516e-02 -1.700618e+01) (-5.352471e-03 5.306035e-07 4.719597e-02)) ((-3.952624e-03 1.834014e-01 -2.347804e-03) (4.154595e-05 -1.801243e-03 1.243634e-04))
6.54          	((2.070978e-02 -4.900989e-02 -1.869308e+01) (-5.355533e-03 -1.499750e-05 4.213451e-02)) ((-3.928730e-03 1.964907e-01 -1.734441e-03) (3.626962e-05 -1.731916e-03 1.268059e-04))
6.55          	((1.609614e-02 -4.582384e-02 -2.033683e+01) (-5.346245e-03 -3.141491e-05 3.703905e-02)) ((-4.240244e-03 2.094743e-01 -1.115948e-03) (3.112873e-05 -1.660010e-03 1.286176e-04))
6.56          	((1.165845e-02 -4.342269e-02 -2.194028e+01) (-5.334010e-03 -4.991091e-05 3.192055e-02)) ((-4.318656e-03 2.220367e-01 -4.109922e-04) (2.640030e-05 -1.587097e-03 1.305037e-04))
6.57          	((5.093364e-03 -3.980206e-02 -2.348805e+01) (-5.312272e-03 -7.317692e-05 2.678494e-02)) ((-4.851021e-03 2.341377e-01 -6.634286e-05) (2.158755e-05 -1.512324e-03 1.322097e-04))
6.58          	((-3.140958e-03 -3.505463e-02 -2.498428e+01) (-5.280689e-03 -9.082828e-05 2.164447e-02)) ((-5.407237e-03 2.460787e-01 3.069411e-04) (1.731774e-05 -1.435572e-03 1.347951e-04))
6.59          	((-9.004456e-03 -3.356847e-02 -2.641966e+01) (-5.250713e-03 -1.065690e-04 1.649940e-02)) ((-6.178685e-03 2.575916e-01 4.846885e-04) (1.401354e-05 -1.358763e-03 1.366788e-04))
6.6           	((-1.631217e-02 -2.801238e-02 -2.779398e+01) (-5.224064e-03 -1.190020e-04 1.135700e-02)) ((-6.776113e-03 2.684941e-01 1.176706e-03) (1.058761e-05 -1.281403e-03 1.380178e-04))
6.61          	((-2.663271e-02 -2.334349e-02 -2.910525e+01) (-5.197345e-03 -1.313686e-04 6.214962e-03)) ((-7.118889e-03 2.788866e-01 1.492381e-03) (7.703261e-06 -1.204423e-03 1.394304e-04))
6.62          	((-3.690942e-02 -1.724060e-02 -3.035009e+01) (-5.167900e-03 -1.404147e-04 1.081132e-03)) ((-7.584347e-03 2.891052e-01 2.017671e-03) (4.954901e-06 -1.127029e-03 1.409954e-04))
6.63          	((-4.701153e-02 -1.145320e-02 -3.151834e+01) (-5.134670e-03 -1.486175e-04 -4.044400e-03)) ((-8.096168e-03 2.988424e-01 2.114704e-03) (3.384286e-06 -1.049404e-03 1.422778e-04))
6.64          	((-5.685032e-02 -8.376568e-03 -3.263197e+01) (-5.104256e-03 -1.620974e-04 -9.176150e-03)) ((-8.633611e-03 3.077445e-01 2.253551e-03) (3.037722e-06 -9.734091e-04 1.442005e-04))
6.65          	((-6.686924e-02 1.413181e-04 -3.367627e+01) (-5.071596e-03 -1.796521e-04 -1.430491e-02)) ((-9.269704e-03 3.158506e-01 2.616416e-03) (3.416191e-06 -8.970325e-04 1.465104e-04))
6.66          	((-7.307658e-02 7.294636e-03 -3.465969e+01) (-5.036071e-03 -1.971398e-04 -1.943211e-02)) ((-9.633366e-03 3.233024e-01 2.616302e-03) (4.101967e-06 -8.217779e-04 1.487031e-04))
6.67          	((-8.065294e-02 1.354254e-02 -3.559167e+01) (-5.003526e-03 -2.187272e-04 -2.457224e-02)) ((-1.027657e-02 3.302281e-01 3.467981e-03) (5.755134e-06 -7.488956e-04 1.508239e-04))
6.68          	((-8.738139e-02 2.252736e-02 -3.646055e+01) (-4.963593e-03 -2.436785e-04 -2.971924e-02)) ((-1.095731e-02 3.360351e-01 3.557887e-03) (9.533585e-06 -6.761441e-04 1.525165e-04))
6.69          	((-9.095898e-02 2.425749e-02 -3.726315e+01) (-4.926636e-03 -2.656770e-04 -3.488256e-02)) ((-1.174946e-02 3.414583e-01 3.644978e-03) (1.307499e-05 -6.057764e-04 1.541359e-04))
6.7           	((-9.523162e-02 3.553026e-02 -3.800614e+01) (-4.887772e-03 -2.849291e-04 -4.006585e-02)) ((-1.215087e-02 3.458475e-01 3.799043e-03) (1.551102e-05 -5.356052e-04 1.564354e-04))
6.71          	((-9.505261e-02 3.730124e-02 -3.868871e+01) (-4.841638e-03 -2.998900e-04 -4.528203e-02)) ((-1.225935e-02 3.492289e-01 4.622472e-03) (1.640283e-05 -4.675930e-04 1.590490e-04))
6.72          	((-9.155356e-02 4.634220e-02 -3.931980e+01) (-4.790894e-03 -3.165312e-04 -5.052431e-02)) ((-1.303559e-02 3.523047e-01 4.721105e-03) (1.692298e-05 -4.011083e-04 1.604325e-04))
6.73          	((-8.556753e-02 5.255450e-02 -3.989133e+01) (-4.737975e-03 -3.332731e-04 -5.579828e-02)) ((-1.318812e-02 3.547702e-01 5.196126e-03) (1.636318e-05 -3.357800e-04 1.622962e-04))
6.74          	((-8.011897e-02 5.161193e-02 -4.040649e+01) (-4.681611e-03 -3.548419e-04 -6.109773e-02)) ((-1.345347e-02 3.564016e-01 5.723049e-03) (1.590202e-05 -2.710962e-04 1.643325e-04))
6.75          	((-7.038699e-02 5.977431e-02 -4.089483e+01) (-4.618593e-03 -3.770751e-04 -6.642278e-02)) ((-1.442383e-02 3.580913e-01 6.278923e-03) (1.503087e-05 -2.067207e-04 1.664663e-04))
6.76          	((-6.178878e-02 5.498579e-02 -4.134124e+01) (-4.542734e-03 -4.024543e-04 -7.178147e-02)) ((-1.419637e-02 3.592904e-01 6.779372e-03) (1.261419e-05 -1.408352e-04 1.687346e-04))
6.77          	((-5.018253e-02 6.350806e-02 -4.163006e+01) (-4.458219e-03 -4.307316e-04 -7.715094e-02)) ((-1.510207e-02 3.588009e-01 7.204304e-03) (7.721231e-06 -7.410665e-05 1.725799e-04))
6.78          	((-3.766866e-02 6.849640e-02 -4.202886e+01) (-4.359028e-03 -4.611496e-04 -8.253241e-02)) ((-1.552390e-02 3.603150e-01 7.494182e-03) (5.448569e-07 -4.972450e-06 1.771824e-04))
6.79          	((-3.149244e-02 6.736943e-02 -4.228591e+01) (-4.253231e-03 -4.971097e-04 -8.790461e-02)) ((-1.554764e-02 3.594124e-01 7.546104e-03) (-6.720980e-06 6.805262e-05 1.822950e-04))
6.8           	((-1.862653e-02 6.714167e-02 -4.250587e+01) (-4.132769e-03 -5.442901e-04 -9.325557e-02)) ((-1.651711e-02 3.585738e-01 7.673327e-03) (-1.491348e-05 1.443812e-04 1.882498e-04))
6.81          	((-2.373626e-03 6.852295e-02 -4.266435e+01) (-3.991283e-03 -5.944020e-04 -9.855207e-02)) ((-1.638836e-02 3.564909e-01 8.016042e-03) (-2.175159e-05 2.257748e-04 1.947037e-04))
6.82          	((1.006597e-02 7.527602e-02 -4.276737e+01) (-3.843319e-03 -6.464100e-04 -1.037674e-01)) ((-1.732522e-02 3.537948e-01 8.312269e-03) (-2.883561e-05 3.114237e-04 2.022610e-04))
6.83          	((2.555957e-02 7.857835e-02 -4.282681e+01) (-3.677885e-03 -6.964134e-04 -1.088834e-01)) ((-1.764636e-02 3.509629e-01 8.784534e-03) (-3.480671e-05 4.025108e-04 2.103171e-04))
6.84          	((4.388804e-02 8.013788e-02 -4.282714e+01) (-3.489044e-03 -7.390261e-04 -1.138589e-01)) ((-1.766868e-02 3.474418e-01 9.030044e-03) (-3.971704e-05 4.996909e-04 2.205261e-04))
6.85          	((6.033995e-02 8.555748e-02 -4.275313e+01) (-3.279618e-03 -7.750123e-04 -1.186654e-01)) ((-1.738871e-02 3.425150e-01 9.460869e-03) (-4.552085e-05 6.023396e-04 2.320154e-04))
6.86          	((7.899655e-02 8.973606e-02 -4.261593e+01) (-3.050492e-03 -7.972751e-04 -1.232630e-01)) ((-1.688319e-02 3.371717e-01 9.763158e-03) (-5.161266e-05 7.101345e-04 2.438727e-04))
6.87          	((9.678365e-02 8.993445e-02 -4.242310e+01) (-2.805600e-03 -8.067574e-04 -1.276242e-01)) ((-1.552436e-02 3.310240e-01 9.462918e-03) (-5.630440e-05 8.218398e-04 2.561416e-04))
6.88          	((1.166612e-01 9.259034e-02 -4.215316e+01) (-2.545309e-03 -8.084012e-04 -1.317178e-01)) ((-1.464717e-02 3.238182e-01 9.178904e-03) (-6.164331e-05 9.362965e-04 2.680765e-04))
6.89          	((1.367688e-01 9.198136e-02 -4.181391e+01) (-2.269358e-03 -8.007557e-04 -1.355120e-01)) ((-1.383302e-02 3.165115e-01 8.530390e-03) (-6.625686e-05 1.051678e-03 2.794554e-04))
6.9           	((1.539486e-01 9.016664e-02 -4.140981e+01) (-1.979940e-03 -7.837145e-04 -1.389952e-01)) ((-1.165377e-02 3.085865e-01 7.638556e-03) (-6.919999e-05 1.165166e-03 2.899403e-04))
6.91          	((1.689715e-01 8.579535e-02 -4.092527e+01) (-1.673849e-03 -7.658320e-04 -1.421504e-01)) ((-9.378902e-03 2.996684e-01 6.297405e-03) (-7.220902e-05 1.273745e-03 2.990054e-04))
6.92          	((1.828436e-01 8.123567e-02 -4.035436e+01) (-1.358075e-03 -7.452978e-04 -1.449649e-01)) ((-7.744000e-03 2.903346e-01 4.865405e-03) (-7.360763e-05 1.375782e-03 3.062462e-04))
6.93          	((1.936287e-01 7.444494e-02 -3.970021e+01) (-1.028522e-03 -7.246398e-04 -1.474252e-01)) ((-5.680698e-03 2.803878e-01 3.302332e-03) (-7.290063e-05 1.470511e-03 3.129069e-04))
6.94          	((1.999454e-01 6.616456e-02 -3.895985e+01) (-6.876742e-04 -7.108693e-04 -1.495392e-01)) ((-3.405136e-03 2.696504e-01 1.501470e-03) (-7.076811e-05 1.557788e-03 3.175974e-04))
6.95          	((2.036471e-01 5.515069e-02 -3.812726e+01) (-3.389670e-04 -6.975362e-04 -1.512926e-01)) ((-1.267025e-03 2.588048e-01 9.195914e-05) (-6.950022e-05 1.634295e-03 3.211291e-04))
6.96          	((2.058229e-01 4.572963e-02 -3.719412e+01) (2.030134e-05 -6.854164e-04 -1.526911e-01)) ((7.548112e-04 2.477716e-01 -8.536894e-04) (-6.681326e-05 1.702900e-03 3.233057e-04))
6.97          	((2.034616e-01 3.288558e-02 -3.617402e+01) (3.895095e-04 -6.787620e-04 -1.537378e-01)) ((1.525176e-03 2.365673e-01 -1.525127e-03) (-6.584183e-05 1.763229e-03 3.228455e-04))
6.98          	((1.992933e-01 2.355109e-02 -3.506166e+01) (7.604505e-04 -6.788931e-04 -1.544341e-01)) ((2.247691e-03 2.256066e-01 -2.103254e-03) (-6.763386e-05 1.814532e-03 3.218778e-04))
6.99          	((1.914471e-01 1.331805e-02 -3.386028e+01) (1.121397e-03 -6.829138e-04 -1.547972e-01)) ((2.521402e-03 2.147570e-01 -2.363316e-03) (-7.057179e-05 1.859553e-03 3.206517e-04))
7             	((1.827275e-01 3.433870e-03 -3.257515e+01) (1.471801e-03 -6.860301e-04 -1.548414e-01)) ((2.817165e-03 2.039369e-01 -2.299156e-03) (-7.436640e-05 1.896888e-03 3.203006e-04))
7.01          	((1.715554e-01 -6.533357e-03 -3.121296e+01) (1.809471e-03 -6.878669e-04 -1.545845e-01)) ((3.243864e-03 1.937088e-01 -2.789079e-03) (-8.062438e-05 1.926803e-03 3.218399e-04))
7.02          	((1.569738e-01 -1.705129e-02 -2.978901e+01) (2.131697e-03 -6.990866e-04 -1.540401e-01)) ((3.741821e-03 1.838055e-01 -3.041743e-03) (-8.944688e-05 1.949027e-03 3.269812e-04))
7.03          	((1.430594e-01 -2.629593e-02 -2.829405e+01) (2.433384e-03 -7.086457e-04 -1.532087e-01)) ((4.044186e-03 1.741224e-01 -3.480733e-03) (-9.724635e-05 1.964073e-03 3.359501e-04))
7.04          	((1.288416e-01 -3.370224e-02 -2.674428e+01) (2.700796e-03 -7.130774e-04 -1.521046e-01)) ((4.584650e-03 1.644093e-01 -3.395624e-03) (-1.056296e-04 1.971050e-03 3.488716e-04))
7.05          	((1.141951e-01 -4.142002e-02 -2.514762e+01) (2.946381e-03 -7.221906e-04 -1.507435e-01)) ((5.054857e-03 1.542494e-01 -3.594252e-03) (-1.143760e-04 1.971208e-03 3.647060e-04))
7.06          	((1.043079e-01 -4.775450e-02 -2.351064e+01) (3.165791e-03 -7.371596e-04 -1.491129e-01)) ((5.593674e-03 1.442911e-01 -3.445769e-03) (-1.211875e-04 1.964361e-03 3.825401e-04))
7.07          	((9.721834e-02 -5.329353e-02 -2.183583e+01) (3.353230e-03 -7.593620e-04 -1.472302e-01)) ((6.070406e-03 1.340170e-01 -3.064501e-03) (-1.274404e-04 1.950940e-03 4.040194e-04))
7.08          	((9.156183e-02 -5.784231e-02 -2.012225e+01) (3.508107e-03 -7.860017e-04 -1.451098e-01)) ((6.922981e-03 1.238102e-01 -2.011951e-03) (-1.341067e-04 1.931260e-03 4.286621e-04))
7.09          	((8.572952e-02 -6.425004e-02 -1.837919e+01) (3.633715e-03 -8.231338e-04 -1.427482e-01)) ((7.223346e-03 1.126870e-01 -4.428167e-04) (-1.398827e-04 1.906162e-03 4.527390e-04))
7.1           	((8.359033e-02 -6.781520e-02 -1.661350e+01) (3.733868e-03 -8.624143e-04 -1.401553e-01)) ((7.506306e-03 1.012916e-01 1.507110e-03) (-1.445247e-04 1.876085e-03 4.769962e-04))
7.11          	((8.258562e-02 -7.011323e-02 -1.482022e+01) (3.805888e-03 -9.040328e-04 -1.373313e-01)) ((7.806854e-03 8.920565e-02 3.492980e-03) (-1.472837e-04 1.840353e-03 4.990491e-04))
7.12          	((8.110926e-02 -7.177398e-02 -1.300837e+01) (3.859829e-03 -9.376597e-04 -1.342842e-01)) ((7.807618e-03 7.664935e-02 5.978550e-03) (-1.476230e-04 1.800546e-03 5.172383e-04))
7.13          	((8.167920e-02 -7.177723e-02 -1.117098e+01) (3.886550e-03 -9.611569e-04 -1.310162e-01)) ((7.429689e-03 6.355069e-02 8.338606e-03) (-1.459402e-04 1.756358e-03 5.302802e-04))
7.14          	((8.383328e-02 -6.863074e-02 -9.315216e+00) (3.891497e-03 -9.734154e-04 -1.275273e-01)) ((7.227664e-03 5.011827e-02 1.071586e-02) (-1.445722e-04 1.707108e-03 5.410891e-04))
7.15          	((8.458888e-02 -6.463096e-02 -7.440817e+00) (3.879324e-03 -9.762869e-04 -1.238250e-01)) ((6.910671e-03 3.630385e-02 1.277130e-02) (-1.408635e-04 1.655473e-03 5.481042e-04))
7.16          	((8.429015e-02 -5.767106e-02 -5.547379e+00) (3.857646e-03 -9.605721e-04 -1.199137e-01)) ((6.260033e-03 2.160544e-02 1.436708e-02) (-1.368993e-04 1.599719e-03 5.518897e-04))
7.17          	((8.494203e-02 -5.303461e-02 -3.648010e+00) (3.816872e-03 -9.303382e-04 -1.158098e-01)) ((6.273756e-03 7.030150e-03 1.537733e-02) (-1.319819e-04 1.540352e-03 5.528662e-04))
7.18          	((8.459023e-02 -4.700029e-02 -1.738396e+00) (3.764598e-03 -8.897849e-04 -1.115209e-01)) ((6.246140e-03 -7.777835e-03 1.604771e-02) (-1.277153e-04 1.478328e-03 5.512153e-04))
7.19          	((8.231049e-02 -3.794046e-02 1.745634e-01) (3.702831e-03 -8.350018e-04 -1.070488e-01)) ((6.498985e-03 -2.260769e-02 1.636679e-02) (-1.225465e-04 1.414168e-03 5.460922e-04))
7.2           	((8.028555e-02 -2.922251e-02 2.088396e+00) (3.626117e-03 -7.717254e-04 -1.024197e-01)) ((6.503439e-03 -3.755003e-02 1.624009e-02) (-1.177964e-04 1.347810e-03 5.373128e-04))
7.21          	((7.586247e-02 -2.244285e-02 4.001356e+00) (3.540087e-03 -7.031646e-04 -9.762101e-02)) ((6.650096e-03 -5.262218e-02 1.566718e-02) (-1.124345e-04 1.278773e-03 5.258884e-04))
7.22          	((7.127033e-02 -1.649589e-02 5.911116e+00) (3.445850e-03 -6.274599e-04 -9.268263e-02)) ((6.845345e-03 -6.753039e-02 1.479112e-02) (-1.049058e-04 1.208823e-03 5.128094e-04))
7.23          	((6.644921e-02 -1.123800e-02 7.803843e+00) (3.347357e-03 -5.455258e-04 -8.761862e-02)) ((7.287286e-03 -8.261380e-02 1.360435e-02) (-9.858731e-05 1.137785e-03 4.997303e-04))
7.24          	((6.213756e-02 -3.847664e-03 9.668266e+00) (3.243573e-03 -4.615179e-04 -8.244177e-02)) ((7.176284e-03 -9.701673e-02 1.223467e-02) (-9.070163e-05 1.065638e-03 4.877548e-04))
7.25          	((5.587628e-02 1.761618e-03 1.151745e+01) (3.140265e-03 -3.778791e-04 -7.716340e-02)) ((7.082067e-03 -1.116028e-01 1.125170e-02) (-8.285794e-05 9.916716e-04 4.750905e-04))
7.26          	((4.971733e-02 5.186432e-03 1.333924e+01) (3.030243e-03 -2.942374e-04 -7.179950e-02)) ((7.334653e-03 -1.260692e-01 1.028678e-02) (-7.459851e-05 9.159930e-04 4.630868e-04))
7.27          	((4.325378e-02 8.803346e-03 1.513026e+01) (2.916736e-03 -2.118191e-04 -6.636664e-02)) ((6.806403e-03 -1.399393e-01 9.249967e-03) (-6.728333e-05 8.383249e-04 4.511728e-04))
7.28          	((3.861725e-02 1.038915e-02 1.688586e+01) (2.800338e-03 -1.314934e-04 -6.087299e-02)) ((6.597722e-03 -1.538500e-01 8.143864e-03) (-6.097137e-05 7.595650e-04 4.394923e-04))
7.29          	((3.206750e-02 1.174551e-02 1.859083e+01) (2.677394e-03 -5.991412e-05 -5.533496e-02)) ((6.859119e-03 -1.676528e-01 7.457480e-03) (-5.529017e-05 6.801418e-04 4.284786e-04))
7.3           	((2.666626e-02 1.043910e-02 2.024895e+01) (2.549390e-03 3.523926e-06 -4.976119e-02)) ((7.137391e-03 -1.807290e-01 7.000215e-03) (-5.008128e-05 6.000877e-04 4.181294e-04))
7.31          	((2.061408e-02 1.085104e-02 2.185937e+01) (2.417483e-03 5.837631e-05 -4.415754e-02)) ((7.156879e-03 -1.937320e-01 6.597438e-03) (-4.502785e-05 5.195611e-04 4.085634e-04))
7.32          	((1.601530e-02 9.982067e-03 2.341505e+01) (2.281096e-03 1.087150e-04 -3.853859e-02)) ((6.707913e-03 -2.063202e-01 6.149241e-03) (-4.016648e-05 4.388892e-04 3.987371e-04))
7.33          	((1.068046e-02 8.013157e-03 2.491094e+01) (2.140626e-03 1.494716e-04 -3.290653e-02)) ((6.700380e-03 -2.185591e-01 6.170045e-03) (-3.481626e-05 3.584423e-04 3.891889e-04))
7.34          	((5.494556e-03 1.012102e-02 2.634042e+01) (1.991109e-03 1.819953e-04 -2.727910e-02)) ((6.330267e-03 -2.303911e-01 6.405451e-03) (-2.857768e-05 2.783939e-04 3.803346e-04))
7.35          	((-1.148004e-03 1.265009e-02 2.770725e+01) (1.837247e-03 2.120679e-04 -2.166224e-02)) ((5.967552e-03 -2.419443e-01 6.728749e-03) (-2.164416e-05 1.998998e-04 3.706944e-04))
7.36          	((-7.352759e-03 1.217080e-02 2.901169e+01) (1.681870e-03 2.359120e-04 -1.606486e-02)) ((5.701633e-03 -2.530059e-01 7.014843e-03) (-1.521455e-05 1.231505e-04 3.621291e-04))
7.37          	((-1.279504e-02 1.180661e-02 3.023843e+01) (1.522395e-03 2.565290e-04 -1.049312e-02)) ((5.318236e-03 -2.637763e-01 7.311410e-03) (-8.695694e-06 4.831516e-05 3.545355e-04))
7.38          	((-2.080857e-02 9.847763e-03 3.140887e+01) (1.363486e-03 2.736271e-04 -4.949610e-03)) ((5.438822e-03 -2.736005e-01 7.823683e-03) (-2.238606e-06 -2.409622e-05 3.472232e-04))
7.39          	((-3.064291e-02 1.198479e-02 3.250877e+01) (1.201467e-03 2.845761e-04 5.604116e-04)) ((5.181754e-03 -2.833623e-01 9.064755e-03) (4.597774e-06 -9.433673e-05 3.399319e-04))
7.4           	((-3.922836e-02 1.074402e-02 3.353880e+01) (1.035065e-03 2.912663e-04 6.041537e-03)) ((5.199525e-03 -2.925206e-01 9.406329e-03) (1.093654e-05 -1.624079e-04 3.319095e-04))
7.41          	((-5.032316e-02 1.341583e-02 3.450898e+01) (8.676869e-04 2.924279e-04 1.148898e-02)) ((5.330386e-03 -3.015613e-01 9.782498e-03) (1.766741e-05 -2.281031e-04 3.232287e-04))
7.42          	((-5.766471e-02 1.434183e-02 3.540631e+01) (6.995311e-04 2.848880e-04 1.690284e-02)) ((5.457898e-03 -3.097181e-01 1.060093e-02) (2.467359e-05 -2.917713e-04 3.131475e-04))
7.43          	((-6.781978e-02 1.590589e-02 3.623796e+01) (5.293929e-04 2.734533e-04 2.228313e-02)) ((4.926658e-03 -3.168110e-01 1.153161e-02) (3.079120e-05 -3.517549e-04 3.019781e-04))
7.44          	((-7.985452e-02 1.188772e-02 3.699480e+01) (3.622128e-04 2.561063e-04 2.762787e-02)) ((5.074763e-03 -3.232506e-01 1.167533e-02) (3.644568e-05 -4.089269e-04 2.908409e-04))
7.45          	((-9.167822e-02 1.565857e-02 3.771005e+01) (2.045926e-04 2.375150e-04 3.294524e-02)) ((4.815848e-03 -3.296233e-01 1.168782e-02) (4.056802e-05 -4.622896e-04 2.799545e-04))
7.46          	((-1.057109e-01 1.601113e-02 3.836819e+01) (5.957451e-05 2.165860e-04 3.824049e-02)) ((4.319558e-03 -3.349316e-01 1.224182e-02) (4.347461e-05 -5.134428e-04 2.694383e-04))
7.47          	((-1.170976e-01 1.349328e-02 3.897697e+01) (-7.601869e-05 1.961084e-04 4.351358e-02)) ((3.997185e-03 -3.395180e-01 1.306635e-02) (4.617645e-05 -5.616209e-04 2.594403e-04))
7.48          	((-1.268146e-01 1.996179e-02 3.953686e+01) (-2.077614e-04 1.760626e-04 4.876464e-02)) ((2.693617e-03 -3.437225e-01 1.342450e-02) (4.815587e-05 -6.086162e-04 2.487157e-04))
7.49          	((-1.352574e-01 2.088980e-02 4.004431e+01) (-3.292242e-04 1.617069e-04 5.399258e-02)) ((2.757820e-03 -3.473092e-01 1.331447e-02) (5.123407e-05 -6.543427e-04 2.372479e-04))
7.5           	((-1.448913e-01 1.952109e-02 4.049239e+01) (-4.456824e-04 1.442154e-04 5.919511e-02)) ((1.649751e-03 -3.494835e-01 1.304686e-02) (5.437410e-05 -6.994960e-04 2.257545e-04))
