# Forces      
# CofR        : (0.000000e+00 0.000000e+00 0.000000e+00)
# Time        forces(pressure viscous)	moments(pressure viscous)
0             	((0.000000e+00 0.000000e+00 0.000000e+00) (0.000000e+00 0.000000e+00 0.000000e+00)) ((0.000000e+00 0.000000e+00 0.000000e+00) (0.000000e+00 0.000000e+00 0.000000e+00))
0.01          	((9.240926e-04 1.240921e+01 -1.354736e-02) (-1.204939e-06 1.604141e-03 8.657509e-06)) ((-4.497286e-01 1.477024e-03 1.116413e-01) (-1.647620e-05 -5.212625e-07 1.172504e-05))
0.02          	((1.020671e-03 1.225712e+01 -1.370187e-02) (-2.405155e-06 3.216389e-03 1.772763e-05)) ((-4.440423e-01 1.533476e-03 1.103007e-01) (-3.377918e-05 -1.058022e-06 2.354815e-05))
0.03          	((1.361270e-03 1.232891e+01 -1.486418e-02) (-3.887063e-06 4.827418e-03 2.707060e-05)) ((-4.456372e-01 1.540120e-03 1.104319e-01) (-5.147299e-05 -1.589055e-06 3.527927e-05))
0.04          	((1.501941e-03 1.224219e+01 -1.463258e-02) (-5.656555e-06 6.422122e-03 3.675477e-05)) ((-4.417082e-01 1.538132e-03 1.095875e-01) (-6.910990e-05 -2.109404e-06 4.690853e-05))
0.05          	((1.638105e-03 1.215149e+01 -1.499052e-02) (-7.802250e-06 7.995717e-03 4.712490e-05)) ((-4.377583e-01 1.569908e-03 1.085095e-01) (-8.654792e-05 -2.625212e-06 5.838702e-05))
0.06          	((1.861673e-03 1.205510e+01 -1.498982e-02) (-1.027835e-05 9.546622e-03 5.839695e-05)) ((-4.336898e-01 1.605648e-03 1.072719e-01) (-1.037644e-04 -3.146598e-06 6.969510e-05))
0.07          	((2.188301e-03 1.194848e+01 -1.598652e-02) (-1.307486e-05 1.107404e-02 7.076690e-05)) ((-4.292894e-01 1.646890e-03 1.058009e-01) (-1.207298e-04 -3.666268e-06 8.081561e-05))
0.08          	((2.409329e-03 1.182568e+01 -1.681355e-02) (-1.611563e-05 1.257687e-02 8.434699e-05)) ((-4.242493e-01 1.681068e-03 1.040916e-01) (-1.374104e-04 -4.166151e-06 9.174973e-05))
0.09          	((2.732506e-03 1.168561e+01 -1.803525e-02) (-1.930380e-05 1.405363e-02 9.918873e-05)) ((-4.185442e-01 1.728335e-03 1.021340e-01) (-1.537208e-04 -4.655147e-06 1.025369e-04))
0.1           	((3.033795e-03 1.152912e+01 -1.916330e-02) (-2.299158e-05 1.550272e-02 1.154079e-04)) ((-4.121739e-01 1.757504e-03 9.995530e-02) (-1.695626e-04 -5.149801e-06 1.131500e-04))
0.11          	((3.445441e-03 1.135678e+01 -2.043212e-02) (-2.711393e-05 1.692218e-02 1.329140e-04)) ((-4.051733e-01 1.796071e-03 9.753172e-02) (-1.848706e-04 -5.645195e-06 1.236708e-04))
0.12          	((3.888414e-03 1.116877e+01 -2.198488e-02) (-3.143777e-05 1.830965e-02 1.516968e-04)) ((-3.975042e-01 1.829419e-03 9.488404e-02) (-1.996054e-04 -6.108428e-06 1.340473e-04))
0.13          	((4.459216e-03 1.096548e+01 -2.408665e-02) (-3.618858e-05 1.966301e-02 1.719670e-04)) ((-3.892272e-01 1.865426e-03 9.201937e-02) (-2.136387e-04 -6.579994e-06 1.442899e-04))
0.14          	((4.805921e-03 1.074713e+01 -2.612051e-02) (-4.160566e-05 2.097939e-02 1.935517e-04)) ((-3.803348e-01 1.910045e-03 8.893413e-02) (-2.269600e-04 -7.015172e-06 1.544844e-04))
0.15          	((5.274470e-03 1.051387e+01 -2.801579e-02) (-4.746092e-05 2.225559e-02 2.162985e-04)) ((-3.707977e-01 1.945733e-03 8.564036e-02) (-2.395198e-04 -7.465751e-06 1.647101e-04))
0.16          	((5.723204e-03 1.026570e+01 -2.999600e-02) (-5.335121e-05 2.348905e-02 2.402412e-04)) ((-3.606738e-01 1.954914e-03 8.216599e-02) (-2.512739e-04 -7.918483e-06 1.748861e-04))
0.17          	((6.160668e-03 1.000230e+01 -3.256066e-02) (-5.897593e-05 2.467660e-02 2.649645e-04)) ((-3.499184e-01 1.951966e-03 7.852557e-02) (-2.621649e-04 -8.290680e-06 1.850717e-04))
0.18          	((6.497200e-03 9.723625e+00 -3.506371e-02) (-6.424593e-05 2.581394e-02 2.902206e-04)) ((-3.385443e-01 1.947910e-03 7.472781e-02) (-2.720587e-04 -8.635361e-06 1.952321e-04))
0.19          	((6.899550e-03 9.429577e+00 -3.753862e-02) (-6.916399e-05 2.689778e-02 3.156506e-04)) ((-3.265613e-01 1.923958e-03 7.082424e-02) (-2.809950e-04 -8.977697e-06 2.052500e-04))
0.2           	((6.990556e-03 9.119894e+00 -3.960686e-02) (-7.313707e-05 2.792585e-02 3.410703e-04)) ((-3.140228e-01 1.912230e-03 6.672556e-02) (-2.889303e-04 -9.368208e-06 2.151728e-04))
0.21          	((7.291302e-03 8.794497e+00 -4.157756e-02) (-7.687696e-05 2.889530e-02 3.660119e-04)) ((-3.008296e-01 1.885826e-03 6.253079e-02) (-2.958525e-04 -9.728552e-06 2.250998e-04))
0.22          	((7.644361e-03 8.453090e+00 -4.332565e-02) (-8.033443e-05 2.980214e-02 3.899403e-04)) ((-2.871007e-01 1.823071e-03 5.822686e-02) (-3.017981e-04 -1.005758e-05 2.348768e-04))
0.23          	((7.900666e-03 8.096324e+00 -4.447786e-02) (-8.413472e-05 3.064331e-02 4.125792e-04)) ((-2.728046e-01 1.730119e-03 5.387366e-02) (-3.067710e-04 -1.036353e-05 2.446038e-04))
0.24          	((7.988344e-03 7.723491e+00 -4.557018e-02) (-8.748546e-05 3.141773e-02 4.341491e-04)) ((-2.578587e-01 1.699616e-03 4.944279e-02) (-3.107862e-04 -1.063633e-05 2.541760e-04))
0.25          	((7.780457e-03 7.336034e+00 -4.690508e-02) (-9.085199e-05 3.212293e-02 4.546933e-04)) ((-2.424886e-01 1.573960e-03 4.493451e-02) (-3.138701e-04 -1.087760e-05 2.635638e-04))
0.26          	((8.232377e-03 6.934126e+00 -4.779668e-02) (-9.421755e-05 3.275825e-02 4.736505e-04)) ((-2.266475e-01 1.564175e-03 4.035319e-02) (-3.160380e-04 -1.116554e-05 2.727634e-04))
0.27          	((8.603806e-03 6.518815e+00 -4.880733e-02) (-9.613175e-05 3.332142e-02 4.912788e-04)) ((-2.103131e-01 1.498658e-03 3.581076e-02) (-3.173108e-04 -1.148887e-05 2.817185e-04))
0.28          	((8.633898e-03 6.089325e+00 -4.936002e-02) (-9.808969e-05 3.381150e-02 5.068457e-04)) ((-1.935318e-01 1.458301e-03 3.121400e-02) (-3.177071e-04 -1.179818e-05 2.904635e-04))
0.29          	((8.951589e-03 5.645835e+00 -5.035771e-02) (-9.947582e-05 3.422864e-02 5.200699e-04)) ((-1.763138e-01 1.387111e-03 2.666374e-02) (-3.173450e-04 -1.214508e-05 2.987632e-04))
0.3           	((9.160998e-03 5.190118e+00 -5.171199e-02) (-1.004353e-04 3.457107e-02 5.318762e-04)) ((-1.587961e-01 1.299395e-03 2.207156e-02) (-3.161577e-04 -1.250325e-05 3.068425e-04))
0.31          	((9.194937e-03 4.722627e+00 -5.272118e-02) (-1.016969e-04 3.483906e-02 5.417288e-04)) ((-1.409977e-01 1.158680e-03 1.737768e-02) (-3.141715e-04 -1.277825e-05 3.143814e-04))
0.32          	((9.601836e-03 4.244119e+00 -5.245809e-02) (-1.025097e-04 3.503265e-02 5.499593e-04)) ((-1.229052e-01 1.094347e-03 1.287229e-02) (-3.114360e-04 -1.310077e-05 3.213818e-04))
0.33          	((9.456262e-03 3.755462e+00 -5.244488e-02) (-1.030341e-04 3.514959e-02 5.566067e-04)) ((-1.045097e-01 1.067489e-03 8.332775e-03) (-3.080819e-04 -1.335235e-05 3.278360e-04))
0.34          	((9.538111e-03 3.259876e+00 -5.271700e-02) (-1.027699e-04 3.519033e-02 5.612437e-04)) ((-8.599513e-02 9.566105e-04 3.587145e-03) (-3.041934e-04 -1.373466e-05 3.337933e-04))
0.35          	((9.993467e-03 2.754003e+00 -5.145486e-02) (-1.022430e-04 3.515303e-02 5.644824e-04)) ((-6.702552e-02 8.574706e-04 -1.267489e-03) (-2.997115e-04 -1.399150e-05 3.391274e-04))
0.36          	((1.013005e-02 2.242511e+00 -5.100359e-02) (-1.019556e-04 3.503867e-02 5.660171e-04)) ((-4.809288e-02 7.226752e-04 -5.927583e-03) (-2.945700e-04 -1.418490e-05 3.438682e-04))
0.37          	((1.002766e-02 1.725706e+00 -5.150329e-02) (-1.013580e-04 3.484872e-02 5.662631e-04)) ((-2.929886e-02 5.738461e-04 -1.041743e-02) (-2.887182e-04 -1.429407e-05 3.479546e-04))
0.38          	((9.662032e-03 1.204941e+00 -5.197449e-02) (-1.009047e-04 3.458243e-02 5.649927e-04)) ((-1.059664e-02 3.742737e-04 -1.508126e-02) (-2.821839e-04 -1.434422e-05 3.514626e-04))
0.39          	((9.408963e-03 6.802604e-01 -5.267021e-02) (-9.903504e-05 3.424025e-02 5.625538e-04)) ((8.305722e-03 3.183954e-04 -1.948232e-02) (-2.751222e-04 -1.439282e-05 3.543040e-04))
0.4           	((9.221697e-03 1.529103e-01 -5.198362e-02) (-9.767758e-05 3.382288e-02 5.587526e-04)) ((2.727633e-02 2.116999e-04 -2.380686e-02) (-2.675529e-04 -1.435318e-05 3.561658e-04))
0.41          	((8.949100e-03 -3.776578e-01 -5.018630e-02) (-9.571030e-05 3.333035e-02 5.534632e-04)) ((4.614861e-02 1.083058e-04 -2.810708e-02) (-2.594392e-04 -1.434910e-05 3.574516e-04))
0.42          	((8.943534e-03 -9.117754e-01 -4.989348e-02) (-9.283204e-05 3.276471e-02 5.460154e-04)) ((6.490717e-02 4.110639e-05 -3.258413e-02) (-2.507619e-04 -1.424617e-05 3.579465e-04))
0.43          	((8.356649e-03 -1.446434e+00 -4.712912e-02) (-9.026131e-05 3.212682e-02 5.374545e-04)) ((8.380138e-02 -5.510541e-05 -3.681654e-02) (-2.414849e-04 -1.410471e-05 3.575974e-04))
0.44          	((8.167004e-03 -1.980529e+00 -4.448780e-02) (-8.711859e-05 3.141898e-02 5.285570e-04)) ((1.025363e-01 -1.194394e-04 -4.096186e-02) (-2.316072e-04 -1.390201e-05 3.564038e-04))
0.45          	((7.902311e-03 -2.510733e+00 -4.252990e-02) (-8.424493e-05 3.064272e-02 5.191015e-04)) ((1.211577e-01 -1.683506e-04 -4.494186e-02) (-2.212130e-04 -1.367555e-05 3.544036e-04))
0.46          	((7.962164e-03 -3.036824e+00 -4.133212e-02) (-8.120721e-05 2.980026e-02 5.093446e-04)) ((1.395431e-01 -2.773005e-04 -4.891260e-02) (-2.103028e-04 -1.346233e-05 3.515879e-04))
0.47          	((7.312624e-03 -3.556569e+00 -4.031249e-02) (-7.753478e-05 2.889466e-02 4.985830e-04)) ((1.576033e-01 -3.847340e-04 -5.269054e-02) (-1.989379e-04 -1.324689e-05 3.478449e-04))
0.48          	((6.637482e-03 -4.069861e+00 -3.909056e-02) (-7.313189e-05 2.792822e-02 4.865173e-04)) ((1.753239e-01 -5.383975e-04 -5.645255e-02) (-1.872043e-04 -1.292159e-05 3.434343e-04))
0.49          	((6.289773e-03 -4.576685e+00 -3.614574e-02) (-6.911762e-05 2.690331e-02 4.740021e-04)) ((1.926945e-01 -6.513370e-04 -6.003437e-02) (-1.751919e-04 -1.253767e-05 3.383237e-04))
0.5           	((5.924807e-03 -5.075553e+00 -3.233058e-02) (-6.513552e-05 2.582296e-02 4.600659e-04)) ((2.096720e-01 -8.333691e-04 -6.361630e-02) (-1.629551e-04 -1.210286e-05 3.323161e-04))
0.51          	((5.447378e-03 -5.565594e+00 -3.052868e-02) (-6.036301e-05 2.468999e-02 4.449297e-04)) ((2.262658e-01 -8.705749e-04 -6.701524e-02) (-1.503783e-04 -1.174085e-05 3.256444e-04))
0.52          	((4.951407e-03 -6.046184e+00 -2.857431e-02) (-5.506441e-05 2.350748e-02 4.288117e-04)) ((2.423963e-01 -9.711830e-04 -7.028217e-02) (-1.376671e-04 -1.146108e-05 3.182401e-04))
0.53          	((4.776875e-03 -6.517095e+00 -2.627787e-02) (-4.974910e-05 2.227962e-02 4.121544e-04)) ((2.581603e-01 -1.030166e-03 -7.355451e-02) (-1.247596e-04 -1.112060e-05 3.101831e-04))
0.54          	((4.448694e-03 -6.977129e+00 -2.348817e-02) (-4.423822e-05 2.100881e-02 3.944654e-04)) ((2.735894e-01 -1.116787e-03 -7.669649e-02) (-1.116245e-04 -1.088883e-05 3.014527e-04))
0.55          	((4.165495e-03 -7.424939e+00 -2.190030e-02) (-3.925566e-05 1.969814e-02 3.765113e-04)) ((2.886317e-01 -1.275513e-03 -7.959579e-02) (-9.837368e-05 -1.060035e-05 2.921378e-04))
0.56          	((3.692055e-03 -7.857135e+00 -1.936860e-02) (-3.427438e-05 1.835070e-02 3.586929e-04)) ((3.031563e-01 -1.399713e-03 -8.240470e-02) (-8.509461e-05 -1.019997e-05 2.822689e-04))
0.57          	((3.842269e-03 -8.274045e+00 -1.593376e-02) (-3.017014e-05 1.696882e-02 3.406873e-04)) ((3.170124e-01 -1.525714e-03 -8.515227e-02) (-7.170526e-05 -9.726383e-06 2.719499e-04))
0.58          	((3.339901e-03 -8.676371e+00 -1.430789e-02) (-2.615626e-05 1.555560e-02 3.229510e-04)) ((3.302619e-01 -1.645590e-03 -8.788893e-02) (-5.817683e-05 -9.210030e-06 2.612296e-04))
0.59          	((3.199457e-03 -9.060746e+00 -1.072579e-02) (-2.239687e-05 1.411346e-02 3.053078e-04)) ((3.430234e-01 -1.692707e-03 -9.047869e-02) (-4.459424e-05 -8.672822e-06 2.500911e-04))
0.6           	((3.696141e-03 -9.426193e+00 -9.567163e-03) (-1.887072e-05 1.264551e-02 2.867699e-04)) ((3.551229e-01 -1.775019e-03 -9.279780e-02) (-3.098958e-05 -8.067091e-06 2.386713e-04))
0.61          	((4.068079e-03 -9.774540e+00 -8.016674e-03) (-1.628487e-05 1.115461e-02 2.691986e-04)) ((3.663264e-01 -1.833258e-03 -9.495452e-02) (-1.731553e-05 -7.453729e-06 2.269449e-04))
0.62          	((2.844011e-03 -1.010403e+01 -6.837288e-03) (-1.451131e-05 9.642767e-03 2.530450e-04)) ((3.770492e-01 -1.880534e-03 -9.719949e-02) (-3.618527e-06 -6.842319e-06 2.150178e-04))
0.63          	((2.622053e-03 -1.041714e+01 -6.954192e-03) (-1.249895e-05 8.113326e-03 2.376039e-04)) ((3.871479e-01 -1.818256e-03 -9.914084e-02) (1.018950e-05 -6.160519e-06 2.027905e-04))
0.64          	((2.221996e-03 -1.070831e+01 -8.641778e-03) (-1.010369e-05 6.569922e-03 2.222308e-04)) ((3.965668e-01 -1.776204e-03 -1.009981e-01) (2.398889e-05 -5.521783e-06 1.902564e-04))
0.65          	((1.259554e-03 -1.097677e+01 -6.725768e-03) (-7.560983e-06 5.013856e-03 2.067137e-04)) ((4.048477e-01 -1.798208e-03 -1.027921e-01) (3.791771e-05 -4.866086e-06 1.776952e-04))
0.66          	((1.105113e-03 -1.122282e+01 -3.134665e-03) (-6.136715e-06 3.447990e-03 1.922647e-04)) ((4.121196e-01 -1.938165e-03 -1.042412e-01) (5.181941e-05 -4.133199e-06 1.650966e-04))
0.67          	((-3.541309e-04 -1.145289e+01 -2.651998e-03) (-5.021933e-06 1.875524e-03 1.788081e-04)) ((4.194336e-01 -1.925147e-03 -1.054077e-01) (6.551955e-05 -3.486322e-06 1.523300e-04))
0.68          	((5.297055e-04 -1.165924e+01 -1.078222e-03) (-4.389945e-06 2.986080e-04 1.666937e-04)) ((4.263041e-01 -1.803277e-03 -1.065939e-01) (7.905861e-05 -2.874097e-06 1.395486e-04))
0.69          	((-4.934755e-05 -1.183794e+01 -1.780147e-03) (-3.979938e-06 -1.280560e-03 1.568182e-04)) ((4.313195e-01 -1.786422e-03 -1.077223e-01) (9.258634e-05 -2.347790e-06 1.266260e-04))
0.7           	((-9.096908e-04 -1.199724e+01 -6.345213e-03) (-5.313492e-06 -2.861074e-03 1.507374e-04)) ((4.346838e-01 -1.744079e-03 -1.081883e-01) (1.064612e-04 -1.699891e-06 1.137529e-04))
0.71          	((5.215237e-04 -1.214407e+01 -8.352058e-03) (-7.438110e-06 -4.438556e-03 1.482258e-04)) ((4.394055e-01 -1.624550e-03 -1.087500e-01) (1.204260e-04 -9.243351e-07 1.008341e-04))
0.72          	((-2.755779e-04 -1.227852e+01 -3.713467e-03) (-9.363499e-06 -6.009999e-03 1.475909e-04)) ((4.454553e-01 -1.670821e-03 -1.093255e-01) (1.339126e-04 -1.524857e-07 8.791857e-05))
0.73          	((-9.277867e-04 -1.238344e+01 -5.989978e-03) (-1.186073e-05 -7.576367e-03 1.509143e-04)) ((4.493246e-01 -1.655044e-03 -1.085757e-01) (1.473654e-04 6.767546e-07 7.537272e-05))
0.74          	((-5.320935e-04 -1.246526e+01 6.308964e-04) (-1.586853e-05 -9.133444e-03 1.569323e-04)) ((4.508008e-01 -1.570910e-03 -1.083336e-01) (1.605353e-04 1.420741e-06 6.315207e-05))
0.75          	((1.269353e-03 -1.254640e+01 -2.525931e-03) (-1.945190e-05 -1.067668e-02 1.637536e-04)) ((4.533275e-01 -1.674952e-03 -1.077108e-01) (1.733476e-04 2.106573e-06 5.101765e-05))
0.76          	((-2.169296e-03 -1.266245e+01 -3.576052e-03) (-2.561270e-05 -1.220861e-02 1.729780e-04)) ((4.619381e-01 -1.610811e-03 -1.071488e-01) (1.862880e-04 2.983974e-06 3.864366e-05))
0.77          	((-6.347728e-04 -1.254936e+01 -2.137607e-02) (-3.325583e-05 -1.371471e-02 1.853361e-04)) ((4.496648e-01 -1.599540e-03 -1.053357e-01) (1.987293e-04 3.853980e-06 2.662612e-05))
0.78          	((-4.280065e-04 -1.263415e+01 -2.353610e-02) (-3.948835e-05 -1.520759e-02 2.004664e-04)) ((4.532184e-01 -1.336314e-03 -1.051785e-01) (2.110967e-04 4.679283e-06 1.478148e-05))
0.79          	((-9.984213e-04 -1.264969e+01 -1.650085e-02) (-4.580258e-05 -1.668566e-02 2.179086e-04)) ((4.527452e-01 -1.457192e-03 -1.036559e-01) (2.229219e-04 5.466817e-06 3.172689e-06))
0.8           	((-7.726653e-04 -1.263550e+01 -1.691189e-02) (-5.172928e-05 -1.814552e-02 2.368920e-04)) ((4.513785e-01 -1.467716e-03 -1.018940e-01) (2.343930e-04 6.173140e-06 -8.375377e-06))
0.81          	((1.892776e-04 -1.259445e+01 -2.066073e-02) (-5.757205e-05 -1.958301e-02 2.568904e-04)) ((4.480641e-01 -1.592050e-03 -9.972753e-02) (2.454506e-04 6.867892e-06 -1.987916e-05))
0.82          	((-2.698241e-04 -1.253776e+01 -2.256430e-02) (-6.365603e-05 -2.099592e-02 2.783680e-04)) ((4.446299e-01 -1.584871e-03 -9.772451e-02) (2.560241e-04 7.545433e-06 -3.136573e-05))
0.83          	((2.311560e-04 -1.246120e+01 -2.466896e-02) (-6.999191e-05 -2.238081e-02 3.015794e-04)) ((4.406696e-01 -1.581995e-03 -9.546035e-02) (2.658759e-04 8.256141e-06 -4.275393e-05))
0.84          	((1.024656e-03 -1.236398e+01 -3.046128e-02) (-7.675384e-05 -2.373380e-02 3.263727e-04)) ((4.353598e-01 -1.642691e-03 -9.290296e-02) (2.749993e-04 8.968877e-06 -5.427828e-05))
0.85          	((1.668637e-03 -1.224859e+01 -3.623430e-02) (-8.382106e-05 -2.505220e-02 3.521435e-04)) ((4.294616e-01 -1.666229e-03 -9.016886e-02) (2.833971e-04 9.685541e-06 -6.571691e-05))
0.86          	((2.419471e-03 -1.211520e+01 -4.204623e-02) (-9.199802e-05 -2.633195e-02 3.785934e-04)) ((4.230763e-01 -1.723574e-03 -8.725759e-02) (2.909233e-04 1.043583e-05 -7.735017e-05))
0.87          	((2.901493e-03 -1.196316e+01 -4.686866e-02) (-1.001670e-04 -2.756984e-02 4.050284e-04)) ((4.159895e-01 -1.763039e-03 -8.416490e-02) (2.977835e-04 1.133505e-05 -8.904260e-05))
0.88          	((3.759806e-03 -1.179290e+01 -4.913329e-02) (-1.097271e-04 -2.876344e-02 4.315018e-04)) ((4.081901e-01 -1.880907e-03 -8.102997e-02) (3.040255e-04 1.237235e-05 -1.005168e-04))
0.89          	((4.413770e-03 -1.160377e+01 -5.147528e-02) (-1.187827e-04 -2.990990e-02 4.582787e-04)) ((3.995331e-01 -1.949123e-03 -7.767896e-02) (3.095180e-04 1.333465e-05 -1.120668e-04))
0.9           	((5.563322e-03 -1.139526e+01 -5.412206e-02) (-1.272955e-04 -3.100559e-02 4.848377e-04)) ((3.901474e-01 -1.935406e-03 -7.422057e-02) (3.142633e-04 1.421559e-05 -1.236947e-04))
0.91          	((6.223349e-03 -1.116919e+01 -5.591195e-02) (-1.358033e-04 -3.204627e-02 5.108658e-04)) ((3.801120e-01 -1.951698e-03 -7.058912e-02) (3.183521e-04 1.490241e-05 -1.356543e-04))
0.92          	((6.795951e-03 -1.092278e+01 -5.785520e-02) (-1.434192e-04 -3.302952e-02 5.370753e-04)) ((3.692161e-01 -2.042883e-03 -6.695893e-02) (3.218974e-04 1.548286e-05 -1.477214e-04))
0.93          	((7.278325e-03 -1.065841e+01 -5.938354e-02) (-1.508056e-04 -3.395367e-02 5.623574e-04)) ((3.578197e-01 -2.080081e-03 -6.317907e-02) (3.247476e-04 1.579199e-05 -1.597020e-04))
0.94          	((8.069850e-03 -1.037360e+01 -5.998144e-02) (-1.575653e-04 -3.481599e-02 5.866078e-04)) ((3.459179e-01 -2.083449e-03 -5.932520e-02) (3.266760e-04 1.602263e-05 -1.715560e-04))
0.95          	((9.218252e-03 -1.006972e+01 -6.038339e-02) (-1.643422e-04 -3.561421e-02 6.100789e-04)) ((3.334720e-01 -2.077812e-03 -5.527981e-02) (3.278049e-04 1.615468e-05 -1.833024e-04))
0.96          	((1.024307e-02 -9.746398e+00 -6.192960e-02) (-1.704648e-04 -3.634906e-02 6.332761e-04)) ((3.203411e-01 -2.102192e-03 -5.120418e-02) (3.283319e-04 1.618113e-05 -1.948144e-04))
0.97          	((1.093949e-02 -9.402921e+00 -6.329303e-02) (-1.771527e-04 -3.701925e-02 6.552822e-04)) ((3.065436e-01 -2.217504e-03 -4.707289e-02) (3.279781e-04 1.620511e-05 -2.062755e-04))
0.98          	((1.142328e-02 -9.040400e+00 -6.603115e-02) (-1.835247e-04 -3.762539e-02 6.748759e-04)) ((2.919938e-01 -2.344518e-03 -4.286766e-02) (3.268689e-04 1.612119e-05 -2.173199e-04))
0.99          	((1.198030e-02 -8.660401e+00 -6.806604e-02) (-1.900708e-04 -3.816647e-02 6.933599e-04)) ((2.769331e-01 -2.368448e-03 -3.871698e-02) (3.250639e-04 1.602056e-05 -2.283653e-04))
1             	((1.296155e-02 -8.262661e+00 -7.019097e-02) (-1.962530e-04 -3.864116e-02 7.095892e-04)) ((2.615032e-01 -2.447034e-03 -3.458834e-02) (3.224298e-04 1.575804e-05 -2.392453e-04))
1.01          	((1.339474e-02 -7.848852e+00 -7.285872e-02) (-2.018385e-04 -3.904828e-02 7.241851e-04)) ((2.455893e-01 -2.438785e-03 -3.051125e-02) (3.189101e-04 1.531171e-05 -2.497435e-04))
1.02          	((1.361685e-02 -7.417387e+00 -7.573560e-02) (-2.061574e-04 -3.938632e-02 7.360660e-04)) ((2.290795e-01 -2.416400e-03 -2.641143e-02) (3.146237e-04 1.489104e-05 -2.595904e-04))
1.03          	((1.383510e-02 -6.969084e+00 -7.475813e-02) (-2.108496e-04 -3.965435e-02 7.441388e-04)) ((2.118349e-01 -2.415984e-03 -2.210251e-02) (3.096741e-04 1.443211e-05 -2.688718e-04))
1.04          	((1.394415e-02 -6.505571e+00 -7.573459e-02) (-2.148213e-04 -3.985164e-02 7.497465e-04)) ((1.943867e-01 -2.530294e-03 -1.774685e-02) (3.039430e-04 1.395544e-05 -2.778499e-04))
1.05          	((1.354322e-02 -6.028985e+00 -7.712924e-02) (-2.181410e-04 -3.997604e-02 7.525839e-04)) ((1.766960e-01 -2.549445e-03 -1.360201e-02) (2.976455e-04 1.347418e-05 -2.860461e-04))
1.06          	((1.313385e-02 -5.540203e+00 -7.911041e-02) (-2.212708e-04 -4.002735e-02 7.521679e-04)) ((1.585494e-01 -2.444433e-03 -9.298026e-03) (2.907097e-04 1.280320e-05 -2.940978e-04))
1.07          	((1.256023e-02 -5.039321e+00 -8.048889e-02) (-2.232651e-04 -4.000667e-02 7.498121e-04)) ((1.400553e-01 -2.392112e-03 -5.153848e-03) (2.831338e-04 1.210244e-05 -3.016655e-04))
1.08          	((1.112464e-02 -4.526878e+00 -8.067621e-02) (-2.243934e-04 -3.991396e-02 7.466912e-04)) ((1.210306e-01 -2.421741e-03 -1.225922e-03) (2.749567e-04 1.133607e-05 -3.087043e-04))
1.09          	((1.071222e-02 -4.003764e+00 -8.013418e-02) (-2.246124e-04 -3.975012e-02 7.420867e-04)) ((1.016247e-01 -2.378685e-03 2.851769e-03) (2.664146e-04 1.064890e-05 -3.150827e-04))
1.1           	((9.798446e-03 -3.470389e+00 -7.964019e-02) (-2.250678e-04 -3.951477e-02 7.372001e-04)) ((8.213616e-02 -2.265911e-03 6.897887e-03) (2.573347e-04 1.005581e-05 -3.210295e-04))
1.11          	((8.401399e-03 -2.930987e+00 -7.879334e-02) (-2.240786e-04 -3.920786e-02 7.318803e-04)) ((6.244555e-02 -2.150262e-03 1.087584e-02) (2.477040e-04 9.355128e-06 -3.261185e-04))
1.12          	((6.913359e-03 -2.384971e+00 -7.748184e-02) (-2.224375e-04 -3.883040e-02 7.261155e-04)) ((4.261960e-02 -2.071001e-03 1.491432e-02) (2.375876e-04 8.597568e-06 -3.305753e-04))
1.13          	((5.752261e-03 -1.832254e+00 -7.554567e-02) (-2.201640e-04 -3.838306e-02 7.197616e-04)) ((2.282144e-02 -1.961811e-03 1.897046e-02) (2.269539e-04 7.731244e-06 -3.344476e-04))
1.14          	((4.111385e-03 -1.276146e+00 -7.310908e-02) (-2.172033e-04 -3.786816e-02 7.129650e-04)) ((2.947004e-03 -1.805342e-03 2.298770e-02) (2.159494e-04 6.758294e-06 -3.377098e-04))
1.15          	((2.809867e-03 -7.169163e-01 -7.188948e-02) (-2.133261e-04 -3.728640e-02 7.061425e-04)) ((-1.691980e-02 -1.728151e-03 2.695982e-02) (2.047492e-04 5.788689e-06 -3.401776e-04))
1.16          	((1.800707e-03 -1.548618e-01 -7.028898e-02) (-2.089006e-04 -3.663918e-02 6.989261e-04)) ((-3.668514e-02 -1.628993e-03 3.089876e-02) (1.932919e-04 4.687383e-06 -3.417952e-04))
1.17          	((3.193860e-04 4.084168e-01 -6.852277e-02) (-2.051388e-04 -3.592743e-02 6.909368e-04)) ((-5.635578e-02 -1.518745e-03 3.473492e-02) (1.815916e-04 3.566208e-06 -3.427294e-04))
1.18          	((-9.141243e-04 9.715578e-01 -6.693663e-02) (-2.014772e-04 -3.515307e-02 6.822998e-04)) ((-7.583964e-02 -1.474468e-03 3.856508e-02) (1.698155e-04 2.465633e-06 -3.429701e-04))
1.19          	((-1.765161e-03 1.532218e+00 -6.535803e-02) (-1.978542e-04 -3.431621e-02 6.735400e-04)) ((-9.522603e-02 -1.345051e-03 4.245870e-02) (1.579260e-04 1.418661e-06 -3.427238e-04))
1.2           	((-2.847630e-03 2.086330e+00 -6.430307e-02) (-1.946594e-04 -3.341889e-02 6.648024e-04)) ((-1.141951e-01 -1.211906e-03 4.617470e-02) (1.459608e-04 4.262924e-07 -3.415333e-04))
1.21          	((-3.378476e-03 2.636339e+00 -6.306533e-02) (-1.905696e-04 -3.246508e-02 6.549608e-04)) ((-1.329532e-01 -1.101497e-03 4.984851e-02) (1.338649e-04 -5.155013e-07 -3.394859e-04))
1.22          	((-4.207111e-03 3.181451e+00 -6.088930e-02) (-1.858755e-04 -3.145637e-02 6.443068e-04)) ((-1.515374e-01 -1.018093e-03 5.350108e-02) (1.217151e-04 -1.447979e-06 -3.366586e-04))
1.23          	((-5.533117e-03 3.718118e+00 -5.801138e-02) (-1.814401e-04 -3.039435e-02 6.341148e-04)) ((-1.697441e-01 -9.344276e-04 5.704220e-02) (1.095824e-04 -2.324166e-06 -3.333308e-04))
1.24          	((-5.795883e-03 4.248468e+00 -5.486046e-02) (-1.766811e-04 -2.928245e-02 6.234159e-04)) ((-1.876288e-01 -8.346489e-04 6.050471e-02) (9.749044e-05 -3.136407e-06 -3.293200e-04))
1.25          	((-6.375314e-03 4.771312e+00 -5.140900e-02) (-1.713533e-04 -2.812291e-02 6.126316e-04)) ((-2.053196e-01 -7.813874e-04 6.376622e-02) (8.538288e-05 -3.897836e-06 -3.244398e-04))
1.26          	((-6.613880e-03 5.282314e+00 -4.957769e-02) (-1.661337e-04 -2.691703e-02 6.020888e-04)) ((-2.223411e-01 -7.120030e-04 6.700658e-02) (7.333398e-05 -4.529329e-06 -3.188367e-04))
1.27          	((-6.501512e-03 5.783750e+00 -4.809335e-02) (-1.609079e-04 -2.566768e-02 5.907489e-04)) ((-2.389030e-01 -5.964920e-04 7.022840e-02) (6.130993e-05 -5.094297e-06 -3.126799e-04))
1.28          	((-6.833274e-03 6.273642e+00 -4.515366e-02) (-1.559971e-04 -2.437673e-02 5.787337e-04)) ((-2.550185e-01 -5.667573e-04 7.334031e-02) (4.936043e-05 -5.704539e-06 -3.057586e-04))
1.29          	((-6.667516e-03 6.749824e+00 -4.113129e-02) (-1.506839e-04 -2.304681e-02 5.672559e-04)) ((-2.708978e-01 -5.498532e-04 7.636343e-02) (3.743948e-05 -6.183316e-06 -2.981973e-04))
1.3           	((-6.220172e-03 7.212997e+00 -3.848398e-02) (-1.455056e-04 -2.168019e-02 5.554563e-04)) ((-2.862783e-01 -5.817826e-04 7.935536e-02) (2.555301e-05 -6.492037e-06 -2.901004e-04))
1.31          	((-5.990329e-03 7.662028e+00 -3.755583e-02) (-1.402050e-04 -2.027939e-02 5.432308e-04)) ((-3.010096e-01 -6.621349e-04 8.234641e-02) (1.375507e-05 -6.625249e-06 -2.814864e-04))
1.32          	((-5.767681e-03 8.095003e+00 -3.571548e-02) (-1.351863e-04 -1.884604e-02 5.310588e-04)) ((-3.150829e-01 -5.369521e-04 8.512493e-02) (1.893997e-06 -6.790260e-06 -2.723509e-04))
1.33          	((-5.664622e-03 8.512131e+00 -3.403337e-02) (-1.315143e-04 -1.738361e-02 5.193128e-04)) ((-3.282559e-01 -4.508023e-04 8.780373e-02) (-1.007183e-05 -6.887215e-06 -2.627277e-04))
1.34          	((-5.646729e-03 8.910576e+00 -3.224583e-02) (-1.295571e-04 -1.589388e-02 5.078318e-04)) ((-3.409000e-01 -4.122739e-04 9.038961e-02) (-2.214578e-05 -6.980011e-06 -2.527023e-04))
1.35          	((-5.452794e-03 9.288867e+00 -3.019694e-02) (-1.275144e-04 -1.437976e-02 4.965719e-04)) ((-3.530168e-01 -4.426406e-04 9.271197e-02) (-3.433684e-05 -7.024613e-06 -2.422154e-04))
1.36          	((-4.903206e-03 9.649347e+00 -2.933494e-02) (-1.259743e-04 -1.284228e-02 4.854682e-04)) ((-3.644107e-01 -3.455605e-04 9.504272e-02) (-4.662384e-05 -7.161027e-06 -2.315025e-04))
1.37          	((-5.452824e-03 9.991329e+00 -2.732206e-02) (-1.249639e-04 -1.128453e-02 4.754296e-04)) ((-3.751938e-01 -2.747137e-04 9.714197e-02) (-5.890080e-05 -7.300208e-06 -2.205413e-04))
1.38          	((-5.303606e-03 1.031362e+01 -2.605412e-02) (-1.244462e-04 -9.709978e-03 4.648618e-04)) ((-3.849904e-01 -2.997491e-04 9.891019e-02) (-7.126889e-05 -7.520023e-06 -2.091611e-04))
1.39          	((-5.012033e-03 1.061382e+01 -2.365691e-02) (-1.243575e-04 -8.121104e-03 4.548606e-04)) ((-3.940588e-01 -5.017833e-04 1.005092e-01) (-8.369720e-05 -7.679261e-06 -1.975733e-04))
1.4           	((-4.195116e-03 1.089448e+01 -2.258198e-02) (-1.250135e-04 -6.520189e-03 4.462252e-04)) ((-4.028261e-01 -4.687621e-04 1.024417e-01) (-9.626676e-05 -7.850288e-06 -1.859355e-04))
1.41          	((-4.332923e-03 1.115045e+01 -2.046092e-02) (-1.248044e-04 -4.909929e-03 4.389634e-04)) ((-4.106232e-01 -2.282502e-04 1.043278e-01) (-1.088419e-04 -8.089132e-06 -1.740822e-04))
1.42          	((-4.302728e-03 1.138603e+01 -1.837123e-02) (-1.249351e-04 -3.292005e-03 4.346227e-04)) ((-4.176677e-01 1.892366e-05 1.057837e-01) (-1.215571e-04 -8.326984e-06 -1.624102e-04))
1.43          	((-3.374167e-03 1.160109e+01 -1.937122e-02) (-1.253805e-04 -1.668255e-03 4.331372e-04)) ((-4.245724e-01 1.315256e-04 1.067758e-01) (-1.342778e-04 -8.442759e-06 -1.506575e-04))
1.44          	((-2.539103e-03 1.178969e+01 -2.064032e-02) (-1.270986e-04 -4.185912e-05 4.333932e-04)) ((-4.301486e-01 -1.704416e-04 1.079373e-01) (-1.468885e-04 -8.473687e-06 -1.388463e-04))
1.45          	((-2.892244e-03 1.195142e+01 -2.506034e-02) (-1.295571e-04 1.582882e-03 4.356007e-04)) ((-4.341737e-01 1.470945e-04 1.084256e-01) (-1.594857e-04 -8.625092e-06 -1.267282e-04))
1.46          	((-3.077377e-03 1.209419e+01 -3.175136e-02) (-1.328619e-04 3.203848e-03 4.412543e-04)) ((-4.379002e-01 5.932766e-04 1.087905e-01) (-1.720664e-04 -8.857108e-06 -1.145459e-04))
1.47          	((-1.862539e-03 1.222590e+01 -2.331042e-02) (-1.371496e-04 4.819351e-03 4.505034e-04)) ((-4.427054e-01 6.101062e-04 1.093640e-01) (-1.849309e-04 -9.038187e-06 -1.025519e-04))
1.48          	((-3.330706e-03 1.233664e+01 -2.740370e-02) (-1.417695e-04 6.425940e-03 4.628728e-04)) ((-4.470482e-01 4.779544e-04 1.099903e-01) (-1.976573e-04 -9.183673e-06 -9.072112e-05))
1.49          	((-4.583032e-03 1.243017e+01 -2.955565e-02) (-1.479628e-04 8.022309e-03 4.807969e-04)) ((-4.509074e-01 5.053934e-04 1.096443e-01) (-2.096805e-04 -9.294449e-06 -7.919966e-05))
1.5           	((-1.871685e-03 1.250832e+01 -2.925596e-02) (-1.547885e-04 9.609684e-03 5.026345e-04)) ((-4.509837e-01 5.936825e-04 1.096231e-01) (-2.212343e-04 -9.336306e-06 -6.804433e-05))
1.51          	((-3.458832e-03 1.260934e+01 -1.706480e-02) (-1.623648e-04 1.118366e-02 5.254212e-04)) ((-4.604619e-01 1.103368e-03 1.083014e-01) (-2.325965e-04 -9.276552e-06 -5.722218e-05))
1.52          	((-2.838929e-03 1.252211e+01 -4.378305e-02) (-1.693831e-04 1.272898e-02 5.492296e-04)) ((-4.481655e-01 8.353595e-04 1.065628e-01) (-2.429665e-04 -9.039236e-06 -4.631037e-05))
1.53          	((-5.449404e-03 1.260085e+01 -4.214262e-02) (-1.773562e-04 1.425513e-02 5.772021e-04)) ((-4.516352e-01 8.832600e-04 1.065286e-01) (-2.530072e-04 -8.704736e-06 -3.526592e-05))
1.54          	((-3.846963e-03 1.260332e+01 -3.873262e-02) (-1.863402e-04 1.576250e-02 6.082499e-04)) ((-4.512301e-01 8.229425e-04 1.050873e-01) (-2.630464e-04 -8.378051e-06 -2.423919e-05))
1.55          	((-2.829638e-03 1.257682e+01 -3.961137e-02) (-1.958597e-04 1.724801e-02 6.415729e-04)) ((-4.487340e-01 9.136469e-04 1.030000e-01) (-2.724635e-04 -8.183782e-06 -1.332796e-05))
1.56          	((-2.754893e-03 1.253671e+01 -3.812092e-02) (-2.056700e-04 1.870945e-02 6.781381e-04)) ((-4.459268e-01 1.078896e-03 1.011063e-01) (-2.813760e-04 -7.775597e-06 -2.517671e-06))
1.57          	((-2.301574e-03 1.247936e+01 -4.481773e-02) (-2.147565e-04 2.014516e-02 7.174145e-04)) ((-4.422346e-01 1.020014e-03 9.893525e-02) (-2.896970e-04 -7.410439e-06 8.202875e-06))
1.58          	((-8.422291e-04 1.240090e+01 -4.409266e-02) (-2.246726e-04 2.155254e-02 7.587467e-04)) ((-4.383047e-01 1.199230e-03 9.673021e-02) (-2.975543e-04 -7.075548e-06 1.894610e-05))
1.59          	((3.913603e-04 1.230328e+01 -4.695979e-02) (-2.342873e-04 2.292848e-02 8.018175e-04)) ((-4.337464e-01 1.213910e-03 9.420269e-02) (-3.047645e-04 -6.799731e-06 2.953477e-05))
1.6           	((1.340781e-03 1.218637e+01 -5.483778e-02) (-2.428913e-04 2.426795e-02 8.451694e-04)) ((-4.278932e-01 1.193352e-03 9.138872e-02) (-3.111903e-04 -6.571516e-06 3.988053e-05))
1.61          	((2.167667e-03 1.205304e+01 -6.006477e-02) (-2.518385e-04 2.556760e-02 8.891121e-04)) ((-4.214708e-01 1.202655e-03 8.842892e-02) (-3.168950e-04 -6.416188e-06 5.022415e-05))
1.62          	((3.272001e-03 1.190072e+01 -6.569974e-02) (-2.592217e-04 2.682408e-02 9.340234e-04)) ((-4.147359e-01 1.146525e-03 8.535273e-02) (-3.217657e-04 -6.318151e-06 6.047352e-05))
1.63          	((4.016467e-03 1.173176e+01 -7.041912e-02) (-2.657329e-04 2.803324e-02 9.791299e-04)) ((-4.072825e-01 1.120506e-03 8.211324e-02) (-3.259100e-04 -6.318777e-06 7.066258e-05))
1.64          	((5.245930e-03 1.154338e+01 -7.401951e-02) (-2.717994e-04 2.919402e-02 1.024817e-03)) ((-3.990535e-01 9.749582e-04 7.862939e-02) (-3.293687e-04 -6.366673e-06 8.078577e-05))
1.65          	((6.940792e-03 1.133711e+01 -7.696687e-02) (-2.780316e-04 3.030209e-02 1.070720e-03)) ((-3.902063e-01 9.451750e-04 7.506476e-02) (-3.320547e-04 -6.455704e-06 9.114052e-05))
1.66          	((8.209265e-03 1.111197e+01 -7.980878e-02) (-2.831137e-04 3.135543e-02 1.116170e-03)) ((-3.807238e-01 9.101474e-04 7.134642e-02) (-3.338838e-04 -6.677366e-06 1.015486e-04))
1.67          	((9.328995e-03 1.086729e+01 -8.184829e-02) (-2.881687e-04 3.235022e-02 1.160695e-03)) ((-3.704317e-01 8.878363e-04 6.755338e-02) (-3.348125e-04 -7.065783e-06 1.119661e-04))
1.68          	((1.069900e-02 1.060344e+01 -8.424263e-02) (-2.919851e-04 3.328454e-02 1.203933e-03)) ((-3.594515e-01 8.215288e-04 6.368103e-02) (-3.348962e-04 -7.555510e-06 1.224179e-04))
1.69          	((1.184936e-02 1.032052e+01 -8.560334e-02) (-2.950623e-04 3.415649e-02 1.245753e-03)) ((-3.479237e-01 7.428109e-04 5.960462e-02) (-3.341647e-04 -8.109737e-06 1.331914e-04))
1.7           	((1.323923e-02 1.001809e+01 -8.715702e-02) (-2.965719e-04 3.496286e-02 1.286003e-03)) ((-3.357085e-01 6.850547e-04 5.556325e-02) (-3.327672e-04 -8.814452e-06 1.437182e-04))
1.71          	((1.377771e-02 9.695866e+00 -8.860486e-02) (-2.986057e-04 3.570227e-02 1.324416e-03)) ((-3.228593e-01 6.686704e-04 5.149399e-02) (-3.305940e-04 -9.510384e-06 1.542243e-04))
1.72          	((1.462447e-02 9.355209e+00 -9.041516e-02) (-2.992263e-04 3.637405e-02 1.360920e-03)) ((-3.093749e-01 5.097829e-04 4.710921e-02) (-3.277958e-04 -1.034445e-05 1.647677e-04))
1.73          	((1.555640e-02 8.996440e+00 -9.042431e-02) (-2.996596e-04 3.697777e-02 1.393710e-03)) ((-2.952187e-01 4.270518e-04 4.274690e-02) (-3.242413e-04 -1.128750e-05 1.753494e-04))
1.74          	((1.669918e-02 8.617892e+00 -9.132905e-02) (-2.993527e-04 3.751359e-02 1.422982e-03)) ((-2.804300e-01 3.953836e-04 3.846912e-02) (-3.201711e-04 -1.233169e-05 1.859078e-04))
1.75          	((1.779282e-02 8.222713e+00 -9.280165e-02) (-2.988577e-04 3.798050e-02 1.448018e-03)) ((-2.652141e-01 2.828923e-04 3.409970e-02) (-3.153591e-04 -1.335706e-05 1.965769e-04))
1.76          	((1.890903e-02 7.810784e+00 -9.290059e-02) (-2.979680e-04 3.837789e-02 1.468447e-03)) ((-2.494647e-01 2.295119e-04 2.999513e-02) (-3.098261e-04 -1.444596e-05 2.071155e-04))
1.77          	((1.973206e-02 7.379780e+00 -9.218537e-02) (-2.961898e-04 3.870383e-02 1.483702e-03)) ((-2.329261e-01 7.200078e-05 2.573584e-02) (-3.035657e-04 -1.553929e-05 2.172196e-04))
1.78          	((1.988284e-02 6.932519e+00 -9.066239e-02) (-2.949284e-04 3.895674e-02 1.493805e-03)) ((-2.159986e-01 -1.167559e-04 2.143673e-02) (-2.965740e-04 -1.643094e-05 2.269083e-04))
1.79          	((1.990907e-02 6.471420e+00 -9.182720e-02) (-2.931637e-04 3.913570e-02 1.500360e-03)) ((-1.988499e-01 -2.085527e-04 1.715118e-02) (-2.886971e-04 -1.721391e-05 2.364077e-04))
1.8           	((2.028826e-02 5.996007e+00 -9.226605e-02) (-2.903248e-04 3.924045e-02 1.502330e-03)) ((-1.812838e-01 -2.221176e-04 1.277511e-02) (-2.800076e-04 -1.800441e-05 2.455376e-04))
1.81          	((2.036239e-02 5.506064e+00 -9.260101e-02) (-2.868321e-04 3.927239e-02 1.499624e-03)) ((-1.630543e-01 -1.822771e-04 8.467287e-03) (-2.706175e-04 -1.876158e-05 2.541425e-04))
1.82          	((2.035992e-02 5.003938e+00 -9.233836e-02) (-2.824767e-04 3.923155e-02 1.493451e-03)) ((-1.443413e-01 -2.242985e-04 4.229010e-03) (-2.605172e-04 -1.925184e-05 2.625633e-04))
1.83          	((2.009677e-02 4.490231e+00 -9.161187e-02) (-2.781363e-04 3.911843e-02 1.483705e-03)) ((-1.252628e-01 -3.454044e-04 7.215657e-05) (-2.498864e-04 -1.975916e-05 2.708165e-04))
1.84          	((1.982526e-02 3.966751e+00 -9.073513e-02) (-2.735168e-04 3.893255e-02 1.471310e-03)) ((-1.058268e-01 -4.107798e-04 -4.101261e-03) (-2.389042e-04 -2.008589e-05 2.783764e-04))
1.85          	((1.932095e-02 3.433267e+00 -8.873087e-02) (-2.674688e-04 3.867469e-02 1.456068e-03)) ((-8.599605e-02 -4.366862e-04 -8.381120e-03) (-2.274018e-04 -2.030382e-05 2.856897e-04))
1.86          	((1.849229e-02 2.893363e+00 -8.683642e-02) (-2.613115e-04 3.834300e-02 1.439007e-03)) ((-6.609897e-02 -4.831766e-04 -1.254028e-02) (-2.154241e-04 -2.050532e-05 2.926887e-04))
1.87          	((1.754865e-02 2.345893e+00 -8.377230e-02) (-2.548517e-04 3.794146e-02 1.419229e-03)) ((-4.608999e-02 -5.179433e-04 -1.666427e-02) (-2.030418e-04 -2.057097e-05 2.990393e-04))
1.88          	((1.724613e-02 1.793323e+00 -8.109577e-02) (-2.471944e-04 3.747108e-02 1.397891e-03)) ((-2.584961e-02 -5.096461e-04 -2.072278e-02) (-1.904104e-04 -2.066735e-05 3.047853e-04))
1.89          	((1.603634e-02 1.235467e+00 -7.860835e-02) (-2.409254e-04 3.693338e-02 1.374644e-03)) ((-5.606945e-03 -6.039180e-04 -2.461280e-02) (-1.776075e-04 -2.073284e-05 3.099069e-04))
1.9           	((1.492080e-02 6.742958e-01 -7.587455e-02) (-2.344922e-04 3.632935e-02 1.349757e-03)) ((1.453276e-02 -6.841201e-04 -2.864376e-02) (-1.646775e-04 -2.071257e-05 3.143643e-04))
1.91          	((1.401465e-02 1.103529e-01 -7.231114e-02) (-2.285037e-04 3.566028e-02 1.323432e-03)) ((3.459466e-02 -7.742692e-04 -3.254951e-02) (-1.517447e-04 -2.061914e-05 3.181305e-04))
1.92          	((1.320809e-02 -4.526251e-01 -7.000198e-02) (-2.222303e-04 3.492892e-02 1.295988e-03)) ((5.454465e-02 -9.722659e-04 -3.640356e-02) (-1.387801e-04 -2.041833e-05 3.210681e-04))
1.93          	((1.213173e-02 -1.016077e+00 -6.727419e-02) (-2.153876e-04 3.413569e-02 1.267501e-03)) ((7.429333e-02 -1.126044e-03 -4.029023e-02) (-1.258927e-04 -2.013795e-05 3.228675e-04))
1.94          	((1.070241e-02 -1.577103e+00 -6.401363e-02) (-2.088631e-04 3.328163e-02 1.238636e-03)) ((9.383102e-02 -1.190653e-03 -4.404175e-02) (-1.131584e-04 -1.982157e-05 3.241063e-04))
1.95          	((9.928368e-03 -2.135717e+00 -5.994474e-02) (-2.018127e-04 3.236887e-02 1.208944e-03)) ((1.131729e-01 -1.249833e-03 -4.779341e-02) (-1.004989e-04 -1.952292e-05 3.242696e-04))
1.96          	((9.057053e-03 -2.687508e+00 -5.557495e-02) (-1.933689e-04 3.140080e-02 1.179037e-03)) ((1.323056e-01 -1.312833e-03 -5.142845e-02) (-8.788762e-05 -1.934910e-05 3.234844e-04))
1.97          	((8.668209e-03 -3.233247e+00 -5.219294e-02) (-1.852540e-04 3.037854e-02 1.148936e-03)) ((1.511526e-01 -1.462659e-03 -5.503054e-02) (-7.546234e-05 -1.909443e-05 3.219032e-04))
1.98          	((7.815418e-03 -3.771038e+00 -4.782872e-02) (-1.772578e-04 2.930394e-02 1.118481e-03)) ((1.696064e-01 -1.561806e-03 -5.848546e-02) (-6.322079e-05 -1.876603e-05 3.194966e-04))
1.99          	((6.762284e-03 -4.301486e+00 -4.309195e-02) (-1.696866e-04 2.817954e-02 1.087833e-03)) ((1.877066e-01 -1.581483e-03 -6.202766e-02) (-5.117357e-05 -1.833555e-05 3.163819e-04))
2             	((5.939756e-03 -4.824982e+00 -3.908079e-02) (-1.618561e-04 2.700833e-02 1.057257e-03)) ((2.054104e-01 -1.669231e-03 -6.560232e-02) (-3.931695e-05 -1.789525e-05 3.125155e-04))
2.01          	((5.018398e-03 -5.336562e+00 -3.519749e-02) (-1.551303e-04 2.579312e-02 1.027249e-03)) ((2.226091e-01 -1.743534e-03 -6.888975e-02) (-2.755677e-05 -1.732494e-05 3.078521e-04))
2.02          	((4.143900e-03 -5.836991e+00 -3.025127e-02) (-1.481931e-04 2.453554e-02 9.970496e-04)) ((2.394030e-01 -1.915575e-03 -7.194340e-02) (-1.590963e-05 -1.675680e-05 3.024999e-04))
2.03          	((3.663884e-03 -6.325880e+00 -2.450871e-02) (-1.411837e-04 2.323734e-02 9.676920e-04)) ((2.558023e-01 -2.060012e-03 -7.503352e-02) (-4.371519e-06 -1.613191e-05 2.964733e-04))
2.04          	((3.792774e-03 -6.802458e+00 -2.000628e-02) (-1.350246e-04 2.190244e-02 9.388279e-04)) ((2.716673e-01 -2.132418e-03 -7.812278e-02) (7.031439e-06 -1.557605e-05 2.898941e-04))
2.05          	((3.534675e-03 -7.263347e+00 -1.712879e-02) (-1.289916e-04 2.053133e-02 9.094725e-04)) ((2.868788e-01 -2.287912e-03 -8.112673e-02) (1.829191e-05 -1.511141e-05 2.828038e-04))
2.06          	((2.680577e-03 -7.710688e+00 -1.537989e-02) (-1.240649e-04 1.912778e-02 8.806129e-04)) ((3.014806e-01 -2.402981e-03 -8.384492e-02) (2.958621e-05 -1.452820e-05 2.750068e-04))
2.07          	((1.695649e-03 -8.142498e+00 -1.363488e-02) (-1.193679e-04 1.769328e-02 8.523599e-04)) ((3.154568e-01 -2.458127e-03 -8.654130e-02) (4.084518e-05 -1.394692e-05 2.668046e-04))
2.08          	((1.311232e-03 -8.558336e+00 -1.026859e-02) (-1.154375e-04 1.623032e-02 8.241372e-04)) ((3.288866e-01 -2.511483e-03 -8.911519e-02) (5.213796e-05 -1.330203e-05 2.580209e-04))
2.09          	((9.704286e-04 -8.955128e+00 -6.784924e-03) (-1.120382e-04 1.474209e-02 7.965003e-04)) ((3.414416e-01 -2.564689e-03 -9.152330e-02) (6.350759e-05 -1.264021e-05 2.488873e-04))
2.1           	((4.680167e-04 -9.332734e+00 -4.181912e-03) (-1.083809e-04 1.323044e-02 7.694959e-04)) ((3.534104e-01 -2.587429e-03 -9.394029e-02) (7.492505e-05 -1.192791e-05 2.393522e-04))
2.11          	((2.533488e-05 -9.692237e+00 -9.507671e-04) (-1.051836e-04 1.169768e-02 7.425649e-04)) ((3.648803e-01 -2.674105e-03 -9.616785e-02) (8.639510e-05 -1.110789e-05 2.295527e-04))
2.12          	((-5.055604e-04 -1.003154e+01 1.999947e-03) (-1.020930e-04 1.014453e-02 7.170744e-04)) ((3.756925e-01 -2.731078e-03 -9.818473e-02) (9.792455e-05 -1.024753e-05 2.196141e-04))
2.13          	((-1.410029e-03 -1.035118e+01 6.239532e-03) (-9.921763e-05 8.574910e-03 6.923778e-04)) ((3.853420e-01 -2.846234e-03 -1.000692e-01) (1.095582e-04 -9.377394e-06 2.092936e-04))
2.14          	((-2.412147e-03 -1.065124e+01 7.780277e-03) (-9.679099e-05 6.991746e-03 6.678072e-04)) ((3.945427e-01 -2.884507e-03 -1.016435e-01) (1.212139e-04 -8.485867e-06 1.986329e-04))
2.15          	((-2.218888e-03 -1.092809e+01 1.191666e-02) (-9.492343e-05 5.396909e-03 6.450523e-04)) ((4.030548e-01 -2.841865e-03 -1.033536e-01) (1.330394e-04 -7.553442e-06 1.876605e-04))
2.16          	((-2.850861e-03 -1.118423e+01 1.537930e-02) (-9.274392e-05 3.791414e-03 6.231175e-04)) ((4.109788e-01 -2.816215e-03 -1.049890e-01) (1.449407e-04 -6.612220e-06 1.765080e-04))
2.17          	((-3.448961e-03 -1.142140e+01 1.953123e-02) (-9.160779e-05 2.179203e-03 6.024900e-04)) ((4.181030e-01 -2.829686e-03 -1.063848e-01) (1.568394e-04 -5.623007e-06 1.654798e-04))
2.18          	((-2.686748e-03 -1.163153e+01 1.845635e-02) (-9.093245e-05 5.635481e-04 5.840524e-04)) ((4.244469e-01 -2.835943e-03 -1.074443e-01) (1.685979e-04 -4.736226e-06 1.542418e-04))
2.19          	((-3.638053e-03 -1.181466e+01 1.431677e-02) (-9.142428e-05 -1.052967e-03 5.691210e-04)) ((4.293377e-01 -2.693322e-03 -1.081106e-01) (1.804157e-04 -3.803341e-06 1.430096e-04))
2.2           	((-2.838431e-03 -1.197934e+01 9.614203e-03) (-9.215281e-05 -2.669843e-03 5.581973e-04)) ((4.342302e-01 -2.360878e-03 -1.086251e-01) (1.923947e-04 -2.949448e-06 1.315611e-04))
2.21          	((-2.894432e-03 -1.213179e+01 1.264824e-02) (-9.386687e-05 -4.283944e-03 5.510282e-04)) ((4.390225e-01 -2.346760e-03 -1.091635e-01) (2.044762e-04 -2.082208e-06 1.201278e-04))
2.22          	((-3.738298e-03 -1.225860e+01 1.070582e-02) (-9.486755e-05 -5.890576e-03 5.477715e-04)) ((4.432420e-01 -2.188842e-03 -1.095581e-01) (2.166938e-04 -1.292808e-06 1.088081e-04))
2.23          	((-4.632670e-03 -1.236741e+01 7.100337e-03) (-9.564175e-05 -7.489415e-03 5.502180e-04)) ((4.473298e-01 -2.198927e-03 -1.101987e-01) (2.284790e-04 -5.436578e-07 9.742891e-05))
2.24          	((-4.724876e-03 -1.246678e+01 2.524324e-03) (-9.772497e-05 -9.079941e-03 5.574238e-04)) ((4.505257e-01 -1.749391e-03 -1.095457e-01) (2.398333e-04 5.842756e-07 8.639148e-05))
2.25          	((-3.691471e-03 -1.253579e+01 7.752479e-03) (-1.012039e-04 -1.066033e-02 5.671560e-04)) ((4.510024e-01 -1.846627e-03 -1.089449e-01) (2.505215e-04 1.927095e-06 7.566107e-05))
2.26          	((-7.408376e-03 -1.264716e+01 2.446666e-02) (-1.057992e-04 -1.223077e-02 5.788680e-04)) ((4.608002e-01 -1.866487e-03 -1.086168e-01) (2.610471e-04 3.512003e-06 6.489572e-05))
2.27          	((-4.195326e-03 -1.253894e+01 -5.411297e-03) (-1.110008e-04 -1.377093e-02 5.917966e-04)) ((4.485324e-01 -1.873024e-03 -1.061236e-01) (2.710263e-04 5.148310e-06 5.423711e-05))
2.28          	((-4.559901e-03 -1.262361e+01 8.560743e-03) (-1.166378e-04 -1.529221e-02 6.083326e-04)) ((4.525878e-01 -1.923229e-03 -1.062386e-01) (2.807599e-04 6.920047e-06 4.375793e-05))
2.29          	((-5.410493e-03 -1.263859e+01 -1.327287e-03) (-1.217320e-04 -1.679574e-02 6.271643e-04)) ((4.516693e-01 -2.103887e-03 -1.048890e-01) (2.900633e-04 8.576254e-06 3.328627e-05))
2.3           	((-6.589262e-03 -1.261920e+01 -1.222314e-03) (-1.273224e-04 -1.828013e-02 6.493364e-04)) ((4.495849e-01 -1.827561e-03 -1.030402e-01) (2.986293e-04 1.034308e-05 2.311807e-05))
2.31          	((-5.651914e-03 -1.257834e+01 7.232471e-03) (-1.334323e-04 -1.974383e-02 6.749338e-04)) ((4.470721e-01 -1.663722e-03 -1.010878e-01) (3.068027e-04 1.231506e-05 1.305996e-05))
2.32          	((-6.176086e-03 -1.251984e+01 5.407159e-03) (-1.390376e-04 -2.118233e-02 7.033553e-04)) ((4.439411e-01 -1.718714e-03 -9.873103e-02) (3.145353e-04 1.438386e-05 3.111193e-06))
2.33          	((-5.623402e-03 -1.244469e+01 1.305137e-03) (-1.443357e-04 -2.259264e-02 7.343574e-04)) ((4.400698e-01 -1.543156e-03 -9.639939e-02) (3.216320e-04 1.631259e-05 -6.927294e-06))
2.34          	((-5.716488e-03 -1.235166e+01 -3.941568e-03) (-1.494610e-04 -2.397005e-02 7.671049e-04)) ((4.350065e-01 -1.664735e-03 -9.394241e-02) (3.279539e-04 1.817575e-05 -1.701036e-05))
2.35          	((-5.355763e-03 -1.223988e+01 -1.005009e-02) (-1.537278e-04 -2.531085e-02 8.012801e-04)) ((4.294251e-01 -1.668500e-03 -9.112758e-02) (3.334062e-04 1.993753e-05 -2.709542e-05))
2.36          	((-5.086660e-03 -1.210728e+01 -1.546221e-02) (-1.577781e-04 -2.661198e-02 8.378573e-04)) ((4.231546e-01 -1.617111e-03 -8.820950e-02) (3.379264e-04 2.169760e-05 -3.747081e-05))
2.37          	((-4.591811e-03 -1.195471e+01 -2.034106e-02) (-1.615641e-04 -2.786935e-02 8.758857e-04)) ((4.163112e-01 -1.607190e-03 -8.516041e-02) (3.417381e-04 2.335673e-05 -4.799293e-05))
2.38          	((-3.788755e-03 -1.178592e+01 -2.564344e-02) (-1.642337e-04 -2.907899e-02 9.139671e-04)) ((4.090339e-01 -1.600655e-03 -8.185759e-02) (3.448034e-04 2.487658e-05 -5.899690e-05))
2.39          	((-3.264879e-03 -1.159912e+01 -2.941737e-02) (-1.674170e-04 -3.023857e-02 9.519863e-04)) ((4.009117e-01 -1.705055e-03 -7.848006e-02) (3.471735e-04 2.635679e-05 -7.006591e-05))
2.4           	((-2.670693e-03 -1.139351e+01 -3.241030e-02) (-1.716800e-04 -3.134469e-02 9.901001e-04)) ((3.920174e-01 -1.751051e-03 -7.488635e-02) (3.486992e-04 2.757980e-05 -8.133947e-05))
2.41          	((-1.585680e-03 -1.116854e+01 -3.538295e-02) (-1.747527e-04 -3.239466e-02 1.027872e-03)) ((3.824596e-01 -1.799059e-03 -7.108491e-02) (3.494111e-04 2.858002e-05 -9.261087e-05))
2.42          	((-1.210523e-03 -1.092643e+01 -3.718998e-02) (-1.769493e-04 -3.338445e-02 1.064922e-03)) ((3.721623e-01 -1.778812e-03 -6.718422e-02) (3.493128e-04 2.927838e-05 -1.042615e-04))
2.43          	((2.593100e-04 -1.066319e+01 -4.021625e-02) (-1.796869e-04 -3.431338e-02 1.101064e-03)) ((3.611830e-01 -1.839252e-03 -6.315946e-02) (3.482779e-04 2.969540e-05 -1.162030e-04))
2.44          	((1.208371e-03 -1.038044e+01 -4.325557e-02) (-1.817152e-04 -3.517889e-02 1.136769e-03)) ((3.496178e-01 -1.876730e-03 -5.919162e-02) (3.465423e-04 2.986640e-05 -1.283335e-04))
2.45          	((2.080722e-03 -1.007855e+01 -4.684062e-02) (-1.827351e-04 -3.597853e-02 1.171394e-03)) ((3.373501e-01 -1.901037e-03 -5.508526e-02) (3.441323e-04 2.981431e-05 -1.403864e-04))
2.46          	((3.124705e-03 -9.757451e+00 -4.954888e-02) (-1.828013e-04 -3.671233e-02 1.204340e-03)) ((3.244246e-01 -1.859150e-03 -5.085405e-02) (3.410526e-04 2.952188e-05 -1.522505e-04))
2.47          	((3.865861e-03 -9.416551e+00 -5.121681e-02) (-1.834233e-04 -3.737783e-02 1.235010e-03)) ((3.109211e-01 -1.852397e-03 -4.656606e-02) (3.372699e-04 2.915105e-05 -1.643667e-04))
2.48          	((4.880012e-03 -9.057203e+00 -5.361747e-02) (-1.845368e-04 -3.797519e-02 1.263527e-03)) ((2.969189e-01 -1.926637e-03 -4.227241e-02) (3.327397e-04 2.862951e-05 -1.765955e-04))
2.49          	((6.023581e-03 -8.679303e+00 -5.694357e-02) (-1.860483e-04 -3.850269e-02 1.287828e-03)) ((2.823498e-01 -1.992713e-03 -3.795804e-02) (3.273676e-04 2.794403e-05 -1.887877e-04))
2.5           	((6.507789e-03 -8.282912e+00 -5.906748e-02) (-1.861586e-04 -3.896065e-02 1.307781e-03)) ((2.669208e-01 -2.081019e-03 -3.373569e-02) (3.211656e-04 2.705198e-05 -2.004558e-04))
2.51          	((7.499716e-03 -7.867845e+00 -6.093728e-02) (-1.860369e-04 -3.934696e-02 1.323415e-03)) ((2.508605e-01 -2.223815e-03 -2.950238e-02) (3.141747e-04 2.612281e-05 -2.122065e-04))
2.52          	((7.990854e-03 -7.436614e+00 -6.174224e-02) (-1.853711e-04 -3.966135e-02 1.335013e-03)) ((2.344626e-01 -2.320980e-03 -2.520641e-02) (3.064268e-04 2.502074e-05 -2.237432e-04))
2.53          	((8.575629e-03 -6.990194e+00 -6.436098e-02) (-1.851192e-04 -3.990437e-02 1.342287e-03)) ((2.175958e-01 -2.405379e-03 -2.102139e-02) (2.979343e-04 2.394288e-05 -2.347222e-04))
2.54          	((8.670803e-03 -6.527025e+00 -6.833062e-02) (-1.841009e-04 -4.007494e-02 1.346221e-03)) ((2.003364e-01 -2.510843e-03 -1.671126e-02) (2.886880e-04 2.283844e-05 -2.451901e-04))
2.55          	((8.419367e-03 -6.049386e+00 -7.162251e-02) (-1.829543e-04 -4.017233e-02 1.347114e-03)) ((1.826106e-01 -2.385461e-03 -1.270200e-02) (2.786819e-04 2.173423e-05 -2.552672e-04))
2.56          	((8.410856e-03 -5.558103e+00 -7.450690e-02) (-1.817655e-04 -4.019567e-02 1.344985e-03)) ((1.643682e-01 -2.313401e-03 -8.544486e-03) (2.681026e-04 2.064456e-05 -2.647765e-04))
2.57          	((8.413459e-03 -5.054724e+00 -7.614776e-02) (-1.807536e-04 -4.014603e-02 1.340084e-03)) ((1.453908e-01 -2.331782e-03 -4.354923e-03) (2.569970e-04 1.955651e-05 -2.735318e-04))
2.58          	((8.221267e-03 -4.540286e+00 -7.677334e-02) (-1.792442e-04 -4.002457e-02 1.332926e-03)) ((1.261500e-01 -2.352690e-03 -3.124832e-04) (2.454328e-04 1.846484e-05 -2.815263e-04))
2.59          	((7.440539e-03 -4.015634e+00 -7.654722e-02) (-1.776148e-04 -3.982805e-02 1.323824e-03)) ((1.066690e-01 -2.323319e-03 3.802949e-03) (2.334126e-04 1.745686e-05 -2.890434e-04))
2.6           	((7.110694e-03 -3.482102e+00 -7.504566e-02) (-1.745815e-04 -3.955980e-02 1.311692e-03)) ((8.696402e-02 -2.207082e-03 7.940717e-03) (2.210754e-04 1.643156e-05 -2.960455e-04))
2.61          	((6.449431e-03 -2.941200e+00 -7.497165e-02) (-1.718458e-04 -3.922134e-02 1.296778e-03)) ((6.703749e-02 -2.124688e-03 1.192937e-02) (2.084318e-04 1.538550e-05 -3.023333e-04))
2.62          	((5.396221e-03 -2.392256e+00 -7.419559e-02) (-1.687515e-04 -3.881371e-02 1.280206e-03)) ((4.695606e-02 -2.055944e-03 1.586387e-02) (1.954414e-04 1.433297e-05 -3.078532e-04))
2.63          	((4.281552e-03 -1.838418e+00 -7.371132e-02) (-1.656130e-04 -3.833686e-02 1.262284e-03)) ((2.687722e-02 -2.034217e-03 1.977977e-02) (1.823393e-04 1.330605e-05 -3.128586e-04))
2.64          	((3.648593e-03 -1.280999e+00 -7.179244e-02) (-1.620690e-04 -3.779187e-02 1.242491e-03)) ((6.675611e-03 -1.844071e-03 2.376754e-02) (1.692508e-04 1.233147e-05 -3.169899e-04))
2.65          	((3.270436e-03 -7.210730e-01 -7.136920e-02) (-1.575448e-04 -3.718058e-02 1.221759e-03)) ((-1.346278e-02 -1.758140e-03 2.770165e-02) (1.560342e-04 1.132423e-05 -3.200785e-04))
2.66          	((3.125363e-03 -1.572921e-01 -6.965695e-02) (-1.525719e-04 -3.650366e-02 1.200224e-03)) ((-3.365179e-02 -1.714355e-03 3.174140e-02) (1.429673e-04 1.035409e-05 -3.225586e-04))
2.67          	((2.526632e-03 4.068375e-01 -6.871848e-02) (-1.484479e-04 -3.576256e-02 1.177897e-03)) ((-5.346973e-02 -1.630547e-03 3.562405e-02) (1.299682e-04 9.479019e-06 -3.243138e-04))
2.68          	((1.563972e-03 9.706279e-01 -6.663423e-02) (-1.441649e-04 -3.495985e-02 1.155097e-03)) ((-7.331274e-02 -1.572369e-03 3.943973e-02) (1.171165e-04 8.615332e-06 -3.251423e-04))
2.69          	((1.117604e-03 1.533528e+00 -6.393859e-02) (-1.388584e-04 -3.409681e-02 1.131736e-03)) ((-9.306411e-02 -1.474437e-03 4.331651e-02) (1.046244e-04 7.774449e-06 -3.255777e-04))
2.7           	((5.475491e-04 2.090456e+00 -6.201766e-02) (-1.338859e-04 -3.317508e-02 1.107181e-03)) ((-1.123752e-01 -1.427967e-03 4.706977e-02) (9.239978e-05 6.957461e-06 -3.249033e-04))
2.71          	((7.558486e-05 2.642829e+00 -5.932067e-02) (-1.284801e-04 -3.219760e-02 1.081984e-03)) ((-1.315156e-01 -1.218400e-03 5.071212e-02) (8.035956e-05 6.187550e-06 -3.237669e-04))
2.72          	((1.518829e-04 3.188691e+00 -5.632287e-02) (-1.229471e-04 -3.116599e-02 1.057039e-03)) ((-1.503452e-01 -1.210406e-03 5.432693e-02) (6.853001e-05 5.532977e-06 -3.218144e-04))
2.73          	((-3.483181e-04 3.727634e+00 -5.367123e-02) (-1.170695e-04 -3.008300e-02 1.032077e-03)) ((-1.688539e-01 -1.111655e-03 5.794206e-02) (5.684309e-05 4.974072e-06 -3.191474e-04))
2.74          	((-1.258486e-03 4.259060e+00 -5.066957e-02) (-1.123079e-04 -2.895094e-02 1.007956e-03)) ((-1.870661e-01 -1.049249e-03 6.139878e-02) (4.535258e-05 4.419434e-06 -3.159429e-04))
2.75          	((-7.808462e-04 4.780217e+00 -4.895284e-02) (-1.079339e-04 -2.777245e-02 9.839763e-04)) ((-2.046649e-01 -8.902575e-04 6.486438e-02) (3.402336e-05 3.911532e-06 -3.118698e-04))
2.76          	((-7.192572e-04 5.291142e+00 -4.654233e-02) (-1.030423e-04 -2.654932e-02 9.610584e-04)) ((-2.218214e-01 -8.134268e-04 6.814705e-02) (2.286584e-05 3.487271e-06 -3.072080e-04))
2.77          	((-1.593492e-03 5.793294e+00 -4.412837e-02) (-9.908045e-05 -2.528466e-02 9.382945e-04)) ((-2.386369e-01 -7.311978e-04 7.133128e-02) (1.177555e-05 3.097225e-06 -3.018941e-04))
2.78          	((-1.643951e-03 6.283632e+00 -4.056359e-02) (-9.587357e-05 -2.397937e-02 9.158124e-04)) ((-2.551200e-01 -6.996450e-04 7.445362e-02) (7.854473e-07 2.822840e-06 -2.957743e-04))
2.79          	((-1.352518e-03 6.762494e+00 -3.812458e-02) (-9.357572e-05 -2.263650e-02 8.932271e-04)) ((-2.711220e-01 -6.664479e-04 7.760863e-02) (-9.962143e-06 2.625809e-06 -2.891379e-04))
2.8           	((-7.964444e-04 7.225288e+00 -3.645154e-02) (-9.197788e-05 -2.125875e-02 8.714902e-04)) ((-2.863182e-01 -6.706324e-04 8.070995e-02) (-2.061524e-05 2.502770e-06 -2.819056e-04))
2.81          	((-1.484825e-03 7.674382e+00 -3.460282e-02) (-9.095296e-05 -1.984808e-02 8.511302e-04)) ((-3.008914e-01 -6.851255e-04 8.356556e-02) (-3.132201e-05 2.431740e-06 -2.742693e-04))
2.82          	((-2.198224e-03 8.108698e+00 -3.302893e-02) (-9.048501e-05 -1.840719e-02 8.311666e-04)) ((-3.148523e-01 -5.241847e-04 8.619757e-02) (-4.211622e-05 2.340727e-06 -2.662559e-04))
2.83          	((-2.508352e-03 8.525616e+00 -3.111257e-02) (-9.100773e-05 -1.693902e-02 8.115282e-04)) ((-3.283233e-01 -4.479040e-04 8.883375e-02) (-5.300933e-05 2.294648e-06 -2.577473e-04))
2.84          	((-2.197495e-03 8.923431e+00 -2.791319e-02) (-9.207168e-05 -1.544565e-02 7.927899e-04)) ((-3.409330e-01 -3.295363e-04 9.134558e-02) (-6.400841e-05 2.304645e-06 -2.487593e-04))
2.85          	((-2.638078e-03 9.302636e+00 -2.606836e-02) (-9.392680e-05 -1.392853e-02 7.745544e-04)) ((-3.530066e-01 -2.509007e-04 9.386843e-02) (-7.507969e-05 2.337652e-06 -2.394536e-04))
2.86          	((-2.614062e-03 9.663700e+00 -2.439389e-02) (-9.575034e-05 -1.239063e-02 7.569792e-04)) ((-3.643999e-01 -2.324596e-04 9.595737e-02) (-8.609092e-05 2.392668e-06 -2.297602e-04))
2.87          	((-2.724888e-03 1.000475e+01 -2.296569e-02) (-9.731424e-05 -1.083354e-02 7.411638e-04)) ((-3.750176e-01 -2.656484e-04 9.807692e-02) (-9.722318e-05 2.332367e-06 -2.197786e-04))
2.88          	((-2.455656e-03 1.032763e+01 -2.142408e-02) (-9.933972e-05 -9.260287e-03 7.276292e-04)) ((-3.852203e-01 -3.308849e-04 9.989299e-02) (-1.084039e-04 2.180633e-06 -2.096264e-04))
2.89          	((-2.387443e-03 1.062821e+01 -2.044411e-02) (-1.015333e-04 -7.673505e-03 7.155926e-04)) ((-3.945719e-01 -3.244664e-04 1.015447e-01) (-1.196860e-04 2.227237e-06 -1.992942e-04))
2.9           	((-2.153053e-03 1.090717e+01 -1.657492e-02) (-1.043288e-04 -6.075966e-03 7.052552e-04)) ((-4.031332e-01 -1.732921e-04 1.034272e-01) (-1.311526e-04 2.267637e-06 -1.887645e-04))
2.91          	((-2.384550e-03 1.116628e+01 -1.312936e-02) (-1.062358e-04 -4.469906e-03 6.977696e-04)) ((-4.110210e-01 3.279749e-06 1.053749e-01) (-1.426658e-04 2.223174e-06 -1.781888e-04))
2.92          	((-2.837894e-03 1.139944e+01 -1.140406e-02) (-1.080152e-04 -2.856988e-03 6.925771e-04)) ((-4.181942e-01 1.999170e-04 1.067112e-01) (-1.543404e-04 2.060105e-06 -1.676311e-04))
2.93          	((-1.579297e-03 1.161174e+01 -1.228091e-02) (-1.113424e-04 -1.239677e-03 6.889525e-04)) ((-4.248974e-01 3.722451e-04 1.075539e-01) (-1.659726e-04 1.881971e-06 -1.569677e-04))
2.94          	((5.126539e-04 1.179805e+01 -1.687866e-02) (-1.155703e-04 3.787247e-04 6.870040e-04)) ((-4.298489e-01 3.301993e-04 1.083861e-01) (-1.777134e-04 1.825946e-06 -1.461248e-04))
2.95          	((5.104086e-05 1.196129e+01 -2.142245e-02) (-1.202304e-04 1.996691e-03 6.897764e-04)) ((-4.344176e-01 5.082047e-04 1.091995e-01) (-1.894546e-04 1.575345e-06 -1.350082e-04))
2.96          	((-3.357547e-04 1.210720e+01 -2.249946e-02) (-1.247530e-04 3.611275e-03 6.959630e-04)) ((-4.383801e-01 6.255190e-04 1.101136e-01) (-2.011380e-04 1.318234e-06 -1.237234e-04))
2.97          	((2.266411e-04 1.223820e+01 -2.170982e-02) (-1.293471e-04 5.220183e-03 7.059969e-04)) ((-4.428785e-01 6.428744e-04 1.104507e-01) (-2.130417e-04 1.108060e-06 -1.125501e-04))
2.98          	((7.365195e-04 1.234744e+01 -2.518083e-02) (-1.359057e-04 6.820647e-03 7.203705e-04)) ((-4.468656e-01 8.966122e-04 1.107388e-01) (-2.250083e-04 8.862085e-07 -1.013874e-04))
2.99          	((-1.836703e-03 1.244625e+01 -2.778786e-02) (-1.436781e-04 8.412280e-03 7.398252e-04)) ((-4.503133e-01 1.139315e-03 1.107016e-01) (-2.366356e-04 7.257803e-07 -9.050644e-05))
3             	((-6.486428e-05 1.252779e+01 -3.010470e-02) (-1.527422e-04 9.992684e-03 7.632852e-04)) ((-4.508841e-01 1.042948e-03 1.100342e-01) (-2.475753e-04 6.819743e-07 -7.993010e-05))
3.01          	((-2.354209e-03 1.260811e+01 1.077676e-02) (-1.627918e-04 1.156047e-02 7.898475e-04)) ((-4.599578e-01 1.328616e-03 1.092993e-01) (-2.581468e-04 7.677696e-07 -6.957479e-05))
3.02          	((-1.104805e-03 1.253006e+01 -5.322050e-02) (-1.722735e-04 1.310189e-02 8.156648e-04)) ((-4.489712e-01 1.308160e-03 1.072720e-01) (-2.680318e-04 9.209633e-07 -5.925597e-05))
3.03          	((-4.698237e-03 1.259986e+01 -2.756718e-02) (-1.826908e-04 1.462406e-02 8.439605e-04)) ((-4.520545e-01 1.281053e-03 1.072177e-01) (-2.777570e-04 1.417960e-06 -4.884413e-05))
3.04          	((-3.827353e-03 1.260865e+01 -3.157299e-02) (-1.933727e-04 1.612644e-02 8.757126e-04)) ((-4.506017e-01 1.103407e-03 1.058617e-01) (-2.873246e-04 1.984909e-06 -3.851222e-05))
3.05          	((-3.065871e-03 1.259070e+01 -3.120834e-02) (-2.042526e-04 1.760645e-02 9.101015e-04)) ((-4.488801e-01 1.350339e-03 1.040045e-01) (-2.963006e-04 2.549559e-06 -2.816107e-05))
3.06          	((-3.632476e-03 1.254967e+01 -3.115605e-02) (-2.145004e-04 1.906337e-02 9.467382e-04)) ((-4.466416e-01 1.343892e-03 1.019339e-01) (-3.045679e-04 3.203076e-06 -1.791670e-05))
3.07          	((-2.961552e-03 1.248912e+01 -2.976477e-02) (-2.262277e-04 2.049430e-02 9.863592e-04)) ((-4.434514e-01 1.614205e-03 9.968196e-02) (-3.123506e-04 3.983038e-06 -7.647471e-06))
3.08          	((-3.050646e-03 1.241262e+01 -3.051571e-02) (-2.387448e-04 2.189592e-02 1.028471e-03)) ((-4.392900e-01 1.660549e-03 9.744931e-02) (-3.194951e-04 4.777427e-06 2.588821e-06))
3.09          	((-1.717661e-03 1.231820e+01 -3.653240e-02) (-2.490107e-04 2.326507e-02 1.072571e-03)) ((-4.345964e-01 1.566317e-03 9.486060e-02) (-3.258909e-04 5.435190e-06 1.293555e-05))
3.1           	((-1.028945e-03 1.220405e+01 -4.256538e-02) (-2.582144e-04 2.459818e-02 1.118705e-03)) ((-4.290223e-01 1.465145e-03 9.200361e-02) (-3.316076e-04 5.944107e-06 2.323275e-05))
3.11          	((-1.189338e-03 1.207136e+01 -4.811505e-02) (-2.659267e-04 2.589175e-02 1.166685e-03)) ((-4.228016e-01 1.533778e-03 8.906500e-02) (-3.366236e-04 6.385432e-06 3.343364e-05))
3.12          	((-2.295264e-04 1.192001e+01 -5.341513e-02) (-2.722753e-04 2.714227e-02 1.214916e-03)) ((-4.159706e-01 1.617750e-03 8.604499e-02) (-3.407458e-04 6.606959e-06 4.362029e-05))
3.13          	((7.100541e-04 1.175030e+01 -5.784276e-02) (-2.775541e-04 2.834598e-02 1.263974e-03)) ((-4.084923e-01 1.494481e-03 8.279424e-02) (-3.441836e-04 6.740868e-06 5.388757e-05))
3.14          	((1.821978e-03 1.156188e+01 -6.142617e-02) (-2.817277e-04 2.949987e-02 1.312940e-03)) ((-4.004270e-01 1.450376e-03 7.931605e-02) (-3.468854e-04 6.784586e-06 6.419473e-05))
3.15          	((2.512415e-03 1.135504e+01 -6.386492e-02) (-2.865053e-04 3.060065e-02 1.360889e-03)) ((-3.916060e-01 1.288641e-03 7.562724e-02) (-3.487411e-04 6.765809e-06 7.464862e-05))
3.16          	((4.419095e-03 1.112943e+01 -6.697927e-02) (-2.901781e-04 3.164621e-02 1.408014e-03)) ((-3.820724e-01 1.273336e-03 7.187964e-02) (-3.496764e-04 6.497867e-06 8.501575e-05))
3.17          	((5.580901e-03 1.088506e+01 -6.952987e-02) (-2.912633e-04 3.263381e-02 1.453799e-03)) ((-3.719095e-01 1.143333e-03 6.803768e-02) (-3.497588e-04 5.913994e-06 9.541665e-05))
3.18          	((6.827602e-03 1.062040e+01 -7.115017e-02) (-2.922001e-04 3.356028e-02 1.498178e-03)) ((-3.610321e-01 1.119112e-03 6.405191e-02) (-3.488709e-04 5.049921e-06 1.060945e-04))
3.19          	((7.737681e-03 1.033856e+01 -7.293988e-02) (-2.921223e-04 3.442451e-02 1.541028e-03)) ((-3.494320e-01 1.130179e-03 6.004201e-02) (-3.471304e-04 4.032694e-06 1.169906e-04))
3.2           	((8.894823e-03 1.003473e+01 -7.498280e-02) (-2.906841e-04 3.522230e-02 1.582218e-03)) ((-3.371157e-01 1.196975e-03 5.597928e-02) (-3.446968e-04 2.978590e-06 1.275316e-04))
3.21          	((9.919771e-03 9.712130e+00 -7.725746e-02) (-2.871884e-04 3.595510e-02 1.621641e-03)) ((-3.240572e-01 1.094087e-03 5.179054e-02) (-3.416365e-04 1.651613e-06 1.381947e-04))
3.22          	((1.142820e-02 9.371336e+00 -7.946759e-02) (-2.824434e-04 3.662084e-02 1.657700e-03)) ((-3.106204e-01 1.107741e-03 4.746345e-02) (-3.378663e-04 2.640820e-07 1.488651e-04))
3.23          	((1.214760e-02 9.012417e+00 -8.098034e-02) (-2.775535e-04 3.721896e-02 1.690483e-03)) ((-2.964921e-01 9.924298e-04 4.317103e-02) (-3.333015e-04 -1.138547e-06 1.596333e-04))
3.24          	((1.299654e-02 8.635331e+00 -8.328532e-02) (-2.710010e-04 3.774825e-02 1.720038e-03)) ((-2.818377e-01 9.504275e-04 3.886559e-02) (-3.280327e-04 -2.793562e-06 1.708481e-04))
3.25          	((1.434542e-02 8.239359e+00 -8.412085e-02) (-2.656267e-04 3.820692e-02 1.744904e-03)) ((-2.665133e-01 8.296189e-04 3.455288e-02) (-3.221561e-04 -4.315186e-06 1.818219e-04))
3.26          	((1.555316e-02 7.824390e+00 -8.338943e-02) (-2.585814e-04 3.859435e-02 1.764161e-03)) ((-2.504961e-01 6.889103e-04 3.015862e-02) (-3.155728e-04 -5.813955e-06 1.928524e-04))
3.27          	((1.576864e-02 7.392884e+00 -8.425649e-02) (-2.513980e-04 3.890941e-02 1.778909e-03)) ((-2.341071e-01 5.949168e-04 2.598760e-02) (-3.081352e-04 -7.182596e-06 2.035333e-04))
3.28          	((1.629624e-02 6.946662e+00 -8.507371e-02) (-2.439274e-04 3.915147e-02 1.788286e-03)) ((-2.172178e-01 5.173647e-04 2.190234e-02) (-2.998672e-04 -8.556594e-06 2.140080e-04))
3.29          	((1.637694e-02 6.484481e+00 -8.699188e-02) (-2.370803e-04 3.931999e-02 1.793275e-03)) ((-1.999254e-01 4.942804e-04 1.745443e-02) (-2.906151e-04 -9.818897e-06 2.241492e-04))
3.3           	((1.664039e-02 6.006474e+00 -8.817112e-02) (-2.293763e-04 3.941544e-02 1.794407e-03)) ((-1.821132e-01 4.556765e-04 1.312576e-02) (-2.805050e-04 -1.091996e-05 2.338306e-04))
3.31          	((1.685593e-02 5.514632e+00 -8.878417e-02) (-2.210337e-04 3.943694e-02 1.791676e-03)) ((-1.637737e-01 4.480094e-04 8.761654e-03) (-2.697828e-04 -1.192071e-05 2.433059e-04))
3.32          	((1.718355e-02 5.011505e+00 -8.833467e-02) (-2.133265e-04 3.938612e-02 1.785106e-03)) ((-1.448691e-01 3.697390e-04 4.437871e-03) (-2.584979e-04 -1.270000e-05 2.522398e-04))
3.33          	((1.728438e-02 4.497397e+00 -8.837618e-02) (-2.052176e-04 3.926297e-02 1.775143e-03)) ((-1.255971e-01 2.725020e-04 1.653626e-04) (-2.466353e-04 -1.339995e-05 2.609926e-04))
3.34          	((1.705820e-02 3.973012e+00 -8.687250e-02) (-1.982842e-04 3.906700e-02 1.762271e-03)) ((-1.060552e-01 3.202198e-04 -4.014579e-03) (-2.342438e-04 -1.391766e-05 2.693257e-04))
3.35          	((1.658246e-02 3.440309e+00 -8.499601e-02) (-1.911151e-04 3.879975e-02 1.746706e-03)) ((-8.633088e-02 2.866584e-04 -8.277009e-03) (-2.213808e-04 -1.437297e-05 2.773815e-04))
3.36          	((1.605491e-02 2.898930e+00 -8.261997e-02) (-1.841145e-04 3.846124e-02 1.727807e-03)) ((-6.635241e-02 2.041499e-04 -1.241423e-02) (-2.081094e-04 -1.476398e-05 2.846488e-04))
3.37          	((1.554090e-02 2.351258e+00 -8.065594e-02) (-1.781189e-04 3.805349e-02 1.706459e-03)) ((-4.617637e-02 1.738520e-04 -1.652081e-02) (-1.945589e-04 -1.506024e-05 2.913742e-04))
3.38          	((1.430294e-02 1.798160e+00 -7.797287e-02) (-1.716407e-04 3.757709e-02 1.683465e-03)) ((-2.592115e-02 2.946596e-05 -2.055372e-02) (-1.808982e-04 -1.527954e-05 2.974776e-04))
3.39          	((1.335618e-02 1.240027e+00 -7.529267e-02) (-1.662600e-04 3.703352e-02 1.658467e-03)) ((-5.664188e-03 -4.031927e-05 -2.460192e-02) (-1.672356e-04 -1.543400e-05 3.027378e-04))
3.4           	((1.212472e-02 6.798542e-01 -7.294146e-02) (-1.607752e-04 3.642544e-02 1.631587e-03)) ((1.453964e-02 -2.424292e-04 -2.858038e-02) (-1.535231e-04 -1.550054e-05 3.071863e-04))
3.41          	((1.171347e-02 1.174000e-01 -7.120075e-02) (-1.563494e-04 3.575152e-02 1.603079e-03)) ((3.460103e-02 -3.256835e-04 -3.248376e-02) (-1.400455e-04 -1.542876e-05 3.110607e-04))
3.42          	((1.075509e-02 -4.466753e-01 -6.800215e-02) (-1.512040e-04 3.501673e-02 1.573505e-03)) ((5.459824e-02 -4.801530e-04 -3.637266e-02) (-1.266263e-04 -1.522036e-05 3.139480e-04))
3.43          	((1.029081e-02 -1.010519e+00 -6.350506e-02) (-1.449432e-04 3.421938e-02 1.541928e-03)) ((7.456177e-02 -5.408737e-04 -4.019733e-02) (-1.135024e-04 -1.496014e-05 3.159528e-04))
3.44          	((9.077770e-03 -1.572613e+00 -5.948950e-02) (-1.398839e-04 3.336137e-02 1.510121e-03)) ((9.428590e-02 -6.936103e-04 -4.405493e-02) (-1.003728e-04 -1.465170e-05 3.171189e-04))
3.45          	((8.196933e-03 -2.128891e+00 -5.601289e-02) (-1.342957e-04 3.244530e-02 1.478377e-03)) ((1.136220e-01 -8.242484e-04 -4.777088e-02) (-8.754008e-05 -1.444520e-05 3.176460e-04))
3.46          	((7.105180e-03 -2.680604e+00 -5.375684e-02) (-1.281137e-04 3.147353e-02 1.446652e-03)) ((1.326087e-01 -9.438375e-04 -5.146887e-02) (-7.486584e-05 -1.425596e-05 3.173505e-04))
3.47          	((6.515962e-03 -3.226702e+00 -5.018132e-02) (-1.222073e-04 3.044825e-02 1.414568e-03)) ((1.514811e-01 -1.066421e-03 -5.511517e-02) (-6.238295e-05 -1.411814e-05 3.160845e-04))
3.48          	((6.203052e-03 -3.765021e+00 -4.656968e-02) (-1.162203e-04 2.937171e-02 1.382639e-03)) ((1.699991e-01 -1.142900e-03 -5.870728e-02) (-5.005547e-05 -1.391085e-05 3.140800e-04))
3.49          	((5.610136e-03 -4.295979e+00 -4.187102e-02) (-1.102867e-04 2.824737e-02 1.350963e-03)) ((1.881301e-01 -1.260396e-03 -6.229086e-02) (-3.793540e-05 -1.371007e-05 3.111880e-04))
3.5           	((4.899540e-03 -4.817854e+00 -3.884952e-02) (-1.052724e-04 2.707581e-02 1.319039e-03)) ((2.059199e-01 -1.392786e-03 -6.573915e-02) (-2.613536e-05 -1.336482e-05 3.075638e-04))
3.51          	((4.536944e-03 -5.329504e+00 -3.470013e-02) (-1.006777e-04 2.586045e-02 1.287659e-03)) ((2.231948e-01 -1.498962e-03 -6.908816e-02) (-1.445827e-05 -1.303786e-05 3.033034e-04))
3.52          	((3.905872e-03 -5.830291e+00 -3.011025e-02) (-9.589864e-05 2.460264e-02 1.256510e-03)) ((2.401542e-01 -1.590540e-03 -7.221673e-02) (-3.078839e-06 -1.266455e-05 2.982326e-04))
3.53          	((3.942620e-03 -6.317987e+00 -2.628312e-02) (-9.109957e-05 2.330537e-02 1.225474e-03)) ((2.563493e-01 -1.777399e-03 -7.529327e-02) (8.173540e-06 -1.225965e-05 2.925649e-04))
3.54          	((3.688421e-03 -6.793733e+00 -2.405178e-02) (-8.682596e-05 2.197023e-02 1.194041e-03)) ((2.720988e-01 -1.903109e-03 -7.830152e-02) (1.924114e-05 -1.174399e-05 2.862527e-04))
3.55          	((3.006405e-03 -7.254942e+00 -2.258140e-02) (-8.277420e-05 2.060030e-02 1.162372e-03)) ((2.872136e-01 -2.037398e-03 -8.124044e-02) (3.026181e-05 -1.122866e-05 2.794504e-04))
3.56          	((2.412198e-03 -7.701967e+00 -1.850658e-02) (-7.933723e-05 1.919799e-02 1.130661e-03)) ((3.019841e-01 -2.123336e-03 -8.396668e-02) (4.116974e-05 -1.053325e-05 2.720265e-04))
3.57          	((2.012550e-03 -8.134754e+00 -1.484074e-02) (-7.689321e-05 1.776546e-02 1.099332e-03)) ((3.158714e-01 -2.145148e-03 -8.664476e-02) (5.211078e-05 -9.878838e-06 2.643030e-04))
3.58          	((1.372329e-03 -8.550274e+00 -1.230099e-02) (-7.416814e-05 1.630507e-02 1.069563e-03)) ((3.291527e-01 -2.196341e-03 -8.920616e-02) (6.305127e-05 -9.133667e-06 2.562415e-04))
3.59          	((1.196169e-03 -8.948570e+00 -7.610420e-03) (-7.187420e-05 1.482004e-02 1.039367e-03)) ((3.419508e-01 -2.289310e-03 -9.182801e-02) (7.400229e-05 -8.361734e-06 2.476826e-04))
3.6           	((1.411941e-03 -9.327317e+00 -4.175018e-03) (-6.991257e-05 1.331290e-02 1.009077e-03)) ((3.541797e-01 -2.308359e-03 -9.411634e-02) (8.501730e-05 -7.535770e-06 2.387374e-04))
3.61          	((8.938283e-04 -9.686253e+00 -2.893670e-03) (-6.828085e-05 1.178467e-02 9.794933e-04)) ((3.654929e-01 -2.343023e-03 -9.626153e-02) (9.603215e-05 -6.742887e-06 2.294506e-04))
3.62          	((-8.213909e-05 -1.002596e+01 -9.861881e-04) (-6.509663e-05 1.023814e-02 9.496777e-04)) ((3.760468e-01 -2.458357e-03 -9.829634e-02) (1.071129e-04 -5.985806e-06 2.198993e-04))
3.63          	((-2.829297e-04 -1.034581e+01 3.388500e-03) (-6.242287e-05 8.675563e-03 9.215863e-04)) ((3.858550e-01 -2.627670e-03 -1.001481e-01) (1.181997e-04 -5.152890e-06 2.099622e-04))
3.64          	((-1.121980e-03 -1.064523e+01 7.509645e-03) (-5.925675e-05 7.099750e-03 8.940771e-04)) ((3.950421e-01 -2.627904e-03 -1.018289e-01) (1.295535e-04 -4.372795e-06 1.998095e-04))
3.65          	((-5.725152e-04 -1.092398e+01 9.365734e-03) (-5.684759e-05 5.512871e-03 8.691542e-04)) ((4.034885e-01 -2.547094e-03 -1.035839e-01) (1.411209e-04 -3.555322e-06 1.894164e-04))
3.66          	((-6.056880e-04 -1.117901e+01 1.235569e-02) (-5.496921e-05 3.916057e-03 8.461896e-04)) ((4.114760e-01 -2.426829e-03 -1.053280e-01) (1.526865e-04 -2.696160e-06 1.789129e-04))
3.67          	((-6.074207e-04 -1.141305e+01 1.449995e-02) (-5.322871e-05 2.312632e-03 8.239199e-04)) ((4.184965e-01 -2.344758e-03 -1.065215e-01) (1.643069e-04 -1.795868e-06 1.685357e-04))
3.68          	((-8.343845e-04 -1.162315e+01 1.450889e-02) (-5.304380e-05 7.052798e-04 8.023988e-04)) ((4.247952e-01 -2.422136e-03 -1.073993e-01) (1.758101e-04 -8.459377e-07 1.582336e-04))
3.69          	((2.493979e-04 -1.180992e+01 1.351813e-02) (-5.348407e-05 -9.030887e-04 7.844196e-04)) ((4.299586e-01 -2.270935e-03 -1.081263e-01) (1.873962e-04 1.121034e-07 1.475982e-04))
3.7           	((8.050879e-04 -1.197352e+01 1.160606e-02) (-5.405282e-05 -2.512190e-03 7.709378e-04)) ((4.346002e-01 -2.237100e-03 -1.086939e-01) (1.990508e-04 1.085154e-06 1.366739e-04))
3.71          	((-6.597356e-04 -1.212076e+01 9.720617e-03) (-5.503012e-05 -4.119618e-03 7.614040e-04)) ((4.391213e-01 -1.932896e-03 -1.091528e-01) (2.108170e-04 2.025356e-06 1.257824e-04))
3.72          	((-9.099142e-04 -1.225071e+01 3.617023e-03) (-5.729087e-05 -5.720273e-03 7.568509e-04)) ((4.432694e-01 -1.671949e-03 -1.098051e-01) (2.229120e-04 2.831946e-06 1.150040e-04))
3.73          	((-1.401760e-03 -1.236256e+01 5.080995e-03) (-5.955589e-05 -7.313106e-03 7.552299e-04)) ((4.468837e-01 -1.623796e-03 -1.101949e-01) (2.346076e-04 3.615202e-06 1.043243e-04))
3.74          	((-1.777907e-03 -1.246001e+01 -1.206628e-03) (-6.284968e-05 -8.897660e-03 7.588174e-04)) ((4.500877e-01 -1.531173e-03 -1.100209e-01) (2.458496e-04 4.676471e-06 9.378357e-05))
3.75          	((-1.824375e-04 -1.253731e+01 -1.238694e-03) (-6.763062e-05 -1.047077e-02 7.638070e-04)) ((4.517740e-01 -1.511404e-03 -1.090441e-01) (2.563348e-04 5.835169e-06 8.338999e-05))
3.76          	((-3.537367e-04 -1.262945e+01 5.175793e-02) (-7.353725e-05 -1.203191e-02 7.732549e-04)) ((4.606681e-01 -1.507001e-03 -1.088615e-01) (2.666589e-04 7.454583e-06 7.297538e-05))
3.77          	((1.049281e-03 -1.253515e+01 -2.469803e-02) (-7.911039e-05 -1.356628e-02 7.820384e-04)) ((4.488276e-01 -9.630098e-04 -1.066084e-01) (2.764554e-04 9.024718e-06 6.285811e-05))
3.78          	((-9.424709e-04 -1.260880e+01 3.574999e-03) (-8.582320e-05 -1.508188e-02 7.944543e-04)) ((4.519227e-01 -1.450191e-03 -1.062632e-01) (2.860463e-04 1.072454e-05 5.277588e-05))
3.79          	((-1.485001e-03 -1.262301e+01 3.856968e-03) (-9.275462e-05 -1.657875e-02 8.099842e-04)) ((4.511884e-01 -1.419443e-03 -1.049414e-01) (2.950772e-04 1.245402e-05 4.266791e-05))
3.8           	((-1.456886e-03 -1.260475e+01 2.648447e-03) (-9.937013e-05 -1.805491e-02 8.295705e-04)) ((4.496176e-01 -1.595831e-03 -1.030541e-01) (3.034587e-04 1.429774e-05 3.267277e-05))
3.81          	((-1.592873e-03 -1.256414e+01 2.367139e-03) (-1.064367e-04 -1.951011e-02 8.526848e-04)) ((4.470239e-01 -1.392279e-03 -1.008850e-01) (3.111843e-04 1.622160e-05 2.286516e-05))
3.82          	((-1.087786e-03 -1.250471e+01 3.830116e-03) (-1.130563e-04 -2.094087e-02 8.786084e-04)) ((4.437674e-01 -1.234981e-03 -9.858998e-02) (3.185344e-04 1.822119e-05 1.310640e-05))
3.83          	((-1.036803e-03 -1.242822e+01 2.675289e-03) (-1.194615e-04 -2.234276e-02 9.075876e-04)) ((4.397998e-01 -1.256284e-03 -9.622834e-02) (3.253304e-04 2.009147e-05 3.253932e-06))
3.84          	((-7.917102e-04 -1.233370e+01 -1.958831e-03) (-1.262449e-04 -2.371171e-02 9.391979e-04)) ((4.350000e-01 -1.195755e-03 -9.376755e-02) (3.313518e-04 2.195861e-05 -6.733257e-06))
3.85          	((3.045319e-04 -1.222176e+01 -7.343299e-03) (-1.321777e-04 -2.504469e-02 9.733547e-04)) ((4.296679e-01 -1.204814e-03 -9.100019e-02) (3.366411e-04 2.380477e-05 -1.685544e-05))
3.86          	((4.278187e-04 -1.209164e+01 -1.244586e-02) (-1.379357e-04 -2.633821e-02 1.009518e-03)) ((4.234643e-01 -1.176285e-03 -8.798923e-02) (3.408343e-04 2.553929e-05 -2.711635e-05))
3.87          	((4.040703e-04 -1.194034e+01 -1.759405e-02) (-1.431334e-04 -2.758813e-02 1.046798e-03)) ((4.164982e-01 -1.055790e-03 -8.481732e-02) (3.442120e-04 2.716290e-05 -3.744116e-05))
3.88          	((1.733165e-03 -1.177189e+01 -2.192611e-02) (-1.471413e-04 -2.879116e-02 1.084709e-03)) ((4.091696e-01 -1.109718e-03 -8.152238e-02) (3.467765e-04 2.859222e-05 -4.809373e-05))
3.89          	((2.149144e-03 -1.158371e+01 -2.595068e-02) (-1.509041e-04 -2.994441e-02 1.122530e-03)) ((4.009922e-01 -1.153784e-03 -7.811779e-02) (3.486482e-04 2.994406e-05 -5.892279e-05))
3.9           	((2.986403e-03 -1.137690e+01 -2.950832e-02) (-1.548583e-04 -3.104463e-02 1.159950e-03)) ((3.920794e-01 -1.243594e-03 -7.457964e-02) (3.497825e-04 3.102506e-05 -7.000794e-05))
3.91          	((4.129602e-03 -1.115191e+01 -3.208681e-02) (-1.588835e-04 -3.208933e-02 1.196607e-03)) ((3.826254e-01 -1.293868e-03 -7.092450e-02) (3.500545e-04 3.189059e-05 -8.110250e-05))
3.92          	((5.005471e-03 -1.090691e+01 -3.483043e-02) (-1.613137e-04 -3.307520e-02 1.231981e-03)) ((3.723615e-01 -1.322459e-03 -6.704049e-02) (3.493632e-04 3.250680e-05 -9.233638e-05))
3.93          	((6.359955e-03 -1.064418e+01 -3.696718e-02) (-1.643416e-04 -3.400037e-02 1.267079e-03)) ((3.614056e-01 -1.358053e-03 -6.300616e-02) (3.477942e-04 3.285030e-05 -1.039209e-04))
3.94          	((7.344523e-03 -1.036255e+01 -3.798625e-02) (-1.666368e-04 -3.486100e-02 1.301528e-03)) ((3.498797e-01 -1.326515e-03 -5.881712e-02) (3.455425e-04 3.291723e-05 -1.157633e-04))
3.95          	((8.090370e-03 -1.006033e+01 -4.069955e-02) (-1.688484e-04 -3.565685e-02 1.334580e-03)) ((3.376220e-01 -1.268859e-03 -5.479180e-02) (3.426177e-04 3.263666e-05 -1.276297e-04))
3.96          	((8.697675e-03 -9.737834e+00 -4.474580e-02) (-1.694041e-04 -3.638735e-02 1.365584e-03)) ((3.246358e-01 -1.289189e-03 -5.066039e-02) (3.389775e-04 3.192395e-05 -1.391614e-04))
3.97          	((9.511013e-03 -9.397189e+00 -4.750740e-02) (-1.704093e-04 -3.704965e-02 1.395293e-03)) ((3.110827e-01 -1.277938e-03 -4.636520e-02) (3.345129e-04 3.107474e-05 -1.508988e-04))
3.98          	((1.034337e-02 -9.038145e+00 -5.067820e-02) (-1.716710e-04 -3.764285e-02 1.422636e-03)) ((2.970322e-01 -1.418553e-03 -4.203413e-02) (3.294066e-04 3.028106e-05 -1.626164e-04))
3.99          	((1.117826e-02 -8.660975e+00 -5.329208e-02) (-1.734078e-04 -3.816515e-02 1.446893e-03)) ((2.823910e-01 -1.463256e-03 -3.769049e-02) (3.234172e-04 2.926901e-05 -1.743352e-04))
4             	((1.156727e-02 -8.263243e+00 -5.561765e-02) (-1.750254e-04 -3.861674e-02 1.467502e-03)) ((2.668886e-01 -1.528903e-03 -3.348542e-02) (3.166319e-04 2.792806e-05 -1.860246e-04))
4.01          	((1.183072e-02 -7.848949e+00 -5.633234e-02) (-1.743083e-04 -3.899731e-02 1.483909e-03)) ((2.507872e-01 -1.722553e-03 -2.923777e-02) (3.090245e-04 2.654353e-05 -1.974649e-04))
4.02          	((1.220490e-02 -7.418477e+00 -5.808300e-02) (-1.743510e-04 -3.930613e-02 1.496401e-03)) ((2.343678e-01 -1.745147e-03 -2.503679e-02) (3.006152e-04 2.498735e-05 -2.086656e-04))
4.03          	((1.210907e-02 -6.973211e+00 -6.073166e-02) (-1.745318e-04 -3.954208e-02 1.505319e-03)) ((2.176604e-01 -1.718666e-03 -2.087838e-02) (2.913602e-04 2.334246e-05 -2.196638e-04))
4.04          	((1.194480e-02 -6.509971e+00 -6.387934e-02) (-1.752610e-04 -3.970460e-02 1.510686e-03)) ((2.002892e-01 -1.718234e-03 -1.668832e-02) (2.814386e-04 2.168474e-05 -2.301316e-04))
4.05          	((1.143431e-02 -6.032808e+00 -6.695678e-02) (-1.741533e-04 -3.979429e-02 1.512643e-03)) ((1.826352e-01 -1.755512e-03 -1.244682e-02) (2.709038e-04 1.995942e-05 -2.399007e-04))
4.06          	((1.075212e-02 -5.541162e+00 -6.900072e-02) (-1.736581e-04 -3.981112e-02 1.511322e-03)) ((1.643581e-01 -1.673071e-03 -8.282511e-03) (2.596531e-04 1.826493e-05 -2.492396e-04))
4.07          	((1.069556e-02 -5.037508e+00 -7.014562e-02) (-1.724925e-04 -3.975557e-02 1.508127e-03)) ((1.453682e-01 -1.638254e-03 -4.227108e-03) (2.479224e-04 1.666102e-05 -2.577061e-04))
4.08          	((1.026582e-02 -4.523124e+00 -7.139289e-02) (-1.711225e-04 -3.962725e-02 1.502295e-03)) ((1.261736e-01 -1.668033e-03 -8.976978e-05) (2.356701e-04 1.511155e-05 -2.659506e-04))
4.09          	((9.318693e-03 -3.998611e+00 -7.062416e-02) (-1.690046e-04 -3.942612e-02 1.493750e-03)) ((1.065273e-01 -1.713247e-03 4.064342e-03) (2.230489e-04 1.358435e-05 -2.731560e-04))
4.1           	((8.251912e-03 -3.465000e+00 -7.023272e-02) (-1.664645e-04 -3.915423e-02 1.482609e-03)) ((8.675670e-02 -1.612768e-03 8.157808e-03) (2.099940e-04 1.214581e-05 -2.801203e-04))
4.11          	((7.612653e-03 -2.923684e+00 -6.876580e-02) (-1.641775e-04 -3.881205e-02 1.469774e-03)) ((6.683597e-02 -1.481594e-03 1.219416e-02) (1.967674e-04 1.080992e-05 -2.864513e-04))
4.12          	((6.270535e-03 -2.376301e+00 -6.791707e-02) (-1.607675e-04 -3.840045e-02 1.454921e-03)) ((4.678382e-02 -1.346004e-03 1.623012e-02) (1.833208e-04 9.553690e-06 -2.920160e-04))
4.13          	((4.757176e-03 -1.821937e+00 -6.686537e-02) (-1.572962e-04 -3.792132e-02 1.438892e-03)) ((2.660569e-02 -1.298342e-03 2.006812e-02) (1.698555e-04 8.349001e-06 -2.967269e-04))
4.14          	((3.588125e-03 -1.264158e+00 -6.500850e-02) (-1.527037e-04 -3.737469e-02 1.421770e-03)) ((6.481566e-03 -1.260953e-03 2.399423e-02) (1.563717e-04 7.109278e-06 -3.008409e-04))
4.15          	((2.600494e-03 -7.027740e-01 -6.443709e-02) (-1.486646e-04 -3.676139e-02 1.403485e-03)) ((-1.371973e-02 -1.172723e-03 2.804294e-02) (1.429567e-04 6.155765e-06 -3.039990e-04))
4.16          	((2.290464e-03 -1.393262e-01 -6.340300e-02) (-1.440516e-04 -3.608507e-02 1.384636e-03)) ((-3.391739e-02 -1.082689e-03 3.190419e-02) (1.296034e-04 5.149100e-06 -3.065297e-04))
4.17          	((1.640046e-03 4.242523e-01 -6.130346e-02) (-1.389354e-04 -3.534556e-02 1.365004e-03)) ((-5.386416e-02 -1.021931e-03 3.571699e-02) (1.164655e-04 4.242717e-06 -3.081358e-04))
4.18          	((8.374180e-04 9.868444e-01 -5.819693e-02) (-1.333242e-04 -3.454409e-02 1.345279e-03)) ((-7.367632e-02 -9.754837e-04 3.954774e-02) (1.034946e-04 3.463922e-06 -3.089835e-04))
4.19          	((-2.486951e-04 1.549644e+00 -5.511698e-02) (-1.274133e-04 -3.368291e-02 1.324507e-03)) ((-9.343617e-02 -9.470682e-04 4.338880e-02) (9.072711e-05 2.640189e-06 -3.092724e-04))
4.2           	((-6.863265e-04 2.108216e+00 -5.234176e-02) (-1.222863e-04 -3.276352e-02 1.302183e-03)) ((-1.129740e-01 -8.769750e-04 4.723990e-02) (7.825871e-05 1.922692e-06 -3.088600e-04))
4.21          	((-1.628654e-03 2.660652e+00 -4.994734e-02) (-1.171230e-04 -3.178923e-02 1.279079e-03)) ((-1.322306e-01 -8.206895e-04 5.104329e-02) (6.599695e-05 1.236495e-06 -3.076016e-04))
4.22          	((-2.232449e-03 3.206390e+00 -4.774111e-02) (-1.113116e-04 -3.076145e-02 1.256470e-03)) ((-1.511087e-01 -7.225972e-04 5.459869e-02) (5.397756e-05 6.667298e-07 -3.058151e-04))
4.23          	((-2.719847e-03 3.744136e+00 -4.549339e-02) (-1.056271e-04 -2.968253e-02 1.233826e-03)) ((-1.695231e-01 -6.526595e-04 5.814930e-02) (4.216918e-05 1.906092e-07 -3.031093e-04))
4.24          	((-2.969846e-03 4.274971e+00 -4.329497e-02) (-1.002706e-04 -2.855618e-02 1.211313e-03)) ((-1.876851e-01 -6.159901e-04 6.166531e-02) (3.061980e-05 -2.796631e-07 -2.994276e-04))
4.25          	((-3.184359e-03 4.795841e+00 -4.297752e-02) (-9.446667e-05 -2.738369e-02 1.188857e-03)) ((-2.053268e-01 -5.440215e-04 6.517007e-02) (1.932779e-05 -6.766499e-07 -2.953524e-04))
4.26          	((-3.640571e-03 5.307787e+00 -4.066572e-02) (-8.949482e-05 -2.616731e-02 1.167059e-03)) ((-2.226791e-01 -4.809125e-04 6.837938e-02) (8.270980e-06 -1.075254e-06 -2.906437e-04))
4.27          	((-3.280418e-03 5.809656e+00 -3.690754e-02) (-8.529255e-05 -2.491010e-02 1.145808e-03)) ((-2.397346e-01 -4.038385e-04 7.163510e-02) (-2.666396e-06 -1.405210e-06 -2.852609e-04))
4.28          	((-3.241475e-03 6.300153e+00 -3.480779e-02) (-8.150486e-05 -2.361390e-02 1.124873e-03)) ((-2.561368e-01 -3.869266e-04 7.475023e-02) (-1.347625e-05 -1.719704e-06 -2.793389e-04))
4.29          	((-3.480782e-03 6.778421e+00 -3.369364e-02) (-7.768386e-05 -2.228077e-02 1.103766e-03)) ((-2.719294e-01 -3.569939e-04 7.777817e-02) (-2.400768e-05 -1.891541e-06 -2.727029e-04))
4.3           	((-3.636501e-03 7.240939e+00 -3.170811e-02) (-7.506409e-05 -2.091297e-02 1.082688e-03)) ((-2.870851e-01 -3.249575e-04 8.070064e-02) (-3.450042e-05 -2.032540e-06 -2.654949e-04))
4.31          	((-4.036419e-03 7.688054e+00 -2.913485e-02) (-7.340728e-05 -1.951344e-02 1.062499e-03)) ((-3.016782e-01 -3.369858e-04 8.357029e-02) (-4.501185e-05 -2.102283e-06 -2.578470e-04))
4.32          	((-4.221623e-03 8.120980e+00 -2.645893e-02) (-7.268201e-05 -1.808439e-02 1.043235e-03)) ((-3.156498e-01 -2.371178e-04 8.642556e-02) (-5.557713e-05 -2.113592e-06 -2.498891e-04))
4.33          	((-4.529046e-03 8.538278e+00 -2.542821e-02) (-7.206412e-05 -1.662866e-02 1.024181e-03)) ((-3.291490e-01 -1.723352e-04 8.901692e-02) (-6.627293e-05 -2.136173e-06 -2.416598e-04))
4.34          	((-4.333800e-03 8.937354e+00 -2.420454e-02) (-7.330269e-05 -1.514758e-02 1.005331e-03)) ((-3.418322e-01 -4.052717e-05 9.160370e-02) (-7.697738e-05 -2.066636e-06 -2.329215e-04))
4.35          	((-4.294439e-03 9.315069e+00 -2.190050e-02) (-7.469093e-05 -1.364325e-02 9.868995e-04)) ((-3.538150e-01 -4.108754e-05 9.388600e-02) (-8.781911e-05 -2.064333e-06 -2.238153e-04))
4.36          	((-4.185880e-03 9.674308e+00 -1.822637e-02) (-7.606613e-05 -1.211877e-02 9.686057e-04)) ((-3.652142e-01 -3.205543e-05 9.614398e-02) (-9.854795e-05 -2.147360e-06 -2.144068e-04))
4.37          	((-3.847026e-03 1.001458e+01 -1.843355e-02) (-7.838813e-05 -1.057599e-02 9.521619e-04)) ((-3.758178e-01 -1.228325e-04 9.820573e-02) (-1.092724e-04 -2.208821e-06 -2.048429e-04))
4.38          	((-3.719018e-03 1.033797e+01 -1.788772e-02) (-8.123228e-05 -9.016656e-03 9.383227e-04)) ((-3.860568e-01 -2.742769e-05 1.001026e-01) (-1.201586e-04 -2.347337e-06 -1.950186e-04))
4.39          	((-3.371853e-03 1.063759e+01 -1.495823e-02) (-8.442487e-05 -7.443595e-03 9.269795e-04)) ((-3.953722e-01 6.588149e-05 1.018504e-01) (-1.311203e-04 -2.363978e-06 -1.851258e-04))
4.4           	((-3.711797e-03 1.091610e+01 -1.165425e-02) (-8.690096e-05 -5.859634e-03 9.173933e-04)) ((-4.038432e-01 8.468802e-05 1.037443e-01) (-1.423326e-04 -2.432898e-06 -1.751238e-04))
4.41          	((-3.297531e-03 1.117618e+01 -1.122650e-02) (-8.983122e-05 -4.267302e-03 9.097408e-04)) ((-4.119568e-01 2.649342e-04 1.055115e-01) (-1.537825e-04 -2.526479e-06 -1.650475e-04))
4.42          	((-3.172800e-03 1.140794e+01 -1.024583e-02) (-9.225431e-05 -2.667736e-03 9.045731e-04)) ((-4.190661e-01 5.161021e-04 1.068246e-01) (-1.651787e-04 -2.660662e-06 -1.549122e-04))
4.43          	((-1.777142e-03 1.161667e+01 -1.044034e-02) (-9.537645e-05 -1.063432e-03 9.014807e-04)) ((-4.254226e-01 5.928336e-04 1.078580e-01) (-1.765309e-04 -2.792511e-06 -1.446461e-04))
4.44          	((-3.475691e-04 1.180459e+01 -1.538026e-02) (-9.950881e-05 5.416939e-04 9.010553e-04)) ((-4.308052e-01 5.503435e-04 1.084730e-01) (-1.879899e-04 -2.981204e-06 -1.339621e-04))
4.45          	((-1.928500e-03 1.196958e+01 -1.823927e-02) (-1.041755e-04 2.146073e-03 9.031532e-04)) ((-4.352509e-01 7.134763e-04 1.094797e-01) (-1.995136e-04 -3.246085e-06 -1.231921e-04))
4.46          	((1.531400e-04 1.211421e+01 -1.813147e-02) (-1.090627e-04 3.745834e-03 9.087756e-04)) ((-4.393640e-01 8.001440e-04 1.104196e-01) (-2.109291e-04 -3.495516e-06 -1.123147e-04))
4.47          	((7.361881e-05 1.224606e+01 -2.194445e-02) (-1.144277e-04 5.340780e-03 9.173652e-04)) ((-4.435090e-01 1.154537e-03 1.107284e-01) (-2.226386e-04 -3.661131e-06 -1.014185e-04))
4.48          	((-8.172262e-04 1.235674e+01 -2.538227e-02) (-1.218389e-04 6.927657e-03 9.301591e-04)) ((-4.473449e-01 1.335356e-03 1.110318e-01) (-2.342310e-04 -3.949538e-06 -9.070769e-05))
4.49          	((-1.572774e-03 1.245097e+01 -2.869215e-02) (-1.291787e-04 8.506361e-03 9.481223e-04)) ((-4.502497e-01 1.461151e-03 1.106397e-01) (-2.455635e-04 -4.187181e-06 -8.030029e-05))
4.5           	((-1.163837e-03 1.253332e+01 -3.189614e-02) (-1.378497e-04 1.007505e-02 9.701104e-04)) ((-4.513702e-01 1.462796e-03 1.098516e-01) (-2.562756e-04 -4.286619e-06 -7.002079e-05))
4.51          	((-2.711640e-03 1.260519e+01 3.353231e-02) (-1.481741e-04 1.163086e-02 9.940330e-04)) ((-4.604102e-01 1.650084e-03 1.095268e-01) (-2.667631e-04 -4.314813e-06 -5.986210e-05))
4.52          	((-1.074310e-03 1.253397e+01 -6.202044e-02) (-1.580566e-04 1.316071e-02 1.016314e-03)) ((-4.494402e-01 2.184838e-03 1.074349e-01) (-2.765523e-04 -4.237486e-06 -4.971263e-05))
4.53          	((-3.540771e-03 1.260104e+01 -2.758048e-02) (-1.680448e-04 1.467260e-02 1.042216e-03)) ((-4.522666e-01 1.568923e-03 1.071796e-01) (-2.861475e-04 -4.014937e-06 -3.931471e-05))
4.54          	((-3.857954e-03 1.260995e+01 -2.849148e-02) (-1.786006e-04 1.616506e-02 1.070735e-03)) ((-4.510286e-01 1.586446e-03 1.059690e-01) (-2.953957e-04 -3.606623e-06 -2.898796e-05))
4.55          	((-3.593404e-03 1.259322e+01 -2.670509e-02) (-1.898891e-04 1.763495e-02 1.102494e-03)) ((-4.495741e-01 1.786527e-03 1.039494e-01) (-3.040820e-04 -3.111720e-06 -1.888032e-05))
4.56          	((-3.652529e-03 1.255336e+01 -2.759531e-02) (-2.016773e-04 1.908215e-02 1.136770e-03)) ((-4.474168e-01 1.845330e-03 1.018805e-01) (-3.121768e-04 -2.647444e-06 -8.757272e-06))
4.57          	((-3.482449e-03 1.249252e+01 -2.901612e-02) (-2.140990e-04 2.050471e-02 1.173723e-03)) ((-4.439443e-01 1.964122e-03 9.959483e-02) (-3.197107e-04 -2.130771e-06 1.503974e-06))
4.58          	((-2.861536e-03 1.241603e+01 -3.130643e-02) (-2.271783e-04 2.189891e-02 1.213944e-03)) ((-4.399086e-01 2.042498e-03 9.727302e-02) (-3.266252e-04 -1.531961e-06 1.171228e-05))
4.59          	((-2.071186e-03 1.232214e+01 -3.458289e-02) (-2.372619e-04 2.326108e-02 1.256896e-03)) ((-4.353557e-01 2.062939e-03 9.466015e-02) (-3.328767e-04 -1.065464e-06 2.190982e-05))
4.6           	((-1.000490e-03 1.220760e+01 -4.022975e-02) (-2.465372e-04 2.458670e-02 1.301076e-03)) ((-4.299570e-01 2.142933e-03 9.185971e-02) (-3.384340e-04 -8.046826e-07 3.232316e-05))
4.61          	((-7.928154e-04 1.207618e+01 -4.648552e-02) (-2.551109e-04 2.587333e-02 1.347383e-03)) ((-4.237087e-01 2.162103e-03 8.896897e-02) (-3.432557e-04 -6.764821e-07 4.267632e-05))
4.62          	((1.968571e-04 1.192522e+01 -5.230893e-02) (-2.625778e-04 2.711728e-02 1.394150e-03)) ((-4.167648e-01 2.246613e-03 8.584935e-02) (-3.472022e-04 -6.484905e-07 5.292860e-05))
4.63          	((5.593799e-04 1.175583e+01 -5.617885e-02) (-2.692570e-04 2.831595e-02 1.440971e-03)) ((-4.093989e-01 2.149049e-03 8.247096e-02) (-3.504169e-04 -7.756693e-07 6.314779e-05))
4.64          	((1.918628e-03 1.156801e+01 -5.933951e-02) (-2.746659e-04 2.946444e-02 1.487515e-03)) ((-4.011457e-01 2.111104e-03 7.905336e-02) (-3.528106e-04 -1.070119e-06 7.354434e-05))
4.65          	((3.173651e-03 1.136045e+01 -6.313859e-02) (-2.803592e-04 3.056162e-02 1.532976e-03)) ((-3.922528e-01 1.955317e-03 7.540414e-02) (-3.543458e-04 -1.471969e-06 8.413944e-05))
4.66          	((4.106498e-03 1.113493e+01 -6.590317e-02) (-2.852458e-04 3.160355e-02 1.577219e-03)) ((-3.827408e-01 1.916824e-03 7.173470e-02) (-3.550155e-04 -2.070649e-06 9.444778e-05))
4.67          	((5.161008e-03 1.088927e+01 -6.914140e-02) (-2.884737e-04 3.258819e-02 1.620279e-03)) ((-3.725155e-01 1.918511e-03 6.792358e-02) (-3.547824e-04 -3.006850e-06 1.049735e-04))
4.68          	((6.934958e-03 1.062522e+01 -7.089674e-02) (-2.903318e-04 3.351192e-02 1.662094e-03)) ((-3.615629e-01 1.906599e-03 6.394848e-02) (-3.537504e-04 -4.182141e-06 1.154217e-04))
4.69          	((8.605438e-03 1.034198e+01 -7.267059e-02) (-2.915451e-04 3.437259e-02 1.702317e-03)) ((-3.500002e-01 1.891985e-03 5.978221e-02) (-3.518209e-04 -5.593957e-06 1.258736e-04))
4.7           	((9.709142e-03 1.003893e+01 -7.415443e-02) (-2.916603e-04 3.516818e-02 1.740540e-03)) ((-3.377419e-01 1.954727e-03 5.569299e-02) (-3.491342e-04 -7.219149e-06 1.361901e-04))
4.71          	((9.969146e-03 9.715594e+00 -7.636699e-02) (-2.912582e-04 3.589838e-02 1.776809e-03)) ((-3.246992e-01 1.872561e-03 5.148298e-02) (-3.457200e-04 -9.090977e-06 1.464557e-04))
4.72          	((1.107763e-02 9.374320e+00 -7.799132e-02) (-2.882242e-04 3.656078e-02 1.810072e-03)) ((-3.109822e-01 1.867024e-03 4.715947e-02) (-3.415041e-04 -1.097185e-05 1.569291e-04))
4.73          	((1.225043e-02 9.015257e+00 -8.049720e-02) (-2.844041e-04 3.715443e-02 1.839895e-03)) ((-2.967405e-01 1.766370e-03 4.276888e-02) (-3.367146e-04 -1.287915e-05 1.673705e-04))
4.74          	((1.305947e-02 8.637108e+00 -8.337425e-02) (-2.801351e-04 3.767910e-02 1.865958e-03)) ((-2.820214e-01 1.675386e-03 3.852184e-02) (-3.311870e-04 -1.482646e-05 1.779549e-04))
4.75          	((1.458174e-02 8.240197e+00 -8.364355e-02) (-2.764132e-04 3.813323e-02 1.887252e-03)) ((-2.665797e-01 1.542448e-03 3.416492e-02) (-3.249115e-04 -1.664357e-05 1.886488e-04))
4.76          	((1.562742e-02 7.824506e+00 -8.372437e-02) (-2.709066e-04 3.851659e-02 1.903739e-03)) ((-2.504177e-01 1.471187e-03 2.983496e-02) (-3.179474e-04 -1.842801e-05 1.994313e-04))
4.77          	((1.586903e-02 7.394258e+00 -8.480628e-02) (-2.650948e-04 3.882765e-02 1.914525e-03)) ((-2.339246e-01 1.383719e-03 2.570504e-02) (-3.100670e-04 -2.008363e-05 2.097771e-04))
4.78          	((1.626934e-02 6.947398e+00 -8.627247e-02) (-2.594007e-04 3.906608e-02 1.920452e-03)) ((-2.169574e-01 1.327877e-03 2.139567e-02) (-3.013128e-04 -2.170252e-05 2.199262e-04))
4.79          	((1.624264e-02 6.484517e+00 -8.783961e-02) (-2.523527e-04 3.923037e-02 1.922454e-03)) ((-1.995667e-01 1.321544e-03 1.707777e-02) (-2.917416e-04 -2.322301e-05 2.297778e-04))
4.8           	((1.648021e-02 6.006751e+00 -8.873703e-02) (-2.459112e-04 3.932108e-02 1.921046e-03)) ((-1.818254e-01 1.258897e-03 1.276892e-02) (-2.813644e-04 -2.446478e-05 2.392732e-04))
4.81          	((1.658289e-02 5.514962e+00 -8.917352e-02) (-2.381027e-04 3.933875e-02 1.916934e-03)) ((-1.634499e-01 1.124534e-03 8.349288e-03) (-2.703816e-04 -2.559656e-05 2.482391e-04))
4.82          	((1.657971e-02 5.011441e+00 -8.839315e-02) (-2.290366e-04 3.928435e-02 1.908402e-03)) ((-1.445696e-01 1.041957e-03 4.072748e-03) (-2.588764e-04 -2.661403e-05 2.571101e-04))
4.83          	((1.676081e-02 4.497968e+00 -8.752295e-02) (-2.208396e-04 3.915631e-02 1.897217e-03)) ((-1.251389e-01 9.151280e-04 -6.355447e-05) (-2.467961e-04 -2.742708e-05 2.655517e-04))
4.84          	((1.647642e-02 3.973366e+00 -8.615188e-02) (-2.127201e-04 3.895654e-02 1.883223e-03)) ((-1.054731e-01 9.130600e-04 -4.250293e-03) (-2.341447e-04 -2.799885e-05 2.737107e-04))
4.85          	((1.631377e-02 3.439568e+00 -8.381039e-02) (-2.045399e-04 3.868578e-02 1.867622e-03)) ((-8.557508e-02 8.809194e-04 -8.520491e-03) (-2.211313e-04 -2.850811e-05 2.812941e-04))
4.86          	((1.562391e-02 2.898162e+00 -8.079199e-02) (-1.968408e-04 3.834435e-02 1.848730e-03)) ((-6.560888e-02 8.491015e-04 -1.265393e-02) (-2.078033e-04 -2.886071e-05 2.882791e-04))
4.87          	((1.468569e-02 2.350760e+00 -7.781590e-02) (-1.887406e-04 3.793294e-02 1.827881e-03)) ((-4.548195e-02 7.355948e-04 -1.682060e-02) (-1.942210e-04 -2.912519e-05 2.945246e-04))
4.88          	((1.391015e-02 1.796714e+00 -7.500719e-02) (-1.810594e-04 3.745350e-02 1.805707e-03)) ((-2.516513e-02 6.620488e-04 -2.084056e-02) (-1.804970e-04 -2.938660e-05 3.002477e-04))
4.89          	((1.307488e-02 1.238745e+00 -7.201440e-02) (-1.734687e-04 3.690760e-02 1.781759e-03)) ((-4.901397e-03 4.875932e-04 -2.488972e-02) (-1.667706e-04 -2.935599e-05 3.051151e-04))
4.9           	((1.235282e-02 6.781766e-01 -6.962572e-02) (-1.664075e-04 3.629684e-02 1.757023e-03)) ((1.522358e-02 3.327634e-04 -2.875108e-02) (-1.531689e-04 -2.920686e-05 3.092381e-04))
4.91          	((1.150634e-02 1.160375e-01 -6.761842e-02) (-1.585797e-04 3.562109e-02 1.729740e-03)) ((3.530797e-02 2.113669e-04 -3.266122e-02) (-1.396701e-04 -2.883178e-05 3.124195e-04))
4.92          	((1.062990e-02 -4.479852e-01 -6.420043e-02) (-1.516867e-04 3.488374e-02 1.701800e-03)) ((5.536274e-02 1.500705e-04 -3.654668e-02) (-1.262753e-04 -2.826736e-05 3.149145e-04))
4.93          	((1.001870e-02 -1.012984e+00 -5.949044e-02) (-1.441863e-04 3.408558e-02 1.672702e-03)) ((7.528502e-02 -4.361084e-06 -4.036784e-02) (-1.130342e-04 -2.763199e-05 3.163510e-04))
4.94          	((9.375412e-03 -1.573825e+00 -5.556802e-02) (-1.377761e-04 3.322780e-02 1.642807e-03)) ((9.498780e-02 -1.137270e-04 -4.421951e-02) (-9.990245e-05 -2.698937e-05 3.171768e-04))
4.95          	((8.964747e-03 -2.129927e+00 -5.210673e-02) (-1.302696e-04 3.231317e-02 1.612369e-03)) ((1.143968e-01 -2.503744e-04 -4.799721e-02) (-8.703069e-05 -2.641330e-05 3.173243e-04))
4.96          	((8.133159e-03 -2.683154e+00 -4.863873e-02) (-1.240109e-04 3.134361e-02 1.581703e-03)) ((1.335285e-01 -3.745852e-04 -5.165322e-02) (-7.427896e-05 -2.576891e-05 3.166905e-04))
4.97          	((7.540180e-03 -3.229635e+00 -4.526876e-02) (-1.174109e-04 3.032107e-02 1.551298e-03)) ((1.523780e-01 -5.353032e-04 -5.534881e-02) (-6.171975e-05 -2.511345e-05 3.152053e-04))
4.98          	((7.069254e-03 -3.768068e+00 -4.128476e-02) (-1.105652e-04 2.924817e-02 1.520238e-03)) ((1.709309e-01 -6.789027e-04 -5.883118e-02) (-4.936273e-05 -2.445865e-05 3.129513e-04))
4.99          	((6.634258e-03 -4.298028e+00 -3.775033e-02) (-1.049766e-04 2.812750e-02 1.489362e-03)) ((1.890000e-01 -8.465140e-04 -6.244599e-02) (-3.728438e-05 -2.372441e-05 3.099441e-04))
5             	((6.009929e-03 -4.820588e+00 -3.279313e-02) (-9.959976e-05 2.696106e-02 1.459089e-03)) ((2.068376e-01 -9.909828e-04 -6.590844e-02) (-2.538461e-05 -2.297750e-05 3.062814e-04))
5.01          	((5.816750e-03 -5.331896e+00 -2.834902e-02) (-9.490338e-05 2.575147e-02 1.429076e-03)) ((2.240395e-01 -1.063699e-03 -6.923585e-02) (-1.372294e-05 -2.218028e-05 3.020610e-04))
5.02          	((5.353758e-03 -5.832725e+00 -2.524242e-02) (-9.041056e-05 2.450112e-02 1.399003e-03)) ((2.408272e-01 -1.187876e-03 -7.227244e-02) (-2.184780e-06 -2.146687e-05 2.971931e-04))
5.03          	((5.233473e-03 -6.320415e+00 -2.314173e-02) (-8.559086e-05 2.321191e-02 1.369103e-03)) ((2.570058e-01 -1.291552e-03 -7.533603e-02) (9.157546e-06 -2.075132e-05 2.915893e-04))
5.04          	((4.781024e-03 -6.796799e+00 -2.134684e-02) (-8.197864e-05 2.188537e-02 1.339002e-03)) ((2.727513e-01 -1.476781e-03 -7.834443e-02) (2.026921e-05 -2.000967e-05 2.854570e-04))
5.05          	((4.361811e-03 -7.258454e+00 -1.896754e-02) (-7.765338e-05 2.052463e-02 1.308378e-03)) ((2.878967e-01 -1.584763e-03 -8.131849e-02) (3.122733e-05 -1.928245e-05 2.786589e-04))
5.06          	((3.722142e-03 -7.705508e+00 -1.570581e-02) (-7.460744e-05 1.913142e-02 1.277697e-03)) ((3.025895e-01 -1.693822e-03 -8.417165e-02) (4.214316e-05 -1.852568e-05 2.714134e-04))
5.07          	((2.738093e-03 -8.137010e+00 -1.113590e-02) (-7.293040e-05 1.770773e-02 1.246779e-03)) ((3.166049e-01 -1.806924e-03 -8.682756e-02) (5.306604e-05 -1.768855e-05 2.638216e-04))
5.08          	((2.377870e-03 -8.551983e+00 -8.597258e-03) (-7.048210e-05 1.625673e-02 1.216269e-03)) ((3.298586e-01 -1.934835e-03 -8.935379e-02) (6.404524e-05 -1.675059e-05 2.559541e-04))
5.09          	((2.454288e-03 -8.951334e+00 -5.638334e-03) (-6.789698e-05 1.478148e-02 1.186274e-03)) ((3.426012e-01 -1.955659e-03 -9.200932e-02) (7.499424e-05 -1.580038e-05 2.475996e-04))
5.1           	((2.199347e-03 -9.330816e+00 -3.759280e-03) (-6.552939e-05 1.328486e-02 1.156030e-03)) ((3.548228e-01 -1.972246e-03 -9.438922e-02) (8.598029e-05 -1.489133e-05 2.388669e-04))
5.11          	((1.775723e-03 -9.689310e+00 7.450804e-04) (-6.338527e-05 1.176859e-02 1.127523e-03)) ((3.660704e-01 -2.112114e-03 -9.644970e-02) (9.697049e-05 -1.408146e-05 2.298271e-04))
5.12          	((1.284662e-03 -1.002808e+01 3.339885e-03) (-6.052385e-05 1.023401e-02 1.098591e-03)) ((3.766079e-01 -2.159775e-03 -9.854884e-02) (1.079920e-04 -1.329933e-05 2.204070e-04))
5.13          	((7.209280e-04 -1.034730e+01 6.512913e-03) (-5.805513e-05 8.683356e-03 1.070322e-03)) ((3.864576e-01 -2.184420e-03 -1.003860e-01) (1.190924e-04 -1.236650e-05 2.108840e-04))
5.14          	((1.884268e-04 -1.064643e+01 9.882663e-03) (-5.531435e-05 7.120237e-03 1.043280e-03)) ((3.956767e-01 -2.181622e-03 -1.021847e-01) (1.302966e-04 -1.147642e-05 2.011358e-04))
5.15          	((-7.855751e-05 -1.092567e+01 1.404810e-02) (-5.309363e-05 5.545586e-03 1.018163e-03)) ((4.041192e-01 -2.147283e-03 -1.038427e-01) (1.416616e-04 -1.055241e-05 1.909815e-04))
5.16          	((5.882178e-04 -1.118101e+01 1.467068e-02) (-5.083936e-05 3.961634e-03 9.948152e-04)) ((4.119713e-01 -2.113057e-03 -1.053232e-01) (1.531864e-04 -9.555860e-06 1.805794e-04))
5.17          	((3.118909e-04 -1.141279e+01 1.773678e-02) (-4.903082e-05 2.370179e-03 9.722203e-04)) ((4.189252e-01 -2.143540e-03 -1.066641e-01) (1.647024e-04 -8.467317e-06 1.702752e-04))
5.18          	((8.256551e-04 -1.162107e+01 1.479568e-02) (-4.809640e-05 7.745512e-04 9.519903e-04)) ((4.250484e-01 -1.893090e-03 -1.074683e-01) (1.761487e-04 -7.387262e-06 1.600440e-04))
5.19          	((1.980276e-03 -1.180785e+01 1.340769e-02) (-4.869567e-05 -8.220040e-04 9.344502e-04)) ((4.301561e-01 -1.816704e-03 -1.083092e-01) (1.877904e-04 -6.415567e-06 1.496605e-04))
5.2           	((2.199073e-03 -1.197450e+01 1.300652e-02) (-5.032809e-05 -2.418771e-03 9.207677e-04)) ((4.351362e-01 -1.740036e-03 -1.092068e-01) (1.995041e-04 -5.348666e-06 1.389903e-04))
5.21          	((2.011635e-03 -1.212390e+01 1.243089e-02) (-5.245508e-05 -4.014102e-03 9.108364e-04)) ((4.398526e-01 -1.546786e-03 -1.094400e-01) (2.111577e-04 -4.297174e-06 1.281836e-04))
5.22          	((2.384002e-04 -1.225531e+01 6.488550e-03) (-5.512116e-05 -5.603463e-03 9.048586e-04)) ((4.435587e-01 -1.265777e-03 -1.101872e-01) (2.231057e-04 -3.522667e-06 1.176655e-04))
5.23          	((8.655970e-04 -1.236418e+01 7.276443e-03) (-5.789262e-05 -7.184438e-03 9.025905e-04)) ((4.473147e-01 -1.432721e-03 -1.104893e-01) (2.347359e-04 -2.768358e-06 1.072119e-04))
5.24          	((3.855379e-04 -1.246070e+01 -3.393871e-03) (-6.173533e-05 -8.757521e-03 9.044279e-04)) ((4.502601e-01 -1.179067e-03 -1.104124e-01) (2.459251e-04 -1.929009e-06 9.695976e-05))
5.25          	((2.037662e-03 -1.253726e+01 8.340927e-04) (-6.772753e-05 -1.031971e-02 9.090020e-04)) ((4.517443e-01 -9.992915e-04 -1.094422e-01) (2.564845e-04 -8.130442e-07 8.691242e-05))
5.26          	((1.909832e-03 -1.261253e+01 7.358188e-02) (-7.428579e-05 -1.186948e-02 9.165088e-04)) ((4.609136e-01 -1.380092e-03 -1.089620e-01) (2.669497e-04 6.827533e-07 7.678051e-05))
5.27          	((1.110585e-03 -1.253602e+01 -3.504237e-02) (-8.159484e-05 -1.339370e-02 9.236045e-04)) ((4.488373e-01 -5.327865e-04 -1.069787e-01) (2.766050e-04 2.210646e-06 6.679350e-05))
5.28          	((1.393380e-03 -1.260532e+01 9.083193e-03) (-8.965622e-05 -1.489957e-02 9.339558e-04)) ((4.520479e-01 -1.335492e-03 -1.063749e-01) (2.861287e-04 3.806542e-06 5.667894e-05))
5.29          	((1.201947e-03 -1.261799e+01 6.784851e-03) (-9.820545e-05 -1.638672e-02 9.471976e-04)) ((4.513576e-01 -1.208453e-03 -1.052565e-01) (2.950512e-04 5.410899e-06 4.673887e-05))
5.3           	((1.377117e-03 -1.259971e+01 4.360837e-03) (-1.069030e-04 -1.785323e-02 9.641250e-04)) ((4.500080e-01 -1.173467e-03 -1.032193e-01) (3.031709e-04 7.079158e-06 3.700983e-05))
5.31          	((9.927791e-04 -1.255895e+01 3.801968e-03) (-1.161189e-04 -1.929781e-02 9.850861e-04)) ((4.472856e-01 -9.253978e-04 -1.009243e-01) (3.107146e-04 8.781433e-06 2.753849e-05))
5.32          	((7.627175e-04 -1.250088e+01 5.607372e-03) (-1.250760e-04 -2.071881e-02 1.008495e-03)) ((4.439641e-01 -9.383496e-04 -9.863151e-02) (3.179202e-04 1.058163e-05 1.796412e-05))
5.33          	((9.602680e-04 -1.242397e+01 1.243736e-03) (-1.337561e-04 -2.211198e-02 1.034781e-03)) ((4.400295e-01 -8.730355e-04 -9.636302e-02) (3.246112e-04 1.234587e-05 8.198407e-06))
5.34          	((1.256183e-03 -1.232751e+01 -1.216807e-03) (-1.429887e-04 -2.347358e-02 1.063546e-03)) ((4.351734e-01 -8.824173e-04 -9.373892e-02) (3.305213e-04 1.401408e-05 -1.566478e-06))
5.35          	((2.085433e-03 -1.221576e+01 -6.224434e-03) (-1.522921e-04 -2.479986e-02 1.095038e-03)) ((4.298710e-01 -8.747649e-04 -9.094048e-02) (3.356775e-04 1.566765e-05 -1.145183e-05))
5.36          	((2.358215e-03 -1.208539e+01 -1.150558e-02) (-1.619974e-04 -2.608625e-02 1.129889e-03)) ((4.237797e-01 -8.290953e-04 -8.785182e-02) (3.399418e-04 1.729239e-05 -2.141754e-05))
5.37          	((3.153700e-03 -1.193433e+01 -1.720557e-02) (-1.710757e-04 -2.732938e-02 1.166107e-03)) ((4.168952e-01 -7.395781e-04 -8.457937e-02) (3.432818e-04 1.874882e-05 -3.174844e-05))
5.38          	((3.306424e-03 -1.176554e+01 -2.092287e-02) (-1.802828e-04 -2.852739e-02 1.202216e-03)) ((4.094256e-01 -7.989500e-04 -8.123507e-02) (3.457848e-04 2.007332e-05 -4.218867e-05))
5.39          	((3.963649e-03 -1.157806e+01 -2.432302e-02) (-1.885585e-04 -2.967523e-02 1.237955e-03)) ((4.012490e-01 -8.804182e-04 -7.785395e-02) (3.475894e-04 2.132751e-05 -5.283768e-05))
5.4           	((4.525512e-03 -1.137179e+01 -2.891895e-02) (-1.976966e-04 -3.077069e-02 1.272844e-03)) ((3.922775e-01 -8.465698e-04 -7.425131e-02) (3.487183e-04 2.232239e-05 -6.355330e-05))
5.41          	((5.540281e-03 -1.114719e+01 -3.105721e-02) (-2.051961e-04 -3.181010e-02 1.307352e-03)) ((3.828338e-01 -7.968216e-04 -7.053098e-02) (3.489093e-04 2.310651e-05 -7.446334e-05))
5.42          	((6.462416e-03 -1.090189e+01 -3.392214e-02) (-2.115096e-04 -3.279178e-02 1.340275e-03)) ((3.726044e-01 -8.282877e-04 -6.665516e-02) (3.481396e-04 2.355383e-05 -8.546082e-05))
5.43          	((7.421566e-03 -1.063874e+01 -3.693325e-02) (-2.188948e-04 -3.371268e-02 1.372733e-03)) ((3.616228e-01 -9.364640e-04 -6.252633e-02) (3.465113e-04 2.374673e-05 -9.708209e-05))
5.44          	((8.037038e-03 -1.035594e+01 -3.827702e-02) (-2.264266e-04 -3.457024e-02 1.404555e-03)) ((3.500085e-01 -9.577518e-04 -5.839299e-02) (3.440155e-04 2.364068e-05 -1.086597e-04))
5.45          	((8.941548e-03 -1.005388e+01 -4.056819e-02) (-2.330842e-04 -3.536296e-02 1.435113e-03)) ((3.376912e-01 -9.985536e-04 -5.426124e-02) (3.407419e-04 2.322814e-05 -1.202273e-04))
5.46          	((9.190892e-03 -9.732342e+00 -4.241315e-02) (-2.392284e-04 -3.609023e-02 1.463866e-03)) ((3.246773e-01 -1.017178e-03 -5.003040e-02) (3.367998e-04 2.253380e-05 -1.313978e-04))
5.47          	((9.978354e-03 -9.390869e+00 -4.517358e-02) (-2.453266e-04 -3.674959e-02 1.490164e-03)) ((3.110354e-01 -1.039134e-03 -4.573703e-02) (3.319033e-04 2.169743e-05 -1.427181e-04))
5.48          	((1.058919e-02 -9.031248e+00 -4.844227e-02) (-2.517653e-04 -3.733965e-02 1.513979e-03)) ((2.969552e-01 -1.051659e-03 -4.135424e-02) (3.261968e-04 2.072724e-05 -1.541214e-04))
5.49          	((1.071090e-02 -8.653104e+00 -5.112138e-02) (-2.573102e-04 -3.785852e-02 1.535657e-03)) ((2.821505e-01 -1.105191e-03 -3.696473e-02) (3.197327e-04 1.966155e-05 -1.654029e-04))
5.5           	((1.124305e-02 -8.255296e+00 -5.346572e-02) (-2.616054e-04 -3.830849e-02 1.554206e-03)) ((2.665899e-01 -1.232570e-03 -3.273686e-02) (3.124326e-04 1.834743e-05 -1.765233e-04))
5.51          	((1.142671e-02 -7.841274e+00 -5.486512e-02) (-2.652531e-04 -3.868683e-02 1.568435e-03)) ((2.504467e-01 -1.407191e-03 -2.845545e-02) (3.043714e-04 1.703225e-05 -1.873046e-04))
5.52          	((1.147905e-02 -7.411010e+00 -5.657121e-02) (-2.684549e-04 -3.899331e-02 1.578738e-03)) ((2.339146e-01 -1.414686e-03 -2.416830e-02) (2.954953e-04 1.545470e-05 -1.980207e-04))
5.53          	((1.116172e-02 -6.965202e+00 -5.971125e-02) (-2.710631e-04 -3.922783e-02 1.585225e-03)) ((2.170839e-01 -1.433582e-03 -1.998102e-02) (2.857355e-04 1.382412e-05 -2.083382e-04))
5.54          	((1.104404e-02 -6.502153e+00 -6.291314e-02) (-2.717905e-04 -3.938833e-02 1.588630e-03)) ((1.996895e-01 -1.450628e-03 -1.575730e-02) (2.754236e-04 1.218821e-05 -2.183135e-04))
5.55          	((1.035227e-02 -6.025395e+00 -6.505894e-02) (-2.711242e-04 -3.947660e-02 1.589413e-03)) ((1.818379e-01 -1.515610e-03 -1.146178e-02) (2.645528e-04 1.064036e-05 -2.276419e-04))
5.56          	((9.422539e-03 -5.532797e+00 -6.710828e-02) (-2.711623e-04 -3.949144e-02 1.587418e-03)) ((1.635067e-01 -1.505791e-03 -7.251385e-03) (2.530859e-04 9.063971e-06 -2.365018e-04))
5.57          	((9.122802e-03 -5.029192e+00 -6.833567e-02) (-2.703003e-04 -3.943405e-02 1.583172e-03)) ((1.445941e-01 -1.477778e-03 -3.139845e-03) (2.410540e-04 7.490814e-06 -2.447080e-04))
5.58          	((8.764531e-03 -4.513953e+00 -6.823322e-02) (-2.681707e-04 -3.930459e-02 1.576625e-03)) ((1.252982e-01 -1.443298e-03 9.049473e-04) (2.287415e-04 6.056955e-06 -2.522436e-04))
5.59          	((7.899665e-03 -3.989852e+00 -6.787648e-02) (-2.657557e-04 -3.910179e-02 1.567948e-03)) ((1.056655e-01 -1.445856e-03 5.093916e-03) (2.159731e-04 4.690065e-06 -2.594552e-04))
5.6           	((7.032923e-03 -3.456302e+00 -6.694711e-02) (-2.630374e-04 -3.882831e-02 1.556903e-03)) ((8.585484e-02 -1.418834e-03 9.134113e-03) (2.029037e-04 3.405168e-06 -2.660289e-04))
5.61          	((6.243215e-03 -2.914755e+00 -6.578261e-02) (-2.595038e-04 -3.848557e-02 1.543844e-03)) ((6.589516e-02 -1.410896e-03 1.319368e-02) (1.896441e-04 2.238413e-06 -2.719392e-04))
5.62          	((4.901498e-03 -2.367022e+00 -6.467906e-02) (-2.551090e-04 -3.807358e-02 1.529992e-03)) ((4.579061e-02 -1.278804e-03 1.717665e-02) (1.762096e-04 1.224055e-06 -2.772827e-04))
5.63          	((3.707931e-03 -1.813420e+00 -6.225855e-02) (-2.506007e-04 -3.759259e-02 1.515310e-03)) ((2.561861e-02 -1.229158e-03 2.101864e-02) (1.627527e-04 3.373165e-07 -2.816992e-04))
5.64          	((2.429549e-03 -1.254487e+00 -6.084079e-02) (-2.447007e-04 -3.704590e-02 1.499740e-03)) ((5.444033e-03 -1.112799e-03 2.490413e-02) (1.492281e-04 -5.079666e-07 -2.854365e-04))
5.65          	((1.754605e-03 -6.926849e-01 -5.915545e-02) (-2.389172e-04 -3.643406e-02 1.483070e-03)) ((-1.476607e-02 -1.095311e-03 2.880307e-02) (1.356847e-04 -1.251820e-06 -2.884382e-04))
5.66          	((1.061034e-03 -1.292211e-01 -5.878091e-02) (-2.317838e-04 -3.575947e-02 1.465557e-03)) ((-3.489850e-02 -9.964773e-04 3.256995e-02) (1.221910e-04 -1.850835e-06 -2.906428e-04))
5.67          	((4.209924e-04 4.342732e-01 -5.643248e-02) (-2.242191e-04 -3.502172e-02 1.448468e-03)) ((-5.487462e-02 -9.906336e-04 3.639959e-02) (1.088956e-04 -2.295646e-06 -2.921943e-04))
5.68          	((-9.810125e-05 9.975240e-01 -5.274848e-02) (-2.150156e-04 -3.422258e-02 1.431116e-03)) ((-7.479807e-02 -9.187611e-04 4.015095e-02) (9.577082e-05 -2.699184e-06 -2.930077e-04))
5.69          	((-1.461520e-03 1.560103e+00 -4.981682e-02) (-2.057807e-04 -3.336491e-02 1.412706e-03)) ((-9.458916e-02 -9.364990e-04 4.396504e-02) (8.285460e-05 -3.118060e-06 -2.931065e-04))
5.7           	((-1.971284e-03 2.119033e+00 -4.689947e-02) (-1.966825e-04 -3.244916e-02 1.393372e-03)) ((-1.141825e-01 -8.971058e-04 4.773754e-02) (7.021697e-05 -3.331610e-06 -2.925057e-04))
5.71          	((-2.383267e-03 2.672089e+00 -4.432704e-02) (-1.871862e-04 -3.147844e-02 1.373255e-03)) ((-1.334348e-01 -7.668809e-04 5.136601e-02) (5.786773e-05 -3.531243e-06 -2.911354e-04))
5.72          	((-3.184926e-03 3.216988e+00 -4.243283e-02) (-1.779996e-04 -3.045486e-02 1.353184e-03)) ((-1.521983e-01 -7.389369e-04 5.493701e-02) (4.582675e-05 -3.624320e-06 -2.890750e-04))
5.73          	((-3.410355e-03 3.754808e+00 -4.080989e-02) (-1.686188e-04 -2.938210e-02 1.333351e-03)) ((-1.706055e-01 -6.492588e-04 5.840553e-02) (3.398977e-05 -3.693984e-06 -2.864842e-04))
5.74          	((-3.888234e-03 4.285387e+00 -3.913063e-02) (-1.596599e-04 -2.826188e-02 1.313805e-03)) ((-1.886962e-01 -5.540265e-04 6.182252e-02) (2.239100e-05 -3.721049e-06 -2.830369e-04))
5.75          	((-3.879363e-03 4.806166e+00 -3.743675e-02) (-1.516163e-04 -2.709619e-02 1.293860e-03)) ((-2.063298e-01 -5.074103e-04 6.527136e-02) (1.103317e-05 -3.711475e-06 -2.790866e-04))
5.76          	((-3.753845e-03 5.318981e+00 -3.508411e-02) (-1.437349e-04 -2.588682e-02 1.274508e-03)) ((-2.237983e-01 -5.010275e-04 6.860198e-02) (-8.466703e-08 -3.669032e-06 -2.744335e-04))
5.77          	((-3.702652e-03 5.821657e+00 -3.201545e-02) (-1.364589e-04 -2.463690e-02 1.255630e-03)) ((-2.408657e-01 -4.643509e-04 7.188774e-02) (-1.101351e-05 -3.561850e-06 -2.690630e-04))
5.78          	((-3.741039e-03 6.311396e+00 -3.036507e-02) (-1.294586e-04 -2.334985e-02 1.237220e-03)) ((-2.570634e-01 -3.757186e-04 7.498295e-02) (-2.188878e-05 -3.384876e-06 -2.631550e-04))
5.79          	((-3.775675e-03 6.787979e+00 -2.879263e-02) (-1.228281e-04 -2.202629e-02 1.218331e-03)) ((-2.726775e-01 -3.674071e-04 7.797732e-02) (-3.253961e-05 -3.135133e-06 -2.565882e-04))
5.8           	((-3.914682e-03 7.250071e+00 -2.732840e-02) (-1.175627e-04 -2.066834e-02 1.199943e-03)) ((-2.878278e-01 -3.171596e-04 8.088335e-02) (-4.308314e-05 -2.873235e-06 -2.495459e-04))
5.81          	((-4.547018e-03 7.697268e+00 -2.538706e-02) (-1.138213e-04 -1.927872e-02 1.182144e-03)) ((-3.023662e-01 -2.568776e-04 8.371778e-02) (-5.359374e-05 -2.582316e-06 -2.419763e-04))
5.82          	((-4.508712e-03 8.129659e+00 -2.292974e-02) (-1.112864e-04 -1.786075e-02 1.165287e-03)) ((-3.164542e-01 -2.339705e-04 8.651659e-02) (-6.414210e-05 -2.273282e-06 -2.341622e-04))
5.83          	((-4.647914e-03 8.546580e+00 -2.264181e-02) (-1.094591e-04 -1.641576e-02 1.148461e-03)) ((-3.298400e-01 -1.514696e-04 8.917198e-02) (-7.476144e-05 -1.903562e-06 -2.260485e-04))
5.84          	((-4.071818e-03 8.944566e+00 -2.168419e-02) (-1.083516e-04 -1.494600e-02 1.131360e-03)) ((-3.424395e-01 -3.482801e-05 9.172736e-02) (-8.552851e-05 -1.630986e-06 -2.175269e-04))
5.85          	((-3.714692e-03 9.322528e+00 -1.890688e-02) (-1.086016e-04 -1.345395e-02 1.115304e-03)) ((-3.544854e-01 -1.098842e-05 9.416104e-02) (-9.633448e-05 -1.428618e-06 -2.086753e-04))
5.86          	((-3.731135e-03 9.680504e+00 -1.571645e-02) (-1.093399e-04 -1.194180e-02 1.099728e-03)) ((-3.657119e-01 -3.224184e-05 9.629105e-02) (-1.071228e-04 -1.180487e-06 -1.995102e-04))
5.87          	((-3.897364e-03 1.002117e+01 -1.461603e-02) (-1.105060e-04 -1.041233e-02 1.084557e-03)) ((-3.764795e-01 -3.354691e-06 9.848256e-02) (-1.178990e-04 -9.823627e-07 -1.901754e-04))
5.88          	((-3.201481e-03 1.034308e+01 -1.368446e-02) (-1.126498e-04 -8.866183e-03 1.071582e-03)) ((-3.865858e-01 1.097016e-04 1.002915e-01) (-1.286942e-04 -8.635517e-07 -1.806380e-04))
5.89          	((-3.803692e-03 1.064391e+01 -1.155901e-02) (-1.151612e-04 -7.306823e-03 1.060438e-03)) ((-3.959438e-01 1.228601e-04 1.021002e-01) (-1.395864e-04 -6.312741e-07 -1.708868e-04))
5.9           	((-4.140686e-03 1.091970e+01 -8.577383e-03) (-1.178303e-04 -5.736200e-03 1.051477e-03)) ((-4.043159e-01 2.193324e-04 1.040982e-01) (-1.506807e-04 -4.941883e-07 -1.610987e-04))
5.91          	((-2.580489e-03 1.117775e+01 -6.819611e-03) (-1.197194e-04 -4.156995e-03 1.044715e-03)) ((-4.121945e-01 3.913488e-04 1.055360e-01) (-1.618830e-04 -3.988884e-07 -1.512153e-04))
5.92          	((-2.032295e-03 1.141131e+01 -6.247339e-03) (-1.215947e-04 -2.570843e-03 1.038683e-03)) ((-4.195050e-01 5.792139e-04 1.068901e-01) (-1.731245e-04 -3.748407e-07 -1.413804e-04))
5.93          	((-1.883110e-03 1.162077e+01 -8.614740e-03) (-1.241473e-04 -9.799288e-04 1.035591e-03)) ((-4.258031e-01 7.068433e-04 1.079811e-01) (-1.844244e-04 -3.812601e-07 -1.314409e-04))
5.94          	((-3.439859e-04 1.180723e+01 -1.575654e-02) (-1.277266e-04 6.115944e-04 1.035930e-03)) ((-4.311857e-01 9.170633e-04 1.088497e-01) (-1.959357e-04 -4.086943e-07 -1.211324e-04))
5.95          	((-6.475126e-04 1.197238e+01 -1.348838e-02) (-1.323984e-04 2.201320e-03 1.038581e-03)) ((-4.357427e-01 7.765097e-04 1.097058e-01) (-2.074636e-04 -4.515433e-07 -1.106445e-04))
5.96          	((6.002733e-05 1.212140e+01 -1.370371e-02) (-1.372418e-04 3.786996e-03 1.044998e-03)) ((-4.402091e-01 1.097164e-03 1.103457e-01) (-2.188529e-04 -5.798797e-07 -1.000984e-04))
5.97          	((-3.416277e-04 1.225183e+01 -1.759888e-02) (-1.433553e-04 5.368632e-03 1.054209e-03)) ((-4.440576e-01 1.304366e-03 1.110506e-01) (-2.305602e-04 -7.627444e-07 -8.962528e-05))
5.98          	((-7.011951e-04 1.236112e+01 -2.558567e-02) (-1.495240e-04 6.942483e-03 1.066437e-03)) ((-4.478431e-01 1.652208e-03 1.114709e-01) (-2.420915e-04 -1.052559e-06 -7.940508e-05))
5.99          	((-1.799471e-03 1.245232e+01 -2.941812e-02) (-1.570795e-04 8.509223e-03 1.083460e-03)) ((-4.501550e-01 1.492422e-03 1.110065e-01) (-2.532230e-04 -1.428453e-06 -6.934267e-05))
6             	((-3.072939e-04 1.253599e+01 -2.871706e-02) (-1.653924e-04 1.006727e-02 1.104428e-03)) ((-4.518724e-01 2.032686e-03 1.101462e-01) (-2.639107e-04 -1.592165e-06 -5.925134e-05))
6.01          	((-2.021856e-03 1.259901e+01 5.020100e-02) (-1.750202e-04 1.161136e-02 1.127979e-03)) ((-4.602409e-01 1.740857e-03 1.092802e-01) (-2.744763e-04 -1.525631e-06 -4.937816e-05))
6.02          	((-2.463004e-03 1.253653e+01 -7.319166e-02) (-1.847876e-04 1.312967e-02 1.150014e-03)) ((-4.500060e-01 2.354724e-03 1.077973e-01) (-2.844389e-04 -1.456296e-06 -3.947989e-05))
6.03          	((-3.754369e-03 1.260058e+01 -2.347337e-02) (-1.953077e-04 1.462926e-02 1.175507e-03)) ((-4.526558e-01 2.065363e-03 1.072598e-01) (-2.941129e-04 -1.352031e-06 -2.936574e-05))
6.04          	((-2.449062e-03 1.260743e+01 -2.468673e-02) (-2.065383e-04 1.611062e-02 1.203776e-03)) ((-4.514637e-01 1.890584e-03 1.060761e-01) (-3.034094e-04 -9.602689e-07 -1.924138e-05))
6.05          	((-3.152048e-03 1.258858e+01 -2.391799e-02) (-2.187336e-04 1.757082e-02 1.234290e-03)) ((-4.500733e-01 2.094932e-03 1.039613e-01) (-3.120445e-04 -5.792615e-07 -9.324993e-06))
6.06          	((-3.129494e-03 1.255137e+01 -2.567239e-02) (-2.318345e-04 1.900874e-02 1.267266e-03)) ((-4.479640e-01 2.294610e-03 1.020116e-01) (-3.200441e-04 -1.874186e-07 5.054716e-07))
6.07          	((-2.200429e-03 1.249255e+01 -2.634095e-02) (-2.450301e-04 2.042155e-02 1.302980e-03)) ((-4.444079e-01 2.524580e-03 9.969772e-02) (-3.274437e-04 1.738227e-07 1.043458e-05))
6.08          	((-1.817442e-03 1.241475e+01 -2.872740e-02) (-2.574449e-04 2.180722e-02 1.342074e-03)) ((-4.403775e-01 2.634319e-03 9.732956e-02) (-3.342530e-04 5.099565e-07 2.022706e-05))
6.09          	((-1.773708e-03 1.231907e+01 -3.271077e-02) (-2.690339e-04 2.316038e-02 1.383684e-03)) ((-4.358470e-01 2.634995e-03 9.467883e-02) (-3.403437e-04 7.041879e-07 3.018387e-05))
6.1           	((-1.382929e-03 1.220669e+01 -3.973802e-02) (-2.801120e-04 2.447795e-02 1.427463e-03)) ((-4.305123e-01 2.584082e-03 9.179949e-02) (-3.457095e-04 7.838172e-07 4.022905e-05))
6.11          	((-3.038994e-04 1.207469e+01 -4.411503e-02) (-2.902080e-04 2.575760e-02 1.472376e-03)) ((-4.243337e-01 2.662639e-03 8.881284e-02) (-3.504351e-04 7.667469e-07 5.022714e-05))
6.12          	((1.780234e-04 1.192517e+01 -4.874586e-02) (-2.991269e-04 2.699578e-02 1.518082e-03)) ((-4.175400e-01 2.646513e-03 8.565441e-02) (-3.542594e-04 5.513403e-07 6.021568e-05))
6.13          	((7.209911e-04 1.175506e+01 -5.279905e-02) (-3.076456e-04 2.818889e-02 1.563907e-03)) ((-4.099579e-01 2.552139e-03 8.229457e-02) (-3.574046e-04 2.218398e-07 7.010200e-05))
6.14          	((1.675837e-03 1.156678e+01 -5.583113e-02) (-3.158183e-04 2.933342e-02 1.608779e-03)) ((-4.018016e-01 2.535545e-03 7.881445e-02) (-3.596810e-04 -2.815262e-07 8.026007e-05))
6.15          	((2.611531e-03 1.135974e+01 -5.944451e-02) (-3.231445e-04 3.042609e-02 1.651947e-03)) ((-3.927862e-01 2.541668e-03 7.517283e-02) (-3.610856e-04 -9.323588e-07 9.056060e-05))
6.16          	((4.102201e-03 1.113419e+01 -6.320816e-02) (-3.290426e-04 3.146358e-02 1.693401e-03)) ((-3.831976e-01 2.550399e-03 7.129125e-02) (-3.616483e-04 -1.919592e-06 1.007883e-04))
6.17          	((5.300458e-03 1.088923e+01 -6.576645e-02) (-3.339500e-04 3.244432e-02 1.733802e-03)) ((-3.729174e-01 2.623159e-03 6.747781e-02) (-3.613479e-04 -3.217301e-06 1.110836e-04))
6.18          	((6.154189e-03 1.062468e+01 -6.798509e-02) (-3.384775e-04 3.336464e-02 1.772145e-03)) ((-3.619614e-01 2.613211e-03 6.348907e-02) (-3.600107e-04 -4.832932e-06 1.215387e-04))
6.19          	((7.268049e-03 1.034138e+01 -6.981554e-02) (-3.413533e-04 3.422240e-02 1.808962e-03)) ((-3.503853e-01 2.614031e-03 5.935878e-02) (-3.578486e-04 -6.664822e-06 1.318883e-04))
6.2           	((8.219410e-03 1.003808e+01 -7.222199e-02) (-3.422847e-04 3.501566e-02 1.844382e-03)) ((-3.380567e-01 2.585422e-03 5.515039e-02) (-3.549614e-04 -8.703310e-06 1.418256e-04))
6.21          	((9.054936e-03 9.714909e+00 -7.384475e-02) (-3.429857e-04 3.574223e-02 1.877512e-03)) ((-3.248919e-01 2.500908e-03 5.086892e-02) (-3.512457e-04 -1.086337e-05 1.518613e-04))
6.22          	((9.557182e-03 9.372707e+00 -7.522186e-02) (-3.430925e-04 3.640134e-02 1.907599e-03)) ((-3.110415e-01 2.478539e-03 4.657869e-02) (-3.467088e-04 -1.306820e-05 1.619660e-04))
6.23          	((1.047429e-02 9.012696e+00 -7.790533e-02) (-3.416598e-04 3.699335e-02 1.934155e-03)) ((-2.967339e-01 2.419653e-03 4.219696e-02) (-3.414390e-04 -1.538072e-05 1.724272e-04))
6.24          	((1.161509e-02 8.634126e+00 -7.983205e-02) (-3.397393e-04 3.751572e-02 1.956798e-03)) ((-2.818722e-01 2.250539e-03 3.783137e-02) (-3.356073e-04 -1.749868e-05 1.829297e-04))
6.25          	((1.269404e-02 8.237983e+00 -8.062163e-02) (-3.366818e-04 3.796819e-02 1.974632e-03)) ((-2.663713e-01 2.106226e-03 3.354073e-02) (-3.291429e-04 -1.957829e-05 1.932992e-04))
6.26          	((1.370635e-02 7.822794e+00 -8.215866e-02) (-3.325040e-04 3.834919e-02 1.987971e-03)) ((-2.502370e-01 2.040212e-03 2.919454e-02) (-3.218321e-04 -2.159953e-05 2.036202e-04))
6.27          	((1.393838e-02 7.391183e+00 -8.294396e-02) (-3.287900e-04 3.865865e-02 1.996849e-03)) ((-2.335245e-01 2.013525e-03 2.503359e-02) (-3.135270e-04 -2.340296e-05 2.137561e-04))
6.28          	((1.450424e-02 6.944869e+00 -8.416647e-02) (-3.237924e-04 3.889479e-02 2.001125e-03)) ((-2.165589e-01 1.900887e-03 2.073229e-02) (-3.044680e-04 -2.509400e-05 2.234651e-04))
6.29          	((1.476428e-02 6.481247e+00 -8.470459e-02) (-3.185565e-04 3.905680e-02 2.001379e-03)) ((-1.990471e-01 1.822425e-03 1.643090e-02) (-2.947735e-04 -2.662021e-05 2.327692e-04))
6.3           	((1.484577e-02 6.003490e+00 -8.631421e-02) (-3.122951e-04 3.914612e-02 1.999139e-03)) ((-1.811049e-01 1.710059e-03 1.219685e-02) (-2.842583e-04 -2.803285e-05 2.418913e-04))
6.31          	((1.501259e-02 5.511781e+00 -8.800888e-02) (-3.054186e-04 3.916169e-02 1.993796e-03)) ((-1.627370e-01 1.597593e-03 7.720010e-03) (-2.732051e-04 -2.928436e-05 2.506455e-04))
6.32          	((1.519054e-02 5.008888e+00 -8.773325e-02) (-2.976616e-04 3.910522e-02 1.985194e-03)) ((-1.437487e-01 1.513907e-03 3.419824e-03) (-2.616338e-04 -3.032851e-05 2.589764e-04))
6.33          	((1.511419e-02 4.494521e+00 -8.592149e-02) (-2.883559e-04 3.897524e-02 1.973196e-03)) ((-1.241977e-01 1.337238e-03 -7.574422e-04) (-2.497060e-04 -3.127716e-05 2.669889e-04))
6.34          	((1.445116e-02 3.969984e+00 -8.393931e-02) (-2.805081e-04 3.877407e-02 1.959106e-03)) ((-1.045885e-01 1.229993e-03 -5.010475e-03) (-2.372311e-04 -3.185449e-05 2.745051e-04))
6.35          	((1.427314e-02 3.436115e+00 -8.133141e-02) (-2.722513e-04 3.850283e-02 1.942925e-03)) ((-8.472870e-02 1.183811e-03 -9.251429e-03) (-2.243369e-04 -3.236460e-05 2.816121e-04))
6.36          	((1.389738e-02 2.893807e+00 -7.837375e-02) (-2.634440e-04 3.816051e-02 1.923508e-03)) ((-6.462855e-02 1.185186e-03 -1.336306e-02) (-2.112673e-04 -3.256979e-05 2.878308e-04))
6.37          	((1.328941e-02 2.346204e+00 -7.517631e-02) (-2.551466e-04 3.774904e-02 1.902724e-03)) ((-4.443566e-02 1.077972e-03 -1.748798e-02) (-1.979059e-04 -3.268162e-05 2.937673e-04))
6.38          	((1.236105e-02 1.792884e+00 -7.240792e-02) (-2.458003e-04 3.726991e-02 1.881187e-03)) ((-2.415978e-02 9.863007e-04 -2.147014e-02) (-1.844433e-04 -3.254900e-05 2.988753e-04))
6.39          	((1.182104e-02 1.234446e+00 -6.911886e-02) (-2.360534e-04 3.672499e-02 1.858443e-03)) ((-3.900420e-03 8.260857e-04 -2.548755e-02) (-1.708287e-04 -3.229008e-05 3.030938e-04))
6.4           	((1.119159e-02 6.741082e-01 -6.691091e-02) (-2.269286e-04 3.611528e-02 1.834585e-03)) ((1.619872e-02 6.659777e-04 -2.936188e-02) (-1.573082e-04 -3.186017e-05 3.068239e-04))
6.41          	((1.066940e-02 1.114951e-01 -6.365775e-02) (-2.180478e-04 3.544143e-02 1.809588e-03)) ((3.634066e-02 5.714081e-04 -3.314796e-02) (-1.438725e-04 -3.111082e-05 3.094832e-04))
6.42          	((9.970600e-03 -4.526527e-01 -6.046581e-02) (-2.092905e-04 3.470651e-02 1.783185e-03)) ((5.629167e-02 4.274499e-04 -3.702839e-02) (-1.304194e-04 -3.023561e-05 3.115109e-04))
6.43          	((9.388599e-03 -1.016980e+00 -5.585528e-02) (-1.999623e-04 3.390993e-02 1.755691e-03)) ((7.628336e-02 2.916887e-04 -4.080523e-02) (-1.171682e-04 -2.935461e-05 3.127879e-04))
6.44          	((8.416897e-03 -1.578038e+00 -5.093988e-02) (-1.915152e-04 3.305541e-02 1.727609e-03)) ((9.599933e-02 5.914117e-05 -4.462960e-02) (-1.041313e-04 -2.831609e-05 3.131006e-04))
6.45          	((7.921986e-03 -2.134924e+00 -4.731778e-02) (-1.827783e-04 3.214345e-02 1.698950e-03)) ((1.154649e-01 -8.866868e-05 -4.841143e-02) (-9.125633e-05 -2.730845e-05 3.127479e-04))
6.46          	((7.490642e-03 -2.687785e+00 -4.382821e-02) (-1.736276e-04 3.117686e-02 1.669771e-03)) ((1.345420e-01 -1.523706e-04 -5.199232e-02) (-7.853591e-05 -2.633836e-05 3.118144e-04))
6.47          	((6.941554e-03 -3.233964e+00 -4.050889e-02) (-1.653691e-04 3.015829e-02 1.640359e-03)) ((1.534115e-01 -2.906420e-04 -5.559003e-02) (-6.600302e-05 -2.527685e-05 3.100357e-04))
6.48          	((6.518693e-03 -3.772736e+00 -3.616719e-02) (-1.580427e-04 2.909089e-02 1.610927e-03)) ((1.718967e-01 -4.353453e-04 -5.909022e-02) (-5.367811e-05 -2.426285e-05 3.074520e-04))
6.49          	((6.233638e-03 -4.302979e+00 -3.219681e-02) (-1.507305e-04 2.797626e-02 1.581340e-03)) ((1.899913e-01 -6.237655e-04 -6.255108e-02) (-4.152111e-05 -2.316178e-05 3.040182e-04))
6.5           	((5.872163e-03 -4.825427e+00 -2.793931e-02) (-1.441610e-04 2.681661e-02 1.552410e-03)) ((2.077182e-01 -7.894338e-04 -6.598412e-02) (-2.967242e-05 -2.201080e-05 3.000719e-04))
6.51          	((5.260848e-03 -5.337662e+00 -2.523331e-02) (-1.383800e-04 2.561475e-02 1.523751e-03)) ((2.249289e-01 -8.534775e-04 -6.924267e-02) (-1.803269e-05 -2.073007e-05 2.954014e-04))
6.52          	((4.812157e-03 -5.837605e+00 -2.272883e-02) (-1.330612e-04 2.437267e-02 1.494698e-03)) ((2.415881e-01 -1.017803e-03 -7.232846e-02) (-6.559881e-06 -1.954427e-05 2.902650e-04))
6.53          	((4.915337e-03 -6.325712e+00 -1.958961e-02) (-1.279545e-04 2.309192e-02 1.465306e-03)) ((2.577871e-01 -1.058837e-03 -7.537024e-02) (4.712721e-06 -1.849066e-05 2.844072e-04))
6.54          	((4.335522e-03 -6.801230e+00 -1.665326e-02) (-1.225555e-04 2.177459e-02 1.435964e-03)) ((2.734270e-01 -1.233758e-03 -7.844111e-02) (1.582385e-05 -1.749143e-05 2.779908e-04))
6.55          	((4.056696e-03 -7.263151e+00 -1.389760e-02) (-1.174273e-04 2.042290e-02 1.406205e-03)) ((2.885229e-01 -1.430096e-03 -8.138785e-02) (2.680007e-05 -1.639838e-05 2.711396e-04))
6.56          	((3.585674e-03 -7.710493e+00 -9.951641e-03) (-1.129251e-04 1.903887e-02 1.376184e-03)) ((3.032430e-01 -1.555241e-03 -8.419079e-02) (3.767693e-05 -1.531503e-05 2.638664e-04))
6.57          	((2.840605e-03 -8.142066e+00 -6.256882e-03) (-1.093541e-04 1.762486e-02 1.346287e-03)) ((3.172676e-01 -1.662506e-03 -8.681832e-02) (4.862934e-05 -1.417795e-05 2.562496e-04))
6.58          	((2.372527e-03 -8.556740e+00 -5.063547e-03) (-1.060954e-04 1.618406e-02 1.316618e-03)) ((3.304965e-01 -1.770646e-03 -8.941000e-02) (5.961073e-05 -1.304505e-05 2.483244e-04))
6.59          	((2.368062e-03 -8.954439e+00 -2.991809e-03) (-1.025402e-04 1.471965e-02 1.286495e-03)) ((3.431898e-01 -1.834263e-03 -9.205022e-02) (7.065579e-05 -1.185731e-05 2.399375e-04))
6.6           	((2.030725e-03 -9.333909e+00 -3.061049e-04) (-9.865298e-05 1.323383e-02 1.256618e-03)) ((3.552238e-01 -1.935841e-03 -9.453143e-02) (8.168523e-05 -1.072195e-05 2.313613e-04))
6.61          	((1.608601e-03 -9.693684e+00 3.227319e-03) (-9.345963e-05 1.172779e-02 1.227936e-03)) ((3.664839e-01 -1.991123e-03 -9.658314e-02) (9.273929e-05 -9.600504e-06 2.226442e-04))
6.62          	((1.483777e-03 -1.003189e+01 6.740552e-03) (-8.876687e-05 1.020381e-02 1.199421e-03)) ((3.769734e-01 -2.096576e-03 -9.868765e-02) (1.038620e-04 -8.621524e-06 2.135584e-04))
6.63          	((1.025640e-03 -1.035031e+01 9.499098e-03) (-8.466322e-05 8.663969e-03 1.171319e-03)) ((3.869242e-01 -2.044011e-03 -1.006236e-01) (1.151425e-04 -7.555558e-06 2.042037e-04))
6.64          	((-1.583983e-04 -1.064976e+01 1.292301e-02) (-8.055332e-05 7.111799e-03 1.145033e-03)) ((3.961435e-01 -2.133765e-03 -1.023689e-01) (1.264012e-04 -6.407470e-06 1.945120e-04))
6.65          	((3.879654e-04 -1.092736e+01 1.565426e-02) (-7.708112e-05 5.548145e-03 1.120100e-03)) ((4.046580e-01 -2.022060e-03 -1.039420e-01) (1.377778e-04 -5.322978e-06 1.846121e-04))
6.66          	((1.200877e-03 -1.118189e+01 1.814926e-02) (-7.397193e-05 3.975651e-03 1.096575e-03)) ((4.125010e-01 -1.935750e-03 -1.055100e-01) (1.492864e-04 -4.282779e-06 1.743776e-04))
6.67          	((5.577577e-04 -1.141387e+01 2.059181e-02) (-7.068931e-05 2.395337e-03 1.073629e-03)) ((4.193370e-01 -2.007822e-03 -1.067272e-01) (1.608860e-04 -3.103166e-06 1.640369e-04))
6.68          	((1.034614e-03 -1.162225e+01 1.992516e-02) (-6.893192e-05 8.112439e-04 1.052919e-03)) ((4.253435e-01 -1.962986e-03 -1.076055e-01) (1.725892e-04 -1.939804e-06 1.538413e-04))
6.69          	((1.820680e-03 -1.180826e+01 1.211606e-02) (-6.850024e-05 -7.740296e-04 1.035589e-03)) ((4.304560e-01 -1.876364e-03 -1.087354e-01) (1.843838e-04 -7.613247e-07 1.436221e-04))
6.7           	((2.245929e-03 -1.197720e+01 1.592546e-02) (-6.842783e-05 -2.359519e-03 1.022278e-03)) ((4.356598e-01 -1.773615e-03 -1.094259e-01) (1.961102e-04 4.025304e-07 1.330968e-04))
6.71          	((2.675942e-03 -1.212885e+01 1.621491e-02) (-6.885329e-05 -3.943303e-03 1.012412e-03)) ((4.406702e-01 -1.576192e-03 -1.096669e-01) (2.079481e-04 1.460872e-06 1.225799e-04))
6.72          	((8.997833e-04 -1.225737e+01 1.097946e-02) (-7.066399e-05 -5.521862e-03 1.005740e-03)) ((4.441309e-01 -1.313496e-03 -1.103522e-01) (2.199355e-04 2.428481e-06 1.122586e-04))
6.73          	((7.558949e-04 -1.236581e+01 1.011871e-02) (-7.244022e-05 -7.091492e-03 1.002189e-03)) ((4.478906e-01 -1.223271e-03 -1.109495e-01) (2.316038e-04 3.393652e-06 1.020782e-04))
6.74          	((1.813587e-03 -1.245948e+01 3.785761e-04) (-7.609082e-05 -8.653744e-03 1.004420e-03)) ((4.507424e-01 -1.238462e-03 -1.105599e-01) (2.428096e-04 4.406404e-06 9.207077e-05))
6.75          	((2.434433e-03 -1.253717e+01 7.569647e-03) (-8.072214e-05 -1.020643e-02 1.007841e-03)) ((4.517594e-01 -8.650443e-04 -1.095217e-01) (2.535057e-04 5.680893e-06 8.222402e-05))
6.76          	((1.061532e-03 -1.260044e+01 8.327772e-02) (-8.676679e-05 -1.174586e-02 1.014536e-03)) ((4.607837e-01 -1.494996e-03 -1.090265e-01) (2.641145e-04 7.175913e-06 7.240477e-05))
6.77          	((1.898863e-03 -1.253795e+01 -4.217174e-02) (-9.345143e-05 -1.326064e-02 1.020284e-03)) ((4.497785e-01 -7.182742e-04 -1.072244e-01) (2.739740e-04 8.818896e-06 6.252957e-05))
6.78          	((2.512192e-03 -1.260279e+01 1.574623e-02) (-1.013742e-04 -1.475787e-02 1.030472e-03)) ((4.524679e-01 -1.234094e-03 -1.065084e-01) (2.834630e-04 1.049869e-05 5.258940e-05))
6.79          	((3.460815e-03 -1.261207e+01 1.218585e-02) (-1.099325e-04 -1.623620e-02 1.043792e-03)) ((4.517949e-01 -1.093897e-03 -1.053586e-01) (2.922989e-04 1.223064e-05 4.281686e-05))
6.8           	((2.386257e-03 -1.259524e+01 9.561920e-03) (-1.192351e-04 -1.769469e-02 1.060011e-03)) ((4.501017e-01 -9.911498e-04 -1.033986e-01) (3.005414e-04 1.394832e-05 3.338023e-05))
6.81          	((1.910201e-03 -1.255319e+01 8.168546e-03) (-1.282599e-04 -1.913184e-02 1.079118e-03)) ((4.477572e-01 -9.646136e-04 -1.012635e-01) (3.081899e-04 1.578027e-05 2.401698e-05))
6.82          	((1.933540e-03 -1.249445e+01 6.220900e-03) (-1.379000e-04 -2.054553e-02 1.101168e-03)) ((4.445194e-01 -8.481649e-04 -9.886145e-02) (3.154340e-04 1.773958e-05 1.448402e-05))
6.83          	((2.324096e-03 -1.241891e+01 4.378943e-03) (-1.468523e-04 -2.193145e-02 1.126067e-03)) ((4.406114e-01 -7.460248e-04 -9.648865e-02) (3.220952e-04 1.960017e-05 4.913759e-06))
6.84          	((1.579741e-03 -1.232286e+01 1.010552e-03) (-1.563155e-04 -2.328512e-02 1.153599e-03)) ((4.356492e-01 -7.062530e-04 -9.383613e-02) (3.280961e-04 2.137317e-05 -4.647418e-06))
6.85          	((1.911604e-03 -1.221025e+01 -5.339014e-03) (-1.657914e-04 -2.460435e-02 1.183269e-03)) ((4.302877e-01 -7.595855e-04 -9.099544e-02) (3.333782e-04 2.314645e-05 -1.431256e-05))
6.86          	((2.649177e-03 -1.207876e+01 -9.873784e-03) (-1.763017e-04 -2.588538e-02 1.215497e-03)) ((4.241482e-01 -7.981514e-04 -8.790299e-02) (3.377229e-04 2.478916e-05 -2.418334e-05))
6.87          	((3.192949e-03 -1.192792e+01 -1.431281e-02) (-1.855201e-04 -2.712387e-02 1.249233e-03)) ((4.172762e-01 -7.174121e-04 -8.470517e-02) (3.411355e-04 2.640240e-05 -3.429089e-05))
6.88          	((3.470641e-03 -1.175854e+01 -1.843046e-02) (-1.958236e-04 -2.831666e-02 1.283373e-03)) ((4.097695e-01 -7.967359e-04 -8.125237e-02) (3.436643e-04 2.784236e-05 -4.468537e-05))
6.89          	((3.791232e-03 -1.157129e+01 -2.087120e-02) (-2.054515e-04 -2.946039e-02 1.317746e-03)) ((4.016545e-01 -8.283146e-04 -7.779786e-02) (3.455173e-04 2.915868e-05 -5.531351e-05))
6.9           	((4.712055e-03 -1.136559e+01 -2.553252e-02) (-2.154341e-04 -3.055198e-02 1.351263e-03)) ((3.926951e-01 -8.151552e-04 -7.412342e-02) (3.465303e-04 3.018908e-05 -6.605898e-05))
6.91          	((5.469321e-03 -1.114067e+01 -2.920172e-02) (-2.237675e-04 -3.158866e-02 1.383561e-03)) ((3.831589e-01 -7.304855e-04 -7.033132e-02) (3.466496e-04 3.090744e-05 -7.692753e-05))
6.92          	((6.256721e-03 -1.089570e+01 -3.259782e-02) (-2.312830e-04 -3.256762e-02 1.415219e-03)) ((3.729352e-01 -7.508489e-04 -6.644249e-02) (3.458937e-04 3.136690e-05 -8.791929e-05))
6.93          	((7.196037e-03 -1.063240e+01 -3.393553e-02) (-2.406131e-04 -3.348643e-02 1.445917e-03)) ((3.619935e-01 -8.554162e-04 -6.241284e-02) (3.442202e-04 3.148965e-05 -9.927524e-05))
6.94          	((7.587571e-03 -1.034949e+01 -3.552243e-02) (-2.494590e-04 -3.434071e-02 1.476110e-03)) ((3.503185e-01 -8.768179e-04 -5.816283e-02) (3.415653e-04 3.139214e-05 -1.106922e-04))
6.95          	((8.196816e-03 -1.004742e+01 -3.790008e-02) (-2.568679e-04 -3.513125e-02 1.505198e-03)) ((3.378462e-01 -8.983718e-04 -5.398386e-02) (3.381248e-04 3.099511e-05 -1.217988e-04))
6.96          	((8.246890e-03 -9.725807e+00 -4.041730e-02) (-2.636107e-04 -3.585550e-02 1.532393e-03)) ((3.247006e-01 -9.207921e-04 -4.965034e-02) (3.339866e-04 3.022426e-05 -1.327558e-04))
6.97          	((8.407891e-03 -9.384297e+00 -4.286256e-02) (-2.703454e-04 -3.651304e-02 1.558279e-03)) ((3.109882e-01 -9.596108e-04 -4.535055e-02) (3.290533e-04 2.926009e-05 -1.438374e-04))
6.98          	((8.989993e-03 -9.024542e+00 -4.639160e-02) (-2.784071e-04 -3.710126e-02 1.580732e-03)) ((2.967932e-01 -1.080454e-03 -4.101118e-02) (3.232588e-04 2.806952e-05 -1.549334e-04))
6.99          	((9.475357e-03 -8.645203e+00 -4.933690e-02) (-2.846211e-04 -3.761937e-02 1.600586e-03)) ((2.818044e-01 -1.092608e-03 -3.662482e-02) (3.167043e-04 2.671411e-05 -1.660153e-04))
7             	((9.860123e-03 -8.248047e+00 -5.096671e-02) (-2.894101e-04 -3.806757e-02 1.616797e-03)) ((2.662894e-01 -1.238327e-03 -3.234687e-02) (3.093039e-04 2.523886e-05 -1.766132e-04))
7.01          	((1.018472e-02 -7.834212e+00 -5.234335e-02) (-2.940710e-04 -3.844556e-02 1.629412e-03)) ((2.501870e-01 -1.389968e-03 -2.798978e-02) (3.011023e-04 2.377232e-05 -1.870496e-04))
7.02          	((1.026714e-02 -7.403669e+00 -5.471112e-02) (-2.974790e-04 -3.875221e-02 1.638007e-03)) ((2.335260e-01 -1.441681e-03 -2.369329e-02) (2.920056e-04 2.211223e-05 -1.974085e-04))
7.03          	((1.005538e-02 -6.957407e+00 -5.736735e-02) (-3.005903e-04 -3.898561e-02 1.642836e-03)) ((2.164659e-01 -1.471318e-03 -1.938961e-02) (2.823702e-04 2.042997e-05 -2.074194e-04))
7.04          	((9.565372e-03 -6.494502e+00 -6.020303e-02) (-3.022189e-04 -3.914532e-02 1.644978e-03)) ((1.990141e-01 -1.554335e-03 -1.514935e-02) (2.721111e-04 1.880723e-05 -2.170037e-04))
7.05          	((8.829492e-03 -6.018058e+00 -6.224461e-02) (-3.031183e-04 -3.923304e-02 1.644666e-03)) ((1.811622e-01 -1.560536e-03 -1.090720e-02) (2.613206e-04 1.708771e-05 -2.260139e-04))
7.06          	((8.265671e-03 -5.526419e+00 -6.474510e-02) (-3.037058e-04 -3.924685e-02 1.642854e-03)) ((1.627237e-01 -1.569311e-03 -6.717893e-03) (2.499112e-04 1.540730e-05 -2.345554e-04))
7.07          	((7.844489e-03 -5.022465e+00 -6.607271e-02) (-3.026138e-04 -3.918907e-02 1.638455e-03)) ((1.437240e-01 -1.629517e-03 -2.558025e-03) (2.381052e-04 1.367142e-05 -2.422375e-04))
7.08          	((7.355949e-03 -4.507730e+00 -6.606580e-02) (-3.006142e-04 -3.905909e-02 1.631828e-03)) ((1.244408e-01 -1.656718e-03 1.523111e-03) (2.258765e-04 1.207712e-05 -2.496778e-04))
7.09          	((6.777505e-03 -3.983162e+00 -6.558508e-02) (-2.981958e-04 -3.885641e-02 1.623867e-03)) ((1.047393e-01 -1.711894e-03 5.593939e-03) (2.132760e-04 1.065589e-05 -2.566975e-04))
7.1           	((5.917033e-03 -3.449907e+00 -6.373397e-02) (-2.948142e-04 -3.858251e-02 1.613937e-03)) ((8.488979e-02 -1.681668e-03 9.656709e-03) (2.003505e-04 9.412861e-06 -2.630169e-04))
7.11          	((4.918460e-03 -2.908201e+00 -6.196893e-02) (-2.905901e-04 -3.823908e-02 1.602606e-03)) ((6.488106e-02 -1.672360e-03 1.363299e-02) (1.871596e-04 8.311088e-06 -2.689014e-04))
7.12          	((3.889373e-03 -2.360615e+00 -6.073878e-02) (-2.850297e-04 -3.782696e-02 1.590001e-03)) ((4.474967e-02 -1.545007e-03 1.765697e-02) (1.738473e-04 7.270919e-06 -2.738978e-04))
7.13          	((2.983407e-03 -1.807547e+00 -5.892506e-02) (-2.790915e-04 -3.734782e-02 1.576841e-03)) ((2.465301e-02 -1.416850e-03 2.160888e-02) (1.604693e-04 6.444443e-06 -2.781730e-04))
7.14          	((2.048294e-03 -1.248805e+00 -5.707990e-02) (-2.730483e-04 -3.680293e-02 1.564603e-03)) ((4.432002e-03 -1.335003e-03 2.544583e-02) (1.469375e-04 5.673760e-06 -2.816964e-04))
7.15          	((1.222334e-03 -6.872222e-01 -5.540467e-02) (-2.662687e-04 -3.619275e-02 1.550997e-03)) ((-1.571342e-02 -1.341447e-03 2.929980e-02) (1.334278e-04 5.059697e-06 -2.846281e-04))
7.16          	((4.705697e-04 -1.239873e-01 -5.437970e-02) (-2.593132e-04 -3.551841e-02 1.537554e-03)) ((-3.583531e-02 -1.248485e-03 3.308070e-02) (1.199435e-04 4.724156e-06 -2.867898e-04))
7.17          	((-1.708069e-04 4.397846e-01 -5.214232e-02) (-2.503944e-04 -3.478189e-02 1.523773e-03)) ((-5.587040e-02 -1.190803e-03 3.682140e-02) (1.065671e-04 4.417722e-06 -2.882570e-04))
7.18          	((-8.408981e-04 1.002842e+00 -4.780874e-02) (-2.416926e-04 -3.398473e-02 1.509809e-03)) ((-7.571219e-02 -1.164504e-03 4.058781e-02) (9.336360e-05 4.203923e-06 -2.889132e-04))
7.19          	((-1.726572e-03 1.566008e+00 -4.386259e-02) (-2.318430e-04 -3.312936e-02 1.494741e-03)) ((-9.554138e-02 -1.119589e-03 4.443178e-02) (8.032967e-05 3.988215e-06 -2.891032e-04))
7.2           	((-2.054361e-03 2.124724e+00 -4.172643e-02) (-2.213511e-04 -3.221686e-02 1.478763e-03)) ((-1.150447e-01 -1.094574e-03 4.822415e-02) (6.756215e-05 3.857692e-06 -2.885016e-04))
7.21          	((-2.807496e-03 2.677770e+00 -3.851948e-02) (-2.113033e-04 -3.124987e-02 1.461742e-03)) ((-1.343024e-01 -1.022568e-03 5.185828e-02) (5.495804e-05 3.734901e-06 -2.870966e-04))
7.22          	((-3.793020e-03 3.222302e+00 -3.621724e-02) (-2.005963e-04 -3.023111e-02 1.444524e-03)) ((-1.529687e-01 -9.524164e-04 5.527981e-02) (4.257714e-05 3.769254e-06 -2.850911e-04))
7.23          	((-3.927508e-03 3.759971e+00 -3.498493e-02) (-1.903304e-04 -2.916283e-02 1.427438e-03)) ((-1.714406e-01 -8.242729e-04 5.868615e-02) (3.046910e-05 3.870795e-06 -2.823934e-04))
7.24          	((-3.895965e-03 4.290304e+00 -3.419139e-02) (-1.804026e-04 -2.804795e-02 1.410361e-03)) ((-1.894498e-01 -6.930924e-04 6.207966e-02) (1.868775e-05 4.014565e-06 -2.788937e-04))
7.25          	((-3.803645e-03 4.812758e+00 -3.228713e-02) (-1.710893e-04 -2.688808e-02 1.393071e-03)) ((-2.071066e-01 -6.474018e-04 6.553325e-02) (7.123981e-06 4.256254e-06 -2.746495e-04))
7.26          	((-4.019250e-03 5.324380e+00 -3.021230e-02) (-1.619178e-04 -2.568563e-02 1.376355e-03)) ((-2.244134e-01 -6.574270e-04 6.880062e-02) (-4.208467e-06 4.563925e-06 -2.698064e-04))
7.27          	((-3.982272e-03 5.826134e+00 -2.690138e-02) (-1.531256e-04 -2.444307e-02 1.359708e-03)) ((-2.413236e-01 -6.499572e-04 7.211701e-02) (-1.532911e-05 4.957501e-06 -2.643589e-04))
7.28          	((-4.114099e-03 6.315287e+00 -2.448045e-02) (-1.454686e-04 -2.316325e-02 1.343108e-03)) ((-2.575790e-01 -6.118973e-04 7.521713e-02) (-2.632766e-05 5.381950e-06 -2.584089e-04))
7.29          	((-4.489876e-03 6.792558e+00 -2.274635e-02) (-1.388437e-04 -2.184661e-02 1.325750e-03)) ((-2.732590e-01 -5.163746e-04 7.816277e-02) (-3.713299e-05 5.883297e-06 -2.517873e-04))
7.3           	((-4.617471e-03 7.253363e+00 -2.094184e-02) (-1.332074e-04 -2.049609e-02 1.308634e-03)) ((-2.882722e-01 -4.514461e-04 8.104766e-02) (-4.782759e-05 6.477088e-06 -2.446601e-04))
7.31          	((-4.569440e-03 7.701458e+00 -1.900164e-02) (-1.287227e-04 -1.911537e-02 1.292147e-03)) ((-3.028554e-01 -4.683358e-04 8.386014e-02) (-5.848134e-05 7.015958e-06 -2.371573e-04))
7.32          	((-4.808366e-03 8.134146e+00 -1.753380e-02) (-1.251698e-04 -1.770588e-02 1.276118e-03)) ((-3.168344e-01 -4.626226e-04 8.670078e-02) (-6.915500e-05 7.531829e-06 -2.292774e-04))
7.33          	((-4.529552e-03 8.549438e+00 -1.680220e-02) (-1.222719e-04 -1.627017e-02 1.260236e-03)) ((-3.301806e-01 -3.654738e-04 8.930486e-02) (-7.989726e-05 8.082148e-06 -2.211048e-04))
7.34          	((-4.243609e-03 8.946843e+00 -1.581834e-02) (-1.213901e-04 -1.480962e-02 1.243866e-03)) ((-3.428164e-01 -2.683173e-04 9.190228e-02) (-9.071589e-05 8.642697e-06 -2.126523e-04))
7.35          	((-3.913146e-03 9.324807e+00 -1.313840e-02) (-1.209057e-04 -1.332645e-02 1.228354e-03)) ((-3.548318e-01 -1.832129e-04 9.448911e-02) (-1.016051e-04 9.056702e-06 -2.038548e-04))
7.36          	((-4.023259e-03 9.683975e+00 -1.086882e-02) (-1.208105e-04 -1.182378e-02 1.212957e-03)) ((-3.662125e-01 -1.748263e-04 9.663233e-02) (-1.125081e-04 9.407472e-06 -1.947677e-04))
7.37          	((-3.913292e-03 1.002409e+01 -9.292855e-03) (-1.224886e-04 -1.030387e-02 1.198255e-03)) ((-3.767556e-01 -2.005226e-04 9.867586e-02) (-1.233873e-04 9.804652e-06 -1.853959e-04))
7.38          	((-3.367251e-03 1.034535e+01 -8.564390e-03) (-1.240555e-04 -8.767731e-03 1.185059e-03)) ((-3.868963e-01 -6.114654e-05 1.005160e-01) (-1.342346e-04 1.011623e-05 -1.758857e-04))
7.39          	((-3.238984e-03 1.064430e+01 -7.336018e-03) (-1.265672e-04 -7.218249e-03 1.173958e-03)) ((-3.961658e-01 -3.334728e-05 1.021317e-01) (-1.450954e-04 1.052402e-05 -1.661117e-04))
7.4           	((-3.957493e-03 1.092070e+01 -4.940962e-03) (-1.289126e-04 -5.657560e-03 1.164793e-03)) ((-4.046792e-01 1.115410e-05 1.041168e-01) (-1.561046e-04 1.091414e-05 -1.562927e-04))
7.41          	((-2.684647e-03 1.117807e+01 -2.944420e-03) (-1.301626e-04 -4.088565e-03 1.157600e-03)) ((-4.125215e-01 1.272014e-04 1.056361e-01) (-1.673052e-04 1.127406e-05 -1.465436e-04))
7.42          	((-3.127588e-03 1.141195e+01 -4.108338e-04) (-1.307795e-04 -2.512460e-03 1.151642e-03)) ((-4.199609e-01 2.904842e-04 1.069510e-01) (-1.785197e-04 1.147396e-05 -1.367355e-04))
7.43          	((-2.873519e-03 1.162201e+01 -2.884337e-03) (-1.327740e-04 -9.321399e-04 1.147928e-03)) ((-4.260079e-01 4.226674e-04 1.081034e-01) (-1.898355e-04 1.159471e-05 -1.268198e-04))
7.44          	((-8.242364e-04 1.180576e+01 -9.902152e-03) (-1.359939e-04 6.493264e-04 1.148093e-03)) ((-4.312008e-01 6.076784e-04 1.090244e-01) (-2.013628e-04 1.170337e-05 -1.166158e-04))
7.45          	((-1.141267e-03 1.197359e+01 -7.548054e-03) (-1.400729e-04 2.228896e-03 1.150619e-03)) ((-4.360922e-01 5.753678e-04 1.098555e-01) (-2.128775e-04 1.173062e-05 -1.062784e-04))
7.46          	((-2.570081e-04 1.212504e+01 -8.055142e-03) (-1.437489e-04 3.805522e-03 1.156218e-03)) ((-4.408867e-01 7.635954e-04 1.103910e-01) (-2.244171e-04 1.162550e-05 -9.572107e-05))
7.47          	((-3.698097e-04 1.225416e+01 -1.313648e-02) (-1.490274e-04 5.377182e-03 1.164688e-03)) ((-4.446628e-01 1.243008e-03 1.113763e-01) (-2.360998e-04 1.156277e-05 -8.533245e-05))
7.48          	((-2.011746e-03 1.236267e+01 -1.944105e-02) (-1.548899e-04 6.941867e-03 1.176774e-03)) ((-4.482615e-01 1.503830e-03 1.116625e-01) (-2.476407e-04 1.139948e-05 -7.526913e-05))
7.49          	((-1.744886e-03 1.245454e+01 -2.762082e-02) (-1.614905e-04 8.498288e-03 1.192829e-03)) ((-4.504853e-01 1.533329e-03 1.113354e-01) (-2.586964e-04 1.129939e-05 -6.544798e-05))
7.5           	((-2.096856e-04 1.253574e+01 -2.316009e-02) (-1.693775e-04 1.004527e-02 1.211971e-03)) ((-4.521365e-01 1.938332e-03 1.102559e-01) (-2.692486e-04 1.119035e-05 -5.580083e-05))
