# Forces      
# CofR        : (0.000000e+00 0.000000e+00 0.000000e+00)
# Time        forces(pressure viscous)	moments(pressure viscous)
0             	((0.000000e+00 0.000000e+00 0.000000e+00) (0.000000e+00 0.000000e+00 0.000000e+00)) ((0.000000e+00 0.000000e+00 0.000000e+00) (0.000000e+00 0.000000e+00 0.000000e+00))
0.00666667    	((2.742188e-03 3.707011e+01 -4.075799e-02) (-2.269437e-06 3.276385e-03 1.805402e-05)) ((-1.344413e+00 4.390481e-03 3.345205e-01) (-3.396600e-05 -1.056896e-06 2.394782e-05))
0.0133333     	((3.058369e-03 3.669074e+01 -4.123918e-02) (-4.975578e-06 6.542427e-03 3.660989e-05)) ((-1.331338e+00 4.611999e-03 3.311936e-01) (-6.934720e-05 -2.164095e-06 4.793578e-05))
0.02          	((4.150632e-03 3.690990e+01 -4.573440e-02) (-8.421186e-06 9.806261e-03 5.592431e-05)) ((-1.337420e+00 4.666134e-03 3.312893e-01) (-1.054067e-04 -3.253953e-06 7.169561e-05))
0.0266667     	((4.636263e-03 3.665191e+01 -4.533170e-02) (-1.261040e-05 1.304769e-02 7.639098e-05)) ((-1.326100e+00 4.711457e-03 3.285175e-01) (-1.413092e-04 -4.324278e-06 9.528353e-05))
0.0333333     	((5.132288e-03 3.638995e+01 -4.686640e-02) (-1.766151e-05 1.626219e-02 9.886286e-05)) ((-1.314549e+00 4.864844e-03 3.250199e-01) (-1.767998e-04 -5.405828e-06 1.186470e-04))
0.04          	((6.261201e-03 3.611858e+01 -4.953499e-02) (-2.350420e-05 1.945006e-02 1.241773e-04)) ((-1.302766e+00 5.002842e-03 3.209780e-01) (-2.118365e-04 -6.521236e-06 1.417801e-04))
0.0466667     	((7.209593e-03 3.582449e+01 -5.319613e-02) (-3.004567e-05 2.261258e-02 1.526210e-04)) ((-1.290135e+00 5.150768e-03 3.162306e-01) (-2.463420e-04 -7.619312e-06 1.646921e-04))
0.0533333     	((8.122390e-03 3.548885e+01 -5.796105e-02) (-3.756628e-05 2.574955e-02 1.843663e-04)) ((-1.275757e+00 5.381229e-03 3.106799e-01) (-2.801978e-04 -8.689744e-06 1.874839e-04))
0.06          	((9.571048e-03 3.510846e+01 -6.304441e-02) (-4.570722e-05 2.886042e-02 2.199424e-04)) ((-1.259493e+00 5.522441e-03 3.043860e-01) (-3.131504e-04 -9.816848e-06 2.102790e-04))
0.0666667     	((1.106573e-02 3.468471e+01 -6.830940e-02) (-5.484830e-05 3.194299e-02 2.592220e-04)) ((-1.241391e+00 5.673332e-03 2.972896e-01) (-3.450746e-04 -1.092687e-05 2.331702e-04))
0.0733333     	((1.263919e-02 3.421855e+01 -7.494926e-02) (-6.462895e-05 3.499336e-02 3.021788e-04)) ((-1.221389e+00 5.812864e-03 2.894714e-01) (-3.757466e-04 -1.209947e-05 2.561587e-04))
0.08          	((1.436641e-02 3.371125e+01 -8.273258e-02) (-7.537214e-05 3.800726e-02 3.496632e-04)) ((-1.199518e+00 6.003474e-03 2.808445e-01) (-4.050940e-04 -1.324495e-05 2.793924e-04))
0.0866667     	((1.627886e-02 3.316328e+01 -9.057195e-02) (-8.725753e-05 4.097819e-02 4.005189e-04)) ((-1.175731e+00 6.166925e-03 2.714939e-01) (-4.329923e-04 -1.443195e-05 3.031727e-04))
0.0933333     	((1.807029e-02 3.257317e+01 -9.949448e-02) (-1.013095e-04 4.389978e-02 4.546784e-04)) ((-1.150070e+00 6.214343e-03 2.615396e-01) (-4.593239e-04 -1.560478e-05 3.275269e-04))
0.1           	((1.958700e-02 3.194077e+01 -1.097298e-01) (-1.136381e-04 4.676414e-02 5.131806e-04)) ((-1.122466e+00 6.335039e-03 2.510642e-01) (-4.838892e-04 -1.668727e-05 3.524878e-04))
0.106667      	((2.110316e-02 3.126335e+01 -1.203693e-01) (-1.246927e-04 4.956049e-02 5.738705e-04)) ((-1.092833e+00 6.371137e-03 2.400010e-01) (-5.065421e-04 -1.764827e-05 3.777527e-04))
0.113333      	((2.266222e-02 3.054004e+01 -1.305566e-01) (-1.354739e-04 5.228115e-02 6.372932e-04)) ((-1.061373e+00 6.395276e-03 2.285372e-01) (-5.272897e-04 -1.871305e-05 4.038028e-04))
0.12          	((2.298958e-02 2.976858e+01 -1.399549e-01) (-1.454104e-04 5.491629e-02 7.011237e-04)) ((-1.027974e+00 6.385453e-03 2.165168e-01) (-5.462397e-04 -1.984806e-05 4.303647e-04))
0.126667      	((2.390513e-02 2.894825e+01 -1.491933e-01) (-1.547348e-04 5.745493e-02 7.642168e-04)) ((-9.924295e-01 6.331054e-03 2.041230e-01) (-5.631251e-04 -2.107376e-05 4.575726e-04))
0.133333      	((2.583726e-02 2.807580e+01 -1.564723e-01) (-1.638858e-04 5.988693e-02 8.257807e-04)) ((-9.550684e-01 6.012123e-03 1.914281e-01) (-5.778145e-04 -2.224263e-05 4.855148e-04))
0.14          	((2.639667e-02 2.715037e+01 -1.628122e-01) (-1.717123e-04 6.220409e-02 8.863989e-04)) ((-9.157152e-01 5.916231e-03 1.785488e-01) (-5.907958e-04 -2.335201e-05 5.136827e-04))
0.146667      	((2.662841e-02 2.617369e+01 -1.683891e-01) (-1.788142e-04 6.439519e-02 9.442407e-04)) ((-8.745538e-01 5.564028e-03 1.653612e-01) (-6.020817e-04 -2.456500e-05 5.421161e-04))
0.153333      	((2.841579e-02 2.514723e+01 -1.742032e-01) (-1.842861e-04 6.645471e-02 9.998989e-04)) ((-8.315145e-01 5.460707e-03 1.520524e-01) (-6.119358e-04 -2.575266e-05 5.705831e-04))
0.16          	((2.993979e-02 2.407235e+01 -1.798912e-01) (-1.885500e-04 6.837549e-02 1.052194e-03)) ((-7.869743e-01 5.327793e-03 1.386538e-01) (-6.203298e-04 -2.700733e-05 5.992796e-04))
0.166667      	((3.018488e-02 2.294611e+01 -1.853362e-01) (-1.919190e-04 7.015202e-02 1.101652e-03)) ((-7.405297e-01 5.217028e-03 1.252268e-01) (-6.276311e-04 -2.854143e-05 6.281504e-04))
0.173333      	((3.158367e-02 2.176981e+01 -1.932146e-01) (-1.948781e-04 7.177834e-02 1.146636e-03)) ((-6.927881e-01 5.123434e-03 1.117386e-01) (-6.337419e-04 -3.016073e-05 6.568346e-04))
0.18          	((3.283358e-02 2.054778e+01 -2.002436e-01) (-1.983894e-04 7.325154e-02 1.187098e-03)) ((-6.437143e-01 4.726253e-03 9.788004e-02) (-6.385517e-04 -3.163465e-05 6.853123e-04))
0.186667      	((3.441182e-02 1.927980e+01 -2.022171e-01) (-1.989353e-04 7.456885e-02 1.224746e-03)) ((-5.933789e-01 4.650270e-03 8.462190e-02) (-6.415672e-04 -3.345517e-05 7.132497e-04))
0.193333      	((3.499611e-02 1.797051e+01 -2.056337e-01) (-1.987889e-04 7.572070e-02 1.258765e-03)) ((-5.418346e-01 4.568629e-03 7.087082e-02) (-6.435061e-04 -3.527260e-05 7.404069e-04))
0.2           	((3.545620e-02 1.662554e+01 -2.093033e-01) (-1.966994e-04 7.669864e-02 1.287364e-03)) ((-4.893556e-01 4.183565e-03 5.617294e-02) (-6.442776e-04 -3.698137e-05 7.663699e-04))
0.206667      	((3.768661e-02 1.523791e+01 -2.081939e-01) (-1.959758e-04 7.749818e-02 1.311962e-03)) ((-4.350252e-01 4.083472e-03 4.163696e-02) (-6.441828e-04 -3.867833e-05 7.914596e-04))
0.213333      	((3.818820e-02 1.382330e+01 -2.146866e-01) (-1.948123e-04 7.811886e-02 1.333847e-03)) ((-3.813860e-01 3.484569e-03 2.770665e-02) (-6.425749e-04 -4.013834e-05 8.145648e-04))
0.22          	((3.819541e-02 1.237965e+01 -2.208147e-01) (-1.925253e-04 7.855300e-02 1.351133e-03)) ((-3.275804e-01 2.913098e-03 1.356846e-02) (-6.391841e-04 -4.141109e-05 8.356809e-04))
0.226667      	((3.801630e-02 1.090782e+01 -2.260597e-01) (-1.891575e-04 7.879575e-02 1.365898e-03)) ((-2.726086e-01 2.792658e-03 -2.887604e-04) (-6.341637e-04 -4.265265e-05 8.553393e-04))
0.233333      	((3.692979e-02 9.405768e+00 -2.253526e-01) (-1.886499e-04 7.884457e-02 1.376701e-03)) ((-2.167919e-01 2.444652e-03 -1.366881e-02) (-6.276598e-04 -4.382442e-05 8.727132e-04))
0.24          	((3.659521e-02 7.879621e+00 -2.239961e-01) (-1.855863e-04 7.869781e-02 1.382465e-03)) ((-1.609434e-01 2.142363e-03 -2.725957e-02) (-6.191294e-04 -4.479545e-05 8.877132e-04))
0.246667      	((3.611921e-02 6.327101e+00 -2.229332e-01) (-1.827251e-04 7.835391e-02 1.384274e-03)) ((-1.047532e-01 1.903781e-03 -4.101660e-02) (-6.087337e-04 -4.543555e-05 9.006677e-04))
0.253333      	((3.530057e-02 4.752824e+00 -2.182041e-01) (-1.772274e-04 7.781315e-02 1.384365e-03)) ((-4.776218e-02 1.643578e-03 -5.456790e-02) (-5.963439e-04 -4.605133e-05 9.112944e-04))
0.26          	((3.511434e-02 3.164284e+00 -2.136591e-01) (-1.708807e-04 7.707730e-02 1.382020e-03)) ((9.213033e-03 1.514040e-03 -6.769211e-02) (-5.817843e-04 -4.669062e-05 9.189344e-04))
0.266667      	((3.492898e-02 1.557001e+00 -2.090063e-01) (-1.644319e-04 7.614778e-02 1.377316e-03)) ((6.634515e-02 1.232160e-03 -8.066309e-02) (-5.648593e-04 -4.698589e-05 9.245194e-04))
0.273333      	((3.353149e-02 -6.069229e-02 -2.070277e-01) (-1.582298e-04 7.503020e-02 1.369575e-03)) ((1.233778e-01 7.913011e-04 -9.300885e-02) (-5.460234e-04 -4.717744e-05 9.276565e-04))
0.28          	((3.208209e-02 -1.679643e+00 -2.020501e-01) (-1.514406e-04 7.372625e-02 1.357200e-03)) ((1.805881e-01 2.799077e-04 -1.054234e-01) (-5.252579e-04 -4.720942e-05 9.283624e-04))
0.286667      	((3.182359e-02 -3.306646e+00 -1.958707e-01) (-1.434543e-04 7.224068e-02 1.341944e-03)) ((2.375138e-01 -2.657335e-04 -1.175980e-01) (-5.030691e-04 -4.709268e-05 9.265660e-04))
0.293333      	((3.063474e-02 -4.934002e+00 -1.889979e-01) (-1.362004e-04 7.057953e-02 1.323007e-03)) ((2.939934e-01 -4.607910e-04 -1.297519e-01) (-4.796158e-04 -4.703633e-05 9.221911e-04))
0.3           	((2.774768e-02 -6.551959e+00 -1.841462e-01) (-1.277149e-04 6.875099e-02 1.298538e-03)) ((3.493543e-01 -9.606868e-04 -1.410736e-01) (-4.548220e-04 -4.678227e-05 9.156864e-04))
0.306667      	((2.668453e-02 -8.164031e+00 -1.762491e-01) (-1.172081e-04 6.675948e-02 1.269689e-03)) ((4.045008e-01 -1.352752e-03 -1.521678e-01) (-4.287464e-04 -4.633194e-05 9.066952e-04))
0.313333      	((2.615783e-02 -9.764834e+00 -1.713919e-01) (-1.059940e-04 6.461262e-02 1.237162e-03)) ((4.590450e-01 -1.589213e-03 -1.635358e-01) (-4.013861e-04 -4.615258e-05 8.957482e-04))
0.32          	((2.597122e-02 -1.135533e+01 -1.608238e-01) (-9.666281e-05 6.232131e-02 1.201203e-03)) ((5.131547e-01 -1.897361e-03 -1.744414e-01) (-3.732635e-04 -4.574507e-05 8.817859e-04))
0.326667      	((2.530096e-02 -1.292869e+01 -1.467125e-01) (-8.716612e-05 5.988897e-02 1.163244e-03)) ((5.663449e-01 -2.349997e-03 -1.850963e-01) (-3.441041e-04 -4.532411e-05 8.658933e-04))
0.333333      	((2.548192e-02 -1.447886e+01 -1.418900e-01) (-7.632821e-05 5.732474e-02 1.123047e-03)) ((6.179747e-01 -2.824522e-03 -1.949954e-01) (-3.143489e-04 -4.481882e-05 8.478060e-04))
0.34          	((2.418138e-02 -1.600096e+01 -1.331150e-01) (-6.654753e-05 5.463729e-02 1.079949e-03)) ((6.685265e-01 -3.570098e-03 -2.044515e-01) (-2.843080e-04 -4.402307e-05 8.278303e-04))
0.346667      	((2.287080e-02 -1.749544e+01 -1.187011e-01) (-5.789165e-05 5.183190e-02 1.034340e-03)) ((7.183414e-01 -3.984725e-03 -2.140822e-01) (-2.536022e-04 -4.300844e-05 8.060687e-04))
0.353333      	((2.150963e-02 -1.895787e+01 -1.013804e-01) (-4.984344e-05 4.891678e-02 9.859993e-04)) ((7.673605e-01 -4.423523e-03 -2.237894e-01) (-2.226035e-04 -4.186037e-05 7.825448e-04))
0.36          	((2.171548e-02 -2.038157e+01 -9.169247e-02) (-4.217696e-05 4.590093e-02 9.349826e-04)) ((8.144845e-01 -4.631929e-03 -2.327451e-01) (-1.913440e-04 -4.082181e-05 7.580690e-04))
0.366667      	((2.191739e-02 -2.176337e+01 -8.122705e-02) (-3.658084e-05 4.278901e-02 8.826680e-04)) ((8.598326e-01 -5.198965e-03 -2.412388e-01) (-1.595700e-04 -3.963514e-05 7.322606e-04))
0.373333      	((2.080900e-02 -2.310379e+01 -7.325417e-02) (-3.070807e-05 3.958914e-02 8.299189e-04)) ((9.034820e-01 -5.415834e-03 -2.498396e-01) (-1.274613e-04 -3.832581e-05 7.053608e-04))
0.38          	((1.975838e-02 -2.439851e+01 -6.564950e-02) (-2.554312e-05 3.630756e-02 7.774438e-04)) ((9.443861e-01 -5.435055e-03 -2.578748e-01) (-9.486472e-05 -3.686287e-05 6.776478e-04))
0.386667      	((1.995044e-02 -2.564170e+01 -5.920184e-02) (-2.202195e-05 3.295264e-02 7.253478e-04)) ((9.834712e-01 -5.864141e-03 -2.652417e-01) (-6.227261e-05 -3.527288e-05 6.489581e-04))
0.393333      	((1.971539e-02 -2.683782e+01 -4.751322e-02) (-1.877198e-05 2.953011e-02 6.728511e-04)) ((1.022125e+00 -6.249260e-03 -2.722974e-01) (-2.977711e-05 -3.340657e-05 6.192125e-04))
0.4           	((1.739885e-02 -2.797760e+01 -4.432800e-02) (-1.598957e-05 2.604919e-02 6.205932e-04)) ((1.058452e+00 -6.552277e-03 -2.788586e-01) (2.677227e-06 -3.133348e-05 5.888337e-04))
0.406667      	((1.617137e-02 -2.906571e+01 -4.379000e-02) (-1.341854e-05 2.251651e-02 5.695145e-04)) ((1.093150e+00 -6.501227e-03 -2.853282e-01) (3.489387e-05 -2.918176e-05 5.578813e-04))
0.413333      	((1.306258e-02 -3.009984e+01 -4.173236e-02) (-1.146761e-05 1.893830e-02 5.191448e-04)) ((1.126037e+00 -6.522347e-03 -2.915375e-01) (6.668379e-05 -2.696127e-05 5.264463e-04))
0.42          	((9.602970e-03 -3.106711e+01 -3.084038e-02) (-1.064557e-05 1.532069e-02 4.675280e-04)) ((1.155944e+00 -6.463072e-03 -2.972034e-01) (9.822628e-05 -2.475164e-05 4.947470e-04))
0.426667      	((7.357174e-03 -3.197184e+01 -1.680297e-02) (-9.514038e-06 1.166879e-02 4.162275e-04)) ((1.183612e+00 -6.906927e-03 -3.021734e-01) (1.297622e-04 -2.229345e-05 4.626406e-04))
0.433333      	((5.269349e-03 -3.280223e+01 -6.683554e-03) (-9.208681e-06 7.986410e-03 3.655737e-04)) ((1.208890e+00 -6.679197e-03 -3.063564e-01) (1.608747e-04 -1.998742e-05 4.303876e-04))
0.44          	((4.358101e-03 -3.357747e+01 1.677703e-03) (-1.011515e-05 4.278457e-03 3.152201e-04)) ((1.233275e+00 -6.290345e-03 -3.112820e-01) (1.914200e-04 -1.750214e-05 3.981602e-04))
0.446667      	((5.521636e-03 -3.429713e+01 5.134458e-03) (-1.110704e-05 5.562460e-04 2.636409e-04)) ((1.256778e+00 -6.201655e-03 -3.155313e-01) (2.212457e-04 -1.498606e-05 3.658681e-04))
0.453333      	((4.095709e-03 -3.492912e+01 -4.698448e-03) (-1.478636e-05 -3.176045e-03 2.197650e-04)) ((1.274828e+00 -6.345237e-03 -3.187333e-01) (2.502621e-04 -1.244219e-05 3.334932e-04))
0.46          	((1.729341e-03 -3.549600e+01 -1.668656e-02) (-2.199027e-05 -6.914445e-03 1.872085e-04)) ((1.288908e+00 -6.167210e-03 -3.205057e-01) (2.794177e-04 -1.012732e-05 3.020300e-04))
0.466667      	((8.318733e-04 -3.603232e+01 -2.349932e-02) (-3.295349e-05 -1.065014e-02 1.619193e-04)) ((1.303796e+00 -5.529772e-03 -3.220468e-01) (3.082909e-04 -8.161376e-06 2.713242e-04))
0.473333      	((3.467272e-03 -3.652769e+01 -2.869107e-02) (-4.403836e-05 -1.437987e-02 1.455953e-04)) ((1.322415e+00 -4.796359e-03 -3.230253e-01) (3.363703e-04 -6.464156e-06 2.413696e-04))
0.48          	((-6.586358e-05 -3.694068e+01 -4.577868e-02) (-5.494089e-05 -1.810492e-02 1.408421e-04)) ((1.337281e+00 -4.642239e-03 -3.225480e-01) (3.637468e-04 -4.328576e-06 2.123756e-04))
0.486667      	((-5.203806e-03 -3.727994e+01 -2.781650e-02) (-6.950060e-05 -2.181628e-02 1.489828e-04)) ((1.346259e+00 -5.238557e-03 -3.212938e-01) (3.897857e-04 -1.921261e-06 1.842545e-04))
0.493333      	((-3.974699e-03 -3.758063e+01 -2.775655e-02) (-8.803945e-05 -2.551273e-02 1.592090e-04)) ((1.354257e+00 -4.789577e-03 -3.193156e-01) (4.144973e-04 5.126464e-07 1.566614e-04))
0.5           	((9.203384e-04 -3.788991e+01 -1.940367e-02) (-1.068376e-04 -2.918975e-02 1.773307e-04)) ((1.362663e+00 -5.957643e-03 -3.163016e-01) (4.382517e-04 2.962154e-06 1.290491e-04))
0.506667      	((-7.511525e-03 -3.831724e+01 -6.157107e-02) (-1.298135e-04 -3.285251e-02 2.055502e-04)) ((1.394508e+00 -4.266269e-03 -3.151745e-01) (4.620712e-04 5.671011e-06 1.013149e-04))
0.513333      	((2.445169e-03 -3.801012e+01 -1.128682e-01) (-1.547768e-04 -3.646566e-02 2.415585e-04)) ((1.353494e+00 -4.488227e-03 -3.075723e-01) (4.842717e-04 8.375144e-06 7.387506e-05))
0.52          	((-5.210686e-03 -3.832217e+01 -8.196185e-02) (-1.830913e-04 -4.006124e-02 2.865146e-04)) ((1.367737e+00 -4.276669e-03 -3.051786e-01) (5.062305e-04 1.114066e-05 4.700972e-05))
0.526667      	((-2.544029e-03 -3.843253e+01 -1.193122e-01) (-2.114157e-04 -4.363406e-02 3.401146e-04)) ((1.366667e+00 -4.584121e-03 -3.010610e-01) (5.272471e-04 1.355485e-05 2.028485e-05))
0.533333      	((-4.348511e-03 -3.848168e+01 -1.234465e-01) (-2.363384e-04 -4.717775e-02 3.992051e-04)) ((1.363540e+00 -3.884305e-03 -2.947610e-01) (5.476742e-04 1.560053e-05 -6.036959e-06))
0.54          	((-1.009550e-03 -3.845012e+01 -1.378717e-01) (-2.613479e-04 -5.068506e-02 4.633100e-04)) ((1.358155e+00 -4.458581e-03 -2.873527e-01) (5.672022e-04 1.744615e-05 -3.251374e-05))
0.546667      	((1.751945e-04 -3.836272e+01 -1.430539e-01) (-2.873937e-04 -5.414394e-02 5.312192e-04)) ((1.349341e+00 -4.369893e-03 -2.805859e-01) (5.859764e-04 1.885700e-05 -5.830379e-05))
0.553333      	((3.312171e-03 -3.822230e+01 -1.610685e-01) (-3.127286e-04 -5.754341e-02 6.042822e-04)) ((1.338530e+00 -4.521839e-03 -2.727392e-01) (6.036990e-04 2.001260e-05 -8.474253e-05))
0.56          	((7.133758e-03 -3.802529e+01 -1.680017e-01) (-3.362222e-04 -6.087714e-02 6.819404e-04)) ((1.325931e+00 -4.704525e-03 -2.645155e-01) (6.205136e-04 2.099606e-05 -1.120963e-04))
0.566667      	((9.424153e-03 -3.776920e+01 -1.807103e-01) (-3.588229e-04 -6.413557e-02 7.634352e-04)) ((1.310470e+00 -5.268796e-03 -2.556547e-01) (6.364348e-04 2.200345e-05 -1.398718e-04))
0.573333      	((1.269520e-02 -3.746178e+01 -1.914670e-01) (-3.800594e-04 -6.731311e-02 8.468894e-04)) ((1.292841e+00 -5.708237e-03 -2.465991e-01) (6.513344e-04 2.239246e-05 -1.682685e-04))
0.58          	((1.788297e-02 -3.709363e+01 -2.056438e-01) (-4.020235e-04 -7.039868e-02 9.306398e-04)) ((1.273488e+00 -5.868236e-03 -2.364666e-01) (6.652172e-04 2.265398e-05 -1.973549e-04))
0.586667      	((2.207561e-02 -3.666528e+01 -2.214919e-01) (-4.222934e-04 -7.337992e-02 1.015775e-03)) ((1.252034e+00 -6.007159e-03 -2.260475e-01) (6.776796e-04 2.271269e-05 -2.274925e-04))
0.593333      	((2.546534e-02 -3.617700e+01 -2.360365e-01) (-4.429900e-04 -7.625003e-02 1.101304e-03)) ((1.228063e+00 -6.431998e-03 -2.153397e-01) (6.890174e-04 2.253583e-05 -2.585425e-04))
0.6           	((3.039646e-02 -3.562856e+01 -2.424308e-01) (-4.634702e-04 -7.899657e-02 1.185984e-03)) ((1.201973e+00 -6.942867e-03 -2.040011e-01) (6.987966e-04 2.212559e-05 -2.900647e-04))
0.606667      	((3.339652e-02 -3.501805e+01 -2.471685e-01) (-4.845272e-04 -8.161332e-02 1.269353e-03)) ((1.173888e+00 -7.429956e-03 -1.924089e-01) (7.070949e-04 2.129219e-05 -3.221656e-04))
0.613333      	((3.688566e-02 -3.434480e+01 -2.480834e-01) (-5.047272e-04 -8.409806e-02 1.351537e-03)) ((1.143921e+00 -7.198455e-03 -1.805282e-01) (7.142360e-04 2.014358e-05 -3.550873e-04))
0.62          	((3.951860e-02 -3.360364e+01 -2.486604e-01) (-5.249462e-04 -8.644640e-02 1.430221e-03)) ((1.111442e+00 -7.956025e-03 -1.681816e-01) (7.195348e-04 1.912398e-05 -3.880351e-04))
0.626667      	((4.441946e-02 -3.279210e+01 -2.531816e-01) (-5.446542e-04 -8.864925e-02 1.507305e-03)) ((1.076555e+00 -8.485583e-03 -1.564435e-01) (7.231317e-04 1.781017e-05 -4.221557e-04))
0.633333      	((4.791850e-02 -3.192476e+01 -2.550414e-01) (-5.647003e-04 -9.070776e-02 1.578741e-03)) ((1.040054e+00 -8.665406e-03 -1.446682e-01) (7.247929e-04 1.622074e-05 -4.571783e-04))
0.64          	((5.242760e-02 -3.099573e+01 -2.673895e-01) (-5.803729e-04 -9.261204e-02 1.642832e-03)) ((1.001642e+00 -9.113132e-03 -1.324498e-01) (7.240044e-04 1.470546e-05 -4.928365e-04))
0.646667      	((5.575679e-02 -2.999559e+01 -2.700663e-01) (-5.931511e-04 -9.436309e-02 1.697246e-03)) ((9.609352e-01 -9.123641e-03 -1.209479e-01) (7.207781e-04 1.295897e-05 -5.280242e-04))
0.653333      	((5.635463e-02 -2.893252e+01 -2.730148e-01) (-6.071232e-04 -9.594328e-02 1.741629e-03)) ((9.174340e-01 -9.779586e-03 -1.090058e-01) (7.149353e-04 1.130774e-05 -5.632785e-04))
0.66          	((5.590070e-02 -2.780300e+01 -2.726556e-01) (-6.168866e-04 -9.734893e-02 1.775779e-03)) ((8.722836e-01 -1.073530e-02 -9.694093e-02) (7.061713e-04 9.823629e-06 -5.982930e-04))
0.666667      	((5.600778e-02 -2.662171e+01 -2.789017e-01) (-6.254695e-04 -9.857281e-02 1.801506e-03)) ((8.259826e-01 -1.090191e-02 -8.475348e-02) (6.946669e-04 8.141803e-06 -6.327109e-04))
0.673333      	((5.413306e-02 -2.538185e+01 -2.842226e-01) (-6.345903e-04 -9.961425e-02 1.820049e-03)) ((7.776942e-01 -1.099229e-02 -7.347150e-02) (6.802957e-04 6.201317e-06 -6.661271e-04))
0.68          	((5.185107e-02 -2.408140e+01 -2.893292e-01) (-6.391466e-04 -1.004712e-01 1.833310e-03)) ((7.272739e-01 -1.088516e-02 -6.203496e-02) (6.630981e-04 4.579494e-06 -6.989904e-04))
0.686667      	((4.755230e-02 -2.272476e+01 -2.918785e-01) (-6.407451e-04 -1.011406e-01 1.842800e-03)) ((6.745619e-01 -1.095547e-02 -5.067993e-02) (6.436514e-04 2.951923e-06 -7.310765e-04))
0.693333      	((4.309871e-02 -2.131636e+01 -2.891210e-01) (-6.400467e-04 -1.016263e-01 1.850082e-03)) ((6.194284e-01 -1.078118e-02 -3.885021e-02) (6.221898e-04 1.056935e-06 -7.615272e-04))
0.7           	((4.033805e-02 -1.986746e+01 -2.867842e-01) (-6.358545e-04 -1.019260e-01 1.855911e-03)) ((5.635622e-01 -1.033655e-02 -2.707645e-02) (5.981415e-04 -1.054715e-06 -7.903901e-04))
0.706667      	((3.336058e-02 -1.837094e+01 -2.810054e-01) (-6.331667e-04 -1.020354e-01 1.858471e-03)) ((5.062553e-01 -1.014877e-02 -1.558095e-02) (5.716971e-04 -3.328183e-06 -8.177779e-04))
0.713333      	((2.625386e-02 -1.682756e+01 -2.800137e-01) (-6.259608e-04 -1.019605e-01 1.861867e-03)) ((4.476675e-01 -9.968347e-03 -4.203439e-03) (5.432695e-04 -6.098556e-06 -8.435624e-04))
0.72          	((1.942144e-02 -1.524663e+01 -2.731492e-01) (-6.165194e-04 -1.016984e-01 1.865254e-03)) ((3.881769e-01 -9.769296e-03 7.164237e-03) (5.135409e-04 -9.254316e-06 -8.672281e-04))
0.726667      	((1.225734e-02 -1.363224e+01 -2.715854e-01) (-6.060167e-04 -1.012493e-01 1.868658e-03)) ((3.281287e-01 -9.500377e-03 1.857466e-02) (4.822614e-04 -1.277112e-05 -8.886922e-04))
0.733333      	((5.546236e-03 -1.198935e+01 -2.696797e-01) (-5.934221e-04 -1.006148e-01 1.871859e-03)) ((2.677146e-01 -9.177099e-03 2.993402e-02) (4.501490e-04 -1.663974e-05 -9.077420e-04))
0.74          	((-5.339716e-04 -1.032549e+01 -2.672099e-01) (-5.825488e-04 -9.978842e-02 1.873712e-03)) ((2.069094e-01 -8.697841e-03 4.173077e-02) (4.169257e-04 -2.048083e-05 -9.252141e-04))
0.746667      	((-7.786507e-03 -8.644099e+00 -2.634769e-01) (-5.719975e-04 -9.877713e-02 1.876407e-03)) ((1.464689e-01 -8.415144e-03 5.301900e-02) (3.833471e-04 -2.415493e-05 -9.410092e-04))
0.753333      	((-1.266651e-02 -6.944774e+00 -2.622272e-01) (-5.624529e-04 -9.758029e-02 1.878220e-03)) ((8.616630e-02 -7.985632e-03 6.420973e-02) (3.494852e-04 -2.812752e-05 -9.543448e-04))
0.76          	((-1.715685e-02 -5.227826e+00 -2.562440e-01) (-5.484631e-04 -9.619837e-02 1.878336e-03)) ((2.571238e-02 -7.704245e-03 7.558679e-02) (3.151890e-04 -3.194234e-05 -9.656368e-04))
0.766667      	((-2.094044e-02 -3.503701e+00 -2.511539e-01) (-5.334018e-04 -9.463366e-02 1.876370e-03)) ((-3.472568e-02 -7.554141e-03 8.695014e-02) (2.807059e-04 -3.564783e-05 -9.749130e-04))
0.773333      	((-2.246649e-02 -1.768179e+00 -2.452939e-01) (-5.146704e-04 -9.289225e-02 1.873326e-03)) ((-9.507139e-02 -7.052496e-03 9.870963e-02) (2.463818e-04 -3.950149e-05 -9.819822e-04))
0.78          	((-2.394760e-02 -2.673882e-02 -2.353757e-01) (-4.967169e-04 -9.097655e-02 1.868025e-03)) ((-1.552189e-01 -6.842303e-03 1.101594e-01) (2.122476e-04 -4.333266e-05 -9.863092e-04))
0.786667      	((-2.449221e-02 1.717751e+00 -2.265854e-01) (-4.788208e-04 -8.888841e-02 1.859930e-03)) ((-2.154716e-01 -6.493026e-03 1.215048e-01) (1.780995e-04 -4.653885e-05 -9.883581e-04))
0.793333      	((-2.297675e-02 3.450950e+00 -2.191014e-01) (-4.589042e-04 -8.663229e-02 1.844762e-03)) ((-2.751637e-01 -6.158833e-03 1.325287e-01) (1.446830e-04 -4.958367e-05 -9.877660e-04))
0.8           	((-2.200704e-02 5.173065e+00 -2.117288e-01) (-4.374929e-04 -8.421649e-02 1.825496e-03)) ((-3.337706e-01 -6.125457e-03 1.434307e-01) (1.115304e-04 -5.209553e-05 -9.843112e-04))
0.806667      	((-2.174993e-02 6.878737e+00 -2.053435e-01) (-4.199203e-04 -8.164244e-02 1.801546e-03)) ((-3.909470e-01 -5.841539e-03 1.537697e-01) (7.916048e-05 -5.428741e-05 -9.782789e-04))
0.813333      	((-2.021334e-02 8.564705e+00 -2.049335e-01) (-4.035706e-04 -7.891530e-02 1.769715e-03)) ((-4.468750e-01 -5.807745e-03 1.643073e-01) (4.730383e-05 -5.588209e-05 -9.702956e-04))
0.82          	((-1.623216e-02 1.022847e+01 -1.998370e-01) (-3.886484e-04 -7.604301e-02 1.733277e-03)) ((-5.016426e-01 -5.842991e-03 1.742937e-01) (1.585140e-05 -5.693864e-05 -9.598428e-04))
0.826667      	((-1.364191e-02 1.187090e+01 -1.866820e-01) (-3.756967e-04 -7.303117e-02 1.692253e-03)) ((-5.559273e-01 -5.828104e-03 1.850363e-01) (-1.533507e-05 -5.752003e-05 -9.472419e-04))
0.833333      	((-1.067043e-02 1.348888e+01 -1.777008e-01) (-3.611239e-04 -6.988885e-02 1.646300e-03)) ((-6.092725e-01 -5.709204e-03 1.958154e-01) (-4.617023e-05 -5.795280e-05 -9.325553e-04))
0.84          	((-8.070230e-03 1.507950e+01 -1.675946e-01) (-3.463484e-04 -6.662305e-02 1.594860e-03)) ((-6.612538e-01 -5.524212e-03 2.062870e-01) (-7.695146e-05 -5.797918e-05 -9.161669e-04))
0.846667      	((-7.503590e-03 1.663800e+01 -1.613238e-01) (-3.339749e-04 -6.324029e-02 1.538574e-03)) ((-7.108622e-01 -5.256346e-03 2.160620e-01) (-1.073082e-04 -5.795103e-05 -8.982064e-04))
0.853333      	((-6.819080e-03 1.815612e+01 -1.527809e-01) (-3.235917e-04 -5.974655e-02 1.478071e-03)) ((-7.590376e-01 -5.009918e-03 2.249589e-01) (-1.374715e-04 -5.787575e-05 -8.786849e-04))
0.86          	((-5.760244e-03 1.963451e+01 -1.453957e-01) (-3.141162e-04 -5.615081e-02 1.414362e-03)) ((-8.058099e-01 -4.685935e-03 2.335548e-01) (-1.677391e-04 -5.795524e-05 -8.571973e-04))
0.866667      	((-5.959804e-03 2.106994e+01 -1.352460e-01) (-3.049882e-04 -5.246173e-02 1.346875e-03)) ((-8.510779e-01 -4.452836e-03 2.420659e-01) (-1.981549e-04 -5.816619e-05 -8.341956e-04))
0.873333      	((-5.410421e-03 2.246318e+01 -1.306499e-01) (-2.979348e-04 -4.868699e-02 1.279991e-03)) ((-8.947341e-01 -4.188422e-03 2.507816e-01) (-2.282530e-04 -5.785231e-05 -8.097047e-04))
0.88          	((-4.951877e-03 2.380888e+01 -1.202908e-01) (-2.914800e-04 -4.483347e-02 1.213695e-03)) ((-9.369468e-01 -3.749749e-03 2.584493e-01) (-2.576899e-04 -5.753769e-05 -7.839182e-04))
0.886667      	((-5.624652e-03 2.509928e+01 -1.078124e-01) (-2.890552e-04 -4.090737e-02 1.147230e-03)) ((-9.769534e-01 -3.602862e-03 2.660468e-01) (-2.867951e-04 -5.678483e-05 -7.569597e-04))
0.893333      	((-5.580523e-03 2.633630e+01 -9.464209e-02) (-2.883957e-04 -3.691469e-02 1.084268e-03)) ((-1.015176e+00 -3.504950e-03 2.731826e-01) (-3.153258e-04 -5.565490e-05 -7.288822e-04))
0.9           	((-4.339046e-03 2.751312e+01 -8.083373e-02) (-2.858780e-04 -3.286465e-02 1.025443e-03)) ((-1.050810e+00 -3.537057e-03 2.800468e-01) (-3.433754e-04 -5.430844e-05 -6.999849e-04))
0.906667      	((-4.954253e-03 2.863237e+01 -7.434958e-02) (-2.866285e-04 -2.876511e-02 9.679383e-04)) ((-1.084914e+00 -3.457308e-03 2.860905e-01) (-3.713934e-04 -5.246043e-05 -6.706551e-04))
0.913333      	((-3.690395e-03 2.969348e+01 -6.936279e-02) (-2.889293e-04 -2.462282e-02 9.132069e-04)) ((-1.116696e+00 -3.303675e-03 2.920647e-01) (-3.991173e-04 -5.021533e-05 -6.407863e-04))
0.92          	((-6.181333e-03 3.069019e+01 -6.399299e-02) (-2.888320e-04 -2.044341e-02 8.588243e-04)) ((-1.146592e+00 -2.846517e-03 2.974257e-01) (-4.265481e-04 -4.815813e-05 -6.100926e-04))
0.926667      	((-9.021587e-03 3.162440e+01 -5.664058e-02) (-2.897496e-04 -1.623368e-02 8.086543e-04)) ((-1.174188e+00 -2.219768e-03 3.028207e-01) (-4.545446e-04 -4.599045e-05 -5.788635e-04))
0.933333      	((-9.876272e-03 3.249367e+01 -4.757285e-02) (-2.913217e-04 -1.200393e-02 7.633738e-04)) ((-1.199830e+00 -1.701774e-03 3.085135e-01) (-4.824175e-04 -4.394008e-05 -5.471862e-04))
0.94          	((-1.141448e-02 3.330670e+01 -4.502870e-02) (-2.926831e-04 -7.753861e-03 7.242945e-04)) ((-1.224842e+00 -1.056549e-03 3.136619e-01) (-5.099394e-04 -4.215253e-05 -5.154236e-04))
0.946667      	((-1.124990e-02 3.404366e+01 -4.797037e-02) (-2.970209e-04 -3.491951e-03 6.895958e-04)) ((-1.246779e+00 -7.972583e-04 3.166508e-01) (-5.375243e-04 -4.047015e-05 -4.830630e-04))
0.953333      	((-9.516092e-03 3.470352e+01 -5.581860e-02) (-3.024456e-04 7.720100e-04 6.615110e-04)) ((-1.265759e+00 -7.363203e-04 3.189150e-01) (-5.643528e-04 -3.886860e-05 -4.505868e-04))
0.96          	((-1.034360e-02 3.530648e+01 -8.041442e-02) (-3.099225e-04 5.026843e-03 6.429741e-04)) ((-1.281542e+00 8.804635e-05 3.222539e-01) (-5.905208e-04 -3.750620e-05 -4.188444e-04))
0.966667      	((-1.184220e-02 3.584723e+01 -1.072346e-01) (-3.164308e-04 9.267167e-03 6.275843e-04)) ((-1.295907e+00 1.271129e-03 3.239837e-01) (-6.158592e-04 -3.665036e-05 -3.875714e-04))
0.973333      	((-1.278427e-02 3.633127e+01 -9.613605e-02) (-3.227579e-04 1.348721e-02 6.184917e-04)) ((-1.311972e+00 1.238575e-03 3.246398e-01) (-6.413979e-04 -3.605651e-05 -3.564792e-04))
0.98          	((-1.293042e-02 3.675015e+01 -1.010204e-01) (-3.283590e-04 1.768642e-02 6.254722e-04)) ((-1.326386e+00 7.352693e-04 3.260251e-01) (-6.664387e-04 -3.622854e-05 -3.252535e-04))
0.986667      	((-1.691897e-02 3.710724e+01 -9.227459e-02) (-3.316584e-04 2.186262e-02 6.453016e-04)) ((-1.336650e+00 1.506189e-03 3.254994e-01) (-6.896568e-04 -3.639730e-05 -2.951042e-04))
0.993333      	((-1.404460e-02 3.741194e+01 -9.694736e-02) (-3.379185e-04 2.600681e-02 6.748613e-04)) ((-1.344337e+00 1.639701e-03 3.252584e-01) (-7.115834e-04 -3.560427e-05 -2.666577e-04))
1             	((-1.202717e-02 3.770842e+01 -1.009121e-01) (-3.504795e-04 3.011687e-02 7.127937e-04)) ((-1.348502e+00 1.688570e-03 3.233517e-01) (-7.327485e-04 -3.483660e-05 -2.392414e-04))
1.006667      	((-2.631665e-02 3.809919e+01 -8.136547e-02) (-3.687222e-04 3.419138e-02 7.603227e-04)) ((-1.384378e+00 3.323774e-03 3.206267e-01) (-7.533543e-04 -3.437686e-05 -2.123344e-04))
1.013333      	((-9.152950e-03 3.784960e+01 -1.107753e-01) (-3.879945e-04 3.819443e-02 8.162573e-04)) ((-1.344826e+00 3.100986e-03 3.139939e-01) (-7.712213e-04 -3.372334e-05 -1.862964e-04))
1.02          	((-1.887140e-02 3.814223e+01 -1.538617e-01) (-4.123314e-04 4.215673e-02 8.813720e-04)) ((-1.357842e+00 4.054830e-03 3.124846e-01) (-7.880170e-04 -3.318509e-05 -1.609921e-04))
1.026667      	((-2.082273e-02 3.822702e+01 -1.685912e-01) (-4.394751e-04 4.607252e-02 9.591277e-04)) ((-1.355114e+00 4.640296e-03 3.090895e-01) (-8.031054e-04 -3.292064e-05 -1.359253e-04))
1.033333      	((-1.338319e-02 3.826149e+01 -1.619317e-01) (-4.688556e-04 4.994132e-02 1.049141e-03)) ((-1.354098e+00 4.205810e-03 3.026502e-01) (-8.161398e-04 -3.252373e-05 -1.116671e-04))
1.04          	((-7.129133e-03 3.822014e+01 -1.821336e-01) (-5.000714e-04 5.375387e-02 1.151652e-03)) ((-1.348483e+00 4.834512e-03 2.954080e-01) (-8.273499e-04 -3.245119e-05 -8.758595e-05))
1.046667      	((-3.570294e-03 3.812273e+01 -1.864872e-01) (-5.329676e-04 5.750030e-02 1.266458e-03)) ((-1.341244e+00 5.561964e-03 2.880465e-01) (-8.371685e-04 -3.281326e-05 -6.383932e-05))
1.053333      	((2.474529e-04 3.797961e+01 -1.909153e-01) (-5.645761e-04 6.116985e-02 1.388610e-03)) ((-1.331771e+00 5.706865e-03 2.802848e-01) (-8.455544e-04 -3.394177e-05 -4.040373e-05))
1.06          	((6.709394e-03 3.778599e+01 -2.077652e-01) (-5.960238e-04 6.475581e-02 1.515752e-03)) ((-1.321536e+00 5.599054e-03 2.719622e-01) (-8.519021e-04 -3.628291e-05 -1.714859e-05))
1.066667      	((1.069503e-02 3.753010e+01 -2.353681e-01) (-6.251684e-04 6.824759e-02 1.647327e-03)) ((-1.307462e+00 5.475939e-03 2.629224e-01) (-8.560491e-04 -3.973633e-05 6.177739e-06))
1.073333      	((1.561462e-02 3.721642e+01 -2.553969e-01) (-6.531322e-04 7.163272e-02 1.785227e-03)) ((-1.291883e+00 5.609777e-03 2.531218e-01) (-8.584182e-04 -4.374687e-05 2.986724e-05))
1.08          	((2.170385e-02 3.685156e+01 -2.748021e-01) (-6.781221e-04 7.489887e-02 1.927843e-03)) ((-1.274455e+00 5.211850e-03 2.427221e-01) (-8.588477e-04 -4.817965e-05 5.400454e-05))
1.086667      	((2.546308e-02 3.642392e+01 -2.912090e-01) (-7.000121e-04 7.804258e-02 2.070720e-03)) ((-1.255629e+00 4.765005e-03 2.317477e-01) (-8.570135e-04 -5.290165e-05 7.901005e-05))
1.093333      	((2.945237e-02 3.594233e+01 -3.028643e-01) (-7.201183e-04 8.105308e-02 2.215381e-03)) ((-1.234210e+00 4.011383e-03 2.203986e-01) (-8.527728e-04 -5.807732e-05 1.045173e-04))
1.1           	((3.423229e-02 3.539831e+01 -3.118408e-01) (-7.380653e-04 8.392384e-02 2.362521e-03)) ((-1.209960e+00 3.599882e-03 2.087566e-01) (-8.458796e-04 -6.341322e-05 1.304075e-04))
1.106667      	((4.202102e-02 3.479707e+01 -3.196070e-01) (-7.558026e-04 8.665079e-02 2.508053e-03)) ((-1.184040e+00 3.660659e-03 1.965719e-01) (-8.369002e-04 -6.915874e-05 1.574758e-04))
1.113333      	((4.942092e-02 3.413317e+01 -3.227133e-01) (-7.715385e-04 8.922652e-02 2.654621e-03)) ((-1.156621e+00 3.289556e-03 1.838174e-01) (-8.262181e-04 -7.498918e-05 1.861918e-04))
1.12          	((5.458331e-02 3.340376e+01 -3.214029e-01) (-7.870184e-04 9.164522e-02 2.799024e-03)) ((-1.126342e+00 2.387929e-03 1.710495e-01) (-8.139811e-04 -8.076245e-05 2.164210e-04))
1.126667      	((5.945462e-02 3.261572e+01 -3.305985e-01) (-8.036267e-04 9.390195e-02 2.937719e-03)) ((-1.094944e+00 2.192754e-03 1.583280e-01) (-8.001525e-04 -8.661295e-05 2.478245e-04))
1.133333      	((6.418864e-02 3.176154e+01 -3.400749e-01) (-8.155052e-04 9.599345e-02 3.069048e-03)) ((-1.060625e+00 1.926040e-03 1.455176e-01) (-7.848066e-04 -9.251026e-05 2.804788e-04))
1.14          	((7.049566e-02 3.083523e+01 -3.377442e-01) (-8.267253e-04 9.791027e-02 3.189228e-03)) ((-1.023171e+00 1.725593e-03 1.327029e-01) (-7.676427e-04 -9.807677e-05 3.147862e-04))
1.146667      	((7.545640e-02 2.984642e+01 -3.402478e-01) (-8.361559e-04 9.964758e-02 3.298258e-03)) ((-9.842669e-01 8.672806e-04 1.200239e-01) (-7.485908e-04 -1.033042e-04 3.499269e-04))
1.153333      	((7.612154e-02 2.879090e+01 -3.418683e-01) (-8.443219e-04 1.011951e-01 3.393723e-03)) ((-9.431623e-01 -3.183361e-04 1.072860e-01) (-7.267094e-04 -1.078345e-04 3.862755e-04))
1.16          	((7.686165e-02 2.767546e+01 -3.494988e-01) (-8.465245e-04 1.025491e-01 3.476917e-03)) ((-8.997018e-01 -6.230835e-04 9.396071e-02) (-7.016326e-04 -1.122336e-04 4.230677e-04))
1.166667      	((7.662806e-02 2.649143e+01 -3.502299e-01) (-8.467564e-04 1.037112e-01 3.545978e-03)) ((-8.541725e-01 -9.293117e-04 8.150341e-02) (-6.730964e-04 -1.161922e-04 4.605696e-04))
1.173333      	((7.775112e-02 2.524713e+01 -3.497285e-01) (-8.459891e-04 1.046783e-01 3.603113e-03)) ((-8.058077e-01 -1.332825e-03 6.959199e-02) (-6.415649e-04 -1.196384e-04 4.979715e-04))
1.18          	((7.817048e-02 2.394192e+01 -3.467921e-01) (-8.408363e-04 1.054459e-01 3.647766e-03)) ((-7.549736e-01 -1.753994e-03 5.715902e-02) (-6.080691e-04 -1.222838e-04 5.351102e-04))
1.186667      	((7.947610e-02 2.258155e+01 -3.466768e-01) (-8.318900e-04 1.060162e-01 3.681231e-03)) ((-7.017673e-01 -2.131806e-03 4.474082e-02) (-5.729406e-04 -1.242838e-04 5.722865e-04))
1.193333      	((7.786213e-02 2.117139e+01 -3.335181e-01) (-8.210103e-04 1.063880e-01 3.702279e-03)) ((-6.467046e-01 -2.279953e-03 3.257325e-02) (-5.360138e-04 -1.256259e-04 6.089972e-04))
1.2           	((7.581097e-02 1.971413e+01 -3.216352e-01) (-8.094676e-04 1.065580e-01 3.714693e-03)) ((-5.901835e-01 -2.310377e-03 2.033052e-02) (-4.976397e-04 -1.261549e-04 6.453664e-04))
1.206667      	((7.153708e-02 1.820673e+01 -3.130045e-01) (-7.988721e-04 1.065274e-01 3.719707e-03)) ((-5.314020e-01 -3.009452e-03 8.509281e-03) (-4.583692e-04 -1.259752e-04 6.803938e-04))
1.213333      	((6.708064e-02 1.665917e+01 -3.060661e-01) (-7.852903e-04 1.062968e-01 3.717279e-03)) ((-4.706258e-01 -3.532290e-03 -3.512492e-03) (-4.184021e-04 -1.256524e-04 7.139921e-04))
1.22          	((6.434390e-02 1.507653e+01 -2.993165e-01) (-7.716454e-04 1.058683e-01 3.707772e-03)) ((-4.092179e-01 -3.445109e-03 -1.506748e-02) (-3.776244e-04 -1.251465e-04 7.453583e-04))
1.226667      	((6.075835e-02 1.345377e+01 -2.930182e-01) (-7.583354e-04 1.052422e-01 3.694065e-03)) ((-3.472218e-01 -3.771534e-03 -2.670337e-02) (-3.365204e-04 -1.244453e-04 7.750249e-04))
1.233333      	((5.763195e-02 1.180308e+01 -2.843920e-01) (-7.452734e-04 1.044210e-01 3.677391e-03)) ((-2.849310e-01 -4.515251e-03 -3.792909e-02) (-2.954017e-04 -1.235216e-04 8.027075e-04))
1.24          	((5.319645e-02 1.012798e+01 -2.767380e-01) (-7.316416e-04 1.034084e-01 3.657619e-03)) ((-2.221173e-01 -4.758605e-03 -4.904916e-02) (-2.543646e-04 -1.222797e-04 8.281990e-04))
1.246667      	((4.949810e-02 8.427271e+00 -2.654861e-01) (-7.175669e-04 1.022052e-01 3.633865e-03)) ((-1.588608e-01 -5.008285e-03 -6.039672e-02) (-2.135957e-04 -1.208321e-04 8.509011e-04))
1.253333      	((4.299611e-02 6.715506e+00 -2.538945e-01) (-7.069276e-04 1.008154e-01 3.606885e-03)) ((-9.576737e-02 -5.460430e-03 -7.139034e-02) (-1.729744e-04 -1.191320e-04 8.711990e-04))
1.26          	((3.835243e-02 4.988453e+00 -2.415829e-01) (-6.941104e-04 9.923932e-02 3.577698e-03)) ((-3.267957e-02 -5.938701e-03 -8.257204e-02) (-1.327798e-04 -1.172122e-04 8.884364e-04))
1.266667      	((3.325943e-02 3.253384e+00 -2.283170e-01) (-6.798770e-04 9.747992e-02 3.547605e-03)) ((2.975992e-02 -6.738683e-03 -9.376496e-02) (-9.310360e-05 -1.154139e-04 9.029829e-04))
1.273333      	((2.859892e-02 1.511381e+00 -2.136203e-01) (-6.647395e-04 9.553809e-02 3.517015e-03)) ((9.194020e-02 -7.163859e-03 -1.048020e-01) (-5.424615e-05 -1.132231e-04 9.150532e-04))
1.28          	((2.437768e-02 -2.351150e-01 -1.970272e-01) (-6.502476e-04 9.342218e-02 3.484333e-03)) ((1.537236e-01 -7.172652e-03 -1.158786e-01) (-1.618729e-05 -1.109898e-04 9.248110e-04))
1.286667      	((2.175399e-02 -1.982368e+00 -1.833204e-01) (-6.349139e-04 9.113411e-02 3.450454e-03)) ((2.151676e-01 -7.492093e-03 -1.269658e-01) (2.088919e-05 -1.083453e-04 9.315198e-04))
1.293333      	((1.909442e-02 -3.719408e+00 -1.756970e-01) (-6.209824e-04 8.868064e-02 3.412071e-03)) ((2.756202e-01 -7.744525e-03 -1.379214e-01) (5.692613e-05 -1.055409e-04 9.354587e-04))
1.3           	((1.827877e-02 -5.447588e+00 -1.648893e-01) (-6.076851e-04 8.606441e-02 3.369545e-03)) ((3.351796e-01 -8.023170e-03 -1.493704e-01) (9.215880e-05 -1.023345e-04 9.372692e-04))
1.306667      	((1.532562e-02 -7.154421e+00 -1.529008e-01) (-5.956597e-04 8.329260e-02 3.322481e-03)) ((3.937030e-01 -8.497902e-03 -1.599233e-01) (1.263529e-04 -9.883430e-05 9.366471e-04))
1.313333      	((1.313788e-02 -8.844279e+00 -1.424576e-01) (-5.862776e-04 8.037540e-02 3.271696e-03)) ((4.508781e-01 -8.707500e-03 -1.703612e-01) (1.598938e-04 -9.525209e-05 9.335695e-04))
1.32          	((1.189790e-02 -1.050835e+01 -1.306517e-01) (-5.777089e-04 7.731407e-02 3.216494e-03)) ((5.068859e-01 -9.018506e-03 -1.805727e-01) (1.925218e-04 -9.163778e-05 9.280118e-04))
1.326667      	((1.175102e-02 -1.214241e+01 -1.154730e-01) (-5.711686e-04 7.411686e-02 3.157491e-03)) ((5.612512e-01 -9.582004e-03 -1.908808e-01) (2.241254e-04 -8.807040e-05 9.198131e-04))
1.333333      	((8.332845e-03 -1.375319e+01 -1.050209e-01) (-5.631757e-04 7.079214e-02 3.094683e-03)) ((6.142139e-01 -1.000595e-02 -2.009439e-01) (2.553415e-04 -8.443328e-05 9.088611e-04))
1.34          	((4.859541e-03 -1.533809e+01 -9.032798e-02) (-5.562050e-04 6.734437e-02 3.029130e-03)) ((6.663871e-01 -1.022340e-02 -2.104541e-01) (2.859790e-04 -8.099710e-05 8.961637e-04))
1.346667      	((3.795021e-03 -1.688751e+01 -7.380854e-02) (-5.469345e-04 6.378074e-02 2.960998e-03)) ((7.171254e-01 -1.054372e-02 -2.199120e-01) (3.160428e-04 -7.752620e-05 8.813410e-04))
1.353333      	((4.432949e-03 -1.839898e+01 -6.297663e-02) (-5.364336e-04 6.010803e-02 2.890077e-03)) ((7.655785e-01 -1.069391e-02 -2.290997e-01) (3.454528e-04 -7.396460e-05 8.646357e-04))
1.36          	((2.343743e-03 -1.987917e+01 -5.384712e-02) (-5.272030e-04 5.633508e-02 2.816443e-03)) ((8.121756e-01 -1.044654e-02 -2.378810e-01) (3.743374e-04 -7.055662e-05 8.461334e-04))
1.366667      	((-2.355931e-04 -2.130850e+01 -4.235919e-02) (-5.190560e-04 5.246924e-02 2.740622e-03)) ((8.574958e-01 -1.064959e-02 -2.465119e-01) (4.029049e-04 -6.716368e-05 8.258827e-04))
1.373333      	((-2.882061e-03 -2.269469e+01 -2.607990e-02) (-5.129576e-04 4.851902e-02 2.664951e-03)) ((9.011509e-01 -1.072525e-02 -2.553632e-01) (4.304555e-04 -6.374748e-05 8.045098e-04))
1.38          	((-5.449499e-03 -2.403058e+01 -1.245249e-02) (-5.062627e-04 4.449066e-02 2.587955e-03)) ((9.435164e-01 -1.077067e-02 -2.633368e-01) (4.573432e-04 -6.031846e-05 7.816960e-04))
1.386667      	((-8.117433e-03 -2.531339e+01 3.267603e-03) (-4.994584e-04 4.039166e-02 2.510206e-03)) ((9.841560e-01 -1.093424e-02 -2.705649e-01) (4.835459e-04 -5.688697e-05 7.577508e-04))
1.393333      	((-8.640158e-03 -2.653968e+01 1.535539e-02) (-4.941224e-04 3.622845e-02 2.434498e-03)) ((1.022183e+00 -1.063545e-02 -2.778566e-01) (5.094047e-04 -5.358835e-05 7.327563e-04))
1.4           	((-1.038216e-02 -2.771324e+01 2.566317e-02) (-4.915878e-04 3.200750e-02 2.359689e-03)) ((1.057490e+00 -1.065256e-02 -2.844933e-01) (5.347447e-04 -4.990280e-05 7.066624e-04))
1.406667      	((-1.292230e-02 -2.882029e+01 3.799211e-02) (-4.917713e-04 2.773409e-02 2.288738e-03)) ((1.090739e+00 -1.041933e-02 -2.907329e-01) (5.598515e-04 -4.611320e-05 6.798417e-04))
1.413333      	((-1.590575e-02 -2.987036e+01 5.044007e-02) (-4.927663e-04 2.341856e-02 2.218971e-03)) ((1.121810e+00 -9.892699e-03 -2.961816e-01) (5.846954e-04 -4.236833e-05 6.523018e-04))
1.42          	((-1.900518e-02 -3.085865e+01 5.925891e-02) (-4.927756e-04 1.906489e-02 2.144955e-03)) ((1.151157e+00 -9.648272e-03 -3.017343e-01) (6.096084e-04 -3.860114e-05 6.241610e-04))
1.426667      	((-2.139608e-02 -3.178495e+01 6.813036e-02) (-4.911261e-04 1.467986e-02 2.074250e-03)) ((1.178753e+00 -9.488498e-03 -3.072203e-01) (6.343884e-04 -3.432054e-05 5.954339e-04))
1.433333      	((-2.238000e-02 -3.264360e+01 7.541535e-02) (-4.909146e-04 1.027029e-02 2.005915e-03)) ((1.204780e+00 -9.147475e-03 -3.118069e-01) (6.588642e-04 -3.005306e-05 5.657548e-04))
1.44          	((-2.551175e-02 -3.344133e+01 7.933182e-02) (-4.904218e-04 5.843716e-03 1.942532e-03)) ((1.228341e+00 -8.915337e-03 -3.162231e-01) (6.829474e-04 -2.551807e-05 5.356976e-04))
1.446667      	((-2.675521e-02 -3.417836e+01 7.366595e-02) (-4.905291e-04 1.408274e-03 1.884005e-03)) ((1.249709e+00 -8.687971e-03 -3.185977e-01) (7.063809e-04 -2.115821e-05 5.057109e-04))
1.453333      	((-2.860395e-02 -3.483597e+01 6.909567e-02) (-4.934567e-04 -3.028467e-03 1.831318e-03)) ((1.267904e+00 -8.018148e-03 -3.218554e-01) (7.297760e-04 -1.642039e-05 4.756376e-04))
1.46          	((-3.197223e-02 -3.543765e+01 4.647820e-02) (-5.009423e-04 -7.459669e-03 1.791985e-03)) ((1.286538e+00 -6.804839e-03 -3.237183e-01) (7.522458e-04 -1.213277e-05 4.452540e-04))
1.466667      	((-3.404892e-02 -3.597989e+01 3.393267e-02) (-5.114844e-04 -1.188281e-02 1.759835e-03)) ((1.302715e+00 -6.291442e-03 -3.258972e-01) (7.750735e-04 -7.677199e-06 4.154585e-04))
1.473333      	((-3.271180e-02 -3.646616e+01 3.861958e-02) (-5.235183e-04 -1.628460e-02 1.737621e-03)) ((1.316327e+00 -6.095000e-03 -3.264191e-01) (7.978362e-04 -2.882359e-06 3.871416e-04))
1.48          	((-3.458522e-02 -3.688966e+01 1.977040e-02) (-5.356694e-04 -2.066230e-02 1.728959e-03)) ((1.329691e+00 -5.673196e-03 -3.270237e-01) (8.200528e-04 2.200324e-06 3.592575e-04))
1.486667      	((-3.837345e-02 -3.726317e+01 3.391051e-02) (-5.475515e-04 -2.501154e-02 1.731233e-03)) ((1.339779e+00 -5.131797e-03 -3.259333e-01) (8.400103e-04 7.910722e-06 3.325228e-04))
1.493333      	((-3.970930e-02 -3.754377e+01 6.329497e-02) (-5.653952e-04 -2.932894e-02 1.739648e-03)) ((1.347041e+00 -4.953956e-03 -3.241146e-01) (8.592069e-04 1.450802e-05 3.067562e-04))
1.5           	((-3.570347e-02 -3.783974e+01 7.641247e-02) (-5.822700e-04 -3.360676e-02 1.754526e-03)) ((1.354125e+00 -4.537399e-03 -3.225117e-01) (8.766344e-04 2.108182e-05 2.822189e-04))
1.506667      	((-4.758440e-02 -3.825826e+01 8.694796e-02) (-5.995324e-04 -3.785395e-02 1.780737e-03)) ((1.390980e+00 -3.487495e-03 -3.213209e-01) (8.940149e-04 2.768367e-05 2.583524e-04))
1.513333      	((-3.263379e-02 -3.797622e+01 -6.013698e-03) (-6.167921e-04 -4.202407e-02 1.820427e-03)) ((1.349646e+00 -3.107075e-03 -3.130140e-01) (9.072705e-04 3.404381e-05 2.351685e-04))
1.52          	((-5.029461e-02 -3.828425e+01 -4.436826e-03) (-6.384178e-04 -4.615044e-02 1.872156e-03)) ((1.364416e+00 -3.827612e-03 -3.107252e-01) (9.194944e-04 4.039167e-05 2.126517e-04))
1.526667      	((-4.578682e-02 -3.837943e+01 -5.099208e-03) (-6.597332e-04 -5.023483e-02 1.933756e-03)) ((1.362786e+00 -3.339784e-03 -3.059155e-01) (9.306677e-04 4.649991e-05 1.896749e-04))
1.533333      	((-3.823436e-02 -3.843552e+01 1.833950e-02) (-6.802349e-04 -5.426994e-02 2.007943e-03)) ((1.361987e+00 -3.034664e-03 -2.997748e-01) (9.400227e-04 5.195251e-05 1.672968e-04))
1.54          	((-3.185493e-02 -3.841192e+01 -4.550184e-03) (-6.982322e-04 -5.824540e-02 2.093430e-03)) ((1.358815e+00 -2.559036e-03 -2.919292e-01) (9.480629e-04 5.667650e-05 1.450376e-04))
1.546667      	((-3.131782e-02 -3.832561e+01 -1.172817e-02) (-7.149336e-04 -6.214420e-02 2.190291e-03)) ((1.351567e+00 -2.512388e-03 -2.842629e-01) (9.544160e-04 6.044100e-05 1.228439e-04))
1.553333      	((-3.126043e-02 -3.818371e+01 -3.478829e-02) (-7.309437e-04 -6.595926e-02 2.298866e-03)) ((1.342398e+00 -2.293560e-03 -2.762297e-01) (9.592214e-04 6.392052e-05 1.002503e-04))
1.56          	((-2.460473e-02 -3.798996e+01 -4.344666e-02) (-7.446724e-04 -6.967735e-02 2.415363e-03)) ((1.330917e+00 -2.290788e-03 -2.674860e-01) (9.623504e-04 6.635537e-05 7.718807e-05))
1.566667      	((-1.961249e-02 -3.774775e+01 -6.284207e-02) (-7.553555e-04 -7.328827e-02 2.537762e-03)) ((1.318322e+00 -2.362942e-03 -2.579766e-01) (9.632355e-04 6.796362e-05 5.341935e-05))
1.573333      	((-1.465319e-02 -3.743893e+01 -7.543865e-02) (-7.681001e-04 -7.678787e-02 2.662801e-03)) ((1.303073e+00 -2.599831e-03 -2.480058e-01) (9.622688e-04 6.881841e-05 2.798921e-05))
1.58          	((-6.190988e-03 -3.707759e+01 -9.616849e-02) (-7.789413e-04 -8.016132e-02 2.791211e-03)) ((1.285510e+00 -3.444471e-03 -2.374019e-01) (9.589220e-04 6.880804e-05 1.721933e-06))
1.586667      	((-4.991577e-05 -3.666035e+01 -1.177554e-01) (-7.900898e-04 -8.340425e-02 2.916994e-03)) ((1.266414e+00 -3.816243e-03 -2.264931e-01) (9.528923e-04 6.825245e-05 -2.692100e-05))
1.593333      	((6.125305e-03 -3.618818e+01 -1.410627e-01) (-7.986012e-04 -8.650475e-02 3.044587e-03)) ((1.245743e+00 -3.940337e-03 -2.145156e-01) (9.441482e-04 6.674179e-05 -5.692878e-05))
1.6           	((1.196588e-02 -3.565031e+01 -1.547353e-01) (-8.069200e-04 -8.945529e-02 3.172788e-03)) ((1.222412e+00 -4.412162e-03 -2.021515e-01) (9.334451e-04 6.433736e-05 -8.819029e-05))
1.606667      	((2.043805e-02 -3.504878e+01 -1.634218e-01) (-8.108927e-04 -9.225263e-02 3.299931e-03)) ((1.196543e+00 -4.997398e-03 -1.896020e-01) (9.209118e-04 6.124660e-05 -1.215434e-04))
1.613333      	((2.910103e-02 -3.438575e+01 -1.711221e-01) (-8.155537e-04 -9.488717e-02 3.425859e-03)) ((1.168191e+00 -5.320857e-03 -1.768582e-01) (9.063705e-04 5.803509e-05 -1.568619e-04))
1.62          	((3.606814e-02 -3.365979e+01 -1.830607e-01) (-8.155216e-04 -9.735740e-02 3.545185e-03)) ((1.138771e+00 -5.508501e-03 -1.643425e-01) (8.897336e-04 5.450430e-05 -1.935334e-04))
1.626667      	((4.280674e-02 -3.286672e+01 -1.975164e-01) (-8.118423e-04 -9.965289e-02 3.656245e-03)) ((1.106615e+00 -6.223386e-03 -1.521853e-01) (8.711402e-04 5.070151e-05 -2.322968e-04))
1.633333      	((5.047265e-02 -3.200093e+01 -2.154325e-01) (-8.065123e-04 -1.017679e-01 3.755992e-03)) ((1.071124e+00 -6.661776e-03 -1.400048e-01) (8.503656e-04 4.639664e-05 -2.725260e-04))
1.64          	((5.451601e-02 -3.106678e+01 -2.340229e-01) (-8.012407e-04 -1.036983e-01 3.839770e-03)) ((1.033353e+00 -7.258782e-03 -1.280397e-01) (8.270845e-04 4.161395e-05 -3.140196e-04))
1.646667      	((5.939186e-02 -3.006816e+01 -2.520371e-01) (-7.955689e-04 -1.054363e-01 3.906841e-03)) ((9.938230e-01 -7.590728e-03 -1.157682e-01) (8.010066e-04 3.694028e-05 -3.568486e-04))
1.653333      	((6.122367e-02 -2.900930e+01 -2.691943e-01) (-7.868589e-04 -1.069761e-01 3.958776e-03)) ((9.524311e-01 -7.648938e-03 -1.038973e-01) (7.717102e-04 3.223444e-05 -4.001184e-04))
1.66          	((6.102421e-02 -2.787860e+01 -2.831256e-01) (-7.787559e-04 -1.083172e-01 3.997012e-03)) ((9.086213e-01 -7.764144e-03 -9.207221e-02) (7.396243e-04 2.796993e-05 -4.439793e-04))
1.666667      	((6.206004e-02 -2.667979e+01 -2.941806e-01) (-7.665322e-04 -1.094550e-01 4.022330e-03)) ((8.621129e-01 -8.299057e-03 -8.026193e-02) (7.048965e-04 2.384914e-05 -4.871568e-04))
1.673333      	((6.002204e-02 -2.542464e+01 -3.016067e-01) (-7.522351e-04 -1.103913e-01 4.034871e-03)) ((8.125737e-01 -8.399827e-03 -6.852981e-02) (6.681567e-04 2.004040e-05 -5.302466e-04))
1.68          	((5.812040e-02 -2.411072e+01 -3.089272e-01) (-7.353026e-04 -1.111223e-01 4.036399e-03)) ((7.612324e-01 -8.639674e-03 -5.685947e-02) (6.298323e-04 1.670537e-05 -5.723144e-04))
1.686667      	((5.475596e-02 -2.274373e+01 -3.119641e-01) (-7.177682e-04 -1.116452e-01 4.029034e-03)) ((7.077732e-01 -8.522891e-03 -4.511186e-02) (5.898430e-04 1.379002e-05 -6.137059e-04))
1.693333      	((4.991230e-02 -2.132745e+01 -3.136301e-01) (-7.006113e-04 -1.119615e-01 4.014105e-03)) ((6.521385e-01 -8.430930e-03 -3.338417e-02) (5.487672e-04 1.134181e-05 -6.541936e-04))
1.7           	((4.539360e-02 -1.986296e+01 -3.168965e-01) (-6.828010e-04 -1.120727e-01 3.991011e-03)) ((5.944592e-01 -8.172761e-03 -2.219534e-02) (5.068551e-04 9.453086e-06 -6.929136e-04))
1.706667      	((4.104273e-02 -1.834601e+01 -3.167504e-01) (-6.624149e-04 -1.119792e-01 3.958782e-03)) ((5.351548e-01 -8.016364e-03 -1.110111e-02) (4.645601e-04 7.515786e-06 -7.298211e-04))
1.713333      	((3.680805e-02 -1.679191e+01 -3.172580e-01) (-6.438715e-04 -1.116810e-01 3.920045e-03)) ((4.743639e-01 -7.883382e-03 2.340276e-04) (4.220987e-04 6.123022e-06 -7.652614e-04))
1.72          	((3.104608e-02 -1.519907e+01 -3.201545e-01) (-6.242063e-04 -1.111834e-01 3.874859e-03)) ((4.129815e-01 -7.938351e-03 1.124681e-02) (3.794916e-04 5.075019e-06 -7.977585e-04))
1.726667      	((2.275869e-02 -1.357829e+01 -3.203187e-01) (-6.088478e-04 -1.104807e-01 3.826735e-03)) ((3.509838e-01 -7.580163e-03 2.214726e-02) (3.374727e-04 4.191960e-06 -8.272595e-04))
1.733333      	((1.603822e-02 -1.193153e+01 -3.178145e-01) (-5.929819e-04 -1.095734e-01 3.775919e-03)) ((2.886733e-01 -7.270339e-03 3.310183e-02) (2.960066e-04 3.246285e-06 -8.546300e-04))
1.74          	((1.122060e-02 -1.025892e+01 -3.114087e-01) (-5.777581e-04 -1.084664e-01 3.722796e-03)) ((2.259195e-01 -7.122724e-03 4.448558e-02) (2.550062e-04 2.945343e-06 -8.797225e-04))
1.746667      	((6.409725e-03 -8.560439e+00 -2.982977e-01) (-5.607342e-04 -1.071607e-01 3.665587e-03)) ((1.625732e-01 -6.766450e-03 5.592957e-02) (2.142686e-04 3.020051e-06 -9.020767e-04))
1.753333      	((2.445449e-03 -6.846484e+00 -2.896296e-01) (-5.424356e-04 -1.056606e-01 3.607369e-03)) ((9.934640e-02 -6.143304e-03 6.715796e-02) (1.743910e-04 2.361337e-06 -9.219150e-04))
1.76          	((-1.407657e-03 -5.120846e+00 -2.817885e-01) (-5.230157e-04 -1.039692e-01 3.550002e-03)) ((3.608945e-02 -5.868956e-03 7.850508e-02) (1.352312e-04 1.883425e-06 -9.395957e-04))
1.766667      	((-6.162246e-03 -3.390724e+00 -2.705036e-01) (-5.038116e-04 -1.020906e-01 3.494772e-03)) ((-2.673952e-02 -5.968244e-03 8.942170e-02) (9.676045e-05 1.697575e-06 -9.550946e-04))
1.773333      	((-9.538913e-03 -1.656378e+00 -2.604566e-01) (-4.825205e-04 -1.000290e-01 3.441225e-03)) ((-8.886693e-02 -5.746525e-03 1.008035e-01) (5.942314e-05 1.374145e-06 -9.683015e-04))
1.78          	((-1.025797e-02 8.531356e-02 -2.510412e-01) (-4.615583e-04 -9.779140e-02 3.387907e-03)) ((-1.508614e-01 -5.174741e-03 1.121477e-01) (2.289494e-05 9.079986e-07 -9.787945e-04))
1.786667      	((-1.119198e-02 1.828135e+00 -2.412595e-01) (-4.429505e-04 -9.538208e-02 3.335754e-03)) ((-2.125116e-01 -4.757566e-03 1.233351e-01) (-1.295418e-05 3.371437e-07 -9.870749e-04))
1.793333      	((-1.145658e-02 3.564461e+00 -2.321697e-01) (-4.255073e-04 -9.280554e-02 3.280515e-03)) ((-2.728365e-01 -4.212560e-03 1.348369e-01) (-4.775940e-05 -1.284049e-07 -9.923161e-04))
1.8           	((-1.194990e-02 5.286120e+00 -2.269485e-01) (-4.080630e-04 -9.006658e-02 3.223822e-03)) ((-3.320454e-01 -4.162986e-03 1.456087e-01) (-8.169130e-05 -3.811836e-07 -9.948503e-04))
1.806667      	((-1.034197e-02 6.988639e+00 -2.182134e-01) (-3.911886e-04 -8.717148e-02 3.167403e-03)) ((-3.903878e-01 -3.774118e-03 1.567319e-01) (-1.154789e-04 -7.626421e-07 -9.949418e-04))
1.813333      	((-7.753568e-03 8.677624e+00 -2.051902e-01) (-3.755254e-04 -8.412766e-02 3.109812e-03)) ((-4.482480e-01 -3.315575e-03 1.672601e-01) (-1.485611e-04 -1.172601e-06 -9.922239e-04))
1.82          	((-8.559877e-03 1.034145e+01 -1.947190e-01) (-3.616868e-04 -8.094208e-02 3.053561e-03)) ((-5.041495e-01 -3.091971e-03 1.777121e-01) (-1.813317e-04 -1.359618e-06 -9.871717e-04))
1.826667      	((-8.421400e-03 1.198350e+01 -1.817738e-01) (-3.514912e-04 -7.762115e-02 2.997230e-03)) ((-5.590617e-01 -2.961596e-03 1.882102e-01) (-2.136208e-04 -1.338268e-06 -9.796784e-04))
1.833333      	((-8.228962e-03 1.359786e+01 -1.686251e-01) (-3.429450e-04 -7.417275e-02 2.942036e-03)) ((-6.126124e-01 -2.991853e-03 1.985535e-01) (-2.453651e-04 -1.080280e-06 -9.697899e-04))
1.84          	((-8.053686e-03 1.518710e+01 -1.561148e-01) (-3.331281e-04 -7.060612e-02 2.887230e-03)) ((-6.644063e-01 -2.695675e-03 2.086056e-01) (-2.768261e-04 -9.196117e-07 -9.572352e-04))
1.846667      	((-7.010647e-03 1.673723e+01 -1.493950e-01) (-3.250544e-04 -6.692558e-02 2.832553e-03)) ((-7.142673e-01 -2.493443e-03 2.182962e-01) (-3.078663e-04 -8.718449e-07 -9.425410e-04))
1.853333      	((-6.267726e-03 1.825764e+01 -1.390357e-01) (-3.170998e-04 -6.314229e-02 2.776378e-03)) ((-7.630487e-01 -2.066670e-03 2.275865e-01) (-3.382884e-04 -4.215250e-07 -9.259113e-04))
1.86          	((-7.995971e-03 1.973566e+01 -1.263185e-01) (-3.125926e-04 -5.925813e-02 2.719830e-03)) ((-8.100138e-01 -1.628500e-03 2.367638e-01) (-3.684119e-04 4.826591e-09 -9.079851e-04))
1.866667      	((-9.726552e-03 2.117289e+01 -1.117688e-01) (-3.089508e-04 -5.528049e-02 2.664944e-03)) ((-8.559876e-01 -1.207694e-03 2.459649e-01) (-3.982458e-04 -7.894339e-08 -8.888056e-04))
1.873333      	((-9.710503e-03 2.256236e+01 -1.010137e-01) (-3.066287e-04 -5.121894e-02 2.611405e-03)) ((-9.002787e-01 -9.016198e-04 2.546441e-01) (-4.275412e-04 -1.376036e-08 -8.678592e-04))
1.88          	((-9.105300e-03 2.390600e+01 -8.740269e-02) (-3.057867e-04 -4.707893e-02 2.561131e-03)) ((-9.429495e-01 -5.240900e-04 2.626151e-01) (-4.562589e-04 -3.352882e-07 -8.454566e-04))
1.886667      	((-9.976362e-03 2.519772e+01 -8.032757e-02) (-3.049542e-04 -4.286779e-02 2.513989e-03)) ((-9.832638e-01 -4.903667e-04 2.697452e-01) (-4.841122e-04 -5.972524e-07 -8.217821e-04))
1.893333      	((-1.146716e-02 2.643013e+01 -7.182832e-02) (-3.070244e-04 -3.859416e-02 2.468024e-03)) ((-1.021227e+00 -4.707355e-04 2.768821e-01) (-5.113274e-04 -6.792203e-07 -7.965403e-04))
1.9           	((-1.242773e-02 2.760239e+01 -5.957547e-02) (-3.090359e-04 -3.426279e-02 2.423218e-03)) ((-1.056601e+00 2.675102e-06 2.838786e-01) (-5.380675e-04 -4.547207e-07 -7.704013e-04))
1.906667      	((-1.202993e-02 2.872243e+01 -4.953884e-02) (-3.120500e-04 -2.988202e-02 2.379352e-03)) ((-1.090336e+00 2.789130e-04 2.904254e-01) (-5.647556e-04 2.196925e-07 -7.434242e-04))
1.913333      	((-1.144259e-02 2.977928e+01 -4.369068e-02) (-3.158276e-04 -2.545918e-02 2.338326e-03)) ((-1.122264e+00 7.119152e-04 2.963216e-01) (-5.914677e-04 1.149925e-06 -7.154510e-04))
1.92          	((-1.157736e-02 3.077444e+01 -3.046945e-02) (-3.211576e-04 -2.099629e-02 2.299031e-03)) ((-1.152236e+00 1.091299e-03 3.021676e-01) (-6.181413e-04 2.206348e-06 -6.869960e-04))
1.926667      	((-1.514637e-02 3.170949e+01 -2.212690e-02) (-3.251200e-04 -1.650252e-02 2.264134e-03)) ((-1.180430e+00 1.326224e-03 3.074609e-01) (-6.448016e-04 3.362788e-06 -6.578793e-04))
1.933333      	((-1.783236e-02 3.258095e+01 -1.634195e-02) (-3.296867e-04 -1.198796e-02 2.232664e-03)) ((-1.206189e+00 1.674443e-03 3.125933e-01) (-6.713528e-04 4.110554e-06 -6.279538e-04))
1.94          	((-1.924685e-02 3.338774e+01 -1.636807e-02) (-3.345336e-04 -7.460564e-03 2.209624e-03)) ((-1.230381e+00 2.095268e-03 3.173643e-01) (-6.974087e-04 5.092208e-06 -5.978762e-04))
1.946667      	((-1.957665e-02 3.412855e+01 -2.062150e-02) (-3.417696e-04 -2.923405e-03 2.193616e-03)) ((-1.251907e+00 2.168992e-03 3.208637e-01) (-7.232798e-04 6.178888e-06 -5.676363e-04))
1.953333      	((-1.849734e-02 3.479446e+01 -3.121657e-02) (-3.513285e-04 1.614349e-03 2.187736e-03)) ((-1.270448e+00 3.218143e-03 3.243341e-01) (-7.486244e-04 7.217210e-06 -5.375136e-04))
1.96          	((-2.167094e-02 3.539237e+01 -5.375461e-02) (-3.635829e-04 6.140493e-03 2.190376e-03)) ((-1.287864e+00 3.490805e-03 3.266512e-01) (-7.727877e-04 8.314062e-06 -5.078144e-04))
1.966667      	((-2.147565e-02 3.594375e+01 -6.830448e-02) (-3.793233e-04 1.065091e-02 2.197447e-03)) ((-1.304568e+00 3.554096e-03 3.282807e-01) (-7.964646e-04 9.093122e-06 -4.780304e-04))
1.973333      	((-2.291180e-02 3.643328e+01 -6.322813e-02) (-3.938423e-04 1.514097e-02 2.212246e-03)) ((-1.319318e+00 4.111890e-03 3.302400e-01) (-8.195714e-04 9.516736e-06 -4.490861e-04))
1.98          	((-1.888120e-02 3.684859e+01 -6.755009e-02) (-4.124012e-04 1.961062e-02 2.241818e-03)) ((-1.331677e+00 5.058700e-03 3.303580e-01) (-8.429706e-04 9.991244e-06 -4.208666e-04))
1.986667      	((-2.594241e-02 3.720874e+01 -6.248936e-02) (-4.320453e-04 2.404797e-02 2.278768e-03)) ((-1.340712e+00 4.685355e-03 3.297431e-01) (-8.651651e-04 1.109194e-05 -3.930408e-04))
1.993333      	((-2.884845e-02 3.750919e+01 -4.238021e-02) (-4.558648e-04 2.844307e-02 2.327065e-03)) ((-1.348722e+00 4.806729e-03 3.291239e-01) (-8.849948e-04 1.204661e-05 -3.665394e-04))
2             	((-2.782115e-02 3.780715e+01 -5.644784e-02) (-4.810219e-04 3.280267e-02 2.383556e-03)) ((-1.353401e+00 5.182675e-03 3.269414e-01) (-9.031536e-04 1.344552e-05 -3.408609e-04))
2.006667      	((-3.571272e-02 3.813816e+01 4.831172e-02) (-5.145502e-04 3.712720e-02 2.447750e-03)) ((-1.389932e+00 5.985646e-03 3.245259e-01) (-9.211880e-04 1.478149e-05 -3.164747e-04))
2.013333      	((-3.058717e-02 3.795589e+01 -1.549283e-01) (-5.482712e-04 4.137265e-02 2.522230e-03)) ((-1.353526e+00 7.321222e-03 3.173445e-01) (-9.362758e-04 1.647312e-05 -2.930756e-04))
2.02          	((-3.449002e-02 3.822591e+01 -9.796984e-02) (-5.850753e-04 4.557147e-02 2.608856e-03)) ((-1.365117e+00 6.424837e-03 3.147849e-01) (-9.502249e-04 1.803596e-05 -2.698343e-04))
2.026667      	((-3.712827e-02 3.830961e+01 -1.092198e-01) (-6.224222e-04 4.971863e-02 2.704930e-03)) ((-1.363444e+00 6.954182e-03 3.101928e-01) (-9.623947e-04 1.905219e-05 -2.468164e-04))
2.033333      	((-2.999132e-02 3.834560e+01 -8.474513e-02) (-6.614039e-04 5.380894e-02 2.809159e-03)) ((-1.363017e+00 6.977380e-03 3.047573e-01) (-9.727181e-04 2.014302e-05 -2.242727e-04))
2.04          	((-2.696978e-02 3.831230e+01 -9.725411e-02) (-6.998850e-04 5.782936e-02 2.922488e-03)) ((-1.358658e+00 7.268942e-03 2.966218e-01) (-9.812053e-04 2.071850e-05 -2.016392e-04))
2.046667      	((-2.377150e-02 3.822211e+01 -1.227219e-01) (-7.378820e-04 6.177602e-02 3.047648e-03)) ((-1.350934e+00 7.541248e-03 2.886107e-01) (-9.883033e-04 2.036575e-05 -1.789660e-04))
2.053333      	((-2.001742e-02 3.807500e+01 -1.310724e-01) (-7.741239e-04 6.563343e-02 3.181441e-03)) ((-1.341393e+00 7.616372e-03 2.808802e-01) (-9.936561e-04 1.877498e-05 -1.562171e-04))
2.06          	((-1.679818e-02 3.788102e+01 -1.507879e-01) (-8.087977e-04 6.939488e-02 3.321180e-03)) ((-1.329813e+00 7.640825e-03 2.721923e-01) (-9.973710e-04 1.631720e-05 -1.333537e-04))
2.066667      	((-1.123706e-02 3.762878e+01 -1.692019e-01) (-8.370227e-04 7.305120e-02 3.465780e-03)) ((-1.316901e+00 7.777018e-03 2.633248e-01) (-9.988425e-04 1.300498e-05 -1.105874e-04))
2.073333      	((-4.955729e-03 3.731338e+01 -1.870844e-01) (-8.640412e-04 7.658695e-02 3.612511e-03)) ((-1.302458e+00 7.795139e-03 2.534937e-01) (-9.983979e-04 8.978522e-06 -8.720253e-05))
2.08          	((8.964645e-04 3.694925e+01 -2.039444e-01) (-8.837942e-04 7.999414e-02 3.759711e-03)) ((-1.285145e+00 7.301012e-03 2.427859e-01) (-9.956345e-04 4.264774e-06 -6.353815e-05))
2.086667      	((6.494308e-03 3.652401e+01 -2.203459e-01) (-9.013495e-04 8.326387e-02 3.905311e-03)) ((-1.266095e+00 6.819717e-03 2.316842e-01) (-9.901504e-04 -1.053324e-06 -3.881931e-05))
2.093333      	((1.243096e-02 3.603795e+01 -2.332655e-01) (-9.148925e-04 8.639408e-02 4.049339e-03)) ((-1.243489e+00 6.555997e-03 2.202196e-01) (-9.821518e-04 -6.986589e-06 -1.234235e-05))
2.1           	((1.857954e-02 3.549456e+01 -2.476831e-01) (-9.230765e-04 8.937284e-02 4.192260e-03)) ((-1.219939e+00 6.281207e-03 2.080568e-01) (-9.717252e-04 -1.385181e-05 1.513290e-05))
2.106667      	((2.550077e-02 3.489184e+01 -2.540578e-01) (-9.270646e-04 9.219504e-02 4.334282e-03)) ((-1.194524e+00 6.217317e-03 1.958291e-01) (-9.590887e-04 -2.118907e-05 4.402194e-05))
2.113333      	((3.207449e-02 3.422727e+01 -2.652236e-01) (-9.269082e-04 9.485724e-02 4.475204e-03)) ((-1.166573e+00 5.767122e-03 1.833778e-01) (-9.445974e-04 -2.867606e-05 7.446709e-05))
2.12          	((4.060994e-02 3.349781e+01 -2.704451e-01) (-9.247841e-04 9.735270e-02 4.608763e-03)) ((-1.136037e+00 5.401951e-03 1.712769e-01) (-9.280159e-04 -3.669026e-05 1.070254e-04))
2.126667      	((4.924196e-02 3.270101e+01 -2.763100e-01) (-9.203691e-04 9.967118e-02 4.733594e-03)) ((-1.103266e+00 4.775894e-03 1.582684e-01) (-9.091501e-04 -4.506573e-05 1.409279e-04))
2.133333      	((5.642829e-02 3.183551e+01 -2.818206e-01) (-9.161312e-04 1.018044e-01 4.847570e-03)) ((-1.067559e+00 4.417531e-03 1.453462e-01) (-8.880516e-04 -5.371813e-05 1.770952e-04))
2.14          	((6.207250e-02 3.090481e+01 -2.918244e-01) (-9.078152e-04 1.037511e-01 4.949720e-03)) ((-1.030276e+00 3.972832e-03 1.326323e-01) (-8.649571e-04 -6.242986e-05 2.144266e-04))
2.146667      	((6.534572e-02 2.990813e+01 -3.065033e-01) (-8.989851e-04 1.055053e-01 5.036005e-03)) ((-9.909154e-01 3.587706e-03 1.202208e-01) (-8.391479e-04 -7.105924e-05 2.531128e-04))
2.153333      	((6.841497e-02 2.884361e+01 -3.164807e-01) (-8.878471e-04 1.070614e-01 5.104798e-03)) ((-9.488044e-01 3.402172e-03 1.077288e-01) (-8.097812e-04 -7.967042e-05 2.931440e-04))
2.16          	((7.135005e-02 2.771320e+01 -3.257045e-01) (-8.739977e-04 1.084138e-01 5.157236e-03)) ((-9.041997e-01 3.025085e-03 9.509656e-02) (-7.773459e-04 -8.738814e-05 3.333483e-04))
2.166667      	((7.297434e-02 2.651767e+01 -3.299345e-01) (-8.578570e-04 1.095610e-01 5.199690e-03)) ((-8.575356e-01 2.607007e-03 8.263021e-02) (-7.421479e-04 -9.394958e-05 3.741564e-04))
2.173333      	((7.418928e-02 2.526563e+01 -3.337876e-01) (-8.402718e-04 1.105006e-01 5.228793e-03)) ((-8.084986e-01 2.070051e-03 7.064886e-02) (-7.044916e-04 -9.989616e-05 4.152957e-04))
2.18          	((7.469814e-02 2.395201e+01 -3.352068e-01) (-8.226464e-04 1.112300e-01 5.248539e-03)) ((-7.569861e-01 1.919808e-03 5.882344e-02) (-6.646982e-04 -1.052884e-04 4.563746e-04))
2.186667      	((7.405371e-02 2.258761e+01 -3.296162e-01) (-8.038632e-04 1.117480e-01 5.254852e-03)) ((-7.034722e-01 1.807161e-03 4.650273e-02) (-6.229023e-04 -1.098711e-04 4.971535e-04))
2.193333      	((7.248181e-02 2.117202e+01 -3.277180e-01) (-7.859189e-04 1.120564e-01 5.254540e-03)) ((-6.479776e-01 1.071853e-03 3.449831e-02) (-5.797104e-04 -1.132059e-04 5.376383e-04))
2.2           	((6.828600e-02 1.970914e+01 -3.269951e-01) (-7.710315e-04 1.121579e-01 5.244632e-03)) ((-5.902544e-01 9.860074e-04 2.272654e-02) (-5.357149e-04 -1.156397e-04 5.775029e-04))
2.206667      	((6.517502e-02 1.820127e+01 -3.218141e-01) (-7.579148e-04 1.120484e-01 5.226801e-03)) ((-5.307835e-01 8.891950e-04 1.113243e-02) (-4.910908e-04 -1.176043e-04 6.158944e-04))
2.213333      	((6.146422e-02 1.665391e+01 -3.193846e-01) (-7.429854e-04 1.117306e-01 5.200983e-03)) ((-4.701516e-01 7.351720e-04 -5.903658e-04) (-4.466123e-04 -1.188569e-04 6.528006e-04))
2.22          	((5.671359e-02 1.506885e+01 -3.198138e-01) (-7.300515e-04 1.112045e-01 5.170975e-03)) ((-4.086305e-01 4.845888e-04 -1.216949e-02) (-4.021268e-04 -1.195686e-04 6.879138e-04))
2.226667      	((5.177999e-02 1.344409e+01 -3.114223e-01) (-7.181732e-04 1.104703e-01 5.135440e-03)) ((-3.460563e-01 3.421449e-05 -2.358648e-02) (-3.577445e-04 -1.199228e-04 7.209409e-04))
2.233333      	((4.611577e-02 1.179540e+01 -3.030454e-01) (-7.084961e-04 1.095298e-01 5.095251e-03)) ((-2.833814e-01 -2.298180e-04 -3.511417e-02) (-3.138705e-04 -1.197720e-04 7.520837e-04))
2.24          	((4.167827e-02 1.012342e+01 -2.943162e-01) (-6.963526e-04 1.083887e-01 5.053090e-03)) ((-2.210038e-01 -6.231898e-04 -4.673997e-02) (-2.702069e-04 -1.193156e-04 7.810205e-04))
2.246667      	((3.774317e-02 8.428262e+00 -2.847046e-01) (-6.838904e-04 1.070506e-01 5.005338e-03)) ((-1.578294e-01 -9.146911e-04 -5.844067e-02) (-2.271263e-04 -1.183638e-04 8.073025e-04))
2.253333      	((3.335423e-02 6.715947e+00 -2.711204e-01) (-6.712538e-04 1.055160e-01 4.956151e-03)) ((-9.451903e-02 -1.321657e-03 -6.995663e-02) (-1.845394e-04 -1.171774e-04 8.310322e-04))
2.26          	((3.013271e-02 4.996542e+00 -2.570398e-01) (-6.589299e-04 1.037870e-01 4.904966e-03)) ((-3.146866e-02 -1.591469e-03 -8.143153e-02) (-1.425958e-04 -1.161358e-04 8.531120e-04))
2.266667      	((2.728352e-02 3.266188e+00 -2.468032e-01) (-6.466223e-04 1.018699e-01 4.852189e-03)) ((3.100696e-02 -1.820220e-03 -9.281727e-02) (-1.017365e-04 -1.145168e-04 8.722070e-04))
2.273333      	((2.292958e-02 1.530007e+00 -2.344025e-01) (-6.354649e-04 9.976763e-02 4.797744e-03)) ((9.362383e-02 -2.459082e-03 -1.039687e-01) (-6.148892e-05 -1.123559e-04 8.886744e-04))
2.28          	((2.126540e-02 -2.137486e-01 -2.177038e-01) (-6.235339e-04 9.748585e-02 4.740534e-03)) ((1.556582e-01 -2.736726e-03 -1.153675e-01) (-2.233348e-05 -1.097974e-04 9.030931e-04))
2.286667      	((1.782980e-02 -1.952154e+00 -2.009713e-01) (-6.117204e-04 9.503298e-02 4.683335e-03)) ((2.170888e-01 -3.079071e-03 -1.269315e-01) (1.576151e-05 -1.071645e-04 9.146874e-04))
2.293333      	((1.448247e-02 -3.685024e+00 -1.878213e-01) (-6.009252e-04 9.241392e-02 4.621553e-03)) ((2.774539e-01 -3.363038e-03 -1.385055e-01) (5.291359e-05 -1.043566e-04 9.239623e-04))
2.3           	((1.264226e-02 -5.409094e+00 -1.774082e-01) (-5.914896e-04 8.963504e-02 4.555777e-03)) ((3.367271e-01 -3.897723e-03 -1.497117e-01) (8.940857e-05 -1.014762e-04 9.308241e-04))
2.306667      	((1.236366e-02 -7.111448e+00 -1.696860e-01) (-5.831432e-04 8.670163e-02 4.485241e-03)) ((3.950062e-01 -4.439021e-03 -1.607191e-01) (1.249016e-04 -9.793563e-05 9.349176e-04))
2.313333      	((1.332167e-02 -8.794602e+00 -1.544428e-01) (-5.767060e-04 8.361592e-02 4.413663e-03)) ((4.522478e-01 -4.777077e-03 -1.713240e-01) (1.598101e-04 -9.397651e-05 9.368142e-04))
2.32          	((1.386016e-02 -1.045446e+01 -1.391604e-01) (-5.695479e-04 8.038628e-02 4.340948e-03)) ((5.085180e-01 -5.290904e-03 -1.817566e-01) (1.940137e-04 -8.973914e-05 9.361782e-04))
2.326667      	((1.319924e-02 -1.209198e+01 -1.247686e-01) (-5.623677e-04 7.702059e-02 4.265782e-03)) ((5.634380e-01 -5.374350e-03 -1.919989e-01) (2.274196e-04 -8.535002e-05 9.328083e-04))
2.333333      	((1.398225e-02 -1.370640e+01 -1.105135e-01) (-5.557845e-04 7.352541e-02 4.186968e-03)) ((6.171493e-01 -5.416667e-03 -2.018131e-01) (2.598570e-04 -8.070673e-05 9.268198e-04))
2.34          	((1.303050e-02 -1.529089e+01 -9.618559e-02) (-5.488151e-04 6.990790e-02 4.107313e-03)) ((6.688482e-01 -5.770128e-03 -2.117635e-01) (2.916528e-04 -7.591423e-05 9.190263e-04))
2.346667      	((1.161875e-02 -1.683929e+01 -8.155553e-02) (-5.410402e-04 6.617701e-02 4.027456e-03)) ((7.193526e-01 -6.322691e-03 -2.212119e-01) (3.224663e-04 -7.105888e-05 9.087313e-04))
2.353333      	((1.100591e-02 -1.835256e+01 -6.711985e-02) (-5.342574e-04 6.233798e-02 3.944864e-03)) ((7.684610e-01 -6.278544e-03 -2.306799e-01) (3.526946e-04 -6.593726e-05 8.962621e-04))
2.36          	((1.052974e-02 -1.982736e+01 -5.174541e-02) (-5.269685e-04 5.840036e-02 3.858485e-03)) ((8.153300e-01 -6.295428e-03 -2.396857e-01) (3.822965e-04 -6.085741e-05 8.816504e-04))
2.366667      	((9.515393e-03 -2.126152e+01 -3.890145e-02) (-5.222234e-04 5.437148e-02 3.769073e-03)) ((8.606064e-01 -6.353480e-03 -2.483105e-01) (4.114002e-04 -5.601947e-05 8.654539e-04))
2.373333      	((6.799758e-03 -2.264971e+01 -2.828035e-02) (-5.189072e-04 5.025934e-02 3.678745e-03)) ((9.041914e-01 -6.295920e-03 -2.567494e-01) (4.398419e-04 -5.114417e-05 8.473854e-04))
2.38          	((5.898192e-03 -2.398668e+01 -1.182274e-02) (-5.138603e-04 4.607204e-02 3.589797e-03)) ((9.464501e-01 -6.249484e-03 -2.646026e-01) (4.680731e-04 -4.636182e-05 8.282184e-04))
2.386667      	((3.029666e-03 -2.527252e+01 7.167561e-04) (-5.104829e-04 4.181453e-02 3.501737e-03)) ((9.864687e-01 -6.101332e-03 -2.719273e-01) (4.956742e-04 -4.164434e-05 8.071283e-04))
2.393333      	((1.922920e-03 -2.650482e+01 6.833258e-03) (-5.102733e-04 3.749448e-02 3.416069e-03)) ((1.024513e+00 -5.850304e-03 -2.794438e-01) (5.224388e-04 -3.715653e-05 7.845691e-04))
2.4           	((1.178858e-03 -2.767566e+01 1.772075e-02) (-5.111762e-04 3.311920e-02 3.331930e-03)) ((1.060309e+00 -6.059839e-03 -2.861484e-01) (5.486342e-04 -3.219691e-05 7.612249e-04))
2.406667      	((-1.697108e-03 -2.878681e+01 3.482475e-02) (-5.127284e-04 2.869412e-02 3.248317e-03)) ((1.093454e+00 -5.816422e-03 -2.920703e-01) (5.749642e-04 -2.702248e-05 7.373679e-04))
2.413333      	((-3.339464e-03 -2.983707e+01 4.876159e-02) (-5.126233e-04 2.422526e-02 3.167374e-03)) ((1.124392e+00 -5.279323e-03 -2.976820e-01) (6.014389e-04 -2.172232e-05 7.128186e-04))
2.42          	((-4.194774e-03 -3.083277e+01 5.754540e-02) (-5.130219e-04 1.972094e-02 3.086109e-03)) ((1.154125e+00 -5.293564e-03 -3.034651e-01) (6.280143e-04 -1.661679e-05 6.871815e-04))
2.426667      	((-6.887583e-03 -3.177086e+01 6.434134e-02) (-5.108578e-04 1.518921e-02 3.007523e-03)) ((1.182442e+00 -5.280990e-03 -3.076646e-01) (6.542290e-04 -1.152766e-05 6.607769e-04))
2.433333      	((-7.173563e-03 -3.263216e+01 7.455752e-02) (-5.085751e-04 1.063658e-02 2.931562e-03)) ((1.208452e+00 -5.031539e-03 -3.126016e-01) (6.796707e-04 -6.178841e-06 6.334408e-04))
2.44          	((-7.084356e-03 -3.342520e+01 8.183506e-02) (-5.096344e-04 6.068523e-03 2.859064e-03)) ((1.231428e+00 -5.060870e-03 -3.165218e-01) (7.043515e-04 -9.622202e-07 6.054671e-04))
2.446667      	((-1.045742e-02 -3.415722e+01 7.871002e-02) (-5.098688e-04 1.493535e-03 2.789472e-03)) ((1.252269e+00 -4.329093e-03 -3.202161e-01) (7.286715e-04 4.100350e-06 5.778109e-04))
2.453333      	((-1.223681e-02 -3.483240e+01 6.646662e-02) (-5.147008e-04 -3.080528e-03 2.729749e-03)) ((1.272093e+00 -3.773639e-03 -3.231776e-01) (7.523936e-04 9.436324e-06 5.493516e-04))
2.46          	((-1.090671e-02 -3.542821e+01 4.228592e-02) (-5.268902e-04 -7.649812e-03 2.681216e-03)) ((1.290779e+00 -3.381156e-03 -3.251519e-01) (7.755846e-04 1.443333e-05 5.209396e-04))
2.466667      	((-1.478639e-02 -3.597437e+01 4.619538e-02) (-5.421614e-04 -1.220490e-02 2.640361e-03)) ((1.306280e+00 -2.998417e-03 -3.261217e-01) (7.985801e-04 1.939838e-05 4.934970e-04))
2.473333      	((-1.714213e-02 -3.647123e+01 3.579727e-02) (-5.564396e-04 -1.673867e-02 2.611543e-03)) ((1.319149e+00 -2.402448e-03 -3.271804e-01) (8.212759e-04 2.449320e-05 4.673585e-04))
2.48          	((-1.892477e-02 -3.689888e+01 2.675636e-02) (-5.707855e-04 -2.124665e-02 2.595376e-03)) ((1.332330e+00 -2.053608e-03 -3.277361e-01) (8.438061e-04 2.982253e-05 4.418790e-04))
2.486667      	((-2.066971e-02 -3.725479e+01 3.627670e-02) (-5.908891e-04 -2.572443e-02 2.587095e-03)) ((1.342734e+00 -2.115958e-03 -3.262414e-01) (8.650815e-04 3.609855e-05 4.171074e-04))
2.493333      	((-2.065446e-02 -3.753308e+01 5.957649e-02) (-6.138076e-04 -3.016199e-02 2.591411e-03)) ((1.348019e+00 -2.335856e-03 -3.241570e-01) (8.846321e-04 4.293195e-05 3.931559e-04))
2.5           	((-2.279145e-02 -3.785407e+01 6.507021e-02) (-6.379139e-04 -3.455771e-02 2.600643e-03)) ((1.357003e+00 -1.892874e-03 -3.223823e-01) (9.020007e-04 5.011102e-05 3.700135e-04))
2.506667      	((-2.788875e-02 -3.818049e+01 1.547007e-01) (-6.662850e-04 -3.891708e-02 2.624073e-03)) ((1.391912e+00 -8.198948e-04 -3.208899e-01) (9.187398e-04 5.659204e-05 3.479857e-04))
2.513333      	((-2.399546e-02 -3.798557e+01 -6.522997e-02) (-6.937619e-04 -4.320183e-02 2.657271e-03)) ((1.352930e+00 5.123216e-04 -3.129316e-01) (9.319043e-04 6.317071e-05 3.265088e-04))
2.52          	((-2.957883e-02 -3.827182e+01 4.050802e-02) (-7.263399e-04 -4.744011e-02 2.706286e-03)) ((1.365071e+00 -6.915436e-04 -3.090604e-01) (9.434464e-04 6.951451e-05 3.057878e-04))
2.526667      	((-2.590975e-02 -3.835894e+01 2.275911e-02) (-7.607147e-04 -5.163136e-02 2.768026e-03)) ((1.366284e+00 -9.860893e-04 -3.043637e-01) (9.537860e-04 7.513047e-05 2.849948e-04))
2.533333      	((-2.229812e-02 -3.839555e+01 3.583673e-02) (-7.932422e-04 -5.577072e-02 2.841667e-03)) ((1.365131e+00 -2.581940e-04 -2.985589e-01) (9.629892e-04 8.043702e-05 2.642081e-04))
2.54          	((-2.081854e-02 -3.837323e+01 1.704516e-02) (-8.214255e-04 -5.984234e-02 2.927565e-03)) ((1.360791e+00 -2.403848e-04 -2.911349e-01) (9.707497e-04 8.534404e-05 2.433512e-04))
2.546667      	((-2.116975e-02 -3.828143e+01 -6.307027e-04) (-8.510287e-04 -6.383423e-02 3.025378e-03)) ((1.354149e+00 -6.959953e-06 -2.828174e-01) (9.769480e-04 8.972897e-05 2.223455e-04))
2.553333      	((-2.049114e-02 -3.814230e+01 -1.672614e-02) (-8.760381e-04 -6.773624e-02 3.131583e-03)) ((1.344491e+00 -4.009088e-04 -2.739567e-01) (9.815309e-04 9.284677e-05 2.013596e-04))
2.56          	((-1.875669e-02 -3.794428e+01 -2.601800e-02) (-9.002778e-04 -7.153985e-02 3.244268e-03)) ((1.332730e+00 -2.911633e-04 -2.654315e-01) (9.841095e-04 9.501868e-05 1.802071e-04))
2.566667      	((-1.369347e-02 -3.769509e+01 -4.175591e-02) (-9.240565e-04 -7.523226e-02 3.364122e-03)) ((1.319951e+00 -3.240754e-04 -2.562580e-01) (9.847630e-04 9.619309e-05 1.575679e-04))
2.573333      	((-1.083588e-02 -3.739069e+01 -5.651428e-02) (-9.461511e-04 -7.880818e-02 3.485923e-03)) ((1.305489e+00 -9.507354e-04 -2.456112e-01) (9.834440e-04 9.625832e-05 1.336001e-04))
2.58          	((-5.031156e-03 -3.702917e+01 -7.168276e-02) (-9.666211e-04 -8.225664e-02 3.609348e-03)) ((1.288558e+00 -1.487572e-03 -2.347060e-01) (9.797480e-04 9.564085e-05 1.082028e-04))
2.586667      	((-3.417385e-04 -3.660721e+01 -8.811107e-02) (-9.854881e-04 -8.556998e-02 3.731322e-03)) ((1.269135e+00 -1.899835e-03 -2.231956e-01) (9.737505e-04 9.395843e-05 8.109608e-05))
2.593333      	((5.311144e-03 -3.612953e+01 -1.019113e-01) (-1.006730e-03 -8.873649e-02 3.851788e-03)) ((1.247758e+00 -2.392502e-03 -2.116868e-01) (9.653378e-04 9.104074e-05 5.211106e-05))
2.6           	((1.058485e-02 -3.559350e+01 -1.134493e-01) (-1.022949e-03 -9.174746e-02 3.970750e-03)) ((1.224238e+00 -2.521485e-03 -1.995877e-01) (9.545418e-04 8.734375e-05 2.145815e-05))
2.606667      	((1.645437e-02 -3.499580e+01 -1.220191e-01) (-1.038330e-03 -9.459708e-02 4.087094e-03)) ((1.198870e+00 -2.926467e-03 -1.873443e-01) (9.413093e-04 8.273766e-05 -1.137674e-05))
2.613333      	((2.296433e-02 -3.433097e+01 -1.294943e-01) (-1.049951e-03 -9.728636e-02 4.200343e-03)) ((1.170727e+00 -3.870409e-03 -1.745376e-01) (9.260301e-04 7.755659e-05 -4.575739e-05))
2.62          	((2.775416e-02 -3.360574e+01 -1.329000e-01) (-1.063094e-03 -9.979992e-02 4.310371e-03)) ((1.140793e+00 -4.229785e-03 -1.619637e-01) (9.083483e-04 7.233097e-05 -8.122315e-05))
2.626667      	((3.340582e-02 -3.280671e+01 -1.422100e-01) (-1.074748e-03 -1.021324e-01 4.410963e-03)) ((1.107616e+00 -4.612275e-03 -1.491841e-01) (8.886799e-04 6.622530e-05 -1.186207e-04))
2.633333      	((3.830422e-02 -3.194476e+01 -1.547094e-01) (-1.086293e-03 -1.042772e-01 4.503244e-03)) ((1.072693e+00 -5.222233e-03 -1.356665e-01) (8.665521e-04 6.029597e-05 -1.580016e-04))
2.64          	((4.243471e-02 -3.101366e+01 -1.693719e-01) (-1.094246e-03 -1.062275e-01 4.583081e-03)) ((1.034999e+00 -6.061140e-03 -1.232305e-01) (8.420348e-04 5.377418e-05 -1.979886e-04))
2.646667      	((4.385858e-02 -3.001830e+01 -1.855065e-01) (-1.103718e-03 -1.079791e-01 4.647583e-03)) ((9.951246e-01 -6.378347e-03 -1.110410e-01) (8.145155e-04 4.680660e-05 -2.390278e-04))
2.653333      	((4.609252e-02 -2.895870e+01 -1.998461e-01) (-1.111231e-03 -1.095269e-01 4.698287e-03)) ((9.532294e-01 -6.435579e-03 -9.887453e-02) (7.839828e-04 4.029815e-05 -2.817368e-04))
2.66          	((4.522715e-02 -2.782751e+01 -2.114799e-01) (-1.113930e-03 -1.108675e-01 4.735846e-03)) ((9.082266e-01 -6.757112e-03 -8.669490e-02) (7.511159e-04 3.394295e-05 -3.244156e-04))
2.666667      	((4.361250e-02 -2.662854e+01 -2.195029e-01) (-1.117955e-03 -1.119995e-01 4.762642e-03)) ((8.614223e-01 -7.218437e-03 -7.491660e-02) (7.159912e-04 2.819704e-05 -3.671435e-04))
2.673333      	((4.035116e-02 -2.537314e+01 -2.294542e-01) (-1.119664e-03 -1.129208e-01 4.781785e-03)) ((8.117795e-01 -7.485156e-03 -6.276064e-02) (6.789381e-04 2.286068e-05 -4.095421e-04))
2.68          	((3.539832e-02 -2.405895e+01 -2.344704e-01) (-1.119119e-03 -1.136303e-01 4.794261e-03)) ((7.600523e-01 -7.764980e-03 -5.117021e-02) (6.405557e-04 1.808513e-05 -4.507318e-04))
2.686667      	((2.980839e-02 -2.269176e+01 -2.364470e-01) (-1.112305e-03 -1.141272e-01 4.797966e-03)) ((7.064961e-01 -7.449285e-03 -3.976856e-02) (6.006044e-04 1.386616e-05 -4.908586e-04))
2.693333      	((2.710034e-02 -2.127272e+01 -2.411061e-01) (-1.104489e-03 -1.144122e-01 4.796325e-03)) ((6.509234e-01 -7.252833e-03 -2.804384e-02) (5.596208e-04 1.028612e-05 -5.296644e-04))
2.7           	((2.257443e-02 -1.980654e+01 -2.424314e-01) (-1.090162e-03 -1.144869e-01 4.789019e-03)) ((5.934143e-01 -7.195503e-03 -1.686898e-02) (5.180454e-04 7.011369e-06 -5.674257e-04))
2.706667      	((1.838675e-02 -1.829342e+01 -2.412010e-01) (-1.074636e-03 -1.143505e-01 4.775323e-03)) ((5.343377e-01 -7.042330e-03 -5.513845e-03) (4.761384e-04 4.799792e-06 -6.034099e-04))
2.713333      	((1.331031e-02 -1.673720e+01 -2.407378e-01) (-1.058468e-03 -1.140059e-01 4.758246e-03)) ((4.735989e-01 -6.918030e-03 5.519871e-03) (4.340178e-04 3.667310e-06 -6.375301e-04))
2.72          	((4.543068e-03 -1.514632e+01 -2.421964e-01) (-1.042244e-03 -1.134571e-01 4.734812e-03)) ((4.124331e-01 -6.916344e-03 1.627193e-02) (3.915297e-04 3.101701e-06 -6.704099e-04))
2.726667      	((-2.389093e-03 -1.352322e+01 -2.411505e-01) (-1.023906e-03 -1.127042e-01 4.709919e-03)) ((3.508617e-01 -6.268861e-03 2.702366e-02) (3.488686e-04 3.017091e-06 -7.009478e-04))
2.733333      	((-8.286341e-03 -1.187380e+01 -2.359144e-01) (-1.004935e-03 -1.117443e-01 4.682285e-03)) ((2.883924e-01 -6.254807e-03 3.799514e-02) (3.064979e-04 2.991307e-06 -7.294800e-04))
2.74          	((-1.412597e-02 -1.019951e+01 -2.302784e-01) (-9.846673e-04 -1.105813e-01 4.650405e-03)) ((2.254318e-01 -5.889175e-03 4.874380e-02) (2.643531e-04 3.415024e-06 -7.557363e-04))
2.746667      	((-1.924263e-02 -8.503413e+00 -2.214360e-01) (-9.590953e-04 -1.092192e-01 4.616912e-03)) ((1.622676e-01 -5.950747e-03 5.994590e-02) (2.225092e-04 3.562126e-06 -7.799227e-04))
2.753333      	((-2.425249e-02 -6.790893e+00 -2.127060e-01) (-9.319895e-04 -1.076591e-01 4.584334e-03)) ((9.904857e-02 -5.883677e-03 7.130255e-02) (1.810746e-04 3.743019e-06 -8.026666e-04))
2.76          	((-2.720637e-02 -5.065904e+00 -2.062156e-01) (-9.026183e-04 -1.059074e-01 4.552358e-03)) ((3.572443e-02 -5.563296e-03 8.207123e-02) (1.400230e-04 4.169764e-06 -8.227039e-04))
2.766667      	((-2.962276e-02 -3.334660e+00 -1.989159e-01) (-8.726877e-04 -1.039673e-01 4.521521e-03)) ((-2.720113e-02 -5.261249e-03 9.295155e-02) (9.945016e-05 4.864986e-06 -8.403802e-04))
2.773333      	((-3.180214e-02 -1.601004e+00 -1.893916e-01) (-8.383532e-04 -1.018446e-01 4.490682e-03)) ((-8.926670e-02 -4.908320e-03 1.036834e-01) (5.969492e-05 5.819486e-06 -8.558438e-04))
2.78          	((-3.143034e-02 1.391340e-01 -1.810562e-01) (-8.058989e-04 -9.953945e-02 4.458901e-03)) ((-1.513069e-01 -4.697158e-03 1.149405e-01) (2.084026e-05 6.979000e-06 -8.682237e-04))
2.786667      	((-3.148873e-02 1.879361e+00 -1.674870e-01) (-7.728046e-04 -9.706193e-02 4.425994e-03)) ((-2.130100e-01 -4.437260e-03 1.261076e-01) (-1.745739e-05 7.880658e-06 -8.779167e-04))
2.793333      	((-3.092282e-02 3.615389e+00 -1.597451e-01) (-7.417676e-04 -9.441457e-02 4.389842e-03)) ((-2.736240e-01 -4.255007e-03 1.372561e-01) (-5.504720e-05 9.254079e-06 -8.851860e-04))
2.8           	((-2.853392e-02 5.336215e+00 -1.552448e-01) (-7.111093e-04 -9.160392e-02 4.350172e-03)) ((-3.329648e-01 -3.996982e-03 1.482759e-01) (-9.181581e-05 1.078641e-05 -8.901672e-04))
2.806667      	((-2.629237e-02 7.038302e+00 -1.481519e-01) (-6.818253e-04 -8.863542e-02 4.310436e-03)) ((-3.915293e-01 -3.736941e-03 1.590922e-01) (-1.279383e-04 1.223211e-05 -8.919847e-04))
2.813333      	((-2.308360e-02 8.724233e+00 -1.432505e-01) (-6.532163e-04 -8.551869e-02 4.268643e-03)) ((-4.487759e-01 -3.658265e-03 1.696755e-01) (-1.633971e-04 1.388007e-05 -8.910844e-04))
2.82          	((-2.074785e-02 1.038936e+01 -1.349554e-01) (-6.266648e-04 -8.225890e-02 4.225654e-03)) ((-5.047763e-01 -3.291491e-03 1.804746e-01) (-1.982899e-04 1.546316e-05 -8.880228e-04))
2.826667      	((-1.843675e-02 1.202925e+01 -1.253641e-01) (-6.025003e-04 -7.885878e-02 4.181349e-03)) ((-5.597257e-01 -3.121197e-03 1.910747e-01) (-2.325643e-04 1.682501e-05 -8.825156e-04))
2.833333      	((-1.632040e-02 1.364413e+01 -1.159956e-01) (-5.800379e-04 -7.533025e-02 4.134593e-03)) ((-6.133456e-01 -3.188836e-03 2.010008e-01) (-2.661807e-04 1.846891e-05 -8.745720e-04))
2.84          	((-1.367114e-02 1.522746e+01 -1.056097e-01) (-5.610387e-04 -7.168091e-02 4.088434e-03)) ((-6.650357e-01 -3.109401e-03 2.104658e-01) (-2.994382e-04 2.049546e-05 -8.646819e-04))
2.846667      	((-1.104234e-02 1.677912e+01 -9.526770e-02) (-5.437975e-04 -6.791666e-02 4.039791e-03)) ((-7.154944e-01 -2.939422e-03 2.198870e-01) (-3.322253e-04 2.233343e-05 -8.524977e-04))
2.853333      	((-1.191889e-02 1.829474e+01 -9.222425e-02) (-5.278523e-04 -6.404687e-02 3.987625e-03)) ((-7.640738e-01 -2.460506e-03 2.293089e-01) (-3.643900e-04 2.427861e-05 -8.385932e-04))
2.86          	((-9.882746e-03 1.977212e+01 -7.873258e-02) (-5.127727e-04 -6.007856e-02 3.931929e-03)) ((-8.114553e-01 -2.099581e-03 2.386659e-01) (-3.962058e-04 2.590575e-05 -8.230976e-04))
2.866667      	((-9.646480e-03 2.120878e+01 -6.698975e-02) (-5.004444e-04 -5.601758e-02 3.875707e-03)) ((-8.578836e-01 -2.001159e-03 2.476536e-01) (-4.276072e-04 2.731681e-05 -8.060873e-04))
2.873333      	((-8.039569e-03 2.259689e+01 -5.727113e-02) (-4.911305e-04 -5.187104e-02 3.819787e-03)) ((-9.020137e-01 -1.656586e-03 2.564475e-01) (-4.583248e-04 2.851444e-05 -7.876398e-04))
2.88          	((-6.738591e-03 2.393999e+01 -5.124112e-02) (-4.811928e-04 -4.764891e-02 3.764653e-03)) ((-9.443364e-01 -1.060320e-03 2.644235e-01) (-4.879697e-04 2.940236e-05 -7.679224e-04))
2.886667      	((-4.773609e-03 2.522512e+01 -4.457328e-02) (-4.730431e-04 -4.335384e-02 3.711447e-03)) ((-9.845293e-01 -6.646028e-04 2.718798e-01) (-5.166261e-04 3.012327e-05 -7.472189e-04))
2.893333      	((-4.555347e-03 2.645734e+01 -3.885096e-02) (-4.681706e-04 -3.899370e-02 3.660517e-03)) ((-1.022340e+00 -7.802161e-04 2.785959e-01) (-5.448236e-04 3.121329e-05 -7.248810e-04))
2.9           	((-5.280738e-03 2.763122e+01 -3.191332e-02) (-4.673124e-04 -3.457724e-02 3.611235e-03)) ((-1.058664e+00 -5.163980e-04 2.852652e-01) (-5.726904e-04 3.247569e-05 -7.014782e-04))
2.906667      	((-7.205039e-03 2.874825e+01 -2.276518e-02) (-4.695541e-04 -3.011300e-02 3.564289e-03)) ((-1.092647e+00 -1.514605e-04 2.916525e-01) (-6.006092e-04 3.407607e-05 -6.775693e-04))
2.913333      	((-9.188422e-03 2.980356e+01 -1.392908e-02) (-4.735090e-04 -2.560620e-02 3.517860e-03)) ((-1.124149e+00 1.306077e-05 2.972338e-01) (-6.283582e-04 3.588269e-05 -6.531834e-04))
2.92          	((-1.178975e-02 3.079917e+01 -3.389731e-03) (-4.786855e-04 -2.106523e-02 3.473352e-03)) ((-1.153924e+00 7.037785e-04 3.030682e-01) (-6.558340e-04 3.787280e-05 -6.283523e-04))
2.926667      	((-1.390432e-02 3.173424e+01 2.392702e-03) (-4.827579e-04 -1.649526e-02 3.430181e-03)) ((-1.182403e+00 9.409607e-04 3.085162e-01) (-6.832156e-04 3.998408e-05 -6.030029e-04))
2.933333      	((-1.487301e-02 3.260309e+01 3.903725e-03) (-4.884678e-04 -1.190299e-02 3.391104e-03)) ((-1.208731e+00 1.280877e-03 3.140813e-01) (-7.101291e-04 4.113219e-05 -5.766095e-04))
2.94          	((-1.299035e-02 3.340876e+01 7.646751e-03) (-4.941768e-04 -7.298005e-03 3.358087e-03)) ((-1.232935e+00 1.850433e-03 3.186025e-01) (-7.370248e-04 4.182588e-05 -5.497050e-04))
2.946667      	((-1.454690e-02 3.414357e+01 -6.414767e-03) (-5.019061e-04 -2.686849e-03 3.330232e-03)) ((-1.254341e+00 2.258113e-03 3.222362e-01) (-7.635566e-04 4.223869e-05 -5.225591e-04))
2.953333      	((-1.477462e-02 3.481428e+01 -1.595183e-02) (-5.124106e-04 1.920920e-03 3.308694e-03)) ((-1.273247e+00 2.812277e-03 3.253260e-01) (-7.897196e-04 4.315620e-05 -4.953635e-04))
2.96          	((-1.413504e-02 3.541945e+01 -3.609897e-02) (-5.245933e-04 6.521177e-03 3.296158e-03)) ((-1.291205e+00 3.650931e-03 3.279764e-01) (-8.149010e-04 4.369689e-05 -4.680716e-04))
2.966667      	((-1.795178e-02 3.596907e+01 -4.876570e-02) (-5.417029e-04 1.110721e-02 3.289743e-03)) ((-1.308526e+00 3.803644e-03 3.295287e-01) (-8.392801e-04 4.325513e-05 -4.411847e-04))
2.973333      	((-1.981139e-02 3.646045e+01 -5.192048e-02) (-5.633373e-04 1.566713e-02 3.290974e-03)) ((-1.322264e+00 4.599199e-03 3.308734e-01) (-8.633133e-04 4.279909e-05 -4.151630e-04))
2.98          	((-2.307510e-02 3.687712e+01 -5.670254e-02) (-5.861294e-04 2.020417e-02 3.305551e-03)) ((-1.333977e+00 5.471591e-03 3.309276e-01) (-8.875308e-04 4.263565e-05 -3.895781e-04))
2.986667      	((-2.335702e-02 3.722683e+01 -4.600686e-02) (-6.148226e-04 2.470600e-02 3.328223e-03)) ((-1.344109e+00 5.104644e-03 3.304763e-01) (-9.096901e-04 4.317224e-05 -3.649492e-04))
2.993333      	((-2.703144e-02 3.752947e+01 -5.090257e-02) (-6.437261e-04 2.916617e-02 3.366193e-03)) ((-1.351635e+00 5.344469e-03 3.296969e-01) (-9.297963e-04 4.404052e-05 -3.414781e-04))
3             	((-2.518493e-02 3.784015e+01 -5.714808e-02) (-6.767122e-04 3.358870e-02 3.412683e-03)) ((-1.359832e+00 5.847416e-03 3.258732e-01) (-9.484095e-04 4.520753e-05 -3.185319e-04))
3.006667      	((-3.106313e-02 3.811782e+01 9.562533e-02) (-7.112349e-04 3.796889e-02 3.469268e-03)) ((-1.389272e+00 6.744627e-03 3.238182e-01) (-9.667700e-04 4.677620e-05 -2.968834e-04))
3.013333      	((-3.251523e-02 3.798534e+01 -1.898816e-01) (-7.463916e-04 4.227264e-02 3.532749e-03)) ((-1.357199e+00 8.686014e-03 3.169985e-01) (-9.817271e-04 4.854530e-05 -2.760251e-04))
3.02          	((-4.213182e-02 3.824721e+01 -5.922069e-02) (-7.857448e-04 4.652574e-02 3.610134e-03)) ((-1.367145e+00 8.562487e-03 3.142298e-01) (-9.953643e-04 4.976782e-05 -2.547503e-04))
3.026667      	((-3.806149e-02 3.833306e+01 -7.661295e-02) (-8.303791e-04 5.072777e-02 3.698390e-03)) ((-1.368078e+00 8.927588e-03 3.096552e-01) (-1.007203e-03 5.121721e-05 -2.333135e-04))
3.033333      	((-3.512846e-02 3.835204e+01 -7.226313e-02) (-8.712882e-04 5.486982e-02 3.792166e-03)) ((-1.367965e+00 7.642462e-03 3.031482e-01) (-1.017384e-03 5.202006e-05 -2.124628e-04))
3.04          	((-3.329606e-02 3.832419e+01 -8.653582e-02) (-9.114521e-04 5.894137e-02 3.894089e-03)) ((-1.362922e+00 8.152857e-03 2.956085e-01) (-1.026134e-03 5.201669e-05 -1.918490e-04))
3.046667      	((-2.749872e-02 3.823304e+01 -1.054469e-01) (-9.521662e-04 6.293716e-02 4.007033e-03)) ((-1.355535e+00 9.368091e-03 2.879436e-01) (-1.033532e-03 5.058608e-05 -1.711417e-04))
3.053333      	((-2.818652e-02 3.808429e+01 -1.185334e-01) (-9.888489e-04 6.684355e-02 4.129501e-03)) ((-1.345649e+00 9.601269e-03 2.797435e-01) (-1.039063e-03 4.821164e-05 -1.499321e-04))
3.06          	((-2.447436e-02 3.788446e+01 -1.396598e-01) (-1.025246e-03 7.064978e-02 4.258566e-03)) ((-1.334816e+00 9.763314e-03 2.711808e-01) (-1.042881e-03 4.455484e-05 -1.281780e-04))
3.066667      	((-2.259081e-02 3.763242e+01 -1.571077e-01) (-1.061599e-03 7.434621e-02 4.393258e-03)) ((-1.322005e+00 9.504061e-03 2.616054e-01) (-1.044737e-03 4.002826e-05 -1.064412e-04))
3.073333      	((-1.908657e-02 3.732447e+01 -1.742973e-01) (-1.091425e-03 7.792152e-02 4.528384e-03)) ((-1.307256e+00 9.287557e-03 2.515365e-01) (-1.044571e-03 3.471056e-05 -8.472129e-05))
3.08          	((-1.379359e-02 3.695713e+01 -1.881756e-01) (-1.115641e-03 8.136488e-02 4.662512e-03)) ((-1.289490e+00 8.813237e-03 2.411328e-01) (-1.042184e-03 2.875314e-05 -6.145385e-05))
3.086667      	((-8.990900e-03 3.652901e+01 -1.999850e-01) (-1.134724e-03 8.467211e-02 4.794205e-03)) ((-1.270020e+00 8.542844e-03 2.298626e-01) (-1.037044e-03 2.167393e-05 -3.681864e-05))
3.093333      	((-3.702997e-03 3.604500e+01 -2.150756e-01) (-1.151708e-03 8.783874e-02 4.922069e-03)) ((-1.248259e+00 8.302828e-03 2.183592e-01) (-1.029447e-03 1.396013e-05 -1.074519e-05))
3.1           	((2.454629e-03 3.550077e+01 -2.275209e-01) (-1.165297e-03 9.085446e-02 5.046397e-03)) ((-1.224204e+00 7.993450e-03 2.066847e-01) (-1.019336e-03 5.360171e-06 1.669184e-05))
3.106667      	((7.295759e-03 3.489365e+01 -2.331857e-01) (-1.175580e-03 9.370810e-02 5.170202e-03)) ((-1.198227e+00 8.124117e-03 1.944175e-01) (-1.006141e-03 -3.603519e-06 4.604483e-05))
3.113333      	((1.460377e-02 3.422715e+01 -2.372955e-01) (-1.183300e-03 9.640155e-02 5.289390e-03)) ((-1.170012e+00 7.901286e-03 1.822498e-01) (-9.905950e-04 -1.302507e-05 7.732446e-05))
3.12          	((1.945348e-02 3.349250e+01 -2.447723e-01) (-1.187478e-03 9.892306e-02 5.401473e-03)) ((-1.139132e+00 7.664630e-03 1.699211e-01) (-9.730234e-04 -2.284110e-05 1.099610e-04))
3.126667      	((2.524742e-02 3.268943e+01 -2.481229e-01) (-1.189411e-03 1.012647e-01 5.504572e-03)) ((-1.105386e+00 7.188241e-03 1.571544e-01) (-9.532568e-04 -3.273468e-05 1.447098e-04))
3.133333      	((2.917100e-02 3.182550e+01 -2.570010e-01) (-1.190599e-03 1.034196e-01 5.594142e-03)) ((-1.069607e+00 6.507133e-03 1.440992e-01) (-9.313334e-04 -4.264040e-05 1.807215e-04))
3.14          	((3.536526e-02 3.089028e+01 -2.669022e-01) (-1.191870e-03 1.053815e-01 5.668454e-03)) ((-1.031680e+00 5.972083e-03 1.309293e-01) (-9.069494e-04 -5.261914e-05 2.179957e-04))
3.146667      	((3.900352e-02 2.988998e+01 -2.761588e-01) (-1.190353e-03 1.071457e-01 5.726372e-03)) ((-9.908864e-01 5.375614e-03 1.182296e-01) (-8.797869e-04 -6.222623e-05 2.563133e-04))
3.153333      	((4.246851e-02 2.882262e+01 -2.862724e-01) (-1.185920e-03 1.087095e-01 5.769093e-03)) ((-9.482087e-01 5.004187e-03 1.057457e-01) (-8.496801e-04 -7.150208e-05 2.954074e-04))
3.16          	((4.535807e-02 2.769365e+01 -2.964314e-01) (-1.178329e-03 1.100661e-01 5.796219e-03)) ((-9.033702e-01 4.798923e-03 9.309913e-02) (-8.164655e-04 -8.007810e-05 3.353220e-04))
3.166667      	((4.707392e-02 2.649741e+01 -2.996079e-01) (-1.168878e-03 1.112156e-01 5.814052e-03)) ((-8.560019e-01 4.007645e-03 8.050481e-02) (-7.807116e-04 -8.784915e-05 3.757197e-04))
3.173333      	((4.768689e-02 2.524699e+01 -3.064035e-01) (-1.155670e-03 1.121559e-01 5.820926e-03)) ((-8.068550e-01 3.311097e-03 6.843159e-02) (-7.431188e-04 -9.441794e-05 4.155924e-04))
3.18          	((4.855971e-02 2.393360e+01 -3.074837e-01) (-1.140201e-03 1.128854e-01 5.817667e-03)) ((-7.548483e-01 3.006131e-03 5.610632e-02) (-7.035944e-04 -1.001574e-04 4.552979e-04))
3.186667      	((4.803809e-02 2.257010e+01 -3.047088e-01) (-1.124338e-03 1.133986e-01 5.806238e-03)) ((-7.009377e-01 2.636973e-03 4.350547e-02) (-6.624291e-04 -1.047414e-04 4.943324e-04))
3.193333      	((4.683478e-02 2.115427e+01 -3.041553e-01) (-1.106200e-03 1.137015e-01 5.790120e-03)) ((-6.449532e-01 2.166438e-03 3.123346e-02) (-6.201933e-04 -1.082189e-04 5.325810e-04))
3.2           	((4.540943e-02 1.968990e+01 -2.995710e-01) (-1.089712e-03 1.137930e-01 5.770035e-03)) ((-5.871120e-01 1.740635e-03 1.944229e-02) (-5.773118e-04 -1.103012e-04 5.702889e-04))
3.206667      	((4.405083e-02 1.818018e+01 -2.959412e-01) (-1.072459e-03 1.136739e-01 5.744657e-03)) ((-5.275075e-01 1.280692e-03 7.431079e-03) (-5.337517e-04 -1.111030e-04 6.064347e-04))
3.213333      	((4.214693e-02 1.663513e+01 -2.914588e-01) (-1.055451e-03 1.133412e-01 5.715732e-03)) ((-4.671250e-01 7.851218e-04 -4.357226e-03) (-4.899709e-04 -1.102464e-04 6.411022e-04))
3.22          	((3.918320e-02 1.505019e+01 -2.859170e-01) (-1.037165e-03 1.127963e-01 5.684563e-03)) ((-4.052450e-01 3.841959e-04 -1.605519e-02) (-4.460378e-04 -1.088248e-04 6.740894e-04))
3.226667      	((3.530162e-02 1.343144e+01 -2.772503e-01) (-1.019711e-03 1.120458e-01 5.649359e-03)) ((-3.430876e-01 1.647053e-04 -2.731965e-02) (-4.020845e-04 -1.067198e-04 7.053102e-04))
3.233333      	((3.169710e-02 1.178651e+01 -2.671433e-01) (-1.003802e-03 1.110913e-01 5.612118e-03)) ((-2.805906e-01 -2.719724e-04 -3.875299e-02) (-3.585617e-04 -1.037480e-04 7.338324e-04))
3.24          	((2.927105e-02 1.011289e+01 -2.545119e-01) (-9.853168e-04 1.099358e-01 5.572381e-03)) ((-2.181301e-01 -7.569339e-04 -5.048358e-02) (-3.151873e-04 -1.001739e-04 7.606456e-04))
3.246667      	((2.716501e-02 8.421513e+00 -2.400970e-01) (-9.653969e-04 1.085809e-01 5.528541e-03)) ((-1.553923e-01 -1.623495e-03 -6.220593e-02) (-2.723572e-04 -9.590938e-05 7.853810e-04))
3.253333      	((2.338931e-02 6.714989e+00 -2.298666e-01) (-9.436155e-04 1.070321e-01 5.483150e-03)) ((-9.185426e-02 -1.819732e-03 -7.342669e-02) (-2.301842e-04 -9.165399e-05 8.079338e-04))
3.26          	((2.122470e-02 4.996702e+00 -2.151117e-01) (-9.229679e-04 1.052904e-01 5.435552e-03)) ((-2.870553e-02 -2.178996e-03 -8.476773e-02) (-1.888511e-04 -8.735045e-05 8.287172e-04))
3.266667      	((2.023689e-02 3.269688e+00 -2.021533e-01) (-9.030551e-04 1.033594e-01 5.387474e-03)) ((3.378592e-02 -2.419545e-03 -9.603009e-02) (-1.484369e-04 -8.263599e-05 8.471024e-04))
3.273333      	((1.626451e-02 1.535142e+00 -1.881942e-01) (-8.828686e-04 1.012426e-01 5.339290e-03)) ((9.624937e-02 -3.144534e-03 -1.068857e-01) (-1.088126e-04 -7.776942e-05 8.630924e-04))
3.28          	((1.559709e-02 -2.036643e-01 -1.724772e-01) (-8.637722e-04 9.894512e-02 5.289877e-03)) ((1.581758e-01 -3.587639e-03 -1.181197e-01) (-7.001460e-05 -7.253483e-05 8.770749e-04))
3.286667      	((1.517169e-02 -1.939374e+00 -1.556987e-01) (-8.474222e-04 9.647261e-02 5.238755e-03)) ((2.191683e-01 -4.206888e-03 -1.295642e-01) (-3.207775e-05 -6.721471e-05 8.889880e-04))
3.293333      	((1.326667e-02 -3.672100e+00 -1.363969e-01) (-8.296447e-04 9.382954e-02 5.185062e-03)) ((2.795754e-01 -4.549601e-03 -1.403667e-01) (4.894587e-06 -6.180295e-05 8.985400e-04))
3.3           	((1.330921e-02 -5.391148e+00 -1.242169e-01) (-8.102759e-04 9.102478e-02 5.127525e-03)) ((3.386644e-01 -4.788454e-03 -1.514895e-01) (4.120340e-05 -5.655002e-05 9.054583e-04))
3.306667      	((1.216982e-02 -7.095237e+00 -1.111182e-01) (-7.918122e-04 8.806086e-02 5.065415e-03)) ((3.970454e-01 -5.443765e-03 -1.620715e-01) (7.679266e-05 -5.104575e-05 9.105331e-04))
3.313333      	((1.235500e-02 -8.779578e+00 -9.721311e-02) (-7.741324e-04 8.494420e-02 5.002077e-03)) ((4.543204e-01 -5.986729e-03 -1.724708e-01) (1.116558e-04 -4.550492e-05 9.135178e-04))
3.32          	((1.366420e-02 -1.044349e+01 -8.316648e-02) (-7.568619e-04 8.168061e-02 4.938346e-03)) ((5.106107e-01 -6.609972e-03 -1.824967e-01) (1.456371e-04 -3.974332e-05 9.141588e-04))
3.326667      	((1.438593e-02 -1.207866e+01 -7.173250e-02) (-7.382029e-04 7.827925e-02 4.872648e-03)) ((5.650440e-01 -6.731956e-03 -1.926475e-01) (1.788541e-04 -3.398338e-05 9.121284e-04))
3.333333      	((1.465607e-02 -1.369134e+01 -5.896680e-02) (-7.223662e-04 7.474583e-02 4.806030e-03)) ((6.185289e-01 -6.773494e-03 -2.024373e-01) (2.114195e-04 -2.860417e-05 9.075577e-04))
3.34          	((1.504476e-02 -1.527346e+01 -4.537877e-02) (-7.061738e-04 7.108737e-02 4.737949e-03)) ((6.704957e-01 -7.300539e-03 -2.118935e-01) (2.436646e-04 -2.307808e-05 9.005808e-04))
3.346667      	((1.591606e-02 -1.682261e+01 -3.243129e-02) (-6.914450e-04 6.731319e-02 4.667206e-03)) ((7.207941e-01 -7.824858e-03 -2.215125e-01) (2.753445e-04 -1.738402e-05 8.916786e-04))
3.353333      	((1.583477e-02 -1.833733e+01 -2.275290e-02) (-6.758131e-04 6.342988e-02 4.593692e-03)) ((7.696186e-01 -7.933657e-03 -2.310261e-01) (3.062362e-04 -1.158021e-05 8.805280e-04))
3.36          	((1.582317e-02 -1.981346e+01 -9.472352e-03) (-6.609641e-04 5.944573e-02 4.516177e-03)) ((8.166313e-01 -7.952513e-03 -2.395623e-01) (3.367097e-04 -5.856614e-06 8.671022e-04))
3.366667      	((1.551436e-02 -2.124783e+01 1.977520e-03) (-6.472668e-04 5.536889e-02 4.436759e-03)) ((8.620266e-01 -7.814470e-03 -2.478906e-01) (3.667087e-04 -5.368426e-07 8.518706e-04))
3.373333      	((1.480914e-02 -2.263585e+01 1.434813e-02) (-6.369316e-04 5.120747e-02 4.356602e-03)) ((9.055379e-01 -7.754524e-03 -2.562669e-01) (3.962601e-04 4.424214e-06 8.349218e-04))
3.38          	((1.418716e-02 -2.397551e+01 2.587733e-02) (-6.244748e-04 4.696911e-02 4.275843e-03)) ((9.475274e-01 -7.883756e-03 -2.643145e-01) (4.253270e-04 9.352792e-06 8.163597e-04))
3.386667      	((1.399521e-02 -2.526310e+01 3.797534e-02) (-6.121448e-04 4.266046e-02 4.194059e-03)) ((9.873466e-01 -7.515693e-03 -2.718028e-01) (4.537734e-04 1.368737e-05 7.962183e-04))
3.393333      	((1.237056e-02 -2.649503e+01 4.537324e-02) (-6.059559e-04 3.828871e-02 4.113606e-03)) ((1.025056e+00 -7.273333e-03 -2.790189e-01) (4.815888e-04 1.778482e-05 7.749157e-04))
3.4           	((1.000659e-02 -2.766483e+01 5.282206e-02) (-6.013606e-04 3.385968e-02 4.032426e-03)) ((1.060423e+00 -7.400516e-03 -2.856735e-01) (5.091375e-04 2.191877e-05 7.523211e-04))
3.406667      	((7.166134e-03 -2.877850e+01 6.505569e-02) (-5.978890e-04 2.938172e-02 3.953075e-03)) ((1.094323e+00 -7.548695e-03 -2.916760e-01) (5.362539e-04 2.660290e-05 7.286729e-04))
3.413333      	((5.022160e-03 -2.983009e+01 7.454609e-02) (-5.949805e-04 2.486017e-02 3.873545e-03)) ((1.125753e+00 -7.116391e-03 -2.970790e-01) (5.636160e-04 3.179423e-05 7.041831e-04))
3.42          	((4.293198e-03 -3.082927e+01 8.395282e-02) (-5.918534e-04 2.030335e-02 3.793037e-03)) ((1.155611e+00 -6.633452e-03 -3.031396e-01) (5.909318e-04 3.635113e-05 6.783960e-04))
3.426667      	((2.025200e-03 -3.176449e+01 9.733234e-02) (-5.877197e-04 1.572016e-02 3.712802e-03)) ((1.183538e+00 -6.384471e-03 -3.081636e-01) (6.181494e-04 4.063838e-05 6.519744e-04))
3.433333      	((2.159132e-03 -3.262848e+01 1.004901e-01) (-5.836801e-04 1.111834e-02 3.636509e-03)) ((1.209914e+00 -6.093064e-03 -3.133594e-01) (6.445558e-04 4.471957e-05 6.248886e-04))
3.44          	((7.259583e-04 -3.342645e+01 1.045736e-01) (-5.832526e-04 6.503486e-03 3.563606e-03)) ((1.233644e+00 -5.949539e-03 -3.172720e-01) (6.704645e-04 4.907522e-05 5.972688e-04))
3.446667      	((3.827562e-05 -3.415271e+01 9.706941e-02) (-5.832658e-04 1.882704e-03 3.494907e-03)) ((1.253501e+00 -5.241575e-03 -3.210626e-01) (6.958996e-04 5.319478e-05 5.701529e-04))
3.453333      	((1.350856e-04 -3.482091e+01 7.360361e-02) (-5.881397e-04 -2.736004e-03 3.432767e-03)) ((1.272897e+00 -4.936829e-03 -3.236062e-01) (7.205107e-04 5.745339e-05 5.428857e-04))
3.46          	((-6.800050e-04 -3.542348e+01 5.905617e-02) (-5.977511e-04 -7.346951e-03 3.378245e-03)) ((1.291470e+00 -3.740396e-03 -3.259208e-01) (7.445098e-04 6.160206e-05 5.155634e-04))
3.466667      	((-2.800522e-03 -3.597587e+01 6.074509e-02) (-6.139873e-04 -1.194349e-02 3.331879e-03)) ((1.307537e+00 -3.786369e-03 -3.275200e-01) (7.682821e-04 6.560947e-05 4.882935e-04))
3.473333      	((-8.145196e-03 -3.646779e+01 5.635655e-02) (-6.270698e-04 -1.652006e-02 3.298249e-03)) ((1.321878e+00 -2.728793e-03 -3.283607e-01) (7.920336e-04 6.974283e-05 4.621427e-04))
3.48          	((-1.103880e-02 -3.689869e+01 4.237435e-02) (-6.425139e-04 -2.106719e-02 3.274026e-03)) ((1.335746e+00 -2.847307e-03 -3.299944e-01) (8.151000e-04 7.440521e-05 4.367219e-04))
3.486667      	((-1.148367e-02 -3.724777e+01 5.458171e-02) (-6.616170e-04 -2.558645e-02 3.259303e-03)) ((1.343925e+00 -2.611862e-03 -3.278838e-01) (8.364812e-04 7.971563e-05 4.116722e-04))
3.493333      	((-1.843054e-02 -3.754008e+01 6.113112e-02) (-6.835374e-04 -3.006591e-02 3.258081e-03)) ((1.351902e+00 -2.264084e-03 -3.254414e-01) (8.563108e-04 8.597632e-05 3.878676e-04))
3.5           	((-1.235421e-02 -3.786155e+01 8.253814e-02) (-7.066967e-04 -3.450310e-02 3.261424e-03)) ((1.361522e+00 -1.723979e-03 -3.225452e-01) (8.745306e-04 9.317829e-05 3.650304e-04))
3.506667      	((-1.881546e-02 -3.811907e+01 1.912169e-01) (-7.348263e-04 -3.889531e-02 3.279854e-03)) ((1.388211e+00 -2.333632e-03 -3.217653e-01) (8.917258e-04 1.001520e-04 3.428335e-04))
3.513333      	((-1.970207e-02 -3.799739e+01 -9.004473e-02) (-7.661882e-04 -4.321664e-02 3.305600e-03)) ((1.356646e+00 5.559208e-04 -3.139056e-01) (9.059255e-04 1.067519e-04 3.219006e-04))
3.52          	((-1.847464e-02 -3.826382e+01 6.699351e-02) (-7.992668e-04 -4.749082e-02 3.347889e-03)) ((1.366885e+00 -6.195978e-04 -3.103360e-01) (9.178363e-04 1.125816e-04 3.012862e-04))
3.526667      	((-2.023396e-02 -3.834363e+01 4.341263e-02) (-8.353404e-04 -5.171529e-02 3.400992e-03)) ((1.368281e+00 -6.159837e-05 -3.056047e-01) (9.284966e-04 1.178158e-04 2.803945e-04))
3.533333      	((-1.792438e-02 -3.837323e+01 4.619551e-02) (-8.729059e-04 -5.588709e-02 3.466574e-03)) ((1.367837e+00 4.617273e-04 -2.993435e-01) (9.381453e-04 1.233301e-04 2.590114e-04))
3.54          	((-1.642464e-02 -3.833759e+01 3.021249e-02) (-9.091402e-04 -5.999381e-02 3.545336e-03)) ((1.363120e+00 7.378597e-04 -2.921654e-01) (9.466581e-04 1.280109e-04 2.376553e-04))
3.546667      	((-1.701354e-02 -3.825334e+01 1.520593e-02) (-9.437576e-04 -6.401610e-02 3.634846e-03)) ((1.357240e+00 4.960358e-04 -2.843386e-01) (9.533974e-04 1.322855e-04 2.163094e-04))
3.553333      	((-1.875058e-02 -3.810944e+01 -2.762805e-03) (-9.751275e-04 -6.795106e-02 3.729357e-03)) ((1.347357e+00 9.035390e-04 -2.757970e-01) (9.583357e-04 1.354426e-04 1.952182e-04))
3.56          	((-1.640068e-02 -3.790917e+01 -2.173380e-02) (-1.004788e-03 -7.178627e-02 3.832069e-03)) ((1.335883e+00 5.775930e-04 -2.668027e-01) (9.615466e-04 1.374435e-04 1.740940e-04))
3.566667      	((-1.452246e-02 -3.765816e+01 -3.015262e-02) (-1.034178e-03 -7.551037e-02 3.940413e-03)) ((1.322886e+00 4.618852e-04 -2.570412e-01) (9.629615e-04 1.381539e-04 1.524956e-04))
3.573333      	((-1.398848e-02 -3.735542e+01 -4.124534e-02) (-1.065084e-03 -7.911989e-02 4.051096e-03)) ((1.308037e+00 1.072025e-04 -2.465833e-01) (9.621636e-04 1.378835e-04 1.296552e-04))
3.58          	((-9.214815e-03 -3.699194e+01 -5.185023e-02) (-1.092470e-03 -8.260360e-02 4.162070e-03)) ((1.291161e+00 -4.145459e-04 -2.357899e-01) (9.589641e-04 1.366257e-04 1.050940e-04))
3.586667      	((-5.174420e-03 -3.656594e+01 -6.881160e-02) (-1.119679e-03 -8.594525e-02 4.270896e-03)) ((1.271975e+00 -5.112188e-04 -2.242664e-01) (9.533065e-04 1.343537e-04 7.908486e-05))
3.593333      	((-9.975498e-04 -3.608740e+01 -7.714510e-02) (-1.146834e-03 -8.913879e-02 4.376314e-03)) ((1.250300e+00 -1.308528e-03 -2.125671e-01) (9.449105e-04 1.312004e-04 5.090199e-05))
3.6           	((2.921702e-03 -3.554940e+01 -8.956270e-02) (-1.171309e-03 -9.217733e-02 4.478559e-03)) ((1.226709e+00 -1.485524e-03 -2.006658e-01) (9.340784e-04 1.276995e-04 2.095304e-05))
3.606667      	((7.561773e-03 -3.495048e+01 -9.658143e-02) (-1.194580e-03 -9.505377e-02 4.578029e-03)) ((1.200784e+00 -2.026827e-03 -1.886571e-01) (9.205058e-04 1.233428e-04 -9.743494e-06))
3.613333      	((1.322343e-02 -3.428842e+01 -1.022938e-01) (-1.213471e-03 -9.776384e-02 4.674238e-03)) ((1.172270e+00 -2.161188e-03 -1.760191e-01) (9.051321e-04 1.184700e-04 -4.167975e-05))
3.62          	((1.697182e-02 -3.355502e+01 -1.102438e-01) (-1.233185e-03 -1.003012e-01 4.766536e-03)) ((1.140913e+00 -2.751236e-03 -1.630708e-01) (8.872839e-04 1.131048e-04 -7.535841e-05))
3.626667      	((2.045020e-02 -3.275553e+01 -1.177280e-01) (-1.246430e-03 -1.026567e-01 4.850041e-03)) ((1.107525e+00 -3.404504e-03 -1.501875e-01) (8.663478e-04 1.068867e-04 -1.107704e-04))
3.633333      	((2.567044e-02 -3.189277e+01 -1.271766e-01) (-1.259004e-03 -1.048220e-01 4.924651e-03)) ((1.071781e+00 -4.051216e-03 -1.364699e-01) (8.432043e-04 1.006980e-04 -1.480853e-04))
3.64          	((2.809867e-02 -3.096245e+01 -1.417861e-01) (-1.269164e-03 -1.067936e-01 4.987797e-03)) ((1.034055e+00 -4.803037e-03 -1.234303e-01) (8.175118e-04 9.395156e-05 -1.860547e-04))
3.646667      	((3.014742e-02 -2.996851e+01 -1.581294e-01) (-1.278302e-03 -1.085647e-01 5.037111e-03)) ((9.938581e-01 -5.158079e-03 -1.109697e-01) (7.891382e-04 8.713300e-05 -2.250790e-04))
3.653333      	((3.003042e-02 -2.890936e+01 -1.674774e-01) (-1.283111e-03 -1.101339e-01 5.070673e-03)) ((9.509693e-01 -5.745325e-03 -9.840649e-02) (7.582012e-04 8.047015e-05 -2.653809e-04))
3.66          	((2.907150e-02 -2.778448e+01 -1.770110e-01) (-1.285992e-03 -1.114944e-01 5.092858e-03)) ((9.058240e-01 -5.964976e-03 -8.568331e-02) (7.248318e-04 7.430234e-05 -3.058263e-04))
3.666667      	((2.733741e-02 -2.659151e+01 -1.855091e-01) (-1.289151e-03 -1.126446e-01 5.107920e-03)) ((8.588350e-01 -6.723623e-03 -7.373663e-02) (6.892937e-04 6.880188e-05 -3.456564e-04))
3.673333      	((2.465926e-02 -2.533951e+01 -1.915290e-01) (-1.288606e-03 -1.135823e-01 5.116922e-03)) ((8.091843e-01 -7.286511e-03 -6.145700e-02) (6.520982e-04 6.378655e-05 -3.856375e-04))
3.68          	((2.090383e-02 -2.402779e+01 -1.969646e-01) (-1.285449e-03 -1.143055e-01 5.121785e-03)) ((7.572237e-01 -7.703550e-03 -4.974763e-02) (6.134396e-04 5.980142e-05 -4.253622e-04))
3.686667      	((1.721924e-02 -2.266343e+01 -1.994249e-01) (-1.278836e-03 -1.148143e-01 5.124219e-03)) ((7.034395e-01 -7.823504e-03 -3.802179e-02) (5.729870e-04 5.655315e-05 -4.639607e-04))
3.693333      	((1.379444e-02 -2.124732e+01 -2.016342e-01) (-1.267448e-03 -1.151079e-01 5.123771e-03)) ((6.477063e-01 -7.307750e-03 -2.624067e-02) (5.315551e-04 5.387747e-05 -5.013566e-04))
3.7           	((1.036068e-02 -1.978221e+01 -1.995925e-01) (-1.250488e-03 -1.151884e-01 5.118996e-03)) ((5.898895e-01 -7.362874e-03 -1.453620e-02) (4.900147e-04 5.179864e-05 -5.375263e-04))
3.706667      	((8.895512e-03 -1.827345e+01 -1.982427e-01) (-1.227925e-03 -1.150605e-01 5.112345e-03)) ((5.308839e-01 -7.259668e-03 -3.097739e-03) (4.482446e-04 5.083656e-05 -5.724863e-04))
3.713333      	((3.365487e-03 -1.672069e+01 -1.965246e-01) (-1.204309e-03 -1.147214e-01 5.104928e-03)) ((4.705693e-01 -7.535415e-03 8.012471e-03) (4.061997e-04 5.065822e-05 -6.060604e-04))
3.72          	((-2.540786e-03 -1.513449e+01 -1.965209e-01) (-1.179902e-03 -1.141721e-01 5.095425e-03)) ((4.094622e-01 -7.324685e-03 1.887000e-02) (3.639744e-04 5.133580e-05 -6.379532e-04))
3.726667      	((-7.465376e-03 -1.351107e+01 -1.949473e-01) (-1.155179e-03 -1.134136e-01 5.084163e-03)) ((3.475095e-01 -7.039192e-03 2.995137e-02) (3.219330e-04 5.263665e-05 -6.673726e-04))
3.733333      	((-1.273922e-02 -1.186541e+01 -1.862703e-01) (-1.126785e-03 -1.124506e-01 5.069808e-03)) ((2.854975e-01 -6.757401e-03 4.066897e-02) (2.801349e-04 5.423731e-05 -6.945930e-04))
3.74          	((-1.851584e-02 -1.018816e+01 -1.787592e-01) (-1.097920e-03 -1.112838e-01 5.052971e-03)) ((2.226187e-01 -6.727768e-03 5.165519e-02) (2.384713e-04 5.614776e-05 -7.196313e-04))
3.746667      	((-2.132776e-02 -8.496308e+00 -1.699775e-01) (-1.062986e-03 -1.099154e-01 5.036213e-03)) ((1.596773e-01 -6.527280e-03 6.291212e-02) (1.972519e-04 5.779561e-05 -7.423563e-04))
3.753333      	((-2.412730e-02 -6.782577e+00 -1.616331e-01) (-1.026279e-03 -1.083494e-01 5.019886e-03)) ((9.637072e-02 -6.362444e-03 7.409339e-02) (1.563213e-04 5.945035e-05 -7.632172e-04))
3.76          	((-2.685396e-02 -5.059112e+00 -1.539800e-01) (-9.882432e-04 -1.065899e-01 5.004725e-03)) ((3.324365e-02 -6.026761e-03 8.496261e-02) (1.158527e-04 6.091698e-05 -7.817705e-04))
3.766667      	((-2.979773e-02 -3.329721e+00 -1.457107e-01) (-9.486991e-04 -1.046425e-01 4.990402e-03)) ((-2.939805e-02 -5.716569e-03 9.580277e-02) (7.640362e-05 6.218064e-05 -7.978755e-04))
3.773333      	((-3.141293e-02 -1.594279e+00 -1.338610e-01) (-9.079679e-04 -1.025085e-01 4.975615e-03)) ((-9.173279e-02 -5.473719e-03 1.066920e-01) (3.785011e-05 6.380663e-05 -8.113206e-04))
3.78          	((-3.242774e-02 1.436217e-01 -1.227860e-01) (-8.676970e-04 -1.001922e-01 4.959642e-03)) ((-1.532211e-01 -5.264664e-03 1.178722e-01) (2.740341e-07 6.567853e-05 -8.221683e-04))
3.786667      	((-3.203095e-02 1.883556e+00 -1.091100e-01) (-8.266384e-04 -9.770149e-02 4.943486e-03)) ((-2.142441e-01 -4.987496e-03 1.289179e-01) (-3.657376e-05 6.781526e-05 -8.305429e-04))
3.793333      	((-3.086583e-02 3.616847e+00 -9.981216e-02) (-7.893278e-04 -9.504104e-02 4.923044e-03)) ((-2.745228e-01 -4.584579e-03 1.399302e-01) (-7.268761e-05 7.033176e-05 -8.366891e-04))
3.8           	((-3.052885e-02 5.335686e+00 -9.090500e-02) (-7.521208e-04 -9.221568e-02 4.896361e-03)) ((-3.338245e-01 -4.268320e-03 1.506687e-01) (-1.080424e-04 7.286381e-05 -8.404900e-04))
3.806667      	((-2.887474e-02 7.035287e+00 -8.469174e-02) (-7.158159e-04 -8.923250e-02 4.867834e-03)) ((-3.918167e-01 -3.865693e-03 1.612298e-01) (-1.424345e-04 7.521826e-05 -8.414548e-04))
3.813333      	((-2.585527e-02 8.721627e+00 -7.951445e-02) (-6.829190e-04 -8.609659e-02 4.836691e-03)) ((-4.487763e-01 -3.719694e-03 1.717591e-01) (-1.763725e-04 7.762273e-05 -8.396967e-04))
3.82          	((-2.353680e-02 1.039081e+01 -7.066071e-02) (-6.545507e-04 -8.281532e-02 4.802127e-03)) ((-5.051932e-01 -3.518100e-03 1.824125e-01) (-2.097738e-04 8.012210e-05 -8.360830e-04))
3.826667      	((-2.237366e-02 1.203156e+01 -6.139055e-02) (-6.285477e-04 -7.939449e-02 4.764892e-03)) ((-5.605511e-01 -3.559992e-03 1.926581e-01) (-2.426643e-04 8.213774e-05 -8.300862e-04))
3.833333      	((-2.008551e-02 1.364759e+01 -5.153784e-02) (-6.072299e-04 -7.584226e-02 4.723986e-03)) ((-6.139603e-01 -3.310553e-03 2.021234e-01) (-2.751308e-04 8.419883e-05 -8.222579e-04))
3.84          	((-1.834120e-02 1.522885e+01 -4.445422e-02) (-5.889506e-04 -7.216853e-02 4.681409e-03)) ((-6.657417e-01 -2.982819e-03 2.116879e-01) (-3.071588e-04 8.644812e-05 -8.128536e-04))
3.846667      	((-1.752165e-02 1.678000e+01 -3.915833e-02) (-5.729725e-04 -6.837635e-02 4.636949e-03)) ((-7.159843e-01 -3.046763e-03 2.209259e-01) (-3.388443e-04 8.866486e-05 -8.009938e-04))
3.853333      	((-1.794241e-02 1.829760e+01 -3.413238e-02) (-5.572974e-04 -6.447795e-02 4.588800e-03)) ((-7.647056e-01 -3.043204e-03 2.300128e-01) (-3.702355e-04 9.105271e-05 -7.879064e-04))
3.86          	((-1.465802e-02 1.977781e+01 -2.492861e-02) (-5.428728e-04 -6.047942e-02 4.537405e-03)) ((-8.119040e-01 -2.662692e-03 2.389442e-01) (-4.011907e-04 9.315685e-05 -7.730167e-04))
3.866667      	((-1.186259e-02 2.121348e+01 -1.316106e-02) (-5.327593e-04 -5.638703e-02 4.482070e-03)) ((-8.580425e-01 -2.216276e-03 2.479350e-01) (-4.318559e-04 9.451757e-05 -7.565314e-04))
3.873333      	((-9.408005e-03 2.260141e+01 -6.493686e-03) (-5.261157e-04 -5.220794e-02 4.424971e-03)) ((-9.022733e-01 -1.878681e-03 2.563645e-01) (-4.618013e-04 9.545286e-05 -7.386641e-04))
3.88          	((-8.566517e-03 2.394471e+01 -9.076422e-04) (-5.202619e-04 -4.795236e-02 4.368123e-03)) ((-9.443717e-01 -1.526369e-03 2.643428e-01) (-4.911347e-04 9.593886e-05 -7.201475e-04))
3.886667      	((-6.632745e-03 2.523100e+01 1.016009e-04) (-5.151599e-04 -4.362395e-02 4.313089e-03)) ((-9.845610e-01 -9.951294e-04 2.715618e-01) (-5.194925e-04 9.637638e-05 -7.004790e-04))
3.893333      	((-6.526412e-03 2.646530e+01 7.781411e-03) (-5.147090e-04 -3.923343e-02 4.257749e-03)) ((-1.022736e+00 -7.269375e-04 2.782978e-01) (-5.473841e-04 9.686311e-05 -6.796283e-04))
3.9           	((-7.272026e-03 2.763899e+01 1.000927e-02) (-5.151379e-04 -3.478630e-02 4.203006e-03)) ((-1.059022e+00 -6.972198e-04 2.849693e-01) (-5.750047e-04 9.737430e-05 -6.576931e-04))
3.906667      	((-1.055352e-02 2.875245e+01 1.784829e-02) (-5.159804e-04 -3.028985e-02 4.148297e-03)) ((-1.092771e+00 -6.154829e-04 2.913938e-01) (-6.026660e-04 9.796298e-05 -6.350888e-04))
3.913333      	((-1.143302e-02 2.980948e+01 2.382036e-02) (-5.196553e-04 -2.575193e-02 4.094360e-03)) ((-1.124837e+00 -4.966067e-04 2.971769e-01) (-6.305242e-04 9.905397e-05 -6.120346e-04))
3.92          	((-1.249651e-02 3.080633e+01 2.933047e-02) (-5.225968e-04 -2.117960e-02 4.039938e-03)) ((-1.155139e+00 -8.407949e-05 3.023201e-01) (-6.582893e-04 1.004236e-04 -5.875792e-04))
3.926667      	((-1.491172e-02 3.173940e+01 3.798058e-02) (-5.269675e-04 -1.657904e-02 3.987875e-03)) ((-1.183518e+00 4.348861e-04 3.081615e-01) (-6.859987e-04 1.014453e-04 -5.628590e-04))
3.933333      	((-1.379308e-02 3.260422e+01 4.576016e-02) (-5.295836e-04 -1.195741e-02 3.938839e-03)) ((-1.209998e+00 1.071470e-03 3.138516e-01) (-7.134325e-04 1.016637e-04 -5.374954e-04))
3.94          	((-1.219352e-02 3.341118e+01 3.779454e-02) (-5.328102e-04 -7.324398e-03 3.896561e-03)) ((-1.234301e+00 1.476530e-03 3.187755e-01) (-7.408360e-04 1.012627e-04 -5.118637e-04))
3.946667      	((-1.157668e-02 3.414812e+01 2.920241e-02) (-5.418437e-04 -2.687074e-03 3.860126e-03)) ((-1.255180e+00 1.569857e-03 3.227874e-01) (-7.678663e-04 1.008085e-04 -4.859697e-04))
3.953333      	((-1.341966e-02 3.482205e+01 4.208989e-03) (-5.531005e-04 1.947343e-03 3.830932e-03)) ((-1.274532e+00 2.426615e-03 3.255975e-01) (-7.942388e-04 1.005337e-04 -4.599194e-04))
3.96          	((-1.335482e-02 3.542867e+01 -5.105695e-03) (-5.654729e-04 6.570879e-03 3.808490e-03)) ((-1.292926e+00 3.383073e-03 3.281699e-01) (-8.199528e-04 9.956998e-05 -4.342210e-04))
3.966667      	((-1.614739e-02 3.597237e+01 -1.377133e-02) (-5.808367e-04 1.117858e-02 3.795021e-03)) ((-1.308574e+00 3.874980e-03 3.306189e-01) (-8.453734e-04 9.847114e-05 -4.083355e-04))
3.973333      	((-1.973091e-02 3.646469e+01 -1.997651e-02) (-6.001288e-04 1.576464e-02 3.788398e-03)) ((-1.323374e+00 4.415784e-03 3.319720e-01) (-8.704494e-04 9.685268e-05 -3.830106e-04))
3.98          	((-2.195459e-02 3.689368e+01 -2.412791e-02) (-6.197080e-04 2.032687e-02 3.792033e-03)) ((-1.336493e+00 4.984291e-03 3.319515e-01) (-8.949790e-04 9.559303e-05 -3.588301e-04))
3.986667      	((-2.443536e-02 3.723345e+01 -2.204833e-02) (-6.432714e-04 2.485331e-02 3.804547e-03)) ((-1.346091e+00 4.806208e-03 3.317683e-01) (-9.178603e-04 9.530043e-05 -3.346943e-04))
3.993333      	((-2.758398e-02 3.754633e+01 -2.857242e-02) (-6.674348e-04 2.933674e-02 3.832535e-03)) ((-1.353840e+00 5.350750e-03 3.301376e-01) (-9.384668e-04 9.557521e-05 -3.119421e-04))
4             	((-2.740463e-02 3.786027e+01 -2.728728e-02) (-6.952100e-04 3.378210e-02 3.871194e-03)) ((-1.364992e+00 6.013215e-03 3.269700e-01) (-9.575401e-04 9.608077e-05 -2.902817e-04))
4.006667      	((-3.094216e-02 3.807650e+01 1.160799e-01) (-7.266732e-04 3.818132e-02 3.923824e-03)) ((-1.389154e+00 5.600502e-03 3.241841e-01) (-9.761725e-04 9.704890e-05 -2.693956e-04))
4.013333      	((-3.880619e-02 3.799538e+01 -1.806237e-01) (-7.601302e-04 4.250688e-02 3.977362e-03)) ((-1.358942e+00 8.055042e-03 3.184721e-01) (-9.919171e-04 9.772735e-05 -2.494326e-04))
4.02          	((-3.827424e-02 3.825144e+01 -2.813426e-02) (-7.976453e-04 4.678148e-02 4.046590e-03)) ((-1.370013e+00 7.773395e-03 3.142969e-01) (-1.005961e-03 9.824724e-05 -2.292300e-04))
4.026667      	((-3.813403e-02 3.833621e+01 -6.003981e-02) (-8.397799e-04 5.100171e-02 4.126111e-03)) ((-1.370051e+00 9.000905e-03 3.100735e-01) (-1.018124e-03 9.850979e-05 -2.085336e-04))
4.033333      	((-3.641708e-02 3.834729e+01 -4.243708e-02) (-8.818430e-04 5.516440e-02 4.215371e-03)) ((-1.370642e+00 8.003039e-03 3.036851e-01) (-1.028936e-03 9.844045e-05 -1.878041e-04))
4.04          	((-3.622981e-02 3.831610e+01 -6.263312e-02) (-9.228801e-04 5.925683e-02 4.312276e-03)) ((-1.365939e+00 8.261274e-03 2.962939e-01) (-1.038483e-03 9.747943e-05 -1.673415e-04))
4.046667      	((-3.381624e-02 3.822716e+01 -8.081371e-02) (-9.610530e-04 6.327144e-02 4.416486e-03)) ((-1.358848e+00 9.043096e-03 2.887576e-01) (-1.046460e-03 9.553854e-05 -1.463452e-04))
4.053333      	((-3.196161e-02 3.808241e+01 -9.418264e-02) (-9.964940e-04 6.719524e-02 4.531685e-03)) ((-1.349879e+00 8.965222e-03 2.804831e-01) (-1.052637e-03 9.254971e-05 -1.250539e-04))
4.06          	((-2.885458e-02 3.787718e+01 -1.096158e-01) (-1.029865e-03 7.101399e-02 4.652594e-03)) ((-1.338504e+00 9.234674e-03 2.721309e-01) (-1.056974e-03 8.858307e-05 -1.037499e-04))
4.066667      	((-2.746587e-02 3.762442e+01 -1.277376e-01) (-1.062957e-03 7.472661e-02 4.777204e-03)) ((-1.325811e+00 9.096802e-03 2.624251e-01) (-1.059537e-03 8.356667e-05 -8.246655e-05))
4.073333      	((-2.633904e-02 3.731684e+01 -1.432385e-01) (-1.092271e-03 7.831828e-02 4.902655e-03)) ((-1.310573e+00 8.873294e-03 2.522735e-01) (-1.059956e-03 7.758691e-05 -6.031313e-05))
4.08          	((-2.076489e-02 3.694938e+01 -1.579753e-01) (-1.113362e-03 8.178065e-02 5.027554e-03)) ((-1.293408e+00 8.529627e-03 2.415972e-01) (-1.057982e-03 7.049923e-05 -3.723605e-05))
4.086667      	((-1.568693e-02 3.652061e+01 -1.686181e-01) (-1.129406e-03 8.510545e-02 5.150030e-03)) ((-1.273687e+00 8.132344e-03 2.305101e-01) (-1.053784e-03 6.253109e-05 -1.272710e-05))
4.093333      	((-1.191130e-02 3.603508e+01 -1.799107e-01) (-1.142671e-03 8.828416e-02 5.268083e-03)) ((-1.252053e+00 8.169323e-03 2.189809e-01) (-1.047122e-03 5.394137e-05 1.312621e-05))
4.1           	((-7.202629e-03 3.549246e+01 -1.930501e-01) (-1.152773e-03 9.130831e-02 5.385236e-03)) ((-1.228019e+00 8.086665e-03 2.072255e-01) (-1.037578e-03 4.459347e-05 4.093477e-05))
4.106667      	((-9.384264e-04 3.488472e+01 -1.993521e-01) (-1.159225e-03 9.417433e-02 5.499436e-03)) ((-1.201464e+00 7.868510e-03 1.952430e-01) (-1.025329e-03 3.473000e-05 7.047714e-05))
4.113333      	((3.584308e-03 3.421366e+01 -2.036182e-01) (-1.164581e-03 9.687379e-02 5.608324e-03)) ((-1.172845e+00 7.795268e-03 1.832901e-01) (-1.010660e-03 2.415651e-05 1.018410e-04))
4.12          	((8.864091e-03 3.347858e+01 -2.110212e-01) (-1.165964e-03 9.940294e-02 5.709504e-03)) ((-1.141630e+00 7.430323e-03 1.708493e-01) (-9.937238e-04 1.338518e-05 1.349649e-04))
4.126667      	((1.495348e-02 3.267299e+01 -2.219562e-01) (-1.163396e-03 1.017525e-01 5.802731e-03)) ((-1.107739e+00 7.140534e-03 1.580187e-01) (-9.747912e-04 2.757628e-06 1.699689e-04))
4.133333      	((2.000253e-02 3.180466e+01 -2.304167e-01) (-1.160447e-03 1.039101e-01 5.884985e-03)) ((-1.071870e+00 6.373801e-03 1.449710e-01) (-9.533638e-04 -7.659734e-06 2.067778e-04))
4.14          	((2.479419e-02 3.087045e+01 -2.417303e-01) (-1.156056e-03 1.058749e-01 5.949630e-03)) ((-1.033449e+00 6.026688e-03 1.321411e-01) (-9.295047e-04 -1.781308e-05 2.444566e-04))
4.146667      	((2.853534e-02 2.987055e+01 -2.512267e-01) (-1.150457e-03 1.076437e-01 5.998939e-03)) ((-9.928387e-01 5.714397e-03 1.189097e-01) (-9.029674e-04 -2.783457e-05 2.833425e-04))
4.153333      	((3.135850e-02 2.880317e+01 -2.598474e-01) (-1.142076e-03 1.092073e-01 6.032223e-03)) ((-9.497469e-01 5.468286e-03 1.061154e-01) (-8.733276e-04 -3.761626e-05 3.234758e-04))
4.16          	((3.323713e-02 2.767594e+01 -2.735883e-01) (-1.131999e-03 1.105610e-01 6.050777e-03)) ((-9.045864e-01 5.256872e-03 9.355530e-02) (-8.407484e-04 -4.647679e-05 3.640285e-04))
4.166667      	((3.609999e-02 2.648032e+01 -2.808736e-01) (-1.118205e-03 1.117070e-01 6.060119e-03)) ((-8.566763e-01 4.621145e-03 8.096285e-02) (-8.057736e-04 -5.416738e-05 4.049708e-04))
4.173333      	((3.762844e-02 2.522810e+01 -2.848119e-01) (-1.104778e-03 1.126451e-01 6.061142e-03)) ((-8.068239e-01 4.061346e-03 6.848416e-02) (-7.691214e-04 -6.091529e-05 4.457591e-04))
4.18          	((3.503443e-02 2.391636e+01 -2.902907e-01) (-1.089509e-03 1.133695e-01 6.054658e-03)) ((-7.547397e-01 3.939914e-03 5.613151e-02) (-7.306057e-04 -6.665442e-05 4.855879e-04))
4.186667      	((3.638080e-02 2.255561e+01 -2.884235e-01) (-1.074591e-03 1.138826e-01 6.042128e-03)) ((-7.007450e-01 3.460209e-03 4.368087e-02) (-6.901548e-04 -7.077814e-05 5.250935e-04))
4.193333      	((3.580473e-02 2.114034e+01 -2.868739e-01) (-1.058117e-03 1.141850e-01 6.025714e-03)) ((-6.447146e-01 3.154074e-03 3.107128e-02) (-6.482995e-04 -7.387017e-05 5.633003e-04))
4.2           	((3.396667e-02 1.967696e+01 -2.848776e-01) (-1.042253e-03 1.142760e-01 6.005406e-03)) ((-5.869850e-01 2.672097e-03 1.877911e-02) (-6.057242e-04 -7.570162e-05 6.004772e-04))
4.206667      	((3.225352e-02 1.817109e+01 -2.828844e-01) (-1.025173e-03 1.141582e-01 5.982998e-03)) ((-5.273297e-01 2.498051e-03 6.955693e-03) (-5.625441e-04 -7.625326e-05 6.354281e-04))
4.213333      	((2.941314e-02 1.662719e+01 -2.782317e-01) (-1.009461e-03 1.138287e-01 5.958649e-03)) ((-4.666025e-01 2.022118e-03 -4.988163e-03) (-5.188321e-04 -7.569276e-05 6.692753e-04))
4.22          	((2.706228e-02 1.504462e+01 -2.724609e-01) (-9.950329e-04 1.132882e-01 5.933053e-03)) ((-4.053374e-01 1.673891e-03 -1.694764e-02) (-4.748774e-04 -7.441745e-05 7.011672e-04))
4.226667      	((2.316216e-02 1.342664e+01 -2.645174e-01) (-9.798451e-04 1.125433e-01 5.907098e-03)) ((-3.429157e-01 1.186106e-03 -2.899889e-02) (-4.306646e-04 -7.201884e-05 7.313970e-04))
4.233333      	((1.922478e-02 1.178062e+01 -2.526194e-01) (-9.635314e-04 1.115960e-01 5.880825e-03)) ((-2.802581e-01 6.087622e-04 -4.087265e-02) (-3.864942e-04 -6.873085e-05 7.594015e-04))
4.24          	((1.636643e-02 1.011062e+01 -2.389276e-01) (-9.432123e-04 1.104477e-01 5.852359e-03)) ((-2.173153e-01 2.824449e-04 -5.239810e-02) (-3.427994e-04 -6.461597e-05 7.855032e-04))
4.246667      	((1.510233e-02 8.419857e+00 -2.235535e-01) (-9.232725e-04 1.090997e-01 5.822153e-03)) ((-1.542391e-01 6.621422e-06 -6.407169e-02) (-2.994662e-04 -5.989833e-05 8.090166e-04))
4.253333      	((1.144067e-02 6.715324e+00 -2.119020e-01) (-9.028048e-04 1.075571e-01 5.792382e-03)) ((-9.101524e-02 -3.192384e-04 -7.580709e-02) (-2.564821e-04 -5.487118e-05 8.303232e-04))
4.26          	((7.247671e-03 4.995994e+00 -1.977247e-01) (-8.824053e-04 1.058228e-01 5.761942e-03)) ((-2.772392e-02 -7.206646e-04 -8.730167e-02) (-2.145025e-04 -4.974801e-05 8.496599e-04))
4.266667      	((4.812097e-03 3.269969e+00 -1.826436e-01) (-8.618203e-04 1.038994e-01 5.729845e-03)) ((3.459889e-02 -1.291720e-03 -9.877600e-02) (-1.731976e-04 -4.420043e-05 8.663099e-04))
4.273333      	((3.409533e-03 1.537432e+00 -1.662039e-01) (-8.413546e-04 1.017886e-01 5.697172e-03)) ((9.669177e-02 -1.854481e-03 -1.101386e-01) (-1.327362e-04 -3.854903e-05 8.805696e-04))
4.28          	((3.013023e-03 -2.038713e-01 -1.471819e-01) (-8.215075e-04 9.949706e-02 5.662146e-03)) ((1.588156e-01 -2.333775e-03 -1.212615e-01) (-9.278864e-05 -3.275330e-05 8.924017e-04))
4.286667      	((1.533935e-03 -1.939099e+00 -1.305481e-01) (-8.026667e-04 9.703173e-02 5.625879e-03)) ((2.197001e-01 -2.887146e-03 -1.327974e-01) (-5.356051e-05 -2.678694e-05 9.023459e-04))
4.293333      	((2.994898e-04 -3.668752e+00 -1.160427e-01) (-7.848403e-04 9.439454e-02 5.585042e-03)) ((2.794211e-01 -3.471937e-03 -1.438947e-01) (-1.505425e-05 -2.057318e-05 9.103565e-04))
4.3           	((-9.724677e-04 -5.389469e+00 -9.635401e-02) (-7.650488e-04 9.159230e-02 5.538668e-03)) ((3.387030e-01 -3.841583e-03 -1.548954e-01) (2.300901e-05 -1.465801e-05 9.159093e-04))
4.306667      	((-2.849805e-04 -7.091876e+00 -8.108852e-02) (-7.469102e-04 8.862956e-02 5.485857e-03)) ((3.970222e-01 -4.406399e-03 -1.654651e-01) (6.020375e-05 -8.504950e-06 9.196010e-04))
4.313333      	((1.630750e-03 -8.776999e+00 -6.865285e-02) (-7.298660e-04 8.551446e-02 5.429411e-03)) ((4.546037e-01 -5.151745e-03 -1.761143e-01) (9.663641e-05 -2.598148e-06 9.210207e-04))
4.32          	((3.783361e-03 -1.043798e+01 -5.525853e-02) (-7.126068e-04 8.225155e-02 5.370915e-03)) ((5.103393e-01 -5.796497e-03 -1.863274e-01) (1.320235e-04 3.343656e-06 9.200137e-04))
4.326667      	((4.864700e-03 -1.207635e+01 -4.074188e-02) (-6.963813e-04 7.884727e-02 5.309097e-03)) ((5.651770e-01 -5.994275e-03 -1.963736e-01) (1.668857e-04 9.193485e-06 9.170738e-04))
4.333333      	((6.147769e-03 -1.368852e+01 -3.113058e-02) (-6.788866e-04 7.530894e-02 5.242605e-03)) ((6.183447e-01 -6.159646e-03 -2.061995e-01) (2.009946e-04 1.465978e-05 9.116854e-04))
4.34          	((6.824683e-03 -1.527042e+01 -1.819904e-02) (-6.609644e-04 7.164798e-02 5.174684e-03)) ((6.700854e-01 -6.658336e-03 -2.154477e-01) (2.346952e-04 1.993831e-05 9.039307e-04))
4.346667      	((8.243728e-03 -1.682091e+01 -5.183932e-03) (-6.431442e-04 6.786774e-02 5.102580e-03)) ((7.204859e-01 -7.115590e-03 -2.249176e-01) (2.676212e-04 2.523117e-05 8.938631e-04))
4.353333      	((9.953049e-03 -1.833580e+01 6.994121e-03) (-6.256909e-04 6.397591e-02 5.026193e-03)) ((7.694341e-01 -7.555162e-03 -2.342003e-01) (3.001906e-04 3.051588e-05 8.816220e-04))
4.36          	((1.141406e-02 -1.981013e+01 1.831890e-02) (-6.082817e-04 5.998206e-02 4.948040e-03)) ((8.162817e-01 -7.707937e-03 -2.429532e-01) (3.322005e-04 3.588635e-05 8.673629e-04))
4.366667      	((1.114009e-02 -2.124195e+01 3.008052e-02) (-5.906422e-04 5.589423e-02 4.867069e-03)) ((8.618050e-01 -7.868226e-03 -2.511879e-01) (3.637554e-04 4.088107e-05 8.513007e-04))
4.373333      	((1.161139e-02 -2.263381e+01 4.005942e-02) (-5.737534e-04 5.171929e-02 4.784384e-03)) ((9.058149e-01 -7.793426e-03 -2.595259e-01) (3.954557e-04 4.571234e-05 8.335766e-04))
4.38          	((1.252792e-02 -2.397350e+01 5.014752e-02) (-5.581562e-04 4.746698e-02 4.698684e-03)) ((9.477920e-01 -7.928426e-03 -2.672346e-01) (4.263771e-04 5.004953e-05 8.145635e-04))
4.386667      	((1.141250e-02 -2.526070e+01 6.136084e-02) (-5.455822e-04 4.314204e-02 4.610939e-03)) ((9.873711e-01 -7.976711e-03 -2.744605e-01) (4.562383e-04 5.350650e-05 7.939367e-04))
4.393333      	((1.048420e-02 -2.648865e+01 7.316839e-02) (-5.362860e-04 3.875376e-02 4.524649e-03)) ((1.024904e+00 -7.763059e-03 -2.816644e-01) (4.855069e-04 5.691066e-05 7.723148e-04))
4.4           	((8.876556e-03 -2.766168e+01 7.593440e-02) (-5.282742e-04 3.430840e-02 4.436909e-03)) ((1.061054e+00 -7.527907e-03 -2.880931e-01) (5.146123e-04 6.020959e-05 7.496535e-04))
4.406667      	((5.792654e-03 -2.877634e+01 8.388182e-02) (-5.214003e-04 2.981405e-02 4.351197e-03)) ((1.095081e+00 -7.526307e-03 -2.942616e-01) (5.431098e-04 6.408953e-05 7.260533e-04))
4.413333      	((5.129099e-03 -2.983019e+01 9.299577e-02) (-5.179245e-04 2.527803e-02 4.264891e-03)) ((1.127155e+00 -7.081614e-03 -2.995350e-01) (5.717665e-04 6.811008e-05 7.022452e-04))
4.42          	((4.538204e-03 -3.082568e+01 1.042965e-01) (-5.146379e-04 2.070438e-02 4.177285e-03)) ((1.156921e+00 -6.807599e-03 -3.048469e-01) (6.002534e-04 7.209435e-05 6.773621e-04))
4.426667      	((8.805277e-04 -3.175982e+01 1.178633e-01) (-5.085972e-04 1.610263e-02 4.091762e-03)) ((1.184865e+00 -6.664493e-03 -3.099514e-01) (6.282973e-04 7.572161e-05 6.515736e-04))
4.433333      	((-7.809365e-04 -3.262627e+01 1.223115e-01) (-5.021191e-04 1.148392e-02 4.007800e-03)) ((1.210894e+00 -6.403274e-03 -3.158466e-01) (6.552972e-04 7.904098e-05 6.249478e-04))
4.44          	((1.759691e-04 -3.341592e+01 1.132781e-01) (-4.963243e-04 6.850048e-03 3.926081e-03)) ((1.233890e+00 -5.968757e-03 -3.194114e-01) (6.821499e-04 8.238115e-05 5.985381e-04))
4.446667      	((-1.616114e-03 -3.414541e+01 1.100036e-01) (-4.924947e-04 2.211127e-03 3.850325e-03)) ((1.254329e+00 -5.554666e-03 -3.225422e-01) (7.086751e-04 8.505244e-05 5.723787e-04))
4.453333      	((7.934199e-04 -3.481960e+01 9.292462e-02) (-4.920880e-04 -2.426665e-03 3.783267e-03)) ((1.274382e+00 -5.400907e-03 -3.246949e-01) (7.342078e-04 8.797763e-05 5.462890e-04))
4.46          	((-2.155691e-03 -3.542378e+01 9.099518e-02) (-4.962994e-04 -7.052202e-03 3.723924e-03)) ((1.292320e+00 -4.627196e-03 -3.267418e-01) (7.590057e-04 9.093922e-05 5.196566e-04))
4.466667      	((-4.703147e-03 -3.597473e+01 9.085401e-02) (-5.059169e-04 -1.166411e-02 3.672170e-03)) ((1.309189e+00 -3.530008e-03 -3.287465e-01) (7.837499e-04 9.350445e-05 4.928803e-04))
4.473333      	((-6.392764e-03 -3.646286e+01 7.817067e-02) (-5.153814e-04 -1.625707e-02 3.630164e-03)) ((1.323596e+00 -2.486649e-03 -3.304512e-01) (8.083654e-04 9.662130e-05 4.675783e-04))
4.48          	((-1.185263e-02 -3.689111e+01 6.087999e-02) (-5.257121e-04 -2.082189e-02 3.596356e-03)) ((1.337834e+00 -2.181729e-03 -3.313204e-01) (8.316023e-04 1.000078e-04 4.429732e-04))
4.486667      	((-1.397400e-02 -3.723834e+01 8.046281e-02) (-5.426376e-04 -2.535164e-02 3.572548e-03)) ((1.345931e+00 -2.227027e-03 -3.294578e-01) (8.533642e-04 1.038743e-04 4.184033e-04))
4.493333      	((-1.598408e-02 -3.754343e+01 8.343997e-02) (-5.648154e-04 -2.984475e-02 3.560613e-03)) ((1.353810e+00 -1.110347e-03 -3.264753e-01) (8.735659e-04 1.088474e-04 3.953116e-04))
4.5           	((-1.815736e-02 -3.786049e+01 8.572695e-02) (-5.859198e-04 -3.429759e-02 3.555504e-03)) ((1.364015e+00 -1.301196e-03 -3.235606e-01) (8.922299e-04 1.146855e-04 3.732830e-04))
4.506667      	((-2.102143e-02 -3.808636e+01 2.245183e-01) (-6.079429e-04 -3.870400e-02 3.564264e-03)) ((1.386736e+00 -1.343220e-03 -3.224270e-01) (9.099401e-04 1.202754e-04 3.514015e-04))
4.513333      	((-2.401728e-02 -3.799020e+01 -7.330263e-02) (-6.368358e-04 -4.304039e-02 3.579532e-03)) ((1.359126e+00 1.146063e-03 -3.152519e-01) (9.247113e-04 1.251857e-04 3.309996e-04))
4.52          	((-2.427021e-02 -3.826363e+01 8.374923e-02) (-6.680230e-04 -4.732991e-02 3.612328e-03)) ((1.369368e+00 1.997770e-04 -3.112998e-01) (9.372887e-04 1.301007e-04 3.111773e-04))
4.526667      	((-2.470604e-02 -3.832883e+01 6.631044e-02) (-7.029823e-04 -5.157067e-02 3.659472e-03)) ((1.369118e+00 8.277007e-04 -3.062792e-01) (9.484899e-04 1.346239e-04 2.905836e-04))
4.533333      	((-2.059737e-02 -3.835512e+01 6.530617e-02) (-7.382179e-04 -5.575583e-02 3.718552e-03)) ((1.369054e+00 4.502376e-04 -2.995456e-01) (9.586658e-04 1.390051e-04 2.696062e-04))
4.54          	((-2.146842e-02 -3.832086e+01 5.973669e-02) (-7.728121e-04 -5.987488e-02 3.788075e-03)) ((1.365183e+00 9.956939e-04 -2.928688e-01) (9.674068e-04 1.426446e-04 2.486765e-04))
4.546667      	((-2.063196e-02 -3.823447e+01 4.491775e-02) (-8.073180e-04 -6.391431e-02 3.870027e-03)) ((1.358761e+00 1.629819e-03 -2.847905e-01) (9.739549e-04 1.459924e-04 2.274753e-04))
4.553333      	((-2.387791e-02 -3.808921e+01 2.717081e-02) (-8.373369e-04 -6.786147e-02 3.960197e-03)) ((1.349272e+00 1.477066e-03 -2.761670e-01) (9.790577e-04 1.481013e-04 2.065269e-04))
4.56          	((-2.216287e-02 -3.788506e+01 1.145439e-02) (-8.668714e-04 -7.171029e-02 4.057543e-03)) ((1.337801e+00 1.451885e-03 -2.669680e-01) (9.825046e-04 1.495489e-04 1.854738e-04))
4.566667      	((-2.165455e-02 -3.763777e+01 -3.011548e-03) (-8.955443e-04 -7.544977e-02 4.160107e-03)) ((1.325015e+00 9.678422e-04 -2.573278e-01) (9.836004e-04 1.496725e-04 1.634516e-04))
4.573333      	((-1.804641e-02 -3.733117e+01 -1.281687e-02) (-9.262135e-04 -7.907202e-02 4.262995e-03)) ((1.309630e+00 1.000163e-03 -2.467198e-01) (9.825947e-04 1.489205e-04 1.403882e-04))
4.58          	((-1.413668e-02 -3.696677e+01 -1.909570e-02) (-9.537425e-04 -8.257028e-02 4.365692e-03)) ((1.292362e+00 4.900480e-04 -2.358467e-01) (9.790667e-04 1.468065e-04 1.157570e-04))
4.586667      	((-1.088767e-02 -3.654134e+01 -3.146999e-02) (-9.824332e-04 -8.592856e-02 4.468543e-03)) ((1.272739e+00 5.615803e-05 -2.245155e-01) (9.734949e-04 1.440967e-04 8.981519e-05))
4.593333      	((-6.606869e-03 -3.606212e+01 -4.036391e-02) (-1.009136e-03 -8.913703e-02 4.571276e-03)) ((1.251840e+00 -1.106961e-04 -2.128439e-01) (9.654460e-04 1.409048e-04 6.216976e-05))
4.6           	((-2.206086e-03 -3.552272e+01 -4.669863e-02) (-1.033551e-03 -9.218880e-02 4.671937e-03)) ((1.228123e+00 -4.617584e-04 -2.007616e-01) (9.550586e-04 1.374495e-04 3.287339e-05))
4.606667      	((1.893398e-03 -3.492273e+01 -5.772143e-02) (-1.057651e-03 -9.507604e-02 4.768210e-03)) ((1.201873e+00 -1.149658e-03 -1.886747e-01) (9.418268e-04 1.335342e-04 1.990186e-06))
4.613333      	((5.805783e-03 -3.425724e+01 -6.329171e-02) (-1.077195e-03 -9.779788e-02 4.861118e-03)) ((1.172929e+00 -1.438614e-03 -1.762232e-01) (9.266755e-04 1.285204e-04 -2.936079e-05))
4.62          	((1.157621e-02 -3.352846e+01 -7.013755e-02) (-1.095237e-03 -1.003424e-01 4.947456e-03)) ((1.141831e+00 -1.838392e-03 -1.629982e-01) (9.091793e-04 1.231109e-04 -6.245706e-05))
4.626667      	((1.578435e-02 -3.272962e+01 -8.135677e-02) (-1.107028e-03 -1.027058e-01 5.026187e-03)) ((1.108283e+00 -2.635619e-03 -1.500903e-01) (8.890839e-04 1.173094e-04 -9.783599e-05))
4.633333      	((1.857767e-02 -3.186402e+01 -8.964765e-02) (-1.119738e-03 -1.048792e-01 5.095379e-03)) ((1.072061e+00 -3.207894e-03 -1.370742e-01) (8.665783e-04 1.114366e-04 -1.345837e-04))
4.64          	((2.172593e-02 -3.093450e+01 -1.027331e-01) (-1.129455e-03 -1.068578e-01 5.152047e-03)) ((1.034217e+00 -3.839101e-03 -1.241159e-01) (8.415847e-04 1.050544e-04 -1.718379e-04))
4.646667      	((2.545271e-02 -2.993786e+01 -1.176659e-01) (-1.136753e-03 -1.086366e-01 5.195876e-03)) ((9.938344e-01 -4.154580e-03 -1.114193e-01) (8.135616e-04 9.821574e-05 -2.099275e-04))
4.653333      	((2.595509e-02 -2.888021e+01 -1.306450e-01) (-1.142698e-03 -1.102093e-01 5.226317e-03)) ((9.509277e-01 -4.821513e-03 -9.825324e-02) (7.826972e-04 9.192613e-05 -2.488056e-04))
4.66          	((2.515717e-02 -2.775762e+01 -1.410187e-01) (-1.146557e-03 -1.115738e-01 5.246312e-03)) ((9.058087e-01 -5.008950e-03 -8.592983e-02) (7.492983e-04 8.618756e-05 -2.883879e-04))
4.666667      	((2.396501e-02 -2.656486e+01 -1.523598e-01) (-1.149032e-03 -1.127298e-01 5.257479e-03)) ((8.587739e-01 -5.640033e-03 -7.375207e-02) (7.139609e-04 8.110209e-05 -3.281480e-04))
4.673333      	((2.298380e-02 -2.531145e+01 -1.567472e-01) (-1.149412e-03 -1.136722e-01 5.262859e-03)) ((8.090687e-01 -5.844906e-03 -6.138622e-02) (6.771165e-04 7.659688e-05 -3.673951e-04))
4.68          	((2.022677e-02 -2.400589e+01 -1.624557e-01) (-1.148759e-03 -1.143955e-01 5.264757e-03)) ((7.572394e-01 -6.461999e-03 -4.969052e-02) (6.385013e-04 7.302487e-05 -4.059608e-04))
4.686667      	((1.688231e-02 -2.264120e+01 -1.641953e-01) (-1.146127e-03 -1.149038e-01 5.263644e-03)) ((7.034300e-01 -6.429867e-03 -3.804415e-02) (5.983030e-04 7.046538e-05 -4.432291e-04))
4.693333      	((1.452250e-02 -2.122424e+01 -1.667491e-01) (-1.138693e-03 -1.152002e-01 5.260104e-03)) ((6.476723e-01 -5.880005e-03 -2.621113e-02) (5.571509e-04 6.866447e-05 -4.790554e-04))
4.7           	((1.210762e-02 -1.976048e+01 -1.671353e-01) (-1.124631e-03 -1.152817e-01 5.254002e-03)) ((5.902629e-01 -5.902057e-03 -1.443015e-02) (5.151046e-04 6.759670e-05 -5.135859e-04))
4.706667      	((9.038356e-03 -1.825016e+01 -1.681806e-01) (-1.107562e-03 -1.151505e-01 5.246447e-03)) ((5.312113e-01 -6.018372e-03 -3.434508e-03) (4.730983e-04 6.736877e-05 -5.468737e-04))
4.713333      	((4.565548e-03 -1.670156e+01 -1.664082e-01) (-1.087180e-03 -1.148070e-01 5.238095e-03)) ((4.710592e-01 -5.946058e-03 8.008339e-03) (4.310736e-04 6.833204e-05 -5.786151e-04))
4.72          	((-2.006877e-03 -1.511442e+01 -1.646860e-01) (-1.064733e-03 -1.142539e-01 5.230341e-03)) ((4.099368e-01 -5.715125e-03 1.911492e-02) (3.886969e-04 6.966985e-05 -6.084735e-04))
4.726667      	((-8.067618e-03 -1.349647e+01 -1.642695e-01) (-1.041955e-03 -1.134914e-01 5.220479e-03)) ((3.481295e-01 -5.224176e-03 3.011322e-02) (3.464543e-04 7.184446e-05 -6.356067e-04))
4.733333      	((-1.428733e-02 -1.184846e+01 -1.560541e-01) (-1.017294e-03 -1.125251e-01 5.207511e-03)) ((2.859318e-01 -5.097626e-03 4.117718e-02) (3.046373e-04 7.458128e-05 -6.606759e-04))
4.74          	((-2.053258e-02 -1.017250e+01 -1.469343e-01) (-9.879672e-04 -1.113551e-01 5.191618e-03)) ((2.231628e-01 -4.828247e-03 5.223361e-02) (2.632993e-04 7.702597e-05 -6.831994e-04))
4.746667      	((-2.513147e-02 -8.480974e+00 -1.392123e-01) (-9.568886e-04 -1.099833e-01 5.174404e-03)) ((1.602354e-01 -4.641964e-03 6.359171e-02) (2.224363e-04 7.963605e-05 -7.033743e-04))
4.753333      	((-2.939756e-02 -6.767059e+00 -1.299739e-01) (-9.232956e-04 -1.084117e-01 5.157392e-03)) ((9.711951e-02 -4.322486e-03 7.490954e-02) (1.819270e-04 8.196779e-05 -7.211709e-04))
4.76          	((-3.270428e-02 -5.042555e+00 -1.212748e-01) (-8.880765e-04 -1.066497e-01 5.142047e-03)) ((3.359602e-02 -4.085462e-03 8.600434e-02) (1.418898e-04 8.407573e-05 -7.369461e-04))
4.766667      	((-3.616183e-02 -3.313774e+00 -1.115135e-01) (-8.502027e-04 -1.046994e-01 5.128281e-03)) ((-2.905473e-02 -3.948755e-03 9.703218e-02) (1.025522e-04 8.594552e-05 -7.505499e-04))
4.773333      	((-3.904407e-02 -1.577728e+00 -1.022164e-01) (-8.106107e-04 -1.025616e-01 5.113213e-03)) ((-9.104568e-02 -3.782650e-03 1.080105e-01) (6.425113e-05 8.761332e-05 -7.618562e-04))
4.78          	((-4.105219e-02 1.594592e-01 -9.156073e-02) (-7.724842e-04 -1.002432e-01 5.096189e-03)) ((-1.523352e-01 -3.591282e-03 1.193064e-01) (2.691826e-05 8.933909e-05 -7.707687e-04))
4.786667      	((-4.122681e-02 1.896679e+00 -7.886016e-02) (-7.345615e-04 -9.774917e-02 5.078783e-03)) ((-2.131928e-01 -3.355131e-03 1.306107e-01) (-1.009832e-05 9.139910e-05 -7.776223e-04))
4.793333      	((-4.233240e-02 3.630582e+00 -7.008129e-02) (-6.982601e-04 -9.508402e-02 5.056888e-03)) ((-2.734961e-01 -2.914767e-03 1.418185e-01) (-4.630340e-05 9.365442e-05 -7.828749e-04))
4.8           	((-4.278793e-02 5.349965e+00 -5.725370e-02) (-6.648688e-04 -9.225257e-02 5.030615e-03)) ((-3.329730e-01 -2.727653e-03 1.522429e-01) (-8.164524e-05 9.593930e-05 -7.858887e-04))
4.806667      	((-4.171781e-02 7.051635e+00 -5.076284e-02) (-6.318972e-04 -8.926025e-02 5.002112e-03)) ((-3.913657e-01 -2.391018e-03 1.629840e-01) (-1.164163e-04 9.803578e-05 -7.866276e-04))
4.813333      	((-4.016029e-02 8.739097e+00 -4.455647e-02) (-6.012882e-04 -8.611725e-02 4.970992e-03)) ((-4.485907e-01 -2.279781e-03 1.733920e-01) (-1.506341e-04 9.993424e-05 -7.850179e-04))
4.82          	((-3.807130e-02 1.040653e+01 -3.582197e-02) (-5.752558e-04 -8.282771e-02 4.936420e-03)) ((-5.048426e-01 -1.992468e-03 1.837057e-01) (-1.846575e-04 1.017728e-04 -7.819055e-04))
4.826667      	((-3.655837e-02 1.204677e+01 -3.057290e-02) (-5.523938e-04 -7.939920e-02 4.897753e-03)) ((-5.596761e-01 -1.944139e-03 1.938138e-01) (-2.183513e-04 1.032100e-04 -7.770615e-04))
4.833333      	((-3.346238e-02 1.366037e+01 -2.310804e-02) (-5.348789e-04 -7.584025e-02 4.854960e-03)) ((-6.134823e-01 -1.813457e-03 2.033558e-01) (-2.516465e-04 1.045110e-04 -7.703405e-04))
4.84          	((-3.233960e-02 1.524544e+01 -1.589465e-02) (-5.195042e-04 -7.215891e-02 4.811482e-03)) ((-6.652869e-01 -1.929840e-03 2.128088e-01) (-2.844962e-04 1.056724e-04 -7.616733e-04))
4.846667      	((-3.085116e-02 1.679566e+01 -1.032875e-02) (-5.036040e-04 -6.835978e-02 4.766197e-03)) ((-7.158295e-01 -1.971778e-03 2.217153e-01) (-3.172491e-04 1.067341e-04 -7.515663e-04))
4.853333      	((-2.917217e-02 1.831366e+01 -4.916939e-03) (-4.902401e-04 -6.445183e-02 4.716946e-03)) ((-7.649023e-01 -1.762427e-03 2.307878e-01) (-3.499088e-04 1.076721e-04 -7.397921e-04))
4.86          	((-2.715408e-02 1.979165e+01 4.572206e-03) (-4.782834e-04 -6.044566e-02 4.664237e-03)) ((-8.123874e-01 -1.696935e-03 2.395530e-01) (-3.821570e-04 1.085240e-04 -7.266317e-04))
4.866667      	((-2.368512e-02 2.122982e+01 1.393805e-02) (-4.702091e-04 -5.634567e-02 4.609778e-03)) ((-8.585180e-01 -1.734408e-03 2.481752e-01) (-4.139801e-04 1.091157e-04 -7.117459e-04))
4.873333      	((-2.045544e-02 2.261996e+01 2.094731e-02) (-4.650526e-04 -5.216019e-02 4.554616e-03)) ((-9.030058e-01 -1.289126e-03 2.562183e-01) (-4.452762e-04 1.089997e-04 -6.954326e-04))
4.88          	((-1.813137e-02 2.396233e+01 2.598680e-02) (-4.615481e-04 -4.789662e-02 4.498782e-03)) ((-9.450917e-01 -9.052619e-04 2.643689e-01) (-4.762601e-04 1.084216e-04 -6.781174e-04))
4.886667      	((-1.703105e-02 2.524820e+01 3.123987e-02) (-4.599201e-04 -4.356271e-02 4.443394e-03)) ((-9.853946e-01 -4.576745e-04 2.714094e-01) (-5.061350e-04 1.078007e-04 -6.597555e-04))
4.893333      	((-1.695118e-02 2.647895e+01 3.703900e-02) (-4.629788e-04 -3.916592e-02 4.388794e-03)) ((-1.023163e+00 -8.013172e-05 2.783109e-01) (-5.352686e-04 1.073631e-04 -6.405330e-04))
4.9           	((-1.807313e-02 2.764987e+01 3.936428e-02) (-4.690814e-04 -3.471451e-02 4.332398e-03)) ((-1.059101e+00 -3.677365e-04 2.850164e-01) (-5.640873e-04 1.068346e-04 -6.201666e-04))
4.906667      	((-1.859616e-02 2.876520e+01 4.088213e-02) (-4.745415e-04 -3.021231e-02 4.276009e-03)) ((-1.093254e+00 -3.578600e-04 2.915173e-01) (-5.929442e-04 1.064221e-04 -5.991678e-04))
4.913333      	((-1.737528e-02 2.982121e+01 4.870199e-02) (-4.805427e-04 -2.566678e-02 4.218735e-03)) ((-1.125465e+00 1.884587e-04 2.972106e-01) (-6.219074e-04 1.062572e-04 -5.774741e-04))
4.92          	((-1.687448e-02 3.082002e+01 5.416134e-02) (-4.887968e-04 -2.108770e-02 4.164723e-03)) ((-1.156117e+00 3.964410e-04 3.023339e-01) (-6.510018e-04 1.061631e-04 -5.552835e-04))
4.926667      	((-1.888057e-02 3.174972e+01 5.889441e-02) (-4.960522e-04 -1.647947e-02 4.113674e-03)) ((-1.184450e+00 7.472594e-04 3.079388e-01) (-6.800529e-04 1.058202e-04 -5.323933e-04))
4.933333      	((-1.721860e-02 3.261318e+01 6.278571e-02) (-5.012998e-04 -1.184886e-02 4.065281e-03)) ((-1.210589e+00 1.356723e-03 3.140134e-01) (-7.088700e-04 1.050206e-04 -5.093054e-04))
4.94          	((-1.642683e-02 3.341984e+01 5.670289e-02) (-5.078740e-04 -7.206410e-03 4.023139e-03)) ((-1.235279e+00 1.398430e-03 3.188432e-01) (-7.374618e-04 1.039933e-04 -4.855543e-04))
4.946667      	((-1.770216e-02 3.415536e+01 4.675516e-02) (-5.178219e-04 -2.560275e-03 3.987838e-03)) ((-1.255680e+00 2.048090e-03 3.226035e-01) (-7.655857e-04 1.027844e-04 -4.614706e-04))
4.953333      	((-1.691022e-02 3.483234e+01 1.878838e-02) (-5.329346e-04 2.082549e-03 3.958996e-03)) ((-1.275932e+00 3.081989e-03 3.254216e-01) (-7.931573e-04 1.020067e-04 -4.367500e-04))
4.96          	((-1.674484e-02 3.543540e+01 1.177105e-02) (-5.506355e-04 6.715573e-03 3.935877e-03)) ((-1.293742e+00 3.490367e-03 3.278765e-01) (-8.201332e-04 1.001606e-04 -4.115888e-04))
4.966667      	((-1.896708e-02 3.598031e+01 9.593347e-03) (-5.705020e-04 1.133297e-02 3.920896e-03)) ((-1.309674e+00 4.189396e-03 3.303149e-01) (-8.465669e-04 9.872457e-05 -3.868730e-04))
4.973333      	((-2.192885e-02 3.647159e+01 2.742617e-03) (-5.926164e-04 1.592833e-02 3.915798e-03)) ((-1.324108e+00 5.145589e-03 3.321194e-01) (-8.723756e-04 9.724670e-05 -3.630483e-04))
4.98          	((-2.246256e-02 3.690009e+01 -9.346655e-03) (-6.140975e-04 2.049793e-02 3.916830e-03)) ((-1.337962e+00 5.329934e-03 3.320200e-01) (-8.974849e-04 9.550382e-05 -3.401368e-04))
4.986667      	((-2.728044e-02 3.724800e+01 -2.505046e-03) (-6.391156e-04 2.503337e-02 3.926742e-03)) ((-1.348289e+00 5.060639e-03 3.316663e-01) (-9.209901e-04 9.476915e-05 -3.178496e-04))
4.993333      	((-2.629762e-02 3.755113e+01 9.135523e-03) (-6.658131e-04 2.952621e-02 3.950129e-03)) ((-1.355965e+00 6.324180e-03 3.291707e-01) (-9.424297e-04 9.443963e-05 -2.965476e-04))
5             	((-3.215608e-02 3.786312e+01 -4.834377e-03) (-6.948650e-04 3.397813e-02 3.986748e-03)) ((-1.364884e+00 7.024205e-03 3.265025e-01) (-9.622125e-04 9.425297e-05 -2.764113e-04))
