# Forces      
# CofR        : (0.000000e+00 0.000000e+00 0.000000e+00)
# Time        forces(pressure viscous)	moments(pressure viscous)
0             	((0.000000e+00 0.000000e+00 0.000000e+00) (0.000000e+00 0.000000e+00 0.000000e+00)) ((0.000000e+00 0.000000e+00 0.000000e+00) (0.000000e+00 0.000000e+00 0.000000e+00))
0.01          	((1.848185e-03 2.481842e+01 -2.709472e-02) (-2.481644e-06 3.209654e-03 1.733578e-05)) ((-8.994571e-01 2.954048e-03 2.232826e-01) (-3.294506e-05 -1.045247e-06 2.344711e-05))
0.02          	((2.090699e-03 2.449669e+01 -2.767466e-02) (-5.110028e-06 6.439915e-03 3.580923e-05)) ((-8.878887e-01 3.088982e-03 2.207764e-01) (-6.768730e-05 -2.130271e-06 4.712656e-05))
0.03          	((2.899767e-03 2.464774e+01 -3.059731e-02) (-8.571046e-06 9.673875e-03 5.565316e-05)) ((-8.916504e-01 3.149099e-03 2.207370e-01) (-1.032359e-04 -3.209382e-06 7.061420e-05))
0.04          	((3.428797e-03 2.449752e+01 -3.119718e-02) (-1.304730e-05 1.288595e-02 7.745262e-05)) ((-8.845998e-01 3.216211e-03 2.187359e-01) (-1.386546e-04 -4.281706e-06 9.390110e-05))
0.05          	((4.040282e-03 2.435080e+01 -3.337300e-02) (-1.852094e-05 1.607166e-02 1.022217e-04)) ((-8.776397e-01 3.364041e-03 2.162045e-01) (-1.736312e-04 -5.382777e-06 1.169375e-04))
0.06          	((4.872229e-03 2.420447e+01 -3.543631e-02) (-2.526172e-05 1.923264e-02 1.310369e-04)) ((-8.705729e-01 3.526153e-03 2.132238e-01) (-2.080415e-04 -6.465850e-06 1.397673e-04))
0.07          	((5.833835e-03 2.404983e+01 -3.978096e-02) (-3.231417e-05 2.237037e-02 1.641231e-04)) ((-8.630644e-01 3.695042e-03 2.096259e-01) (-2.417079e-04 -7.594022e-06 1.625858e-04))
0.08          	((6.925202e-03 2.387480e+01 -4.428490e-02) (-4.092984e-05 2.548528e-02 2.019239e-04)) ((-8.545128e-01 3.846371e-03 2.054475e-01) (-2.743428e-04 -8.766825e-06 1.854388e-04))
0.09          	((8.307335e-03 2.367650e+01 -4.960875e-02) (-5.009430e-05 2.857508e-02 2.443864e-04)) ((-8.447811e-01 3.991966e-03 2.006649e-01) (-3.057836e-04 -9.977365e-06 2.084820e-04))
0.1           	((9.839561e-03 2.345622e+01 -5.608232e-02) (-6.140271e-05 3.163662e-02 2.920673e-04)) ((-8.337579e-01 4.172776e-03 1.952615e-01) (-3.358005e-04 -1.119296e-05 2.318465e-04))
0.11          	((1.139219e-02 2.321390e+01 -6.367091e-02) (-7.475114e-05 3.466292e-02 3.444109e-04)) ((-8.215374e-01 4.334034e-03 1.892715e-01) (-3.642101e-04 -1.240376e-05 2.559672e-04))
0.12          	((1.287179e-02 2.294974e+01 -7.161477e-02) (-8.949059e-05 3.764764e-02 4.015099e-04)) ((-8.080993e-01 4.462693e-03 1.827577e-01) (-3.908680e-04 -1.357751e-05 2.808881e-04))
0.13          	((1.459363e-02 2.266118e+01 -8.075724e-02) (-1.023306e-04 4.058019e-02 4.628844e-04)) ((-7.933304e-01 4.579794e-03 1.758249e-01) (-4.154769e-04 -1.468413e-05 3.066588e-04))
0.14          	((1.612038e-02 2.234603e+01 -9.034815e-02) (-1.134539e-04 4.344792e-02 5.272071e-04)) ((-7.772987e-01 4.589033e-03 1.685034e-01) (-4.376221e-04 -1.576670e-05 3.331332e-04))
0.15          	((1.667277e-02 2.200155e+01 -9.916796e-02) (-1.244109e-04 4.624092e-02 5.937149e-04)) ((-7.598109e-01 4.688282e-03 1.607729e-01) (-4.573546e-04 -1.693173e-05 3.608081e-04))
0.16          	((1.749021e-02 2.162518e+01 -1.079905e-01) (-1.355241e-04 4.894946e-02 6.596239e-04)) ((-7.408055e-01 4.652156e-03 1.527107e-01) (-4.750477e-04 -1.812399e-05 3.894341e-04))
0.17          	((1.931865e-02 2.121226e+01 -1.150438e-01) (-1.454503e-04 5.156189e-02 7.245557e-04)) ((-7.204422e-01 4.552138e-03 1.443625e-01) (-4.904836e-04 -1.934918e-05 4.191924e-04))
0.18          	((1.972962e-02 2.076388e+01 -1.218473e-01) (-1.546824e-04 5.406956e-02 7.870890e-04)) ((-6.984393e-01 4.490132e-03 1.358847e-01) (-5.033544e-04 -2.053881e-05 4.500592e-04))
0.19          	((2.095119e-02 2.027654e+01 -1.281054e-01) (-1.622419e-04 5.646090e-02 8.486832e-04)) ((-6.748542e-01 4.320981e-03 1.272460e-01) (-5.144115e-04 -2.178115e-05 4.813600e-04))
0.2           	((2.281086e-02 1.975341e+01 -1.348101e-01) (-1.705417e-04 5.873116e-02 9.061009e-04)) ((-6.500326e-01 4.272915e-03 1.185684e-01) (-5.241630e-04 -2.324104e-05 5.127992e-04))
0.21          	((2.364525e-02 1.919141e+01 -1.427122e-01) (-1.745566e-04 6.087213e-02 9.605748e-04)) ((-6.238160e-01 4.304624e-03 1.097607e-01) (-5.327160e-04 -2.488834e-05 5.452854e-04))
0.22          	((2.535802e-02 1.858960e+01 -1.520137e-01) (-1.797361e-04 6.288024e-02 1.010038e-03)) ((-5.963670e-01 4.247122e-03 1.008343e-01) (-5.398804e-04 -2.665113e-05 5.784880e-04))
0.23          	((2.675247e-02 1.794938e+01 -1.583369e-01) (-1.835384e-04 6.475226e-02 1.055451e-03)) ((-5.678573e-01 4.097778e-03 9.201755e-02) (-5.454266e-04 -2.843910e-05 6.112530e-04))
0.24          	((2.757826e-02 1.727366e+01 -1.640446e-01) (-1.851842e-04 6.648038e-02 1.097466e-03)) ((-5.381764e-01 4.129875e-03 8.310377e-02) (-5.493393e-04 -3.030146e-05 6.444334e-04))
0.25          	((2.939302e-02 1.656550e+01 -1.711490e-01) (-1.843577e-04 6.805582e-02 1.134266e-03)) ((-5.076321e-01 4.014176e-03 7.329172e-02) (-5.523141e-04 -3.249956e-05 6.772718e-04))
0.26          	((3.090177e-02 1.582101e+01 -1.743434e-01) (-1.828971e-04 6.947598e-02 1.169113e-03)) ((-4.755636e-01 3.852513e-03 6.351857e-02) (-5.545028e-04 -3.461425e-05 7.099669e-04))
0.27          	((3.229727e-02 1.504983e+01 -1.836614e-01) (-1.812649e-04 7.072813e-02 1.199950e-03)) ((-4.438773e-01 3.471571e-03 5.414350e-02) (-5.548538e-04 -3.647208e-05 7.424164e-04))
0.28          	((3.255847e-02 1.425049e+01 -1.918072e-01) (-1.804767e-04 7.181009e-02 1.227661e-03)) ((-4.116022e-01 3.261484e-03 4.460162e-02) (-5.542142e-04 -3.832251e-05 7.728327e-04))
0.29          	((3.304322e-02 1.341806e+01 -1.968991e-01) (-1.761387e-04 7.271449e-02 1.250961e-03)) ((-3.781789e-01 3.167552e-03 3.535797e-02) (-5.523045e-04 -4.007251e-05 8.015418e-04))
0.3           	((3.259580e-02 1.255499e+01 -1.996335e-01) (-1.720158e-04 7.343240e-02 1.270233e-03)) ((-3.441798e-01 2.974701e-03 2.609000e-02) (-5.484233e-04 -4.176117e-05 8.281089e-04))
0.31          	((3.282224e-02 1.166051e+01 -2.029472e-01) (-1.659412e-04 7.395923e-02 1.287734e-03)) ((-3.096352e-01 2.755537e-03 1.677618e-02) (-5.425891e-04 -4.292272e-05 8.524509e-04))
0.32          	((3.300172e-02 1.073550e+01 -2.019793e-01) (-1.617261e-04 7.429622e-02 1.302715e-03)) ((-2.740073e-01 2.621736e-03 7.280202e-03) (-5.342484e-04 -4.401481e-05 8.747370e-04))
0.33          	((3.328694e-02 9.784346e+00 -2.019752e-01) (-1.518590e-04 7.444304e-02 1.314006e-03)) ((-2.380820e-01 2.517546e-03 -1.985445e-03) (-5.236749e-04 -4.521603e-05 8.949869e-04))
0.34          	((3.298472e-02 8.804642e+00 -2.028655e-01) (-1.430365e-04 7.439276e-02 1.323881e-03)) ((-2.014619e-01 2.151853e-03 -1.081977e-02) (-5.100692e-04 -4.604657e-05 9.129769e-04))
0.35          	((3.294187e-02 7.801738e+00 -2.030614e-01) (-1.327025e-04 7.414778e-02 1.325142e-03)) ((-1.643932e-01 1.957798e-03 -1.959494e-02) (-4.944429e-04 -4.659576e-05 9.285793e-04))
0.36          	((3.255149e-02 6.781458e+00 -2.023956e-01) (-1.232214e-04 7.371548e-02 1.320287e-03)) ((-1.267919e-01 1.583009e-03 -2.813752e-02) (-4.773096e-04 -4.736502e-05 9.407867e-04))
0.37          	((3.200575e-02 5.737623e+00 -2.018959e-01) (-1.146362e-04 7.310137e-02 1.309716e-03)) ((-8.899829e-02 1.399147e-03 -3.665867e-02) (-4.585184e-04 -4.776569e-05 9.501854e-04))
0.38          	((3.147225e-02 4.677143e+00 -2.005887e-01) (-1.041225e-04 7.230219e-02 1.293293e-03)) ((-5.111156e-02 1.064158e-03 -4.488536e-02) (-4.376590e-04 -4.806151e-05 9.571761e-04))
0.39          	((3.141854e-02 3.598289e+00 -1.965353e-01) (-9.347893e-05 7.131934e-02 1.270308e-03)) ((-1.290814e-02 6.869092e-04 -5.348134e-02) (-4.146387e-04 -4.828142e-05 9.621665e-04))
0.4           	((3.132745e-02 2.500328e+00 -1.892575e-01) (-8.345893e-05 7.016587e-02 1.240263e-03)) ((2.593637e-02 3.492969e-04 -6.153897e-02) (-3.901363e-04 -4.853173e-05 9.640584e-04))
0.41          	((3.161750e-02 1.389776e+00 -1.834758e-01) (-7.235534e-05 6.884098e-02 1.205478e-03)) ((6.496451e-02 -1.350885e-05 -6.965509e-02) (-3.640660e-04 -4.865098e-05 9.631130e-04))
0.42          	((3.267707e-02 2.674640e-01 -1.729783e-01) (-6.196324e-05 6.734968e-02 1.164946e-03)) ((1.038869e-01 -4.448091e-04 -7.762915e-02) (-3.368710e-04 -4.843480e-05 9.606210e-04))
0.43          	((3.220702e-02 -8.585152e-01 -1.669501e-01) (-5.290301e-05 6.569685e-02 1.119665e-03)) ((1.425498e-01 -8.128570e-04 -8.529776e-02) (-3.086713e-04 -4.810334e-05 9.551539e-04))
0.44          	((3.347755e-02 -1.989888e+00 -1.597752e-01) (-4.506239e-05 6.389114e-02 1.069100e-03)) ((1.811503e-01 -1.062004e-03 -9.271743e-02) (-2.800963e-04 -4.765205e-05 9.475467e-04))
0.45          	((3.400643e-02 -3.117712e+00 -1.493137e-01) (-3.713685e-05 6.193390e-02 1.015033e-03)) ((2.194143e-01 -1.498151e-03 -9.993922e-02) (-2.506400e-04 -4.687785e-05 9.378843e-04))
0.46          	((3.444718e-02 -4.244479e+00 -1.369523e-01) (-3.200369e-05 5.983440e-02 9.576107e-04)) ((2.574110e-01 -1.977052e-03 -1.074107e-01) (-2.202964e-04 -4.579295e-05 9.257239e-04))
0.47          	((3.497261e-02 -5.365252e+00 -1.250027e-01) (-2.742384e-05 5.759452e-02 8.933880e-04)) ((2.947045e-01 -2.549950e-03 -1.145252e-01) (-1.891642e-04 -4.453781e-05 9.115380e-04))
0.48          	((3.537316e-02 -6.477995e+00 -1.168829e-01) (-2.462205e-05 5.522324e-02 8.274992e-04)) ((3.315836e-01 -2.911627e-03 -1.214751e-01) (-1.574633e-04 -4.317941e-05 8.958586e-04))
0.49          	((3.447886e-02 -7.578425e+00 -1.085919e-01) (-2.320542e-05 5.272749e-02 7.589589e-04)) ((3.673567e-01 -3.218089e-03 -1.279194e-01) (-1.255090e-04 -4.160560e-05 8.780253e-04))
0.5           	((3.407984e-02 -8.664701e+00 -9.895001e-02) (-2.459737e-05 5.011155e-02 6.884647e-04)) ((4.024586e-01 -3.564940e-03 -1.343419e-01) (-9.309365e-05 -3.990040e-05 8.584698e-04))
0.51          	((3.438439e-02 -9.739273e+00 -8.797937e-02) (-2.479616e-05 4.738412e-02 6.150548e-04)) ((4.370173e-01 -3.704101e-03 -1.404251e-01) (-6.060918e-05 -3.786852e-05 8.370372e-04))
0.52          	((3.439057e-02 -1.079524e+01 -7.558648e-02) (-2.394631e-05 4.455185e-02 5.386840e-04)) ((4.709963e-01 -3.882951e-03 -1.460929e-01) (-2.848025e-05 -3.594804e-05 8.141861e-04))
0.53          	((3.249141e-02 -1.183114e+01 -6.139608e-02) (-2.083270e-05 4.162032e-02 4.594202e-04)) ((5.039138e-01 -3.967186e-03 -1.518849e-01) (3.825521e-06 -3.383000e-05 7.896430e-04))
0.54          	((3.112592e-02 -1.284367e+01 -4.892962e-02) (-1.849458e-05 3.859944e-02 3.787186e-04)) ((5.355465e-01 -4.053272e-03 -1.574613e-01) (3.607330e-05 -3.183451e-05 7.641973e-04))
0.55          	((2.934828e-02 -1.382803e+01 -3.896855e-02) (-1.546846e-05 3.549406e-02 2.971802e-04)) ((5.663259e-01 -4.265520e-03 -1.624373e-01) (6.766556e-05 -2.963422e-05 7.378219e-04))
0.56          	((2.786896e-02 -1.477828e+01 -3.383223e-02) (-1.586827e-05 3.231147e-02 2.171649e-04)) ((5.958770e-01 -4.189657e-03 -1.674757e-01) (9.931020e-05 -2.717639e-05 7.109572e-04))
0.57          	((2.650922e-02 -1.570104e+01 -3.249335e-02) (-1.664873e-05 2.906042e-02 1.366741e-04)) ((6.243498e-01 -4.061323e-03 -1.724832e-01) (1.303662e-04 -2.504145e-05 6.836485e-04))
0.58          	((2.440675e-02 -1.659171e+01 -2.446048e-02) (-1.853755e-05 2.574899e-02 5.852518e-05)) ((6.515986e-01 -3.976060e-03 -1.770334e-01) (1.608259e-04 -2.289126e-05 6.558904e-04))
0.59          	((2.264179e-02 -1.743784e+01 -1.573419e-02) (-2.065339e-05 2.238083e-02 -1.777590e-05)) ((6.772848e-01 -3.892795e-03 -1.813065e-01) (1.905894e-04 -2.063174e-05 6.275935e-04))
0.6           	((2.059957e-02 -1.824531e+01 -2.035808e-02) (-2.312445e-05 1.896094e-02 -8.952941e-05)) ((7.019479e-01 -3.831933e-03 -1.855991e-01) (2.197410e-04 -1.881718e-05 5.984402e-04))
0.61          	((1.809355e-02 -1.901582e+01 -1.657387e-02) (-2.704645e-05 1.549742e-02 -1.603963e-04)) ((7.250851e-01 -3.668181e-03 -1.892545e-01) (2.486966e-04 -1.707012e-05 5.687765e-04))
0.62          	((1.625913e-02 -1.974512e+01 -1.295597e-02) (-3.138315e-05 1.199630e-02 -2.312333e-04)) ((7.464852e-01 -3.501155e-03 -1.921747e-01) (2.771408e-04 -1.570991e-05 5.386094e-04))
0.63          	((1.527994e-02 -2.043660e+01 -2.406328e-03) (-3.558262e-05 8.462024e-03 -3.020095e-04)) ((7.668770e-01 -3.687979e-03 -1.948223e-01) (3.046380e-04 -1.427092e-05 5.080613e-04))
0.64          	((1.304863e-02 -2.108499e+01 4.880117e-03) (-4.062274e-05 4.901124e-03 -3.674449e-04)) ((7.862371e-01 -3.565951e-03 -1.978066e-01) (3.314786e-04 -1.317543e-05 4.774088e-04))
0.65          	((1.047481e-02 -2.168702e+01 5.466869e-03) (-4.871590e-05 1.318935e-03 -4.297751e-04)) ((8.045123e-01 -3.227103e-03 -2.011826e-01) (3.573410e-04 -1.223162e-05 4.466862e-04))
0.66          	((8.655899e-03 -2.224396e+01 2.505211e-04) (-5.792508e-05 -2.278792e-03 -4.877392e-04)) ((8.205038e-01 -2.749535e-03 -2.040326e-01) (3.827476e-04 -1.120953e-05 4.159820e-04))
0.67          	((6.705251e-03 -2.275871e+01 -5.239487e-03) (-6.784293e-05 -5.883793e-03 -5.417873e-04)) ((8.346245e-01 -2.392002e-03 -2.060223e-01) (4.077513e-04 -1.006441e-05 3.856486e-04))
0.68          	((8.094098e-04 -2.323855e+01 -1.818886e-02) (-7.760542e-05 -9.492763e-03 -5.896095e-04)) ((8.470701e-01 -1.792635e-03 -2.070831e-01) (4.325801e-04 -9.175147e-06 3.561342e-04))
0.69          	((1.368253e-03 -2.369764e+01 -2.826218e-02) (-8.927226e-05 -1.310318e-02 -6.245701e-04)) ((8.611157e-01 -1.364334e-03 -2.083850e-01) (4.572583e-04 -8.944682e-06 3.274052e-04))
0.7           	((2.248236e-03 -2.411040e+01 -4.606315e-02) (-1.052877e-04 -1.670526e-02 -6.475203e-04)) ((8.746181e-01 -8.155246e-04 -2.080409e-01) (4.814373e-04 -9.147406e-06 2.993931e-04))
0.71          	((-1.566995e-03 -2.448440e+01 -6.518477e-02) (-1.184021e-04 -2.029522e-02 -6.632360e-04)) ((8.851150e-01 -9.509212e-04 -2.084217e-01) (5.055110e-04 -9.575955e-06 2.724218e-04))
0.72          	((-2.154251e-03 -2.480729e+01 -6.568621e-02) (-1.349155e-04 -2.386788e-02 -6.694852e-04)) ((8.938656e-01 -1.169281e-03 -2.077617e-01) (5.277478e-04 -9.406969e-06 2.461209e-04))
0.73          	((-2.211057e-04 -2.510749e+01 -5.786827e-02) (-1.559396e-04 -2.742283e-02 -6.694857e-04)) ((9.008266e-01 -1.197532e-03 -2.065035e-01) (5.490679e-04 -8.656235e-06 2.200462e-04))
0.74          	((1.468264e-03 -2.537619e+01 -6.397294e-02) (-1.784992e-04 -3.095270e-02 -6.618943e-04)) ((9.085797e-01 -1.009518e-03 -2.054309e-01) (5.694513e-04 -8.268765e-06 1.936016e-04))
0.75          	((-2.385224e-03 -2.563142e+01 -6.363846e-02) (-2.023974e-04 -3.446049e-02 -6.460421e-04)) ((9.137783e-01 -1.760166e-03 -2.015616e-01) (5.886670e-04 -8.397099e-06 1.674708e-04))
0.76          	((-9.023296e-04 -2.598971e+01 -6.526005e-02) (-2.298631e-04 -3.795453e-02 -6.179825e-04)) ((9.325907e-01 -1.002908e-03 -2.014883e-01) (6.070075e-04 -8.338531e-06 1.406970e-04))
0.77          	((1.275584e-04 -2.593612e+01 -1.222338e-01) (-2.610163e-04 -4.139998e-02 -5.759372e-04)) ((9.171362e-01 -5.923322e-04 -1.962053e-01) (6.236562e-04 -9.178489e-06 1.148729e-04))
0.78          	((-2.975822e-03 -2.622164e+01 -1.364575e-01) (-2.908748e-04 -4.481549e-02 -5.163803e-04)) ((9.253565e-01 -1.012650e-03 -1.931586e-01) (6.391310e-04 -1.048186e-05 8.906591e-05))
0.79          	((-2.383111e-03 -2.635901e+01 -1.343017e-01) (-3.221864e-04 -4.818895e-02 -4.465648e-04)) ((9.277332e-01 -8.898386e-04 -1.891650e-01) (6.533737e-04 -1.209656e-05 6.347408e-05))
0.8           	((-2.091551e-03 -2.647751e+01 -1.502406e-01) (-3.522567e-04 -5.151379e-02 -3.656136e-04)) ((9.287657e-01 -1.013199e-03 -1.845029e-01) (6.660759e-04 -1.412704e-05 3.790624e-05))
0.81          	((2.846739e-03 -2.657030e+01 -1.687777e-01) (-3.813472e-04 -5.478254e-02 -2.755667e-04)) ((9.283367e-01 -1.375003e-03 -1.791361e-01) (6.770129e-04 -1.663356e-05 1.206272e-05))
0.82          	((8.967077e-03 -2.661939e+01 -1.617951e-01) (-4.095366e-04 -5.798650e-02 -1.785562e-04)) ((9.269665e-01 -1.403150e-03 -1.736622e-01) (6.859580e-04 -1.923361e-05 -1.430804e-05))
0.83          	((1.222150e-02 -2.662609e+01 -1.758303e-01) (-4.388948e-04 -6.111731e-02 -7.664421e-05)) ((9.226630e-01 -1.973285e-03 -1.674029e-01) (6.926224e-04 -2.199253e-05 -4.124952e-05))
0.84          	((1.708762e-02 -2.660122e+01 -1.881190e-01) (-4.748350e-04 -6.416563e-02 3.046519e-05)) ((9.175747e-01 -2.501279e-03 -1.607706e-01) (6.970819e-04 -2.412186e-05 -6.842247e-05))
0.85          	((2.243099e-02 -2.653792e+01 -1.924794e-01) (-5.096745e-04 -6.712329e-02 1.440338e-04)) ((9.105968e-01 -3.174953e-03 -1.536926e-01) (6.993956e-04 -2.603766e-05 -9.756678e-05))
0.86          	((2.915972e-02 -2.643206e+01 -1.981954e-01) (-5.435794e-04 -6.998397e-02 2.648188e-04)) ((9.023067e-01 -3.820980e-03 -1.460536e-01) (6.994109e-04 -2.724263e-05 -1.286393e-04))
0.87          	((3.412838e-02 -2.628214e+01 -2.020171e-01) (-5.815243e-04 -7.273927e-02 3.876160e-04)) ((8.924032e-01 -4.263325e-03 -1.382759e-01) (6.971739e-04 -2.773748e-05 -1.609145e-04))
0.88          	((3.870969e-02 -2.608780e+01 -2.048893e-01) (-6.108412e-04 -7.538419e-02 5.099387e-04)) ((8.811018e-01 -4.679832e-03 -1.301985e-01) (6.925347e-04 -2.789144e-05 -1.943780e-04))
0.89          	((4.335547e-02 -2.585091e+01 -2.054457e-01) (-6.398217e-04 -7.791493e-02 6.295605e-04)) ((8.683229e-01 -5.536557e-03 -1.216458e-01) (6.856782e-04 -2.794104e-05 -2.294002e-04))
0.9           	((4.871056e-02 -2.557459e+01 -2.098137e-01) (-6.665683e-04 -8.032253e-02 7.410911e-04)) ((8.544694e-01 -6.252574e-03 -1.133171e-01) (6.770097e-04 -2.800682e-05 -2.660557e-04))
0.91          	((5.066020e-02 -2.524270e+01 -2.123172e-01) (-6.912493e-04 -8.260198e-02 8.397566e-04)) ((8.380990e-01 -7.064781e-03 -1.057344e-01) (6.653665e-04 -2.804088e-05 -3.049896e-04))
0.92          	((5.198428e-02 -2.485239e+01 -2.025201e-01) (-7.106201e-04 -8.475086e-02 9.278165e-04)) ((8.191131e-01 -7.916799e-03 -9.771703e-02) (6.509483e-04 -2.783017e-05 -3.453846e-04))
0.93          	((5.013765e-02 -2.441272e+01 -1.999429e-01) (-7.258026e-04 -8.676280e-02 1.003954e-03)) ((7.991050e-01 -8.561714e-03 -8.922242e-02) (6.332508e-04 -2.729302e-05 -3.872470e-04))
0.94          	((4.905179e-02 -2.392337e+01 -2.081436e-01) (-7.382661e-04 -8.862649e-02 1.066817e-03)) ((7.772159e-01 -8.815120e-03 -8.130657e-02) (6.116663e-04 -2.687386e-05 -4.301051e-04))
0.95          	((4.653820e-02 -2.337933e+01 -2.081582e-01) (-7.443956e-04 -9.034589e-02 1.120106e-03)) ((7.528227e-01 -8.910182e-03 -7.423921e-02) (5.864498e-04 -2.689925e-05 -4.725917e-04))
0.96          	((4.163490e-02 -2.277730e+01 -2.066669e-01) (-7.465255e-04 -9.191858e-02 1.166212e-03)) ((7.260156e-01 -9.255603e-03 -6.693790e-02) (5.584530e-04 -2.701474e-05 -5.156415e-04))
0.97          	((3.640520e-02 -2.212573e+01 -2.032718e-01) (-7.471884e-04 -9.333793e-02 1.207197e-03)) ((6.971351e-01 -9.407948e-03 -5.929038e-02) (5.272807e-04 -2.663663e-05 -5.582784e-04))
0.98          	((2.931109e-02 -2.142932e+01 -1.974914e-01) (-7.480086e-04 -9.459711e-02 1.245194e-03)) ((6.666570e-01 -9.591944e-03 -5.203823e-02) (4.930044e-04 -2.650238e-05 -6.003038e-04))
0.99          	((2.244212e-02 -2.068449e+01 -1.922364e-01) (-7.433920e-04 -9.570396e-02 1.279025e-03)) ((6.341337e-01 -9.706870e-03 -4.514337e-02) (4.561151e-04 -2.658940e-05 -6.417290e-04))
1             	((1.608510e-02 -1.989131e+01 -1.858117e-01) (-7.383697e-04 -9.665152e-02 1.311533e-03)) ((5.997012e-01 -9.875430e-03 -3.796684e-02) (4.171495e-04 -2.708613e-05 -6.827262e-04))
1.01          	((1.008396e-02 -1.905482e+01 -1.856527e-01) (-7.304518e-04 -9.743462e-02 1.342525e-03)) ((5.635886e-01 -9.647658e-03 -3.094370e-02) (3.764263e-04 -2.861044e-05 -7.228596e-04))
1.02          	((4.196317e-03 -1.817445e+01 -1.854410e-01) (-7.209286e-04 -9.804281e-02 1.373203e-03)) ((5.265887e-01 -9.467080e-03 -2.454695e-02) (3.341210e-04 -3.074744e-05 -7.625703e-04))
1.03          	((-3.048457e-03 -1.725352e+01 -1.906622e-01) (-7.094322e-04 -9.847400e-02 1.400375e-03)) ((4.882667e-01 -9.786406e-03 -1.827377e-02) (2.910482e-04 -3.408758e-05 -8.019021e-04))
1.04          	((-9.361522e-03 -1.629485e+01 -1.977645e-01) (-6.967082e-04 -9.872022e-02 1.421280e-03)) ((4.491014e-01 -9.690943e-03 -1.171227e-02) (2.473785e-04 -3.810494e-05 -8.406072e-04))
1.05          	((-1.404377e-02 -1.530146e+01 -2.031160e-01) (-6.818545e-04 -9.877460e-02 1.433872e-03)) ((4.092395e-01 -9.709890e-03 -5.164943e-03) (2.030659e-04 -4.257194e-05 -8.778381e-04))
1.06          	((-1.674078e-02 -1.427852e+01 -2.094021e-01) (-6.643352e-04 -9.863918e-02 1.438328e-03)) ((3.688872e-01 -9.638574e-03 1.258576e-03) (1.583317e-04 -4.731842e-05 -9.131756e-04))
1.07          	((-1.824414e-02 -1.322735e+01 -2.155614e-01) (-6.441716e-04 -9.831027e-02 1.434305e-03)) ((3.282047e-01 -9.698344e-03 7.464854e-03) (1.146387e-04 -5.220920e-05 -9.463276e-04))
1.08          	((-1.773273e-02 -1.215192e+01 -2.246474e-01) (-6.253021e-04 -9.779412e-02 1.421720e-03)) ((2.867847e-01 -9.620023e-03 1.409073e-02) (7.251481e-05 -5.739329e-05 -9.775782e-04))
1.09          	((-1.627254e-02 -1.105295e+01 -2.339452e-01) (-6.070695e-04 -9.708612e-02 1.399141e-03)) ((2.451316e-01 -9.756131e-03 2.093849e-02) (3.222692e-05 -6.181743e-05 -1.005774e-03))
1.1           	((-1.372528e-02 -9.932813e+00 -2.504538e-01) (-5.921462e-04 -9.618149e-02 1.367474e-03)) ((2.030643e-01 -9.681765e-03 2.761590e-02) (-6.581565e-06 -6.601675e-05 -1.032155e-03))
1.11          	((-1.002055e-02 -8.796940e+00 -2.647367e-01) (-5.773897e-04 -9.508590e-02 1.324618e-03)) ((1.613915e-01 -9.432967e-03 3.457723e-02) (-4.362997e-05 -6.908141e-05 -1.056660e-03))
1.12          	((-8.227844e-03 -7.643497e+00 -2.745417e-01) (-5.665606e-04 -9.379966e-02 1.272779e-03)) ((1.196147e-01 -9.740405e-03 4.188216e-02) (-7.887472e-05 -7.175143e-05 -1.078586e-03))
1.13          	((-5.972458e-03 -6.477521e+00 -2.810336e-01) (-5.625081e-04 -9.232438e-02 1.210789e-03)) ((7.782037e-02 -9.679376e-03 4.925717e-02) (-1.128873e-04 -7.379053e-05 -1.097959e-03))
1.14          	((-1.703341e-03 -5.301063e+00 -2.879820e-01) (-5.595950e-04 -9.066585e-02 1.143787e-03)) ((3.661398e-02 -9.589051e-03 5.673261e-02) (-1.453480e-04 -7.513639e-05 -1.114080e-03))
1.15          	((1.666581e-03 -4.113366e+00 -2.928478e-01) (-5.579081e-04 -8.882383e-02 1.075255e-03)) ((-4.363789e-03 -9.456085e-03 6.457463e-02) (-1.766470e-04 -7.565930e-05 -1.127779e-03))
1.16          	((6.330654e-03 -2.918315e+00 -2.917965e-01) (-5.557375e-04 -8.680869e-02 1.006171e-03)) ((-4.518212e-02 -9.357492e-03 7.221831e-02) (-2.070421e-04 -7.500469e-05 -1.138594e-03))
1.17          	((9.071295e-03 -1.719606e+00 -2.887485e-01) (-5.524325e-04 -8.462293e-02 9.355900e-04)) ((-8.577817e-02 -8.849279e-03 7.986184e-02) (-2.361016e-04 -7.357012e-05 -1.146610e-03))
1.18          	((1.116408e-02 -5.192321e-01 -2.841579e-01) (-5.510905e-04 -8.227457e-02 8.666164e-04)) ((-1.256034e-01 -8.670851e-03 8.775287e-02) (-2.635733e-04 -7.141704e-05 -1.151635e-03))
1.19          	((1.389933e-02 6.807149e-01 -2.770334e-01) (-5.496569e-04 -7.976674e-02 7.990465e-04)) ((-1.650089e-01 -8.101480e-03 9.543043e-02) (-2.903418e-04 -6.845606e-05 -1.154213e-03))
1.2           	((1.739878e-02 1.875116e+00 -2.656710e-01) (-5.494503e-04 -7.710565e-02 7.354586e-04)) ((-2.039467e-01 -7.740675e-03 1.028164e-01) (-3.160616e-04 -6.479163e-05 -1.153925e-03))
1.21          	((2.105919e-02 3.067458e+00 -2.500836e-01) (-5.492189e-04 -7.429747e-02 6.746437e-04)) ((-2.424348e-01 -7.346206e-03 1.101385e-01) (-3.416832e-04 -6.053590e-05 -1.151567e-03))
1.22          	((2.404419e-02 4.246183e+00 -2.377375e-01) (-5.476448e-04 -7.134746e-02 6.189844e-04)) ((-2.800721e-01 -7.021297e-03 1.174607e-01) (-3.669309e-04 -5.610026e-05 -1.146150e-03))
1.23          	((2.538333e-02 5.419788e+00 -2.207732e-01) (-5.438957e-04 -6.826821e-02 5.681310e-04)) ((-3.170363e-01 -6.686755e-03 1.242046e-01) (-3.914282e-04 -5.099965e-05 -1.137783e-03))
1.24          	((2.763596e-02 6.582670e+00 -2.033884e-01) (-5.390137e-04 -6.506592e-02 5.200218e-04)) ((-3.535493e-01 -6.459432e-03 1.307009e-01) (-4.154267e-04 -4.616956e-05 -1.127576e-03))
1.25          	((2.829474e-02 7.726604e+00 -1.846653e-01) (-5.327443e-04 -6.174950e-02 4.765328e-04)) ((-3.892659e-01 -6.175694e-03 1.371404e-01) (-4.393178e-04 -4.145151e-05 -1.114258e-03))
1.26          	((2.850945e-02 8.850389e+00 -1.667524e-01) (-5.255941e-04 -5.832988e-02 4.354030e-04)) ((-4.238121e-01 -5.658169e-03 1.430962e-01) (-4.626156e-04 -3.723628e-05 -1.097921e-03))
1.27          	((3.054128e-02 9.953393e+00 -1.514934e-01) (-5.161432e-04 -5.481214e-02 3.957435e-04)) ((-4.574202e-01 -5.203745e-03 1.492614e-01) (-4.853024e-04 -3.274140e-05 -1.079679e-03))
1.28          	((3.249526e-02 1.103413e+01 -1.354763e-01) (-5.068489e-04 -5.120200e-02 3.587580e-04)) ((-4.901077e-01 -4.683599e-03 1.550639e-01) (-5.078231e-04 -2.788537e-05 -1.058580e-03))
1.29          	((3.107469e-02 1.208575e+01 -1.204360e-01) (-4.973276e-04 -4.750852e-02 3.229999e-04)) ((-5.219757e-01 -4.313652e-03 1.603962e-01) (-5.303471e-04 -2.359456e-05 -1.035599e-03))
1.3           	((2.915519e-02 1.310835e+01 -1.067968e-01) (-4.862936e-04 -4.374331e-02 2.859331e-04)) ((-5.530728e-01 -3.975658e-03 1.653712e-01) (-5.527399e-04 -1.939048e-05 -1.010793e-03))
1.31          	((2.731361e-02 1.410694e+01 -9.483538e-02) (-4.766360e-04 -3.991014e-02 2.486933e-04)) ((-5.828793e-01 -3.427005e-03 1.701436e-01) (-5.747496e-04 -1.553036e-05 -9.844469e-04))
1.32          	((2.646250e-02 1.507096e+01 -8.619658e-02) (-4.688946e-04 -3.601872e-02 2.138030e-04)) ((-6.117213e-01 -3.203509e-03 1.748014e-01) (-5.966263e-04 -1.256119e-05 -9.565198e-04))
1.33          	((2.349519e-02 1.599685e+01 -7.830782e-02) (-4.627394e-04 -3.207745e-02 1.792160e-04)) ((-6.390214e-01 -2.887420e-03 1.791199e-01) (-6.184506e-04 -9.959299e-06 -9.271596e-04))
1.34          	((2.176580e-02 1.689200e+01 -6.314704e-02) (-4.576674e-04 -2.809140e-02 1.455386e-04)) ((-6.650446e-01 -2.429102e-03 1.834840e-01) (-6.402586e-04 -7.508446e-06 -8.964523e-04))
1.35          	((1.927424e-02 1.774057e+01 -5.327024e-02) (-4.525461e-04 -2.406669e-02 1.104905e-04)) ((-6.893701e-01 -2.063265e-03 1.872082e-01) (-6.624577e-04 -5.454059e-06 -8.649125e-04))
1.36          	((1.495431e-02 1.855087e+01 -4.559311e-02) (-4.477513e-04 -2.000993e-02 7.651907e-05)) ((-7.125620e-01 -1.543196e-03 1.911439e-01) (-6.846531e-04 -3.992051e-06 -8.325544e-04))
1.37          	((1.126443e-02 1.931715e+01 -3.661142e-02) (-4.429090e-04 -1.592566e-02 4.360678e-05)) ((-7.342641e-01 -9.603621e-04 1.946446e-01) (-7.072480e-04 -2.627385e-06 -7.991439e-04))
1.38          	((6.778041e-03 2.003809e+01 -2.963744e-02) (-4.403544e-04 -1.182065e-02 6.759875e-06)) ((-7.551810e-01 -5.265131e-04 1.977616e-01) (-7.303093e-04 -1.384998e-06 -7.651876e-04))
1.39          	((2.994805e-03 2.072318e+01 -2.449574e-02) (-4.378082e-04 -7.708770e-03 -3.092336e-05)) ((-7.752796e-01 1.132202e-04 2.004787e-01) (-7.531277e-04 -5.083540e-07 -7.311666e-04))
1.4           	((-2.771084e-03 2.135944e+01 -2.085428e-02) (-4.339169e-04 -3.594387e-03 -6.897812e-05)) ((-7.935915e-01 4.228339e-04 2.032614e-01) (-7.760609e-04 -3.460390e-07 -6.969958e-04))
1.41          	((-6.970888e-03 2.195030e+01 -1.695114e-02) (-4.274038e-04 5.195225e-04 -1.052463e-04)) ((-8.099689e-01 8.983394e-04 2.058488e-01) (-7.986663e-04 -8.863770e-07 -6.626470e-04))
1.42          	((-1.243156e-02 2.248997e+01 -2.537455e-02) (-4.246109e-04 4.628378e-03 -1.353757e-04)) ((-8.242751e-01 1.608812e-03 2.085908e-01) (-8.208424e-04 -2.152138e-06 -6.291942e-04))
1.43          	((-1.536507e-02 2.299395e+01 -3.689761e-02) (-4.238675e-04 8.716844e-03 -1.562904e-04)) ((-8.382850e-01 2.587219e-03 2.092978e-01) (-8.414802e-04 -3.593848e-06 -5.967920e-04))
1.44          	((-1.869049e-02 2.346001e+01 -4.173417e-02) (-4.226546e-04 1.278311e-02 -1.744869e-04)) ((-8.505575e-01 2.870410e-03 2.107435e-01) (-8.619010e-04 -5.601339e-06 -5.648356e-04))
1.45          	((-1.996198e-02 2.388938e+01 -5.102131e-02) (-4.240445e-04 1.682635e-02 -1.903668e-04)) ((-8.634488e-01 3.006239e-03 2.118033e-01) (-8.822407e-04 -8.052372e-06 -5.343544e-04))
1.46          	((-2.089446e-02 2.426151e+01 -5.615802e-02) (-4.279714e-04 2.083627e-02 -1.971230e-04)) ((-8.741026e-01 3.687199e-03 2.114718e-01) (-9.018584e-04 -1.047974e-05 -5.051108e-04))
1.47          	((-2.310685e-02 2.459531e+01 -5.767204e-02) (-4.327626e-04 2.481130e-02 -1.938815e-04)) ((-8.823380e-01 4.003081e-03 2.121308e-01) (-9.200416e-04 -1.321408e-05 -4.770521e-04))
1.48          	((-2.562753e-02 2.490280e+01 -5.611553e-02) (-4.388648e-04 2.874477e-02 -1.826852e-04)) ((-8.910048e-01 4.224986e-03 2.122794e-01) (-9.364538e-04 -1.591707e-05 -4.503219e-04))
1.49          	((-2.427779e-02 2.516063e+01 -7.730897e-02) (-4.486569e-04 3.263623e-02 -1.647116e-04)) ((-8.982641e-01 4.243076e-03 2.114438e-01) (-9.514365e-04 -1.841249e-05 -4.247528e-04))
1.5           	((-2.049951e-02 2.542524e+01 -6.777967e-02) (-4.645838e-04 3.648735e-02 -1.378371e-04)) ((-9.044171e-01 4.369759e-03 2.086354e-01) (-9.642057e-04 -2.074661e-05 -3.999186e-04))
1.51          	((-2.153660e-02 2.577060e+01 -8.879184e-02) (-4.888563e-04 4.030232e-02 -9.961348e-05)) ((-9.253581e-01 5.421960e-03 2.065327e-01) (-9.754630e-04 -2.307344e-05 -3.755411e-04))
1.52          	((-2.050027e-02 2.574904e+01 -1.129633e-01) (-5.163072e-04 4.404961e-02 -4.773851e-05)) ((-9.098482e-01 5.227108e-03 2.026877e-01) (-9.830198e-04 -2.523548e-05 -3.515155e-04))
1.53          	((-2.052637e-02 2.598043e+01 -1.043750e-01) (-5.465410e-04 4.774338e-02 2.176256e-05)) ((-9.181296e-01 5.592515e-03 1.995187e-01) (-9.884155e-04 -2.695618e-05 -3.283202e-04))
1.54          	((-1.886778e-02 2.612387e+01 -1.215665e-01) (-5.810311e-04 5.137743e-02 1.092034e-04)) ((-9.222442e-01 5.888521e-03 1.961725e-01) (-9.911775e-04 -2.914928e-05 -3.062491e-04))
1.55          	((-1.801958e-02 2.624413e+01 -1.407321e-01) (-6.204596e-04 5.494579e-02 2.130019e-04)) ((-9.247685e-01 6.099464e-03 1.916452e-01) (-9.909395e-04 -3.138771e-05 -2.842765e-04))
1.56          	((-1.764487e-02 2.632843e+01 -1.626755e-01) (-6.614943e-04 5.843354e-02 3.339409e-04)) ((-9.257645e-01 6.680774e-03 1.855405e-01) (-9.866502e-04 -3.431927e-05 -2.626405e-04))
1.57          	((-1.160436e-02 2.638032e+01 -1.720698e-01) (-7.036648e-04 6.183531e-02 4.712671e-04)) ((-9.258472e-01 6.875463e-03 1.790465e-01) (-9.781250e-04 -3.740689e-05 -2.414900e-04))
1.58          	((-7.271250e-03 2.639816e+01 -1.877878e-01) (-7.443191e-04 6.513718e-02 6.223333e-04)) ((-9.240913e-01 6.822571e-03 1.722155e-01) (-9.649973e-04 -4.103103e-05 -2.207325e-04))
1.59          	((-4.201339e-03 2.637632e+01 -1.983887e-01) (-7.869850e-04 6.833255e-02 7.856615e-04)) ((-9.210211e-01 7.121066e-03 1.647953e-01) (-9.477796e-04 -4.441697e-05 -1.985957e-04))
1.6           	((7.283298e-04 2.631581e+01 -2.128864e-01) (-8.236316e-04 7.141230e-02 9.625801e-04)) ((-9.163152e-01 7.167074e-03 1.568343e-01) (-9.269636e-04 -4.832134e-05 -1.765319e-04))
1.61          	((4.870963e-03 2.621316e+01 -2.236573e-01) (-8.615262e-04 7.437172e-02 1.150097e-03)) ((-9.103511e-01 6.899851e-03 1.482259e-01) (-9.021412e-04 -5.211520e-05 -1.528149e-04))
1.62          	((9.748838e-03 2.607043e+01 -2.341903e-01) (-8.965048e-04 7.721656e-02 1.344638e-03)) ((-9.031068e-01 6.503505e-03 1.390844e-01) (-8.737229e-04 -5.637684e-05 -1.275892e-04))
1.63          	((1.362985e-02 2.588941e+01 -2.462458e-01) (-9.280007e-04 7.992729e-02 1.540516e-03)) ((-8.952717e-01 6.054454e-03 1.300979e-01) (-8.418298e-04 -6.000498e-05 -1.003453e-04))
1.64          	((1.903409e-02 2.566904e+01 -2.509493e-01) (-9.527645e-04 8.250318e-02 1.737140e-03)) ((-8.861726e-01 5.243572e-03 1.201849e-01) (-8.072464e-04 -6.416632e-05 -7.115657e-05))
1.65          	((2.464546e-02 2.540100e+01 -2.506270e-01) (-9.688035e-04 8.494061e-02 1.929083e-03)) ((-8.745202e-01 4.285535e-03 1.102519e-01) (-7.699916e-04 -6.765953e-05 -3.995883e-05))
1.66          	((2.948772e-02 2.508662e+01 -2.528230e-01) (-9.768915e-04 8.722865e-02 2.110265e-03)) ((-8.606107e-01 3.524930e-03 1.005769e-01) (-7.292604e-04 -7.101044e-05 -5.329604e-06))
1.67          	((3.240747e-02 2.472116e+01 -2.481947e-01) (-9.789709e-04 8.935842e-02 2.278962e-03)) ((-8.453971e-01 3.013454e-03 9.150015e-02) (-6.856518e-04 -7.433011e-05 3.157255e-05))
1.68          	((3.485474e-02 2.429833e+01 -2.402414e-01) (-9.676132e-04 9.132398e-02 2.438066e-03)) ((-8.281511e-01 2.185691e-03 8.218888e-02) (-6.389647e-04 -7.779882e-05 7.069534e-05))
1.69          	((3.675551e-02 2.381833e+01 -2.343765e-01) (-9.471560e-04 9.313012e-02 2.581662e-03)) ((-8.074963e-01 7.998632e-04 7.325694e-02) (-5.891446e-04 -8.114015e-05 1.121177e-04))
1.7           	((3.824561e-02 2.328327e+01 -2.237816e-01) (-9.167673e-04 9.477050e-02 2.710147e-03)) ((-7.848126e-01 3.028809e-04 6.479613e-02) (-5.364267e-04 -8.364747e-05 1.552878e-04))
1.71          	((3.958447e-02 2.269289e+01 -2.125244e-01) (-8.824056e-04 9.624896e-02 2.828002e-03)) ((-7.592080e-01 -5.552057e-04 5.654102e-02) (-4.809737e-04 -8.583242e-05 1.985605e-04))
1.72          	((4.047884e-02 2.204306e+01 -1.983082e-01) (-8.455593e-04 9.755999e-02 2.932365e-03)) ((-7.311274e-01 -1.241151e-03 4.821030e-02) (-4.241666e-04 -8.768699e-05 2.421550e-04))
1.73          	((4.032397e-02 2.133743e+01 -1.855487e-01) (-8.057051e-04 9.869843e-02 3.022312e-03)) ((-7.004012e-01 -2.253499e-03 3.988261e-02) (-3.666427e-04 -8.914586e-05 2.845152e-04))
1.74          	((3.911813e-02 2.058147e+01 -1.693791e-01) (-7.699375e-04 9.966468e-02 3.099421e-03)) ((-6.679594e-01 -3.109719e-03 3.241635e-02) (-3.082471e-04 -9.064942e-05 3.279679e-04))
1.75          	((3.695727e-02 1.977674e+01 -1.552293e-01) (-7.326253e-04 1.004509e-01 3.161695e-03)) ((-6.333374e-01 -3.725473e-03 2.514849e-02) (-2.496222e-04 -9.163484e-05 3.716422e-04))
1.76          	((3.477373e-02 1.892570e+01 -1.442846e-01) (-6.968896e-04 1.010564e-01 3.212508e-03)) ((-5.962844e-01 -4.515980e-03 1.839397e-02) (-1.908841e-04 -9.218025e-05 4.159569e-04))
1.77          	((3.254419e-02 1.802774e+01 -1.368293e-01) (-6.655959e-04 1.014790e-01 3.253987e-03)) ((-5.573412e-01 -5.687306e-03 1.172933e-02) (-1.321835e-04 -9.306214e-05 4.609558e-04))
1.78          	((2.923516e-02 1.708947e+01 -1.272948e-01) (-6.393175e-04 1.017153e-01 3.286367e-03)) ((-5.174565e-01 -6.500175e-03 5.284342e-03) (-7.421482e-05 -9.435411e-05 5.063424e-04))
1.79          	((2.701152e-02 1.611292e+01 -1.222931e-01) (-6.124116e-04 1.017632e-01 3.307144e-03)) ((-4.764154e-01 -7.555237e-03 -9.234112e-04) (-1.686140e-05 -9.644098e-05 5.514252e-04))
1.8           	((2.523923e-02 1.510333e+01 -1.208612e-01) (-5.912646e-04 1.016236e-01 3.314959e-03)) ((-4.339018e-01 -8.320939e-03 -7.159821e-03) (3.908684e-05 -9.894967e-05 5.955340e-04))
1.81          	((2.373587e-02 1.406043e+01 -1.198712e-01) (-5.758249e-04 1.012961e-01 3.311821e-03)) ((-3.913756e-01 -8.929012e-03 -1.349995e-02) (9.328245e-05 -1.023151e-04 6.398782e-04))
1.82          	((2.297868e-02 1.299081e+01 -1.218632e-01) (-5.620661e-04 1.007801e-01 3.298613e-03)) ((-3.485855e-01 -9.730598e-03 -1.991565e-02) (1.454316e-04 -1.063123e-04 6.839540e-04))
1.83          	((2.186855e-02 1.189495e+01 -1.202982e-01) (-5.470286e-04 1.000758e-01 3.275910e-03)) ((-3.049475e-01 -1.045872e-02 -2.638524e-02) (1.954003e-04 -1.103649e-04 7.270598e-04))
1.84          	((2.084040e-02 1.077684e+01 -1.207544e-01) (-5.331428e-04 9.918675e-02 3.244077e-03)) ((-2.609993e-01 -1.075251e-02 -3.314432e-02) (2.428694e-04 -1.146578e-04 7.691860e-04))
1.85          	((2.128644e-02 9.639269e+00 -1.264234e-01) (-5.224088e-04 9.811051e-02 3.205029e-03)) ((-2.170866e-01 -1.109901e-02 -4.015855e-02) (2.876001e-04 -1.192474e-04 8.097234e-04))
1.86          	((2.297947e-02 8.484383e+00 -1.340309e-01) (-5.159904e-04 9.685129e-02 3.164433e-03)) ((-1.730652e-01 -1.138835e-02 -4.715587e-02) (3.301589e-04 -1.238133e-04 8.490036e-04))
1.87          	((2.422783e-02 7.316997e+00 -1.399197e-01) (-5.122461e-04 9.541199e-02 3.118105e-03)) ((-1.293057e-01 -1.172970e-02 -5.414311e-02) (3.705834e-04 -1.277101e-04 8.869359e-04))
1.88          	((2.667224e-02 6.136140e+00 -1.429405e-01) (-5.123292e-04 9.379516e-02 3.069852e-03)) ((-8.549616e-02 -1.173953e-02 -6.147593e-02) (4.089923e-04 -1.312615e-04 9.225198e-04))
1.89          	((2.958787e-02 4.947275e+00 -1.419534e-01) (-5.166797e-04 9.200262e-02 3.022356e-03)) ((-4.202618e-02 -1.165948e-02 -6.873443e-02) (4.455188e-04 -1.343139e-04 9.554440e-04))
1.9           	((3.124115e-02 3.752995e+00 -1.417933e-01) (-5.264505e-04 9.004259e-02 2.972827e-03)) ((1.386205e-03 -1.170816e-02 -7.614348e-02) (4.798793e-04 -1.364726e-04 9.851735e-04))
1.91          	((3.353495e-02 2.552246e+00 -1.394708e-01) (-5.400579e-04 8.791637e-02 2.927608e-03)) ((4.449374e-02 -1.155163e-02 -8.381545e-02) (5.125360e-04 -1.374907e-04 1.011942e-03))
1.92          	((3.519781e-02 1.348447e+00 -1.347156e-01) (-5.547731e-04 8.562419e-02 2.883273e-03)) ((8.670390e-02 -1.134246e-02 -9.092634e-02) (5.434303e-04 -1.372558e-04 1.035643e-03))
1.93          	((3.579416e-02 1.468913e-01 -1.284388e-01) (-5.703001e-04 8.316964e-02 2.839350e-03)) ((1.288263e-01 -1.085678e-02 -9.796596e-02) (5.724621e-04 -1.361644e-04 1.055944e-03))
1.94          	((3.750131e-02 -1.053893e+00 -1.225356e-01) (-5.888951e-04 8.056125e-02 2.792015e-03)) ((1.701116e-01 -1.034094e-02 -1.049693e-01) (5.996798e-04 -1.338676e-04 1.073221e-03))
1.95          	((3.864139e-02 -2.247620e+00 -1.194101e-01) (-6.096298e-04 7.780344e-02 2.740948e-03)) ((2.101094e-01 -9.837149e-03 -1.119198e-01) (6.250017e-04 -1.303728e-04 1.086998e-03))
1.96          	((3.787591e-02 -3.432312e+00 -1.135158e-01) (-6.346490e-04 7.490268e-02 2.686630e-03)) ((2.497002e-01 -9.468347e-03 -1.185965e-01) (6.489006e-04 -1.264333e-04 1.096639e-03))
1.97          	((3.778668e-02 -4.612082e+00 -1.044069e-01) (-6.623562e-04 7.186617e-02 2.622519e-03)) ((2.887569e-01 -8.728564e-03 -1.251487e-01) (6.711174e-04 -1.210909e-04 1.103426e-03))
1.98          	((3.429806e-02 -5.777405e+00 -9.484798e-02) (-6.887982e-04 6.869923e-02 2.551378e-03)) ((3.268758e-01 -8.425153e-03 -1.315784e-01) (6.915671e-04 -1.146929e-04 1.107275e-03))
1.99          	((3.201464e-02 -6.925808e+00 -8.409669e-02) (-7.148815e-04 6.540418e-02 2.473900e-03)) ((3.639435e-01 -7.997542e-03 -1.377482e-01) (7.104754e-04 -1.070280e-04 1.108214e-03))
2             	((3.027024e-02 -8.058001e+00 -7.596680e-02) (-7.397968e-04 6.199209e-02 2.389522e-03)) ((3.996812e-01 -7.567776e-03 -1.438205e-01) (7.279189e-04 -9.884327e-05 1.106333e-03))
2.01          	((2.867559e-02 -9.173264e+00 -6.647792e-02) (-7.627054e-04 5.847321e-02 2.300516e-03)) ((4.346093e-01 -7.109830e-03 -1.499866e-01) (7.440995e-04 -8.990627e-05 1.101329e-03))
2.02          	((2.595949e-02 -1.026835e+01 -5.813910e-02) (-7.820327e-04 5.485347e-02 2.207331e-03)) ((4.685796e-01 -6.747209e-03 -1.556658e-01) (7.597470e-04 -8.036424e-05 1.093177e-03))
2.03          	((2.300322e-02 -1.133865e+01 -4.784801e-02) (-8.046760e-04 5.113809e-02 2.112213e-03)) ((5.013865e-01 -6.425183e-03 -1.612332e-01) (7.747811e-04 -7.025303e-05 1.082318e-03))
2.04          	((1.895519e-02 -1.237858e+01 -3.570659e-02) (-8.298641e-04 4.733644e-02 2.014857e-03)) ((5.329967e-01 -6.255750e-03 -1.662555e-01) (7.895636e-04 -5.960457e-05 1.069810e-03))
2.05          	((1.450875e-02 -1.339208e+01 -2.997743e-02) (-8.525756e-04 4.345936e-02 1.915311e-03)) ((5.634713e-01 -5.843093e-03 -1.710026e-01) (8.037229e-04 -4.894941e-05 1.055509e-03))
2.06          	((1.002247e-02 -1.437352e+01 -2.301544e-02) (-8.743216e-04 3.951448e-02 1.812879e-03)) ((5.928654e-01 -5.092140e-03 -1.758409e-01) (8.181761e-04 -3.861989e-05 1.039670e-03))
2.07          	((5.997918e-03 -1.532090e+01 -1.666665e-02) (-8.928492e-04 3.551156e-02 1.711450e-03)) ((6.210774e-01 -4.619348e-03 -1.801781e-01) (8.319944e-04 -2.862043e-05 1.022127e-03))
2.08          	((1.777936e-03 -1.623461e+01 -9.601660e-03) (-9.104525e-04 3.145764e-02 1.613188e-03)) ((6.480541e-01 -4.105357e-03 -1.841205e-01) (8.457486e-04 -1.934370e-05 1.003011e-03))
2.09          	((-3.662652e-03 -1.710827e+01 1.358659e-03) (-9.294691e-04 2.736037e-02 1.515237e-03)) ((6.731938e-01 -3.598411e-03 -1.877377e-01) (8.591855e-04 -1.058377e-05 9.821634e-04))
2.1           	((-8.716790e-03 -1.793584e+01 1.181106e-02) (-9.445253e-04 2.322330e-02 1.417121e-03)) ((6.964488e-01 -3.317199e-03 -1.915262e-01) (8.727323e-04 -1.889632e-06 9.598817e-04))
2.11          	((-1.390686e-02 -1.872881e+01 2.265977e-02) (-9.589232e-04 1.904961e-02 1.317634e-03)) ((7.188636e-01 -2.955849e-03 -1.946225e-01) (8.869754e-04 6.200011e-06 9.361926e-04))
2.12          	((-1.799110e-02 -1.948230e+01 3.296238e-02) (-9.718375e-04 1.484948e-02 1.220927e-03)) ((7.404371e-01 -2.307427e-03 -1.980111e-01) (9.017506e-04 1.384286e-05 9.112833e-04))
2.13          	((-2.177737e-02 -2.019254e+01 3.859511e-02) (-9.804745e-04 1.063561e-02 1.124052e-03)) ((7.605596e-01 -1.725514e-03 -2.010765e-01) (9.168680e-04 2.102819e-05 8.847364e-04))
2.14          	((-2.671057e-02 -2.085601e+01 4.356780e-02) (-9.859268e-04 6.407442e-03 1.024730e-03)) ((7.786856e-01 -1.096038e-03 -2.042016e-01) (9.320155e-04 2.790271e-05 8.570945e-04))
2.15          	((-3.043490e-02 -2.147687e+01 4.816831e-02) (-9.912362e-04 2.175470e-03 9.297396e-04)) ((7.957393e-01 -5.994165e-04 -2.064577e-01) (9.467269e-04 3.380010e-05 8.283336e-04))
2.16          	((-3.272037e-02 -2.205120e+01 5.030230e-02) (-9.970921e-04 -2.056865e-03 8.409665e-04)) ((8.106504e-01 1.064952e-04 -2.090662e-01) (9.615045e-04 3.908943e-05 7.986778e-04))
2.17          	((-3.710229e-02 -2.258686e+01 4.091208e-02) (-1.003110e-03 -6.282188e-03 7.608638e-04)) ((8.258019e-01 7.863660e-04 -2.112411e-01) (9.761358e-04 4.404056e-05 7.686351e-04))
2.18          	((-4.095316e-02 -2.308973e+01 3.483839e-02) (-1.009800e-03 -1.049768e-02 6.907605e-04)) ((8.403551e-01 1.555212e-03 -2.119014e-01) (9.905562e-04 4.871581e-05 7.388839e-04))
2.19          	((-4.256848e-02 -2.355300e+01 3.715481e-02) (-1.018475e-03 -1.469722e-02 6.306586e-04)) ((8.536079e-01 1.862241e-03 -2.122425e-01) (1.005189e-03 5.294560e-05 7.098827e-04))
2.2           	((-4.177246e-02 -2.397392e+01 3.716123e-02) (-1.031631e-03 -1.886972e-02 5.803411e-04)) ((8.642302e-01 2.160421e-03 -2.127484e-01) (1.020473e-03 5.713527e-05 6.815949e-04))
2.21          	((-3.942319e-02 -2.434930e+01 4.323979e-02) (-1.040687e-03 -2.301110e-02 5.474705e-04)) ((8.741019e-01 2.831683e-03 -2.124465e-01) (1.036066e-03 6.056996e-05 6.548702e-04))
2.22          	((-4.283605e-02 -2.468913e+01 4.664895e-02) (-1.051528e-03 -2.711571e-02 5.253549e-04)) ((8.852720e-01 2.770389e-03 -2.128768e-01) (1.050213e-03 6.380327e-05 6.298249e-04))
2.23          	((-4.025725e-02 -2.499235e+01 4.305183e-02) (-1.064450e-03 -3.118280e-02 5.186995e-04)) ((8.944810e-01 3.057050e-03 -2.106159e-01) (1.062339e-03 6.694376e-05 6.066885e-04))
2.24          	((-3.323688e-02 -2.527270e+01 5.203323e-02) (-1.082928e-03 -3.521252e-02 5.251302e-04)) ((9.014700e-01 3.323022e-03 -2.087001e-01) (1.072900e-03 7.062160e-05 5.843158e-04))
2.25          	((-3.250655e-02 -2.555817e+01 5.188354e-02) (-1.104887e-03 -3.920588e-02 5.437796e-04)) ((9.121435e-01 2.924515e-03 -2.056621e-01) (1.081611e-03 7.369415e-05 5.628069e-04))
2.26          	((-2.805583e-02 -2.586756e+01 4.770860e-02) (-1.127034e-03 -4.316875e-02 5.746978e-04)) ((9.280541e-01 3.947828e-03 -2.026415e-01) (1.089146e-03 7.565902e-05 5.428012e-04))
2.27          	((-2.525461e-02 -2.584199e+01 6.904723e-03) (-1.153011e-03 -4.705345e-02 6.189636e-04)) ((9.154836e-01 4.255178e-03 -1.971239e-01) (1.094147e-03 7.729068e-05 5.228139e-04))
2.28          	((-2.158431e-02 -2.610916e+01 3.239425e-02) (-1.184738e-03 -5.087863e-02 6.861370e-04)) ((9.268033e-01 3.588860e-03 -1.937536e-01) (1.097094e-03 7.836488e-05 5.033637e-04))
2.29          	((-2.181402e-02 -2.624995e+01 3.165087e-02) (-1.216950e-03 -5.464193e-02 7.690232e-04)) ((9.313161e-01 3.906933e-03 -1.892214e-01) (1.097413e-03 7.872571e-05 4.838597e-04))
2.3           	((-1.551445e-02 -2.638082e+01 6.790865e-03) (-1.250125e-03 -5.832863e-02 8.702174e-04)) ((9.353740e-01 3.360102e-03 -1.833230e-01) (1.095269e-03 7.859539e-05 4.642994e-04))
2.31          	((-1.038652e-02 -2.646812e+01 -8.168856e-04) (-1.281787e-03 -6.193445e-02 9.862294e-04)) ((9.372129e-01 3.012334e-03 -1.770165e-01) (1.090044e-03 7.707110e-05 4.434132e-04))
2.32          	((-4.202802e-03 -2.652306e+01 -5.124330e-03) (-1.314726e-03 -6.544829e-02 1.118161e-03)) ((9.370201e-01 2.828543e-03 -1.704123e-01) (1.080498e-03 7.473754e-05 4.209531e-04))
2.33          	((-6.430480e-04 -2.655095e+01 -2.470120e-02) (-1.348275e-03 -6.886571e-02 1.264564e-03)) ((9.363416e-01 2.498080e-03 -1.626355e-01) (1.066532e-03 7.103119e-05 3.980340e-04))
2.34          	((4.422477e-03 -2.653478e+01 -2.757749e-02) (-1.385547e-03 -7.217252e-02 1.422223e-03)) ((9.339764e-01 1.909156e-03 -1.549462e-01) (1.048323e-03 6.735087e-05 3.742540e-04))
2.35          	((9.401883e-03 -2.647742e+01 -3.392708e-02) (-1.422803e-03 -7.536592e-02 1.583919e-03)) ((9.301669e-01 1.293144e-03 -1.466427e-01) (1.025848e-03 6.339026e-05 3.480963e-04))
2.36          	((1.460731e-02 -2.638650e+01 -4.569480e-02) (-1.459194e-03 -7.843644e-02 1.754824e-03)) ((9.250993e-01 4.435033e-04 -1.383922e-01) (9.994990e-04 5.961253e-05 3.200732e-04))
2.37          	((1.826498e-02 -2.625669e+01 -5.918723e-02) (-1.495001e-03 -8.137795e-02 1.931422e-03)) ((9.194844e-01 -6.283484e-04 -1.294002e-01) (9.698069e-04 5.532616e-05 2.894919e-04))
2.38          	((2.184041e-02 -2.607979e+01 -6.746484e-02) (-1.533633e-03 -8.418472e-02 2.103767e-03)) ((9.117142e-01 -1.843802e-03 -1.201435e-01) (9.367347e-04 5.122446e-05 2.565784e-04))
2.39          	((2.236408e-02 -2.585778e+01 -7.858880e-02) (-1.570440e-03 -8.684893e-02 2.274952e-03)) ((9.023924e-01 -2.848406e-03 -1.114453e-01) (9.006222e-04 4.704220e-05 2.210924e-04))
2.4           	((2.316400e-02 -2.558810e+01 -9.013493e-02) (-1.605496e-03 -8.935956e-02 2.440287e-03)) ((8.911927e-01 -3.665160e-03 -1.023054e-01) (8.614145e-04 4.357079e-05 1.827435e-04))
2.41          	((2.126721e-02 -2.527232e+01 -9.933033e-02) (-1.633752e-03 -9.171070e-02 2.597374e-03)) ((8.774379e-01 -4.425493e-03 -9.350964e-02) (8.189984e-04 4.088895e-05 1.417204e-04))
2.42          	((1.770122e-02 -2.490026e+01 -1.111272e-01) (-1.656913e-03 -9.389789e-02 2.744456e-03)) ((8.611973e-01 -4.923443e-03 -8.530192e-02) (7.732908e-04 3.813001e-05 9.777702e-05))
2.43          	((1.325396e-02 -2.447020e+01 -1.234199e-01) (-1.677759e-03 -9.591295e-02 2.881850e-03)) ((8.427191e-01 -5.541022e-03 -7.709772e-02) (7.244171e-04 3.527080e-05 5.182636e-05))
2.44          	((5.633076e-03 -2.398270e+01 -1.335232e-01) (-1.695213e-03 -9.775618e-02 3.007100e-03)) ((8.220423e-01 -6.395942e-03 -6.884519e-02) (6.723328e-04 3.229717e-05 3.903393e-06))
2.45          	((-3.383665e-03 -2.344027e+01 -1.390770e-01) (-1.709008e-03 -9.942558e-02 3.124147e-03)) ((7.988653e-01 -6.950531e-03 -6.081977e-02) (6.180241e-04 2.905712e-05 -4.558110e-05))
2.46          	((-1.237381e-02 -2.284213e+01 -1.430026e-01) (-1.717479e-03 -1.009257e-01 3.229517e-03)) ((7.729130e-01 -7.256071e-03 -5.283351e-02) (5.618263e-04 2.544313e-05 -9.531565e-05))
2.47          	((-2.086668e-02 -2.218616e+01 -1.433633e-01) (-1.719249e-03 -1.022511e-01 3.327889e-03)) ((7.438935e-01 -7.691267e-03 -4.484248e-02) (5.043851e-04 2.157628e-05 -1.456582e-04))
2.48          	((-3.120939e-02 -2.147789e+01 -1.427276e-01) (-1.716213e-03 -1.033994e-01 3.420476e-03)) ((7.126160e-01 -8.002387e-03 -3.772038e-02) (4.463777e-04 1.774204e-05 -1.969461e-04))
2.49          	((-3.896182e-02 -2.071561e+01 -1.432512e-01) (-1.711863e-03 -1.043668e-01 3.506719e-03)) ((6.787430e-01 -7.835289e-03 -3.109375e-02) (3.887096e-04 1.352148e-05 -2.494221e-04))
2.5           	((-4.651775e-02 -1.990760e+01 -1.435269e-01) (-1.701715e-03 -1.051539e-01 3.582190e-03)) ((6.427464e-01 -8.586970e-03 -2.477000e-02) (3.314885e-04 9.233482e-06 -3.028450e-04))
2.51          	((-5.321240e-02 -1.905615e+01 -1.476450e-01) (-1.687874e-03 -1.057618e-01 3.648152e-03)) ((6.048318e-01 -8.874850e-03 -1.847994e-02) (2.749493e-04 4.888080e-06 -3.579732e-04))
2.52          	((-5.859967e-02 -1.815534e+01 -1.519325e-01) (-1.669563e-03 -1.061798e-01 3.701717e-03)) ((5.651144e-01 -9.109007e-03 -1.213648e-02) (2.188423e-04 3.281234e-07 -4.135181e-04))
2.53          	((-5.999842e-02 -1.721203e+01 -1.555982e-01) (-1.645197e-03 -1.064102e-01 3.743618e-03)) ((5.239008e-01 -9.536270e-03 -6.178190e-03) (1.636155e-04 -4.565613e-06 -4.682483e-04))
2.54          	((-5.939042e-02 -1.623458e+01 -1.578281e-01) (-1.614340e-03 -1.064532e-01 3.773371e-03)) ((4.817378e-01 -9.770112e-03 -1.926844e-04) (1.096774e-04 -1.011475e-05 -5.226087e-04))
2.55          	((-5.833417e-02 -1.522785e+01 -1.593443e-01) (-1.575797e-03 -1.063054e-01 3.788764e-03)) ((4.387990e-01 -9.812012e-03 5.994139e-03) (5.702015e-05 -1.595581e-05 -5.756463e-04))
2.56          	((-5.447003e-02 -1.418947e+01 -1.646965e-01) (-1.537933e-03 -1.059659e-01 3.790441e-03)) ((3.952720e-01 -9.667381e-03 1.201284e-02) (5.514302e-06 -2.206454e-05 -6.270817e-04))
2.57          	((-5.005146e-02 -1.312106e+01 -1.684800e-01) (-1.498387e-03 -1.054405e-01 3.779214e-03)) ((3.513038e-01 -9.482894e-03 1.833419e-02) (-4.491569e-05 -2.867854e-05 -6.764095e-04))
2.58          	((-4.490352e-02 -1.203453e+01 -1.760501e-01) (-1.460092e-03 -1.047263e-01 3.751816e-03)) ((3.069132e-01 -9.302436e-03 2.470688e-02) (-9.419872e-05 -3.475843e-05 -7.233473e-04))
2.59          	((-3.796683e-02 -1.092391e+01 -1.821242e-01) (-1.420556e-03 -1.038241e-01 3.710477e-03)) ((2.622543e-01 -9.221421e-03 3.068006e-02) (-1.421067e-04 -3.997404e-05 -7.683235e-04))
2.6           	((-3.130721e-02 -9.795174e+00 -1.912407e-01) (-1.384633e-03 -1.027378e-01 3.656835e-03)) ((2.178106e-01 -9.146108e-03 3.702043e-02) (-1.881052e-04 -4.397016e-05 -8.108571e-04))
2.61          	((-2.739659e-02 -8.648395e+00 -1.954029e-01) (-1.354554e-03 -1.014642e-01 3.590374e-03)) ((1.735464e-01 -8.917407e-03 4.335453e-02) (-2.326631e-04 -4.654665e-05 -8.506955e-04))
2.62          	((-2.161542e-02 -7.488361e+00 -1.988067e-01) (-1.327544e-03 -1.000039e-01 3.514497e-03)) ((1.292737e-01 -8.563723e-03 4.992965e-02) (-2.760722e-04 -4.765748e-05 -8.876823e-04))
2.63          	((-1.614576e-02 -6.317693e+00 -2.065170e-01) (-1.303912e-03 -9.836231e-02 3.430732e-03)) ((8.562273e-02 -8.059675e-03 5.659881e-02) (-3.180691e-04 -4.736467e-05 -9.220259e-04))
2.64          	((-1.138197e-02 -5.136542e+00 -2.105604e-01) (-1.284467e-03 -9.654072e-02 3.340065e-03)) ((4.215931e-02 -7.597596e-03 6.340346e-02) (-3.583917e-04 -4.546104e-05 -9.537161e-04))
2.65          	((-6.241401e-03 -3.949904e+00 -2.126710e-01) (-1.267443e-03 -9.454065e-02 3.244758e-03)) ((-8.295233e-04 -6.986930e-03 7.049557e-02) (-3.972014e-04 -4.213007e-05 -9.831436e-04))
2.66          	((-2.227961e-03 -2.756109e+00 -2.123210e-01) (-1.253193e-03 -9.236427e-02 3.145602e-03)) ((-4.360348e-02 -6.469748e-03 7.760465e-02) (-4.346585e-04 -3.749478e-05 -1.009329e-03))
2.67          	((8.116962e-04 -1.560867e+00 -2.151533e-01) (-1.238348e-03 -9.001851e-02 3.042497e-03)) ((-8.573994e-02 -5.764576e-03 8.470198e-02) (-4.704553e-04 -3.154624e-05 -1.032295e-03))
2.68          	((2.913636e-03 -3.633200e-01 -2.107179e-01) (-1.224404e-03 -8.750813e-02 2.939577e-03)) ((-1.272246e-01 -5.015343e-03 9.191402e-02) (-5.047601e-04 -2.453199e-05 -1.052512e-03))
2.69          	((6.015080e-03 8.318795e-01 -2.097614e-01) (-1.209925e-03 -8.483367e-02 2.836374e-03)) ((-1.682442e-01 -4.341742e-03 9.890044e-02) (-5.373440e-04 -1.730874e-05 -1.068993e-03))
2.7           	((9.461131e-03 2.024443e+00 -2.074522e-01) (-1.193685e-03 -8.200191e-02 2.730181e-03)) ((-2.082863e-01 -3.597093e-03 1.059938e-01) (-5.687035e-04 -9.800936e-06 -1.082652e-03))
2.71          	((1.322544e-02 3.210730e+00 -2.063522e-01) (-1.175419e-03 -7.902074e-02 2.625517e-03)) ((-2.479155e-01 -3.024796e-03 1.127960e-01) (-5.983085e-04 -2.572176e-06 -1.092682e-03))
2.72          	((1.584365e-02 4.389384e+00 -1.981519e-01) (-1.154689e-03 -7.589923e-02 2.522838e-03)) ((-2.866664e-01 -2.249198e-03 1.194496e-01) (-6.268664e-04 4.656440e-06 -1.099757e-03))
2.73          	((1.732037e-02 5.555902e+00 -1.890251e-01) (-1.129634e-03 -7.264283e-02 2.423255e-03)) ((-3.247209e-01 -1.982301e-03 1.259757e-01) (-6.545755e-04 1.162220e-05 -1.103800e-03))
2.74          	((1.944087e-02 6.710409e+00 -1.841756e-01) (-1.105593e-03 -6.926120e-02 2.329149e-03)) ((-3.618661e-01 -1.439775e-03 1.327085e-01) (-6.808748e-04 1.778219e-05 -1.104326e-03))
2.75          	((2.013076e-02 7.850335e+00 -1.773918e-01) (-1.080602e-03 -6.576190e-02 2.237280e-03)) ((-3.978170e-01 -9.988846e-04 1.390050e-01) (-7.061847e-04 2.316247e-05 -1.101098e-03))
2.76          	((2.086933e-02 8.969029e+00 -1.687846e-01) (-1.054432e-03 -6.215392e-02 2.147749e-03)) ((-4.328924e-01 -4.794361e-04 1.451821e-01) (-7.304191e-04 2.779810e-05 -1.094131e-03))
2.77          	((2.027796e-02 1.006986e+01 -1.586035e-01) (-1.031931e-03 -5.844155e-02 2.062159e-03)) ((-4.668938e-01 -2.761529e-04 1.508503e-01) (-7.538679e-04 3.213423e-05 -1.083633e-03))
2.78          	((1.929597e-02 1.114634e+01 -1.483666e-01) (-1.010740e-03 -5.463279e-02 1.982123e-03)) ((-4.999766e-01 3.690440e-04 1.567270e-01) (-7.765081e-04 3.567688e-05 -1.070121e-03))
2.79          	((1.673200e-02 1.219586e+01 -1.399330e-01) (-9.913238e-04 -5.073840e-02 1.907060e-03)) ((-5.317083e-01 6.315802e-04 1.622835e-01) (-7.986678e-04 3.867210e-05 -1.053391e-03))
2.8           	((1.487445e-02 1.321812e+01 -1.306483e-01) (-9.729715e-04 -4.676575e-02 1.835646e-03)) ((-5.628407e-01 1.205328e-03 1.675244e-01) (-8.196559e-04 4.069575e-05 -1.034242e-03))
2.81          	((1.110530e-02 1.420889e+01 -1.225392e-01) (-9.551595e-04 -4.272206e-02 1.768718e-03)) ((-5.927044e-01 1.470696e-03 1.725889e-01) (-8.396344e-04 4.251813e-05 -1.012301e-03))
2.82          	((8.699022e-03 1.517177e+01 -1.122334e-01) (-9.390458e-04 -3.861478e-02 1.705989e-03)) ((-6.214306e-01 1.685444e-03 1.776636e-01) (-8.586332e-04 4.399496e-05 -9.882274e-04))
2.83          	((5.397867e-03 1.609424e+01 -1.011604e-01) (-9.268245e-04 -3.445059e-02 1.648540e-03)) ((-6.478261e-01 1.861746e-03 1.820428e-01) (-8.766946e-04 4.539513e-05 -9.619954e-04))
2.84          	((1.213400e-03 1.697700e+01 -9.154616e-02) (-9.173712e-04 -3.023945e-02 1.595839e-03)) ((-6.730971e-01 2.135810e-03 1.866125e-01) (-8.945201e-04 4.632927e-05 -9.337271e-04))
2.85          	((-4.399112e-03 1.781904e+01 -7.899952e-02) (-9.107878e-04 -2.598579e-02 1.545725e-03)) ((-6.971822e-01 2.233146e-03 1.907449e-01) (-9.125684e-04 4.738592e-05 -9.045145e-04))
2.86          	((-7.529480e-03 1.862367e+01 -6.787476e-02) (-9.058632e-04 -2.169814e-02 1.497004e-03)) ((-7.197448e-01 2.625817e-03 1.942048e-01) (-9.307571e-04 4.807771e-05 -8.739976e-04))
2.87          	((-1.210062e-02 1.938782e+01 -6.085967e-02) (-9.039989e-04 -1.738346e-02 1.449514e-03)) ((-7.417053e-01 3.283222e-03 1.977846e-01) (-9.487868e-04 4.851628e-05 -8.427767e-04))
2.88          	((-1.822839e-02 2.010957e+01 -4.875599e-02) (-9.057361e-04 -1.305202e-02 1.401740e-03)) ((-7.623185e-01 3.491372e-03 2.009298e-01) (-9.665474e-04 4.846839e-05 -8.108321e-04))
2.89          	((-2.340080e-02 2.078519e+01 -4.213919e-02) (-9.098470e-04 -8.713406e-03 1.354773e-03)) ((-7.818434e-01 3.903410e-03 2.042430e-01) (-9.840586e-04 4.814215e-05 -7.785435e-04))
2.9           	((-2.739451e-02 2.141550e+01 -3.273623e-02) (-9.137618e-04 -4.372016e-03 1.309069e-03)) ((-7.990052e-01 4.552699e-03 2.068763e-01) (-1.001387e-03 4.727078e-05 -7.458027e-04))
2.91          	((-3.380583e-02 2.200102e+01 -3.773681e-02) (-9.184718e-04 -3.560716e-05 1.274975e-03)) ((-8.145674e-01 5.060374e-03 2.089722e-01) (-1.018386e-03 4.601537e-05 -7.129806e-04))
2.92          	((-3.866696e-02 2.254754e+01 -4.328477e-02) (-9.213196e-04 4.290806e-03 1.252783e-03)) ((-8.296837e-01 5.571437e-03 2.114745e-01) (-1.034941e-03 4.451611e-05 -6.805508e-04))
2.93          	((-3.986981e-02 2.304812e+01 -4.160842e-02) (-9.244673e-04 8.598365e-03 1.242453e-03)) ((-8.435160e-01 6.165764e-03 2.128385e-01) (-1.051164e-03 4.300014e-05 -6.485805e-04))
2.94          	((-4.251943e-02 2.352478e+01 -4.424043e-02) (-9.288005e-04 1.288373e-02 1.235929e-03)) ((-8.580805e-01 6.508739e-03 2.145453e-01) (-1.067033e-03 4.178817e-05 -6.181147e-04))
2.95          	((-4.464079e-02 2.394687e+01 -4.094325e-02) (-9.331281e-04 1.714289e-02 1.231637e-03)) ((-8.695915e-01 6.910436e-03 2.148805e-01) (-1.083490e-03 4.058295e-05 -5.892355e-04))
2.96          	((-4.509981e-02 2.431552e+01 -3.051138e-02) (-9.365928e-04 2.137256e-02 1.238238e-03)) ((-8.791359e-01 7.011905e-03 2.153297e-01) (-1.099793e-03 3.894766e-05 -5.613675e-04))
2.97          	((-4.530400e-02 2.466408e+01 -2.629158e-02) (-9.366124e-04 2.556067e-02 1.253563e-03)) ((-8.901015e-01 7.292753e-03 2.150795e-01) (-1.113246e-03 3.630213e-05 -5.346123e-04))
2.98          	((-4.725352e-02 2.496602e+01 -2.456786e-02) (-9.406480e-04 2.971244e-02 1.283559e-03)) ((-8.982968e-01 7.779985e-03 2.137737e-01) (-1.125209e-03 3.413622e-05 -5.098186e-04))
2.99          	((-4.470342e-02 2.524378e+01 -2.707495e-02) (-9.504644e-04 3.382104e-02 1.329927e-03)) ((-9.064696e-01 8.458873e-03 2.118711e-01) (-1.136315e-03 3.295371e-05 -4.870922e-04))
3             	((-4.254442e-02 2.551204e+01 -1.902200e-02) (-9.690238e-04 3.788591e-02 1.389859e-03)) ((-9.139028e-01 7.904102e-03 2.105225e-01) (-1.145784e-03 3.147564e-05 -4.648367e-04))
3.01          	((-3.755868e-02 2.580852e+01 -2.597085e-02) (-9.938865e-04 4.190801e-02 1.463232e-03)) ((-9.338850e-01 9.221412e-03 2.081024e-01) (-1.154898e-03 2.956571e-05 -4.432322e-04))
3.02          	((-3.842519e-02 2.582159e+01 -6.759441e-02) (-1.022897e-03 4.585578e-02 1.546434e-03)) ((-9.174701e-01 9.572203e-03 2.026819e-01) (-1.160803e-03 2.726676e-05 -4.214017e-04))
3.03          	((-3.723317e-02 2.607415e+01 -3.389961e-02) (-1.054861e-03 4.974563e-02 1.643457e-03)) ((-9.295827e-01 8.933324e-03 1.988276e-01) (-1.164954e-03 2.449027e-05 -4.003814e-04))
3.04          	((-3.413173e-02 2.620201e+01 -2.824848e-02) (-1.087964e-03 5.356816e-02 1.758283e-03)) ((-9.325762e-01 9.467049e-03 1.947205e-01) (-1.166378e-03 2.128257e-05 -3.795304e-04))
3.05          	((-3.231387e-02 2.632479e+01 -4.463949e-02) (-1.124752e-03 5.731760e-02 1.890117e-03)) ((-9.367582e-01 9.823475e-03 1.897869e-01) (-1.164821e-03 1.817394e-05 -3.589553e-04))
3.06          	((-2.809032e-02 2.640787e+01 -4.726838e-02) (-1.164287e-03 6.097940e-02 2.039966e-03)) ((-9.378029e-01 9.725185e-03 1.838937e-01) (-1.160157e-03 1.516994e-05 -3.400867e-04))
3.07          	((-2.414834e-02 2.645689e+01 -5.023439e-02) (-1.202048e-03 6.454512e-02 2.199472e-03)) ((-9.373905e-01 9.838413e-03 1.776279e-01) (-1.151988e-03 1.138367e-05 -3.201068e-04))
3.08          	((-1.998510e-02 2.647380e+01 -5.792995e-02) (-1.237647e-03 6.800107e-02 2.368181e-03)) ((-9.360465e-01 9.750641e-03 1.704146e-01) (-1.139680e-03 6.725658e-06 -2.988089e-04))
3.09          	((-1.766953e-02 2.644900e+01 -6.245470e-02) (-1.271749e-03 7.134174e-02 2.543601e-03)) ((-9.327450e-01 9.565445e-03 1.628065e-01) (-1.123203e-03 2.275387e-06 -2.771465e-04))
3.1           	((-1.300359e-02 2.638534e+01 -6.938448e-02) (-1.306115e-03 7.456120e-02 2.724035e-03)) ((-9.279083e-01 9.501807e-03 1.549000e-01) (-1.102638e-03 -2.641709e-06 -2.539247e-04))
3.11          	((-6.944782e-03 2.628374e+01 -7.267369e-02) (-1.340569e-03 7.765212e-02 2.911175e-03)) ((-9.224583e-01 9.068788e-03 1.465332e-01) (-1.078462e-03 -7.756639e-06 -2.296521e-04))
3.12          	((-2.954506e-03 2.614515e+01 -8.070031e-02) (-1.369440e-03 8.060665e-02 3.104785e-03)) ((-9.161926e-01 9.027122e-03 1.376870e-01) (-1.050093e-03 -1.343447e-05 -2.027673e-04))
3.13          	((2.665740e-03 2.596372e+01 -8.544721e-02) (-1.399706e-03 8.342123e-02 3.295554e-03)) ((-9.077198e-01 8.740754e-03 1.290535e-01) (-1.017601e-03 -1.903316e-05 -1.732981e-04))
3.14          	((7.801496e-03 2.573666e+01 -9.174628e-02) (-1.421676e-03 8.609444e-02 3.482378e-03)) ((-8.969337e-01 8.409363e-03 1.202194e-01) (-9.818706e-04 -2.439174e-05 -1.413981e-04))
3.15          	((1.159421e-02 2.546503e+01 -1.002923e-01) (-1.441014e-03 8.861060e-02 3.663352e-03)) ((-8.849766e-01 7.859047e-03 1.109856e-01) (-9.424428e-04 -2.980613e-05 -1.067337e-04))
3.16          	((1.691384e-02 2.514708e+01 -1.059174e-01) (-1.457693e-03 9.095837e-02 3.831795e-03)) ((-8.706474e-01 7.050144e-03 1.018115e-01) (-8.989966e-04 -3.496661e-05 -6.963615e-05))
3.17          	((2.089563e-02 2.477278e+01 -1.071266e-01) (-1.469266e-03 9.313307e-02 3.990572e-03)) ((-8.535373e-01 6.114553e-03 9.268097e-02) (-8.519138e-04 -4.002305e-05 -2.997925e-05))
3.18          	((2.519808e-02 2.434198e+01 -1.100519e-01) (-1.475573e-03 9.513366e-02 4.137159e-03)) ((-8.347963e-01 5.327149e-03 8.387391e-02) (-8.017257e-04 -4.525535e-05 1.308595e-05))
3.19          	((2.971454e-02 2.385419e+01 -1.096283e-01) (-1.475022e-03 9.696527e-02 4.270285e-03)) ((-8.133568e-01 4.352556e-03 7.533584e-02) (-7.487318e-04 -5.014295e-05 5.863436e-05))
3.2           	((3.242393e-02 2.331260e+01 -1.092468e-01) (-1.469802e-03 9.862659e-02 4.393513e-03)) ((-7.897559e-01 3.626038e-03 6.663886e-02) (-6.936047e-04 -5.487701e-05 1.057434e-04))
3.21          	((3.294142e-02 2.271665e+01 -1.084058e-01) (-1.460188e-03 1.001133e-01 4.506280e-03)) ((-7.636284e-01 2.834030e-03 5.828400e-02) (-6.359427e-04 -5.957314e-05 1.543935e-04))
3.22          	((3.426233e-02 2.206793e+01 -1.059231e-01) (-1.446861e-03 1.014225e-01 4.606174e-03)) ((-7.351814e-01 2.002106e-03 4.994582e-02) (-5.768434e-04 -6.399338e-05 2.047889e-04))
3.23          	((3.259710e-02 2.136085e+01 -1.010602e-01) (-1.430227e-03 1.025545e-01 4.695999e-03)) ((-7.043119e-01 9.938715e-04 4.207007e-02) (-5.167783e-04 -6.843123e-05 2.557230e-04))
3.24          	((3.212836e-02 2.060429e+01 -9.875913e-02) (-1.413672e-03 1.035061e-01 4.780506e-03)) ((-6.711206e-01 -4.054071e-05 3.434598e-02) (-4.562626e-04 -7.258729e-05 3.089059e-04))
3.25          	((3.043670e-02 1.979434e+01 -9.526503e-02) (-1.392582e-03 1.042708e-01 4.858675e-03)) ((-6.353835e-01 -1.118597e-03 2.728554e-02) (-3.960198e-04 -7.683016e-05 3.624858e-04))
3.26          	((2.949779e-02 1.894133e+01 -8.937439e-02) (-1.368978e-03 1.048487e-01 4.927580e-03)) ((-5.977047e-01 -1.947873e-03 2.023056e-02) (-3.361021e-04 -8.064064e-05 4.163202e-04))
3.27          	((2.703863e-02 1.804327e+01 -8.820900e-02) (-1.343486e-03 1.052375e-01 4.990209e-03)) ((-5.586000e-01 -3.116290e-03 1.339732e-02) (-2.764150e-04 -8.437531e-05 4.713791e-04))
3.28          	((2.618662e-02 1.710384e+01 -8.926672e-02) (-1.315497e-03 1.054305e-01 5.044692e-03)) ((-5.181000e-01 -4.186891e-03 6.535258e-03) (-2.175829e-04 -8.754637e-05 5.264984e-04))
3.29          	((2.448443e-02 1.612715e+01 -8.853044e-02) (-1.283062e-03 1.054340e-01 5.088028e-03)) ((-4.765637e-01 -5.350106e-03 -2.703001e-05) (-1.600500e-04 -9.036900e-05 5.808320e-04))
3.3           	((2.391952e-02 1.511688e+01 -8.645055e-02) (-1.253036e-03 1.052449e-01 5.120582e-03)) ((-4.341240e-01 -6.338954e-03 -6.747850e-03) (-1.038056e-04 -9.271648e-05 6.345752e-04))
3.31          	((2.484194e-02 1.407623e+01 -8.754361e-02) (-1.221932e-03 1.048608e-01 5.141392e-03)) ((-3.912550e-01 -7.108001e-03 -1.346034e-02) (-4.916002e-05 -9.489975e-05 6.873945e-04))
3.32          	((2.631395e-02 1.300937e+01 -9.011526e-02) (-1.188857e-03 1.042878e-01 5.153356e-03)) ((-3.476212e-01 -7.926666e-03 -2.004011e-02) (3.536284e-06 -9.646267e-05 7.388229e-04))
3.33          	((2.755199e-02 1.191705e+01 -9.647923e-02) (-1.156780e-03 1.035243e-01 5.156258e-03)) ((-3.037882e-01 -8.473242e-03 -2.687341e-02) (5.384559e-05 -9.753332e-05 7.895916e-04))
3.34          	((2.950017e-02 1.080274e+01 -1.027346e-01) (-1.125721e-03 1.025723e-01 5.146046e-03)) ((-2.598005e-01 -9.130967e-03 -3.362642e-02) (1.018961e-04 -9.813885e-05 8.383387e-04))
3.35          	((3.142677e-02 9.670285e+00 -1.046548e-01) (-1.095081e-03 1.014330e-01 5.123971e-03)) ((-2.154212e-01 -9.641433e-03 -4.061301e-02) (1.477462e-04 -9.842258e-05 8.852841e-04))
3.36          	((3.233418e-02 8.519468e+00 -1.075461e-01) (-1.070600e-03 1.001133e-01 5.089789e-03)) ((-1.711518e-01 -1.008155e-02 -4.775590e-02) (1.915860e-04 -9.781494e-05 9.300761e-04))
3.37          	((3.455465e-02 7.354741e+00 -1.095355e-01) (-1.050239e-03 9.861246e-02 5.045000e-03)) ((-1.272785e-01 -1.013708e-02 -5.492565e-02) (2.333207e-04 -9.692305e-05 9.729055e-04))
3.38          	((3.611448e-02 6.178049e+00 -1.098571e-01) (-1.036685e-03 9.693251e-02 4.991276e-03)) ((-8.346539e-02 -1.006570e-02 -6.193479e-02) (2.736935e-04 -9.563744e-05 1.012934e-03))
3.39          	((3.611151e-02 4.992371e+00 -1.085739e-01) (-1.029887e-03 9.507643e-02 4.926567e-03)) ((-3.979468e-02 -9.972337e-03 -6.897516e-02) (3.124366e-04 -9.379969e-05 1.050535e-03))
3.4           	((3.685935e-02 3.800455e+00 -1.091095e-01) (-1.024508e-03 9.304740e-02 4.852157e-03)) ((3.515033e-03 -9.806441e-03 -7.581858e-02) (3.491718e-04 -9.143178e-05 1.084815e-03))
3.41          	((3.743639e-02 2.607028e+00 -1.070052e-01) (-1.025653e-03 9.084798e-02 4.771621e-03)) ((4.637543e-02 -9.621210e-03 -8.272986e-02) (3.845231e-04 -8.820741e-05 1.115453e-03))
3.42          	((3.735762e-02 1.409510e+00 -1.039621e-01) (-1.032232e-03 8.847539e-02 4.683052e-03)) ((8.853221e-02 -9.242699e-03 -8.931466e-02) (4.182152e-04 -8.399695e-05 1.142744e-03))
3.43          	((3.670487e-02 2.099382e-01 -9.927081e-02) (-1.038740e-03 8.593652e-02 4.590175e-03)) ((1.303558e-01 -8.792383e-03 -9.582011e-02) (4.499953e-04 -7.899052e-05 1.166152e-03))
3.44          	((3.380522e-02 -9.898436e-01 -9.276413e-02) (-1.049406e-03 8.324265e-02 4.486720e-03)) ((1.718899e-01 -8.513896e-03 -1.024361e-01) (4.799299e-04 -7.302215e-05 1.184959e-03))
3.45          	((3.248097e-02 -2.180636e+00 -8.716299e-02) (-1.064186e-03 8.039683e-02 4.375689e-03)) ((2.125181e-01 -8.157178e-03 -1.091315e-01) (5.083686e-04 -6.617412e-05 1.200033e-03))
3.46          	((2.954627e-02 -3.362742e+00 -8.252212e-02) (-1.081887e-03 7.740118e-02 4.253238e-03)) ((2.519161e-01 -8.060521e-03 -1.155329e-01) (5.352074e-04 -5.880146e-05 1.210694e-03))
3.47          	((2.753357e-02 -4.538240e+00 -7.687319e-02) (-1.104192e-03 7.426618e-02 4.123257e-03)) ((2.905649e-01 -7.654670e-03 -1.216814e-01) (5.600836e-04 -5.049161e-05 1.217610e-03))
3.48          	((2.546726e-02 -5.701968e+00 -7.063880e-02) (-1.125210e-03 7.099759e-02 3.984449e-03)) ((3.283877e-01 -7.464730e-03 -1.277944e-01) (5.835105e-04 -4.124886e-05 1.221138e-03))
3.49          	((2.319252e-02 -6.852764e+00 -5.887315e-02) (-1.144380e-03 6.760378e-02 3.839157e-03)) ((3.652539e-01 -7.351852e-03 -1.341943e-01) (6.054050e-04 -3.149573e-05 1.220404e-03))
3.5           	((2.084754e-02 -7.984183e+00 -5.231908e-02) (-1.163664e-03 6.409022e-02 3.688674e-03)) ((4.010954e-01 -7.185306e-03 -1.399551e-01) (6.261228e-04 -2.174225e-05 1.216271e-03))
3.51          	((1.790087e-02 -9.098039e+00 -4.410359e-02) (-1.181285e-03 6.046771e-02 3.536719e-03)) ((4.358620e-01 -6.762927e-03 -1.455862e-01) (6.459226e-04 -1.183125e-05 1.208723e-03))
3.52          	((1.451615e-02 -1.019124e+01 -3.293341e-02) (-1.195783e-03 5.674053e-02 3.384726e-03)) ((4.698101e-01 -6.724396e-03 -1.514908e-01) (6.651469e-04 -1.882870e-06 1.198340e-03))
3.53          	((1.015132e-02 -1.126119e+01 -2.423482e-02) (-1.206132e-03 5.291844e-02 3.232196e-03)) ((5.026591e-01 -6.437882e-03 -1.573307e-01) (6.840363e-04 7.847006e-06 1.185077e-03))
3.54          	((5.825914e-03 -1.230660e+01 -1.481648e-02) (-1.215571e-03 4.900970e-02 3.081971e-03)) ((5.342833e-01 -6.347409e-03 -1.624878e-01) (7.022972e-04 1.752779e-05 1.169484e-03))
3.55          	((9.706693e-04 -1.332207e+01 -4.840903e-03) (-1.223115e-03 4.502164e-02 2.933708e-03)) ((5.647221e-01 -5.809728e-03 -1.672581e-01) (7.196039e-04 2.677114e-05 1.151736e-03))
3.56          	((-1.067212e-03 -1.430683e+01 2.216336e-03) (-1.229382e-03 4.096537e-02 2.787068e-03)) ((5.941669e-01 -5.362305e-03 -1.720564e-01) (7.359247e-04 3.531800e-05 1.131538e-03))
3.57          	((-5.481998e-03 -1.525692e+01 8.329896e-03) (-1.235507e-03 3.684889e-02 2.643444e-03)) ((6.219412e-01 -5.116655e-03 -1.768249e-01) (7.522370e-04 4.326494e-05 1.109030e-03))
3.58          	((-1.022521e-02 -1.617130e+01 1.503171e-02) (-1.239768e-03 3.267802e-02 2.504265e-03)) ((6.486783e-01 -4.981889e-03 -1.811544e-01) (7.684865e-04 5.094678e-05 1.084704e-03))
3.59          	((-1.351381e-02 -1.704909e+01 2.233028e-02) (-1.241647e-03 2.846260e-02 2.369588e-03)) ((6.739164e-01 -4.965006e-03 -1.855323e-01) (7.845583e-04 5.780103e-05 1.058550e-03))
3.6           	((-1.967478e-02 -1.788212e+01 3.376662e-02) (-1.241383e-03 2.420847e-02 2.241910e-03)) ((6.975833e-01 -4.481117e-03 -1.894591e-01) (8.006902e-04 6.406499e-05 1.030474e-03))
3.61          	((-2.554678e-02 -1.867650e+01 3.901323e-02) (-1.240205e-03 1.991826e-02 2.118846e-03)) ((7.200738e-01 -4.015808e-03 -1.929144e-01) (8.176927e-04 7.039483e-05 1.001295e-03))
3.62          	((-2.954703e-02 -1.943349e+01 5.038606e-02) (-1.237348e-03 1.560288e-02 1.996916e-03)) ((7.415788e-01 -3.703571e-03 -1.964828e-01) (8.348094e-04 7.611873e-05 9.707813e-04))
3.63          	((-3.228925e-02 -2.014840e+01 5.847642e-02) (-1.231153e-03 1.127223e-02 1.874240e-03)) ((7.618219e-01 -3.415440e-03 -1.998998e-01) (8.520384e-04 8.166957e-05 9.389853e-04))
3.64          	((-3.748267e-02 -2.081962e+01 6.732405e-02) (-1.224689e-03 6.933268e-03 1.752917e-03)) ((7.806975e-01 -3.116475e-03 -2.032628e-01) (8.692600e-04 8.661963e-05 9.063009e-04))
3.65          	((-3.911782e-02 -2.144046e+01 6.821437e-02) (-1.216961e-03 2.593226e-03 1.637703e-03)) ((7.977901e-01 -2.263254e-03 -2.059819e-01) (8.859655e-04 9.121816e-05 8.724787e-04))
3.66          	((-4.331008e-02 -2.201705e+01 6.237420e-02) (-1.212475e-03 -1.744082e-03 1.533808e-03)) ((8.124286e-01 -1.835265e-03 -2.080353e-01) (9.027674e-04 9.515941e-05 8.385458e-04))
3.67          	((-4.543924e-02 -2.256228e+01 5.919295e-02) (-1.209506e-03 -6.070180e-03 1.447929e-03)) ((8.282192e-01 -1.419359e-03 -2.090773e-01) (9.188742e-04 9.923977e-05 8.046743e-04))
3.68          	((-4.818006e-02 -2.306826e+01 6.281645e-02) (-1.207181e-03 -1.038050e-02 1.373691e-03)) ((8.428899e-01 -7.542668e-04 -2.104892e-01) (9.348090e-04 1.026975e-04 7.711530e-04))
3.69          	((-4.838542e-02 -2.353597e+01 5.881258e-02) (-1.205166e-03 -1.466964e-02 1.311675e-03)) ((8.565913e-01 -1.207804e-05 -2.110628e-01) (9.506646e-04 1.059202e-04 7.383722e-04))
3.7           	((-5.178162e-02 -2.395226e+01 6.297893e-02) (-1.205685e-03 -1.893696e-02 1.262309e-03)) ((8.672807e-01 5.323262e-04 -2.121206e-01) (9.671229e-04 1.090872e-04 7.071243e-04))
3.71          	((-5.023128e-02 -2.432894e+01 7.028901e-02) (-1.211203e-03 -2.317210e-02 1.222390e-03)) ((8.775170e-01 5.550789e-04 -2.122465e-01) (9.825890e-04 1.121856e-04 6.778360e-04))
3.72          	((-5.173938e-02 -2.467791e+01 7.047692e-02) (-1.217341e-03 -2.736705e-02 1.195472e-03)) ((8.888242e-01 6.932335e-04 -2.115339e-01) (9.964242e-04 1.145335e-04 6.504288e-04))
3.73          	((-5.056502e-02 -2.498387e+01 7.739585e-02) (-1.225480e-03 -3.152844e-02 1.189114e-03)) ((8.984787e-01 1.261343e-03 -2.098951e-01) (1.009093e-03 1.167789e-04 6.253369e-04))
3.74          	((-4.846757e-02 -2.527176e+01 8.412724e-02) (-1.237416e-03 -3.564974e-02 1.196440e-03)) ((9.071083e-01 1.755378e-03 -2.071076e-01) (1.019883e-03 1.181382e-04 6.018842e-04))
3.75          	((-4.392557e-02 -2.555328e+01 7.140824e-02) (-1.255723e-03 -3.972995e-02 1.216168e-03)) ((9.161422e-01 1.968104e-03 -2.051317e-01) (1.029027e-03 1.185118e-04 5.782106e-04))
3.76          	((-3.828975e-02 -2.583051e+01 7.818784e-02) (-1.274382e-03 -4.376866e-02 1.255687e-03)) ((9.305444e-01 2.600737e-03 -2.023471e-01) (1.037139e-03 1.182822e-04 5.549937e-04))
3.77          	((-4.381973e-02 -2.584393e+01 4.367363e-02) (-1.303005e-03 -4.773629e-02 1.311578e-03)) ((9.199112e-01 3.136815e-03 -1.964558e-01) (1.042484e-03 1.173082e-04 5.324691e-04))
3.78          	((-3.520221e-02 -2.610497e+01 6.150316e-02) (-1.333970e-03 -5.164057e-02 1.384243e-03)) ((9.309867e-01 2.801092e-03 -1.919671e-01) (1.045582e-03 1.156408e-04 5.103356e-04))
3.79          	((-3.378527e-02 -2.624256e+01 7.958114e-02) (-1.369439e-03 -5.547755e-02 1.472864e-03)) ((9.345764e-01 2.766387e-03 -1.868260e-01) (1.045755e-03 1.137240e-04 4.875446e-04))
3.8           	((-3.182274e-02 -2.636819e+01 5.674757e-02) (-1.405800e-03 -5.923826e-02 1.577439e-03)) ((9.386589e-01 2.922269e-03 -1.810987e-01) (1.043552e-03 1.119655e-04 4.645066e-04))
3.81          	((-2.639326e-02 -2.645611e+01 5.097763e-02) (-1.445277e-03 -6.291780e-02 1.693614e-03)) ((9.410231e-01 2.627178e-03 -1.750134e-01) (1.038261e-03 1.093742e-04 4.411283e-04))
3.82          	((-2.227583e-02 -2.650908e+01 4.618356e-02) (-1.486149e-03 -6.650283e-02 1.823939e-03)) ((9.412262e-01 2.291475e-03 -1.682602e-01) (1.028843e-03 1.052612e-04 4.170343e-04))
3.83          	((-1.835688e-02 -2.652877e+01 3.612945e-02) (-1.530816e-03 -6.997966e-02 1.972068e-03)) ((9.402013e-01 1.891696e-03 -1.612246e-01) (1.015156e-03 1.003003e-04 3.931060e-04))
3.84          	((-1.405884e-02 -2.651007e+01 3.195875e-02) (-1.570272e-03 -7.334126e-02 2.128200e-03)) ((9.379926e-01 1.292107e-03 -1.534863e-01) (9.971726e-04 9.477819e-05 3.678744e-04))
3.85          	((-8.204721e-03 -2.645135e+01 2.592637e-02) (-1.612461e-03 -7.657860e-02 2.293097e-03)) ((9.339311e-01 6.297627e-04 -1.453657e-01) (9.754105e-04 8.920953e-05 3.412524e-04))
3.86          	((-2.737264e-03 -2.635419e+01 2.160278e-02) (-1.656246e-03 -7.968478e-02 2.462023e-03)) ((9.287824e-01 -1.662513e-04 -1.369668e-01) (9.500074e-04 8.372489e-05 3.132883e-04))
3.87          	((2.905347e-03 -2.622250e+01 1.596222e-02) (-1.697656e-03 -8.265103e-02 2.633544e-03)) ((9.226265e-01 -9.271288e-04 -1.283693e-01) (9.212242e-04 7.856088e-05 2.836893e-04))
3.88          	((5.877976e-03 -2.604544e+01 7.538072e-03) (-1.734456e-03 -8.547600e-02 2.806213e-03)) ((9.147881e-01 -1.711200e-03 -1.196608e-01) (8.892832e-04 7.351173e-05 2.519034e-04))
3.89          	((8.504404e-03 -2.582247e+01 1.677229e-03) (-1.771629e-03 -8.815275e-02 2.976902e-03)) ((9.047961e-01 -2.725032e-03 -1.103480e-01) (8.535989e-04 6.942532e-05 2.174407e-04))
3.9           	((1.236439e-02 -2.555411e+01 -5.363976e-03) (-1.807163e-03 -9.067392e-02 3.140317e-03)) ((8.930666e-01 -3.790233e-03 -1.012795e-01) (8.144022e-04 6.569242e-05 1.805491e-04))
3.91          	((1.279849e-02 -2.523777e+01 -2.115642e-02) (-1.836941e-03 -9.303404e-02 3.295615e-03)) ((8.792041e-01 -4.632858e-03 -9.266524e-02) (7.722086e-04 6.178835e-05 1.409293e-04))
3.92          	((1.165442e-02 -2.486845e+01 -3.075636e-02) (-1.861411e-03 -9.522724e-02 3.441386e-03)) ((8.630373e-01 -5.290729e-03 -8.452719e-02) (7.265219e-04 5.759433e-05 9.944705e-05))
3.93          	((7.341663e-03 -2.443521e+01 -3.958861e-02) (-1.886892e-03 -9.724807e-02 3.579041e-03)) ((8.438293e-01 -6.404507e-03 -7.643053e-02) (6.777033e-04 5.450366e-05 5.621907e-05))
3.94          	((2.396431e-03 -2.394874e+01 -4.914950e-02) (-1.908502e-03 -9.909876e-02 3.707899e-03)) ((8.223761e-01 -7.230577e-03 -6.820789e-02) (6.260028e-04 5.187373e-05 1.210630e-05))
3.95          	((-2.798690e-03 -2.340875e+01 -5.631267e-02) (-1.929201e-03 -1.007875e-01 3.826411e-03)) ((7.990926e-01 -7.914394e-03 -6.026552e-02) (5.714628e-04 4.928088e-05 -3.209391e-05))
3.96          	((-1.113830e-02 -2.281209e+01 -5.944956e-02) (-1.947394e-03 -1.023056e-01 3.937931e-03)) ((7.731043e-01 -8.684414e-03 -5.221301e-02) (5.148701e-04 4.631240e-05 -7.741043e-05))
3.97          	((-2.050129e-02 -2.215852e+01 -6.187513e-02) (-1.966395e-03 -1.036500e-01 4.040822e-03)) ((7.445934e-01 -9.591459e-03 -4.422237e-02) (4.573968e-04 4.366920e-05 -1.223585e-04))
3.98          	((-2.986100e-02 -2.145195e+01 -6.418300e-02) (-1.981608e-03 -1.048207e-01 4.138994e-03)) ((7.131039e-01 -1.010342e-02 -3.664042e-02) (3.997236e-04 4.127932e-05 -1.691338e-04))
3.99          	((-3.801285e-02 -2.069418e+01 -6.939264e-02) (-1.988926e-03 -1.058153e-01 4.233186e-03)) ((6.793939e-01 -1.063777e-02 -2.969501e-02) (3.425355e-04 3.868312e-05 -2.172195e-04))
4             	((-4.565875e-02 -1.988715e+01 -7.140472e-02) (-1.993461e-03 -1.066279e-01 4.322820e-03)) ((6.437354e-01 -1.157936e-02 -2.302988e-02) (2.858258e-04 3.590234e-05 -2.658866e-04))
4.01          	((-5.316470e-02 -1.903470e+01 -7.741122e-02) (-1.998192e-03 -1.072618e-01 4.400013e-03)) ((6.061059e-01 -1.179191e-02 -1.641013e-02) (2.304334e-04 3.359723e-05 -3.154698e-04))
4.02          	((-5.880008e-02 -1.813710e+01 -8.293245e-02) (-1.994536e-03 -1.077075e-01 4.465466e-03)) ((5.668292e-01 -1.204370e-02 -9.472325e-03) (1.762565e-04 3.094158e-05 -3.653449e-04))
4.03          	((-6.264487e-02 -1.719971e+01 -8.625435e-02) (-1.982539e-03 -1.079610e-01 4.521603e-03)) ((5.261308e-01 -1.272601e-02 -2.590066e-03) (1.233170e-04 2.820925e-05 -4.153174e-04))
4.04          	((-6.173810e-02 -1.622144e+01 -9.199945e-02) (-1.959024e-03 -1.080225e-01 4.565976e-03)) ((4.845780e-01 -1.299889e-02 3.948645e-03) (7.254738e-05 2.475304e-05 -4.647970e-04))
4.05          	((-6.219068e-02 -1.521292e+01 -9.551224e-02) (-1.928350e-03 -1.078901e-01 4.593580e-03)) ((4.418473e-01 -1.306469e-02 1.039968e-02) (2.360509e-05 2.085923e-05 -5.134981e-04))
4.06          	((-6.052652e-02 -1.417317e+01 -1.002351e-01) (-1.893457e-03 -1.075625e-01 4.605609e-03)) ((3.986612e-01 -1.289561e-02 1.670165e-02) (-2.328949e-05 1.723668e-05 -5.612338e-04))
4.07          	((-5.723701e-02 -1.310707e+01 -1.085465e-01) (-1.849655e-03 -1.070413e-01 4.603744e-03)) ((3.552970e-01 -1.256034e-02 2.296265e-02) (-6.826119e-05 1.361299e-05 -6.071567e-04))
4.08          	((-5.520671e-02 -1.201468e+01 -1.163311e-01) (-1.805352e-03 -1.063313e-01 4.584121e-03)) ((3.111123e-01 -1.274986e-02 2.954018e-02) (-1.107205e-04 1.016718e-05 -6.513453e-04))
4.09          	((-5.166993e-02 -1.090148e+01 -1.253735e-01) (-1.762097e-03 -1.054329e-01 4.548777e-03)) ((2.669052e-01 -1.255724e-02 3.610524e-02) (-1.512753e-04 8.120437e-06 -6.935626e-04))
4.1           	((-4.808825e-02 -9.768856e+00 -1.334756e-01) (-1.719083e-03 -1.043375e-01 4.495417e-03)) ((2.229261e-01 -1.234852e-02 4.245846e-02) (-1.906029e-04 7.502487e-06 -7.337221e-04))
4.11          	((-4.449286e-02 -8.622035e+00 -1.393332e-01) (-1.678227e-03 -1.030473e-01 4.424950e-03)) ((1.790000e-01 -1.184611e-02 4.844502e-02) (-2.286086e-04 8.006373e-06 -7.724575e-04))
4.12          	((-4.025976e-02 -7.458459e+00 -1.438659e-01) (-1.639746e-03 -1.015628e-01 4.343209e-03)) ((1.350923e-01 -1.136829e-02 5.463972e-02) (-2.655180e-04 1.027292e-05 -8.099203e-04))
4.13          	((-3.660157e-02 -6.284027e+00 -1.483904e-01) (-1.607194e-03 -9.988811e-02 4.249328e-03)) ((9.138828e-02 -1.064912e-02 6.071673e-02) (-3.014710e-04 1.380157e-05 -8.456400e-04))
4.14          	((-3.311753e-02 -5.099963e+00 -1.540289e-01) (-1.576981e-03 -9.802629e-02 4.144878e-03)) ((4.772169e-02 -9.843798e-03 6.692580e-02) (-3.359080e-04 1.855539e-05 -8.799839e-04))
4.15          	((-2.952729e-02 -3.910408e+00 -1.566954e-01) (-1.549804e-03 -9.598196e-02 4.033168e-03)) ((4.765288e-03 -8.829389e-03 7.332405e-02) (-3.686108e-04 2.455027e-05 -9.114895e-04))
4.16          	((-2.681531e-02 -2.713029e+00 -1.580678e-01) (-1.522172e-03 -9.375416e-02 3.918704e-03)) ((-3.808998e-02 -7.985040e-03 7.968591e-02) (-4.001660e-04 3.143220e-05 -9.407597e-04))
4.17          	((-2.358720e-02 -1.515011e+00 -1.581966e-01) (-1.499469e-03 -9.134934e-02 3.799086e-03)) ((-8.056170e-02 -7.308558e-03 8.614283e-02) (-4.302131e-04 3.883280e-05 -9.676869e-04))
4.18          	((-2.034963e-02 -3.124738e-01 -1.570257e-01) (-1.474946e-03 -8.877219e-02 3.675738e-03)) ((-1.224073e-01 -6.192993e-03 9.291791e-02) (-4.588351e-04 4.587377e-05 -9.916359e-04))
4.19          	((-1.654601e-02 8.872940e-01 -1.544857e-01) (-1.448176e-03 -8.603347e-02 3.548990e-03)) ((-1.633487e-01 -5.251941e-03 9.938069e-02) (-4.862682e-04 5.301816e-05 -1.012052e-03))
4.2           	((-1.239925e-02 2.081579e+00 -1.559347e-01) (-1.418098e-03 -8.313672e-02 3.420201e-03)) ((-2.038621e-01 -4.358409e-03 1.061992e-01) (-5.124192e-04 5.954097e-05 -1.029135e-03))
4.21          	((-7.767714e-03 3.268890e+00 -1.528096e-01) (-1.385196e-03 -8.008468e-02 3.289702e-03)) ((-2.435899e-01 -3.645099e-03 1.129432e-01) (-5.376295e-04 6.472561e-05 -1.042494e-03))
4.22          	((-3.625254e-03 4.450978e+00 -1.498823e-01) (-1.343270e-03 -7.689214e-02 3.159638e-03)) ((-2.828597e-01 -3.244855e-03 1.194684e-01) (-5.623251e-04 6.947162e-05 -1.052045e-03))
4.23          	((-1.654800e-04 5.617848e+00 -1.428872e-01) (-1.300671e-03 -7.356662e-02 3.034361e-03)) ((-3.209827e-01 -2.775495e-03 1.263039e-01) (-5.862970e-04 7.377044e-05 -1.058030e-03))
4.24          	((3.399308e-03 6.773240e+00 -1.400345e-01) (-1.258803e-03 -7.011393e-02 2.917627e-03)) ((-3.579367e-01 -2.305322e-03 1.328266e-01) (-6.103487e-04 7.731531e-05 -1.059840e-03))
4.25          	((6.363088e-03 7.910001e+00 -1.307242e-01) (-1.214874e-03 -6.654691e-02 2.804123e-03)) ((-3.939806e-01 -1.710548e-03 1.393357e-01) (-6.339410e-04 8.018687e-05 -1.058221e-03))
4.26          	((7.621960e-03 9.030555e+00 -1.241402e-01) (-1.171966e-03 -6.287079e-02 2.694636e-03)) ((-4.292664e-01 -1.310970e-03 1.455067e-01) (-6.573001e-04 8.223472e-05 -1.052682e-03))
4.27          	((9.358017e-03 1.012820e+01 -1.162816e-01) (-1.128448e-03 -5.908840e-02 2.589848e-03)) ((-4.637976e-01 -9.587529e-04 1.516858e-01) (-6.803464e-04 8.383029e-05 -1.043011e-03))
4.28          	((1.096614e-02 1.120123e+01 -1.071722e-01) (-1.087768e-03 -5.521202e-02 2.490509e-03)) ((-4.968909e-01 -5.503051e-04 1.578991e-01) (-7.030332e-04 8.480660e-05 -1.029886e-03))
4.29          	((1.009864e-02 1.225010e+01 -9.529942e-02) (-1.047543e-03 -5.125202e-02 2.395102e-03)) ((-5.291142e-01 -7.841944e-05 1.639007e-01) (-7.251732e-04 8.521659e-05 -1.014118e-03))
4.3           	((1.087270e-02 1.326928e+01 -8.540085e-02) (-1.009534e-03 -4.721551e-02 2.305337e-03)) ((-5.601027e-01 1.479043e-04 1.694188e-01) (-7.467180e-04 8.506328e-05 -9.951804e-04))
4.31          	((1.090750e-02 1.425732e+01 -7.964875e-02) (-9.747120e-04 -4.311005e-02 2.221785e-03)) ((-5.898419e-01 3.448401e-04 1.746708e-01) (-7.678836e-04 8.468395e-05 -9.732156e-04))
4.32          	((9.006835e-03 1.521295e+01 -7.130876e-02) (-9.413997e-04 -3.894424e-02 2.141925e-03)) ((-6.183773e-01 4.757072e-04 1.797418e-01) (-7.888930e-04 8.436579e-05 -9.493391e-04))
4.33          	((5.471276e-03 1.613213e+01 -6.178354e-02) (-9.116130e-04 -3.472471e-02 2.066886e-03)) ((-6.459607e-01 8.346497e-04 1.847413e-01) (-8.090957e-04 8.381374e-05 -9.237582e-04))
4.34          	((2.391591e-03 1.701275e+01 -5.338988e-02) (-8.862522e-04 -3.045921e-02 1.996816e-03)) ((-6.718781e-01 1.150525e-03 1.892446e-01) (-8.292693e-04 8.286346e-05 -8.963128e-04))
4.35          	((-5.730107e-05 1.785383e+01 -4.404343e-02) (-8.627414e-04 -2.615376e-02 1.929114e-03)) ((-6.961297e-01 1.413983e-03 1.932685e-01) (-8.499729e-04 8.127811e-05 -8.675018e-04))
4.36          	((-3.269886e-03 1.865668e+01 -3.154420e-02) (-8.432885e-04 -2.181665e-02 1.864783e-03)) ((-7.189866e-01 1.780266e-03 1.974111e-01) (-8.711124e-04 7.957220e-05 -8.375059e-04))
4.37          	((-8.387237e-03 1.941619e+01 -2.082294e-02) (-8.281196e-04 -1.745515e-02 1.802858e-03)) ((-7.410098e-01 2.226741e-03 2.014091e-01) (-8.927192e-04 7.728013e-05 -8.070810e-04))
4.38          	((-1.512230e-02 2.013299e+01 -9.447748e-03) (-8.203788e-04 -1.307848e-02 1.740328e-03)) ((-7.619063e-01 2.705827e-03 2.046543e-01) (-9.137987e-04 7.481180e-05 -7.760387e-04))
4.39          	((-1.848184e-02 2.080882e+01 -1.989753e-03) (-8.131267e-04 -8.695748e-03 1.679976e-03)) ((-7.817665e-01 2.856349e-03 2.075793e-01) (-9.341606e-04 7.214008e-05 -7.447354e-04))
4.4           	((-2.417059e-02 2.143288e+01 -1.228819e-03) (-8.071550e-04 -4.311402e-03 1.625249e-03)) ((-7.992298e-01 3.044199e-03 2.106041e-01) (-9.542738e-04 6.918801e-05 -7.130091e-04))
4.41          	((-2.877337e-02 2.201554e+01 -7.523469e-03) (-8.055817e-04 6.704664e-05 1.577497e-03)) ((-8.150410e-01 3.923823e-03 2.124855e-01) (-9.745452e-04 6.606888e-05 -6.816405e-04))
4.42          	((-3.353364e-02 2.255837e+01 -9.073369e-03) (-8.055961e-04 4.432197e-03 1.545053e-03)) ((-8.305730e-01 4.420105e-03 2.145364e-01) (-9.941408e-04 6.280301e-05 -6.501632e-04))
4.43          	((-3.510239e-02 2.306381e+01 -1.976468e-03) (-8.095569e-04 8.777349e-03 1.519758e-03)) ((-8.458835e-01 4.938118e-03 2.161161e-01) (-1.013520e-03 5.967567e-05 -6.192683e-04))
4.44          	((-3.726021e-02 2.353033e+01 -3.771959e-03) (-8.158514e-04 1.309881e-02 1.499386e-03)) ((-8.593206e-01 5.231117e-03 2.174885e-01) (-1.032779e-03 5.649880e-05 -5.894663e-04))
4.45          	((-4.090080e-02 2.395052e+01 4.126963e-03) (-8.243369e-04 1.739071e-02 1.489222e-03)) ((-8.705944e-01 5.995720e-03 2.184021e-01) (-1.052628e-03 5.343736e-05 -5.607705e-04))
4.46          	((-4.159121e-02 2.431952e+01 1.094674e-02) (-8.334991e-04 2.164883e-02 1.487255e-03)) ((-8.814092e-01 5.694802e-03 2.184407e-01) (-1.071442e-03 5.020496e-05 -5.335502e-04))
4.47          	((-4.136255e-02 2.467200e+01 1.567439e-02) (-8.397345e-04 2.586615e-02 1.498174e-03)) ((-8.929340e-01 5.790958e-03 2.184591e-01) (-1.088211e-03 4.623246e-05 -5.077988e-04))
4.48          	((-4.337264e-02 2.497641e+01 1.865690e-02) (-8.455568e-04 3.004688e-02 1.523493e-03)) ((-9.024184e-01 6.594911e-03 2.166211e-01) (-1.103257e-03 4.270807e-05 -4.832537e-04))
4.49          	((-4.408189e-02 2.525680e+01 2.340156e-02) (-8.557244e-04 3.418704e-02 1.561423e-03)) ((-9.099537e-01 7.056415e-03 2.148373e-01) (-1.117287e-03 3.975155e-05 -4.594959e-04))
4.5           	((-4.179414e-02 2.551671e+01 2.037030e-02) (-8.711239e-04 3.828428e-02 1.617576e-03)) ((-9.191275e-01 6.979857e-03 2.133055e-01) (-1.130332e-03 3.658285e-05 -4.368890e-04))
4.51          	((-3.796008e-02 2.579739e+01 3.021300e-03) (-8.933167e-04 4.233864e-02 1.687396e-03)) ((-9.357075e-01 8.085274e-03 2.113612e-01) (-1.142799e-03 3.335991e-05 -4.146508e-04))
4.52          	((-4.038340e-02 2.582182e+01 -8.909829e-03) (-9.194542e-04 4.632388e-02 1.768726e-03)) ((-9.227008e-01 8.146542e-03 2.057448e-01) (-1.152459e-03 2.962311e-05 -3.930285e-04))
4.53          	((-3.547676e-02 2.606576e+01 -1.647871e-03) (-9.516496e-04 5.024893e-02 1.863745e-03)) ((-9.343553e-01 7.974321e-03 2.021175e-01) (-1.160479e-03 2.580094e-05 -3.715234e-04))
4.54          	((-3.610560e-02 2.620612e+01 2.716371e-02) (-9.855384e-04 5.410173e-02 1.978913e-03)) ((-9.374483e-01 7.749013e-03 1.981781e-01) (-1.165876e-03 2.203175e-05 -3.496815e-04))
4.55          	((-3.510921e-02 2.631951e+01 1.098096e-02) (-1.021658e-03 5.787824e-02 2.112792e-03)) ((-9.407168e-01 7.875005e-03 1.931882e-01) (-1.168368e-03 1.798098e-05 -3.284607e-04))
4.56          	((-3.017827e-02 2.640345e+01 5.366958e-03) (-1.059805e-03 6.156904e-02 2.262704e-03)) ((-9.429579e-01 8.024493e-03 1.879123e-01) (-1.168146e-03 1.361942e-05 -3.075842e-04))
4.57          	((-2.550219e-02 2.644961e+01 1.833121e-03) (-1.092763e-03 6.516480e-02 2.423495e-03)) ((-9.427579e-01 8.116562e-03 1.812712e-01) (-1.163890e-03 8.288158e-06 -2.854593e-04))
4.58          	((-2.304825e-02 2.646244e+01 -4.179436e-03) (-1.128798e-03 6.864607e-02 2.596289e-03)) ((-9.413828e-01 8.330089e-03 1.743914e-01) (-1.155265e-03 2.529526e-06 -2.635807e-04))
4.59          	((-1.936573e-02 2.643573e+01 -1.272407e-02) (-1.161776e-03 7.201047e-02 2.776627e-03)) ((-9.387376e-01 8.112928e-03 1.670552e-01) (-1.142149e-03 -4.013765e-06 -2.404774e-04))
4.6           	((-1.358247e-02 2.637356e+01 -1.425537e-02) (-1.190915e-03 7.524857e-02 2.963058e-03)) ((-9.343089e-01 7.796994e-03 1.590387e-01) (-1.124430e-03 -1.083848e-05 -2.163168e-04))
4.61          	((-7.582236e-03 2.627259e+01 -1.416704e-02) (-1.219242e-03 7.835561e-02 3.153597e-03)) ((-9.288949e-01 7.453435e-03 1.505375e-01) (-1.102386e-03 -1.778466e-05 -1.898058e-04))
4.62          	((-1.939127e-03 2.613414e+01 -1.791826e-02) (-1.248352e-03 8.132992e-02 3.348111e-03)) ((-9.221073e-01 7.078187e-03 1.415628e-01) (-1.076572e-03 -2.472315e-05 -1.608985e-04))
4.63          	((4.234892e-03 2.595406e+01 -2.326694e-02) (-1.275035e-03 8.416492e-02 3.543264e-03)) ((-9.136953e-01 7.004790e-03 1.327737e-01) (-1.046997e-03 -3.150059e-05 -1.293456e-04))
4.64          	((7.821605e-03 2.572779e+01 -3.371221e-02) (-1.294212e-03 8.685387e-02 3.734874e-03)) ((-9.035066e-01 6.374553e-03 1.234845e-01) (-1.013784e-03 -3.771634e-05 -9.482046e-05))
4.65          	((1.388982e-02 2.545626e+01 -3.616965e-02) (-1.313268e-03 8.938217e-02 3.918842e-03)) ((-8.911377e-01 5.446410e-03 1.140205e-01) (-9.765679e-04 -4.349084e-05 -5.803239e-05))
4.66          	((1.738556e-02 2.513905e+01 -4.247637e-02) (-1.329808e-03 9.174343e-02 4.093434e-03)) ((-8.767640e-01 4.957807e-03 1.046491e-01) (-9.347082e-04 -4.902422e-05 -1.917333e-05))
4.67          	((2.099660e-02 2.476503e+01 -5.021476e-02) (-1.345146e-03 9.392987e-02 4.258258e-03)) ((-8.597590e-01 4.080913e-03 9.568760e-02) (-8.888190e-04 -5.412722e-05 2.152975e-05))
4.68          	((2.384939e-02 2.433765e+01 -5.322055e-02) (-1.355265e-03 9.594614e-02 4.411258e-03)) ((-8.405989e-01 3.137705e-03 8.672723e-02) (-8.392330e-04 -5.848374e-05 6.444265e-05))
4.69          	((2.779649e-02 2.385125e+01 -5.703831e-02) (-1.361090e-03 9.779201e-02 4.554913e-03)) ((-8.189088e-01 2.404783e-03 7.766881e-02) (-7.863909e-04 -6.219659e-05 1.096875e-04))
4.7           	((3.006331e-02 2.331074e+01 -6.420448e-02) (-1.364048e-03 9.946323e-02 4.691680e-03)) ((-7.948614e-01 1.646667e-03 6.887302e-02) (-7.298600e-04 -6.611027e-05 1.566126e-04))
4.71          	((3.162932e-02 2.271778e+01 -6.810730e-02) (-1.363854e-03 1.009614e-01 4.818994e-03)) ((-7.686154e-01 1.076822e-03 5.979453e-02) (-6.701342e-04 -6.944668e-05 2.047887e-04))
4.72          	((3.098761e-02 2.206710e+01 -6.891021e-02) (-1.362180e-03 1.022814e-01 4.934291e-03)) ((-7.400333e-01 2.602427e-04 5.096036e-02) (-6.084145e-04 -7.228033e-05 2.544050e-04))
4.73          	((2.938956e-02 2.136167e+01 -6.834662e-02) (-1.358483e-03 1.034211e-01 5.037744e-03)) ((-7.090101e-01 -5.102241e-04 4.279443e-02) (-5.454839e-04 -7.464243e-05 3.053823e-04))
4.74          	((2.714464e-02 2.060453e+01 -7.212388e-02) (-1.347435e-03 1.043839e-01 5.135204e-03)) ((-6.756471e-01 -1.670541e-03 3.511803e-02) (-4.823220e-04 -7.749734e-05 3.572829e-04))
4.75          	((2.327241e-02 1.979757e+01 -7.117550e-02) (-1.336480e-03 1.051625e-01 5.227095e-03)) ((-6.404293e-01 -2.342492e-03 2.760660e-02) (-4.191013e-04 -7.986586e-05 4.094162e-04))
4.76          	((2.107714e-02 1.894396e+01 -6.981086e-02) (-1.324691e-03 1.057546e-01 5.306369e-03)) ((-6.027727e-01 -3.006341e-03 2.023764e-02) (-3.557126e-04 -8.158006e-05 4.612792e-04))
4.77          	((1.924311e-02 1.804948e+01 -7.209134e-02) (-1.310570e-03 1.061548e-01 5.377055e-03)) ((-5.633805e-01 -3.709822e-03 1.289084e-02) (-2.927929e-04 -8.278293e-05 5.140027e-04))
4.78          	((1.733279e-02 1.710932e+01 -7.307088e-02) (-1.293547e-03 1.063660e-01 5.438908e-03)) ((-5.228772e-01 -4.787455e-03 5.648689e-03) (-2.304310e-04 -8.387278e-05 5.662349e-04))
4.79          	((1.629184e-02 1.612937e+01 -7.592486e-02) (-1.272123e-03 1.063841e-01 5.490715e-03)) ((-4.813576e-01 -5.468133e-03 -1.391797e-03) (-1.689343e-04 -8.439440e-05 6.182181e-04))
4.8           	((1.598255e-02 1.512061e+01 -7.798343e-02) (-1.249864e-03 1.062107e-01 5.527537e-03)) ((-4.389095e-01 -6.179742e-03 -8.098473e-03) (-1.093837e-04 -8.436093e-05 6.700495e-04))
4.81          	((1.768118e-02 1.407938e+01 -8.393753e-02) (-1.224712e-03 1.058479e-01 5.549973e-03)) ((-3.957790e-01 -6.567426e-03 -1.514956e-02) (-5.284553e-05 -8.379386e-05 7.211124e-04))
4.82          	((2.073178e-02 1.301194e+01 -9.178322e-02) (-1.197275e-03 1.052941e-01 5.560453e-03)) ((-3.522330e-01 -7.155651e-03 -2.223943e-02) (5.785281e-07 -8.315602e-05 7.718640e-04))
4.83          	((2.387005e-02 1.191871e+01 -9.966884e-02) (-1.168483e-03 1.045509e-01 5.559041e-03)) ((-3.084230e-01 -7.535818e-03 -2.942092e-02) (5.096572e-05 -8.233249e-05 8.217192e-04))
4.84          	((2.690107e-02 1.080509e+01 -1.037527e-01) (-1.138955e-03 1.036166e-01 5.542386e-03)) ((-2.642521e-01 -8.010007e-03 -3.652643e-02) (9.865541e-05 -8.081739e-05 8.699752e-04))
4.85          	((3.230321e-02 9.673338e+00 -1.096869e-01) (-1.110264e-03 1.024925e-01 5.507715e-03)) ((-2.199901e-01 -8.368541e-03 -4.375960e-02) (1.433876e-04 -7.932375e-05 9.163406e-04))
4.86          	((3.692866e-02 8.527634e+00 -1.154434e-01) (-1.085085e-03 1.011757e-01 5.460126e-03)) ((-1.759117e-01 -8.436746e-03 -5.057998e-02) (1.859287e-04 -7.777394e-05 9.611017e-04))
4.87          	((4.042323e-02 7.363597e+00 -1.190232e-01) (-1.068138e-03 9.967201e-02 5.399618e-03)) ((-1.320430e-01 -8.716878e-03 -5.755783e-02) (2.267124e-04 -7.569640e-05 1.003295e-03))
4.88          	((4.189676e-02 6.189014e+00 -1.213634e-01) (-1.056697e-03 9.798619e-02 5.327548e-03)) ((-8.803219e-02 -8.768186e-03 -6.460370e-02) (2.658065e-04 -7.320743e-05 1.042442e-03))
4.89          	((4.434297e-02 5.006354e+00 -1.226716e-01) (-1.050409e-03 9.611457e-02 5.246573e-03)) ((-4.423366e-02 -8.636752e-03 -7.146651e-02) (3.031583e-04 -7.078007e-05 1.078428e-03))
4.9           	((4.524129e-02 3.815335e+00 -1.228441e-01) (-1.047487e-03 9.406353e-02 5.153651e-03)) ((-6.301296e-04 -8.781139e-03 -7.786086e-02) (3.382437e-04 -6.781639e-05 1.111782e-03))
4.91          	((4.642456e-02 2.621285e+00 -1.200348e-01) (-1.048867e-03 9.183643e-02 5.051855e-03)) ((4.216050e-02 -8.734895e-03 -8.436612e-02) (3.716968e-04 -6.426874e-05 1.140811e-03))
4.92          	((4.641999e-02 1.423364e+00 -1.156943e-01) (-1.054582e-03 8.943111e-02 4.942440e-03)) ((8.467141e-02 -9.013875e-03 -9.084680e-02) (4.036134e-04 -5.989154e-05 1.165992e-03))
4.93          	((4.461783e-02 2.246401e-01 -1.086352e-01) (-1.064354e-03 8.685671e-02 4.825873e-03)) ((1.269449e-01 -8.814228e-03 -9.736787e-02) (4.336120e-04 -5.485911e-05 1.186971e-03))
4.94          	((4.202900e-02 -9.721061e-01 -1.002195e-01) (-1.074059e-03 8.412323e-02 4.700766e-03)) ((1.686136e-01 -8.534305e-03 -1.037596e-01) (4.614221e-04 -4.929087e-05 1.203401e-03))
4.95          	((4.001779e-02 -2.161994e+00 -9.439435e-02) (-1.086290e-03 8.123468e-02 4.568497e-03)) ((2.090521e-01 -8.316445e-03 -1.099361e-01) (4.875136e-04 -4.351668e-05 1.215123e-03))
4.96          	((3.723785e-02 -3.346861e+00 -8.796962e-02) (-1.101281e-03 7.819745e-02 4.427892e-03)) ((2.487734e-01 -8.384019e-03 -1.162466e-01) (5.123008e-04 -3.711808e-05 1.223513e-03))
4.97          	((3.403446e-02 -4.521578e+00 -8.097497e-02) (-1.118485e-03 7.501756e-02 4.278748e-03)) ((2.876490e-01 -8.129535e-03 -1.222464e-01) (5.355182e-04 -3.004360e-05 1.228520e-03))
4.98          	((2.908877e-02 -5.685282e+00 -7.278975e-02) (-1.134702e-03 7.170417e-02 4.123994e-03)) ((3.257680e-01 -8.219593e-03 -1.281613e-01) (5.572245e-04 -2.228159e-05 1.229526e-03))
4.99          	((2.527818e-02 -6.836181e+00 -6.340798e-02) (-1.149768e-03 6.826753e-02 3.965146e-03)) ((3.630008e-01 -8.210433e-03 -1.337939e-01) (5.772834e-04 -1.409956e-05 1.227008e-03))
5             	((2.184233e-02 -7.967444e+00 -5.367701e-02) (-1.161421e-03 6.471522e-02 3.803045e-03)) ((3.991607e-01 -8.208929e-03 -1.393686e-01) (5.961834e-04 -5.954480e-06 1.220992e-03))
5.01          	((1.771726e-02 -9.085835e+00 -4.417088e-02) (-1.170174e-03 6.105223e-02 3.640632e-03)) ((4.346902e-01 -8.064719e-03 -1.450581e-01) (6.149067e-04 2.379215e-06 1.212111e-03))
5.02          	((1.342884e-02 -1.018202e+01 -3.412145e-02) (-1.175493e-03 5.728759e-02 3.476997e-03)) ((4.690771e-01 -7.639591e-03 -1.507022e-01) (6.333684e-04 1.042846e-05 1.200486e-03))
5.03          	((8.699854e-03 -1.124966e+01 -2.471531e-02) (-1.176450e-03 5.342788e-02 3.313098e-03)) ((5.018229e-01 -7.361181e-03 -1.560961e-01) (6.513669e-04 1.789492e-05 1.186100e-03))
5.04          	((3.673144e-03 -1.229347e+01 -1.224159e-02) (-1.172780e-03 4.948179e-02 3.150943e-03)) ((5.338017e-01 -7.275015e-03 -1.613822e-01) (6.687534e-04 2.492894e-05 1.168966e-03))
5.05          	((-1.771241e-03 -1.330787e+01 -5.795703e-03) (-1.169163e-03 4.545559e-02 2.993761e-03)) ((5.644233e-01 -7.003490e-03 -1.665472e-01) (6.859982e-04 3.163882e-05 1.149752e-03))
5.06          	((-3.920125e-03 -1.429162e+01 4.924501e-03) (-1.162702e-03 4.136179e-02 2.841363e-03)) ((5.940938e-01 -6.766272e-03 -1.714869e-01) (7.026688e-04 3.791049e-05 1.128340e-03))
5.07          	((-7.961058e-03 -1.524364e+01 1.374007e-02) (-1.155428e-03 3.721042e-02 2.691770e-03)) ((6.225016e-01 -6.453836e-03 -1.760693e-01) (7.192146e-04 4.406165e-05 1.104491e-03))
5.08          	((-1.149702e-02 -1.616132e+01 2.201121e-02) (-1.147852e-03 3.300680e-02 2.549194e-03)) ((6.493717e-01 -6.065196e-03 -1.804320e-01) (7.356173e-04 4.963224e-05 1.078556e-03))
5.09          	((-1.511671e-02 -1.703611e+01 2.966686e-02) (-1.139230e-03 2.875665e-02 2.411900e-03)) ((6.749614e-01 -5.732782e-03 -1.850759e-01) (7.517503e-04 5.473696e-05 1.050876e-03))
5.1           	((-2.001666e-02 -1.787337e+01 3.707540e-02) (-1.131467e-03 2.446510e-02 2.278633e-03)) ((6.992546e-01 -5.463127e-03 -1.891510e-01) (7.689074e-04 5.930269e-05 1.021941e-03))
5.11          	((-2.511960e-02 -1.867072e+01 4.596234e-02) (-1.122203e-03 2.014126e-02 2.148849e-03)) ((7.221895e-01 -5.019401e-03 -1.925078e-01) (7.866885e-04 6.335946e-05 9.915503e-04))
5.12          	((-2.982068e-02 -1.942779e+01 5.513809e-02) (-1.113345e-03 1.579422e-02 2.023966e-03)) ((7.439474e-01 -4.603651e-03 -1.962919e-01) (8.050818e-04 6.709792e-05 9.601827e-04))
5.13          	((-3.406282e-02 -2.014167e+01 6.467768e-02) (-1.101965e-03 1.143205e-02 1.901194e-03)) ((7.644879e-01 -4.309833e-03 -1.997130e-01) (8.239611e-04 7.047957e-05 9.277132e-04))
5.14          	((-3.686124e-02 -2.080966e+01 7.409420e-02) (-1.088372e-03 7.063538e-03 1.778685e-03)) ((7.836228e-01 -3.788361e-03 -2.026565e-01) (8.426272e-04 7.344294e-05 8.952373e-04))
5.15          	((-3.811335e-02 -2.143371e+01 7.192979e-02) (-1.077790e-03 2.694898e-03 1.663993e-03)) ((8.004327e-01 -2.834404e-03 -2.055348e-01) (8.612316e-04 7.589225e-05 8.619755e-04))
5.16          	((-3.967980e-02 -2.201258e+01 6.482546e-02) (-1.068316e-03 -1.669062e-03 1.562618e-03)) ((8.158371e-01 -2.336668e-03 -2.079911e-01) (8.796366e-04 7.770266e-05 8.282956e-04))
5.17          	((-4.458089e-02 -2.255213e+01 6.561375e-02) (-1.065117e-03 -6.020781e-03 1.476167e-03)) ((8.309185e-01 -1.645531e-03 -2.092088e-01) (8.982519e-04 7.979793e-05 7.950078e-04))
5.18          	((-4.701387e-02 -2.306147e+01 6.702881e-02) (-1.064764e-03 -1.035318e-02 1.403453e-03)) ((8.464523e-01 -1.006465e-03 -2.106276e-01) (9.169981e-04 8.130482e-05 7.622062e-04))
5.19          	((-4.731835e-02 -2.352774e+01 6.752801e-02) (-1.065398e-03 -1.466393e-02 1.343666e-03)) ((8.592761e-01 1.703571e-05 -2.112517e-01) (9.360786e-04 8.258687e-05 7.299057e-04))
5.2           	((-4.866185e-02 -2.394285e+01 7.823339e-02) (-1.068339e-03 -1.894760e-02 1.294099e-03)) ((8.706084e-01 6.853666e-04 -2.125116e-01) (9.553227e-04 8.326367e-05 6.988815e-04))
5.21          	((-4.537427e-02 -2.432103e+01 8.213985e-02) (-1.072979e-03 -2.319443e-02 1.256479e-03)) ((8.818448e-01 2.861317e-04 -2.130108e-01) (9.739038e-04 8.360158e-05 6.697698e-04))
5.22          	((-4.652450e-02 -2.467318e+01 7.472203e-02) (-1.078880e-03 -2.740370e-02 1.231291e-03)) ((8.932805e-01 9.770291e-04 -2.119648e-01) (9.910519e-04 8.372383e-05 6.424062e-04))
5.23          	((-4.747400e-02 -2.498229e+01 8.306242e-02) (-1.088973e-03 -3.157561e-02 1.223582e-03)) ((9.017669e-01 1.779451e-03 -2.099705e-01) (1.006581e-03 8.423412e-05 6.165080e-04))
5.24          	((-4.626339e-02 -2.527348e+01 9.643391e-02) (-1.104575e-03 -3.570568e-02 1.230348e-03)) ((9.106858e-01 2.232479e-03 -2.075271e-01) (1.020312e-03 8.406278e-05 5.915267e-04))
5.25          	((-3.844907e-02 -2.554819e+01 8.253055e-02) (-1.123777e-03 -3.979107e-02 1.247768e-03)) ((9.211149e-01 2.518464e-03 -2.054667e-01) (1.032774e-03 8.327681e-05 5.674327e-04))
5.26          	((-3.333387e-02 -2.581230e+01 8.496024e-02) (-1.142579e-03 -4.383314e-02 1.282628e-03)) ((9.336903e-01 2.546203e-03 -2.023472e-01) (1.044076e-03 8.189503e-05 5.440400e-04))
5.27          	((-3.787702e-02 -2.584615e+01 5.090312e-02) (-1.166213e-03 -4.780531e-02 1.334825e-03)) ((9.242007e-01 3.589590e-03 -1.972806e-01) (1.052497e-03 7.974321e-05 5.209370e-04))
5.28          	((-2.702064e-02 -2.609454e+01 8.410631e-02) (-1.192677e-03 -5.171979e-02 1.401549e-03)) ((9.342485e-01 2.686062e-03 -1.924070e-01) (1.058057e-03 7.691607e-05 4.986120e-04))
5.29          	((-2.573055e-02 -2.623139e+01 1.055707e-01) (-1.217027e-03 -5.556688e-02 1.482652e-03)) ((9.378397e-01 2.798619e-03 -1.873248e-01) (1.060935e-03 7.377322e-05 4.758713e-04))
5.3           	((-2.163403e-02 -2.635579e+01 8.487029e-02) (-1.245543e-03 -5.934057e-02 1.579938e-03)) ((9.420689e-01 2.791478e-03 -1.820329e-01) (1.061212e-03 7.077400e-05 4.525435e-04))
5.31          	((-1.439559e-02 -2.644338e+01 8.125251e-02) (-1.274781e-03 -6.303423e-02 1.687301e-03)) ((9.442041e-01 2.762309e-03 -1.761353e-01) (1.057834e-03 6.712786e-05 4.288255e-04))
5.32          	((-9.086686e-03 -2.649749e+01 6.973201e-02) (-1.306913e-03 -6.663489e-02 1.809865e-03)) ((9.441337e-01 2.416033e-03 -1.692690e-01) (1.050583e-03 6.244472e-05 4.050042e-04))
5.33          	((-5.069540e-03 -2.651089e+01 6.676457e-02) (-1.342842e-03 -7.012911e-02 1.946434e-03)) ((9.429871e-01 1.906222e-03 -1.625100e-01) (1.038852e-03 5.701158e-05 3.811445e-04))
5.34          	((1.969129e-03 -2.649378e+01 5.867903e-02) (-1.376670e-03 -7.350733e-02 2.091847e-03)) ((9.408426e-01 1.111795e-03 -1.551819e-01) (1.022108e-03 5.142992e-05 3.564431e-04))
5.35          	((8.482795e-03 -2.643703e+01 5.580109e-02) (-1.410045e-03 -7.675979e-02 2.244553e-03)) ((9.367414e-01 4.112380e-04 -1.472985e-01) (1.000750e-03 4.568553e-05 3.303927e-04))
5.36          	((1.556843e-02 -2.634054e+01 5.592952e-02) (-1.444944e-03 -7.988545e-02 2.403579e-03)) ((9.315373e-01 -4.954735e-04 -1.389588e-01) (9.756166e-04 4.053396e-05 3.028787e-04))
5.37          	((2.303480e-02 -2.620677e+01 5.274569e-02) (-1.478018e-03 -8.286766e-02 2.565830e-03)) ((9.252515e-01 -1.209914e-03 -1.300898e-01) (9.469258e-04 3.568295e-05 2.733667e-04))
5.38          	((2.797369e-02 -2.602878e+01 4.627588e-02) (-1.505784e-03 -8.570619e-02 2.731119e-03)) ((9.168218e-01 -1.933020e-03 -1.212891e-01) (9.149519e-04 3.119616e-05 2.407598e-04))
5.39          	((3.100005e-02 -2.580394e+01 3.968999e-02) (-1.529967e-03 -8.840097e-02 2.896887e-03)) ((9.067443e-01 -3.022512e-03 -1.125062e-01) (8.789546e-04 2.758426e-05 2.050440e-04))
5.4           	((3.453527e-02 -2.553770e+01 3.017086e-02) (-1.556499e-03 -9.094109e-02 3.055399e-03)) ((8.952205e-01 -4.333463e-03 -1.034272e-01) (8.390617e-04 2.519922e-05 1.671894e-04))
5.41          	((3.770085e-02 -2.521867e+01 2.139514e-02) (-1.581072e-03 -9.331922e-02 3.204520e-03)) ((8.805363e-01 -4.944895e-03 -9.464716e-02) (7.954099e-04 2.287402e-05 1.268727e-04))
5.42          	((3.790597e-02 -2.484805e+01 1.824336e-02) (-1.600955e-03 -9.553442e-02 3.344910e-03)) ((8.639051e-01 -5.751880e-03 -8.653377e-02) (7.483946e-04 2.065092e-05 8.428772e-05))
5.43          	((3.512257e-02 -2.442093e+01 6.374860e-03) (-1.619501e-03 -9.757920e-02 3.476187e-03)) ((8.454471e-01 -6.557765e-03 -7.838040e-02) (6.983654e-04 1.968883e-05 4.038960e-05))
5.44          	((3.065869e-02 -2.393548e+01 -5.931286e-03) (-1.638914e-03 -9.945417e-02 3.602838e-03)) ((8.243128e-01 -7.501899e-03 -7.028830e-02) (6.454250e-04 1.950751e-05 -5.171181e-06))
5.45          	((2.481785e-02 -2.339551e+01 -1.514542e-02) (-1.662446e-03 -1.011627e-01 3.719724e-03)) ((8.005410e-01 -8.206617e-03 -6.206367e-02) (5.897195e-04 2.031796e-05 -5.104021e-05))
5.46          	((1.765499e-02 -2.279876e+01 -2.382208e-02) (-1.682471e-03 -1.026998e-01 3.829822e-03)) ((7.741506e-01 -8.736879e-03 -5.397245e-02) (5.319313e-04 2.164550e-05 -9.807628e-05))
5.47          	((8.286039e-03 -2.214979e+01 -2.672721e-02) (-1.699006e-03 -1.040650e-01 3.935852e-03)) ((7.459105e-01 -9.140811e-03 -4.594396e-02) (4.727460e-04 2.278835e-05 -1.456713e-04))
5.48          	((-8.561363e-04 -2.144338e+01 -3.123375e-02) (-1.712735e-03 -1.052531e-01 4.037966e-03)) ((7.148859e-01 -9.758424e-03 -3.817164e-02) (4.130822e-04 2.455862e-05 -1.943185e-04))
5.49          	((-9.510654e-03 -2.068471e+01 -3.765409e-02) (-1.722385e-03 -1.062621e-01 4.135758e-03)) ((6.812120e-01 -1.030813e-02 -3.104588e-02) (3.529255e-04 2.709220e-05 -2.438666e-04))
5.5           	((-1.810075e-02 -1.987842e+01 -4.377226e-02) (-1.726929e-03 -1.070897e-01 4.230522e-03)) ((6.455814e-01 -1.076660e-02 -2.417492e-02) (2.934728e-04 2.998052e-05 -2.949586e-04))
5.51          	((-2.516690e-02 -1.902652e+01 -4.902804e-02) (-1.725699e-03 -1.077321e-01 4.320123e-03)) ((6.083445e-01 -1.109385e-02 -1.756144e-02) (2.352070e-04 3.273964e-05 -3.473988e-04))
5.52          	((-3.137700e-02 -1.812983e+01 -5.415731e-02) (-1.720747e-03 -1.081832e-01 4.397227e-03)) ((5.689021e-01 -1.134452e-02 -1.080496e-02) (1.784576e-04 3.533213e-05 -4.003580e-04))
5.53          	((-3.658282e-02 -1.719096e+01 -6.171860e-02) (-1.709651e-03 -1.084435e-01 4.459965e-03)) ((5.282086e-01 -1.160139e-02 -4.046036e-03) (1.228180e-04 3.750967e-05 -4.529462e-04))
5.54          	((-3.998411e-02 -1.621289e+01 -6.755613e-02) (-1.688068e-03 -1.085053e-01 4.510844e-03)) ((4.866339e-01 -1.218270e-02 2.602894e-03) (6.963708e-05 3.896091e-05 -5.048927e-04))
5.55          	((-4.173813e-02 -1.520149e+01 -7.638868e-02) (-1.656042e-03 -1.083721e-01 4.545529e-03)) ((4.441201e-01 -1.210101e-02 9.109582e-03) (1.892042e-05 3.974614e-05 -5.564171e-04))
5.56          	((-4.413420e-02 -1.415873e+01 -8.055603e-02) (-1.619877e-03 -1.080392e-01 4.562836e-03)) ((4.007147e-01 -1.194838e-02 1.545683e-02) (-2.942391e-05 4.044849e-05 -6.066122e-04))
5.57          	((-4.431926e-02 -1.308997e+01 -8.619577e-02) (-1.579882e-03 -1.075126e-01 4.561816e-03)) ((3.567956e-01 -1.167258e-02 2.194474e-02) (-7.540093e-05 4.034235e-05 -6.549227e-04))
5.58          	((-4.397252e-02 -1.199474e+01 -9.677428e-02) (-1.538501e-03 -1.067938e-01 4.543797e-03)) ((3.126354e-01 -1.157590e-02 2.837148e-02) (-1.188235e-04 4.028076e-05 -7.010949e-04))
5.59          	((-4.364825e-02 -1.087969e+01 -1.047636e-01) (-1.496349e-03 -1.058796e-01 4.507329e-03)) ((2.683946e-01 -1.124022e-02 3.512447e-02) (-1.597866e-04 4.041481e-05 -7.447158e-04))
5.6           	((-4.443360e-02 -9.745564e+00 -1.152005e-01) (-1.455918e-03 -1.047689e-01 4.450854e-03)) ((2.240669e-01 -1.085721e-02 4.127529e-02) (-1.994425e-04 4.154425e-05 -7.860574e-04))
5.61          	((-4.345170e-02 -8.596572e+00 -1.228981e-01) (-1.417833e-03 -1.034596e-01 4.376089e-03)) ((1.801814e-01 -1.042992e-02 4.733643e-02) (-2.371263e-04 4.329002e-05 -8.254204e-04))
5.62          	((-4.258372e-02 -7.433200e+00 -1.295157e-01) (-1.384647e-03 -1.019550e-01 4.287204e-03)) ((1.362380e-01 -9.999459e-03 5.355812e-02) (-2.732645e-04 4.627126e-05 -8.627101e-04))
5.63          	((-4.255764e-02 -6.256499e+00 -1.345929e-01) (-1.351996e-03 -1.002604e-01 4.187022e-03)) ((9.231479e-02 -9.283826e-03 5.976820e-02) (-3.080912e-04 4.991972e-05 -8.977828e-04))
5.64          	((-4.131879e-02 -5.071843e+00 -1.392333e-01) (-1.323511e-03 -9.837971e-02 4.076583e-03)) ((4.866297e-02 -8.504402e-03 6.582053e-02) (-3.414249e-04 5.427685e-05 -9.305053e-04))
5.65          	((-3.981106e-02 -3.878523e+00 -1.428733e-01) (-1.300002e-03 -9.631069e-02 3.960426e-03)) ((5.278223e-03 -7.722215e-03 7.226080e-02) (-3.734566e-04 5.938034e-05 -9.598953e-04))
5.66          	((-3.784451e-02 -2.679823e+00 -1.463877e-01) (-1.276080e-03 -9.406012e-02 3.842045e-03)) ((-3.778149e-02 -6.862427e-03 7.844209e-02) (-4.040582e-04 6.491267e-05 -9.862916e-04))
5.67          	((-3.633214e-02 -1.480035e+00 -1.470911e-01) (-1.255291e-03 -9.163302e-02 3.719733e-03)) ((-8.054026e-02 -6.258725e-03 8.484757e-02) (-4.334574e-04 7.050213e-05 -1.009813e-03))
5.68          	((-3.351564e-02 -2.771764e-01 -1.474877e-01) (-1.233691e-03 -8.903669e-02 3.594220e-03)) ((-1.226948e-01 -5.261302e-03 9.156719e-02) (-4.613696e-04 7.598189e-05 -1.029545e-03))
5.69          	((-3.048483e-02 9.214003e-01 -1.469788e-01) (-1.212928e-03 -8.627905e-02 3.466113e-03)) ((-1.639178e-01 -4.402241e-03 9.822382e-02) (-4.881193e-04 8.064394e-05 -1.045515e-03))
5.7           	((-2.635748e-02 2.115844e+00 -1.417366e-01) (-1.190022e-03 -8.336274e-02 3.334847e-03)) ((-2.043753e-01 -3.675935e-03 1.048997e-01) (-5.138485e-04 8.469584e-05 -1.058307e-03))
5.71          	((-2.144079e-02 3.305592e+00 -1.400743e-01) (-1.166269e-03 -8.029761e-02 3.202238e-03)) ((-2.442673e-01 -2.915952e-03 1.116186e-01) (-5.384584e-04 8.794421e-05 -1.067331e-03))
5.72          	((-1.645493e-02 4.485739e+00 -1.364541e-01) (-1.138899e-03 -7.708994e-02 3.071141e-03)) ((-2.838819e-01 -2.645501e-03 1.183051e-01) (-5.623684e-04 9.045766e-05 -1.072309e-03))
5.73          	((-1.261659e-02 5.651217e+00 -1.328643e-01) (-1.108212e-03 -7.374984e-02 2.944646e-03)) ((-3.219222e-01 -2.396983e-03 1.249535e-01) (-5.857657e-04 9.228995e-05 -1.073792e-03))
5.74          	((-7.904010e-03 6.807318e+00 -1.249785e-01) (-1.075276e-03 -7.028472e-02 2.825390e-03)) ((-3.593518e-01 -1.971402e-03 1.315260e-01) (-6.090942e-04 9.389626e-05 -1.072261e-03))
5.75          	((-5.722406e-03 7.942767e+00 -1.177848e-01) (-1.047448e-03 -6.670273e-02 2.709702e-03)) ((-3.960986e-01 -1.764855e-03 1.380855e-01) (-6.317380e-04 9.434442e-05 -1.066608e-03))
5.76          	((-2.192191e-03 9.060192e+00 -1.097346e-01) (-1.020383e-03 -6.300953e-02 2.596022e-03)) ((-4.311872e-01 -1.309646e-03 1.444482e-01) (-6.543323e-04 9.432729e-05 -1.057701e-03))
5.77          	((-1.293910e-03 1.015669e+01 -1.021866e-01) (-9.933189e-04 -5.921035e-02 2.488200e-03)) ((-4.658743e-01 -1.111023e-03 1.506680e-01) (-6.766316e-04 9.374468e-05 -1.045437e-03))
5.78          	((-2.024347e-05 1.122714e+01 -9.452895e-02) (-9.644570e-04 -5.532022e-02 2.384060e-03)) ((-4.990096e-01 -7.912812e-04 1.569848e-01) (-6.982239e-04 9.251342e-05 -1.029639e-03))
5.79          	((1.632977e-03 1.227557e+01 -8.780136e-02) (-9.385234e-04 -5.134400e-02 2.285129e-03)) ((-5.311260e-01 -4.013691e-04 1.631950e-01) (-7.192038e-04 9.084562e-05 -1.011706e-03))
5.8           	((2.354962e-03 1.329225e+01 -8.219733e-02) (-9.118729e-04 -4.729212e-02 2.190983e-03)) ((-5.624617e-01 -2.457954e-04 1.685156e-01) (-7.397858e-04 8.898326e-05 -9.909544e-04))
5.81          	((3.201216e-03 1.428022e+01 -7.151094e-02) (-8.880023e-04 -4.317282e-02 2.101393e-03)) ((-5.924731e-01 -3.368204e-05 1.741331e-01) (-7.601194e-04 8.687373e-05 -9.677415e-04))
5.82          	((2.824303e-03 1.523538e+01 -6.493613e-02) (-8.662307e-04 -3.899415e-02 2.017806e-03)) ((-6.209783e-01 2.424211e-04 1.794878e-01) (-7.803393e-04 8.488556e-05 -9.426366e-04))
5.83          	((2.537856e-04 1.615241e+01 -5.534760e-02) (-8.461658e-04 -3.476080e-02 1.938262e-03)) ((-6.485258e-01 4.217966e-04 1.843587e-01) (-8.005986e-04 8.284649e-05 -9.158081e-04))
5.84          	((-3.771593e-03 1.703389e+01 -4.687651e-02) (-8.296542e-04 -3.048388e-02 1.863401e-03)) ((-6.748418e-01 6.551373e-04 1.889452e-01) (-8.209090e-04 8.055224e-05 -8.875092e-04))
5.85          	((-5.501633e-03 1.787552e+01 -3.798504e-02) (-8.141345e-04 -2.616857e-02 1.792793e-03)) ((-6.991622e-01 1.086150e-03 1.932024e-01) (-8.416577e-04 7.813036e-05 -8.581704e-04))
5.86          	((-7.128584e-03 1.867706e+01 -2.642081e-02) (-8.007447e-04 -2.182250e-02 1.726110e-03)) ((-7.224875e-01 1.203305e-03 1.973594e-01) (-8.630643e-04 7.542077e-05 -8.283550e-04))
5.87          	((-1.137813e-02 1.943496e+01 -1.392700e-02) (-7.922783e-04 -1.745140e-02 1.659985e-03)) ((-7.444991e-01 1.707276e-03 2.013581e-01) (-8.843572e-04 7.202786e-05 -7.976704e-04))
5.88          	((-1.636134e-02 2.014995e+01 -5.141146e-03) (-7.905893e-04 -1.306587e-02 1.596212e-03)) ((-7.652103e-01 2.334010e-03 2.048764e-01) (-9.056493e-04 6.924904e-05 -7.664090e-04))
5.89          	((-2.158966e-02 2.082302e+01 2.235630e-03) (-7.869580e-04 -8.673708e-03 1.534549e-03)) ((-7.849769e-01 2.414574e-03 2.078996e-01) (-9.265953e-04 6.645171e-05 -7.352658e-04))
5.9           	((-2.379695e-02 2.144760e+01 3.976404e-03) (-7.854694e-04 -4.279998e-03 1.479491e-03)) ((-8.024746e-01 2.779594e-03 2.107032e-01) (-9.474215e-04 6.313322e-05 -7.040108e-04))
5.91          	((-3.005857e-02 2.202986e+01 -3.898722e-03) (-7.878752e-04 1.078045e-04 1.433501e-03)) ((-8.185202e-01 3.384833e-03 2.132086e-01) (-9.682091e-04 5.909432e-05 -6.729390e-04))
5.92          	((-3.528501e-02 2.256839e+01 -9.150048e-04) (-7.967099e-04 4.483079e-03 1.397791e-03)) ((-8.337946e-01 3.912836e-03 2.149346e-01) (-9.885568e-04 5.521670e-05 -6.421995e-04))
5.93          	((-3.597424e-02 2.307996e+01 3.860541e-03) (-8.039396e-04 8.839631e-03 1.366905e-03)) ((-8.497521e-01 4.562750e-03 2.161528e-01) (-1.008474e-03 5.116287e-05 -6.122400e-04))
5.94          	((-3.923971e-02 2.353908e+01 5.251215e-03) (-8.163027e-04 1.317293e-02 1.343412e-03)) ((-8.624054e-01 5.183136e-03 2.177571e-01) (-1.029123e-03 4.727786e-05 -5.832666e-04))
5.95          	((-4.067837e-02 2.395751e+01 1.372857e-02) (-8.306502e-04 1.747648e-02 1.330353e-03)) ((-8.744980e-01 5.238448e-03 2.188850e-01) (-1.049661e-03 4.366461e-05 -5.554682e-04))
5.96          	((-4.188730e-02 2.433097e+01 1.330542e-02) (-8.435579e-04 2.174059e-02 1.325961e-03)) ((-8.853399e-01 5.155917e-03 2.192349e-01) (-1.069688e-03 3.990950e-05 -5.286233e-04))
5.97          	((-4.190677e-02 2.467704e+01 2.160771e-02) (-8.512461e-04 2.596660e-02 1.336315e-03)) ((-8.963343e-01 5.403227e-03 2.185176e-01) (-1.088072e-03 3.562805e-05 -5.029155e-04))
5.98          	((-4.264584e-02 2.498029e+01 2.786911e-02) (-8.626130e-04 3.015274e-02 1.359624e-03)) ((-9.058242e-01 6.226834e-03 2.170356e-01) (-1.105010e-03 3.205099e-05 -4.785783e-04))
5.99          	((-4.370544e-02 2.526614e+01 3.313839e-02) (-8.783688e-04 3.430066e-02 1.394367e-03)) ((-9.141166e-01 6.859147e-03 2.154806e-01) (-1.120223e-03 2.852031e-05 -4.552762e-04))
6             	((-4.270006e-02 2.552296e+01 2.213541e-02) (-9.003636e-04 3.840649e-02 1.446468e-03)) ((-9.235022e-01 6.814045e-03 2.130213e-01) (-1.134180e-03 2.540277e-05 -4.327573e-04))
6.01          	((-4.109930e-02 2.578440e+01 2.051852e-02) (-9.288539e-04 4.246950e-02 1.514628e-03)) ((-9.366597e-01 7.331284e-03 2.119895e-01) (-1.147507e-03 2.214494e-05 -4.109370e-04))
6.02          	((-4.374335e-02 2.582661e+01 8.062345e-03) (-9.604993e-04 4.645969e-02 1.592980e-03)) ((-9.267192e-01 7.778800e-03 2.066104e-01) (-1.157937e-03 1.859404e-05 -3.895797e-04))
6.03          	((-3.770499e-02 2.606832e+01 1.224657e-02) (-1.000502e-03 5.039409e-02 1.685888e-03)) ((-9.378558e-01 7.241024e-03 2.028012e-01) (-1.166247e-03 1.472683e-05 -3.686269e-04))
6.04          	((-3.770704e-02 2.620497e+01 4.780133e-02) (-1.041048e-03 5.425761e-02 1.798712e-03)) ((-9.409692e-01 7.493533e-03 1.987175e-01) (-1.172224e-03 1.065158e-05 -3.473604e-04))
6.05          	((-3.493301e-02 2.631682e+01 3.400441e-02) (-1.081936e-03 5.804532e-02 1.931512e-03)) ((-9.444493e-01 7.496515e-03 1.938224e-01) (-1.175000e-03 6.239611e-06 -3.261586e-04))
6.06          	((-3.151985e-02 2.640172e+01 2.031094e-02) (-1.121580e-03 6.174817e-02 2.080697e-03)) ((-9.463648e-01 7.741953e-03 1.886749e-01) (-1.174604e-03 9.879329e-07 -3.059012e-04))
6.07          	((-2.811567e-02 2.644966e+01 2.016286e-02) (-1.163251e-03 6.536012e-02 2.242511e-03)) ((-9.459866e-01 7.587351e-03 1.820496e-01) (-1.170190e-03 -5.355646e-06 -2.845206e-04))
6.08          	((-2.492584e-02 2.646223e+01 1.438403e-02) (-1.202395e-03 6.885553e-02 2.414319e-03)) ((-9.444719e-01 7.646929e-03 1.750862e-01) (-1.160901e-03 -1.267779e-05 -2.635340e-04))
6.09          	((-2.133828e-02 2.643837e+01 6.213424e-03) (-1.241046e-03 7.223132e-02 2.594349e-03)) ((-9.413535e-01 7.322095e-03 1.677353e-01) (-1.146497e-03 -2.008640e-05 -2.412260e-04))
6.1           	((-1.783375e-02 2.637381e+01 6.590429e-03) (-1.275186e-03 7.547812e-02 2.780893e-03)) ((-9.368459e-01 7.102651e-03 1.599829e-01) (-1.127556e-03 -2.744911e-05 -2.175105e-04))
6.11          	((-1.249795e-02 2.627609e+01 5.229089e-03) (-1.309450e-03 7.859584e-02 2.970819e-03)) ((-9.313524e-01 6.833306e-03 1.514286e-01) (-1.104636e-03 -3.496732e-05 -1.922131e-04))
6.12          	((-5.798589e-03 2.613712e+01 8.344239e-04) (-1.337676e-03 8.158240e-02 3.163481e-03)) ((-9.243738e-01 6.451839e-03 1.425573e-01) (-1.077453e-03 -4.281087e-05 -1.646558e-04))
6.13          	((-6.883858e-04 2.595728e+01 -5.419500e-03) (-1.368282e-03 8.443331e-02 3.358939e-03)) ((-9.156718e-01 5.890748e-03 1.333139e-01) (-1.047137e-03 -4.997264e-05 -1.340249e-04))
6.14          	((1.957098e-03 2.573107e+01 -1.328299e-02) (-1.394551e-03 8.713397e-02 3.550740e-03)) ((-9.057478e-01 5.514122e-03 1.243694e-01) (-1.013248e-03 -5.649312e-05 -1.006373e-04))
6.15          	((6.551792e-03 2.545842e+01 -1.558296e-02) (-1.417770e-03 8.967788e-02 3.732973e-03)) ((-8.927694e-01 4.803526e-03 1.146268e-01) (-9.752734e-04 -6.254252e-05 -6.432954e-05))
6.16          	((1.147195e-02 2.514180e+01 -2.179730e-02) (-1.435716e-03 9.205531e-02 3.903070e-03)) ((-8.778301e-01 3.914834e-03 1.052354e-01) (-9.329817e-04 -6.842205e-05 -2.631170e-05))
6.17          	((1.525072e-02 2.477018e+01 -2.777751e-02) (-1.454646e-03 9.425974e-02 4.059619e-03)) ((-8.611317e-01 3.017425e-03 9.619867e-02) (-8.865318e-04 -7.342953e-05 1.331509e-05))
6.18          	((1.878399e-02 2.434396e+01 -3.444982e-02) (-1.467181e-03 9.629215e-02 4.204442e-03)) ((-8.420375e-01 2.369858e-03 8.730172e-02) (-8.366453e-04 -7.772049e-05 5.509100e-05))
6.19          	((2.157242e-02 2.385637e+01 -4.148684e-02) (-1.472765e-03 9.814993e-02 4.338848e-03)) ((-8.199443e-01 1.529972e-03 7.817329e-02) (-7.837201e-04 -8.094897e-05 9.876753e-05))
6.2           	((2.439123e-02 2.331562e+01 -5.045146e-02) (-1.478469e-03 9.983167e-02 4.462984e-03)) ((-7.962547e-01 9.791996e-04 6.895468e-02) (-7.275028e-04 -8.380718e-05 1.437741e-04))
6.21          	((2.568097e-02 2.272309e+01 -5.571622e-02) (-1.478820e-03 1.013360e-01 4.578055e-03)) ((-7.697620e-01 2.445599e-04 5.977723e-02) (-6.681404e-04 -8.614857e-05 1.909280e-04))
6.22          	((2.678127e-02 2.207043e+01 -5.495239e-02) (-1.473624e-03 1.026647e-01 4.681069e-03)) ((-7.409037e-01 -4.050278e-04 5.065788e-02) (-6.064012e-04 -8.806618e-05 2.391779e-04))
6.23          	((2.567446e-02 2.136415e+01 -5.777910e-02) (-1.466904e-03 1.038112e-01 4.776643e-03)) ((-7.098744e-01 -1.367903e-03 4.242953e-02) (-5.438511e-04 -8.956422e-05 2.878574e-04))
6.24          	((2.471671e-02 2.060786e+01 -6.302667e-02) (-1.457445e-03 1.047741e-01 4.865157e-03)) ((-6.766390e-01 -2.121466e-03 3.475036e-02) (-4.809296e-04 -9.057785e-05 3.386279e-04))
6.25          	((2.157891e-02 1.979966e+01 -6.293497e-02) (-1.445182e-03 1.055501e-01 4.947446e-03)) ((-6.414810e-01 -2.976902e-03 2.710911e-02) (-4.178808e-04 -9.124709e-05 3.894288e-04))
6.26          	((1.890678e-02 1.894774e+01 -6.365206e-02) (-1.429364e-03 1.061390e-01 5.020656e-03)) ((-6.042185e-01 -3.710899e-03 1.930100e-02) (-3.545971e-04 -9.113524e-05 4.403240e-04))
6.27          	((1.774736e-02 1.805386e+01 -6.459076e-02) (-1.411897e-03 1.065356e-01 5.087124e-03)) ((-5.647921e-01 -4.667213e-03 1.186050e-02) (-2.916607e-04 -9.081471e-05 4.913943e-04))
6.28          	((1.607428e-02 1.711196e+01 -6.579397e-02) (-1.393720e-03 1.067377e-01 5.146608e-03)) ((-5.239423e-01 -5.513544e-03 4.641172e-03) (-2.292109e-04 -9.008490e-05 5.433620e-04))
6.29          	((1.557963e-02 1.613145e+01 -6.951617e-02) (-1.371084e-03 1.067492e-01 5.195825e-03)) ((-4.824436e-01 -6.265829e-03 -2.527017e-03) (-1.679850e-04 -8.933242e-05 5.951889e-04))
6.3           	((1.582868e-02 1.512177e+01 -7.349248e-02) (-1.347387e-03 1.065680e-01 5.236152e-03)) ((-4.401002e-01 -6.856622e-03 -9.346481e-03) (-1.084678e-04 -8.834013e-05 6.476207e-04))
6.31          	((1.625246e-02 1.408021e+01 -7.895476e-02) (-1.320188e-03 1.061937e-01 5.265702e-03)) ((-3.967480e-01 -7.296250e-03 -1.613342e-02) (-5.151915e-05 -8.735574e-05 6.991624e-04))
6.32          	((1.936687e-02 1.301089e+01 -8.729641e-02) (-1.291238e-03 1.056309e-01 5.283845e-03)) ((-3.529947e-01 -8.068258e-03 -2.320102e-02) (2.824690e-06 -8.653021e-05 7.504362e-04))
6.33          	((2.307630e-02 1.191571e+01 -9.222651e-02) (-1.261190e-03 1.048803e-01 5.291650e-03)) ((-3.088186e-01 -8.463579e-03 -3.018061e-02) (5.438519e-05 -8.626039e-05 8.009642e-04))
6.34          	((2.668618e-02 1.080251e+01 -9.595711e-02) (-1.233785e-03 1.039386e-01 5.286796e-03)) ((-2.646289e-01 -8.847618e-03 -3.710858e-02) (1.035328e-04 -8.576181e-05 8.503538e-04))
6.35          	((3.162356e-02 9.669797e+00 -1.008120e-01) (-1.205986e-03 1.028037e-01 5.266197e-03)) ((-2.200673e-01 -9.373072e-03 -4.419978e-02) (1.501643e-04 -8.557513e-05 8.979130e-04))
6.36          	((3.634635e-02 8.523528e+00 -1.053097e-01) (-1.182571e-03 1.014783e-01 5.234297e-03)) ((-1.759454e-01 -9.856515e-03 -5.123185e-02) (1.946645e-04 -8.551839e-05 9.442366e-04))
6.37          	((4.088740e-02 7.359904e+00 -1.084868e-01) (-1.165185e-03 9.996307e-02 5.188036e-03)) ((-1.318693e-01 -1.015306e-02 -5.802346e-02) (2.372132e-04 -8.518753e-05 9.872055e-04))
6.38          	((4.324499e-02 6.184102e+00 -1.105875e-01) (-1.153263e-03 9.826337e-02 5.128818e-03)) ((-8.753112e-02 -1.025213e-02 -6.490089e-02) (2.776188e-04 -8.462242e-05 1.027357e-03))
6.39          	((4.508284e-02 5.000159e+00 -1.127641e-01) (-1.146923e-03 9.638109e-02 5.058350e-03)) ((-4.361437e-02 -1.030442e-02 -7.158957e-02) (3.159797e-04 -8.397847e-05 1.064628e-03))
6.4           	((4.711268e-02 3.810003e+00 -1.108297e-01) (-1.144079e-03 9.431573e-02 4.977090e-03)) ((1.024293e-04 -1.035056e-02 -7.805413e-02) (3.522823e-04 -8.264918e-05 1.098282e-03))
6.41          	((4.883172e-02 2.614729e+00 -1.083290e-01) (-1.147876e-03 9.207235e-02 4.888623e-03)) ((4.324239e-02 -1.050969e-02 -8.457818e-02) (3.870098e-04 -8.096373e-05 1.128557e-03))
6.42          	((5.026894e-02 1.418284e+00 -1.055587e-01) (-1.158682e-03 8.965455e-02 4.791994e-03)) ((8.589810e-02 -1.076650e-02 -9.128491e-02) (4.197871e-04 -7.817106e-05 1.154312e-03))
6.43          	((4.884970e-02 2.197332e-01 -1.007593e-01) (-1.170209e-03 8.707321e-02 4.686562e-03)) ((1.281199e-01 -1.064124e-02 -9.780521e-02) (4.504694e-04 -7.480794e-05 1.175263e-03))
6.44          	((4.769941e-02 -9.776866e-01 -9.427040e-02) (-1.186038e-03 8.433395e-02 4.570838e-03)) ((1.697004e-01 -1.046172e-02 -1.041193e-01) (4.790435e-04 -7.077062e-05 1.192075e-03))
6.45          	((4.675851e-02 -2.168534e+00 -8.599842e-02) (-1.205406e-03 8.143790e-02 4.446034e-03)) ((2.105711e-01 -1.030890e-02 -1.104100e-01) (5.060530e-04 -6.581144e-05 1.204654e-03))
6.46          	((4.580603e-02 -3.353889e+00 -7.986214e-02) (-1.227735e-03 7.839521e-02 4.311995e-03)) ((2.503967e-01 -1.008987e-02 -1.165404e-01) (5.313765e-04 -5.991493e-05 1.212963e-03))
6.47          	((4.263483e-02 -4.528852e+00 -7.231792e-02) (-1.251467e-03 7.521103e-02 4.167022e-03)) ((2.891087e-01 -9.944211e-03 -1.227573e-01) (5.548896e-04 -5.328265e-05 1.217822e-03))
6.48          	((4.000340e-02 -5.693656e+00 -6.756833e-02) (-1.275426e-03 7.189253e-02 4.015295e-03)) ((3.273922e-01 -9.922295e-03 -1.287439e-01) (5.770423e-04 -4.570443e-05 1.219655e-03))
6.49          	((3.579247e-02 -6.842696e+00 -5.892946e-02) (-1.299493e-03 6.845271e-02 3.858427e-03)) ((3.647442e-01 -9.713724e-03 -1.345324e-01) (5.972808e-04 -3.773214e-05 1.217896e-03))
6.5           	((3.210366e-02 -7.975412e+00 -4.881093e-02) (-1.320209e-03 6.489426e-02 3.699730e-03)) ((4.012130e-01 -9.793045e-03 -1.402589e-01) (6.164711e-04 -2.955471e-05 1.212428e-03))
6.51          	((2.740442e-02 -9.091172e+00 -4.144103e-02) (-1.337275e-03 6.122567e-02 3.539785e-03)) ((4.364117e-01 -9.581520e-03 -1.461689e-01) (6.350487e-04 -2.171339e-05 1.204316e-03))
6.52          	((2.382029e-02 -1.018712e+01 -3.287091e-02) (-1.350944e-03 5.745710e-02 3.380092e-03)) ((4.706139e-01 -9.231483e-03 -1.515674e-01) (6.531058e-04 -1.378018e-05 1.193239e-03))
6.53          	((1.836678e-02 -1.125481e+01 -2.459908e-02) (-1.360789e-03 5.359439e-02 3.219440e-03)) ((5.036964e-01 -8.870755e-03 -1.568350e-01) (6.708364e-04 -6.350427e-06 1.179781e-03))
6.54          	((1.373448e-02 -1.229653e+01 -1.616602e-02) (-1.365958e-03 4.964424e-02 3.058029e-03)) ((5.354182e-01 -8.408300e-03 -1.620462e-01) (6.878349e-04 7.536437e-07 1.163931e-03))
6.55          	((9.224775e-03 -1.331384e+01 -5.406671e-03) (-1.368762e-03 4.561543e-02 2.900825e-03)) ((5.663786e-01 -8.087724e-03 -1.672676e-01) (7.046653e-04 7.826599e-06 1.145601e-03))
6.56          	((5.354669e-03 -1.429486e+01 1.791589e-03) (-1.368287e-03 4.151798e-02 2.748552e-03)) ((5.961953e-01 -7.744781e-03 -1.722436e-01) (7.210835e-04 1.428096e-05 1.124710e-03))
6.57          	((1.317949e-03 -1.524433e+01 9.991123e-03) (-1.366610e-03 3.736366e-02 2.599605e-03)) ((6.242489e-01 -7.385271e-03 -1.767060e-01) (7.374798e-04 2.031658e-05 1.101834e-03))
6.58          	((-3.269828e-03 -1.616179e+01 1.893482e-02) (-1.360966e-03 3.315741e-02 2.457739e-03)) ((6.513607e-01 -6.852423e-03 -1.811166e-01) (7.537205e-04 2.599283e-05 1.076853e-03))
6.59          	((-7.126703e-03 -1.703642e+01 2.615721e-02) (-1.353568e-03 2.890342e-02 2.320933e-03)) ((6.770403e-01 -6.446331e-03 -1.854938e-01) (7.700424e-04 3.116455e-05 1.050133e-03))
6.6           	((-1.246685e-02 -1.787230e+01 3.339193e-02) (-1.346316e-03 2.461083e-02 2.187912e-03)) ((7.013528e-01 -6.275392e-03 -1.898964e-01) (7.868670e-04 3.549831e-05 1.021861e-03))
6.61          	((-1.690295e-02 -1.867197e+01 4.295347e-02) (-1.341157e-03 2.028610e-02 2.058719e-03)) ((7.240764e-01 -5.392817e-03 -1.932612e-01) (8.046483e-04 3.931802e-05 9.925204e-04))
6.62          	((-2.187707e-02 -1.942833e+01 5.238552e-02) (-1.334570e-03 1.593807e-02 1.930948e-03)) ((7.458296e-01 -4.880406e-03 -1.967319e-01) (8.231152e-04 4.256203e-05 9.619037e-04))
6.63          	((-2.632981e-02 -2.014046e+01 6.461565e-02) (-1.324826e-03 1.157430e-02 1.804344e-03)) ((7.664161e-01 -4.524614e-03 -2.003131e-01) (8.416571e-04 4.567404e-05 9.302879e-04))
6.64          	((-3.015088e-02 -2.081128e+01 7.275200e-02) (-1.311265e-03 7.204306e-03 1.676436e-03)) ((7.855664e-01 -3.910052e-03 -2.034017e-01) (8.599700e-04 4.860169e-05 8.983659e-04))
6.65          	((-3.203298e-02 -2.143374e+01 7.043216e-02) (-1.299219e-03 2.835387e-03 1.556714e-03)) ((8.021628e-01 -3.016377e-03 -2.060443e-01) (8.786533e-04 5.086377e-05 8.654856e-04))
6.66          	((-3.297968e-02 -2.200972e+01 5.877993e-02) (-1.293559e-03 -1.531942e-03 1.449974e-03)) ((8.174418e-01 -2.366155e-03 -2.088009e-01) (8.978401e-04 5.225850e-05 8.326271e-04))
6.67          	((-3.760208e-02 -2.255010e+01 6.438576e-02) (-1.286395e-03 -5.887755e-03 1.356405e-03)) ((8.325026e-01 -1.444824e-03 -2.098280e-01) (9.167868e-04 5.358398e-05 7.998184e-04))
6.68          	((-4.102814e-02 -2.306008e+01 6.959004e-02) (-1.284972e-03 -1.022363e-02 1.276378e-03)) ((8.480141e-01 -7.175416e-04 -2.113789e-01) (9.360054e-04 5.473176e-05 7.673414e-04))
6.69          	((-4.202275e-02 -2.352304e+01 6.566568e-02) (-1.282408e-03 -1.453744e-02 1.208456e-03)) ((8.611447e-01 4.652255e-04 -2.118070e-01) (9.553658e-04 5.569178e-05 7.350247e-04))
6.7           	((-4.273634e-02 -2.393969e+01 7.554376e-02) (-1.281849e-03 -1.882618e-02 1.148313e-03)) ((8.723093e-01 8.795513e-04 -2.128567e-01) (9.751517e-04 5.589344e-05 7.043214e-04))
6.71          	((-4.097549e-02 -2.431575e+01 7.851744e-02) (-1.283921e-03 -2.307520e-02 1.102548e-03)) ((8.831499e-01 8.633246e-04 -2.135403e-01) (9.938761e-04 5.566226e-05 6.755180e-04))
6.72          	((-4.235509e-02 -2.466640e+01 7.849437e-02) (-1.290861e-03 -2.728623e-02 1.069959e-03)) ((8.940938e-01 1.506649e-03 -2.123074e-01) (1.011185e-03 5.573873e-05 6.480804e-04))
6.73          	((-4.374524e-02 -2.497865e+01 8.039868e-02) (-1.299056e-03 -3.145748e-02 1.053400e-03)) ((9.037703e-01 2.222833e-03 -2.105752e-01) (1.026904e-03 5.584455e-05 6.217332e-04))
6.74          	((-4.414790e-02 -2.526472e+01 8.890434e-02) (-1.313225e-03 -3.558626e-02 1.051106e-03)) ((9.115058e-01 3.028304e-03 -2.083073e-01) (1.040745e-03 5.538428e-05 5.966925e-04))
6.75          	((-3.485488e-02 -2.553643e+01 8.386713e-02) (-1.329637e-03 -3.967247e-02 1.059962e-03)) ((9.209196e-01 3.500286e-03 -2.056185e-01) (1.053419e-03 5.435634e-05 5.730154e-04))
6.76          	((-2.952306e-02 -2.578824e+01 8.251364e-02) (-1.345775e-03 -4.371139e-02 1.084582e-03)) ((9.335831e-01 3.502050e-03 -2.032217e-01) (1.064277e-03 5.278675e-05 5.500057e-04))
6.77          	((-3.533248e-02 -2.584034e+01 5.652810e-02) (-1.365206e-03 -4.767953e-02 1.124620e-03)) ((9.241907e-01 4.216302e-03 -1.979295e-01) (1.071993e-03 5.048288e-05 5.273689e-04))
6.78          	((-2.695170e-02 -2.608524e+01 8.029147e-02) (-1.388499e-03 -5.159084e-02 1.179789e-03)) ((9.345203e-01 3.438890e-03 -1.933908e-01) (1.077389e-03 4.780387e-05 5.057972e-04))
6.79          	((-2.527600e-02 -2.622061e+01 1.072096e-01) (-1.410212e-03 -5.543474e-02 1.252124e-03)) ((9.383987e-01 3.278088e-03 -1.883641e-01) (1.079925e-03 4.495704e-05 4.841029e-04))
6.8           	((-1.917138e-02 -2.634396e+01 8.930073e-02) (-1.435429e-03 -5.920707e-02 1.340713e-03)) ((9.420813e-01 3.567227e-03 -1.826438e-01) (1.079951e-03 4.222771e-05 4.620243e-04))
6.81          	((-1.264353e-02 -2.642920e+01 8.147521e-02) (-1.462910e-03 -6.289459e-02 1.440250e-03)) ((9.433927e-01 3.409572e-03 -1.769294e-01) (1.076150e-03 3.855564e-05 4.395133e-04))
6.82          	((-6.868372e-03 -2.648189e+01 7.605980e-02) (-1.488049e-03 -6.649132e-02 1.555181e-03)) ((9.436098e-01 3.184678e-03 -1.703658e-01) (1.068187e-03 3.384931e-05 4.162525e-04))
6.83          	((-2.377722e-03 -2.649532e+01 7.006110e-02) (-1.521113e-03 -6.998396e-02 1.682077e-03)) ((9.420018e-01 2.708693e-03 -1.634219e-01) (1.055779e-03 2.842360e-05 3.933009e-04))
6.84          	((2.111713e-03 -2.647444e+01 6.355321e-02) (-1.552739e-03 -7.335974e-02 1.818245e-03)) ((9.394811e-01 1.906032e-03 -1.561933e-01) (1.038457e-03 2.274192e-05 3.695518e-04))
6.85          	((8.457314e-03 -2.641872e+01 5.637531e-02) (-1.587128e-03 -7.661320e-02 1.964294e-03)) ((9.353750e-01 9.861366e-04 -1.482872e-01) (1.016850e-03 1.722418e-05 3.442213e-04))
6.86          	((1.709298e-02 -2.632077e+01 5.792396e-02) (-1.620944e-03 -7.973544e-02 2.115623e-03)) ((9.298939e-01 3.659442e-04 -1.401869e-01) (9.914740e-04 1.220932e-05 3.170708e-04))
6.87          	((2.420948e-02 -2.618856e+01 5.605695e-02) (-1.652086e-03 -8.271996e-02 2.271920e-03)) ((9.234025e-01 -4.303013e-04 -1.313773e-01) (9.628399e-04 7.646789e-06 2.881827e-04))
6.88          	((2.840805e-02 -2.601006e+01 4.745346e-02) (-1.683052e-03 -8.556410e-02 2.430300e-03)) ((9.149923e-01 -1.171748e-03 -1.226339e-01) (9.308668e-04 3.741251e-06 2.569223e-04))
6.89          	((3.248273e-02 -2.578296e+01 4.437419e-02) (-1.710843e-03 -8.825853e-02 2.588956e-03)) ((9.045633e-01 -2.353376e-03 -1.139724e-01) (8.952231e-04 8.467388e-07 2.223665e-04))
6.9           	((3.529593e-02 -2.551733e+01 3.583053e-02) (-1.738238e-03 -9.080099e-02 2.741522e-03)) ((8.928438e-01 -3.446988e-03 -1.051380e-01) (8.556351e-04 -1.499737e-06 1.843982e-04))
6.91          	((3.838780e-02 -2.519915e+01 2.604424e-02) (-1.762365e-03 -9.318292e-02 2.887030e-03)) ((8.781239e-01 -4.239516e-03 -9.617210e-02) (8.124542e-04 -3.524327e-06 1.439485e-04))
6.92          	((3.890481e-02 -2.482584e+01 2.128491e-02) (-1.783860e-03 -9.540039e-02 3.021315e-03)) ((8.612267e-01 -4.869204e-03 -8.807695e-02) (7.661558e-04 -4.920539e-06 1.023504e-04))
6.93          	((3.666931e-02 -2.439889e+01 8.571132e-03) (-1.806396e-03 -9.744599e-02 3.149877e-03)) ((8.424725e-01 -5.757060e-03 -7.987654e-02) (7.162986e-04 -5.569229e-06 5.887964e-05))
6.94          	((3.275832e-02 -2.391608e+01 -4.270266e-03) (-1.826786e-03 -9.932303e-02 3.273314e-03)) ((8.211661e-01 -6.407516e-03 -7.196133e-02) (6.636534e-04 -5.126614e-06 1.341776e-05))
6.95          	((2.748278e-02 -2.337645e+01 -1.094379e-02) (-1.849054e-03 -1.010289e-01 3.387749e-03)) ((7.976885e-01 -7.136220e-03 -6.379965e-02) (6.087009e-04 -3.471567e-06 -3.236458e-05))
6.96          	((2.061097e-02 -2.277826e+01 -1.834163e-02) (-1.868799e-03 -1.025630e-01 3.494263e-03)) ((7.713931e-01 -7.976827e-03 -5.538882e-02) (5.514754e-04 -1.220030e-06 -7.955944e-05))
6.97          	((1.151163e-02 -2.212967e+01 -2.007692e-02) (-1.885331e-03 -1.039270e-01 3.596778e-03)) ((7.431393e-01 -8.428931e-03 -4.733226e-02) (4.922780e-04 1.080060e-06 -1.273475e-04))
6.98          	((2.856568e-03 -2.142381e+01 -2.560187e-02) (-1.900978e-03 -1.051116e-01 3.697566e-03)) ((7.121496e-01 -8.787568e-03 -3.971008e-02) (4.322584e-04 3.340628e-06 -1.760751e-04))
6.99          	((-4.922239e-03 -2.066642e+01 -3.511451e-02) (-1.907438e-03 -1.061189e-01 3.795693e-03)) ((6.790689e-01 -9.217667e-03 -3.259368e-02) (3.719278e-04 6.072555e-06 -2.264048e-04))
7             	((-1.436772e-02 -1.985796e+01 -4.008671e-02) (-1.908403e-03 -1.069447e-01 3.889780e-03)) ((6.434754e-01 -1.000271e-02 -2.552681e-02) (3.120925e-04 9.277998e-06 -2.778918e-04))
7.01          	((-2.232489e-02 -1.900595e+01 -4.636558e-02) (-1.908455e-03 -1.075841e-01 3.978785e-03)) ((6.059639e-01 -1.017088e-02 -1.889252e-02) (2.530509e-04 1.245260e-05 -3.299515e-04))
7.02          	((-2.731679e-02 -1.811125e+01 -5.034989e-02) (-1.902008e-03 -1.080338e-01 4.055896e-03)) ((5.668026e-01 -1.029723e-02 -1.217958e-02) (1.950055e-04 1.561450e-05 -3.825525e-04))
7.03          	((-3.330851e-02 -1.717362e+01 -5.824077e-02) (-1.887445e-03 -1.082906e-01 4.121930e-03)) ((5.263824e-01 -1.050912e-02 -5.472787e-03) (1.380851e-04 1.810206e-05 -4.349660e-04))
7.04          	((-3.611964e-02 -1.619448e+01 -6.530057e-02) (-1.864126e-03 -1.083520e-01 4.173379e-03)) ((4.846722e-01 -1.117383e-02 1.410815e-03) (8.361336e-05 1.981326e-05 -4.879968e-04))
7.05          	((-3.752861e-02 -1.518282e+01 -7.266643e-02) (-1.830551e-03 -1.082155e-01 4.209701e-03)) ((4.423513e-01 -1.112164e-02 7.654061e-03) (3.172463e-05 2.075818e-05 -5.398612e-04))
7.06          	((-4.017146e-02 -1.414029e+01 -7.814633e-02) (-1.792365e-03 -1.078848e-01 4.228027e-03)) ((3.991828e-01 -1.101194e-02 1.423210e-02) (-1.793472e-05 2.168936e-05 -5.908264e-04))
7.07          	((-3.950287e-02 -1.307069e+01 -8.533314e-02) (-1.751205e-03 -1.073570e-01 4.228173e-03)) ((3.554744e-01 -1.084067e-02 2.067158e-02) (-6.522666e-05 2.167725e-05 -6.398655e-04))
7.08          	((-3.977452e-02 -1.197604e+01 -9.403164e-02) (-1.708911e-03 -1.066330e-01 4.211244e-03)) ((3.112579e-01 -1.084763e-02 2.695689e-02) (-1.099454e-04 2.143550e-05 -6.868196e-04))
7.09          	((-3.937936e-02 -1.085979e+01 -1.028888e-01) (-1.665607e-03 -1.057150e-01 4.175463e-03)) ((2.669808e-01 -1.028825e-02 3.373028e-02) (-1.522631e-04 2.124538e-05 -7.312012e-04))
7.1           	((-4.073918e-02 -9.725244e+00 -1.143970e-01) (-1.623849e-03 -1.045981e-01 4.121188e-03)) ((2.228866e-01 -1.015161e-02 4.000871e-02) (-1.929327e-04 2.184474e-05 -7.729394e-04))
7.11          	((-4.084460e-02 -8.574983e+00 -1.227328e-01) (-1.585179e-03 -1.032861e-01 4.048135e-03)) ((1.789184e-01 -9.803516e-03 4.620160e-02) (-2.316983e-04 2.298190e-05 -8.122235e-04))
7.12          	((-4.068479e-02 -7.409505e+00 -1.286460e-01) (-1.547282e-03 -1.017772e-01 3.960172e-03)) ((1.349977e-01 -9.566477e-03 5.222719e-02) (-2.689252e-04 2.534190e-05 -8.500129e-04))
7.13          	((-4.142143e-02 -6.232092e+00 -1.357118e-01) (-1.514817e-03 -1.000770e-01 3.862440e-03)) ((9.116134e-02 -9.042672e-03 5.864377e-02) (-3.046494e-04 2.903323e-05 -8.854418e-04))
7.14          	((-4.062065e-02 -5.046356e+00 -1.404264e-01) (-1.484094e-03 -9.819113e-02 3.753452e-03)) ((4.733265e-02 -8.138836e-03 6.471492e-02) (-3.387468e-04 3.285315e-05 -9.182981e-04))
7.15          	((-3.975698e-02 -3.853279e+00 -1.432398e-01) (-1.458839e-03 -9.611913e-02 3.641051e-03)) ((4.178935e-03 -7.635237e-03 7.096969e-02) (-3.712688e-04 3.771722e-05 -9.484489e-04))
7.16          	((-3.850839e-02 -2.653185e+00 -1.460378e-01) (-1.435705e-03 -9.386825e-02 3.525374e-03)) ((-3.886091e-02 -6.785841e-03 7.717142e-02) (-4.025213e-04 4.286584e-05 -9.749959e-04))
7.17          	((-3.909319e-02 -1.452224e+00 -1.479204e-01) (-1.413509e-03 -9.144058e-02 3.408963e-03)) ((-8.123938e-02 -6.126134e-03 8.350973e-02) (-4.326322e-04 4.843486e-05 -9.988766e-04))
7.18          	((-3.606726e-02 -2.500305e-01 -1.475359e-01) (-1.389871e-03 -8.884386e-02 3.289531e-03)) ((-1.234300e-01 -5.433389e-03 9.017461e-02) (-4.611187e-04 5.360672e-05 -1.018693e-03))
7.19          	((-3.302281e-02 9.503059e-01 -1.462224e-01) (-1.368708e-03 -8.608268e-02 3.168893e-03)) ((-1.648567e-01 -4.652262e-03 9.686568e-02) (-4.883853e-04 5.813035e-05 -1.034546e-03))
7.2           	((-2.961262e-02 2.143502e+00 -1.432246e-01) (-1.345566e-03 -8.316675e-02 3.044575e-03)) ((-2.052853e-01 -3.916959e-03 1.035377e-01) (-5.144559e-04 6.232896e-05 -1.046673e-03))
7.21          	((-2.568140e-02 3.332282e+00 -1.396444e-01) (-1.324415e-03 -8.010382e-02 2.920336e-03)) ((-2.451029e-01 -3.387685e-03 1.103574e-01) (-5.392776e-04 6.576870e-05 -1.055181e-03))
7.22          	((-2.084248e-02 4.512681e+00 -1.356217e-01) (-1.300098e-03 -7.689814e-02 2.796155e-03)) ((-2.844008e-01 -2.993926e-03 1.171392e-01) (-5.634573e-04 6.873750e-05 -1.060313e-03))
7.23          	((-1.693251e-02 5.677602e+00 -1.322943e-01) (-1.272419e-03 -7.355902e-02 2.675440e-03)) ((-3.227458e-01 -2.762611e-03 1.236817e-01) (-5.871400e-04 7.093862e-05 -1.062358e-03))
7.24          	((-1.280638e-02 6.833558e+00 -1.218901e-01) (-1.241558e-03 -7.009869e-02 2.562657e-03)) ((-3.601519e-01 -2.563565e-03 1.303820e-01) (-6.106302e-04 7.243893e-05 -1.060376e-03))
7.25          	((-1.003466e-02 7.969990e+00 -1.151929e-01) (-1.215440e-03 -6.651997e-02 2.453177e-03)) ((-3.967910e-01 -2.231983e-03 1.371015e-01) (-6.337885e-04 7.362308e-05 -1.054972e-03))
7.26          	((-7.367074e-03 9.086654e+00 -1.085263e-01) (-1.190612e-03 -6.283037e-02 2.346362e-03)) ((-4.319597e-01 -1.840045e-03 1.433740e-01) (-6.567706e-04 7.394724e-05 -1.046091e-03))
7.27          	((-4.790782e-03 1.018178e+01 -1.021629e-01) (-1.167040e-03 -5.903726e-02 2.243538e-03)) ((-4.665099e-01 -1.611983e-03 1.497191e-01) (-6.793242e-04 7.361115e-05 -1.033947e-03))
7.28          	((-3.096357e-03 1.125128e+01 -9.362045e-02) (-1.140106e-03 -5.515403e-02 2.146302e-03)) ((-4.995397e-01 -1.356117e-03 1.558569e-01) (-7.011325e-04 7.276296e-05 -1.018361e-03))
7.29          	((-2.415541e-03 1.229709e+01 -8.610267e-02) (-1.113444e-03 -5.118326e-02 2.052959e-03)) ((-5.317327e-01 -1.094484e-03 1.621162e-01) (-7.225574e-04 7.139325e-05 -9.999862e-04))
7.3           	((-1.893119e-03 1.331507e+01 -7.749950e-02) (-1.088510e-03 -4.713656e-02 1.963635e-03)) ((-5.631856e-01 -8.017332e-04 1.680079e-01) (-7.436092e-04 7.010980e-05 -9.798395e-04))
7.31          	((-1.773755e-03 1.430033e+01 -7.057995e-02) (-1.066163e-03 -4.302392e-02 1.877606e-03)) ((-5.930148e-01 -5.684747e-04 1.731803e-01) (-7.641339e-04 6.832185e-05 -9.573523e-04))
7.32          	((-1.226808e-03 1.525309e+01 -6.393631e-02) (-1.044360e-03 -3.885073e-02 1.796237e-03)) ((-6.213888e-01 -2.684293e-04 1.785737e-01) (-7.847267e-04 6.636098e-05 -9.327579e-04))
7.33          	((-3.711893e-03 1.617122e+01 -5.562587e-02) (-1.024679e-03 -3.462608e-02 1.718242e-03)) ((-6.490049e-01 -8.940469e-05 1.835882e-01) (-8.050340e-04 6.464017e-05 -9.064264e-04))
7.34          	((-7.254739e-03 1.705082e+01 -4.613707e-02) (-1.006577e-03 -3.035582e-02 1.645473e-03)) ((-6.752855e-01 1.542285e-04 1.883128e-01) (-8.253280e-04 6.261533e-05 -8.785286e-04))
7.35          	((-9.264283e-03 1.789377e+01 -3.669029e-02) (-9.892366e-04 -2.604776e-02 1.576763e-03)) ((-6.998434e-01 4.983164e-04 1.927608e-01) (-8.459482e-04 6.043667e-05 -8.497244e-04))
7.36          	((-1.047314e-02 1.869459e+01 -2.517850e-02) (-9.760288e-04 -2.170704e-02 1.513309e-03)) ((-7.231216e-01 9.874056e-04 1.970662e-01) (-8.668797e-04 5.796731e-05 -8.202961e-04))
7.37          	((-1.372630e-02 1.944981e+01 -1.472292e-02) (-9.689671e-04 -1.734171e-02 1.448978e-03)) ((-7.451609e-01 1.327397e-03 2.010011e-01) (-8.882910e-04 5.500154e-05 -7.903081e-04))
7.38          	((-1.723420e-02 2.016671e+01 -4.447293e-03) (-9.667469e-04 -1.296193e-02 1.387946e-03)) ((-7.661410e-01 1.893621e-03 2.046566e-01) (-9.099370e-04 5.259819e-05 -7.596641e-04))
7.39          	((-2.263335e-02 2.083558e+01 3.980674e-03) (-9.646632e-04 -8.572671e-03 1.328431e-03)) ((-7.853530e-01 2.144340e-03 2.076792e-01) (-9.309692e-04 5.010438e-05 -7.292927e-04))
7.4           	((-2.414896e-02 2.145930e+01 4.152295e-03) (-9.645927e-04 -4.183266e-03 1.275790e-03)) ((-8.028886e-01 2.500884e-03 2.102898e-01) (-9.519045e-04 4.708656e-05 -6.989663e-04))
7.41          	((-3.031894e-02 2.204154e+01 -3.756772e-03) (-9.665874e-04 1.989441e-04 1.231870e-03)) ((-8.191343e-01 3.198444e-03 2.131477e-01) (-9.730777e-04 4.327830e-05 -6.682605e-04))
7.42          	((-3.705704e-02 2.257702e+01 2.328381e-03) (-9.737722e-04 4.570475e-03 1.194893e-03)) ((-8.341233e-01 3.866536e-03 2.147068e-01) (-9.937386e-04 3.930326e-05 -6.379172e-04))
7.43          	((-3.713857e-02 2.308940e+01 7.021061e-03) (-9.814913e-04 8.925232e-03 1.163578e-03)) ((-8.498028e-01 4.442643e-03 2.162727e-01) (-1.013888e-03 3.547266e-05 -6.085155e-04))
7.44          	((-3.823301e-02 2.355046e+01 2.758414e-03) (-9.919038e-04 1.325614e-02 1.140424e-03)) ((-8.631326e-01 4.938495e-03 2.176866e-01) (-1.034482e-03 3.149851e-05 -5.797669e-04))
7.45          	((-4.228861e-02 2.396492e+01 1.143806e-02) (-1.006142e-03 1.755779e-02 1.124576e-03)) ((-8.748776e-01 4.995247e-03 2.186365e-01) (-1.055229e-03 2.785759e-05 -5.524743e-04))
7.46          	((-4.145702e-02 2.433799e+01 1.534670e-02) (-1.017650e-03 2.182056e-02 1.120075e-03)) ((-8.855712e-01 4.992715e-03 2.189201e-01) (-1.075820e-03 2.409164e-05 -5.265453e-04))
7.47          	((-4.201818e-02 2.468223e+01 2.279440e-02) (-1.031275e-03 2.604277e-02 1.126447e-03)) ((-8.965409e-01 5.522122e-03 2.186503e-01) (-1.094630e-03 2.040667e-05 -5.014081e-04))
7.48          	((-4.350737e-02 2.498680e+01 2.876569e-02) (-1.042670e-03 3.022490e-02 1.145396e-03)) ((-9.064875e-01 6.058280e-03 2.175928e-01) (-1.111612e-03 1.703607e-05 -4.775017e-04))
7.49          	((-4.632062e-02 2.527068e+01 3.375916e-02) (-1.057015e-03 3.436966e-02 1.178383e-03)) ((-9.148667e-01 6.779482e-03 2.155819e-01) (-1.126818e-03 1.342475e-05 -4.549069e-04))
7.5           	((-4.373369e-02 2.552919e+01 2.549263e-02) (-1.080218e-03 3.847341e-02 1.227272e-03)) ((-9.226977e-01 7.118115e-03 2.134705e-01) (-1.140652e-03 1.037204e-05 -4.325862e-04))
