# Forces      
# CofR        : (0.000000e+00 0.000000e+00 0.000000e+00)
# Time        forces(pressure viscous)	moments(pressure viscous)
0             	((0.000000e+00 0.000000e+00 0.000000e+00) (0.000000e+00 0.000000e+00 0.000000e+00)) ((0.000000e+00 0.000000e+00 0.000000e+00) (0.000000e+00 0.000000e+00 0.000000e+00))
0.01          	((9.058506e+00 2.889382e-04 -3.527504e-02) (2.533112e-03 4.809276e-06 -1.427461e-05)) ((1.610673e-03 2.979660e-01 -3.675757e-03) (-7.467278e-07 5.690723e-05 1.454028e-06))
0.02          	((8.917189e+00 6.455987e-04 -3.509220e-02) (5.081928e-03 1.029619e-05 -2.681094e-05)) ((1.536962e-03 2.923699e-01 -3.709230e-03) (-1.514024e-06 1.148369e-04 3.418284e-06))
0.03          	((8.974739e+00 4.899035e-04 -3.447502e-02) (7.627395e-03 1.638217e-05 -3.882664e-05)) ((1.575437e-03 2.915540e-01 -3.780289e-03) (-2.274591e-06 1.729356e-04 5.539576e-06))
0.04          	((8.913597e+00 3.516328e-04 -3.612021e-02) (1.014204e-02 2.245364e-05 -5.083869e-05)) ((1.488318e-03 2.905221e-01 -3.756121e-03) (-2.990898e-06 2.306125e-04 7.625600e-06))
0.05          	((8.850252e+00 1.827034e-04 -3.670384e-02) (1.261774e-02 2.866671e-05 -6.250242e-05)) ((1.461562e-03 2.889308e-01 -3.730833e-03) (-3.679480e-06 2.876297e-04 9.648217e-06))
0.06          	((8.781588e+00 2.002975e-04 -3.760619e-02) (1.505228e-02 3.496994e-05 -7.386988e-05)) ((1.405658e-03 2.867065e-01 -3.699222e-03) (-4.338346e-06 3.438822e-04 1.162252e-05))
0.07          	((8.703568e+00 8.104772e-05 -3.864543e-02) (1.744468e-02 4.135517e-05 -8.501181e-05)) ((1.389088e-03 2.837977e-01 -3.658349e-03) (-4.973749e-06 3.993154e-04 1.357749e-05))
0.08          	((8.613043e+00 -9.052546e-05 -3.955155e-02) (1.979323e-02 4.785594e-05 -9.601893e-05)) ((1.351166e-03 2.804121e-01 -3.607882e-03) (-5.576386e-06 4.538555e-04 1.546418e-05))
0.09          	((8.509353e+00 -3.492892e-04 -4.076024e-02) (2.209603e-02 5.446343e-05 -1.066515e-04)) ((1.327553e-03 2.765638e-01 -3.549418e-03) (-6.137900e-06 5.074214e-04 1.728830e-05))
0.1           	((8.393177e+00 -5.198819e-04 -4.210076e-02) (2.435142e-02 6.106551e-05 -1.169080e-04)) ((1.282884e-03 2.722679e-01 -3.490233e-03) (-6.645105e-06 5.598909e-04 1.909631e-05))
0.11          	((8.264966e+00 -7.845441e-04 -4.349492e-02) (2.655741e-02 6.759823e-05 -1.266218e-04)) ((1.233470e-03 2.674950e-01 -3.428997e-03) (-7.099172e-06 6.112265e-04 2.085036e-05))
0.12          	((8.124952e+00 -8.911808e-04 -4.476907e-02) (2.871179e-02 7.420090e-05 -1.359218e-04)) ((1.183366e-03 2.622851e-01 -3.363040e-03) (-7.505087e-06 6.613030e-04 2.254637e-05))
0.13          	((7.973476e+00 -1.117116e-03 -4.605929e-02) (3.081224e-02 8.057559e-05 -1.445764e-04)) ((1.123195e-03 2.566311e-01 -3.291690e-03) (-7.864665e-06 7.101065e-04 2.418893e-05))
0.14          	((7.810486e+00 -1.313935e-03 -4.761726e-02) (3.285572e-02 8.692086e-05 -1.524344e-04)) ((1.079800e-03 2.505720e-01 -3.199049e-03) (-8.175473e-06 7.574997e-04 2.574715e-05))
0.15          	((7.636075e+00 -1.598718e-03 -4.954026e-02) (3.484073e-02 9.329826e-05 -1.595323e-04)) ((1.013310e-03 2.440751e-01 -3.126189e-03) (-8.423763e-06 8.034041e-04 2.729806e-05))
0.16          	((7.450102e+00 -1.799848e-03 -5.152923e-02) (3.676362e-02 9.989145e-05 -1.658575e-04)) ((9.546539e-04 2.371611e-01 -3.017335e-03) (-8.628534e-06 8.477115e-04 2.878103e-05))
0.17          	((7.253008e+00 -2.045304e-03 -5.331965e-02) (3.862090e-02 1.062660e-04 -1.712663e-04)) ((9.027481e-04 2.298329e-01 -2.911762e-03) (-8.778507e-06 8.904098e-04 3.021995e-05))
0.18          	((7.044509e+00 -2.110422e-03 -5.515720e-02) (4.040928e-02 1.131273e-04 -1.759141e-04)) ((8.386294e-04 2.220927e-01 -2.767895e-03) (-8.859037e-06 9.313162e-04 3.158004e-05))
0.19          	((6.824766e+00 -2.178803e-03 -5.707385e-02) (4.212521e-02 1.198416e-04 -1.798460e-04)) ((7.841738e-04 2.139036e-01 -2.627597e-03) (-8.862557e-06 9.704347e-04 3.283447e-05))
0.2           	((6.593740e+00 -2.392992e-03 -5.912172e-02) (4.376470e-02 1.263244e-04 -1.831173e-04)) ((7.326064e-04 2.053458e-01 -2.529692e-03) (-8.811728e-06 1.007611e-03 3.400111e-05))
0.21          	((6.351566e+00 -2.327616e-03 -6.093389e-02) (4.532479e-02 1.326799e-04 -1.858294e-04)) ((6.754777e-04 1.963893e-01 -2.402229e-03) (-8.740086e-06 1.042843e-03 3.516545e-05))
0.22          	((6.098163e+00 -2.476381e-03 -6.283266e-02) (4.680286e-02 1.393038e-04 -1.876271e-04)) ((6.250600e-04 1.870762e-01 -2.298712e-03) (-8.569086e-06 1.076040e-03 3.612714e-05))
0.23          	((5.834035e+00 -2.549593e-03 -6.472655e-02) (4.819430e-02 1.453755e-04 -1.887319e-04)) ((6.422638e-04 1.773861e-01 -2.162545e-03) (-8.326395e-06 1.107017e-03 3.698105e-05))
0.24          	((5.559388e+00 -2.627926e-03 -6.619221e-02) (4.949507e-02 1.519380e-04 -1.896155e-04)) ((6.214821e-04 1.673730e-01 -2.038490e-03) (-8.048158e-06 1.135960e-03 3.763609e-05))
0.25          	((5.273934e+00 -2.727026e-03 -6.773570e-02) (5.070248e-02 1.584458e-04 -1.895960e-04)) ((5.470551e-04 1.570383e-01 -1.912389e-03) (-7.784218e-06 1.162678e-03 3.812527e-05))
0.26          	((4.978086e+00 -2.665853e-03 -6.849832e-02) (5.181281e-02 1.644425e-04 -1.893976e-04)) ((5.558990e-04 1.463820e-01 -1.756494e-03) (-7.435759e-06 1.187103e-03 3.851537e-05))
0.27          	((4.673087e+00 -2.744674e-03 -7.010533e-02) (5.282292e-02 1.705438e-04 -1.886025e-04)) ((5.011642e-04 1.355590e-01 -1.570261e-03) (-7.022321e-06 1.209104e-03 3.896174e-05))
0.28          	((4.358811e+00 -2.856983e-03 -7.022471e-02) (5.372935e-02 1.764725e-04 -1.869066e-04)) ((4.721473e-04 1.243723e-01 -1.417258e-03) (-6.652500e-06 1.228719e-03 3.925198e-05))
0.29          	((4.035368e+00 -3.054971e-03 -7.012852e-02) (5.453002e-02 1.820859e-04 -1.849326e-04)) ((4.628333e-04 1.130186e-01 -1.332725e-03) (-6.287003e-06 1.245787e-03 3.948935e-05))
0.3           	((3.702835e+00 -3.136470e-03 -6.913861e-02) (5.522290e-02 1.881123e-04 -1.828545e-04)) ((3.682401e-04 1.013928e-01 -1.168107e-03) (-5.907399e-06 1.260418e-03 3.967240e-05))
0.31          	((3.362638e+00 -3.431056e-03 -6.809564e-02) (5.580515e-02 1.942249e-04 -1.804525e-04)) ((3.663803e-04 8.949940e-02 -1.021744e-03) (-5.519396e-06 1.272509e-03 3.977347e-05))
0.32          	((3.015011e+00 -3.595405e-03 -6.587358e-02) (5.627540e-02 1.995779e-04 -1.779029e-04)) ((3.248058e-04 7.735783e-02 -8.405374e-04) (-5.106598e-06 1.282279e-03 4.002159e-05))
0.33          	((2.660508e+00 -3.719697e-03 -6.409964e-02) (5.662846e-02 2.044468e-04 -1.748104e-04)) ((3.109097e-04 6.509731e-02 -7.521770e-04) (-4.692511e-06 1.289599e-03 4.000019e-05))
0.34          	((2.299749e+00 -3.912280e-03 -6.253947e-02) (5.686620e-02 2.089434e-04 -1.719552e-04)) ((2.695086e-04 5.276045e-02 -5.768815e-04) (-4.283529e-06 1.294229e-03 4.023186e-05))
0.35          	((1.933499e+00 -3.875910e-03 -6.046634e-02) (5.698591e-02 2.122118e-04 -1.696979e-04)) ((1.700165e-04 4.030075e-02 -3.904873e-04) (-3.752297e-06 1.296342e-03 4.013352e-05))
0.36          	((1.562614e+00 -4.078200e-03 -5.701536e-02) (5.698637e-02 2.146355e-04 -1.669790e-04)) ((1.407516e-04 2.784368e-02 -2.480602e-04) (-3.256145e-06 1.295766e-03 4.001133e-05))
0.37          	((1.186607e+00 -4.141511e-03 -5.381969e-02) (5.686616e-02 2.172925e-04 -1.637172e-04)) ((1.583062e-04 1.525065e-02 -1.734536e-04) (-2.888965e-06 1.292573e-03 3.992684e-05))
0.38          	((8.070597e-01 -4.287868e-03 -5.054608e-02) (5.662570e-02 2.192716e-04 -1.602175e-04)) ((1.443224e-04 2.589220e-03 2.907936e-05) (-2.542972e-06 1.286788e-03 3.950656e-05))
0.39          	((4.252101e-01 -4.585579e-03 -4.682839e-02) (5.626668e-02 2.207786e-04 -1.564011e-04)) ((7.964327e-05 -1.008686e-02 1.746917e-04) (-2.125380e-06 1.278399e-03 3.921326e-05))
0.4           	((4.129894e-02 -4.760172e-03 -4.267805e-02) (5.578606e-02 2.228952e-04 -1.523774e-04)) ((-2.580507e-05 -2.277017e-02 3.306998e-04) (-1.749738e-06 1.267463e-03 3.876396e-05))
0.41          	((-3.449412e-01 -4.523437e-03 -3.799758e-02) (5.518470e-02 2.232472e-04 -1.479034e-04)) ((-5.535356e-05 -3.540851e-02 4.394359e-04) (-1.356150e-06 1.253864e-03 3.822390e-05))
0.42          	((-7.325290e-01 -4.785083e-03 -3.314787e-02) (5.446454e-02 2.233667e-04 -1.425624e-04)) ((-7.560587e-05 -4.810109e-02 6.435782e-04) (-1.024122e-06 1.237662e-03 3.774169e-05))
0.43          	((-1.120048e+00 -4.711651e-03 -2.805428e-02) (5.362578e-02 2.230451e-04 -1.363235e-04)) ((-1.167262e-04 -6.070214e-02 8.558509e-04) (-6.166621e-07 1.218965e-03 3.725607e-05))
0.44          	((-1.506100e+00 -4.425459e-03 -2.209473e-02) (5.266980e-02 2.220186e-04 -1.292897e-04)) ((-6.191657e-05 -7.314598e-02 9.569255e-04) (-2.569812e-07 1.197746e-03 3.650450e-05))
0.45          	((-1.889098e+00 -4.406167e-03 -1.854382e-02) (5.160101e-02 2.207161e-04 -1.214028e-04)) ((-1.644927e-04 -8.532568e-02 9.848646e-04) (4.400687e-08 1.174216e-03 3.574918e-05))
0.46          	((-2.268221e+00 -4.500024e-03 -1.543780e-02) (5.042032e-02 2.185722e-04 -1.129485e-04)) ((-1.796426e-04 -9.726263e-02 1.077944e-03) (3.939856e-07 1.148261e-03 3.506610e-05))
0.47          	((-2.642804e+00 -4.346539e-03 -1.150343e-02) (4.913180e-02 2.157393e-04 -1.035242e-04)) ((-2.118544e-04 -1.090623e-01 1.235554e-03) (7.504315e-07 1.119992e-03 3.411543e-05))
0.48          	((-3.013278e+00 -4.391093e-03 -6.300265e-03) (4.773963e-02 2.123176e-04 -9.331294e-05)) ((-2.457800e-04 -1.207036e-01 1.432112e-03) (1.126606e-06 1.089640e-03 3.296470e-05))
0.49          	((-3.379517e+00 -4.227018e-03 -9.646502e-05) (4.624632e-02 2.085018e-04 -8.218670e-05)) ((-2.866047e-04 -1.321304e-01 1.538753e-03) (1.506754e-06 1.057082e-03 3.170790e-05))
0.5           	((-3.739949e+00 -4.462706e-03 4.871246e-03) (4.465575e-02 2.038928e-04 -7.013680e-05)) ((-3.378563e-04 -1.433734e-01 1.653938e-03) (1.839974e-06 1.022472e-03 3.022055e-05))
0.51          	((-4.094216e+00 -4.522463e-03 9.114891e-03) (4.297150e-02 1.992022e-04 -5.710859e-05)) ((-3.913152e-04 -1.543455e-01 1.774252e-03) (2.136160e-06 9.858008e-04 2.882159e-05))
0.52          	((-4.441288e+00 -4.700787e-03 1.235027e-02) (4.119868e-02 1.946534e-04 -4.372451e-05)) ((-4.029472e-04 -1.650436e-01 1.895216e-03) (2.478959e-06 9.471332e-04 2.733979e-05))
0.53          	((-4.781156e+00 -4.764180e-03 1.606260e-02) (3.934221e-02 1.900881e-04 -3.012121e-05)) ((-4.490281e-04 -1.754265e-01 2.045752e-03) (2.885687e-06 9.065535e-04 2.586007e-05))
0.54          	((-5.112251e+00 -4.932413e-03 1.872150e-02) (3.740648e-02 1.859955e-04 -1.586106e-05)) ((-4.897935e-04 -1.853941e-01 2.150875e-03) (3.294925e-06 8.641194e-04 2.427331e-05))
0.55          	((-5.433812e+00 -4.136249e-03 2.224451e-02) (3.539582e-02 1.810595e-04 -1.140039e-06)) ((-5.860217e-04 -1.950352e-01 2.220731e-03) (3.728035e-06 8.200321e-04 2.257658e-05))
0.56          	((-5.745226e+00 -4.491252e-03 2.678254e-02) (3.331610e-02 1.765069e-04 1.382404e-05)) ((-6.142755e-04 -2.043444e-01 2.387344e-03) (4.061525e-06 7.743240e-04 2.089079e-05))
0.57          	((-6.045211e+00 -5.027627e-03 2.979468e-02) (3.117302e-02 1.728665e-04 2.861384e-05)) ((-6.541828e-04 -2.133064e-01 2.508074e-03) (4.365266e-06 7.270967e-04 1.920542e-05))
0.58          	((-6.334220e+00 -4.122829e-03 3.306674e-02) (2.897245e-02 1.691830e-04 4.449244e-05)) ((-6.937056e-04 -2.218232e-01 2.629626e-03) (4.638062e-06 6.785560e-04 1.746016e-05))
0.59          	((-6.610716e+00 -2.902951e-03 3.453996e-02) (2.671832e-02 1.650127e-04 6.045039e-05)) ((-7.120860e-04 -2.299831e-01 2.635994e-03) (4.960992e-06 6.288139e-04 1.563670e-05))
0.6           	((-6.873619e+00 -1.957983e-03 3.753550e-02) (2.441530e-02 1.602961e-04 7.593467e-05)) ((-8.104678e-04 -2.376626e-01 2.761488e-03) (5.244223e-06 5.778173e-04 1.359123e-05))
0.61          	((-7.124192e+00 -2.592377e-03 4.014972e-02) (2.206923e-02 1.550577e-04 9.112824e-05)) ((-8.322799e-04 -2.448796e-01 2.964926e-03) (5.557942e-06 5.258680e-04 1.142861e-05))
0.62          	((-7.359756e+00 -2.200432e-03 4.069138e-02) (1.968547e-02 1.498514e-04 1.059068e-04)) ((-9.394880e-04 -2.517309e-01 2.983143e-03) (5.831614e-06 4.730904e-04 9.146252e-06))
0.63          	((-7.581606e+00 -2.326303e-03 4.155167e-02) (1.726940e-02 1.444399e-04 1.212835e-04)) ((-8.956219e-04 -2.579017e-01 2.924551e-03) (6.248257e-06 4.195283e-04 6.968704e-06))
0.64          	((-7.789206e+00 -2.295817e-03 4.347704e-02) (1.482566e-02 1.391707e-04 1.365771e-04)) ((-8.154355e-04 -2.637420e-01 2.849924e-03) (6.592687e-06 3.652908e-04 4.926510e-06))
0.65          	((-7.980324e+00 -2.624861e-03 4.657987e-02) (1.235907e-02 1.348373e-04 1.510533e-04)) ((-8.925273e-04 -2.687564e-01 3.022239e-03) (6.828603e-06 3.103011e-04 2.900793e-06))
0.66          	((-8.155823e+00 -2.021527e-03 4.799229e-02) (9.874937e-03 1.299825e-04 1.664218e-04)) ((-1.119801e-03 -2.734514e-01 3.221697e-03) (7.156005e-06 2.545749e-04 8.802515e-07))
0.67          	((-8.315221e+00 -1.107531e-03 5.029269e-02) (7.377867e-03 1.244957e-04 1.826456e-04)) ((-1.213391e-03 -2.779854e-01 3.418336e-03) (7.609806e-06 1.983936e-04 -1.241175e-06))
0.68          	((-8.457817e+00 -1.632393e-04 5.188100e-02) (4.872009e-03 1.184184e-04 1.987851e-04)) ((-1.115025e-03 -2.818195e-01 3.402749e-03) (8.137920e-06 1.419404e-04 -3.443530e-06))
0.69          	((-8.585264e+00 -1.276652e-03 5.372069e-02) (2.361496e-03 1.116098e-04 2.142987e-04)) ((-1.111961e-03 -2.853053e-01 3.237513e-03) (8.594564e-06 8.523991e-05 -5.657951e-06))
0.7           	((-8.700186e+00 -1.700809e-03 5.498233e-02) (-1.472922e-04 1.039951e-04 2.302079e-04)) ((-1.069563e-03 -2.881009e-01 3.080893e-03) (8.918600e-06 2.873619e-05 -7.549400e-06))
0.71          	((-8.798695e+00 -4.324668e-04 5.282451e-02) (-2.651568e-03 9.633173e-05 2.465116e-04)) ((-1.212785e-03 -2.904614e-01 3.356495e-03) (9.238619e-06 -2.787065e-05 -9.346229e-06))
0.72          	((-8.884768e+00 -8.194182e-04 5.327124e-02) (-5.148596e-03 8.947491e-05 2.627775e-04)) ((-1.301491e-03 -2.919141e-01 3.502933e-03) (9.429432e-06 -8.456204e-05 -1.117922e-05))
0.73          	((-8.953334e+00 -1.046709e-03 5.348073e-02) (-7.634050e-03 8.210616e-05 2.793349e-04)) ((-1.203459e-03 -2.930630e-01 3.315716e-03) (9.597915e-06 -1.410878e-04 -1.267373e-05))
0.74          	((-9.008702e+00 -2.156640e-03 5.385785e-02) (-1.010286e-02 7.490300e-05 2.951818e-04)) ((-1.154200e-03 -2.940231e-01 3.449662e-03) (9.804433e-06 -1.971087e-04 -1.406768e-05))
0.75          	((-9.062616e+00 -1.784518e-03 5.473367e-02) (-1.255228e-02 6.671864e-05 3.107556e-04)) ((-1.186110e-03 -2.953046e-01 3.380715e-03) (9.966643e-06 -2.530754e-04 -1.541155e-05))
0.76          	((-9.131646e+00 -1.471536e-03 5.856595e-02) (-1.498222e-02 5.749167e-05 3.313812e-04)) ((-1.385667e-03 -2.921730e-01 3.593691e-03) (1.010749e-05 -3.087286e-04 -1.666852e-05))
0.77          	((-9.050097e+00 -6.614034e-04 2.618313e-02) (-1.736358e-02 4.803934e-05 3.532169e-04)) ((-1.391181e-03 -2.926630e-01 3.728235e-03) (1.027288e-05 -3.635892e-04 -1.783059e-05))
0.78          	((-9.126068e+00 3.044114e-04 3.889360e-02) (-1.972265e-02 3.793255e-05 3.763566e-04)) ((-1.372948e-03 -2.942310e-01 3.690827e-03) (1.041109e-05 -4.179455e-04 -1.891306e-05))
0.79          	((-9.124881e+00 4.091150e-04 3.167446e-02) (-2.205307e-02 2.790649e-05 3.998977e-04)) ((-1.437167e-03 -2.931979e-01 3.648209e-03) (1.054314e-05 -4.715160e-04 -1.990657e-05))
0.8           	((-9.095823e+00 -7.110162e-04 3.008766e-02) (-2.435161e-02 1.818051e-05 4.248740e-04)) ((-1.376042e-03 -2.913473e-01 3.592486e-03) (1.062336e-05 -5.243494e-04 -2.070086e-05))
0.81          	((-9.054229e+00 -8.193569e-04 2.905622e-02) (-2.661416e-02 9.071104e-06 4.503890e-04)) ((-1.421208e-03 -2.888403e-01 3.604115e-03) (1.076810e-05 -5.765708e-04 -2.137774e-05))
0.82          	((-8.999637e+00 -7.602713e-04 2.869782e-02) (-2.883738e-02 -1.271066e-06 4.770319e-04)) ((-1.436353e-03 -2.861028e-01 3.591766e-03) (1.087751e-05 -6.278871e-04 -2.201287e-05))
0.83          	((-8.933483e+00 -1.990759e-04 2.570562e-02) (-3.102002e-02 -1.200044e-05 5.042075e-04)) ((-1.471192e-03 -2.829397e-01 3.624103e-03) (1.092162e-05 -6.782193e-04 -2.278548e-05))
0.84          	((-8.854827e+00 3.019037e-04 2.125363e-02) (-3.315976e-02 -2.276330e-05 5.324387e-04)) ((-1.505255e-03 -2.792664e-01 3.535036e-03) (1.085657e-05 -7.276056e-04 -2.332613e-05))
0.85          	((-8.761973e+00 3.309674e-04 1.451618e-02) (-3.525295e-02 -3.430422e-05 5.613838e-04)) ((-1.507144e-03 -2.752688e-01 3.489662e-03) (1.065210e-05 -7.758391e-04 -2.378059e-05))
0.86          	((-8.655324e+00 3.114039e-04 8.560249e-03) (-3.729697e-02 -4.619456e-05 5.908707e-04)) ((-1.516955e-03 -2.706081e-01 3.482941e-03) (1.039979e-05 -8.228092e-04 -2.431846e-05))
0.87          	((-8.536764e+00 1.553070e-04 2.072880e-03) (-3.928896e-02 -5.840104e-05 6.208059e-04)) ((-1.507806e-03 -2.654507e-01 3.496167e-03) (1.004497e-05 -8.684791e-04 -2.473372e-05))
0.88          	((-8.404976e+00 8.673058e-04 -3.557192e-03) (-4.122603e-02 -7.036061e-05 6.510250e-04)) ((-1.466726e-03 -2.597978e-01 3.444891e-03) (9.694233e-06 -9.125907e-04 -2.501130e-05))
0.89          	((-8.258991e+00 1.064445e-03 -9.247726e-03) (-4.310521e-02 -8.220463e-05 6.809163e-04)) ((-1.471305e-03 -2.535709e-01 3.341454e-03) (9.220157e-06 -9.551213e-04 -2.568874e-05))
0.9           	((-8.099508e+00 1.117715e-03 -1.527975e-02) (-4.492194e-02 -9.326574e-05 7.094270e-04)) ((-1.451015e-03 -2.467389e-01 3.237701e-03) (8.692400e-06 -9.959517e-04 -2.628228e-05))
0.91          	((-7.926256e+00 9.796820e-04 -2.080727e-02) (-4.667542e-02 -1.046268e-04 7.374703e-04)) ((-1.474110e-03 -2.395924e-01 3.139763e-03) (8.250630e-06 -1.035045e-03 -2.686158e-05))
0.92          	((-7.740200e+00 1.342541e-03 -2.625720e-02) (-4.836143e-02 -1.162925e-04 7.642935e-04)) ((-1.516086e-03 -2.319827e-01 2.961202e-03) (7.803124e-06 -1.072393e-03 -2.739504e-05))
0.93          	((-7.541483e+00 1.290100e-03 -3.164653e-02) (-4.997610e-02 -1.270971e-04 7.890066e-04)) ((-1.591275e-03 -2.240106e-01 2.866162e-03) (7.336272e-06 -1.107859e-03 -2.800882e-05))
0.94          	((-7.329242e+00 1.455423e-03 -3.735738e-02) (-5.151409e-02 -1.370240e-04 8.118322e-04)) ((-1.622925e-03 -2.155819e-01 2.696471e-03) (6.904579e-06 -1.141514e-03 -2.854474e-05))
0.95          	((-7.103265e+00 1.964444e-03 -4.259814e-02) (-5.297459e-02 -1.451296e-04 8.324639e-04)) ((-1.606380e-03 -2.067152e-01 2.617023e-03) (6.524270e-06 -1.173228e-03 -2.923017e-05))
0.96          	((-6.864596e+00 2.095696e-03 -4.867685e-02) (-5.435329e-02 -1.529887e-04 8.509967e-04)) ((-1.629733e-03 -1.974854e-01 2.486372e-03) (6.157012e-06 -1.202891e-03 -2.984277e-05))
0.97          	((-6.613371e+00 2.014382e-03 -5.349941e-02) (-5.564431e-02 -1.603173e-04 8.673215e-04)) ((-1.564566e-03 -1.879004e-01 2.420607e-03) (5.734942e-06 -1.230579e-03 -3.068096e-05))
0.98          	((-6.348712e+00 1.791337e-03 -5.783554e-02) (-5.684663e-02 -1.663957e-04 8.813839e-04)) ((-1.480905e-03 -1.780449e-01 2.315359e-03) (5.319740e-06 -1.256140e-03 -3.132441e-05))
0.99          	((-6.071373e+00 1.874629e-03 -6.123611e-02) (-5.795837e-02 -1.714537e-04 8.936909e-04)) ((-1.563186e-03 -1.678849e-01 2.141339e-03) (4.982967e-06 -1.279651e-03 -3.215684e-05))
1             	((-5.781953e+00 2.254105e-03 -6.558017e-02) (-5.897519e-02 -1.768856e-04 9.027321e-04)) ((-1.611440e-03 -1.573188e-01 2.125121e-03) (4.718415e-06 -1.300942e-03 -3.303345e-05))
1.01          	((-5.480755e+00 1.863650e-03 -6.938605e-02) (-5.989502e-02 -1.815268e-04 9.093306e-04)) ((-1.548490e-03 -1.465081e-01 2.025290e-03) (4.683744e-06 -1.320085e-03 -3.392293e-05))
1.02          	((-5.168314e+00 1.963980e-03 -7.203575e-02) (-6.071392e-02 -1.861563e-04 9.148161e-04)) ((-1.515354e-03 -1.353048e-01 1.969631e-03) (4.664404e-06 -1.337057e-03 -3.443819e-05))
1.03          	((-4.845352e+00 1.866514e-03 -7.512797e-02) (-6.142881e-02 -1.900240e-04 9.175073e-04)) ((-1.549162e-03 -1.239308e-01 1.849367e-03) (4.647320e-06 -1.351837e-03 -3.532997e-05))
1.04          	((-4.511829e+00 2.073639e-03 -7.688293e-02) (-6.203718e-02 -1.931687e-04 9.187447e-04)) ((-1.569280e-03 -1.124044e-01 1.725575e-03) (4.728051e-06 -1.364350e-03 -3.602551e-05))
1.05          	((-4.168602e+00 1.667970e-03 -7.839988e-02) (-6.253853e-02 -1.952091e-04 9.183622e-04)) ((-1.516210e-03 -1.006500e-01 1.569259e-03) (4.809256e-06 -1.374535e-03 -3.655058e-05))
1.06          	((-3.816652e+00 1.771475e-03 -7.988898e-02) (-6.293019e-02 -1.964795e-04 9.172026e-04)) ((-1.499638e-03 -8.861711e-02 1.493477e-03) (4.882334e-06 -1.382483e-03 -3.713124e-05))
1.07          	((-3.456952e+00 1.834010e-03 -8.042817e-02) (-6.320844e-02 -1.968435e-04 9.153075e-04)) ((-1.452272e-03 -7.641014e-02 1.498853e-03) (4.993770e-06 -1.388096e-03 -3.801961e-05))
1.08          	((-3.089763e+00 1.765960e-03 -8.033719e-02) (-6.337412e-02 -1.959791e-04 9.129638e-04)) ((-1.402129e-03 -6.413201e-02 1.328382e-03) (4.959162e-06 -1.391441e-03 -3.869712e-05))
1.09          	((-2.716128e+00 1.523690e-03 -7.997863e-02) (-6.342505e-02 -1.947961e-04 9.099418e-04)) ((-1.424762e-03 -5.178819e-02 1.125107e-03) (4.763846e-06 -1.392338e-03 -3.948454e-05))
1.1           	((-2.336249e+00 1.771412e-03 -7.866795e-02) (-6.336084e-02 -1.931925e-04 9.066968e-04)) ((-1.428143e-03 -3.914134e-02 1.018403e-03) (4.445573e-06 -1.391125e-03 -4.044838e-05))
1.11          	((-1.950569e+00 1.900505e-03 -7.741966e-02) (-6.318101e-02 -1.905036e-04 9.033926e-04)) ((-1.373739e-03 -2.654370e-02 8.975602e-04) (3.993011e-06 -1.387434e-03 -4.143194e-05))
1.12          	((-1.559906e+00 1.735618e-03 -7.559888e-02) (-6.288494e-02 -1.870161e-04 8.995721e-04)) ((-1.312956e-03 -1.383267e-02 7.249357e-04) (3.493004e-06 -1.381589e-03 -4.235189e-05))
1.13          	((-1.166029e+00 1.335284e-03 -7.323883e-02) (-6.247445e-02 -1.831224e-04 8.955166e-04)) ((-1.293965e-03 -1.193034e-03 4.648430e-04) (2.884567e-06 -1.373207e-03 -4.299075e-05))
1.14          	((-7.695200e-01 9.537205e-04 -7.059349e-02) (-6.194731e-02 -1.781434e-04 8.912347e-04)) ((-1.260983e-03 1.148121e-02 2.808466e-04) (2.141051e-06 -1.362426e-03 -4.356768e-05))
1.15          	((-3.709495e-01 8.658543e-04 -6.823338e-02) (-6.130363e-02 -1.726219e-04 8.857960e-04)) ((-1.217741e-03 2.419389e-02 1.090958e-04) (1.491505e-06 -1.349219e-03 -4.406674e-05))
1.16          	((2.929960e-02 1.042986e-03 -6.484184e-02) (-6.054447e-02 -1.670080e-04 8.811950e-04)) ((-1.239581e-03 3.684092e-02 2.294333e-05) (7.795126e-07 -1.333697e-03 -4.434807e-05))
1.17          	((4.307300e-01 1.005552e-03 -6.141416e-02) (-5.967328e-02 -1.604255e-04 8.755752e-04)) ((-1.210395e-03 4.945094e-02 -1.576414e-04) (-2.629719e-08 -1.315751e-03 -4.445623e-05))
1.18          	((8.324463e-01 9.630289e-04 -5.860086e-02) (-5.868905e-02 -1.541696e-04 8.700973e-04)) ((-1.114600e-03 6.204148e-02 -3.359772e-04) (-8.612759e-07 -1.295585e-03 -4.431405e-05))
1.19          	((1.231827e+00 7.902896e-04 -5.528157e-02) (-5.759492e-02 -1.472255e-04 8.634522e-04)) ((-1.063344e-03 7.440418e-02 -5.252838e-04) (-1.637197e-06 -1.273088e-03 -4.415852e-05))
1.2           	((1.628116e+00 7.016869e-04 -5.238006e-02) (-5.639196e-02 -1.393465e-04 8.565788e-04)) ((-9.405735e-04 8.662262e-02 -6.767424e-04) (-2.339973e-06 -1.248343e-03 -4.368843e-05))
1.21          	((2.019851e+00 9.851144e-04 -4.931330e-02) (-5.508408e-02 -1.315717e-04 8.497121e-04)) ((-8.828948e-04 9.856195e-02 -8.229997e-04) (-3.039265e-06 -1.221417e-03 -4.315998e-05))
1.22          	((2.407237e+00 1.338212e-03 -4.653658e-02) (-5.367531e-02 -1.222392e-04 8.424918e-04)) ((-7.916321e-04 1.103219e-01 -9.268569e-04) (-3.783028e-06 -1.192235e-03 -4.252170e-05))
1.23          	((2.789370e+00 1.259887e-03 -4.276585e-02) (-5.216729e-02 -1.127153e-04 8.355681e-04)) ((-6.673192e-04 1.218776e-01 -1.063723e-03) (-4.544719e-06 -1.160914e-03 -4.171463e-05))
1.24          	((3.166481e+00 9.654283e-04 -4.157558e-02) (-5.056569e-02 -1.027062e-04 8.286429e-04)) ((-5.208455e-04 1.331911e-01 -1.204628e-03) (-5.316554e-06 -1.127464e-03 -4.068256e-05))
1.25          	((3.537712e+00 1.155088e-03 -3.945004e-02) (-4.887153e-02 -9.220753e-05 8.216459e-04)) ((-4.138517e-04 1.443138e-01 -1.364367e-03) (-6.112917e-06 -1.091906e-03 -3.977241e-05))
1.26          	((3.902291e+00 1.064617e-03 -3.732160e-02) (-4.708991e-02 -8.090407e-05 8.145048e-04)) ((-3.574748e-04 1.552410e-01 -1.484011e-03) (-6.923180e-06 -1.054346e-03 -3.874550e-05))
1.27          	((4.260369e+00 1.418941e-03 -3.467700e-02) (-4.522604e-02 -7.003137e-05 8.072143e-04)) ((-2.746432e-04 1.659155e-01 -1.566862e-03) (-7.596009e-06 -1.014980e-03 -3.771456e-05))
1.28          	((4.610597e+00 1.354766e-03 -3.295638e-02) (-4.328127e-02 -5.843762e-05 7.997808e-04)) ((-2.278975e-04 1.762563e-01 -1.598433e-03) (-8.152081e-06 -9.737384e-04 -3.676292e-05))
1.29          	((4.951259e+00 1.294004e-03 -2.895161e-02) (-4.126070e-02 -4.742188e-05 7.915433e-04)) ((-9.101463e-05 1.861467e-01 -1.711541e-03) (-8.600446e-06 -9.306731e-04 -3.584973e-05))
1.3           	((5.282101e+00 1.933521e-03 -2.772316e-02) (-3.917073e-02 -3.653218e-05 7.831463e-04)) ((5.983217e-05 1.957672e-01 -1.845753e-03) (-9.051789e-06 -8.859773e-04 -3.485339e-05))
1.31          	((5.601409e+00 1.478993e-03 -2.471563e-02) (-3.701438e-02 -2.559896e-05 7.741592e-04)) ((3.375455e-04 2.050016e-01 -1.962907e-03) (-9.415191e-06 -8.396024e-04 -3.374591e-05))
1.32          	((5.909495e+00 9.264379e-04 -2.342486e-02) (-3.479693e-02 -1.476649e-05 7.655458e-04)) ((5.229422e-04 2.137975e-01 -2.113150e-03) (-9.577587e-06 -7.917012e-04 -3.241880e-05))
1.33          	((6.205872e+00 9.368627e-04 -2.280341e-02) (-3.252339e-02 -4.176905e-06 7.567254e-04)) ((5.946170e-04 2.222830e-01 -2.184824e-03) (-9.748969e-06 -7.423866e-04 -3.107417e-05))
1.34          	((6.489544e+00 8.592457e-04 -2.064160e-02) (-3.019954e-02 5.700389e-06 7.477868e-04)) ((7.479706e-04 2.303015e-01 -2.193328e-03) (-9.799633e-06 -6.917698e-04 -2.957926e-05))
1.35          	((6.760818e+00 8.975433e-04 -2.073729e-02) (-2.783001e-02 1.556348e-05 7.392719e-04)) ((8.142466e-04 2.379785e-01 -2.359934e-03) (-9.867551e-06 -6.399756e-04 -2.805016e-05))
1.36          	((7.018877e+00 5.405361e-04 -1.960438e-02) (-2.541957e-02 2.534006e-05 7.305876e-04)) ((9.182052e-04 2.451936e-01 -2.441336e-03) (-1.005162e-05 -5.871752e-04 -2.627288e-05))
1.37          	((7.260862e+00 7.018732e-04 -1.700749e-02) (-2.297439e-02 3.436196e-05 7.215161e-04)) ((1.001322e-03 2.519098e-01 -2.496959e-03) (-1.031487e-05 -5.331969e-04 -2.458525e-05))
1.38          	((7.488049e+00 1.228929e-03 -1.704839e-02) (-2.049914e-02 4.349044e-05 7.124206e-04)) ((1.074781e-03 2.580705e-01 -2.676348e-03) (-1.059355e-05 -4.782386e-04 -2.293267e-05))
1.39          	((7.701036e+00 8.539772e-04 -1.453405e-02) (-1.799865e-02 5.356661e-05 7.020658e-04)) ((1.200696e-03 2.638126e-01 -2.773046e-03) (-1.077941e-05 -4.224401e-04 -2.123783e-05))
1.4           	((7.900445e+00 9.364752e-04 -1.631455e-02) (-1.547814e-02 6.332318e-05 6.925400e-04)) ((1.265467e-03 2.689911e-01 -2.955186e-03) (-1.090293e-05 -3.660211e-04 -1.935750e-05))
1.41          	((8.081854e+00 6.612562e-04 -1.570086e-02) (-1.294215e-02 7.297406e-05 6.835265e-04)) ((1.379099e-03 2.738117e-01 -3.007800e-03) (-1.105549e-05 -3.089494e-04 -1.736239e-05))
1.42          	((8.245503e+00 5.998740e-04 -1.572707e-02) (-1.039572e-02 8.340884e-05 6.754825e-04)) ((1.482489e-03 2.780300e-01 -3.088763e-03) (-1.117841e-05 -2.514757e-04 -1.541067e-05))
1.43          	((8.393015e+00 1.245347e-03 -1.631123e-02) (-7.841714e-03 9.376612e-05 6.684666e-04)) ((1.527775e-03 2.817223e-01 -3.337942e-03) (-1.117149e-05 -1.936978e-04 -1.343792e-05))
1.44          	((8.526345e+00 1.180209e-03 -1.792543e-02) (-5.285273e-03 1.024779e-04 6.620051e-04)) ((1.499335e-03 2.849678e-01 -3.301393e-03) (-1.125561e-05 -1.356923e-04 -1.148602e-05))
1.45          	((8.644346e+00 1.473793e-03 -1.737297e-02) (-2.730515e-03 1.115265e-04 6.560335e-04)) ((1.475869e-03 2.877104e-01 -3.443842e-03) (-1.144919e-05 -7.748473e-05 -9.463628e-06))
1.46          	((8.747013e+00 1.224762e-03 -1.732123e-02) (-1.821256e-04 1.203135e-04 6.510397e-04)) ((1.498093e-03 2.900537e-01 -3.551063e-03) (-1.157006e-05 -1.930147e-05 -7.497852e-06))
1.47          	((8.835341e+00 4.574794e-04 -1.999717e-02) (2.355862e-03 1.285655e-04 6.481798e-04)) ((1.585878e-03 2.919766e-01 -3.627635e-03) (-1.167145e-05 3.862083e-05 -5.473265e-06))
1.48          	((8.907452e+00 1.352366e-03 -2.044333e-02) (4.880742e-03 1.361426e-04 6.470545e-04)) ((1.480663e-03 2.934567e-01 -3.855801e-03) (-1.187382e-05 9.622740e-05 -3.652090e-06))
1.49          	((8.962916e+00 2.962621e-04 -2.608953e-02) (7.388802e-03 1.447959e-04 6.495090e-04)) ((1.576136e-03 2.942340e-01 -3.552001e-03) (-1.204876e-05 1.533404e-04 -1.916662e-06))
1.5           	((9.012194e+00 3.113102e-04 -3.241068e-02) (9.878186e-03 1.554626e-04 6.516896e-04)) ((1.275891e-03 2.952668e-01 -3.845949e-03) (-1.217969e-05 2.099000e-04 5.588143e-08))
1.51          	((9.074276e+00 2.622924e-04 -1.455417e-02) (1.235003e-02 1.651065e-04 6.552411e-04)) ((1.330523e-03 2.922847e-01 -3.988982e-03) (-1.223867e-05 2.659022e-04 2.262079e-06))
1.52          	((9.018128e+00 2.234942e-03 -5.062085e-02) (1.477580e-02 1.737800e-04 6.577852e-04)) ((1.195686e-03 2.942292e-01 -4.321839e-03) (-1.240973e-05 3.215346e-04 4.183925e-06))
1.53          	((9.068117e+00 1.981722e-03 -4.036693e-02) (1.716879e-02 1.817593e-04 6.644275e-04)) ((1.378749e-03 2.943721e-01 -4.268721e-03) (-1.265309e-05 3.765151e-04 6.247296e-06))
1.54          	((9.058786e+00 1.631775e-03 -4.533623e-02) (1.952745e-02 1.897507e-04 6.735497e-04)) ((1.334057e-03 2.927521e-01 -4.210293e-03) (-1.273671e-05 4.303547e-04 8.200675e-06))
1.55          	((9.030802e+00 5.137789e-04 -4.782935e-02) (2.185014e-02 1.974589e-04 6.836427e-04)) ((1.371053e-03 2.912058e-01 -4.405657e-03) (-1.292754e-05 4.831278e-04 1.022474e-05))
1.56          	((8.989555e+00 1.652259e-03 -4.973470e-02) (2.413488e-02 2.053561e-04 6.948111e-04)) ((1.222387e-03 2.895431e-01 -4.384999e-03) (-1.300956e-05 5.350960e-04 1.251689e-05))
1.57          	((8.934735e+00 1.645301e-03 -5.529014e-02) (2.637933e-02 2.123494e-04 7.067852e-04)) ((1.225321e-03 2.868598e-01 -4.292090e-03) (-1.296189e-05 5.863073e-04 1.476738e-05))
1.58          	((8.866544e+00 1.803225e-03 -6.223513e-02) (2.858214e-02 2.198272e-04 7.193186e-04)) ((1.219351e-03 2.836063e-01 -4.277759e-03) (-1.291496e-05 6.366581e-04 1.702311e-05))
1.59          	((8.785367e+00 1.941307e-03 -6.754914e-02) (3.074027e-02 2.277088e-04 7.333463e-04)) ((1.203634e-03 2.801028e-01 -4.216042e-03) (-1.285422e-05 6.861118e-04 1.915251e-05))
1.6           	((8.691847e+00 2.732087e-03 -7.205900e-02) (3.284991e-02 2.343771e-04 7.496013e-04)) ((1.174491e-03 2.762371e-01 -4.169486e-03) (-1.268838e-05 7.342863e-04 2.112241e-05))
1.61          	((8.585437e+00 1.668096e-03 -7.920990e-02) (3.490899e-02 2.409817e-04 7.667839e-04)) ((1.220792e-03 2.717708e-01 -4.102096e-03) (-1.249974e-05 7.811940e-04 2.293891e-05))
1.62          	((8.465599e+00 1.026845e-03 -8.470808e-02) (3.691581e-02 2.475203e-04 7.841607e-04)) ((1.230916e-03 2.668144e-01 -4.081018e-03) (-1.235465e-05 8.269285e-04 2.465679e-05))
1.63          	((8.331957e+00 3.435058e-04 -8.953281e-02) (3.886578e-02 2.535033e-04 8.016416e-04)) ((1.238057e-03 2.612589e-01 -3.981651e-03) (-1.219416e-05 8.711455e-04 2.639382e-05))
1.64          	((8.185390e+00 2.293336e-04 -9.453916e-02) (4.075430e-02 2.592020e-04 8.191134e-04)) ((1.238655e-03 2.551704e-01 -3.874034e-03) (-1.197614e-05 9.138290e-04 2.792972e-05))
1.65          	((8.024998e+00 -6.844215e-04 -9.796488e-02) (4.257908e-02 2.658739e-04 8.375767e-04)) ((1.284247e-03 2.485193e-01 -3.741595e-03) (-1.169330e-05 9.549389e-04 2.926741e-05))
1.66          	((7.851666e+00 -1.568707e-03 -1.019194e-01) (4.433765e-02 2.724750e-04 8.566713e-04)) ((1.297735e-03 2.413580e-01 -3.625546e-03) (-1.135109e-05 9.943852e-04 3.054449e-05))
1.67          	((7.665160e+00 -1.890450e-03 -1.072079e-01) (4.602608e-02 2.785805e-04 8.760647e-04)) ((1.304636e-03 2.338307e-01 -3.527216e-03) (-1.086007e-05 1.031982e-03 3.163384e-05))
1.68          	((7.466203e+00 -2.449867e-03 -1.117504e-01) (4.764172e-02 2.853563e-04 8.947270e-04)) ((1.457972e-03 2.257463e-01 -3.454006e-03) (-1.026081e-05 1.067685e-03 3.276579e-05))
1.69          	((7.253948e+00 -3.787202e-03 -1.165750e-01) (4.917908e-02 2.930266e-04 9.126953e-04)) ((1.471973e-03 2.172594e-01 -3.287774e-03) (-9.608905e-06 1.101449e-03 3.383305e-05))
1.7           	((7.029098e+00 -4.056734e-03 -1.214344e-01) (5.063855e-02 3.007297e-04 9.294046e-04)) ((1.505633e-03 2.083611e-01 -3.092263e-03) (-8.925722e-06 1.133322e-03 3.487076e-05))
1.71          	((6.790960e+00 -4.766685e-03 -1.243489e-01) (5.201688e-02 3.078418e-04 9.446662e-04)) ((1.568953e-03 1.990965e-01 -2.977862e-03) (-8.132449e-06 1.162938e-03 3.572082e-05))
1.72          	((6.540336e+00 -5.459864e-03 -1.285487e-01) (5.330937e-02 3.156217e-04 9.581195e-04)) ((1.489000e-03 1.895138e-01 -2.948934e-03) (-7.398256e-06 1.190557e-03 3.645908e-05))
1.73          	((6.276904e+00 -5.951082e-03 -1.313052e-01) (5.451255e-02 3.221987e-04 9.703421e-04)) ((1.532885e-03 1.794956e-01 -2.857597e-03) (-6.774321e-06 1.215921e-03 3.742992e-05))
1.74          	((6.000874e+00 -6.274659e-03 -1.339960e-01) (5.562315e-02 3.302893e-04 9.799939e-04)) ((1.555684e-03 1.692153e-01 -2.801872e-03) (-6.189014e-06 1.239078e-03 3.829644e-05))
1.75          	((5.713646e+00 -6.383335e-03 -1.360567e-01) (5.663890e-02 3.381139e-04 9.882560e-04)) ((1.593192e-03 1.586571e-01 -2.778439e-03) (-5.683801e-06 1.259917e-03 3.940169e-05))
1.76          	((5.415388e+00 -7.330443e-03 -1.380827e-01) (5.755699e-02 3.464008e-04 9.954245e-04)) ((1.615691e-03 1.477178e-01 -2.715152e-03) (-5.262864e-06 1.278525e-03 4.055680e-05))
1.77          	((5.105549e+00 -8.000187e-03 -1.394428e-01) (5.837507e-02 3.530995e-04 1.000169e-03)) ((1.674835e-03 1.364611e-01 -2.620513e-03) (-4.878032e-06 1.294765e-03 4.171543e-05))
1.78          	((4.784627e+00 -8.418589e-03 -1.404084e-01) (5.908932e-02 3.601362e-04 1.004420e-03)) ((1.681019e-03 1.248603e-01 -2.610193e-03) (-4.520291e-06 1.308900e-03 4.303443e-05))
1.79          	((4.454198e+00 -8.657632e-03 -1.412805e-01) (5.969929e-02 3.662068e-04 1.007416e-03)) ((1.732157e-03 1.130410e-01 -2.554942e-03) (-4.321131e-06 1.320711e-03 4.437405e-05))
1.8           	((4.113480e+00 -9.054202e-03 -1.411075e-01) (6.019965e-02 3.719580e-04 1.008476e-03)) ((1.653691e-03 1.011617e-01 -2.421844e-03) (-4.092019e-06 1.330115e-03 4.561371e-05))
1.81          	((3.763972e+00 -9.269198e-03 -1.401847e-01) (6.059102e-02 3.767558e-04 1.008827e-03)) ((1.567168e-03 8.906811e-02 -2.357476e-03) (-3.905744e-06 1.337293e-03 4.668230e-05))
1.82          	((3.406295e+00 -9.210258e-03 -1.384404e-01) (6.086889e-02 3.812951e-04 1.006546e-03)) ((1.575173e-03 7.673119e-02 -2.172843e-03) (-3.618917e-06 1.342048e-03 4.785583e-05))
1.83          	((3.041419e+00 -9.011326e-03 -1.362296e-01) (6.103431e-02 3.853848e-04 1.003400e-03)) ((1.563322e-03 6.426050e-02 -2.080144e-03) (-3.290072e-06 1.344469e-03 4.878005e-05))
1.84          	((2.670260e+00 -9.484538e-03 -1.335471e-01) (6.108531e-02 3.877197e-04 1.000527e-03)) ((1.538889e-03 5.168221e-02 -1.823351e-03) (-2.961053e-06 1.344502e-03 4.960095e-05))
1.85          	((2.292308e+00 -9.248212e-03 -1.310703e-01) (6.101826e-02 3.889083e-04 9.966239e-04)) ((1.398413e-03 3.896612e-02 -1.686486e-03) (-2.637009e-06 1.342125e-03 5.047099e-05))
1.86          	((1.909469e+00 -9.067892e-03 -1.273893e-01) (6.083371e-02 3.899121e-04 9.928742e-04)) ((1.353925e-03 2.609841e-02 -1.531282e-03) (-2.180977e-06 1.337453e-03 5.100762e-05))
1.87          	((1.521582e+00 -9.143365e-03 -1.225824e-01) (6.053203e-02 3.897981e-04 9.888147e-04)) ((1.386075e-03 1.320692e-02 -1.415914e-03) (-1.787143e-06 1.330279e-03 5.152499e-05))
1.88          	((1.130181e+00 -8.623277e-03 -1.174104e-01) (6.011507e-02 3.890375e-04 9.850544e-04)) ((1.255116e-03 3.512151e-04 -1.265008e-03) (-1.429417e-06 1.320867e-03 5.186966e-05))
1.89          	((7.351108e-01 -8.391967e-03 -1.121554e-01) (5.958281e-02 3.876374e-04 9.827611e-04)) ((1.175173e-03 -1.260843e-02 -1.101016e-03) (-9.658061e-07 1.309163e-03 5.217488e-05))
1.9           	((3.380031e-01 -8.254611e-03 -1.060646e-01) (5.893404e-02 3.858182e-04 9.805549e-04)) ((1.116641e-03 -2.539830e-02 -8.198319e-04) (-5.209653e-07 1.295195e-03 5.211667e-05))
1.91          	((-6.075160e-02 -7.982967e-03 -9.979883e-02) (5.817047e-02 3.826400e-04 9.782396e-04)) ((1.098920e-03 -3.813543e-02 -5.267676e-04) (-8.723104e-08 1.278635e-03 5.190170e-05))
1.92          	((-4.610303e-01 -7.805602e-03 -9.370807e-02) (5.729396e-02 3.793399e-04 9.774578e-04)) ((1.038344e-03 -5.077798e-02 -2.645647e-04) (3.602619e-07 1.259846e-03 5.145969e-05))
1.93          	((-8.616167e-01 -7.677463e-03 -8.732192e-02) (5.630536e-02 3.747272e-04 9.765810e-04)) ((1.008558e-03 -6.334652e-02 -5.811566e-05) (9.172216e-07 1.238681e-03 5.083044e-05))
1.94          	((-1.260658e+00 -7.240852e-03 -7.801955e-02) (5.520743e-02 3.693922e-04 9.764904e-04)) ((9.274328e-04 -7.573827e-02 1.859078e-04) (1.548324e-06 1.215140e-03 5.008713e-05))
1.95          	((-1.656707e+00 -6.981051e-03 -7.061197e-02) (5.400440e-02 3.639583e-04 9.780223e-04)) ((8.660679e-04 -8.801045e-02 3.273703e-04) (2.218823e-06 1.189362e-03 4.896006e-05))
1.96          	((-2.048167e+00 -6.302085e-03 -6.480816e-02) (5.269828e-02 3.570658e-04 9.797425e-04)) ((7.180375e-04 -1.001078e-01 4.833249e-04) (2.772936e-06 1.161458e-03 4.765830e-05))
1.97          	((-2.435887e+00 -6.147731e-03 -5.786714e-02) (5.129150e-02 3.499291e-04 9.818899e-04)) ((5.674646e-04 -1.119623e-01 7.063604e-04) (3.316366e-06 1.131308e-03 4.641667e-05))
1.98          	((-2.817789e+00 -6.866903e-03 -5.131355e-02) (4.978861e-02 3.421555e-04 9.846062e-04)) ((5.289253e-04 -1.235119e-01 8.778512e-04) (3.940872e-06 1.099125e-03 4.488226e-05))
1.99          	((-3.194434e+00 -6.413370e-03 -4.374261e-02) (4.819180e-02 3.342789e-04 9.876974e-04)) ((4.606462e-04 -1.348681e-01 1.036611e-03) (4.564504e-06 1.064786e-03 4.307926e-05))
2             	((-3.566102e+00 -5.917004e-03 -3.810461e-02) (4.650551e-02 3.257140e-04 9.909825e-04)) ((3.786541e-04 -1.460211e-01 1.228004e-03) (5.167039e-06 1.028516e-03 4.124566e-05))
2.01          	((-3.930935e+00 -5.777004e-03 -3.161221e-02) (4.473370e-02 3.169354e-04 9.940003e-04)) ((3.428836e-04 -1.568508e-01 1.484363e-03) (5.769796e-06 9.903225e-04 3.924944e-05))
2.02          	((-4.288309e+00 -5.343585e-03 -2.454949e-02) (4.288013e-02 3.076711e-04 9.971980e-04)) ((2.194319e-04 -1.674115e-01 1.723534e-03) (6.416691e-06 9.502997e-04 3.730085e-05))
2.03          	((-4.638182e+00 -5.240583e-03 -1.815086e-02) (4.094802e-02 2.988579e-04 1.000374e-03)) ((1.567410e-04 -1.777160e-01 1.876494e-03) (7.135919e-06 9.083720e-04 3.500282e-05))
2.04          	((-4.979058e+00 -5.005816e-03 -1.312769e-02) (3.894243e-02 2.907554e-04 1.004253e-03)) ((6.001003e-05 -1.876096e-01 2.033587e-03) (7.702685e-06 8.646130e-04 3.278623e-05))
2.05          	((-5.309813e+00 -4.871312e-03 -6.870732e-03) (3.686801e-02 2.839937e-04 1.008481e-03)) ((-5.924973e-05 -1.972666e-01 2.250537e-03) (8.280738e-06 8.191801e-04 3.069563e-05))
2.06          	((-5.629760e+00 -4.495719e-03 -1.030419e-03) (3.473000e-02 2.769205e-04 1.013087e-03)) ((-1.683133e-04 -2.065990e-01 2.317157e-03) (8.912808e-06 7.720383e-04 2.886262e-05))
2.07          	((-5.938242e+00 -4.918504e-03 5.661494e-03) (3.253195e-02 2.705445e-04 1.017123e-03)) ((-2.661783e-04 -2.154072e-01 2.424384e-03) (9.481692e-06 7.233752e-04 2.696402e-05))
2.08          	((-6.234667e+00 -4.083286e-03 1.028359e-02) (3.027975e-02 2.647183e-04 1.021062e-03)) ((-2.993069e-04 -2.237667e-01 2.542305e-03) (9.959975e-06 6.733475e-04 2.519566e-05))
2.09          	((-6.518260e+00 -3.585140e-03 1.588215e-02) (2.797925e-02 2.591973e-04 1.024877e-03)) ((-4.249446e-04 -2.318455e-01 2.678924e-03) (1.041667e-05 6.220216e-04 2.342781e-05))
2.1           	((-6.789323e+00 -3.847815e-03 2.029022e-02) (2.563461e-02 2.539615e-04 1.028714e-03)) ((-5.203342e-04 -2.393904e-01 2.784866e-03) (1.077013e-05 5.695430e-04 2.159904e-05))
2.11          	((-7.045478e+00 -3.568681e-03 2.564484e-02) (2.325030e-02 2.479192e-04 1.032883e-03)) ((-5.497613e-04 -2.464592e-01 2.844499e-03) (1.109867e-05 5.159651e-04 1.982242e-05))
2.12          	((-7.288429e+00 -2.578760e-03 3.027057e-02) (2.083241e-02 2.419286e-04 1.037391e-03)) ((-5.665459e-04 -2.530783e-01 2.937512e-03) (1.138442e-05 4.614462e-04 1.805153e-05))
2.13          	((-7.515853e+00 -2.224820e-03 3.340980e-02) (1.838551e-02 2.361700e-04 1.042423e-03)) ((-6.279013e-04 -2.591792e-01 3.188242e-03) (1.171659e-05 4.058532e-04 1.628150e-05))
2.14          	((-7.729077e+00 -2.193242e-03 3.818150e-02) (1.591253e-02 2.300463e-04 1.047534e-03)) ((-7.807035e-04 -2.647333e-01 3.147690e-03) (1.215753e-05 3.494882e-04 1.447406e-05))
2.15          	((-7.926028e+00 -2.827035e-03 4.265165e-02) (1.341916e-02 2.238800e-04 1.052753e-03)) ((-7.646669e-04 -2.697802e-01 3.129784e-03) (1.270932e-05 2.924840e-04 1.268360e-05))
2.16          	((-8.106351e+00 -1.811697e-03 4.608764e-02) (1.090997e-02 2.177860e-04 1.058787e-03)) ((-8.928123e-04 -2.746048e-01 3.351572e-03) (1.329898e-05 2.349498e-04 1.113262e-05))
2.17          	((-8.270389e+00 -1.724050e-03 4.819651e-02) (8.390198e-03 2.116905e-04 1.065796e-03)) ((-8.358410e-04 -2.789261e-01 3.255482e-03) (1.391124e-05 1.769724e-04 9.785206e-06))
2.18          	((-8.418809e+00 -3.372363e-03 5.388392e-02) (5.864290e-03 2.054539e-04 1.074042e-03)) ((-8.363289e-04 -2.826114e-01 3.237281e-03) (1.460232e-05 1.185107e-04 8.402744e-06))
2.19          	((-8.552168e+00 -2.047224e-03 5.728840e-02) (3.336794e-03 1.987272e-04 1.083335e-03)) ((-7.357701e-04 -2.859911e-01 3.398377e-03) (1.518825e-05 5.973831e-05 7.033996e-06))
2.2           	((-8.667452e+00 -1.589727e-03 5.999073e-02) (8.126007e-04 1.917200e-04 1.093177e-03)) ((-7.706542e-04 -2.887268e-01 3.399432e-03) (1.563771e-05 1.016814e-06 5.899589e-06))
2.21          	((-8.770925e+00 -2.961538e-04 5.923665e-02) (-1.704470e-03 1.832470e-04 1.104414e-03)) ((-7.824315e-04 -2.907161e-01 3.333825e-03) (1.601529e-05 -5.781383e-05 4.970473e-06))
2.22          	((-8.856956e+00 -1.865558e-03 6.223008e-02) (-4.212552e-03 1.747485e-04 1.117414e-03)) ((-8.381744e-04 -2.926939e-01 3.530427e-03) (1.652750e-05 -1.166381e-04 4.268927e-06))
2.23          	((-8.928071e+00 -9.253488e-04 6.395153e-02) (-6.708502e-03 1.655635e-04 1.133196e-03)) ((-8.602146e-04 -2.937614e-01 3.603352e-03) (1.688432e-05 -1.750815e-04 3.760998e-06))
2.24          	((-8.983961e+00 -1.832845e-03 6.632993e-02) (-9.188738e-03 1.575229e-04 1.149258e-03)) ((-8.606409e-04 -2.938031e-01 3.877642e-03) (1.713258e-05 -2.331649e-04 3.344085e-06))
2.25          	((-9.035340e+00 -1.572037e-03 6.815968e-02) (-1.165073e-02 1.494557e-04 1.164807e-03)) ((-8.496162e-04 -2.953410e-01 3.596373e-03) (1.752104e-05 -2.909107e-04 3.093658e-06))
2.26          	((-9.104496e+00 -3.513986e-03 9.830325e-02) (-1.409475e-02 1.393583e-04 1.184129e-03)) ((-8.753517e-04 -2.924078e-01 3.674796e-03) (1.790214e-05 -3.481221e-04 2.642463e-06))
2.27          	((-9.025235e+00 -6.595268e-04 2.690706e-02) (-1.648997e-02 1.285430e-04 1.204632e-03)) ((-9.309602e-04 -2.926737e-01 3.762022e-03) (1.820844e-05 -4.047474e-04 2.401596e-06))
2.28          	((-9.097106e+00 1.489953e-04 5.759776e-02) (-1.885936e-02 1.169107e-04 1.228304e-03)) ((-9.428885e-04 -2.943568e-01 3.895321e-03) (1.860817e-05 -4.606600e-04 2.337324e-06))
2.29          	((-9.091730e+00 1.291361e-03 5.996924e-02) (-2.119932e-02 1.058226e-04 1.254004e-03)) ((-9.096678e-04 -2.928321e-01 4.057298e-03) (1.904184e-05 -5.159493e-04 2.478654e-06))
2.3           	((-9.066336e+00 4.820278e-04 5.749706e-02) (-2.350698e-02 9.494756e-05 1.281045e-03)) ((-9.153589e-04 -2.907386e-01 4.114228e-03) (1.936028e-05 -5.703277e-04 2.701075e-06))
2.31          	((-9.025075e+00 -7.180739e-04 5.556983e-02) (-2.577874e-02 8.369422e-05 1.309893e-03)) ((-9.035842e-04 -2.883291e-01 4.043537e-03) (1.952395e-05 -6.238989e-04 2.921958e-06))
2.32          	((-8.969390e+00 -5.854884e-04 5.360213e-02) (-2.801181e-02 7.261438e-05 1.339304e-03)) ((-8.421940e-04 -2.855842e-01 4.114399e-03) (1.964328e-05 -6.766151e-04 3.142175e-06))
2.33          	((-8.903948e+00 -2.171467e-04 5.302201e-02) (-3.020406e-02 6.146118e-05 1.369102e-03)) ((-8.592395e-04 -2.823099e-01 4.025550e-03) (1.977139e-05 -7.283485e-04 3.372181e-06))
2.34          	((-8.825302e+00 -1.415469e-04 5.143807e-02) (-3.235375e-02 5.051513e-05 1.400951e-03)) ((-8.624716e-04 -2.785090e-01 4.003590e-03) (1.988070e-05 -7.789359e-04 3.835224e-06))
2.35          	((-8.732167e+00 4.755595e-05 4.764680e-02) (-3.445836e-02 3.893112e-05 1.433256e-03)) ((-8.239212e-04 -2.744039e-01 4.034227e-03) (2.001641e-05 -8.282005e-04 4.228665e-06))
2.36          	((-8.625380e+00 -1.995439e-04 4.282837e-02) (-3.651433e-02 2.756008e-05 1.467501e-03)) ((-7.897956e-04 -2.697430e-01 4.087828e-03) (1.999094e-05 -8.761516e-04 4.522554e-06))
2.37          	((-8.505084e+00 7.146637e-04 3.964672e-02) (-3.851801e-02 1.618473e-05 1.502996e-03)) ((-7.988568e-04 -2.645523e-01 4.100351e-03) (1.995567e-05 -9.226445e-04 5.033050e-06))
2.38          	((-8.372806e+00 7.734421e-04 3.607064e-02) (-4.046819e-02 3.997218e-06 1.538666e-03)) ((-7.893258e-04 -2.587718e-01 3.996840e-03) (1.978698e-05 -9.674202e-04 5.322514e-06))
2.39          	((-8.227334e+00 1.360777e-03 3.122719e-02) (-4.236147e-02 -8.089492e-06 1.574845e-03)) ((-8.967411e-04 -2.526294e-01 3.954147e-03) (1.955979e-05 -1.010418e-03 5.528041e-06))
2.4           	((-8.068570e+00 1.658477e-03 2.692956e-02) (-4.419274e-02 -1.915432e-05 1.611328e-03)) ((-1.033408e-03 -2.459722e-01 3.877309e-03) (1.929621e-05 -1.051708e-03 5.409055e-06))
2.41          	((-7.895635e+00 1.959648e-03 2.172284e-02) (-4.596080e-02 -2.936470e-05 1.645385e-03)) ((-1.056028e-03 -2.386885e-01 3.752395e-03) (1.884495e-05 -1.091240e-03 5.046912e-06))
2.42          	((-7.709470e+00 2.344906e-03 1.740253e-02) (-4.766005e-02 -3.932282e-05 1.677737e-03)) ((-1.046454e-03 -2.309649e-01 3.555908e-03) (1.827807e-05 -1.128774e-03 4.538907e-06))
2.43          	((-7.509960e+00 2.836817e-03 1.261941e-02) (-4.928737e-02 -4.861754e-05 1.707546e-03)) ((-1.129478e-03 -2.228040e-01 3.431216e-03) (1.769586e-05 -1.164202e-03 3.817907e-06))
2.44          	((-7.296877e+00 3.024421e-03 9.175534e-03) (-5.083951e-02 -5.719804e-05 1.735284e-03)) ((-1.222253e-03 -2.142363e-01 3.299365e-03) (1.718555e-05 -1.197338e-03 3.082665e-06))
2.45          	((-7.070437e+00 3.449884e-03 4.999401e-03) (-5.231295e-02 -6.587700e-05 1.760984e-03)) ((-1.243611e-03 -2.052844e-01 3.133678e-03) (1.658058e-05 -1.228289e-03 2.077398e-06))
2.46          	((-6.831597e+00 3.656320e-03 -2.949566e-04) (-5.370392e-02 -7.442721e-05 1.783953e-03)) ((-1.272930e-03 -1.959422e-01 2.910696e-03) (1.593424e-05 -1.257141e-03 1.042608e-06))
2.47          	((-6.580283e+00 3.963184e-03 -4.469588e-03) (-5.500725e-02 -8.291942e-05 1.803348e-03)) ((-1.336506e-03 -1.861479e-01 2.780459e-03) (1.528240e-05 -1.283656e-03 -3.127581e-07))
2.48          	((-6.316155e+00 4.375228e-03 -9.438627e-03) (-5.622128e-02 -9.017549e-05 1.819142e-03)) ((-1.448040e-03 -1.760508e-01 2.596831e-03) (1.465353e-05 -1.308011e-03 -1.698116e-06))
2.49          	((-6.038913e+00 4.242699e-03 -1.351242e-02) (-5.733897e-02 -9.783056e-05 1.831728e-03)) ((-1.535709e-03 -1.656929e-01 2.416611e-03) (1.407914e-05 -1.330035e-03 -2.942489e-06))
2.5           	((-5.750019e+00 4.051375e-03 -1.667388e-02) (-5.836043e-02 -1.050368e-04 1.841270e-03)) ((-1.539172e-03 -1.550703e-01 2.221796e-03) (1.348012e-05 -1.349821e-03 -4.419889e-06))
2.51          	((-5.450220e+00 3.977279e-03 -1.975327e-02) (-5.928318e-02 -1.126286e-04 1.847525e-03)) ((-1.599515e-03 -1.441074e-01 2.040324e-03) (1.282072e-05 -1.367455e-03 -5.818201e-06))
2.52          	((-5.138747e+00 3.415744e-03 -2.351676e-02) (-6.010412e-02 -1.190945e-04 1.850544e-03)) ((-1.659305e-03 -1.329444e-01 1.840733e-03) (1.206914e-05 -1.382863e-03 -7.131436e-06))
2.53          	((-4.817077e+00 2.922897e-03 -2.728231e-02) (-6.081857e-02 -1.251636e-04 1.850927e-03)) ((-1.718321e-03 -1.215174e-01 1.683624e-03) (1.139740e-05 -1.395988e-03 -8.553774e-06))
2.54          	((-4.485016e+00 2.854414e-03 -2.996160e-02) (-6.142519e-02 -1.301589e-04 1.848316e-03)) ((-1.721051e-03 -1.098694e-01 1.563333e-03) (1.077789e-05 -1.406750e-03 -1.009255e-05))
2.55          	((-4.143637e+00 2.920886e-03 -3.178822e-02) (-6.192195e-02 -1.343022e-04 1.842689e-03)) ((-1.638681e-03 -9.797290e-02 1.520486e-03) (1.015054e-05 -1.415317e-03 -1.201646e-05))
2.56          	((-3.793172e+00 3.334928e-03 -3.423852e-02) (-6.230722e-02 -1.374239e-04 1.836314e-03)) ((-1.709229e-03 -8.595308e-02 1.446810e-03) (9.651325e-06 -1.421669e-03 -1.372700e-05))
2.57          	((-3.434517e+00 3.306406e-03 -3.560754e-02) (-6.257749e-02 -1.406575e-04 1.828443e-03)) ((-1.742601e-03 -7.364651e-02 1.262602e-03) (8.976110e-06 -1.425639e-03 -1.540776e-05))
2.58          	((-3.068261e+00 3.019358e-03 -3.633857e-02) (-6.273395e-02 -1.417215e-04 1.819216e-03)) ((-1.670750e-03 -6.125870e-02 1.108449e-03) (8.221252e-06 -1.427288e-03 -1.697281e-05))
2.59          	((-2.695153e+00 2.767042e-03 -3.604116e-02) (-6.277451e-02 -1.423550e-04 1.810323e-03)) ((-1.672396e-03 -4.877150e-02 9.474562e-04) (7.438461e-06 -1.426554e-03 -1.837430e-05))
2.6           	((-2.316364e+00 2.535408e-03 -3.609807e-02) (-6.269753e-02 -1.424129e-04 1.800383e-03)) ((-1.634003e-03 -3.608963e-02 7.356735e-04) (6.629916e-06 -1.423529e-03 -1.958496e-05))
2.61          	((-1.932047e+00 2.948487e-03 -3.534178e-02) (-6.250433e-02 -1.416345e-04 1.790117e-03)) ((-1.653647e-03 -2.347227e-02 5.400274e-04) (5.863425e-06 -1.418057e-03 -2.085364e-05))
2.62          	((-1.542383e+00 3.365136e-03 -3.458090e-02) (-6.219538e-02 -1.395902e-04 1.779867e-03)) ((-1.677974e-03 -1.070014e-02 3.422612e-04) (5.122420e-06 -1.410210e-03 -2.208076e-05))
2.63          	((-1.149845e+00 3.912721e-03 -3.314770e-02) (-6.176859e-02 -1.367156e-04 1.769315e-03)) ((-1.647054e-03 2.079758e-03 1.644025e-04) (4.262813e-06 -1.399815e-03 -2.314178e-05))
2.64          	((-7.542096e-01 4.323024e-03 -3.158620e-02) (-6.122637e-02 -1.330806e-04 1.758386e-03)) ((-1.569401e-03 1.482562e-02 -1.237240e-05) (3.364143e-06 -1.387023e-03 -2.425206e-05))
2.65          	((-3.565914e-01 4.695173e-03 -3.017625e-02) (-6.056922e-02 -1.287318e-04 1.746943e-03)) ((-1.570744e-03 2.757178e-02 -1.930817e-04) (2.394490e-06 -1.371766e-03 -2.501819e-05))
2.66          	((4.288959e-02 5.085357e-03 -2.789665e-02) (-5.980035e-02 -1.240361e-04 1.734717e-03)) ((-1.542809e-03 4.018007e-02 -3.772942e-04) (1.409255e-06 -1.354049e-03 -2.550838e-05))
2.67          	((4.440981e-01 5.559601e-03 -2.472832e-02) (-5.891754e-02 -1.180498e-04 1.721801e-03)) ((-1.435700e-03 5.278696e-02 -5.073975e-04) (3.413502e-07 -1.334034e-03 -2.594226e-05))
2.68          	((8.450624e-01 5.490311e-03 -2.198697e-02) (-5.792258e-02 -1.115026e-04 1.709391e-03)) ((-1.341608e-03 6.528714e-02 -6.764089e-04) (-7.011552e-07 -1.311591e-03 -2.636470e-05))
2.69          	((1.244246e+00 6.169024e-03 -2.028086e-02) (-5.682018e-02 -1.032253e-04 1.695889e-03)) ((-1.281384e-03 7.764413e-02 -8.268732e-04) (-1.721456e-06 -1.286896e-03 -2.671005e-05))
2.7           	((1.640158e+00 6.623966e-03 -1.904372e-02) (-5.561067e-02 -9.475290e-05 1.682156e-03)) ((-1.273282e-03 8.981603e-02 -9.447434e-04) (-2.743293e-06 -1.259856e-03 -2.667887e-05))
2.71          	((2.031487e+00 6.961270e-03 -1.732630e-02) (-5.429813e-02 -8.677748e-05 1.667887e-03)) ((-1.151033e-03 1.017355e-01 -1.115495e-03) (-3.661803e-06 -1.230582e-03 -2.659841e-05))
2.72          	((2.418117e+00 7.101972e-03 -1.613538e-02) (-5.288581e-02 -7.805894e-05 1.653782e-03)) ((-1.037414e-03 1.134947e-01 -1.239398e-03) (-4.477257e-06 -1.199246e-03 -2.636090e-05))
2.73          	((2.800090e+00 7.227836e-03 -1.514904e-02) (-5.137665e-02 -6.904032e-05 1.639450e-03)) ((-9.890574e-04 1.249935e-01 -1.360271e-03) (-5.334607e-06 -1.165609e-03 -2.609595e-05))
2.74          	((3.176568e+00 7.409843e-03 -1.493598e-02) (-4.977277e-02 -5.964264e-05 1.624794e-03)) ((-8.742781e-04 1.362944e-01 -1.473128e-03) (-6.106847e-06 -1.129934e-03 -2.572578e-05))
2.75          	((3.548036e+00 7.751580e-03 -1.386999e-02) (-4.808150e-02 -4.978370e-05 1.609851e-03)) ((-7.509587e-04 1.474100e-01 -1.513532e-03) (-6.847980e-06 -1.092219e-03 -2.524890e-05))
2.76          	((3.912738e+00 7.711350e-03 -1.324196e-02) (-4.630454e-02 -4.032233e-05 1.594871e-03)) ((-6.551742e-04 1.582385e-01 -1.631281e-03) (-7.488194e-06 -1.052645e-03 -2.484064e-05))
2.77          	((4.270113e+00 7.263405e-03 -1.214023e-02) (-4.444630e-02 -2.964431e-05 1.580476e-03)) ((-4.434683e-04 1.687292e-01 -1.707351e-03) (-8.042040e-06 -1.011122e-03 -2.444125e-05))
2.78          	((4.619837e+00 8.023635e-03 -1.022840e-02) (-4.251065e-02 -1.939281e-05 1.565519e-03)) ((-3.011657e-04 1.789037e-01 -1.768360e-03) (-8.604572e-06 -9.676658e-04 -2.401598e-05))
2.79          	((4.959456e+00 8.687986e-03 -8.486548e-03) (-4.050172e-02 -9.554293e-06 1.550449e-03)) ((-2.668393e-04 1.887669e-01 -1.804399e-03) (-9.000286e-06 -9.224610e-04 -2.370381e-05))
2.8           	((5.289851e+00 8.315929e-03 -6.916250e-03) (-3.842263e-02 1.205568e-06 1.535093e-03)) ((-7.906133e-05 1.983788e-01 -1.884468e-03) (-9.309681e-06 -8.756719e-04 -2.327723e-05))
2.81          	((5.609433e+00 7.486270e-03 -5.857560e-03) (-3.628016e-02 1.178116e-05 1.519271e-03)) ((6.549616e-05 2.075699e-01 -2.085439e-03) (-9.583788e-06 -8.273599e-04 -2.276715e-05))
2.82          	((5.918286e+00 6.732991e-03 -5.368436e-03) (-3.407851e-02 2.246025e-05 1.503469e-03)) ((2.538470e-04 2.164218e-01 -2.163538e-03) (-9.794394e-06 -7.775985e-04 -2.219093e-05))
2.83          	((6.214239e+00 6.020209e-03 -4.532889e-03) (-3.182248e-02 3.252867e-05 1.487350e-03)) ((3.170884e-04 2.247268e-01 -2.248284e-03) (-9.916264e-06 -7.265519e-04 -2.164492e-05))
2.84          	((6.498119e+00 5.702800e-03 -3.401568e-03) (-2.951790e-02 4.263307e-05 1.471243e-03)) ((3.931789e-04 2.325740e-01 -2.368935e-03) (-1.010586e-05 -6.741796e-04 -2.107096e-05))
2.85          	((6.769450e+00 5.883235e-03 -3.302618e-03) (-2.716893e-02 5.248519e-05 1.456353e-03)) ((5.603197e-04 2.401413e-01 -2.423853e-03) (-1.029394e-05 -6.206530e-04 -2.040522e-05))
2.86          	((7.026031e+00 5.927674e-03 -3.818751e-03) (-2.478109e-02 6.218195e-05 1.441723e-03)) ((6.409609e-04 2.472518e-01 -2.485197e-03) (-1.042019e-05 -5.661443e-04 -1.967635e-05))
2.87          	((7.268972e+00 6.506564e-03 -2.747162e-03) (-2.235954e-02 7.105416e-05 1.426983e-03)) ((8.759319e-04 2.540796e-01 -2.590598e-03) (-1.053016e-05 -5.105892e-04 -1.885018e-05))
2.88          	((7.496789e+00 6.612436e-03 -2.323312e-03) (-1.990828e-02 7.960113e-05 1.411583e-03)) ((9.158020e-04 2.600573e-01 -2.698669e-03) (-1.060851e-05 -4.540860e-04 -1.784804e-05))
2.89          	((7.709604e+00 5.519598e-03 -4.709435e-04) (-1.743224e-02 8.836867e-05 1.396355e-03)) ((1.040618e-03 2.657410e-01 -2.722359e-03) (-1.070940e-05 -3.968323e-04 -1.673015e-05))
2.9           	((7.907214e+00 4.378827e-03 -1.716038e-03) (-1.493661e-02 9.747403e-05 1.381816e-03)) ((1.062852e-03 2.707420e-01 -3.025032e-03) (-1.084263e-05 -3.389470e-04 -1.567952e-05))
2.91          	((8.089556e+00 4.758823e-03 -3.698432e-03) (-1.242626e-02 1.058204e-04 1.366818e-03)) ((1.122919e-03 2.754705e-01 -3.065968e-03) (-1.099614e-05 -2.805409e-04 -1.455064e-05))
2.92          	((8.254364e+00 4.403924e-03 -4.875387e-03) (-9.904499e-03 1.144209e-04 1.352090e-03)) ((1.330302e-03 2.796403e-01 -3.091257e-03) (-1.126164e-05 -2.218622e-04 -1.331677e-05))
2.93          	((8.402561e+00 3.527036e-03 -4.946302e-03) (-7.376023e-03 1.239772e-04 1.338510e-03)) ((1.306384e-03 2.831899e-01 -3.222904e-03) (-1.142115e-05 -1.627948e-04 -1.187776e-05))
2.94          	((8.536112e+00 4.890502e-03 -3.739822e-03) (-4.845896e-03 1.330803e-04 1.326159e-03)) ((1.239004e-03 2.861940e-01 -3.212827e-03) (-1.157025e-05 -1.036587e-04 -1.027093e-05))
2.95          	((8.654270e+00 4.068779e-03 -1.775675e-03) (-2.318989e-03 1.415883e-04 1.315163e-03)) ((1.248579e-03 2.886844e-01 -3.438988e-03) (-1.175122e-05 -4.448329e-05 -8.546908e-06))
2.96          	((8.756213e+00 4.212759e-03 -4.896562e-03) (2.022358e-04 1.509480e-04 1.305519e-03)) ((1.308868e-03 2.911360e-01 -3.331741e-03) (-1.195262e-05 1.473919e-05 -6.773142e-06))
2.97          	((8.842913e+00 5.597334e-03 -7.686547e-03) (2.713941e-03 1.593063e-04 1.298342e-03)) ((1.209305e-03 2.931973e-01 -3.346320e-03) (-1.190019e-05 7.387663e-05 -5.177969e-06))
2.98          	((8.914413e+00 4.528793e-03 -8.945609e-03) (5.211467e-03 1.678724e-04 1.293643e-03)) ((1.351613e-03 2.942877e-01 -3.557989e-03) (-1.187301e-05 1.325479e-04 -3.514118e-06))
2.99          	((8.972709e+00 3.395965e-03 -1.674316e-02) (7.692685e-03 1.761312e-04 1.291140e-03)) ((1.332029e-03 2.954532e-01 -3.386726e-03) (-1.180399e-05 1.906297e-04 -2.083146e-06))
3             	((9.023780e+00 2.156953e-03 -2.629922e-02) (1.015610e-02 1.854539e-04 1.288549e-03)) ((1.359695e-03 2.962363e-01 -3.733238e-03) (-1.189052e-05 2.481204e-04 -4.289361e-07))
3.01          	((9.074188e+00 2.168293e-03 1.575403e-02) (1.260149e-02 1.932245e-04 1.291483e-03)) ((1.210436e-03 2.912279e-01 -3.389455e-03) (-1.185548e-05 3.048375e-04 1.379993e-06))
3.02          	((9.016538e+00 4.619756e-03 -5.147741e-02) (1.500151e-02 2.002851e-04 1.292918e-03)) ((8.455251e-04 2.950979e-01 -3.932717e-03) (-1.171791e-05 3.611258e-04 3.151060e-06))
3.03          	((9.072744e+00 4.131459e-03 -3.337227e-02) (1.737294e-02 2.075494e-04 1.298143e-03)) ((1.132252e-03 2.952192e-01 -3.851325e-03) (-1.159080e-05 4.166446e-04 5.053928e-06))
3.04          	((9.069814e+00 2.747212e-03 -3.316389e-02) (1.971190e-02 2.152485e-04 1.305378e-03)) ((1.128136e-03 2.937631e-01 -3.720073e-03) (-1.160139e-05 4.710690e-04 6.713222e-06))
3.05          	((9.042565e+00 2.260864e-03 -3.760609e-02) (2.201547e-02 2.237866e-04 1.313556e-03)) ((1.167153e-03 2.917870e-01 -3.812234e-03) (-1.152046e-05 5.245172e-04 8.567318e-06))
3.06          	((9.000647e+00 2.077824e-03 -4.364232e-02) (2.428104e-02 2.319161e-04 1.321157e-03)) ((1.160527e-03 2.897572e-01 -3.888517e-03) (-1.124375e-05 5.770723e-04 1.043752e-05))
3.07          	((8.946192e+00 1.740031e-03 -4.691792e-02) (2.650642e-02 2.401425e-04 1.328664e-03)) ((1.204823e-03 2.870845e-01 -3.842562e-03) (-1.111342e-05 6.285371e-04 1.229695e-05))
3.08          	((8.879776e+00 2.100847e-03 -5.182993e-02) (2.869188e-02 2.490169e-04 1.337038e-03)) ((1.180426e-03 2.838037e-01 -3.772396e-03) (-1.095907e-05 6.789338e-04 1.420398e-05))
3.09          	((8.798130e+00 2.235695e-03 -5.822100e-02) (3.083319e-02 2.569922e-04 1.347252e-03)) ((1.161834e-03 2.801010e-01 -3.681860e-03) (-1.075140e-05 7.280886e-04 1.599060e-05))
3.1           	((8.703890e+00 1.860342e-03 -6.420554e-02) (3.292683e-02 2.647055e-04 1.359294e-03)) ((1.089408e-03 2.760827e-01 -3.638837e-03) (-1.064827e-05 7.759646e-04 1.757787e-05))
3.11          	((8.597663e+00 4.223139e-04 -6.956099e-02) (3.497152e-02 2.722861e-04 1.372556e-03)) ((1.174720e-03 2.716654e-01 -3.640012e-03) (-1.049738e-05 8.223560e-04 1.910499e-05))
3.12          	((8.477998e+00 3.794966e-04 -7.680551e-02) (3.696350e-02 2.797670e-04 1.387188e-03)) ((1.180717e-03 2.667303e-01 -3.603341e-03) (-1.035806e-05 8.673398e-04 2.046347e-05))
3.13          	((8.345414e+00 -4.900172e-04 -8.206936e-02) (3.889869e-02 2.871700e-04 1.402382e-03)) ((1.203755e-03 2.611421e-01 -3.604648e-03) (-1.016001e-05 9.107469e-04 2.200563e-05))
3.14          	((8.198646e+00 -1.435324e-03 -8.710582e-02) (4.077423e-02 2.940114e-04 1.417515e-03)) ((1.231922e-03 2.549807e-01 -3.525611e-03) (-9.838111e-06 9.526511e-04 2.370719e-05))
3.15          	((8.038849e+00 -2.566336e-03 -9.278333e-02) (4.258826e-02 3.008462e-04 1.433128e-03)) ((1.260615e-03 2.482611e-01 -3.461447e-03) (-9.538884e-06 9.927757e-04 2.526950e-05))
3.16          	((7.865148e+00 -3.198674e-03 -9.765431e-02) (4.433388e-02 3.086855e-04 1.449341e-03)) ((1.327083e-03 2.409667e-01 -3.395343e-03) (-9.221965e-06 1.031138e-03 2.668658e-05))
3.17          	((7.678444e+00 -3.870000e-03 -1.029428e-01) (4.601042e-02 3.171274e-04 1.465287e-03)) ((1.432962e-03 2.331825e-01 -3.360593e-03) (-8.876917e-06 1.067519e-03 2.840068e-05))
3.18          	((7.477968e+00 -4.949897e-03 -1.076176e-01) (4.761227e-02 3.244628e-04 1.481117e-03)) ((1.524634e-03 2.248978e-01 -3.262207e-03) (-8.430047e-06 1.101802e-03 3.007982e-05))
3.19          	((7.265454e+00 -5.300935e-03 -1.123335e-01) (4.913966e-02 3.319139e-04 1.495153e-03)) ((1.508475e-03 2.162923e-01 -3.150127e-03) (-7.901949e-06 1.134102e-03 3.133911e-05))
3.2           	((7.039057e+00 -5.617771e-03 -1.169947e-01) (5.058896e-02 3.399023e-04 1.508283e-03)) ((1.487166e-03 2.072222e-01 -3.010846e-03) (-7.313138e-06 1.164308e-03 3.265340e-05))
3.21          	((6.800338e+00 -6.584250e-03 -1.227736e-01) (5.195701e-02 3.475393e-04 1.520041e-03)) ((1.610537e-03 1.978381e-01 -3.007477e-03) (-6.858344e-06 1.192477e-03 3.402198e-05))
3.22          	((6.549199e+00 -7.261577e-03 -1.270346e-01) (5.324161e-02 3.547381e-04 1.530001e-03)) ((1.659626e-03 1.880152e-01 -2.944181e-03) (-6.331923e-06 1.218528e-03 3.533200e-05))
3.23          	((6.285497e+00 -8.081936e-03 -1.302688e-01) (5.443607e-02 3.619532e-04 1.538129e-03)) ((1.647535e-03 1.778232e-01 -2.889132e-03) (-5.918947e-06 1.242176e-03 3.674047e-05))
3.24          	((6.009578e+00 -8.925373e-03 -1.333269e-01) (5.553776e-02 3.691342e-04 1.543555e-03)) ((1.678163e-03 1.674032e-01 -2.853512e-03) (-5.579823e-06 1.263728e-03 3.807193e-05))
3.25          	((5.721124e+00 -8.906806e-03 -1.358794e-01) (5.654568e-02 3.769822e-04 1.548281e-03)) ((1.725523e-03 1.566543e-01 -2.754044e-03) (-5.421410e-06 1.282915e-03 3.961482e-05))
3.26          	((5.421741e+00 -8.939397e-03 -1.388588e-01) (5.745807e-02 3.840458e-04 1.550826e-03)) ((1.682058e-03 1.455580e-01 -2.537701e-03) (-5.346405e-06 1.299931e-03 4.094526e-05))
3.27          	((5.111377e+00 -9.349155e-03 -1.408149e-01) (5.826615e-02 3.908800e-04 1.550694e-03)) ((1.682620e-03 1.341557e-01 -2.401734e-03) (-5.393623e-06 1.314503e-03 4.232879e-05))
3.28          	((4.790100e+00 -9.417929e-03 -1.431200e-01) (5.897322e-02 3.972159e-04 1.549080e-03)) ((1.733333e-03 1.225264e-01 -2.401249e-03) (-5.468519e-06 1.327008e-03 4.394191e-05))
3.29          	((4.458620e+00 -9.869368e-03 -1.453008e-01) (5.957384e-02 4.030820e-04 1.545660e-03)) ((1.756587e-03 1.107494e-01 -2.174042e-03) (-5.608946e-06 1.337194e-03 4.578159e-05))
3.3           	((4.117592e+00 -9.905728e-03 -1.450675e-01) (6.006672e-02 4.080496e-04 1.540274e-03)) ((1.721933e-03 9.871123e-02 -2.029980e-03) (-5.564427e-06 1.345241e-03 4.725593e-05))
3.31          	((3.767888e+00 -1.036060e-02 -1.450418e-01) (6.044918e-02 4.133172e-04 1.533780e-03)) ((1.644943e-03 8.641687e-02 -1.889445e-03) (-5.502190e-06 1.350944e-03 4.857715e-05))
3.32          	((3.409736e+00 -9.819070e-03 -1.441952e-01) (6.072139e-02 4.177161e-04 1.525966e-03)) ((1.594250e-03 7.394114e-02 -1.682095e-03) (-5.336494e-06 1.354663e-03 4.987099e-05))
3.33          	((3.044312e+00 -9.757513e-03 -1.412029e-01) (6.087925e-02 4.213957e-04 1.516584e-03)) ((1.513041e-03 6.137166e-02 -1.547390e-03) (-5.224523e-06 1.355728e-03 5.103005e-05))
3.34          	((2.672709e+00 -9.836058e-03 -1.384509e-01) (6.092373e-02 4.241226e-04 1.506184e-03)) ((1.459460e-03 4.868417e-02 -1.472505e-03) (-5.058463e-06 1.354504e-03 5.188655e-05))
3.35          	((2.295022e+00 -9.772575e-03 -1.353578e-01) (6.085187e-02 4.253308e-04 1.495713e-03)) ((1.475822e-03 3.592597e-02 -1.367256e-03) (-4.716061e-06 1.350921e-03 5.298763e-05))
3.36          	((1.912066e+00 -9.725958e-03 -1.314542e-01) (6.066292e-02 4.254934e-04 1.485866e-03)) ((1.468194e-03 2.303615e-02 -1.116751e-03) (-4.388859e-06 1.344873e-03 5.363422e-05))
3.37          	((1.524074e+00 -9.394574e-03 -1.268048e-01) (6.035836e-02 4.245634e-04 1.475754e-03)) ((1.452951e-03 1.018559e-02 -9.625115e-04) (-4.138111e-06 1.336593e-03 5.395644e-05))
3.38          	((1.132437e+00 -9.364289e-03 -1.212954e-01) (5.993964e-02 4.229467e-04 1.466743e-03)) ((1.491753e-03 -2.703831e-03 -7.865495e-04) (-3.802560e-06 1.326035e-03 5.421215e-05))
3.39          	((7.373976e-01 -9.103287e-03 -1.150958e-01) (5.940260e-02 4.204820e-04 1.457851e-03)) ((1.359884e-03 -1.555453e-02 -5.986039e-04) (-3.376127e-06 1.313236e-03 5.413947e-05))
3.4           	((3.404957e-01 -9.582561e-03 -1.093890e-01) (5.875407e-02 4.175171e-04 1.449480e-03)) ((1.264547e-03 -2.831555e-02 -4.120783e-04) (-2.892179e-06 1.298153e-03 5.417455e-05))
3.41          	((-5.797515e-02 -9.544146e-03 -1.034063e-01) (5.799008e-02 4.139227e-04 1.440769e-03)) ((1.246242e-03 -4.097830e-02 -1.988587e-04) (-2.414147e-06 1.280704e-03 5.367108e-05))
3.42          	((-4.580448e-01 -9.030921e-03 -9.599941e-02) (5.711301e-02 4.095129e-04 1.433596e-03)) ((1.184214e-03 -5.353848e-02 -4.994010e-05) (-1.983832e-06 1.260861e-03 5.298939e-05))
3.43          	((-8.583048e-01 -8.664042e-03 -8.763263e-02) (5.612790e-02 4.048912e-04 1.426555e-03)) ((1.119722e-03 -6.610985e-02 1.320091e-04) (-1.604527e-06 1.238887e-03 5.210740e-05))
3.44          	((-1.257102e+00 -8.277836e-03 -7.914014e-02) (5.503387e-02 3.998124e-04 1.420844e-03)) ((1.047161e-03 -7.851682e-02 2.476923e-04) (-1.133810e-06 1.214499e-03 5.116886e-05))
3.45          	((-1.652811e+00 -8.290467e-03 -7.283385e-02) (5.383489e-02 3.945867e-04 1.416288e-03)) ((9.380682e-04 -9.069286e-02 4.501603e-04) (-7.057392e-07 1.187729e-03 5.005626e-05))
3.46          	((-2.043915e+00 -7.751581e-03 -6.625474e-02) (5.253403e-02 3.876168e-04 1.411429e-03)) ((8.318467e-04 -1.027005e-01 6.234259e-04) (-2.424247e-07 1.158926e-03 4.866853e-05))
3.47          	((-2.430721e+00 -7.230259e-03 -5.941869e-02) (5.113510e-02 3.802868e-04 1.406574e-03)) ((8.026110e-04 -1.145021e-01 7.949908e-04) (1.195742e-07 1.128130e-03 4.715009e-05))
3.48          	((-2.812372e+00 -6.730508e-03 -5.145997e-02) (4.964012e-02 3.725276e-04 1.402262e-03)) ((7.405368e-04 -1.260013e-01 8.880587e-04) (5.712480e-07 1.095269e-03 4.542609e-05))
3.49          	((-3.189223e+00 -6.145397e-03 -4.528018e-02) (4.805208e-02 3.649101e-04 1.397221e-03)) ((6.076362e-04 -1.373221e-01 1.128862e-03) (1.002649e-06 1.060328e-03 4.374715e-05))
3.5           	((-3.560233e+00 -5.777228e-03 -3.939216e-02) (4.637659e-02 3.570866e-04 1.393022e-03)) ((5.348912e-04 -1.483701e-01 1.346584e-03) (1.388650e-06 1.023471e-03 4.185793e-05))
3.51          	((-3.924891e+00 -5.673130e-03 -3.321158e-02) (4.461432e-02 3.489483e-04 1.389277e-03)) ((4.224873e-04 -1.591607e-01 1.617725e-03) (1.783651e-06 9.845650e-04 4.002496e-05))
3.52          	((-4.282747e+00 -5.005049e-03 -2.624976e-02) (4.277165e-02 3.403693e-04 1.386219e-03)) ((3.448485e-04 -1.696908e-01 1.659157e-03) (2.182942e-06 9.437476e-04 3.800142e-05))
3.53          	((-4.632219e+00 -4.719759e-03 -1.876936e-02) (4.085301e-02 3.317978e-04 1.383785e-03)) ((2.819457e-04 -1.799145e-01 1.744699e-03) (2.661225e-06 9.011602e-04 3.609115e-05))
3.54          	((-4.973065e+00 -4.290818e-03 -1.230185e-02) (3.886189e-02 3.239776e-04 1.381600e-03)) ((1.941887e-04 -1.897896e-01 1.918308e-03) (3.173536e-06 8.567636e-04 3.414061e-05))
3.55          	((-5.303593e+00 -4.367802e-03 -6.178082e-03) (3.680244e-02 3.170659e-04 1.380763e-03)) ((1.911110e-04 -1.992761e-01 2.048216e-03) (3.629172e-06 8.106551e-04 3.228982e-05))
3.56          	((-5.623707e+00 -3.243261e-03 3.202306e-04) (3.467983e-02 3.102814e-04 1.380466e-03)) ((-9.975885e-06 -2.084748e-01 2.130951e-03) (4.231092e-06 7.628856e-04 3.054453e-05))
3.57          	((-5.932303e+00 -3.648601e-03 7.564464e-03) (3.249875e-02 3.043293e-04 1.380340e-03)) ((-8.016985e-05 -2.171878e-01 2.204255e-03) (4.820681e-06 7.135515e-04 2.878374e-05))
3.58          	((-6.229133e+00 -3.396681e-03 1.219104e-02) (3.026423e-02 2.989148e-04 1.381291e-03)) ((-2.026290e-04 -2.255550e-01 2.232848e-03) (5.322471e-06 6.627854e-04 2.705181e-05))
3.59          	((-6.512765e+00 -3.800294e-03 1.810645e-02) (2.798180e-02 2.942317e-04 1.382878e-03)) ((-2.224709e-04 -2.335184e-01 2.263514e-03) (5.751713e-06 6.107542e-04 2.531665e-05))
3.6           	((-6.783710e+00 -3.100851e-03 2.317681e-02) (2.565545e-02 2.893922e-04 1.384449e-03)) ((-2.475202e-04 -2.409779e-01 2.323644e-03) (6.242174e-06 5.576294e-04 2.348428e-05))
3.61          	((-7.040702e+00 -3.002950e-03 2.945429e-02) (2.329034e-02 2.838767e-04 1.385313e-03)) ((-2.339779e-04 -2.480664e-01 2.513280e-03) (6.806497e-06 5.034861e-04 2.161880e-05))
3.62          	((-7.284426e+00 -2.308090e-03 3.441380e-02) (2.089169e-02 2.773825e-04 1.386208e-03)) ((-3.372730e-04 -2.545778e-01 2.543551e-03) (7.401379e-06 4.483457e-04 1.973676e-05))
3.63          	((-7.511315e+00 -1.066327e-03 3.855881e-02) (1.846387e-02 2.707924e-04 1.387773e-03)) ((-5.329036e-04 -2.605801e-01 2.617866e-03) (7.998105e-06 3.922757e-04 1.804207e-05))
3.64          	((-7.723484e+00 -1.564851e-03 4.240110e-02) (1.601194e-02 2.638741e-04 1.390025e-03)) ((-5.942214e-04 -2.661039e-01 2.605725e-03) (8.558860e-06 3.353878e-04 1.648419e-05))
3.65          	((-7.921928e+00 -1.920638e-03 4.813418e-02) (1.354041e-02 2.576449e-04 1.392650e-03)) ((-5.991254e-04 -2.711814e-01 2.660930e-03) (9.132054e-06 2.777438e-04 1.508186e-05))
3.66          	((-8.102645e+00 -1.346358e-03 5.190458e-02) (1.105433e-02 2.527572e-04 1.396039e-03)) ((-6.811363e-04 -2.758320e-01 2.914481e-03) (9.711814e-06 2.197021e-04 1.362602e-05))
3.67          	((-8.268717e+00 -1.100900e-03 5.504786e-02) (8.557460e-03 2.468261e-04 1.400247e-03)) ((-5.482026e-04 -2.801002e-01 2.991502e-03) (1.029680e-05 1.611544e-04 1.244300e-05))
3.68          	((-8.416592e+00 -2.966021e-03 5.984050e-02) (6.053748e-03 2.410119e-04 1.405385e-03)) ((-5.335132e-04 -2.838546e-01 2.778538e-03) (1.085131e-05 1.023149e-04 1.130581e-05))
3.69          	((-8.550416e+00 -2.282401e-03 6.362324e-02) (3.548983e-03 2.347834e-04 1.411241e-03)) ((-6.233694e-04 -2.870061e-01 2.835342e-03) (1.126465e-05 4.309582e-05 1.024383e-05))
3.7           	((-8.666752e+00 -1.219584e-03 6.649011e-02) (1.046394e-03 2.274146e-04 1.417637e-03)) ((-4.598375e-04 -2.896604e-01 3.041704e-03) (1.182301e-05 -1.622827e-05 9.216047e-06))
3.71          	((-8.769072e+00 -3.048733e-04 6.716776e-02) (-1.449592e-03 2.198696e-04 1.425858e-03)) ((-4.964216e-04 -2.916805e-01 3.301444e-03) (1.221537e-05 -7.568477e-05 8.414657e-06))
3.72          	((-8.853046e+00 -1.609180e-03 6.936709e-02) (-3.937351e-03 2.110305e-04 1.437018e-03)) ((-5.971459e-04 -2.936496e-01 3.168957e-03) (1.270082e-05 -1.350299e-04 7.798872e-06))
3.73          	((-8.924352e+00 -2.697852e-03 7.187209e-02) (-6.413200e-03 2.024708e-04 1.450819e-03)) ((-6.516966e-04 -2.943881e-01 3.168073e-03) (1.317102e-05 -1.940109e-04 7.229743e-06))
3.74          	((-8.984359e+00 -1.476128e-03 7.302297e-02) (-8.873644e-03 1.941076e-04 1.465976e-03)) ((-6.770170e-04 -2.950311e-01 3.599103e-03) (1.346039e-05 -2.526792e-04 6.703941e-06))
3.75          	((-9.036547e+00 -3.387016e-03 7.162510e-02) (-1.131653e-02 1.873702e-04 1.480890e-03)) ((-6.255661e-04 -2.957948e-01 3.188348e-03) (1.373810e-05 -3.110033e-04 6.350715e-06))
3.76          	((-9.100238e+00 -3.445842e-03 1.259978e-01) (-1.374243e-02 1.792200e-04 1.500019e-03)) ((-8.035279e-04 -2.929021e-01 3.580277e-03) (1.411185e-05 -3.687725e-04 6.161252e-06))
3.77          	((-9.019151e+00 -4.044939e-03 2.090916e-02) (-1.612138e-02 1.692812e-04 1.519858e-03)) ((-3.763986e-04 -2.930313e-01 3.694559e-03) (1.436955e-05 -4.260612e-04 6.026307e-06))
3.78          	((-9.088916e+00 -1.465595e-03 6.887937e-02) (-1.847469e-02 1.592309e-04 1.543913e-03)) ((-6.932192e-04 -2.948722e-01 3.753909e-03) (1.468031e-05 -4.826744e-04 6.077311e-06))
3.79          	((-9.086548e+00 -6.665390e-05 7.578655e-02) (-2.079733e-02 1.492104e-04 1.570080e-03)) ((-6.561185e-04 -2.933395e-01 3.845863e-03) (1.507322e-05 -5.383591e-04 6.314058e-06))
3.8           	((-9.061906e+00 -7.092298e-04 7.237089e-02) (-2.308800e-02 1.389988e-04 1.596046e-03)) ((-5.557285e-04 -2.912971e-01 3.859787e-03) (1.535700e-05 -5.931722e-04 6.486924e-06))
3.81          	((-9.020075e+00 -1.754031e-03 6.949262e-02) (-2.534417e-02 1.285964e-04 1.622694e-03)) ((-4.724603e-04 -2.888484e-01 3.858806e-03) (1.556805e-05 -6.472588e-04 6.707597e-06))
3.82          	((-8.964801e+00 -2.581745e-03 6.694381e-02) (-2.756238e-02 1.183387e-04 1.650131e-03)) ((-5.550184e-04 -2.858689e-01 4.030989e-03) (1.566010e-05 -7.003556e-04 6.919665e-06))
3.83          	((-8.898317e+00 -2.715041e-03 6.605210e-02) (-2.973961e-02 1.080317e-04 1.677089e-03)) ((-5.508195e-04 -2.823710e-01 3.937073e-03) (1.568325e-05 -7.522963e-04 7.127932e-06))
3.84          	((-8.818734e+00 -2.747685e-03 6.406241e-02) (-3.187449e-02 9.759802e-05 1.705929e-03)) ((-5.923506e-04 -2.784686e-01 3.998365e-03) (1.564295e-05 -8.027851e-04 7.368553e-06))
3.85          	((-8.725303e+00 -1.969237e-03 6.172871e-02) (-3.396544e-02 8.669208e-05 1.736206e-03)) ((-6.486932e-04 -2.743057e-01 3.995467e-03) (1.560895e-05 -8.518759e-04 7.805879e-06))
3.86          	((-8.618690e+00 -2.171317e-03 5.953583e-02) (-3.600768e-02 7.547189e-05 1.767958e-03)) ((-6.828875e-04 -2.696402e-01 3.980602e-03) (1.556974e-05 -8.995665e-04 8.221633e-06))
3.87          	((-8.497398e+00 -2.177853e-03 5.720629e-02) (-3.799890e-02 6.538092e-05 1.801131e-03)) ((-7.212996e-04 -2.643758e-01 3.964502e-03) (1.553168e-05 -9.456814e-04 8.434946e-06))
3.88          	((-8.364073e+00 -2.295386e-03 5.293549e-02) (-3.993631e-02 5.502704e-05 1.834969e-03)) ((-7.084449e-04 -2.585882e-01 3.974442e-03) (1.530429e-05 -9.900617e-04 8.620618e-06))
3.89          	((-8.217300e+00 -2.279978e-03 4.894326e-02) (-4.181755e-02 4.465596e-05 1.868843e-03)) ((-7.580921e-04 -2.522852e-01 3.924040e-03) (1.495692e-05 -1.032707e-03 8.626233e-06))
3.9           	((-8.057425e+00 -1.591287e-03 4.556200e-02) (-4.363812e-02 3.506913e-05 1.903006e-03)) ((-7.750133e-04 -2.455896e-01 3.736672e-03) (1.451178e-05 -1.073508e-03 8.470233e-06))
3.91          	((-7.883705e+00 -1.494102e-03 4.162478e-02) (-4.539500e-02 2.653952e-05 1.936178e-03)) ((-9.089958e-04 -2.383303e-01 3.640942e-03) (1.397314e-05 -1.112324e-03 8.040893e-06))
3.92          	((-7.696820e+00 -1.187772e-03 3.739915e-02) (-4.708532e-02 1.793601e-05 1.966997e-03)) ((-9.463273e-04 -2.305212e-01 3.534905e-03) (1.346069e-05 -1.149109e-03 7.640341e-06))
3.93          	((-7.496169e+00 -9.960427e-04 3.307620e-02) (-4.870422e-02 9.930558e-06 1.996170e-03)) ((-1.069966e-03 -2.222903e-01 3.415454e-03) (1.285536e-05 -1.183658e-03 6.861967e-06))
3.94          	((-7.282236e+00 -6.506884e-04 2.836011e-02) (-5.024704e-02 2.495369e-06 2.022546e-03)) ((-1.175765e-03 -2.135449e-01 3.252621e-03) (1.232065e-05 -1.215876e-03 6.012361e-06))
3.95          	((-7.054727e+00 2.654666e-05 2.474053e-02) (-5.171178e-02 -4.991313e-06 2.047034e-03)) ((-1.274749e-03 -2.044643e-01 3.081024e-03) (1.180875e-05 -1.245758e-03 5.076646e-06))
3.96          	((-6.814659e+00 6.045876e-04 2.062840e-02) (-5.309391e-02 -1.238977e-05 2.068896e-03)) ((-1.211645e-03 -1.950928e-01 2.903890e-03) (1.123716e-05 -1.273545e-03 3.927422e-06))
3.97          	((-6.561985e+00 6.568008e-04 1.559462e-02) (-5.438919e-02 -1.917698e-05 2.088194e-03)) ((-1.397854e-03 -1.852028e-01 2.761386e-03) (1.062289e-05 -1.299205e-03 2.532318e-06))
3.98          	((-6.297130e+00 1.196945e-03 1.189760e-02) (-5.559381e-02 -2.461286e-05 2.104553e-03)) ((-1.471446e-03 -1.750587e-01 2.556586e-03) (1.000615e-05 -1.322558e-03 1.101432e-06))
3.99          	((-6.019892e+00 1.221255e-03 7.844052e-03) (-5.670542e-02 -3.074844e-05 2.117515e-03)) ((-1.596565e-03 -1.644954e-01 2.358258e-03) (9.569279e-06 -1.343589e-03 -3.053241e-07))
4             	((-5.730426e+00 1.080034e-03 4.543761e-03) (-5.772009e-02 -3.646668e-05 2.128034e-03)) ((-1.572080e-03 -1.537893e-01 2.200996e-03) (9.088376e-06 -1.362323e-03 -1.945126e-06))
4.01          	((-5.430327e+00 9.175110e-04 6.917560e-04) (-5.863403e-02 -4.202080e-05 2.136044e-03)) ((-1.587867e-03 -1.427393e-01 2.047753e-03) (8.601562e-06 -1.378662e-03 -3.594297e-06))
4.02          	((-5.118896e+00 9.942974e-04 -2.874479e-03) (-5.944541e-02 -4.703563e-05 2.140595e-03)) ((-1.624226e-03 -1.315072e-01 1.868022e-03) (8.164427e-06 -1.392516e-03 -5.526910e-06))
4.03          	((-4.796900e+00 7.719483e-04 -6.204023e-03) (-6.015177e-02 -5.121856e-05 2.142117e-03)) ((-1.656110e-03 -1.199968e-01 1.617187e-03) (7.777333e-06 -1.404205e-03 -7.229392e-06))
4.04          	((-4.464437e+00 7.255329e-04 -9.015784e-03) (-6.075098e-02 -5.555055e-05 2.141902e-03)) ((-1.754746e-03 -1.082743e-01 1.491681e-03) (7.420083e-06 -1.413440e-03 -8.748026e-06))
4.05          	((-4.122777e+00 1.117474e-03 -1.051780e-02) (-6.123968e-02 -5.966195e-05 2.138937e-03)) ((-1.801190e-03 -9.636742e-02 1.423031e-03) (7.189138e-06 -1.420577e-03 -1.006416e-05))
4.06          	((-3.772295e+00 1.650670e-03 -1.282585e-02) (-6.161554e-02 -6.304490e-05 2.134679e-03)) ((-1.852939e-03 -8.429215e-02 1.249972e-03) (6.990343e-06 -1.425366e-03 -1.193309e-05))
4.07          	((-3.413942e+00 2.010085e-03 -1.473418e-02) (-6.187891e-02 -6.605483e-05 2.129642e-03)) ((-1.856056e-03 -7.196369e-02 1.141040e-03) (6.907641e-06 -1.427942e-03 -1.358108e-05))
4.08          	((-3.047763e+00 2.093398e-03 -1.598901e-02) (-6.202747e-02 -6.860363e-05 2.123880e-03)) ((-1.853824e-03 -5.954640e-02 1.073921e-03) (6.712594e-06 -1.428088e-03 -1.540989e-05))
4.09          	((-2.674644e+00 2.095119e-03 -1.682592e-02) (-6.206337e-02 -7.105090e-05 2.118605e-03)) ((-1.716996e-03 -4.698918e-02 9.426872e-04) (6.417466e-06 -1.425973e-03 -1.707024e-05))
4.1           	((-2.296155e+00 1.743832e-03 -1.645961e-02) (-6.198396e-02 -7.228568e-05 2.111615e-03)) ((-1.682975e-03 -3.437465e-02 6.780718e-04) (6.108981e-06 -1.421471e-03 -1.863982e-05))
4.11          	((-1.912534e+00 2.067985e-03 -1.644240e-02) (-6.178547e-02 -7.249934e-05 2.104612e-03)) ((-1.636841e-03 -2.172047e-02 5.046204e-04) (5.844110e-06 -1.414693e-03 -2.030201e-05))
4.12          	((-1.524151e+00 2.979088e-03 -1.581960e-02) (-6.147326e-02 -7.244257e-05 2.097266e-03)) ((-1.680943e-03 -8.948854e-03 3.757681e-04) (5.600067e-06 -1.405698e-03 -2.179269e-05))
4.13          	((-1.131829e+00 3.675996e-03 -1.437861e-02) (-6.104412e-02 -7.218547e-05 2.089094e-03)) ((-1.652363e-03 3.810670e-03 2.163653e-04) (5.211949e-06 -1.394437e-03 -2.324092e-05))
4.14          	((-7.369054e-01 3.761281e-03 -1.278195e-02) (-6.050153e-02 -7.043765e-05 2.079287e-03)) ((-1.611805e-03 1.654646e-02 1.503392e-05) (4.780206e-06 -1.380705e-03 -2.471235e-05))
4.15          	((-3.400018e-01 4.280140e-03 -1.148680e-02) (-5.984445e-02 -6.895923e-05 2.068972e-03)) ((-1.557902e-03 2.926021e-02 -1.832257e-04) (4.269875e-06 -1.364674e-03 -2.607701e-05))
4.16          	((5.885697e-02 4.405934e-03 -1.012496e-02) (-5.907659e-02 -6.558068e-05 2.057107e-03)) ((-1.465565e-03 4.180112e-02 -3.205185e-04) (3.623940e-06 -1.346307e-03 -2.701778e-05))
4.17          	((4.588620e-01 4.882052e-03 -8.148284e-03) (-5.819664e-02 -6.107108e-05 2.044288e-03)) ((-1.398877e-03 5.436056e-02 -4.488891e-04) (2.902684e-06 -1.325568e-03 -2.802279e-05))
4.18          	((8.593892e-01 5.397418e-03 -5.460399e-03) (-5.720621e-02 -5.570771e-05 2.030323e-03)) ((-1.343330e-03 6.685867e-02 -6.570346e-04) (2.158834e-06 -1.302551e-03 -2.846095e-05))
4.19          	((1.257697e+00 5.656581e-03 -4.139935e-03) (-5.610820e-02 -4.958476e-05 2.016504e-03)) ((-1.258877e-03 7.916481e-02 -8.014019e-04) (1.470259e-06 -1.277251e-03 -2.868788e-05))
4.2           	((1.652508e+00 5.855817e-03 -3.101915e-03) (-5.490566e-02 -4.243269e-05 2.002044e-03)) ((-1.168145e-03 9.126059e-02 -9.033101e-04) (7.332530e-07 -1.249774e-03 -2.878652e-05))
4.21          	((2.043560e+00 6.421955e-03 -1.633539e-03) (-5.360039e-02 -3.491622e-05 1.986377e-03)) ((-1.088104e-03 1.031684e-01 -1.039387e-03) (5.763604e-09 -1.220059e-03 -2.896601e-05))
4.22          	((2.430392e+00 5.973264e-03 -1.931716e-03) (-5.219596e-02 -2.740535e-05 1.969875e-03)) ((-9.235365e-04 1.148931e-01 -1.213064e-03) (-6.117554e-07 -1.188193e-03 -2.892880e-05))
4.23          	((2.811775e+00 6.033306e-03 -2.951888e-03) (-5.069721e-02 -1.889550e-05 1.952317e-03)) ((-8.669783e-04 1.263141e-01 -1.360619e-03) (-1.242592e-06 -1.154267e-03 -2.869574e-05))
4.24          	((3.187240e+00 6.570491e-03 -2.075461e-03) (-4.910687e-02 -9.982215e-06 1.934401e-03)) ((-7.606094e-04 1.375134e-01 -1.508251e-03) (-1.813335e-06 -1.118200e-03 -2.836312e-05))
4.25          	((3.558066e+00 6.181841e-03 -1.061692e-03) (-4.742940e-02 -1.044584e-06 1.916546e-03)) ((-6.014344e-04 1.485943e-01 -1.720194e-03) (-2.333220e-06 -1.080201e-03 -2.808300e-05))
4.26          	((3.922428e+00 6.518567e-03 -6.847505e-04) (-4.566727e-02 7.972446e-06 1.898406e-03)) ((-4.613046e-04 1.593847e-01 -1.793668e-03) (-2.781473e-06 -1.040306e-03 -2.770534e-05))
4.27          	((4.278926e+00 6.349049e-03 -7.796673e-04) (-4.382415e-02 1.744285e-05 1.879868e-03)) ((-2.762129e-04 1.697694e-01 -1.716688e-03) (-3.220187e-06 -9.985279e-04 -2.738716e-05))
4.28          	((4.628165e+00 6.448907e-03 1.255818e-03) (-4.190534e-02 2.783189e-05 1.861438e-03)) ((-1.391305e-04 1.799492e-01 -1.801291e-03) (-3.737738e-06 -9.549853e-04 -2.725629e-05))
4.29          	((4.967982e+00 6.521692e-03 1.020576e-03) (-3.991365e-02 3.924617e-05 1.842734e-03)) ((-1.089831e-04 1.897816e-01 -1.895484e-03) (-4.205363e-06 -9.097008e-04 -2.705700e-05))
4.3           	((5.297764e+00 6.307806e-03 2.834630e-03) (-3.785581e-02 5.087651e-05 1.824151e-03)) ((3.848425e-05 1.992662e-01 -2.035001e-03) (-4.637157e-06 -8.628427e-04 -2.673026e-05))
4.31          	((5.617198e+00 7.019614e-03 1.832735e-03) (-3.573424e-02 6.162913e-05 1.805310e-03)) ((8.269863e-05 2.083517e-01 -2.132361e-03) (-5.060319e-06 -8.143628e-04 -2.639902e-05))
4.32          	((5.925568e+00 6.285697e-03 2.478199e-03) (-3.355469e-02 7.165793e-05 1.786356e-03)) ((2.364649e-04 2.171461e-01 -2.288560e-03) (-5.372417e-06 -7.644959e-04 -2.594175e-05))
4.33          	((6.221849e+00 5.900450e-03 3.350572e-03) (-3.132233e-02 8.193650e-05 1.767205e-03)) ((3.665892e-04 2.254778e-01 -2.325773e-03) (-5.671177e-06 -7.133119e-04 -2.540490e-05))
4.34          	((6.505101e+00 5.172783e-03 3.607021e-03) (-2.904167e-02 9.145952e-05 1.748895e-03)) ((5.195847e-04 2.333497e-01 -2.320256e-03) (-5.912333e-06 -6.608738e-04 -2.475605e-05))
4.35          	((6.775455e+00 5.105213e-03 5.013221e-03) (-2.671855e-02 1.011106e-04 1.731261e-03)) ((6.218077e-04 2.407934e-01 -2.407200e-03) (-6.150549e-06 -6.073115e-04 -2.414145e-05))
4.36          	((7.031868e+00 5.077282e-03 3.462935e-03) (-2.435625e-02 1.108613e-04 1.713265e-03)) ((7.593552e-04 2.478642e-01 -2.565186e-03) (-6.449620e-06 -5.527332e-04 -2.343362e-05))
4.37          	((7.274280e+00 5.189749e-03 3.252403e-03) (-2.196063e-02 1.201081e-04 1.694251e-03)) ((9.794036e-04 2.545047e-01 -2.677125e-03) (-6.809765e-06 -4.973024e-04 -2.260328e-05))
4.38          	((7.502017e+00 5.542695e-03 3.558821e-03) (-1.953648e-02 1.293447e-04 1.675068e-03)) ((9.913675e-04 2.605457e-01 -2.684092e-03) (-7.099736e-06 -4.409356e-04 -2.149384e-05))
4.39          	((7.714658e+00 5.097483e-03 3.397897e-03) (-1.708808e-02 1.380480e-04 1.656619e-03)) ((9.908539e-04 2.661512e-01 -2.820304e-03) (-7.339815e-06 -3.836800e-04 -2.027186e-05))
4.4           	((7.913305e+00 4.735619e-03 2.290159e-03) (-1.462002e-02 1.460735e-04 1.639253e-03)) ((1.144744e-03 2.712050e-01 -3.020673e-03) (-7.642444e-06 -3.256993e-04 -1.906127e-05))
4.41          	((8.093748e+00 4.348888e-03 1.997664e-03) (-1.213694e-02 1.541699e-04 1.621775e-03)) ((1.183702e-03 2.758272e-01 -3.159534e-03) (-8.034132e-06 -2.672363e-04 -1.773214e-05))
4.42          	((8.258601e+00 4.367854e-03 1.068599e-03) (-9.643994e-03 1.629635e-04 1.604422e-03)) ((1.231062e-03 2.798828e-01 -3.153472e-03) (-8.454043e-06 -2.084366e-04 -1.634353e-05))
4.43          	((8.407264e+00 3.842676e-03 1.363773e-03) (-7.143353e-03 1.712995e-04 1.588572e-03)) ((1.327052e-03 2.832432e-01 -3.221732e-03) (-8.857364e-06 -1.493553e-04 -1.490871e-05))
4.44          	((8.540368e+00 3.551930e-03 3.152268e-03) (-4.641202e-03 1.792701e-04 1.574821e-03)) ((1.214118e-03 2.861455e-01 -3.376970e-03) (-9.119537e-06 -9.015635e-05 -1.338417e-05))
4.45          	((8.657799e+00 2.449025e-03 1.966545e-03) (-2.141943e-03 1.878740e-04 1.561866e-03)) ((1.357490e-03 2.888418e-01 -3.427405e-03) (-9.491997e-06 -3.101232e-05 -1.172279e-05))
4.46          	((8.759472e+00 3.606334e-03 7.772415e-05) (3.524550e-04 1.967498e-04 1.550551e-03)) ((1.258069e-03 2.913693e-01 -3.403716e-03) (-9.855967e-06 2.809631e-05 -1.014232e-05))
4.47          	((8.845594e+00 4.661803e-03 -3.154313e-03) (2.837753e-03 2.059301e-04 1.541604e-03)) ((1.118030e-03 2.933899e-01 -3.426814e-03) (-1.017574e-05 8.713943e-05 -8.700556e-06))
4.48          	((8.917332e+00 2.848853e-03 -6.008876e-03) (5.309964e-03 2.133953e-04 1.534509e-03)) ((1.184266e-03 2.945206e-01 -3.370547e-03) (-1.037053e-05 1.456228e-04 -7.305777e-06))
4.49          	((8.976676e+00 3.054925e-03 -1.547347e-02) (7.765453e-03 2.206724e-04 1.530120e-03)) ((1.343922e-03 2.954452e-01 -3.533596e-03) (-1.057709e-05 2.036707e-04 -5.789482e-06))
4.5           	((9.031072e+00 9.799142e-04 -2.516360e-02) (1.020408e-02 2.284348e-04 1.526366e-03)) ((1.333662e-03 2.964636e-01 -3.767195e-03) (-1.074959e-05 2.612954e-04 -4.336911e-06))
4.51          	((9.067621e+00 2.094019e-03 3.394096e-02) (1.262431e-02 2.355165e-04 1.528418e-03)) ((1.101461e-03 2.907927e-01 -3.484157e-03) (-1.069584e-05 3.181058e-04 -2.719119e-06))
4.52          	((9.016156e+00 4.401476e-03 -4.676723e-02) (1.500163e-02 2.421270e-04 1.528953e-03)) ((7.370332e-04 2.949268e-01 -3.767142e-03) (-1.054560e-05 3.744564e-04 -1.093304e-06))
4.53          	((9.073542e+00 3.010488e-03 -4.112915e-02) (1.735077e-02 2.490478e-04 1.532848e-03)) ((1.140201e-03 2.947808e-01 -3.806585e-03) (-1.045317e-05 4.299941e-04 5.817542e-07))
4.54          	((9.069848e+00 1.876986e-03 -3.264670e-02) (1.966841e-02 2.558572e-04 1.538132e-03)) ((1.072097e-03 2.934000e-01 -3.755474e-03) (-1.047304e-05 4.843697e-04 2.145681e-06))
4.55          	((9.044817e+00 1.889087e-03 -3.337951e-02) (2.195048e-02 2.632409e-04 1.544244e-03)) ((9.530814e-04 2.918110e-01 -3.602357e-03) (-1.051603e-05 5.378383e-04 3.734523e-06))
4.56          	((9.004722e+00 1.773519e-03 -3.977472e-02) (2.419542e-02 2.712316e-04 1.549126e-03)) ((1.113182e-03 2.895898e-01 -3.778156e-03) (-1.048273e-05 5.903176e-04 5.194468e-06))
4.57          	((8.949386e+00 1.055349e-03 -4.534374e-02) (2.640168e-02 2.791253e-04 1.554288e-03)) ((1.080261e-03 2.868168e-01 -3.812546e-03) (-1.045525e-05 6.418320e-04 6.577670e-06))
4.58          	((8.883033e+00 1.063163e-03 -4.950709e-02) (2.856825e-02 2.871761e-04 1.560433e-03)) ((1.050055e-03 2.834655e-01 -3.805683e-03) (-1.036710e-05 6.920954e-04 7.938610e-06))
4.59          	((8.802051e+00 7.704766e-04 -5.592129e-02) (3.069174e-02 2.945488e-04 1.569068e-03)) ((1.063321e-03 2.796629e-01 -3.722916e-03) (-1.017031e-05 7.410755e-04 9.188688e-06))
4.6           	((8.707157e+00 -2.341430e-04 -6.117887e-02) (3.276861e-02 3.019250e-04 1.580318e-03)) ((1.089882e-03 2.756062e-01 -3.601940e-03) (-9.965898e-06 7.886764e-04 1.030651e-05))
4.61          	((8.600599e+00 -1.149625e-03 -6.736969e-02) (3.479685e-02 3.092345e-04 1.592741e-03)) ((1.084968e-03 2.711436e-01 -3.593350e-03) (-9.790578e-06 8.349422e-04 1.130372e-05))
4.62          	((8.480791e+00 -1.110783e-03 -7.298850e-02) (3.677351e-02 3.152416e-04 1.605597e-03)) ((1.062538e-03 2.661881e-01 -3.570336e-03) (-9.472922e-06 8.796333e-04 1.231190e-05))
4.63          	((8.348235e+00 -1.821748e-03 -7.928023e-02) (3.869486e-02 3.216456e-04 1.619151e-03)) ((1.031307e-03 2.606514e-01 -3.607761e-03) (-9.139191e-06 9.227710e-04 1.334047e-05))
4.64          	((8.202132e+00 -2.985587e-03 -8.396908e-02) (4.055608e-02 3.283188e-04 1.633621e-03)) ((1.059750e-03 2.544493e-01 -3.558890e-03) (-8.808124e-06 9.643035e-04 1.454704e-05))
4.65          	((8.041681e+00 -3.851822e-03 -8.861595e-02) (4.235546e-02 3.348430e-04 1.648751e-03)) ((1.131529e-03 2.476210e-01 -3.488947e-03) (-8.466983e-06 1.004074e-03 1.573727e-05))
4.66          	((7.867965e+00 -3.895892e-03 -9.408959e-02) (4.408904e-02 3.416901e-04 1.663981e-03)) ((1.112211e-03 2.404093e-01 -3.447210e-03) (-8.046661e-06 1.041943e-03 1.688553e-05))
4.67          	((7.680679e+00 -4.237061e-03 -9.955790e-02) (4.575385e-02 3.493237e-04 1.678612e-03)) ((1.231458e-03 2.326007e-01 -3.398820e-03) (-7.538683e-06 1.077880e-03 1.789597e-05))
4.68          	((7.480232e+00 -4.811783e-03 -1.044106e-01) (4.734475e-02 3.562896e-04 1.693202e-03)) ((1.268997e-03 2.243719e-01 -3.317587e-03) (-6.935071e-06 1.111758e-03 1.903110e-05))
4.69          	((7.266813e+00 -5.147635e-03 -1.093676e-01) (4.886120e-02 3.625040e-04 1.706979e-03)) ((1.301045e-03 2.156707e-01 -3.165648e-03) (-6.311823e-06 1.143591e-03 2.009798e-05))
4.7           	((7.040201e+00 -5.691787e-03 -1.141913e-01) (5.029911e-02 3.691465e-04 1.719782e-03)) ((1.282349e-03 2.065536e-01 -3.091465e-03) (-5.707823e-06 1.173343e-03 2.121520e-05))
4.71          	((6.800508e+00 -6.509264e-03 -1.191237e-01) (5.165652e-02 3.763674e-04 1.730754e-03)) ((1.363014e-03 1.970374e-01 -3.122016e-03) (-5.247634e-06 1.200858e-03 2.227411e-05))
4.72          	((6.548945e+00 -6.957400e-03 -1.239842e-01) (5.292943e-02 3.837695e-04 1.740560e-03)) ((1.442307e-03 1.871285e-01 -3.026243e-03) (-4.793391e-06 1.226297e-03 2.363442e-05))
4.73          	((6.284799e+00 -7.837857e-03 -1.275185e-01) (5.411382e-02 3.906533e-04 1.748152e-03)) ((1.458153e-03 1.769146e-01 -2.962850e-03) (-4.490106e-06 1.249447e-03 2.477746e-05))
4.74          	((6.008256e+00 -8.174780e-03 -1.310925e-01) (5.520687e-02 3.979618e-04 1.753217e-03)) ((1.393300e-03 1.664561e-01 -2.924674e-03) (-4.283353e-06 1.270288e-03 2.597688e-05))
4.75          	((5.719791e+00 -8.419402e-03 -1.337855e-01) (5.620590e-02 4.058067e-04 1.757258e-03)) ((1.420083e-03 1.556309e-01 -2.884742e-03) (-4.275094e-06 1.288876e-03 2.741033e-05))
4.76          	((5.419896e+00 -8.712197e-03 -1.366532e-01) (5.710917e-02 4.127347e-04 1.759524e-03)) ((1.473569e-03 1.444808e-01 -2.711756e-03) (-4.237587e-06 1.305320e-03 2.873261e-05))
4.77          	((5.108882e+00 -8.615557e-03 -1.385151e-01) (5.791147e-02 4.191807e-04 1.759495e-03)) ((1.487798e-03 1.330429e-01 -2.643146e-03) (-4.333088e-06 1.319503e-03 3.029886e-05))
4.78          	((4.787170e+00 -8.983592e-03 -1.408613e-01) (5.860969e-02 4.257847e-04 1.757654e-03)) ((1.565918e-03 1.214171e-01 -2.559557e-03) (-4.487783e-06 1.331389e-03 3.182012e-05))
4.79          	((4.455668e+00 -8.851593e-03 -1.422917e-01) (5.920331e-02 4.315319e-04 1.753697e-03)) ((1.592511e-03 1.095850e-01 -2.368482e-03) (-4.470552e-06 1.341147e-03 3.349331e-05))
4.8           	((4.114784e+00 -9.185863e-03 -1.420871e-01) (5.968868e-02 4.365166e-04 1.747669e-03)) ((1.581614e-03 9.748792e-02 -2.215582e-03) (-4.557303e-06 1.348897e-03 3.467366e-05))
4.81          	((3.765198e+00 -9.064718e-03 -1.420505e-01) (6.006339e-02 4.407157e-04 1.739794e-03)) ((1.452449e-03 8.518159e-02 -2.016840e-03) (-4.501185e-06 1.354404e-03 3.605912e-05))
4.82          	((3.406945e+00 -8.910348e-03 -1.404161e-01) (6.032853e-02 4.440678e-04 1.730852e-03)) ((1.378605e-03 7.270681e-02 -1.822205e-03) (-4.521599e-06 1.357652e-03 3.724794e-05))
4.83          	((3.041800e+00 -9.029984e-03 -1.374894e-01) (6.048052e-02 4.478780e-04 1.720532e-03)) ((1.361843e-03 6.014745e-02 -1.760312e-03) (-4.535463e-06 1.358724e-03 3.845531e-05))
4.84          	((2.669198e+00 -8.742832e-03 -1.335658e-01) (6.052061e-02 4.500098e-04 1.709477e-03)) ((1.344803e-03 4.742214e-02 -1.594089e-03) (-4.533083e-06 1.357222e-03 3.974206e-05))
4.85          	((2.292052e+00 -8.414617e-03 -1.302907e-01) (6.044599e-02 4.517851e-04 1.699412e-03)) ((1.300959e-03 3.463942e-02 -1.438010e-03) (-4.627006e-06 1.353404e-03 4.083091e-05))
4.86          	((1.908956e+00 -8.302892e-03 -1.266083e-01) (6.025552e-02 4.530232e-04 1.689395e-03)) ((1.223852e-03 2.176283e-02 -1.230535e-03) (-4.635634e-06 1.347216e-03 4.180666e-05))
4.87          	((1.521269e+00 -7.740731e-03 -1.215211e-01) (5.994797e-02 4.532072e-04 1.678433e-03)) ((1.197215e-03 8.900442e-03 -1.164637e-03) (-4.616522e-06 1.338536e-03 4.274770e-05))
4.88          	((1.129836e+00 -7.793715e-03 -1.161107e-01) (5.952688e-02 4.516721e-04 1.668166e-03)) ((1.236487e-03 -3.966921e-03 -9.036425e-04) (-4.542074e-06 1.327816e-03 4.337441e-05))
4.89          	((7.348198e-01 -7.760112e-03 -1.097227e-01) (5.899028e-02 4.490079e-04 1.658699e-03)) ((1.222920e-03 -1.677779e-02 -7.018766e-04) (-4.439399e-06 1.314677e-03 4.393191e-05))
4.9           	((3.379139e-01 -7.915150e-03 -1.041236e-01) (5.834045e-02 4.464135e-04 1.650396e-03)) ((1.090005e-03 -2.951263e-02 -5.396450e-04) (-4.209403e-06 1.299245e-03 4.426718e-05))
4.91          	((-6.045179e-02 -7.641468e-03 -9.762596e-02) (5.757772e-02 4.425758e-04 1.641808e-03)) ((1.005372e-03 -4.219662e-02 -3.181882e-04) (-4.013489e-06 1.281469e-03 4.471861e-05))
4.92          	((-4.606936e-01 -6.937361e-03 -8.938632e-02) (5.670374e-02 4.384501e-04 1.633439e-03)) ((9.930649e-04 -5.474020e-02 -1.655534e-04) (-3.895721e-06 1.261385e-03 4.439349e-05))
4.93          	((-8.605470e-01 -6.366816e-03 -8.145586e-02) (5.572021e-02 4.336851e-04 1.625688e-03)) ((9.469161e-04 -6.723897e-02 -2.848098e-05) (-3.685838e-06 1.238996e-03 4.387306e-05))
4.94          	((-1.259302e+00 -6.403042e-03 -7.280535e-02) (5.462902e-02 4.290750e-04 1.618849e-03)) ((8.817104e-04 -7.969849e-02 1.474785e-04) (-3.486547e-06 1.214278e-03 4.354956e-05))
4.95          	((-1.654584e+00 -5.902470e-03 -6.577303e-02) (5.343300e-02 4.233139e-04 1.612071e-03)) ((7.714685e-04 -9.182723e-02 3.566431e-04) (-3.232985e-06 1.187378e-03 4.291325e-05))
4.96          	((-2.045773e+00 -5.132065e-03 -5.865068e-02) (5.213632e-02 4.167859e-04 1.605729e-03)) ((7.345364e-04 -1.038349e-01 5.596397e-04) (-2.917964e-06 1.158294e-03 4.186366e-05))
4.97          	((-2.431813e+00 -4.746074e-03 -5.192991e-02) (5.074180e-02 4.095002e-04 1.599514e-03)) ((5.616410e-04 -1.156161e-01 7.396254e-04) (-2.629196e-06 1.127064e-03 4.078329e-05))
4.98          	((-2.814060e+00 -4.038652e-03 -4.512280e-02) (4.925314e-02 4.017216e-04 1.593564e-03)) ((4.509470e-04 -1.270955e-01 8.573495e-04) (-2.324683e-06 1.093767e-03 3.954748e-05))
4.99          	((-3.190649e+00 -3.476995e-03 -3.899920e-02) (4.767279e-02 3.941556e-04 1.587247e-03)) ((3.853779e-04 -1.382898e-01 1.076380e-03) (-2.074012e-06 1.058513e-03 3.805836e-05))
5             	((-3.561782e+00 -3.718250e-03 -3.271861e-02) (4.600452e-02 3.856482e-04 1.581724e-03)) ((3.610480e-04 -1.493331e-01 1.291761e-03) (-1.733691e-06 1.021130e-03 3.672828e-05))
5.01          	((-3.925908e+00 -3.328111e-03 -2.626219e-02) (4.425083e-02 3.775316e-04 1.576554e-03)) ((2.912875e-04 -1.600726e-01 1.488450e-03) (-1.344951e-06 9.818184e-04 3.529107e-05))
5.02          	((-4.283321e+00 -2.962012e-03 -1.967368e-02) (4.241896e-02 3.684525e-04 1.571411e-03)) ((2.169454e-04 -1.705244e-01 1.580800e-03) (-9.369932e-07 9.406279e-04 3.362965e-05))
5.03          	((-4.632640e+00 -2.700691e-03 -1.266153e-02) (4.051133e-02 3.599276e-04 1.566513e-03)) ((9.819175e-05 -1.807063e-01 1.730976e-03) (-4.969366e-07 8.976681e-04 3.206132e-05))
5.04          	((-4.973582e+00 -2.677538e-03 -6.175641e-03) (3.853194e-02 3.524391e-04 1.561947e-03)) ((-1.012173e-05 -1.905779e-01 1.879364e-03) (-6.910123e-08 8.528751e-04 3.051904e-05))
5.05          	((-5.304203e+00 -2.751652e-03 2.074269e-04) (3.648533e-02 3.450475e-04 1.558526e-03)) ((-3.356487e-05 -2.000170e-01 2.005868e-03) (4.113444e-07 8.062887e-04 2.896698e-05))
5.06          	((-5.624295e+00 -2.020183e-03 6.756142e-03) (3.437773e-02 3.376903e-04 1.556116e-03)) ((-2.144903e-04 -2.091876e-01 2.101602e-03) (9.780566e-07 7.581036e-04 2.740848e-05))
5.07          	((-5.932364e+00 -2.068213e-03 1.346241e-02) (3.221231e-02 3.312924e-04 1.554035e-03)) ((-2.463391e-04 -2.178869e-01 2.204653e-03) (1.500386e-06 7.084370e-04 2.578264e-05))
5.08          	((-6.228831e+00 -1.971491e-03 1.835096e-02) (2.999453e-02 3.250929e-04 1.552532e-03)) ((-2.392078e-04 -2.261542e-01 2.162341e-03) (1.920943e-06 6.573574e-04 2.421140e-05))
5.09          	((-6.512666e+00 -2.069247e-03 2.413806e-02) (2.772891e-02 3.190337e-04 1.551856e-03)) ((-2.977757e-04 -2.341810e-01 2.231204e-03) (2.362912e-06 6.050376e-04 2.258637e-05))
5.1           	((-6.783902e+00 -1.556391e-03 2.866574e-02) (2.542094e-02 3.126780e-04 1.551512e-03)) ((-4.025974e-04 -2.415518e-01 2.286467e-03) (2.936695e-06 5.515379e-04 2.092642e-05))
5.11          	((-7.041161e+00 -2.006364e-03 3.401112e-02) (2.307506e-02 3.061317e-04 1.550666e-03)) ((-4.253237e-04 -2.485612e-01 2.296719e-03) (3.558726e-06 4.970352e-04 1.926656e-05))
5.12          	((-7.284068e+00 -1.768439e-03 3.983559e-02) (2.069614e-02 2.993991e-04 1.550020e-03)) ((-4.917927e-04 -2.551368e-01 2.537314e-03) (4.208140e-06 4.416056e-04 1.770001e-05))
5.13          	((-7.510775e+00 5.256794e-04 4.333368e-02) (1.828824e-02 2.921471e-04 1.549400e-03)) ((-7.173147e-04 -2.610548e-01 2.657552e-03) (4.869841e-06 3.852396e-04 1.621806e-05))
5.14          	((-7.723633e+00 -3.917838e-05 4.757085e-02) (1.585719e-02 2.845836e-04 1.549365e-03)) ((-7.272296e-04 -2.666923e-01 2.585534e-03) (5.449633e-06 3.280820e-04 1.482696e-05))
5.15          	((-7.922522e+00 -3.863872e-04 5.263177e-02) (1.340670e-02 2.773276e-04 1.549694e-03)) ((-6.726018e-04 -2.717017e-01 2.579285e-03) (6.022838e-06 2.701873e-04 1.364661e-05))
5.16          	((-8.104678e+00 -8.568106e-04 5.761763e-02) (1.094208e-02 2.709831e-04 1.550304e-03)) ((-7.405072e-04 -2.763432e-01 2.955713e-03) (6.614831e-06 2.118336e-04 1.240719e-05))
5.17          	((-8.269788e+00 -4.007448e-04 6.050818e-02) (8.466579e-03 2.642405e-04 1.551769e-03)) ((-5.956933e-04 -2.805391e-01 2.814393e-03) (7.078059e-06 1.530482e-04 1.120204e-05))
5.18          	((-8.417040e+00 -2.031073e-03 6.536778e-02) (5.983909e-03 2.579544e-04 1.554250e-03)) ((-5.407352e-04 -2.841708e-01 2.720060e-03) (7.505898e-06 9.389845e-05 1.033378e-05))
5.19          	((-8.550256e+00 -1.412598e-03 7.034162e-02) (3.499298e-03 2.509738e-04 1.557424e-03)) ((-6.013458e-04 -2.873508e-01 2.835833e-03) (7.941774e-06 3.455115e-05 9.486450e-06))
5.2           	((-8.666459e+00 -6.428295e-04 7.162361e-02) (1.016772e-03 2.423096e-04 1.562099e-03)) ((-6.367361e-04 -2.898057e-01 3.064649e-03) (8.500006e-06 -2.493178e-05 8.527952e-06))
5.21          	((-8.768286e+00 7.757435e-04 7.200333e-02) (-1.458485e-03 2.346996e-04 1.569266e-03)) ((-7.513406e-04 -2.919932e-01 3.184565e-03) (8.870812e-06 -8.461109e-05 7.811214e-06))
5.22          	((-8.854231e+00 -1.035787e-03 7.429501e-02) (-3.925613e-03 2.258823e-04 1.578381e-03)) ((-8.300159e-04 -2.939507e-01 3.032100e-03) (9.338258e-06 -1.441058e-04 7.253016e-06))
5.23          	((-8.924970e+00 -2.575084e-04 7.634276e-02) (-6.380700e-03 2.169723e-04 1.590020e-03)) ((-9.275803e-04 -2.947735e-01 3.171148e-03) (9.818806e-06 -2.033686e-04 6.659202e-06))
5.24          	((-8.987254e+00 -2.135655e-03 7.834185e-02) (-8.821971e-03 2.089056e-04 1.604211e-03)) ((-7.425247e-04 -2.957647e-01 3.449361e-03) (1.017170e-05 -2.624243e-04 6.136696e-06))
5.25          	((-9.042017e+00 -2.465451e-03 7.285445e-02) (-1.124649e-02 2.020326e-04 1.618163e-03)) ((-7.692917e-04 -2.960522e-01 3.241076e-03) (1.046089e-05 -3.210410e-04 5.818749e-06))
5.26          	((-9.090845e+00 -2.826723e-03 1.406826e-01) (-1.365275e-02 1.936864e-04 1.635647e-03)) ((-8.225930e-04 -2.930362e-01 3.483791e-03) (1.068407e-05 -3.790426e-04 5.655925e-06))
5.27          	((-9.018026e+00 -3.194518e-03 1.782039e-02) (-1.601455e-02 1.838309e-04 1.653559e-03)) ((-3.000555e-04 -2.933301e-01 3.451238e-03) (1.098850e-05 -4.365218e-04 5.738106e-06))
5.28          	((-9.087434e+00 1.207759e-04 7.220615e-02) (-1.835050e-02 1.736567e-04 1.675689e-03)) ((-8.708381e-04 -2.949608e-01 3.643814e-03) (1.142378e-05 -4.934455e-04 5.844222e-06))
5.29          	((-9.084902e+00 9.324785e-04 7.854657e-02) (-2.065591e-02 1.640194e-04 1.699307e-03)) ((-8.552023e-04 -2.933546e-01 3.760380e-03) (1.184096e-05 -5.493880e-04 6.137344e-06))
5.3           	((-9.061513e+00 -2.829262e-04 7.720108e-02) (-2.292960e-02 1.536120e-04 1.723611e-03)) ((-6.075962e-04 -2.913620e-01 3.722740e-03) (1.207591e-05 -6.044252e-04 6.533792e-06))
5.31          	((-9.018697e+00 -4.504388e-04 7.377487e-02) (-2.516892e-02 1.431725e-04 1.748245e-03)) ((-6.778477e-04 -2.890056e-01 3.803973e-03) (1.223536e-05 -6.584921e-04 7.021734e-06))
5.32          	((-8.963592e+00 -1.044785e-03 7.104248e-02) (-2.737216e-02 1.331451e-04 1.773477e-03)) ((-6.294908e-04 -2.860316e-01 3.843810e-03) (1.227021e-05 -7.116054e-04 7.397345e-06))
5.33          	((-8.899057e+00 -1.788362e-03 6.970464e-02) (-2.953459e-02 1.228982e-04 1.799534e-03)) ((-6.406954e-04 -2.825409e-01 3.847996e-03) (1.224723e-05 -7.635753e-04 7.861690e-06))
5.34          	((-8.817824e+00 -1.509269e-03 6.765848e-02) (-3.165565e-02 1.125490e-04 1.825381e-03)) ((-6.980086e-04 -2.785204e-01 3.866311e-03) (1.222120e-05 -8.141116e-04 8.295337e-06))
5.35          	((-8.724641e+00 -1.489199e-03 6.528818e-02) (-3.373328e-02 1.021658e-04 1.853222e-03)) ((-7.444095e-04 -2.742325e-01 3.895221e-03) (1.218328e-05 -8.632094e-04 8.849358e-06))
5.36          	((-8.618289e+00 -1.269883e-03 6.423461e-02) (-3.576347e-02 9.152436e-05 1.882276e-03)) ((-7.542013e-04 -2.695589e-01 3.870958e-03) (1.205082e-05 -9.107425e-04 9.278379e-06))
5.37          	((-8.496782e+00 -1.704814e-03 6.071127e-02) (-3.774105e-02 8.122335e-05 1.913123e-03)) ((-6.869522e-04 -2.641121e-01 3.900583e-03) (1.192445e-05 -9.567973e-04 9.727638e-06))
5.38          	((-8.363243e+00 -1.395076e-03 5.664638e-02) (-3.966722e-02 7.088449e-05 1.945241e-03)) ((-7.094782e-04 -2.583464e-01 3.863978e-03) (1.180672e-05 -1.001031e-03 1.018402e-05))
5.39          	((-8.216528e+00 -1.246276e-03 5.336939e-02) (-4.153639e-02 6.090555e-05 1.977727e-03)) ((-7.304069e-04 -2.519857e-01 3.863043e-03) (1.154415e-05 -1.043442e-03 1.026572e-05))
5.4           	((-8.056336e+00 -7.776300e-04 5.111744e-02) (-4.334619e-02 5.151492e-05 2.010528e-03)) ((-8.333346e-04 -2.452410e-01 3.765855e-03) (1.110111e-05 -1.084099e-03 9.949366e-06))
5.41          	((-7.882488e+00 -6.271707e-04 4.757940e-02) (-4.509294e-02 4.320421e-05 2.042080e-03)) ((-8.893530e-04 -2.379720e-01 3.605446e-03) (1.063410e-05 -1.122711e-03 9.514699e-06))
5.42          	((-7.695339e+00 -7.115951e-04 4.323486e-02) (-4.677379e-02 3.483330e-05 2.071936e-03)) ((-9.132637e-04 -2.302336e-01 3.481089e-03) (1.019233e-05 -1.159221e-03 8.973426e-06))
5.43          	((-7.494351e+00 -5.466038e-04 3.833309e-02) (-4.838264e-02 2.631106e-05 2.100437e-03)) ((-1.003911e-03 -2.219095e-01 3.311501e-03) (9.696615e-06 -1.193426e-03 8.137541e-06))
5.44          	((-7.280347e+00 -3.523995e-04 3.472161e-02) (-4.991573e-02 1.921557e-05 2.126969e-03)) ((-1.148841e-03 -2.131575e-01 3.188903e-03) (9.209047e-06 -1.225149e-03 7.315704e-06))
5.45          	((-7.052548e+00 3.665874e-04 3.059515e-02) (-5.137015e-02 1.203521e-05 2.151100e-03)) ((-1.257191e-03 -2.040569e-01 3.031870e-03) (8.750330e-06 -1.254581e-03 6.300272e-06))
5.46          	((-6.812464e+00 9.940398e-04 2.727179e-02) (-5.274134e-02 4.726248e-06 2.173150e-03)) ((-1.294259e-03 -1.945805e-01 2.813260e-03) (8.323485e-06 -1.281854e-03 5.025509e-06))
5.47          	((-6.559885e+00 1.299054e-03 2.187137e-02) (-5.402661e-02 -2.647226e-06 2.192945e-03)) ((-1.389585e-03 -1.847549e-01 2.658820e-03) (7.871262e-06 -1.306994e-03 3.728381e-06))
5.48          	((-6.294637e+00 1.462261e-03 1.747401e-02) (-5.522273e-02 -9.149435e-06 2.210431e-03)) ((-1.499531e-03 -1.744836e-01 2.468093e-03) (7.411788e-06 -1.329822e-03 2.181571e-06))
5.49          	((-6.017383e+00 1.505109e-03 1.375241e-02) (-5.632458e-02 -1.502172e-05 2.224455e-03)) ((-1.611321e-03 -1.639168e-01 2.320271e-03) (7.072338e-06 -1.350293e-03 4.569019e-07))
5.5           	((-5.727891e+00 1.350158e-03 1.029393e-02) (-5.733047e-02 -2.174228e-05 2.236572e-03)) ((-1.567475e-03 -1.531537e-01 2.146733e-03) (6.750461e-06 -1.368383e-03 -1.273305e-06))
5.51          	((-5.427619e+00 1.679171e-03 6.888135e-03) (-5.823660e-02 -2.793192e-05 2.245997e-03)) ((-1.647120e-03 -1.421190e-01 1.961751e-03) (6.330782e-06 -1.384253e-03 -3.423084e-06))
5.52          	((-5.116600e+00 1.682915e-03 3.121749e-03) (-5.903987e-02 -3.363803e-05 2.252559e-03)) ((-1.754835e-03 -1.308830e-01 1.743798e-03) (6.054643e-06 -1.397798e-03 -5.324647e-06))
5.53          	((-4.794463e+00 1.578505e-03 -3.213809e-04) (-5.973791e-02 -3.898389e-05 2.256767e-03)) ((-1.776351e-03 -1.192753e-01 1.509644e-03) (5.956339e-06 -1.408951e-03 -6.939958e-06))
5.54          	((-4.461989e+00 1.357374e-03 -2.660534e-03) (-6.032765e-02 -4.445893e-05 2.258620e-03)) ((-1.847131e-03 -1.075034e-01 1.388783e-03) (5.760800e-06 -1.417810e-03 -8.797078e-06))
5.55          	((-4.120480e+00 1.619714e-03 -4.961228e-03) (-6.080889e-02 -4.987693e-05 2.258680e-03)) ((-1.875468e-03 -9.564808e-02 1.315160e-03) (5.731876e-06 -1.424416e-03 -1.064889e-05))
5.56          	((-3.770104e+00 1.810897e-03 -6.658325e-03) (-6.117758e-02 -5.392366e-05 2.256788e-03)) ((-1.935463e-03 -8.353496e-02 1.141672e-03) (5.680133e-06 -1.428758e-03 -1.249854e-05))
5.57          	((-3.411221e+00 2.190389e-03 -8.522580e-03) (-6.143223e-02 -5.796636e-05 2.253595e-03)) ((-1.943759e-03 -7.118361e-02 1.091718e-03) (5.684347e-06 -1.430750e-03 -1.461001e-05))
5.58          	((-3.044769e+00 2.181369e-03 -9.861497e-03) (-6.157547e-02 -6.106471e-05 2.250097e-03)) ((-1.926075e-03 -5.877665e-02 1.006615e-03) (5.695619e-06 -1.430617e-03 -1.631645e-05))
5.59          	((-2.672415e+00 2.262768e-03 -1.030125e-02) (-6.160376e-02 -6.425906e-05 2.246269e-03)) ((-1.907721e-03 -4.617969e-02 8.560812e-04) (5.631618e-06 -1.428102e-03 -1.786942e-05))
5.6           	((-2.293470e+00 2.275217e-03 -9.959022e-03) (-6.151549e-02 -6.636852e-05 2.241620e-03)) ((-1.834688e-03 -3.356817e-02 6.785579e-04) (5.554922e-06 -1.423242e-03 -1.993631e-05))
5.61          	((-1.909763e+00 2.744841e-03 -9.613052e-03) (-6.131143e-02 -6.750271e-05 2.236663e-03)) ((-1.789764e-03 -2.091083e-02 4.164117e-04) (5.503682e-06 -1.416221e-03 -2.168408e-05))
5.62          	((-1.521414e+00 3.322111e-03 -8.406246e-03) (-6.099478e-02 -6.858520e-05 2.230620e-03)) ((-1.777609e-03 -8.152848e-03 2.748718e-04) (5.459707e-06 -1.407023e-03 -2.327020e-05))
5.63          	((-1.129070e+00 3.870663e-03 -7.666580e-03) (-6.056240e-02 -6.843741e-05 2.223209e-03)) ((-1.755286e-03 4.581039e-03 1.472043e-04) (5.238419e-06 -1.395381e-03 -2.495451e-05))
5.64          	((-7.338518e-01 3.763055e-03 -5.823267e-03) (-6.001866e-02 -6.740982e-05 2.214916e-03)) ((-1.658293e-03 1.731278e-02 -4.567260e-05) (5.064316e-06 -1.381396e-03 -2.609894e-05))
5.65          	((-3.366414e-01 4.452666e-03 -4.403839e-03) (-5.935875e-02 -6.668797e-05 2.205197e-03)) ((-1.658010e-03 3.002854e-02 -2.222604e-04) (4.765750e-06 -1.365137e-03 -2.708193e-05))
5.66          	((6.178760e-02 4.627799e-03 -2.995800e-03) (-5.858904e-02 -6.338254e-05 2.194523e-03)) ((-1.571607e-03 4.259588e-02 -3.632020e-04) (4.314512e-06 -1.346678e-03 -2.823349e-05))
5.67          	((4.619849e-01 4.977747e-03 -1.247386e-03) (-5.770808e-02 -5.968422e-05 2.182755e-03)) ((-1.458035e-03 5.508172e-02 -5.358134e-04) (3.905779e-06 -1.325834e-03 -2.899865e-05))
5.68          	((8.625208e-01 5.244181e-03 1.591229e-03) (-5.671862e-02 -5.424382e-05 2.170271e-03)) ((-1.424865e-03 6.749538e-02 -6.489748e-04) (3.375320e-06 -1.302775e-03 -2.947620e-05))
5.69          	((1.261027e+00 5.171565e-03 3.879443e-03) (-5.562286e-02 -4.798433e-05 2.157130e-03)) ((-1.284286e-03 7.976229e-02 -7.574662e-04) (2.796685e-06 -1.277443e-03 -2.984017e-05))
5.7           	((1.655842e+00 5.373818e-03 5.103608e-03) (-5.442182e-02 -4.054394e-05 2.143094e-03)) ((-1.242236e-03 9.185991e-02 -8.801816e-04) (2.244100e-06 -1.249927e-03 -2.976206e-05))
5.71          	((2.047319e+00 5.726309e-03 5.373998e-03) (-5.312048e-02 -3.339753e-05 2.128106e-03)) ((-1.125348e-03 1.037488e-01 -9.440798e-04) (1.781263e-06 -1.220259e-03 -2.967916e-05))
5.72          	((2.434017e+00 5.780830e-03 5.154579e-03) (-5.172068e-02 -2.497189e-05 2.112082e-03)) ((-9.523129e-04 1.154379e-01 -1.152977e-03) (1.228105e-06 -1.188392e-03 -2.946998e-05))
5.73          	((2.815336e+00 5.831434e-03 3.808903e-03) (-5.022773e-02 -1.626906e-05 2.094884e-03)) ((-8.378209e-04 1.268461e-01 -1.292425e-03) (7.567967e-07 -1.154507e-03 -2.913540e-05))
5.74          	((3.191062e+00 5.910686e-03 4.778439e-03) (-4.864402e-02 -6.775430e-06 2.077097e-03)) ((-7.432516e-04 1.380105e-01 -1.448993e-03) (3.051885e-07 -1.118555e-03 -2.875985e-05))
5.75          	((3.561600e+00 6.214621e-03 5.271336e-03) (-4.697323e-02 2.431539e-06 2.058545e-03)) ((-5.583514e-04 1.490557e-01 -1.562015e-03) (-8.924152e-08 -1.080555e-03 -2.840297e-05))
5.76          	((3.926039e+00 6.289026e-03 5.161714e-03) (-4.521951e-02 1.207504e-05 2.039657e-03)) ((-4.872217e-04 1.598430e-01 -1.683301e-03) (-4.196589e-07 -1.040703e-03 -2.807309e-05))
5.77          	((4.282458e+00 6.356564e-03 5.411585e-03) (-4.338688e-02 2.193468e-05 2.020731e-03)) ((-2.882502e-04 1.702421e-01 -1.614872e-03) (-6.968220e-07 -9.989629e-04 -2.781052e-05))
5.78          	((4.631534e+00 5.834602e-03 7.584022e-03) (-4.147849e-02 3.286105e-05 2.000995e-03)) ((-6.449298e-05 1.803417e-01 -1.755680e-03) (-1.089164e-06 -9.553907e-04 -2.756856e-05))
5.79          	((4.971456e+00 6.200739e-03 7.334572e-03) (-3.949958e-02 4.433554e-05 1.981360e-03)) ((-4.995767e-05 1.902035e-01 -1.815653e-03) (-1.504198e-06 -9.101440e-04 -2.736554e-05))
5.8           	((5.301012e+00 6.550141e-03 7.417249e-03) (-3.745418e-02 5.607292e-05 1.961643e-03)) ((2.014107e-05 1.996138e-01 -1.945964e-03) (-1.816297e-06 -8.633245e-04 -2.704608e-05))
5.81          	((5.620584e+00 6.752535e-03 7.573245e-03) (-3.534652e-02 6.716738e-05 1.941467e-03)) ((1.313085e-04 2.086757e-01 -2.095842e-03) (-2.059210e-06 -8.148693e-04 -2.687801e-05))
5.82          	((5.929230e+00 6.694226e-03 7.616759e-03) (-3.318146e-02 7.811681e-05 1.921249e-03)) ((2.252671e-04 2.174070e-01 -2.204190e-03) (-2.191201e-06 -7.649805e-04 -2.648035e-05))
5.83          	((6.225107e+00 6.442758e-03 8.725517e-03) (-3.096432e-02 8.852118e-05 1.901047e-03)) ((3.592440e-04 2.257303e-01 -2.304884e-03) (-2.329348e-06 -7.138154e-04 -2.591720e-05))
5.84          	((6.508102e+00 6.221049e-03 8.297614e-03) (-2.870082e-02 9.819584e-05 1.880904e-03)) ((4.552150e-04 2.336191e-01 -2.317163e-03) (-2.493276e-06 -6.614340e-04 -2.518846e-05))
5.85          	((6.778282e+00 5.428757e-03 8.682634e-03) (-2.639439e-02 1.079194e-04 1.861122e-03)) ((6.723618e-04 2.410099e-01 -2.428325e-03) (-2.752792e-06 -6.079119e-04 -2.448869e-05))
5.86          	((7.034003e+00 4.752293e-03 7.902530e-03) (-2.404981e-02 1.179883e-04 1.841473e-03)) ((8.398924e-04 2.480523e-01 -2.552686e-03) (-3.098499e-06 -5.533725e-04 -2.361505e-05))
5.87          	((7.276878e+00 4.699221e-03 8.238790e-03) (-2.167288e-02 1.280946e-04 1.820719e-03)) ((1.054718e-03 2.546904e-01 -2.631611e-03) (-3.533539e-06 -4.979495e-04 -2.261042e-05))
5.88          	((7.504330e+00 5.093529e-03 7.114240e-03) (-1.926707e-02 1.384404e-04 1.800373e-03)) ((9.562479e-04 2.607595e-01 -2.672184e-03) (-3.942051e-06 -4.415772e-04 -2.140350e-05))
5.89          	((7.717040e+00 4.926078e-03 6.891159e-03) (-1.683725e-02 1.477699e-04 1.780793e-03)) ((1.004465e-03 2.661809e-01 -2.785639e-03) (-4.176004e-06 -3.842887e-04 -2.014016e-05))
5.9           	((7.915196e+00 4.513646e-03 5.324871e-03) (-1.438859e-02 1.562227e-04 1.762641e-03)) ((1.102726e-03 2.713451e-01 -3.000164e-03) (-4.409111e-06 -3.262935e-04 -1.898039e-05))
5.91          	((8.095603e+00 4.785188e-03 4.295984e-03) (-1.192460e-02 1.648543e-04 1.744185e-03)) ((1.169700e-03 2.759084e-01 -3.050494e-03) (-4.799105e-06 -2.676543e-04 -1.771656e-05))
5.92          	((8.260156e+00 5.017828e-03 3.494790e-03) (-9.450710e-03 1.734908e-04 1.726504e-03)) ((1.197337e-03 2.799249e-01 -3.108029e-03) (-5.265386e-06 -2.087661e-04 -1.638890e-05))
5.93          	((8.408563e+00 3.704647e-03 5.172064e-03) (-6.969625e-03 1.816117e-04 1.709838e-03)) ((1.280666e-03 2.832447e-01 -3.231796e-03) (-5.530428e-06 -1.496404e-04 -1.507433e-05))
5.94          	((8.542627e+00 3.292887e-03 7.039837e-03) (-4.486922e-03 1.896257e-04 1.694475e-03)) ((1.113306e-03 2.861790e-01 -3.266264e-03) (-5.789492e-06 -9.045041e-05 -1.360325e-05))
5.95          	((8.659733e+00 3.873049e-03 4.052712e-03) (-2.007074e-03 1.979900e-04 1.680772e-03)) ((1.352088e-03 2.889139e-01 -3.363098e-03) (-6.156129e-06 -3.120084e-05 -1.201239e-05))
5.96          	((8.761576e+00 3.962165e-03 1.940398e-03) (4.672818e-04 2.072076e-04 1.668379e-03)) ((1.293886e-03 2.914244e-01 -3.442940e-03) (-6.585151e-06 2.799305e-05 -1.044929e-05))
5.97          	((8.845568e+00 4.217989e-03 -1.015535e-04) (2.933081e-03 2.159097e-04 1.658623e-03)) ((1.198518e-03 2.933756e-01 -3.448756e-03) (-6.887630e-06 8.706948e-05 -9.079978e-06))
5.98          	((8.919378e+00 3.377037e-03 -5.615279e-03) (5.386130e-03 2.233556e-04 1.650321e-03)) ((1.140782e-03 2.946842e-01 -3.328007e-03) (-7.155194e-06 1.456762e-04 -7.701741e-06))
5.99          	((8.977880e+00 2.209608e-03 -1.151905e-02) (7.823572e-03 2.306580e-04 1.645154e-03)) ((1.282477e-03 2.952689e-01 -3.518128e-03) (-7.338239e-06 2.037561e-04 -6.309223e-06))
6             	((9.033709e+00 9.046101e-04 -2.389122e-02) (1.024411e-02 2.375047e-04 1.640391e-03)) ((1.053822e-03 2.965140e-01 -3.598799e-03) (-7.516140e-06 2.614330e-04 -4.862974e-06))
6.01          	((9.063857e+00 1.377939e-03 4.316932e-02) (1.264471e-02 2.441163e-04 1.641123e-03)) ((1.073348e-03 2.913408e-01 -3.795123e-03) (-7.622706e-06 3.182191e-04 -3.378373e-06))
6.02          	((9.013273e+00 2.341968e-03 -4.674201e-02) (1.500333e-02 2.503424e-04 1.640573e-03)) ((6.401966e-04 2.938177e-01 -3.802538e-03) (-7.632903e-06 3.746558e-04 -1.756067e-06))
6.03          	((9.072295e+00 3.008760e-03 -4.211439e-02) (1.733499e-02 2.570037e-04 1.643196e-03)) ((9.669106e-04 2.946018e-01 -3.853474e-03) (-7.632114e-06 4.302559e-04 -1.771682e-07))
6.04          	((9.070092e+00 1.527724e-03 -3.457314e-02) (1.963629e-02 2.640801e-04 1.646792e-03)) ((9.484085e-04 2.930475e-01 -3.756587e-03) (-7.650603e-06 4.848548e-04 1.294909e-06))
6.05          	((9.045308e+00 2.301605e-03 -3.418509e-02) (2.190381e-02 2.716628e-04 1.650831e-03)) ((8.404866e-04 2.913772e-01 -3.659555e-03) (-7.700492e-06 5.384284e-04 2.816383e-06))
6.06          	((9.005043e+00 1.110061e-03 -3.913462e-02) (2.413485e-02 2.789432e-04 1.654814e-03)) ((9.151670e-04 2.893827e-01 -3.772668e-03) (-7.706570e-06 5.910163e-04 4.180644e-06))
6.07          	((8.949965e+00 6.835074e-04 -4.429979e-02) (2.632898e-02 2.862883e-04 1.658748e-03)) ((9.203274e-04 2.864555e-01 -3.831757e-03) (-7.717562e-06 6.427166e-04 5.556653e-06))
6.08          	((8.883137e+00 8.914820e-04 -4.951040e-02) (2.848251e-02 2.940711e-04 1.663856e-03)) ((8.099904e-04 2.830506e-01 -3.759558e-03) (-7.578939e-06 6.931124e-04 6.830673e-06))
6.09          	((8.803215e+00 2.411293e-04 -5.512042e-02) (3.059312e-02 3.012879e-04 1.671512e-03)) ((8.782901e-04 2.793153e-01 -3.752847e-03) (-7.489103e-06 7.421419e-04 8.077415e-06))
6.1           	((8.708939e+00 -3.749064e-04 -6.138129e-02) (3.265961e-02 3.081583e-04 1.681485e-03)) ((8.770326e-04 2.752062e-01 -3.734005e-03) (-7.318926e-06 7.899232e-04 9.054105e-06))
6.11          	((8.601521e+00 -1.139703e-03 -6.787447e-02) (3.467750e-02 3.147528e-04 1.692596e-03)) ((8.755784e-04 2.706691e-01 -3.600265e-03) (-7.077902e-06 8.362554e-04 1.009198e-05))
6.12          	((8.481802e+00 -1.299489e-03 -7.440054e-02) (3.664373e-02 3.201573e-04 1.704584e-03)) ((8.424428e-04 2.656659e-01 -3.608545e-03) (-6.813913e-06 8.810951e-04 1.118420e-05))
6.13          	((8.348896e+00 -2.611514e-03 -7.880419e-02) (3.855582e-02 3.261871e-04 1.717503e-03)) ((8.235617e-04 2.601429e-01 -3.636504e-03) (-6.458426e-06 9.242631e-04 1.202658e-05))
6.14          	((8.202735e+00 -3.888007e-03 -8.359577e-02) (4.040863e-02 3.326989e-04 1.730921e-03)) ((9.160598e-04 2.538852e-01 -3.652791e-03) (-6.127754e-06 9.658107e-04 1.328896e-05))
6.15          	((8.042880e+00 -4.495731e-03 -8.887638e-02) (4.220020e-02 3.392519e-04 1.745359e-03)) ((9.859562e-04 2.471123e-01 -3.551958e-03) (-5.733186e-06 1.005707e-03 1.439985e-05))
6.16          	((7.869092e+00 -5.031122e-03 -9.356734e-02) (4.392497e-02 3.453799e-04 1.758939e-03)) ((1.029664e-03 2.398669e-01 -3.491018e-03) (-5.306267e-06 1.043536e-03 1.540929e-05))
6.17          	((7.681348e+00 -5.457381e-03 -9.894343e-02) (4.558273e-02 3.517388e-04 1.772689e-03)) ((1.069942e-03 2.320133e-01 -3.463635e-03) (-4.714834e-06 1.079425e-03 1.613367e-05))
6.18          	((7.481042e+00 -5.864633e-03 -1.036308e-01) (4.716672e-02 3.585024e-04 1.786653e-03)) ((1.012416e-03 2.238653e-01 -3.375753e-03) (-4.130795e-06 1.113274e-03 1.723335e-05))
6.19          	((7.267632e+00 -6.161727e-03 -1.083767e-01) (4.867705e-02 3.647831e-04 1.800357e-03)) ((1.041933e-03 2.151987e-01 -3.201835e-03) (-3.519570e-06 1.145007e-03 1.828308e-05))
6.2           	((7.040786e+00 -6.841165e-03 -1.126600e-01) (5.010781e-02 3.711892e-04 1.812911e-03)) ((1.101846e-03 2.060289e-01 -3.187248e-03) (-2.921216e-06 1.174632e-03 1.962221e-05))
6.21          	((6.801119e+00 -7.511709e-03 -1.179401e-01) (5.145905e-02 3.780014e-04 1.823613e-03)) ((1.170870e-03 1.964918e-01 -3.191467e-03) (-2.444999e-06 1.202134e-03 2.056105e-05))
6.22          	((6.549335e+00 -8.024145e-03 -1.226307e-01) (5.272711e-02 3.848381e-04 1.832603e-03)) ((1.277835e-03 1.865521e-01 -3.080974e-03) (-2.069332e-06 1.227333e-03 2.165063e-05))
6.23          	((6.284787e+00 -8.965173e-03 -1.265576e-01) (5.390478e-02 3.922607e-04 1.840061e-03)) ((1.373150e-03 1.763048e-01 -3.023126e-03) (-1.745657e-06 1.250273e-03 2.285566e-05))
6.24          	((6.007729e+00 -9.791632e-03 -1.294433e-01) (5.499198e-02 3.995807e-04 1.845122e-03)) ((1.387410e-03 1.658274e-01 -2.975869e-03) (-1.493675e-06 1.270982e-03 2.399952e-05))
6.25          	((5.719386e+00 -1.005405e-02 -1.325424e-01) (5.598612e-02 4.062622e-04 1.849144e-03)) ((1.431468e-03 1.550158e-01 -2.925849e-03) (-1.437668e-06 1.289448e-03 2.534498e-05))
6.26          	((5.419376e+00 -1.020977e-02 -1.343384e-01) (5.688182e-02 4.128717e-04 1.851010e-03)) ((1.490407e-03 1.438639e-01 -2.805679e-03) (-1.463296e-06 1.305699e-03 2.672736e-05))
6.27          	((5.108459e+00 -1.034140e-02 -1.365095e-01) (5.767947e-02 4.186760e-04 1.850865e-03)) ((1.487786e-03 1.323978e-01 -2.704226e-03) (-1.587475e-06 1.319689e-03 2.823029e-05))
6.28          	((4.786728e+00 -1.063102e-02 -1.384155e-01) (5.837252e-02 4.248663e-04 1.849241e-03)) ((1.523265e-03 1.207369e-01 -2.538691e-03) (-1.743377e-06 1.331503e-03 2.967117e-05))
6.29          	((4.455251e+00 -1.066967e-02 -1.396536e-01) (5.895967e-02 4.303882e-04 1.844894e-03)) ((1.576472e-03 1.088898e-01 -2.432420e-03) (-1.788169e-06 1.341297e-03 3.105714e-05))
6.3           	((4.114457e+00 -1.121554e-02 -1.391383e-01) (5.943919e-02 4.354268e-04 1.839147e-03)) ((1.521179e-03 9.683123e-02 -2.300595e-03) (-1.930823e-06 1.348912e-03 3.239128e-05))
6.31          	((3.764934e+00 -1.098252e-02 -1.388921e-01) (5.980945e-02 4.394613e-04 1.831680e-03)) ((1.503179e-03 8.458589e-02 -2.091175e-03) (-1.906342e-06 1.354391e-03 3.365178e-05))
6.32          	((3.407007e+00 -1.130258e-02 -1.365300e-01) (6.006948e-02 4.434947e-04 1.822572e-03)) ((1.442067e-03 7.210252e-02 -1.915608e-03) (-2.025912e-06 1.357523e-03 3.453155e-05))
6.33          	((3.041960e+00 -1.094562e-02 -1.331736e-01) (6.021652e-02 4.457054e-04 1.812243e-03)) ((1.427933e-03 5.956130e-02 -1.829423e-03) (-2.170102e-06 1.358427e-03 3.559231e-05))
6.34          	((2.669680e+00 -1.067045e-02 -1.298944e-01) (6.025048e-02 4.480440e-04 1.801554e-03)) ((1.403733e-03 4.685131e-02 -1.640741e-03) (-2.181607e-06 1.356845e-03 3.681404e-05))
6.35          	((2.292537e+00 -1.029291e-02 -1.265083e-01) (6.017055e-02 4.485658e-04 1.791152e-03)) ((1.337602e-03 3.405388e-02 -1.577585e-03) (-2.303304e-06 1.353035e-03 3.778958e-05))
6.36          	((1.909443e+00 -1.015637e-02 -1.223430e-01) (5.997546e-02 4.490071e-04 1.780784e-03)) ((1.280569e-03 2.117906e-02 -1.376719e-03) (-2.394605e-06 1.346802e-03 3.881759e-05))
6.37          	((1.521847e+00 -9.791857e-03 -1.172274e-01) (5.966640e-02 4.488953e-04 1.771405e-03)) ((1.279857e-03 8.282734e-03 -1.218385e-03) (-2.469423e-06 1.338076e-03 3.954752e-05))
6.38          	((1.130570e+00 -9.668727e-03 -1.111364e-01) (5.924176e-02 4.476724e-04 1.762244e-03)) ((1.358024e-03 -4.536965e-03 -9.943020e-04) (-2.562754e-06 1.327181e-03 4.019359e-05))
6.39          	((7.354036e-01 -9.513845e-03 -1.049887e-01) (5.870254e-02 4.457006e-04 1.753830e-03)) ((1.235527e-03 -1.732750e-02 -7.887721e-04) (-2.599158e-06 1.314042e-03 4.070666e-05))
6.4           	((3.384617e-01 -9.852219e-03 -9.956231e-02) (5.805034e-02 4.431825e-04 1.745562e-03)) ((1.170058e-03 -3.004992e-02 -5.951468e-04) (-2.483911e-06 1.298513e-03 4.125781e-05))
6.41          	((-5.976357e-02 -9.183710e-03 -9.253023e-02) (5.728590e-02 4.398559e-04 1.737937e-03)) ((1.125260e-03 -4.270465e-02 -4.331553e-04) (-2.421757e-06 1.280651e-03 4.158322e-05))
6.42          	((-4.597645e-01 -8.329268e-03 -8.452649e-02) (5.641133e-02 4.368803e-04 1.729943e-03)) ((1.067052e-03 -5.524343e-02 -2.254356e-04) (-2.469382e-06 1.260554e-03 4.145830e-05))
6.43          	((-8.596753e-01 -7.660005e-03 -7.663975e-02) (5.542655e-02 4.324637e-04 1.722573e-03)) ((1.005765e-03 -6.776133e-02 -4.658189e-05) (-2.448040e-06 1.238012e-03 4.121596e-05))
6.44          	((-1.258529e+00 -7.425732e-03 -6.807894e-02) (5.433576e-02 4.275252e-04 1.715499e-03)) ((8.667978e-04 -8.017431e-02 1.591639e-04) (-2.351791e-06 1.213286e-03 4.094805e-05))
6.45          	((-1.653607e+00 -6.763348e-03 -5.989399e-02) (5.314140e-02 4.222901e-04 1.709071e-03)) ((8.139050e-04 -9.238228e-02 2.858887e-04) (-2.238716e-06 1.186243e-03 4.041406e-05))
6.46          	((-2.044743e+00 -6.264704e-03 -5.271931e-02) (5.184745e-02 4.161471e-04 1.703235e-03)) ((7.449801e-04 -1.043746e-01 5.319210e-04) (-2.060276e-06 1.157037e-03 3.959834e-05))
6.47          	((-2.431157e+00 -5.674911e-03 -4.642077e-02) (5.045432e-02 4.090576e-04 1.697380e-03)) ((6.147155e-04 -1.160673e-01 7.641618e-04) (-1.849464e-06 1.125675e-03 3.826855e-05))
6.48          	((-2.813346e+00 -5.005743e-03 -4.002155e-02) (4.896767e-02 4.015204e-04 1.691480e-03)) ((4.966237e-04 -1.275188e-01 8.873467e-04) (-1.695631e-06 1.092329e-03 3.696062e-05))
6.49          	((-3.189824e+00 -4.718725e-03 -3.457077e-02) (4.739079e-02 3.937067e-04 1.685549e-03)) ((4.506400e-04 -1.387011e-01 1.067060e-03) (-1.457407e-06 1.056912e-03 3.552562e-05))
6.5           	((-3.560978e+00 -4.368690e-03 -2.786752e-02) (4.572670e-02 3.854450e-04 1.679729e-03)) ((4.249903e-04 -1.497419e-01 1.239268e-03) (-1.192067e-06 1.019535e-03 3.420751e-05))
6.51          	((-3.925489e+00 -4.079613e-03 -2.132611e-02) (4.397887e-02 3.775264e-04 1.674530e-03)) ((3.356799e-04 -1.604779e-01 1.488085e-03) (-8.850912e-07 9.801402e-04 3.273425e-05))
6.52          	((-4.282529e+00 -3.527536e-03 -1.445545e-02) (4.215285e-02 3.687083e-04 1.668768e-03)) ((2.291397e-04 -1.709014e-01 1.595169e-03) (-6.482536e-07 9.388787e-04 3.123840e-05))
6.53          	((-4.632140e+00 -3.246364e-03 -8.115165e-03) (4.025196e-02 3.607498e-04 1.663424e-03)) ((9.134745e-05 -1.810498e-01 1.813628e-03) (-3.110402e-07 8.958464e-04 2.966340e-05))
6.54          	((-4.973266e+00 -3.028593e-03 -7.765268e-04) (3.828068e-02 3.531426e-04 1.658667e-03)) ((4.499160e-05 -1.909133e-01 1.932964e-03) (7.010323e-08 8.509147e-04 2.805518e-05))
6.55          	((-5.304154e+00 -2.652128e-03 4.889052e-03) (3.624367e-02 3.458340e-04 1.654651e-03)) ((-7.386292e-05 -2.003432e-01 2.035977e-03) (5.234850e-07 8.042955e-04 2.653664e-05))
6.56          	((-5.623771e+00 -2.144689e-03 1.191675e-02) (3.414559e-02 3.389738e-04 1.651557e-03)) ((-1.860536e-04 -2.095459e-01 2.132390e-03) (1.033886e-06 7.560460e-04 2.494507e-05))
6.57          	((-5.932097e+00 -1.904601e-03 1.808469e-02) (3.199135e-02 3.326834e-04 1.648651e-03)) ((-2.347106e-04 -2.181999e-01 2.216055e-03) (1.598244e-06 7.063026e-04 2.340216e-05))
6.58          	((-6.228721e+00 -1.887433e-03 2.276594e-02) (2.978496e-02 3.260919e-04 1.645999e-03)) ((-2.381352e-04 -2.264381e-01 2.203519e-03) (2.042259e-06 6.552585e-04 2.175320e-05))
6.59          	((-6.512347e+00 -1.482112e-03 2.825068e-02) (2.753170e-02 3.196570e-04 1.643998e-03)) ((-3.376697e-04 -2.343128e-01 2.305996e-03) (2.497660e-06 6.028816e-04 2.023108e-05))
6.6           	((-6.783018e+00 -1.062029e-03 3.337744e-02) (2.523694e-02 3.129018e-04 1.642851e-03)) ((-4.431314e-04 -2.417839e-01 2.312372e-03) (3.038476e-06 5.493594e-04 1.861298e-05))
6.61          	((-7.040609e+00 -1.794301e-03 3.979285e-02) (2.290526e-02 3.061604e-04 1.641831e-03)) ((-4.742852e-04 -2.488104e-01 2.338423e-03) (3.603751e-06 4.947393e-04 1.697875e-05))
6.62          	((-7.283340e+00 -1.675153e-03 4.380602e-02) (2.054019e-02 2.995937e-04 1.640664e-03)) ((-5.407174e-04 -2.553553e-01 2.594941e-03) (4.248297e-06 4.391323e-04 1.548816e-05))
6.63          	((-7.510613e+00 2.497822e-04 4.765881e-02) (1.814723e-02 2.922898e-04 1.639006e-03)) ((-7.543504e-04 -2.612935e-01 2.713476e-03) (4.888458e-06 3.827059e-04 1.414680e-05))
6.64          	((-7.723163e+00 -4.616979e-04 5.218588e-02) (1.573153e-02 2.846631e-04 1.637967e-03)) ((-6.955087e-04 -2.669216e-01 2.563676e-03) (5.441909e-06 3.254096e-04 1.285202e-05))
6.65          	((-7.922102e+00 -1.327405e-04 5.663676e-02) (1.329630e-02 2.774704e-04 1.637242e-03)) ((-6.432643e-04 -2.719136e-01 2.487905e-03) (5.949741e-06 2.673818e-04 1.167710e-05))
6.66          	((-8.104109e+00 -3.856347e-04 6.282730e-02) (1.084674e-02 2.707035e-04 1.636912e-03)) ((-6.409509e-04 -2.765197e-01 2.908060e-03) (6.452846e-06 2.088979e-04 1.052856e-05))
6.67          	((-8.269224e+00 -1.095959e-03 6.606947e-02) (8.386483e-03 2.637045e-04 1.637648e-03)) ((-5.790022e-04 -2.807135e-01 2.766547e-03) (6.865154e-06 1.499475e-04 9.373620e-06))
6.68          	((-8.416497e+00 -1.462174e-03 6.979777e-02) (5.919768e-03 2.571198e-04 1.639519e-03)) ((-5.115967e-04 -2.842485e-01 2.718278e-03) (7.201272e-06 9.067809e-05 8.617994e-06))
6.69          	((-8.550256e+00 -1.932677e-03 7.433188e-02) (3.451262e-03 2.496932e-04 1.641714e-03)) ((-6.457967e-04 -2.874751e-01 2.833174e-03) (7.604549e-06 3.117805e-05 7.946301e-06))
6.7           	((-8.666138e+00 -1.984401e-03 7.584271e-02) (9.846844e-04 2.411944e-04 1.645518e-03)) ((-6.074667e-04 -2.900324e-01 2.943213e-03) (8.072897e-06 -2.852258e-05 7.163553e-06))
6.71          	((-8.768708e+00 1.557453e-03 7.656777e-02) (-1.475082e-03 2.334412e-04 1.651610e-03)) ((-7.552840e-04 -2.920851e-01 3.079479e-03) (8.502176e-06 -8.831785e-05 6.554177e-06))
6.72          	((-8.854491e+00 -6.206429e-04 7.870313e-02) (-3.926503e-03 2.251154e-04 1.659960e-03)) ((-9.296984e-04 -2.939663e-01 3.011580e-03) (8.955027e-06 -1.480002e-04 6.060256e-06))
6.73          	((-8.925275e+00 -7.381576e-04 7.860877e-02) (-6.366884e-03 2.165024e-04 1.670855e-03)) ((-8.591641e-04 -2.950427e-01 3.084172e-03) (9.356745e-06 -2.075057e-04 5.492834e-06))
6.74          	((-8.987040e+00 -2.011684e-03 8.220680e-02) (-8.794137e-03 2.085654e-04 1.683539e-03)) ((-6.794334e-04 -2.956997e-01 3.311195e-03) (9.731893e-06 -2.666959e-04 5.030340e-06))
6.75          	((-9.043985e+00 -3.312810e-03 7.684656e-02) (-1.120480e-02 2.014704e-04 1.696656e-03)) ((-6.755914e-04 -2.964500e-01 3.257086e-03) (9.992653e-06 -3.255605e-04 4.663128e-06))
6.76          	((-9.084936e+00 -1.971997e-03 1.461576e-01) (-1.359644e-02 1.928934e-04 1.713849e-03)) ((-9.510625e-04 -2.936657e-01 3.213384e-03) (1.021522e-05 -3.837899e-04 4.481834e-06))
6.77          	((-9.015229e+00 -2.810888e-03 2.432425e-02) (-1.594426e-02 1.826081e-04 1.731451e-03)) ((-4.441383e-04 -2.929174e-01 3.385298e-03) (1.061919e-05 -4.414158e-04 4.561822e-06))
6.78          	((-9.084705e+00 -5.069970e-04 7.363503e-02) (-1.826643e-02 1.728534e-04 1.752863e-03)) ((-7.559803e-04 -2.950000e-01 3.494452e-03) (1.102903e-05 -4.985927e-04 4.779227e-06))
6.79          	((-9.082545e+00 1.291716e-03 8.059336e-02) (-2.055798e-02 1.630033e-04 1.775402e-03)) ((-8.043578e-04 -2.933617e-01 3.587654e-03) (1.146259e-05 -5.547731e-04 5.182215e-06))
6.8           	((-9.059560e+00 9.303117e-04 8.004149e-02) (-2.281874e-02 1.530899e-04 1.799201e-03)) ((-7.257296e-04 -2.915096e-01 3.653205e-03) (1.164012e-05 -6.099259e-04 5.568217e-06))
6.81          	((-9.017701e+00 4.998827e-04 7.671478e-02) (-2.504593e-02 1.430650e-04 1.823070e-03)) ((-7.281911e-04 -2.891487e-01 3.694527e-03) (1.180659e-05 -6.640949e-04 6.172001e-06))
6.82          	((-8.963048e+00 -7.940117e-04 7.373537e-02) (-2.723642e-02 1.329073e-04 1.848413e-03)) ((-5.944988e-04 -2.861016e-01 3.682393e-03) (1.187614e-05 -7.172680e-04 6.649201e-06))
6.83          	((-8.896884e+00 -1.791550e-03 7.247061e-02) (-2.938686e-02 1.229797e-04 1.873623e-03)) ((-6.108559e-04 -2.826931e-01 3.626196e-03) (1.187807e-05 -7.693071e-04 7.121047e-06))
6.84          	((-8.816179e+00 -1.622380e-03 6.967734e-02) (-3.149668e-02 1.126868e-04 1.899234e-03)) ((-7.321466e-04 -2.787114e-01 3.699614e-03) (1.186689e-05 -8.199474e-04 7.677420e-06))
6.85          	((-8.723518e+00 -1.219300e-03 6.856229e-02) (-3.356340e-02 1.025826e-04 1.926232e-03)) ((-7.286871e-04 -2.743446e-01 3.730595e-03) (1.174902e-05 -8.691062e-04 8.126923e-06))
6.86          	((-8.617250e+00 -9.183819e-04 6.603466e-02) (-3.558214e-02 9.168507e-05 1.954600e-03)) ((-7.129429e-04 -2.696007e-01 3.735199e-03) (1.163211e-05 -9.167289e-04 8.569284e-06))
6.87          	((-8.496440e+00 -1.056043e-03 6.310322e-02) (-3.755008e-02 8.138616e-05 1.984254e-03)) ((-6.911534e-04 -2.641939e-01 3.746484e-03) (1.155602e-05 -9.627377e-04 8.995808e-06))
6.88          	((-8.362654e+00 -7.304860e-04 5.908850e-02) (-3.946558e-02 7.081768e-05 2.015410e-03)) ((-6.832387e-04 -2.583666e-01 3.764841e-03) (1.147747e-05 -1.006937e-03 9.417311e-06))
6.89          	((-8.214979e+00 -6.945675e-04 5.666219e-02) (-4.132480e-02 6.015403e-05 2.047972e-03)) ((-7.329621e-04 -2.520124e-01 3.680225e-03) (1.131941e-05 -1.049278e-03 9.436520e-06))
6.9           	((-8.054752e+00 -4.389057e-04 5.300054e-02) (-4.312398e-02 5.069037e-05 2.080120e-03)) ((-7.548140e-04 -2.452731e-01 3.618739e-03) (1.100042e-05 -1.089804e-03 9.075427e-06))
6.91          	((-7.881126e+00 1.147764e-04 5.032755e-02) (-4.486092e-02 4.176034e-05 2.111325e-03)) ((-8.508744e-04 -2.380175e-01 3.564783e-03) (1.062423e-05 -1.128208e-03 8.622087e-06))
6.92          	((-7.693784e+00 -2.582714e-04 4.660185e-02) (-4.653233e-02 3.358114e-05 2.140412e-03)) ((-8.575317e-04 -2.302032e-01 3.355042e-03) (1.023265e-05 -1.164572e-03 7.965824e-06))
6.93          	((-7.493119e+00 3.011038e-04 4.157501e-02) (-4.813264e-02 2.476199e-05 2.168160e-03)) ((-9.750603e-04 -2.219505e-01 3.232348e-03) (9.877008e-06 -1.198599e-03 7.143775e-06))
6.94          	((-7.278782e+00 7.758397e-04 3.742932e-02) (-4.965710e-02 1.733838e-05 2.193344e-03)) ((-1.100780e-03 -2.132294e-01 3.093173e-03) (9.427595e-06 -1.230266e-03 6.223983e-06))
6.95          	((-7.051375e+00 1.379261e-03 3.374706e-02) (-5.110302e-02 1.069529e-05 2.216930e-03)) ((-1.220756e-03 -2.041392e-01 2.951301e-03) (9.034319e-06 -1.259567e-03 5.243307e-06))
6.96          	((-6.810997e+00 1.816598e-03 3.023322e-02) (-5.246674e-02 2.965426e-06 2.238282e-03)) ((-1.330495e-03 -1.946555e-01 2.766808e-03) (8.637453e-06 -1.286649e-03 3.825402e-06))
6.97          	((-6.558262e+00 2.187263e-03 2.529376e-02) (-5.374569e-02 -3.806237e-06 2.257174e-03)) ((-1.371638e-03 -1.847521e-01 2.581903e-03) (8.160514e-06 -1.311591e-03 2.323713e-06))
6.98          	((-6.292931e+00 2.263732e-03 2.082165e-02) (-5.493388e-02 -1.057633e-05 2.273769e-03)) ((-1.521382e-03 -1.744360e-01 2.413485e-03) (7.746154e-06 -1.334159e-03 7.858198e-07))
6.99          	((-6.015457e+00 2.494333e-03 1.750162e-02) (-5.602844e-02 -1.620867e-05 2.287187e-03)) ((-1.615240e-03 -1.639188e-01 2.280115e-03) (7.431990e-06 -1.354377e-03 -9.993305e-07))
7             	((-5.726185e+00 2.283313e-03 1.377114e-02) (-5.702612e-02 -2.292038e-05 2.298555e-03)) ((-1.621339e-03 -1.532023e-01 2.148657e-03) (7.119056e-06 -1.372227e-03 -2.815354e-06))
7.01          	((-5.425810e+00 2.656632e-03 1.047904e-02) (-5.792491e-02 -2.920708e-05 2.307302e-03)) ((-1.692388e-03 -1.421180e-01 1.938435e-03) (6.718222e-06 -1.387849e-03 -4.915350e-06))
7.02          	((-5.114715e+00 2.266387e-03 6.433505e-03) (-5.872083e-02 -3.468297e-05 2.313235e-03)) ((-1.788288e-03 -1.308513e-01 1.694226e-03) (6.446149e-06 -1.401024e-03 -6.705726e-06))
7.03          	((-4.792494e+00 2.148552e-03 2.931529e-03) (-5.941313e-02 -4.108681e-05 2.317218e-03)) ((-1.850521e-03 -1.192570e-01 1.461960e-03) (6.330560e-06 -1.412041e-03 -8.608147e-06))
7.04          	((-4.459984e+00 1.840218e-03 8.653389e-04) (-5.999760e-02 -4.549965e-05 2.318520e-03)) ((-1.883956e-03 -1.074203e-01 1.324365e-03) (6.247986e-06 -1.420663e-03 -1.033514e-05))
7.05          	((-4.118473e+00 2.090382e-03 -1.660899e-03) (-6.047155e-02 -5.129753e-05 2.318224e-03)) ((-1.897837e-03 -9.560646e-02 1.262749e-03) (6.145998e-06 -1.427009e-03 -1.233958e-05))
7.06          	((-3.767992e+00 2.365341e-03 -4.041133e-03) (-6.083522e-02 -5.654771e-05 2.315885e-03)) ((-2.017590e-03 -8.350942e-02 1.131422e-03) (6.125783e-06 -1.431031e-03 -1.428437e-05))
7.07          	((-3.408899e+00 3.197997e-03 -5.450523e-03) (-6.108631e-02 -6.060878e-05 2.312580e-03)) ((-2.088187e-03 -7.115109e-02 1.033829e-03) (6.215569e-06 -1.432864e-03 -1.601970e-05))
7.08          	((-3.042494e+00 2.852174e-03 -6.403308e-03) (-6.122323e-02 -6.343203e-05 2.308304e-03)) ((-2.021405e-03 -5.870804e-02 9.591541e-04) (6.243816e-06 -1.432398e-03 -1.759043e-05))
7.09          	((-2.670203e+00 3.300388e-03 -6.490997e-03) (-6.124637e-02 -6.720952e-05 2.304358e-03)) ((-1.984530e-03 -4.609011e-02 8.440611e-04) (6.254386e-06 -1.429700e-03 -1.933469e-05))
7.1           	((-2.291248e+00 3.473550e-03 -6.557734e-03) (-6.115439e-02 -6.882199e-05 2.299571e-03)) ((-1.960617e-03 -3.346415e-02 6.797689e-04) (6.211945e-06 -1.424612e-03 -2.126741e-05))
7.11          	((-1.907253e+00 3.392167e-03 -6.597169e-03) (-6.094734e-02 -6.987584e-05 2.293875e-03)) ((-1.868578e-03 -2.080062e-02 4.094729e-04) (6.240343e-06 -1.417281e-03 -2.282904e-05))
7.12          	((-1.518887e+00 4.227028e-03 -5.307630e-03) (-6.062563e-02 -7.045879e-05 2.287564e-03)) ((-1.890815e-03 -8.064185e-03 2.895707e-04) (6.266859e-06 -1.407841e-03 -2.438718e-05))
7.13          	((-1.126394e+00 4.463666e-03 -4.452628e-03) (-6.019072e-02 -6.940084e-05 2.280246e-03)) ((-1.823437e-03 4.671497e-03 1.617403e-04) (6.218899e-06 -1.396113e-03 -2.577827e-05))
7.14          	((-7.313228e-01 4.230065e-03 -3.028473e-03) (-5.964275e-02 -6.854685e-05 2.271378e-03)) ((-1.793547e-03 1.740400e-02 -2.527549e-05) (6.048111e-06 -1.381864e-03 -2.679919e-05))
7.15          	((-3.338135e-01 4.479230e-03 -1.517469e-03) (-5.898292e-02 -6.749521e-05 2.261203e-03)) ((-1.730362e-03 3.010581e-02 -2.023898e-04) (5.839802e-06 -1.365452e-03 -2.776974e-05))
7.16          	((6.480265e-02 5.105724e-03 1.675121e-04) (-5.821251e-02 -6.462629e-05 2.249900e-03)) ((-1.641751e-03 4.269583e-02 -3.168585e-04) (5.541547e-06 -1.346880e-03 -2.904817e-05))
7.17          	((4.649601e-01 5.452651e-03 1.813078e-03) (-5.733080e-02 -5.970369e-05 2.238142e-03)) ((-1.544199e-03 5.521925e-02 -4.845157e-04) (5.083582e-06 -1.326097e-03 -2.980923e-05))
7.18          	((8.654019e-01 5.286143e-03 4.213083e-03) (-5.634173e-02 -5.438560e-05 2.225554e-03)) ((-1.480890e-03 6.761033e-02 -6.189971e-04) (4.607345e-06 -1.302962e-03 -3.021393e-05))
7.19          	((1.263835e+00 5.397902e-03 7.057769e-03) (-5.524734e-02 -4.787544e-05 2.212587e-03)) ((-1.302437e-03 7.984457e-02 -7.057101e-04) (4.146453e-06 -1.277700e-03 -3.034289e-05))
7.2           	((1.658633e+00 5.535836e-03 8.355595e-03) (-5.404924e-02 -4.114049e-05 2.198742e-03)) ((-1.285038e-03 9.193851e-02 -8.074588e-04) (3.690420e-06 -1.250144e-03 -3.042160e-05))
7.21          	((2.049932e+00 5.637486e-03 8.341426e-03) (-5.275097e-02 -3.331007e-05 2.184152e-03)) ((-1.184703e-03 1.038213e-01 -9.528299e-04) (3.295696e-06 -1.220529e-03 -3.032599e-05))
7.22          	((2.436871e+00 5.887195e-03 7.949133e-03) (-5.135527e-02 -2.475780e-05 2.168058e-03)) ((-9.804643e-04 1.155227e-01 -1.135520e-03) (2.818579e-06 -1.188741e-03 -3.012032e-05))
7.23          	((2.818143e+00 5.972547e-03 6.814912e-03) (-4.986760e-02 -1.569503e-05 2.151555e-03)) ((-8.933524e-04 1.269375e-01 -1.231345e-03) (2.361225e-06 -1.154890e-03 -2.979751e-05))
7.24          	((3.194158e+00 6.031233e-03 7.682822e-03) (-4.828906e-02 -6.891831e-06 2.133984e-03)) ((-8.041388e-04 1.381132e-01 -1.395457e-03) (2.007433e-06 -1.118948e-03 -2.948718e-05))
7.25          	((3.564701e+00 6.264705e-03 7.585418e-03) (-4.662502e-02 2.753036e-06 2.115528e-03)) ((-5.528476e-04 1.491275e-01 -1.456227e-03) (1.624764e-06 -1.080934e-03 -2.909528e-05))
7.26          	((3.928855e+00 6.467870e-03 7.636215e-03) (-4.487885e-02 1.219010e-05 2.096705e-03)) ((-4.814620e-04 1.599579e-01 -1.590576e-03) (1.361493e-06 -1.041103e-03 -2.884237e-05))
7.27          	((4.285357e+00 6.198372e-03 7.969739e-03) (-4.305445e-02 2.226760e-05 2.077471e-03)) ((-2.775562e-04 1.703530e-01 -1.572770e-03) (1.009123e-06 -9.994046e-04 -2.847514e-05))
7.28          	((4.634508e+00 5.989093e-03 9.421648e-03) (-4.115592e-02 3.360444e-05 2.057826e-03)) ((-1.690804e-04 1.804438e-01 -1.715020e-03) (6.582170e-07 -9.559175e-04 -2.824809e-05))
7.29          	((4.974042e+00 6.233386e-03 9.737881e-03) (-3.918634e-02 4.509454e-05 2.038061e-03)) ((-6.000075e-05 1.902364e-01 -1.784089e-03) (3.116606e-07 -9.106997e-04 -2.813556e-05))
7.3           	((5.303487e+00 6.251219e-03 1.002223e-02) (-3.715048e-02 5.655642e-05 2.017976e-03)) ((1.151633e-05 1.996621e-01 -1.915855e-03) (6.981985e-08 -8.638520e-04 -2.786852e-05))
7.31          	((5.623393e+00 6.792660e-03 9.639791e-03) (-3.505410e-02 6.758441e-05 1.997770e-03)) ((1.217542e-04 2.087414e-01 -2.087505e-03) (-7.564626e-08 -8.154089e-04 -2.758359e-05))
7.32          	((5.931590e+00 6.798040e-03 1.028043e-02) (-3.290153e-02 7.840199e-05 1.977496e-03)) ((1.976019e-04 2.174827e-01 -2.129613e-03) (-1.836042e-07 -7.656005e-04 -2.722842e-05))
7.33          	((6.227411e+00 6.550802e-03 1.059369e-02) (-3.069675e-02 8.838306e-05 1.956897e-03)) ((3.800578e-04 2.258101e-01 -2.281111e-03) (-3.015965e-07 -7.144301e-04 -2.666575e-05))
7.34          	((6.510428e+00 6.558595e-03 1.061119e-02) (-2.844597e-02 9.792832e-05 1.936688e-03)) ((5.195558e-04 2.336468e-01 -2.305220e-03) (-4.349823e-07 -6.620595e-04 -2.598773e-05))
7.35          	((6.780843e+00 5.471455e-03 1.090497e-02) (-2.615288e-02 1.079450e-04 1.916778e-03)) ((6.635483e-04 2.409931e-01 -2.391695e-03) (-7.202237e-07 -6.085999e-04 -2.521439e-05))
7.36          	((7.036294e+00 4.898462e-03 1.032496e-02) (-2.382255e-02 1.177722e-04 1.896881e-03)) ((8.438985e-04 2.480254e-01 -2.524311e-03) (-1.091392e-06 -5.541137e-04 -2.434559e-05))
7.37          	((7.278562e+00 4.684886e-03 1.034631e-02) (-2.145987e-02 1.279987e-04 1.876161e-03)) ((1.076921e-03 2.547112e-01 -2.574002e-03) (-1.505915e-06 -4.986726e-04 -2.331655e-05))
7.38          	((7.505464e+00 5.673403e-03 9.636268e-03) (-1.906879e-02 1.379752e-04 1.855245e-03)) ((9.659880e-04 2.607461e-01 -2.639599e-03) (-1.905209e-06 -4.422944e-04 -2.212997e-05))
7.39          	((7.718619e+00 4.897953e-03 9.280521e-03) (-1.665390e-02 1.471143e-04 1.835239e-03)) ((1.083777e-03 2.661582e-01 -2.819227e-03) (-2.167270e-06 -3.849500e-04 -2.095430e-05))
7.4           	((7.916613e+00 4.729740e-03 8.295052e-03) (-1.422013e-02 1.559521e-04 1.816957e-03)) ((1.102466e-03 2.712705e-01 -2.944999e-03) (-2.419871e-06 -3.268588e-04 -1.978585e-05))
7.41          	((8.097303e+00 5.345607e-03 7.805672e-03) (-1.177169e-02 1.646425e-04 1.798392e-03)) ((1.153325e-03 2.758184e-01 -3.049155e-03) (-2.822121e-06 -2.682337e-04 -1.853786e-05))
7.42          	((8.261286e+00 5.157842e-03 7.362094e-03) (-9.312969e-03 1.732354e-04 1.780260e-03)) ((1.184982e-03 2.798635e-01 -3.114586e-03) (-3.250003e-06 -2.092502e-04 -1.729206e-05))
7.43          	((8.410296e+00 4.240538e-03 8.717489e-03) (-6.847246e-03 1.816096e-04 1.763005e-03)) ((1.202612e-03 2.832525e-01 -3.236138e-03) (-3.508942e-06 -1.500794e-04 -1.599363e-05))
7.44          	((8.544068e+00 3.772028e-03 1.052893e-02) (-4.380492e-03 1.894707e-04 1.747031e-03)) ((1.133997e-03 2.862207e-01 -3.275320e-03) (-3.749024e-06 -9.076984e-05 -1.455636e-05))
7.45          	((8.660499e+00 3.504016e-03 7.048794e-03) (-1.916110e-03 1.976201e-04 1.732929e-03)) ((1.319867e-03 2.890307e-01 -3.348100e-03) (-4.144730e-06 -3.145379e-05 -1.298479e-05))
7.46          	((8.762058e+00 3.840229e-03 3.443996e-03) (5.433293e-04 2.071400e-04 1.720542e-03)) ((1.331433e-03 2.916173e-01 -3.489321e-03) (-4.586907e-06 2.781318e-05 -1.142283e-05))
7.47          	((8.845932e+00 3.905557e-03 7.841720e-04) (2.994096e-03 2.152795e-04 1.710226e-03)) ((1.199689e-03 2.934225e-01 -3.380245e-03) (-4.916509e-06 8.699730e-05 -1.011222e-05))
7.48          	((8.920298e+00 3.851547e-03 -4.320386e-03) (5.432603e-03 2.227898e-04 1.702183e-03)) ((1.002109e-03 2.946532e-01 -3.404548e-03) (-5.104963e-06 1.457297e-04 -8.766860e-06))
7.49          	((8.978795e+00 1.976661e-03 -9.784293e-03) (7.856219e-03 2.301947e-04 1.696240e-03)) ((1.186632e-03 2.954904e-01 -3.548296e-03) (-5.249223e-06 2.039593e-04 -7.378206e-06))
7.5           	((9.036109e+00 1.411893e-03 -2.351400e-02) (1.026364e-02 2.368738e-04 1.691215e-03)) ((9.230971e-04 2.964419e-01 -3.526240e-03) (-5.434206e-06 2.617175e-04 -5.969180e-06))
