# Forces      
# CofR        : (0.000000e+00 0.000000e+00 0.000000e+00)
# Time        forces(pressure viscous)	moments(pressure viscous)
0             	((0.000000e+00 0.000000e+00 0.000000e+00) (0.000000e+00 0.000000e+00 0.000000e+00)) ((0.000000e+00 0.000000e+00 0.000000e+00) (0.000000e+00 0.000000e+00 0.000000e+00))
0.00666667    	((-1.032512e-01 -3.562158e-02 5.921092e+01) (-4.056188e-05 4.708292e-06 3.444582e-03)) ((1.141143e-02 -5.237472e-01 -4.462614e-03) (-1.141134e-06 -3.710624e-05 2.343163e-06))
0.0133333     	((-1.059172e-01 -3.236619e-02 5.838815e+01) (-7.954123e-05 7.012757e-06 6.862965e-03)) ((1.091231e-02 -5.169272e-01 -4.092294e-03) (-2.183578e-06 -7.427077e-05 4.499757e-06))
0.02          	((-1.083991e-01 -3.384223e-02 5.872101e+01) (-1.179509e-04 8.820252e-06 1.028165e-02)) ((1.099413e-02 -5.193433e-01 -3.973085e-03) (-3.130873e-06 -1.115432e-04 6.505200e-06))
0.0266667     	((-1.057385e-01 -3.385848e-02 5.838115e+01) (-1.560623e-04 1.061498e-05 1.368412e-02)) ((1.090336e-02 -5.161865e-01 -3.791402e-03) (-4.135296e-06 -1.488133e-04 8.268221e-06))
0.0333333     	((-1.041248e-01 -3.399391e-02 5.800632e+01) (-1.938454e-04 1.206654e-05 1.706990e-02)) ((1.080197e-02 -5.121014e-01 -3.588775e-03) (-5.155968e-06 -1.860244e-04 9.664009e-06))
0.04          	((-1.030904e-01 -3.415387e-02 5.761533e+01) (-2.316311e-04 1.350298e-05 2.044508e-02)) ((1.069175e-02 -5.075693e-01 -3.434923e-03) (-6.173217e-06 -2.231823e-04 1.065937e-05))
0.0466667     	((-1.020406e-01 -3.416762e-02 5.718307e+01) (-2.690420e-04 1.539810e-05 2.381537e-02)) ((1.056036e-02 -5.024166e-01 -3.275210e-03) (-7.184758e-06 -2.603296e-04 1.122708e-05))
0.0533333     	((-1.012352e-01 -3.430291e-02 5.668685e+01) (-3.063379e-04 1.692243e-05 2.718363e-02)) ((1.037213e-02 -4.964326e-01 -3.193644e-03) (-8.232635e-06 -2.974626e-04 1.141218e-05))
0.06          	((-9.929100e-02 -3.422653e-02 5.612328e+01) (-3.438225e-04 1.814925e-05 3.055179e-02)) ((1.017626e-02 -4.895487e-01 -3.081915e-03) (-9.486349e-06 -3.346571e-04 1.120253e-05))
0.0666667     	((-9.746816e-02 -3.422735e-02 5.549334e+01) (-3.806678e-04 1.894835e-05 3.391983e-02)) ((9.980756e-03 -4.818295e-01 -2.948583e-03) (-1.094221e-05 -3.720197e-04 1.060572e-05))
0.0733333     	((-9.555907e-02 -3.403633e-02 5.479835e+01) (-4.172271e-04 1.976729e-05 3.728087e-02)) ((9.791584e-03 -4.732287e-01 -2.789796e-03) (-1.249347e-05 -4.094782e-04 9.754752e-06))
0.08          	((-9.360662e-02 -3.331799e-02 5.403759e+01) (-4.542202e-04 2.056395e-05 4.062584e-02)) ((9.559896e-03 -4.638139e-01 -2.662784e-03) (-1.419767e-05 -4.472207e-04 8.829188e-06))
0.0866667     	((-9.122432e-02 -3.311801e-02 5.320788e+01) (-4.914811e-04 2.133492e-05 4.394507e-02)) ((9.272206e-03 -4.535294e-01 -2.501006e-03) (-1.579372e-05 -4.853737e-04 7.618009e-06))
0.0933333     	((-8.837049e-02 -3.334132e-02 5.230625e+01) (-5.297409e-04 2.280803e-05 4.723051e-02)) ((8.924446e-03 -4.424383e-01 -2.571108e-03) (-1.745464e-05 -5.243242e-04 6.222840e-06))
0.1           	((-8.546759e-02 -3.352699e-02 5.133080e+01) (-5.687478e-04 2.622632e-05 5.046975e-02)) ((8.609040e-03 -4.305786e-01 -2.477140e-03) (-1.900415e-05 -5.632152e-04 4.725185e-06))
0.106667      	((-8.242642e-02 -3.301415e-02 5.027820e+01) (-6.098148e-04 3.007119e-05 5.364636e-02)) ((8.335856e-03 -4.181215e-01 -2.406669e-03) (-2.104075e-05 -6.025578e-04 3.033563e-06))
0.113333      	((-7.936704e-02 -3.218765e-02 4.914335e+01) (-6.508904e-04 3.422525e-05 5.675262e-02)) ((7.969047e-03 -4.050591e-01 -2.586256e-03) (-2.256947e-05 -6.422833e-04 9.213405e-07))
0.12          	((-7.551049e-02 -3.168162e-02 4.792509e+01) (-6.943700e-04 3.735008e-05 5.976473e-02)) ((7.569872e-03 -3.914268e-01 -2.798170e-03) (-2.469198e-05 -6.823270e-04 -1.360465e-06))
0.126667      	((-7.244669e-02 -3.195491e-02 4.662681e+01) (-7.403632e-04 4.041733e-05 6.266921e-02)) ((7.114352e-03 -3.773687e-01 -2.913936e-03) (-2.571108e-05 -7.234872e-04 -3.599684e-06))
0.133333      	((-6.861905e-02 -3.181890e-02 4.524359e+01) (-7.896248e-04 4.523013e-05 6.546199e-02)) ((6.633604e-03 -3.625740e-01 -3.163387e-03) (-2.570875e-05 -7.651774e-04 -5.098834e-06))
0.14          	((-6.453276e-02 -3.148977e-02 4.377839e+01) (-8.406985e-04 4.995551e-05 6.812372e-02)) ((6.352140e-03 -3.471319e-01 -3.396913e-03) (-2.518228e-05 -8.073025e-04 -5.996483e-06))
0.146667      	((-6.215056e-02 -3.123092e-02 4.223624e+01) (-8.900183e-04 5.434439e-05 7.063283e-02)) ((5.878373e-03 -3.313215e-01 -3.664059e-03) (-2.579974e-05 -8.485986e-04 -6.717780e-06))
0.153333      	((-6.020116e-02 -3.130500e-02 4.061826e+01) (-9.405638e-04 6.040807e-05 7.298711e-02)) ((5.344889e-03 -3.150753e-01 -3.957566e-03) (-2.637215e-05 -8.897805e-04 -6.943611e-06))
0.16          	((-5.692515e-02 -3.079154e-02 3.891760e+01) (-9.899619e-04 6.718701e-05 7.515488e-02)) ((4.859212e-03 -2.980519e-01 -4.393271e-03) (-2.690058e-05 -9.296642e-04 -7.120137e-06))
0.166667      	((-5.390691e-02 -3.058587e-02 3.713008e+01) (-1.037774e-03 7.365269e-05 7.712101e-02)) ((4.639219e-03 -2.806084e-01 -4.972831e-03) (-2.696108e-05 -9.678284e-04 -7.151628e-06))
0.173333      	((-5.043182e-02 -2.915742e-02 3.526787e+01) (-1.081968e-03 8.073652e-05 7.887764e-02)) ((3.883806e-03 -2.624904e-01 -5.532482e-03) (-2.732333e-05 -1.003947e-03 -7.026379e-06))
0.18          	((-4.788415e-02 -2.795009e-02 3.334565e+01) (-1.122954e-03 8.810676e-05 8.041817e-02)) ((3.416364e-03 -2.437850e-01 -6.009411e-03) (-2.796643e-05 -1.037566e-03 -6.838771e-06))
0.186667      	((-4.520914e-02 -2.505753e-02 3.135404e+01) (-1.160145e-03 9.640938e-05 8.173731e-02)) ((2.848755e-03 -2.249950e-01 -6.381262e-03) (-2.853727e-05 -1.069008e-03 -6.566185e-06))
0.193333      	((-4.236895e-02 -2.413694e-02 2.929877e+01) (-1.194065e-03 1.042426e-04 8.282813e-02)) ((2.145805e-03 -2.052589e-01 -6.646771e-03) (-2.895328e-05 -1.098454e-03 -6.375848e-06))
0.2           	((-3.906875e-02 -2.231928e-02 2.718856e+01) (-1.226505e-03 1.130009e-04 8.367926e-02)) ((1.096672e-03 -1.852527e-01 -7.344526e-03) (-2.815244e-05 -1.125997e-03 -6.265649e-06))
0.206667      	((-3.744354e-02 -2.165608e-02 2.501404e+01) (-1.258827e-03 1.220472e-04 8.430594e-02)) ((6.018497e-04 -1.649096e-01 -7.679131e-03) (-2.740525e-05 -1.154103e-03 -6.280734e-06))
0.213333      	((-3.256258e-02 -1.932616e-02 2.278417e+01) (-1.290555e-03 1.295941e-04 8.469665e-02)) ((-2.367765e-04 -1.441851e-01 -7.869457e-03) (-2.624155e-05 -1.180875e-03 -6.060412e-06))
0.22          	((-2.796518e-02 -1.723315e-02 2.049633e+01) (-1.317004e-03 1.370365e-04 8.484326e-02)) ((-1.133370e-03 -1.228562e-01 -7.812995e-03) (-2.478360e-05 -1.203871e-03 -6.154320e-06))
0.226667      	((-2.348882e-02 -1.661207e-02 1.815430e+01) (-1.340559e-03 1.440011e-04 8.474748e-02)) ((-2.103753e-03 -1.013636e-01 -7.680938e-03) (-2.364098e-05 -1.222875e-03 -6.196218e-06))
0.233333      	((-1.893053e-02 -1.290488e-02 1.577984e+01) (-1.360897e-03 1.511169e-04 8.441333e-02)) ((-2.764071e-03 -7.987710e-02 -7.663910e-03) (-2.197102e-05 -1.239016e-03 -6.326903e-06))
0.24          	((-1.361331e-02 -1.171601e-02 1.334953e+01) (-1.377034e-03 1.566300e-04 8.384005e-02)) ((-3.795155e-03 -5.784153e-02 -7.552186e-03) (-2.035163e-05 -1.251318e-03 -7.103126e-06))
0.246667      	((-1.022528e-02 -8.549587e-03 1.087584e+01) (-1.392255e-03 1.590744e-04 8.303358e-02)) ((-4.825037e-03 -3.642159e-02 -7.710816e-03) (-1.859606e-05 -1.260491e-03 -7.451241e-06))
0.253333      	((-4.506879e-03 -5.673479e-03 8.374710e+00) (-1.402480e-03 1.623557e-04 8.200911e-02)) ((-5.354050e-03 -1.486104e-02 -7.776201e-03) (-1.629648e-05 -1.266794e-03 -7.860450e-06))
0.26          	((-2.680969e-04 -2.076704e-03 5.844799e+00) (-1.407594e-03 1.626397e-04 8.076422e-02)) ((-6.449561e-03 5.987031e-03 -7.736961e-03) (-1.441516e-05 -1.268681e-03 -8.611849e-06))
0.266667      	((4.613406e-03 1.231372e-03 3.284742e+00) (-1.407189e-03 1.625616e-04 7.930693e-02)) ((-6.934419e-03 2.772890e-02 -7.957123e-03) (-1.279092e-05 -1.266343e-03 -9.068730e-06))
0.273333      	((1.233905e-02 4.965414e-03 6.996220e-01) (-1.403420e-03 1.621900e-04 7.765029e-02)) ((-7.864555e-03 4.951255e-02 -7.603747e-03) (-1.038078e-05 -1.260627e-03 -9.189584e-06))
0.28          	((1.845612e-02 7.269946e-03 -1.889430e+00) (-1.393858e-03 1.603895e-04 7.579640e-02)) ((-8.581625e-03 7.110238e-02 -7.483459e-03) (-7.986763e-06 -1.250291e-03 -9.241633e-06))
0.286667      	((2.296176e-02 9.659674e-03 -4.489453e+00) (-1.379322e-03 1.557981e-04 7.374914e-02)) ((-9.108398e-03 9.272398e-02 -7.498660e-03) (-5.453019e-06 -1.235960e-03 -9.064980e-06))
0.293333      	((2.929421e-02 9.735821e-03 -7.088777e+00) (-1.360952e-03 1.517405e-04 7.152449e-02)) ((-9.363788e-03 1.145148e-01 -7.161061e-03) (-2.363175e-06 -1.217945e-03 -8.752780e-06))
0.3           	((3.539074e-02 1.209967e-02 -9.687340e+00) (-1.336938e-03 1.494967e-04 6.912683e-02)) ((-9.195608e-03 1.358021e-01 -7.147105e-03) (1.039695e-06 -1.196258e-03 -8.771160e-06))
0.306667      	((4.523864e-02 1.481454e-02 -1.228263e+01) (-1.311138e-03 1.472604e-04 6.656958e-02)) ((-9.201879e-03 1.571440e-01 -6.722416e-03) (3.916512e-06 -1.171198e-03 -8.287488e-06))
0.313333      	((5.395836e-02 1.785677e-02 -1.485765e+01) (-1.283274e-03 1.442497e-04 6.386500e-02)) ((-9.417575e-03 1.783341e-01 -6.834642e-03) (6.853980e-06 -1.142649e-03 -7.208965e-06))
0.32          	((6.351895e-02 1.964547e-02 -1.740208e+01) (-1.250524e-03 1.420912e-04 6.102349e-02)) ((-9.458173e-03 1.989724e-01 -6.454956e-03) (9.426079e-06 -1.111054e-03 -6.469843e-06))
0.326667      	((7.083426e-02 2.192853e-02 -1.992140e+01) (-1.214741e-03 1.378488e-04 5.805327e-02)) ((-9.914564e-03 2.193920e-01 -6.038371e-03) (1.207861e-05 -1.076720e-03 -5.623998e-06))
0.333333      	((7.559784e-02 2.455668e-02 -2.241052e+01) (-1.174920e-03 1.320019e-04 5.496439e-02)) ((-1.057905e-02 2.392293e-01 -5.845913e-03) (1.489855e-05 -1.040245e-03 -5.043452e-06))
0.34          	((8.105915e-02 2.666273e-02 -2.485832e+01) (-1.134288e-03 1.273982e-04 5.176782e-02)) ((-1.028047e-02 2.599025e-01 -5.730829e-03) (1.751974e-05 -1.001672e-03 -3.793517e-06))
0.346667      	((8.936294e-02 2.887037e-02 -2.726683e+01) (-1.091738e-03 1.202627e-04 4.846931e-02)) ((-1.011391e-02 2.802621e-01 -5.508119e-03) (1.988571e-05 -9.612785e-04 -2.959378e-06))
0.353333      	((1.029368e-01 3.106126e-02 -2.960590e+01) (-1.045871e-03 1.138847e-04 4.507814e-02)) ((-1.063702e-02 2.998158e-01 -4.916758e-03) (2.227134e-05 -9.188647e-04 -2.943841e-06))
0.36          	((1.107926e-01 3.225871e-02 -3.189600e+01) (-1.001044e-03 1.063839e-04 4.159666e-02)) ((-1.081730e-02 3.182733e-01 -4.714539e-03) (2.429703e-05 -8.751413e-04 -3.202559e-06))
0.366667      	((1.172939e-01 3.420371e-02 -3.413138e+01) (-9.533106e-04 9.901085e-05 3.803883e-02)) ((-1.124534e-02 3.362855e-01 -4.638008e-03) (2.615668e-05 -8.296639e-04 -3.361988e-06))
0.373333      	((1.205808e-01 3.331205e-02 -3.629865e+01) (-9.060221e-04 9.008796e-05 3.441106e-02)) ((-1.129169e-02 3.538973e-01 -4.144115e-03) (2.797832e-05 -7.826637e-04 -3.148112e-06))
0.38          	((1.286870e-01 3.465201e-02 -3.838739e+01) (-8.597596e-04 8.122092e-05 3.072206e-02)) ((-1.142472e-02 3.707685e-01 -4.031034e-03) (2.938819e-05 -7.344563e-04 -2.460667e-06))
0.386667      	((1.330030e-01 3.706654e-02 -4.040184e+01) (-8.144310e-04 7.474087e-05 2.697790e-02)) ((-1.120037e-02 3.859120e-01 -3.864298e-03) (3.042633e-05 -6.851528e-04 -1.962288e-06))
0.393333      	((1.349518e-01 3.788297e-02 -4.233761e+01) (-7.738522e-04 7.153751e-05 2.317993e-02)) ((-1.072543e-02 4.013802e-01 -3.221131e-03) (3.100297e-05 -6.351998e-04 -2.042497e-06))
0.4           	((1.362930e-01 3.797545e-02 -4.417983e+01) (-7.349108e-04 6.754946e-05 1.933698e-02)) ((-1.097211e-02 4.164076e-01 -2.725254e-03) (3.171350e-05 -5.846105e-04 -2.707620e-06))
0.406667      	((1.359745e-01 3.841568e-02 -4.593282e+01) (-6.990157e-04 6.254833e-05 1.545446e-02)) ((-1.118937e-02 4.296287e-01 -2.349957e-03) (3.233453e-05 -5.337618e-04 -3.685581e-06))
0.413333      	((1.416108e-01 3.463551e-02 -4.758703e+01) (-6.663676e-04 5.875135e-05 1.153957e-02)) ((-1.174538e-02 4.424697e-01 -2.175031e-03) (3.264774e-05 -4.827532e-04 -4.739511e-06))
0.42          	((1.440678e-01 3.799133e-02 -4.914839e+01) (-6.395282e-04 5.460208e-05 7.596216e-03)) ((-1.118017e-02 4.544533e-01 -2.228112e-03) (3.292952e-05 -4.317512e-04 -5.381240e-06))
0.426667      	((1.435386e-01 3.480456e-02 -5.061659e+01) (-6.167672e-04 4.957711e-05 3.626072e-03)) ((-1.101522e-02 4.659254e-01 -1.482188e-03) (3.361624e-05 -3.807533e-04 -6.036010e-06))
0.433333      	((1.395469e-01 3.691625e-02 -5.197446e+01) (-5.994897e-04 4.757365e-05 -3.571725e-04)) ((-1.183379e-02 4.764674e-01 -1.696268e-03) (3.376689e-05 -3.302149e-04 -5.612705e-06))
0.44          	((1.305397e-01 4.195197e-02 -5.324489e+01) (-5.846516e-04 4.710763e-05 -4.354109e-03)) ((-1.186122e-02 4.854815e-01 -5.798689e-04) (3.347770e-05 -2.792273e-04 -5.208382e-06))
0.446667      	((1.309334e-01 4.301430e-02 -5.443501e+01) (-5.782098e-04 4.957511e-05 -8.357276e-03)) ((-1.182578e-02 4.935856e-01 8.881315e-05) (3.366268e-05 -2.291388e-04 -4.530499e-06))
0.453333      	((1.223379e-01 4.553505e-02 -5.552126e+01) (-5.721978e-04 5.156174e-05 -1.236532e-02)) ((-1.056706e-02 5.002134e-01 5.990677e-04) (3.406315e-05 -1.794941e-04 -4.443442e-06))
0.46          	((1.195613e-01 4.351451e-02 -5.647289e+01) (-5.709233e-04 5.077193e-05 -1.638518e-02)) ((-1.177435e-02 5.056304e-01 6.670633e-04) (3.407438e-05 -1.300682e-04 -5.548090e-06))
0.466667      	((1.159211e-01 4.612636e-02 -5.737911e+01) (-5.727345e-04 5.302440e-05 -2.041195e-02)) ((-1.137701e-02 5.107028e-01 1.593892e-03) (3.455853e-05 -8.123426e-05 -7.003987e-06))
0.473333      	((1.100454e-01 4.534844e-02 -5.817375e+01) (-5.768416e-04 5.400641e-05 -2.444791e-02)) ((-9.503883e-03 5.154885e-01 2.546289e-03) (3.511311e-05 -3.253590e-05 -7.603434e-06))
0.48          	((1.114201e-01 4.252112e-02 -5.889025e+01) (-5.857861e-04 5.323260e-05 -2.849725e-02)) ((-9.323753e-03 5.198069e-01 3.729801e-03) (3.605780e-05 1.511051e-05 -8.243167e-06))
0.486667      	((1.049024e-01 4.407757e-02 -5.949304e+01) (-5.945659e-04 5.067495e-05 -3.256455e-02)) ((-9.742808e-03 5.217603e-01 4.436836e-03) (3.696655e-05 6.251485e-05 -9.798039e-06))
0.493333      	((1.056144e-01 4.508593e-02 -6.002378e+01) (-6.009640e-04 4.705797e-05 -3.664800e-02)) ((-9.527682e-03 5.230602e-01 4.925974e-03) (3.835967e-05 1.105118e-04 -1.139530e-05))
0.5           	((9.905208e-02 4.410770e-02 -6.053921e+01) (-6.021684e-04 4.432980e-05 -4.074759e-02)) ((-8.473981e-03 5.211145e-01 6.468929e-03) (3.995976e-05 1.586331e-04 -1.289945e-05))
0.506667      	((9.262561e-02 3.981285e-02 -6.129954e+01) (-6.057164e-04 3.747090e-05 -4.487482e-02)) ((-9.811489e-03 5.219481e-01 7.530123e-03) (4.175437e-05 2.068523e-04 -1.436486e-05))
0.513333      	((9.316435e-02 4.040155e-02 -6.115392e+01) (-6.141060e-04 3.172760e-05 -4.898845e-02)) ((-8.849483e-03 5.198731e-01 8.596654e-03) (4.342692e-05 2.549105e-04 -1.525570e-05))
0.52          	((9.193108e-02 3.765359e-02 -6.180599e+01) (-6.164854e-04 2.713684e-05 -5.312749e-02)) ((-8.391412e-03 5.237801e-01 1.026081e-02) (4.508577e-05 3.034769e-04 -1.533054e-05))
0.526667      	((8.486371e-02 4.097461e-02 -6.197445e+01) (-6.145904e-04 2.330009e-05 -5.727398e-02)) ((-8.475071e-03 5.202726e-01 1.127846e-02) (4.710353e-05 3.534813e-04 -1.504225e-05))
0.533333      	((8.227638e-02 3.585755e-02 -6.216880e+01) (-6.064633e-04 1.833007e-05 -6.142681e-02)) ((-8.391513e-03 5.172235e-01 1.266747e-02) (4.911053e-05 4.053903e-04 -1.460779e-05))
0.54          	((8.827448e-02 3.289449e-02 -6.220781e+01) (-5.927455e-04 1.678857e-05 -6.557690e-02)) ((-8.112534e-03 5.116983e-01 1.445018e-02) (5.176082e-05 4.596144e-04 -1.482987e-05))
0.546667      	((9.578884e-02 3.234447e-02 -6.204064e+01) (-5.697335e-04 1.750878e-05 -6.971037e-02)) ((-8.592490e-03 5.048694e-01 1.610485e-02) (5.398532e-05 5.162738e-04 -1.581296e-05))
0.553333      	((1.054932e-01 3.264527e-02 -6.182876e+01) (-5.368963e-04 1.911677e-05 -7.381631e-02)) ((-8.177411e-03 4.978830e-01 1.779956e-02) (5.638436e-05 5.752794e-04 -1.744839e-05))
0.56          	((1.142601e-01 2.921482e-02 -6.155442e+01) (-4.977515e-04 2.242385e-05 -7.788441e-02)) ((-8.165851e-03 4.909333e-01 1.863461e-02) (5.817774e-05 6.358283e-04 -1.939104e-05))
0.566667      	((1.213318e-01 2.502824e-02 -6.119481e+01) (-4.518761e-04 2.733175e-05 -8.190532e-02)) ((-7.335714e-03 4.833914e-01 1.959358e-02) (6.065232e-05 6.986630e-04 -2.122951e-05))
0.573333      	((1.327325e-01 2.160995e-02 -6.076036e+01) (-3.995209e-04 3.143234e-05 -8.585685e-02)) ((-6.922727e-03 4.751153e-01 2.092192e-02) (6.275174e-05 7.629873e-04 -2.462227e-05))
0.58          	((1.462261e-01 1.919580e-02 -6.024117e+01) (-3.442142e-04 3.825475e-05 -8.972138e-02)) ((-6.478200e-03 4.662591e-01 2.176754e-02) (6.514044e-05 8.289320e-04 -2.869851e-05))
0.586667      	((1.578072e-01 1.801837e-02 -5.962866e+01) (-2.852441e-04 4.306367e-05 -9.348544e-02)) ((-6.015055e-03 4.559327e-01 2.262311e-02) (6.696146e-05 8.962907e-04 -3.344468e-05))
0.593333      	((1.704224e-01 1.542009e-02 -5.892397e+01) (-2.237791e-04 4.501338e-05 -9.712649e-02)) ((-5.110150e-03 4.453229e-01 2.332443e-02) (6.937771e-05 9.637610e-04 -3.827529e-05))
0.6           	((1.865667e-01 1.080986e-02 -5.811504e+01) (-1.610261e-04 4.455842e-05 -1.006264e-01)) ((-4.444294e-03 4.347744e-01 2.396465e-02) (7.139166e-05 1.031498e-03 -4.429786e-05))
0.606667      	((1.988316e-01 7.230471e-03 -5.720814e+01) (-9.493128e-05 4.758405e-05 -1.039731e-01)) ((-3.900460e-03 4.229491e-01 2.462547e-02) (7.308348e-05 1.099976e-03 -5.099586e-05))
0.613333      	((2.106736e-01 5.773787e-03 -5.619932e+01) (-2.510211e-05 5.320287e-05 -1.071616e-01)) ((-3.584716e-03 4.108906e-01 2.443518e-02) (7.311619e-05 1.168419e-03 -5.831675e-05))
0.62          	((2.268530e-01 1.916315e-03 -5.509248e+01) (4.452544e-05 5.553700e-05 -1.101680e-01)) ((-2.356211e-03 3.993430e-01 2.444182e-02) (7.197177e-05 1.236022e-03 -6.624953e-05))
0.626667      	((2.428539e-01 -4.592740e-03 -5.387219e+01) (1.195018e-04 5.530452e-05 -1.129760e-01)) ((-1.195070e-03 3.873471e-01 2.461322e-02) (7.000433e-05 1.304154e-03 -7.623016e-05))
0.633333      	((2.556048e-01 -8.837346e-03 -5.255341e+01) (1.974634e-04 5.692119e-05 -1.155672e-01)) ((-8.560205e-04 3.750318e-01 2.441300e-02) (6.650092e-05 1.369668e-03 -8.753004e-05))
0.64          	((2.676885e-01 -1.548417e-02 -5.113852e+01) (2.762968e-04 6.169811e-05 -1.179269e-01)) ((-2.424775e-04 3.627777e-01 2.385263e-02) (6.308612e-05 1.432870e-03 -1.001649e-04))
0.646667      	((2.780051e-01 -2.302030e-02 -4.962336e+01) (3.590338e-04 6.812801e-05 -1.200501e-01)) ((1.040902e-03 3.496764e-01 2.352506e-02) (5.816311e-05 1.492192e-03 -1.141731e-04))
0.653333      	((2.852865e-01 -2.979383e-02 -4.800596e+01) (4.442024e-04 6.813097e-05 -1.219148e-01)) ((1.869028e-03 3.354443e-01 2.379298e-02) (5.354314e-05 1.548395e-03 -1.287552e-04))
0.66          	((2.894311e-01 -3.774854e-02 -4.629210e+01) (5.352691e-04 6.518410e-05 -1.235067e-01)) ((2.449251e-03 3.215111e-01 2.314917e-02) (4.908202e-05 1.601741e-03 -1.436351e-04))
0.666667      	((2.940458e-01 -4.062246e-02 -4.447893e+01) (6.367271e-04 6.169898e-05 -1.248237e-01)) ((3.496201e-03 3.068543e-01 2.310594e-02) (4.476843e-05 1.652203e-03 -1.590117e-04))
0.673333      	((2.937451e-01 -4.276164e-02 -4.256141e+01) (7.448635e-04 5.685531e-05 -1.258616e-01)) ((4.139162e-03 2.915678e-01 2.273778e-02) (3.997503e-05 1.698847e-03 -1.745367e-04))
0.68          	((2.901323e-01 -4.627905e-02 -4.054399e+01) (8.614799e-04 4.777070e-05 -1.266260e-01)) ((4.608588e-03 2.752568e-01 2.248281e-02) (3.511082e-05 1.741297e-03 -1.892598e-04))
0.686667      	((2.861683e-01 -5.018150e-02 -3.842733e+01) (9.814475e-04 3.782677e-05 -1.271123e-01)) ((5.675637e-03 2.576379e-01 2.255789e-02) (3.086738e-05 1.779403e-03 -2.032062e-04))
0.693333      	((2.829371e-01 -5.625537e-02 -3.622674e+01) (1.098698e-03 3.174579e-05 -1.273091e-01)) ((6.133389e-03 2.407962e-01 2.269543e-02) (2.595035e-05 1.812039e-03 -2.160445e-04))
0.7           	((2.776573e-01 -5.568751e-02 -3.393300e+01) (1.211329e-03 2.654648e-05 -1.272172e-01)) ((6.726351e-03 2.223703e-01 2.336226e-02) (2.089808e-05 1.839039e-03 -2.274183e-04))
0.706667      	((2.721017e-01 -5.592347e-02 -3.156147e+01) (1.320907e-03 2.283129e-05 -1.268412e-01)) ((7.249419e-03 2.029976e-01 2.361546e-02) (1.587203e-05 1.860587e-03 -2.372088e-04))
0.713333      	((2.634265e-01 -5.715832e-02 -2.912569e+01) (1.428756e-03 2.209129e-05 -1.261892e-01)) ((7.543215e-03 1.837908e-01 2.460964e-02) (1.031567e-05 1.877023e-03 -2.453629e-04))
0.72          	((2.538152e-01 -5.610774e-02 -2.661642e+01) (1.532023e-03 2.522025e-05 -1.252624e-01)) ((8.208156e-03 1.646807e-01 2.464970e-02) (5.084507e-06 1.887753e-03 -2.527029e-04))
0.726667      	((2.453055e-01 -5.621762e-02 -2.404431e+01) (1.634947e-03 2.975225e-05 -1.240713e-01)) ((8.863250e-03 1.440446e-01 2.472078e-02) (1.109268e-07 1.893044e-03 -2.585749e-04))
0.733333      	((2.376070e-01 -5.678938e-02 -2.141112e+01) (1.734150e-03 3.519047e-05 -1.226196e-01)) ((9.333439e-03 1.232499e-01 2.434931e-02) (-5.168528e-06 1.893351e-03 -2.637893e-04))
0.74          	((2.257622e-01 -5.708742e-02 -1.873381e+01) (1.830962e-03 4.675778e-05 -1.209160e-01)) ((9.801589e-03 1.021812e-01 2.499555e-02) (-1.100007e-05 1.888224e-03 -2.687623e-04))
0.746667      	((2.156310e-01 -5.570416e-02 -1.600731e+01) (1.922368e-03 6.286656e-05 -1.189663e-01)) ((9.741761e-03 8.068842e-02 2.541985e-02) (-1.658421e-05 1.878184e-03 -2.729394e-04))
0.753333      	((2.045183e-01 -5.623283e-02 -1.324658e+01) (2.011255e-03 7.902197e-05 -1.167851e-01)) ((9.854304e-03 5.993655e-02 2.552407e-02) (-2.120664e-05 1.861779e-03 -2.754904e-04))
0.76          	((1.941434e-01 -5.771903e-02 -1.045284e+01) (2.097940e-03 9.464157e-05 -1.143763e-01)) ((1.019704e-02 3.847442e-02 2.506919e-02) (-2.496474e-05 1.840196e-03 -2.766113e-04))
0.766667      	((1.838768e-01 -5.218955e-02 -7.632533e+00) (2.178330e-03 1.115719e-04 -1.117475e-01)) ((9.965634e-03 1.772901e-02 2.476132e-02) (-2.754022e-05 1.813296e-03 -2.769190e-04))
0.773333      	((1.739626e-01 -5.515549e-02 -4.804598e+00) (2.249796e-03 1.313729e-04 -1.089035e-01)) ((1.046953e-02 -3.214656e-03 2.425022e-02) (-2.952900e-05 1.781750e-03 -2.759617e-04))
0.78          	((1.620098e-01 -5.310222e-02 -1.964340e+00) (2.315811e-03 1.505587e-04 -1.058557e-01)) ((1.051336e-02 -2.400122e-02 2.309955e-02) (-3.104845e-05 1.745873e-03 -2.742260e-04))
0.786667      	((1.513875e-01 -5.662916e-02 8.820941e-01) (2.374533e-03 1.736667e-04 -1.026166e-01)) ((1.061908e-02 -4.415258e-02 2.255488e-02) (-3.233319e-05 1.706632e-03 -2.717545e-04))
0.793333      	((1.406707e-01 -5.750397e-02 3.729377e+00) (2.422742e-03 1.984319e-04 -9.919583e-02)) ((1.053191e-02 -6.569393e-02 2.209797e-02) (-3.362308e-05 1.663610e-03 -2.677633e-04))
0.8           	((1.307643e-01 -5.348809e-02 6.559176e+00) (2.460974e-03 2.245355e-04 -9.560933e-02)) ((1.024835e-02 -8.653615e-02 2.177751e-02) (-3.519238e-05 1.617667e-03 -2.629866e-04))
0.806667      	((1.192295e-01 -5.185274e-02 9.358103e+00) (2.490171e-03 2.490437e-04 -9.186548e-02)) ((1.008707e-02 -1.070364e-01 2.165658e-02) (-3.547362e-05 1.568816e-03 -2.581866e-04))
0.813333      	((1.091389e-01 -5.099732e-02 1.212624e+01) (2.508658e-03 2.723187e-04 -8.797564e-02)) ((1.067600e-02 -1.279349e-01 2.127278e-02) (-3.515982e-05 1.516658e-03 -2.532153e-04))
0.82          	((9.715684e-02 -4.994145e-02 1.486142e+01) (2.512143e-03 2.939585e-04 -8.395189e-02)) ((1.096249e-02 -1.484071e-01 2.065852e-02) (-3.473979e-05 1.462209e-03 -2.483214e-04))
0.826667      	((8.623174e-02 -4.518146e-02 1.754678e+01) (2.502722e-03 3.157792e-04 -7.980219e-02)) ((1.066654e-02 -1.684729e-01 2.070492e-02) (-3.469023e-05 1.406221e-03 -2.427397e-04))
0.833333      	((7.526882e-02 -4.119662e-02 2.019003e+01) (2.484226e-03 3.337729e-04 -7.553575e-02)) ((1.115259e-02 -1.881908e-01 2.067600e-02) (-3.420388e-05 1.347988e-03 -2.368923e-04))
0.84          	((6.665952e-02 -3.578087e-02 2.277251e+01) (2.455282e-03 3.492805e-04 -7.116713e-02)) ((1.046182e-02 -2.081961e-01 2.050765e-02) (-3.301729e-05 1.288008e-03 -2.312003e-04))
0.846667      	((5.661578e-02 -3.516069e-02 2.531191e+01) (2.419946e-03 3.654486e-04 -6.670528e-02)) ((1.042041e-02 -2.276118e-01 1.996113e-02) (-3.162864e-05 1.226725e-03 -2.256630e-04))
0.853333      	((4.711464e-02 -3.143069e-02 2.778560e+01) (2.376295e-03 3.810000e-04 -6.215977e-02)) ((9.996116e-03 -2.469088e-01 1.961901e-02) (-3.086909e-05 1.164382e-03 -2.196202e-04))
0.86          	((3.862381e-02 -3.028309e-02 3.020686e+01) (2.324682e-03 3.962038e-04 -5.753679e-02)) ((1.088453e-02 -2.652675e-01 1.942015e-02) (-3.000998e-05 1.100731e-03 -2.133982e-04))
0.866667      	((3.048361e-02 -2.764718e-02 3.255879e+01) (2.267971e-03 4.065278e-04 -5.284577e-02)) ((1.070669e-02 -2.836623e-01 1.941946e-02) (-2.910126e-05 1.036409e-03 -2.072212e-04))
0.873333      	((2.263076e-02 -2.479804e-02 3.482143e+01) (2.204447e-03 4.149066e-04 -4.809541e-02)) ((1.104695e-02 -3.016403e-01 1.916465e-02) (-2.821391e-05 9.706697e-04 -2.009314e-04))
0.88          	((1.644724e-02 -2.012188e-02 3.700644e+01) (2.137650e-03 4.225601e-04 -4.329392e-02)) ((1.055829e-02 -3.191738e-01 1.914325e-02) (-2.779586e-05 9.044794e-04 -1.944095e-04))
0.886667      	((7.466818e-03 -1.670339e-02 3.910686e+01) (2.064979e-03 4.265488e-04 -3.845114e-02)) ((1.087272e-02 -3.358302e-01 1.821587e-02) (-2.752184e-05 8.377638e-04 -1.874764e-04))
0.893333      	((1.403777e-03 -1.404904e-02 4.111237e+01) (1.986545e-03 4.285929e-04 -3.357697e-02)) ((1.156235e-02 -3.510736e-01 1.795066e-02) (-2.679274e-05 7.706740e-04 -1.806114e-04))
0.9           	((-3.857184e-03 -1.124837e-02 4.303787e+01) (1.903414e-03 4.298659e-04 -2.868236e-02)) ((1.100815e-02 -3.665151e-01 1.723353e-02) (-2.657317e-05 7.035044e-04 -1.736200e-04))
0.906667      	((-1.096023e-02 -9.293586e-03 4.486004e+01) (1.818061e-03 4.322721e-04 -2.377563e-02)) ((1.037423e-02 -3.818295e-01 1.644678e-02) (-2.694686e-05 6.357084e-04 -1.666864e-04))
0.913333      	((-1.140070e-02 -4.703902e-03 4.657696e+01) (1.729672e-03 4.304759e-04 -1.886386e-02)) ((1.078252e-02 -3.953391e-01 1.596766e-02) (-2.670588e-05 5.674317e-04 -1.601439e-04))
0.92          	((-1.918714e-02 -3.178971e-03 4.819552e+01) (1.637691e-03 4.235881e-04 -1.395273e-02)) ((1.095284e-02 -4.082738e-01 1.545124e-02) (-2.602723e-05 4.988590e-04 -1.535329e-04))
0.926667      	((-2.934930e-02 -6.374756e-03 4.972775e+01) (1.546761e-03 4.172246e-04 -9.048171e-03)) ((1.141161e-02 -4.206845e-01 1.492348e-02) (-2.650282e-05 4.308593e-04 -1.463487e-04))
0.933333      	((-4.370774e-02 -1.195658e-03 5.115526e+01) (1.458846e-03 4.094383e-04 -4.156484e-03)) ((1.080150e-02 -4.317338e-01 1.476708e-02) (-2.732066e-05 3.627746e-04 -1.388496e-04))
0.94          	((-5.244540e-02 4.438557e-03 5.249697e+01) (1.368918e-03 3.982662e-04 7.240560e-04)) ((1.013705e-02 -4.430444e-01 1.399397e-02) (-2.741771e-05 2.942914e-04 -1.316556e-04))
0.946667      	((-5.425677e-02 5.513023e-03 5.373541e+01) (1.277780e-03 3.861657e-04 5.591719e-03)) ((9.193018e-03 -4.529420e-01 1.310820e-02) (-2.800535e-05 2.253419e-04 -1.256668e-04))
0.953333      	((-6.439684e-02 4.327140e-03 5.486823e+01) (1.187767e-03 3.755318e-04 1.044008e-02)) ((1.003945e-02 -4.640528e-01 1.298145e-02) (-2.855050e-05 1.562644e-04 -1.201338e-04))
0.96          	((-7.418815e-02 1.249541e-02 5.585580e+01) (1.098249e-03 3.598857e-04 1.526722e-02)) ((9.094744e-03 -4.723170e-01 1.255832e-02) (-2.859527e-05 8.755018e-05 -1.150843e-04))
0.966667      	((-8.285950e-02 1.329710e-02 5.675794e+01) (1.009506e-03 3.441742e-04 2.007589e-02)) ((9.383550e-03 -4.793825e-01 1.270006e-02) (-2.863937e-05 1.988590e-05 -1.116118e-04))
0.973333      	((-9.504297e-02 9.488707e-03 5.758056e+01) (9.226537e-04 3.321977e-04 2.486839e-02)) ((1.001419e-02 -4.853221e-01 1.138210e-02) (-2.956775e-05 -4.687140e-05 -1.087841e-04))
0.98          	((-1.055155e-01 1.115761e-02 5.829345e+01) (8.329237e-04 3.214450e-04 2.964823e-02)) ((8.144536e-03 -4.920113e-01 9.983236e-03) (-3.169948e-05 -1.126686e-04 -1.074163e-04))
0.986667      	((-1.171435e-01 9.330894e-03 5.888949e+01) (7.403877e-04 3.085692e-04 3.440961e-02)) ((9.648373e-03 -4.966708e-01 9.848239e-03) (-3.390805e-05 -1.772660e-04 -1.069794e-04))
0.993333      	((-1.324958e-01 1.074670e-02 5.943156e+01) (6.454099e-04 2.915220e-04 3.916312e-02)) ((9.469994e-03 -4.997847e-01 9.468370e-03) (-3.606234e-05 -2.415506e-04 -1.089043e-04))
1             	((-1.486740e-01 7.108934e-03 5.974705e+01) (5.490548e-04 2.738110e-04 4.390216e-02)) ((7.589841e-03 -5.007587e-01 9.774322e-03) (-3.816285e-05 -3.055384e-04 -1.129818e-04))
1.006667      	((-1.580671e-01 1.005562e-02 6.060037e+01) (4.509256e-04 2.607050e-04 4.865138e-02)) ((7.839713e-03 -5.070514e-01 7.847640e-03) (-4.153941e-05 -3.687644e-04 -1.189935e-04))
1.013333      	((-1.696673e-01 7.620344e-03 6.053113e+01) (3.576595e-04 2.478162e-04 5.336516e-02)) ((7.289856e-03 -5.035692e-01 7.163086e-03) (-4.515454e-05 -4.308130e-04 -1.250766e-04))
1.02          	((-1.755035e-01 1.014125e-02 6.117313e+01) (2.690504e-04 2.372547e-04 5.808422e-02)) ((6.796772e-03 -5.095360e-01 6.030841e-03) (-4.912571e-05 -4.935259e-04 -1.316736e-04))
1.026667      	((-1.862856e-01 3.030071e-03 6.134045e+01) (1.847606e-04 2.290776e-04 6.279772e-02)) ((7.295603e-03 -5.073168e-01 3.925536e-03) (-5.479236e-05 -5.558104e-04 -1.394002e-04))
1.033333      	((-1.845794e-01 7.470450e-03 6.146258e+01) (1.037815e-04 2.206724e-04 6.750049e-02)) ((6.362668e-03 -5.059301e-01 2.431012e-03) (-6.102790e-05 -6.189918e-04 -1.474158e-04))
1.04          	((-1.835812e-01 4.106888e-03 6.148083e+01) (2.644968e-05 2.096235e-04 7.218012e-02)) ((5.353965e-03 -5.036654e-01 1.989674e-03) (-6.614809e-05 -6.834820e-04 -1.564528e-04))
1.046667      	((-1.944590e-01 4.956315e-03 6.139729e+01) (-5.293419e-05 1.987707e-04 7.682075e-02)) ((4.812163e-03 -4.995210e-01 1.138414e-03) (-7.068105e-05 -7.481287e-04 -1.647447e-04))
1.053333      	((-1.915287e-01 2.206077e-03 6.125136e+01) (-1.341426e-04 1.910955e-04 8.140255e-02)) ((3.807881e-03 -4.947114e-01 -6.293405e-04) (-7.533846e-05 -8.119883e-04 -1.719922e-04))
1.06          	((-1.867528e-01 -2.751937e-03 6.101445e+01) (-2.175742e-04 1.884254e-04 8.591122e-02)) ((3.410957e-03 -4.897881e-01 -1.581830e-03) (-8.009712e-05 -8.759672e-04 -1.783266e-04))
1.066667      	((-1.890232e-01 -7.013418e-03 6.069984e+01) (-3.016905e-04 1.901343e-04 9.033598e-02)) ((3.660866e-03 -4.841318e-01 -1.495830e-03) (-8.442126e-05 -9.394058e-04 -1.852741e-04))
1.073333      	((-1.811475e-01 -1.203763e-02 6.029441e+01) (-3.888486e-04 1.954864e-04 9.465944e-02)) ((3.721359e-03 -4.772074e-01 -2.270918e-03) (-8.941755e-05 -1.002451e-03 -1.917381e-04))
1.08          	((-1.698111e-01 -1.443413e-02 5.980318e+01) (-4.828902e-04 2.033379e-04 9.887022e-02)) ((3.825755e-03 -4.688964e-01 -2.497383e-03) (-9.462778e-05 -1.066223e-03 -1.978293e-04))
1.086667      	((-1.640817e-01 -2.072762e-02 5.921561e+01) (-5.852981e-04 2.157793e-04 1.029463e-01)) ((4.139790e-03 -4.602552e-01 -2.572092e-03) (-1.006419e-04 -1.130520e-03 -2.041717e-04))
1.093333      	((-1.595171e-01 -2.347232e-02 5.853487e+01) (-6.899725e-04 2.308369e-04 1.068650e-01)) ((4.589951e-03 -4.506370e-01 -2.328236e-03) (-1.072351e-04 -1.194603e-03 -2.103547e-04))
1.1           	((-1.503829e-01 -3.115452e-02 5.776215e+01) (-8.053878e-04 2.444167e-04 1.106152e-01)) ((4.115852e-03 -4.402036e-01 -1.500065e-03) (-1.135770e-04 -1.258494e-03 -2.182521e-04))
1.106667      	((-1.422312e-01 -3.088967e-02 5.688035e+01) (-9.291213e-04 2.576509e-04 1.141834e-01)) ((4.007272e-03 -4.288392e-01 -1.326336e-03) (-1.156425e-04 -1.321639e-03 -2.274790e-04))
1.113333      	((-1.342205e-01 -3.257374e-02 5.590559e+01) (-1.060074e-03 2.681896e-04 1.175329e-01)) ((4.390709e-03 -4.164745e-01 -2.694177e-04) (-1.163381e-04 -1.384861e-03 -2.369293e-04))
1.12          	((-1.274088e-01 -3.583283e-02 5.482956e+01) (-1.196540e-03 2.818071e-04 1.206398e-01)) ((4.734944e-03 -4.035665e-01 3.501985e-04) (-1.170731e-04 -1.448318e-03 -2.465284e-04))
1.126667      	((-1.227284e-01 -3.778201e-02 5.363390e+01) (-1.342509e-03 2.950957e-04 1.234882e-01)) ((4.592100e-03 -3.899212e-01 7.724467e-04) (-1.172249e-04 -1.511081e-03 -2.544644e-04))
1.133333      	((-1.198727e-01 -4.535540e-02 5.232457e+01) (-1.491120e-03 3.055409e-04 1.260689e-01)) ((4.739670e-03 -3.749872e-01 6.494653e-04) (-1.156691e-04 -1.572737e-03 -2.609276e-04))
1.14          	((-1.190671e-01 -4.467935e-02 5.091858e+01) (-1.640326e-03 3.158131e-04 1.283756e-01)) ((3.962670e-03 -3.599529e-01 6.586236e-04) (-1.144595e-04 -1.634014e-03 -2.664159e-04))
1.146667      	((-1.184405e-01 -4.512213e-02 4.940457e+01) (-1.786323e-03 3.282622e-04 1.304011e-01)) ((2.563904e-03 -3.422882e-01 1.155309e-03) (-1.120361e-04 -1.694414e-03 -2.721142e-04))
1.153333      	((-1.176763e-01 -4.858819e-02 4.778612e+01) (-1.922044e-03 3.456553e-04 1.321290e-01)) ((2.396625e-03 -3.250817e-01 1.500541e-03) (-1.082278e-04 -1.751862e-03 -2.773207e-04))
1.16          	((-1.178307e-01 -4.845142e-02 4.605675e+01) (-2.057507e-03 3.625328e-04 1.335586e-01)) ((1.536611e-03 -3.082875e-01 1.537093e-03) (-1.027757e-04 -1.806369e-03 -2.819609e-04))
1.166667      	((-1.153187e-01 -5.055100e-02 4.422432e+01) (-2.187299e-03 3.822669e-04 1.346864e-01)) ((1.371667e-03 -2.911384e-01 8.886812e-04) (-9.613029e-05 -1.857461e-03 -2.862603e-04))
1.173333      	((-1.142936e-01 -5.361148e-02 4.229428e+01) (-2.312538e-03 4.021407e-04 1.355108e-01)) ((4.607403e-05 -2.728553e-01 -3.515108e-04) (-8.858346e-05 -1.904608e-03 -2.912614e-04))
1.18          	((-1.143633e-01 -5.030789e-02 4.027013e+01) (-2.430897e-03 4.201606e-04 1.360288e-01)) ((-2.084956e-03 -2.536371e-01 -1.519703e-03) (-8.009011e-05 -1.946949e-03 -2.971710e-04))
1.186667      	((-1.136797e-01 -5.317396e-02 3.815043e+01) (-2.538582e-03 4.329430e-04 1.362389e-01)) ((-3.596253e-03 -2.346538e-01 -2.846861e-03) (-6.983253e-05 -1.984240e-03 -3.028862e-04))
1.193333      	((-1.098736e-01 -5.298170e-02 3.594711e+01) (-2.631248e-03 4.461399e-04 1.361449e-01)) ((-5.436454e-03 -2.159655e-01 -5.225914e-03) (-5.913256e-05 -2.016454e-03 -3.088851e-04))
1.2           	((-1.068342e-01 -5.103081e-02 3.365658e+01) (-2.718024e-03 4.572692e-04 1.357517e-01)) ((-6.238741e-03 -1.969173e-01 -6.746081e-03) (-4.827382e-05 -2.043340e-03 -3.150349e-04))
1.206667      	((-9.931534e-02 -5.025675e-02 3.130504e+01) (-2.798722e-03 4.643349e-04 1.350609e-01)) ((-7.291799e-03 -1.776216e-01 -9.172020e-03) (-3.623407e-05 -2.064878e-03 -3.211115e-04))
1.213333      	((-9.428434e-02 -4.714591e-02 2.886793e+01) (-2.870531e-03 4.662320e-04 1.340798e-01)) ((-8.428531e-03 -1.578368e-01 -1.201074e-02) (-2.342499e-05 -2.081333e-03 -3.272297e-04))
1.22          	((-8.530897e-02 -4.421903e-02 2.636504e+01) (-2.930839e-03 4.664986e-04 1.328171e-01)) ((-9.369399e-03 -1.383279e-01 -1.519983e-02) (-1.102562e-05 -2.092830e-03 -3.334017e-04))
1.226667      	((-7.847747e-02 -4.022428e-02 2.380679e+01) (-2.976656e-03 4.629399e-04 1.312786e-01)) ((-1.054622e-02 -1.190336e-01 -1.762878e-02) (1.261424e-06 -2.099459e-03 -3.392973e-04))
1.233333      	((-6.982277e-02 -3.448197e-02 2.118940e+01) (-3.013577e-03 4.576224e-04 1.294720e-01)) ((-1.157197e-02 -9.934776e-02 -1.979276e-02) (1.304730e-05 -2.102599e-03 -3.444976e-04))
1.24          	((-5.471167e-02 -3.189915e-02 1.852662e+01) (-3.045213e-03 4.522648e-04 1.274086e-01)) ((-1.234242e-02 -7.904708e-02 -2.195247e-02) (2.402053e-05 -2.101385e-03 -3.498067e-04))
1.246667      	((-3.957264e-02 -2.459940e-02 1.582222e+01) (-3.064235e-03 4.450473e-04 1.251083e-01)) ((-1.389934e-02 -5.845161e-02 -2.432246e-02) (3.419429e-05 -2.095525e-03 -3.560958e-04))
1.253333      	((-2.243222e-02 -1.184309e-02 1.307839e+01) (-3.077911e-03 4.401054e-04 1.225768e-01)) ((-1.471137e-02 -3.688099e-02 -2.664441e-02) (4.421271e-05 -2.085160e-03 -3.613842e-04))
1.26          	((-8.782371e-03 -5.479123e-03 1.029735e+01) (-3.085058e-03 4.388224e-04 1.198216e-01)) ((-1.540701e-02 -1.576755e-02 -2.907446e-02) (5.293320e-05 -2.070588e-03 -3.649660e-04))
1.266667      	((4.779337e-03 8.918393e-04 7.493365e+00) (-3.087182e-03 4.407693e-04 1.168538e-01)) ((-1.641628e-02 6.020138e-03 -3.076149e-02) (6.064452e-05 -2.052315e-03 -3.670415e-04))
1.273333      	((1.817715e-02 4.151740e-03 4.680472e+00) (-3.087097e-03 4.428658e-04 1.136860e-01)) ((-1.651647e-02 2.778238e-02 -3.214804e-02) (6.734451e-05 -2.030628e-03 -3.673870e-04))
1.28          	((3.263588e-02 9.793006e-03 1.855717e+00) (-3.079983e-03 4.449431e-04 1.103262e-01)) ((-1.731727e-02 4.909823e-02 -3.307889e-02) (7.273511e-05 -2.005043e-03 -3.658064e-04))
1.286667      	((4.450397e-02 1.209569e-02 -9.798867e-01) (-3.069997e-03 4.489323e-04 1.067816e-01)) ((-1.687463e-02 7.064948e-02 -3.365385e-02) (7.708675e-05 -1.976081e-03 -3.624286e-04))
1.293333      	((5.615374e-02 1.478247e-02 -3.809321e+00) (-3.054634e-03 4.558302e-04 1.030636e-01)) ((-1.701967e-02 9.212509e-02 -3.371584e-02) (8.007262e-05 -1.943516e-03 -3.571896e-04))
1.3           	((6.997575e-02 1.688143e-02 -6.624846e+00) (-3.033613e-03 4.631361e-04 9.917998e-02)) ((-1.689395e-02 1.146343e-01 -3.346477e-02) (8.232565e-05 -1.907359e-03 -3.510211e-04))
1.306667      	((8.144921e-02 2.271337e-02 -9.419464e+00) (-3.008162e-03 4.714247e-04 9.514974e-02)) ((-1.709623e-02 1.373859e-01 -3.308856e-02) (8.359306e-05 -1.867943e-03 -3.435140e-04))
1.313333      	((9.039184e-02 2.473116e-02 -1.218611e+01) (-2.976279e-03 4.809595e-04 9.097378e-02)) ((-1.685473e-02 1.590615e-01 -3.344847e-02) (8.360746e-05 -1.825171e-03 -3.353333e-04))
1.32          	((1.015979e-01 2.651142e-02 -1.491481e+01) (-2.940662e-03 4.910559e-04 8.666654e-02)) ((-1.713345e-02 1.815004e-01 -3.268567e-02) (8.242029e-05 -1.778676e-03 -3.269876e-04))
1.326667      	((1.098272e-01 2.572640e-02 -1.761061e+01) (-2.899460e-03 5.036383e-04 8.224072e-02)) ((-1.707960e-02 2.027964e-01 -3.177309e-02) (8.103697e-05 -1.728953e-03 -3.189996e-04))
1.333333      	((1.176335e-01 3.022518e-02 -2.026012e+01) (-2.857350e-03 5.128565e-04 7.770569e-02)) ((-1.644139e-02 2.238275e-01 -3.041208e-02) (7.946222e-05 -1.676380e-03 -3.106709e-04))
1.34          	((1.230823e-01 3.281941e-02 -2.286602e+01) (-2.814839e-03 5.200452e-04 7.307635e-02)) ((-1.573134e-02 2.447922e-01 -2.860892e-02) (7.825110e-05 -1.621493e-03 -3.023771e-04))
1.346667      	((1.292895e-01 3.090672e-02 -2.541149e+01) (-2.770366e-03 5.270324e-04 6.835731e-02)) ((-1.475468e-02 2.649437e-01 -2.739175e-02) (7.681493e-05 -1.564002e-03 -2.947233e-04))
1.353333      	((1.350383e-01 2.961551e-02 -2.790042e+01) (-2.725652e-03 5.310248e-04 6.356487e-02)) ((-1.400618e-02 2.850654e-01 -2.639436e-02) (7.649961e-05 -1.504700e-03 -2.881224e-04))
1.36          	((1.393513e-01 3.043455e-02 -3.032502e+01) (-2.678585e-03 5.353265e-04 5.870437e-02)) ((-1.355966e-02 3.043229e-01 -2.457147e-02) (7.550485e-05 -1.443196e-03 -2.829274e-04))
1.366667      	((1.418809e-01 3.338454e-02 -3.268306e+01) (-2.631346e-03 5.373806e-04 5.378903e-02)) ((-1.294875e-02 3.230529e-01 -2.268806e-02) (7.465709e-05 -1.380318e-03 -2.780870e-04))
1.373333      	((1.444227e-01 3.083673e-02 -3.496114e+01) (-2.583766e-03 5.381286e-04 4.882597e-02)) ((-1.273582e-02 3.412115e-01 -1.995442e-02) (7.438396e-05 -1.316215e-03 -2.741561e-04))
1.38          	((1.462421e-01 3.134548e-02 -3.715934e+01) (-2.536968e-03 5.368407e-04 4.381705e-02)) ((-1.197324e-02 3.589727e-01 -1.873969e-02) (7.395347e-05 -1.251088e-03 -2.709220e-04))
1.386667      	((1.446529e-01 2.888265e-02 -3.927741e+01) (-2.488236e-03 5.341751e-04 3.877010e-02)) ((-1.154698e-02 3.755377e-01 -1.707306e-02) (7.285964e-05 -1.184760e-03 -2.684586e-04))
1.393333      	((1.435869e-01 2.883674e-02 -4.130088e+01) (-2.435171e-03 5.323011e-04 3.368940e-02)) ((-1.057851e-02 3.921825e-01 -1.544837e-02) (7.150501e-05 -1.117184e-03 -2.668223e-04))
1.4           	((1.410236e-01 3.399952e-02 -4.323944e+01) (-2.378612e-03 5.293526e-04 2.858538e-02)) ((-1.097101e-02 4.076241e-01 -1.350350e-02) (6.999077e-05 -1.048558e-03 -2.644812e-04))
1.406667      	((1.370078e-01 3.300246e-02 -4.507503e+01) (-2.321485e-03 5.265576e-04 2.346659e-02)) ((-1.078536e-02 4.218473e-01 -1.177493e-02) (6.800735e-05 -9.793017e-04 -2.620704e-04))
1.413333      	((1.349862e-01 3.691567e-02 -4.681145e+01) (-2.265927e-03 5.244789e-04 1.833646e-02)) ((-1.061201e-02 4.351926e-01 -1.047185e-02) (6.550614e-05 -9.101270e-04 -2.606229e-04))
1.42          	((1.314739e-01 3.731358e-02 -4.845796e+01) (-2.214554e-03 5.237717e-04 1.320507e-02)) ((-9.968455e-03 4.470955e-01 -8.527146e-03) (6.343596e-05 -8.414380e-04 -2.597484e-04))
1.426667      	((1.250002e-01 3.717748e-02 -4.998735e+01) (-2.167613e-03 5.216823e-04 8.075635e-03)) ((-1.055464e-02 4.576959e-01 -6.645736e-03) (6.097517e-05 -7.732038e-04 -2.591022e-04))
1.433333      	((1.174160e-01 4.148160e-02 -5.144418e+01) (-2.125327e-03 5.166326e-04 2.954638e-03)) ((-8.996149e-03 4.695187e-01 -5.469176e-03) (5.882056e-05 -7.053104e-04 -2.575993e-04))
1.44          	((1.101130e-01 4.005718e-02 -5.279752e+01) (-2.084539e-03 5.139684e-04 -2.148226e-03)) ((-1.018981e-02 4.802630e-01 -3.618912e-03) (5.617981e-05 -6.378484e-04 -2.573623e-04))
1.446667      	((9.978127e-02 4.369887e-02 -5.403031e+01) (-2.047307e-03 5.102478e-04 -7.227529e-03)) ((-8.243286e-03 4.884550e-01 -1.790680e-03) (5.330616e-05 -5.713425e-04 -2.576245e-04))
1.453333      	((8.744647e-02 4.777694e-02 -5.515327e+01) (-2.012505e-03 5.094822e-04 -1.228071e-02)) ((-8.379660e-03 4.956342e-01 1.237771e-04) (5.105300e-05 -5.058218e-04 -2.575587e-04))
1.46          	((8.444180e-02 4.677953e-02 -5.616406e+01) (-1.975227e-03 5.031928e-04 -1.731445e-02)) ((-9.464758e-03 5.033103e-01 1.687794e-03) (4.914561e-05 -4.411163e-04 -2.578900e-04))
1.466667      	((7.156408e-02 4.766777e-02 -5.708139e+01) (-1.937084e-03 4.967241e-04 -2.232640e-02)) ((-9.299414e-03 5.078015e-01 3.199449e-03) (4.742551e-05 -3.772720e-04 -2.583566e-04))
1.473333      	((5.527829e-02 5.372944e-02 -5.793899e+01) (-1.904768e-03 4.907517e-04 -2.731115e-02)) ((-8.284618e-03 5.130434e-01 3.412157e-03) (4.634234e-05 -3.143141e-04 -2.593322e-04))
1.48          	((4.513983e-02 5.291475e-02 -5.869010e+01) (-1.876629e-03 4.870537e-04 -3.226603e-02)) ((-7.910581e-03 5.166853e-01 4.788200e-03) (4.560309e-05 -2.524418e-04 -2.613435e-04))
1.486667      	((4.366098e-02 4.215838e-02 -5.933462e+01) (-1.852318e-03 4.846367e-04 -3.719823e-02)) ((-8.962602e-03 5.192571e-01 5.385669e-03) (4.493875e-05 -1.913204e-04 -2.645023e-04))
1.493333      	((3.893646e-02 4.750730e-02 -5.986958e+01) (-1.834760e-03 4.765011e-04 -4.210289e-02)) ((-7.939086e-03 5.199374e-01 7.046344e-03) (4.524572e-05 -1.313026e-04 -2.685955e-04))
1.5           	((2.508312e-02 4.678825e-02 -6.036731e+01) (-1.815631e-03 4.628200e-04 -4.697977e-02)) ((-7.606175e-03 5.192733e-01 7.814266e-03) (4.660307e-05 -7.129888e-05 -2.721567e-04))
1.506667      	((1.283754e-02 4.802233e-02 -6.110610e+01) (-1.794286e-03 4.439609e-04 -5.185937e-02)) ((-7.881292e-03 5.232340e-01 9.824626e-03) (4.809273e-05 -1.004605e-05 -2.756277e-04))
1.513333      	((1.953267e-02 4.512442e-02 -6.087599e+01) (-1.774530e-03 4.246733e-04 -5.667557e-02)) ((-6.415032e-03 5.168671e-01 1.056939e-02) (4.937907e-05 5.194787e-05 -2.790134e-04))
1.52          	((2.387722e-02 4.913007e-02 -6.149597e+01) (-1.756712e-03 4.098155e-04 -6.147437e-02)) ((-7.496437e-03 5.196855e-01 1.357667e-02) (4.995927e-05 1.143338e-04 -2.825784e-04))
1.526667      	((1.395965e-02 4.772615e-02 -6.172086e+01) (-1.737944e-03 3.987026e-04 -6.624782e-02)) ((-6.884134e-03 5.178350e-01 1.473599e-02) (5.089922e-05 1.783219e-04 -2.868464e-04))
1.533333      	((2.945312e-03 3.939074e-02 -6.189930e+01) (-1.720923e-03 3.904625e-04 -7.099620e-02)) ((-5.582535e-03 5.123409e-01 1.562034e-02) (5.199207e-05 2.439813e-04 -2.911470e-04))
1.54          	((1.018394e-03 4.201788e-02 -6.192854e+01) (-1.705117e-03 3.800370e-04 -7.570712e-02)) ((-6.285653e-03 5.056521e-01 1.742532e-02) (5.265455e-05 3.110362e-04 -2.957051e-04))
1.546667      	((-2.081957e-03 4.649850e-02 -6.184276e+01) (-1.694136e-03 3.722434e-04 -8.036536e-02)) ((-6.090720e-03 4.988337e-01 1.874377e-02) (5.307318e-05 3.797147e-04 -3.006421e-04))
1.553333      	((7.205304e-03 4.367793e-02 -6.164114e+01) (-1.681785e-03 3.682887e-04 -8.495884e-02)) ((-5.217449e-03 4.918713e-01 2.032806e-02) (5.308270e-05 4.497088e-04 -3.051838e-04))
1.56          	((4.922683e-03 4.296238e-02 -6.138821e+01) (-1.669313e-03 3.648564e-04 -8.947554e-02)) ((-4.872985e-03 4.840885e-01 2.206064e-02) (5.252771e-05 5.214815e-04 -3.095800e-04))
1.566667      	((6.249019e-03 4.382427e-02 -6.104954e+01) (-1.658595e-03 3.600366e-04 -9.391141e-02)) ((-4.445592e-03 4.747136e-01 2.315231e-02) (5.198407e-05 5.951877e-04 -3.141798e-04))
1.573333      	((1.344759e-02 4.626335e-02 -6.061178e+01) (-1.640344e-03 3.548150e-04 -9.825337e-02)) ((-4.249258e-03 4.652549e-01 2.430568e-02) (5.089247e-05 6.702330e-04 -3.177469e-04))
1.58          	((2.099725e-02 4.520032e-02 -6.007878e+01) (-1.617892e-03 3.495133e-04 -1.024819e-01)) ((-3.127771e-03 4.549805e-01 2.550334e-02) (5.030378e-05 7.465017e-04 -3.209823e-04))
1.586667      	((2.717453e-02 4.975077e-02 -5.945908e+01) (-1.591215e-03 3.440887e-04 -1.065818e-01)) ((-3.449466e-03 4.437287e-01 2.726090e-02) (4.952601e-05 8.241381e-04 -3.244184e-04))
1.593333      	((4.204640e-02 4.634245e-02 -5.874000e+01) (-1.564903e-03 3.350289e-04 -1.105360e-01)) ((-3.399060e-03 4.324828e-01 2.834674e-02) (4.935445e-05 9.011805e-04 -3.276740e-04))
1.6           	((5.321500e-02 4.550905e-02 -5.792070e+01) (-1.538234e-03 3.226150e-04 -1.143261e-01)) ((-2.705053e-03 4.207633e-01 2.900903e-02) (4.968827e-05 9.783228e-04 -3.313302e-04))
1.606667      	((6.738473e-02 4.451068e-02 -5.700354e+01) (-1.510303e-03 3.091006e-04 -1.179350e-01)) ((-1.606640e-03 4.086124e-01 2.996630e-02) (4.885085e-05 1.055439e-03 -3.336800e-04))
1.613333      	((8.069032e-02 4.339300e-02 -5.599405e+01) (-1.478104e-03 2.939453e-04 -1.213573e-01)) ((-1.381053e-03 3.965511e-01 3.126928e-02) (4.778165e-05 1.133047e-03 -3.360401e-04))
1.62          	((8.962541e-02 4.443999e-02 -5.488371e+01) (-1.441637e-03 2.856100e-04 -1.245734e-01)) ((-1.023270e-03 3.838433e-01 3.221635e-02) (4.580923e-05 1.209833e-03 -3.390448e-04))
1.626667      	((1.013865e-01 3.908953e-02 -5.367810e+01) (-1.394985e-03 2.849396e-04 -1.275674e-01)) ((2.454870e-04 3.705489e-01 3.301324e-02) (4.265465e-05 1.285001e-03 -3.413564e-04))
1.633333      	((1.140639e-01 3.815622e-02 -5.236088e+01) (-1.340670e-03 2.831289e-04 -1.303264e-01)) ((4.836685e-04 3.578737e-01 3.283149e-02) (3.867899e-05 1.359086e-03 -3.439891e-04))
1.64          	((1.278706e-01 4.160893e-02 -5.094679e+01) (-1.281012e-03 2.818590e-04 -1.328356e-01)) ((1.802319e-04 3.447992e-01 3.301975e-02) (3.440977e-05 1.431317e-03 -3.469240e-04))
1.646667      	((1.395708e-01 3.607819e-02 -4.943307e+01) (-1.211760e-03 2.849590e-04 -1.350821e-01)) ((1.343521e-03 3.303901e-01 3.399474e-02) (2.940212e-05 1.500778e-03 -3.512735e-04))
1.653333      	((1.496730e-01 2.705831e-02 -4.781618e+01) (-1.128122e-03 2.855556e-04 -1.370485e-01)) ((2.379008e-03 3.164976e-01 3.438413e-02) (2.388285e-05 1.567540e-03 -3.565644e-04))
1.66          	((1.594726e-01 2.361533e-02 -4.610448e+01) (-1.030260e-03 2.813650e-04 -1.387222e-01)) ((2.782433e-03 3.026726e-01 3.405630e-02) (1.744895e-05 1.630978e-03 -3.624442e-04))
1.666667      	((1.732820e-01 2.252728e-02 -4.428850e+01) (-9.201466e-04 2.741230e-04 -1.401025e-01)) ((3.181376e-03 2.887340e-01 3.439893e-02) (9.708609e-06 1.690382e-03 -3.679367e-04))
1.673333      	((1.822305e-01 1.550045e-02 -4.237799e+01) (-7.956783e-04 2.647131e-04 -1.411819e-01)) ((4.067576e-03 2.736497e-01 3.442902e-02) (1.437774e-06 1.745136e-03 -3.742746e-04))
1.68          	((1.899160e-01 9.646688e-03 -4.036927e+01) (-6.609465e-04 2.544147e-04 -1.419531e-01)) ((4.537448e-03 2.584923e-01 3.467543e-02) (-6.709460e-06 1.795307e-03 -3.820222e-04))
1.686667      	((1.954480e-01 3.492843e-03 -3.826299e+01) (-5.173438e-04 2.390374e-04 -1.424185e-01)) ((4.790919e-03 2.426384e-01 3.507488e-02) (-1.524808e-05 1.840179e-03 -3.898931e-04))
1.693333      	((1.999347e-01 3.641397e-04 -3.606547e+01) (-3.638023e-04 2.206341e-04 -1.425779e-01)) ((4.523275e-03 2.262895e-01 3.522891e-02) (-2.360365e-05 1.879156e-03 -3.981639e-04))
1.7           	((2.048261e-01 -4.290763e-03 -3.377839e+01) (-2.116722e-04 2.001902e-04 -1.424354e-01)) ((4.669087e-03 2.099295e-01 3.485511e-02) (-3.119147e-05 1.912885e-03 -4.065254e-04))
1.706667      	((2.076151e-01 -7.579661e-03 -3.142112e+01) (-5.425037e-05 1.756889e-04 -1.419906e-01)) ((4.204451e-03 1.926211e-01 3.437865e-02) (-3.746134e-05 1.939876e-03 -4.150739e-04))
1.713333      	((2.090825e-01 -1.081389e-02 -2.898297e+01) (1.066573e-04 1.485960e-04 -1.412453e-01)) ((4.556955e-03 1.754482e-01 3.377931e-02) (-4.266139e-05 1.960114e-03 -4.233833e-04))
1.72          	((2.049733e-01 -1.780257e-02 -2.647829e+01) (2.681116e-04 1.271839e-04 -1.402075e-01)) ((4.835756e-03 1.574223e-01 3.344392e-02) (-4.638931e-05 1.973487e-03 -4.309938e-04))
1.726667      	((2.003837e-01 -2.246697e-02 -2.391007e+01) (4.276873e-04 1.096808e-04 -1.388784e-01)) ((4.652336e-03 1.394763e-01 3.280023e-02) (-4.845290e-05 1.979597e-03 -4.374740e-04))
1.733333      	((1.944379e-01 -2.643450e-02 -2.128645e+01) (5.841689e-04 9.296600e-05 -1.372619e-01)) ((4.516952e-03 1.209822e-01 3.250531e-02) (-4.864507e-05 1.979256e-03 -4.438431e-04))
1.74          	((1.878974e-01 -3.160730e-02 -1.860759e+01) (7.337362e-04 7.421519e-05 -1.353682e-01)) ((4.887849e-03 1.019581e-01 3.191314e-02) (-4.859558e-05 1.972575e-03 -4.502859e-04))
1.746667      	((1.814480e-01 -3.351111e-02 -1.588187e+01) (8.727613e-04 6.445580e-05 -1.332087e-01)) ((5.015862e-03 8.261345e-02 3.137058e-02) (-4.770989e-05 1.960121e-03 -4.562557e-04))
1.753333      	((1.737012e-01 -3.223479e-02 -1.311878e+01) (1.000768e-03 5.874322e-05 -1.307925e-01)) ((4.924618e-03 6.276235e-02 3.078561e-02) (-4.698039e-05 1.942110e-03 -4.619629e-04))
1.76          	((1.635282e-01 -3.497787e-02 -1.033742e+01) (1.114997e-03 5.839324e-05 -1.281228e-01)) ((4.795141e-03 4.324708e-02 2.996063e-02) (-4.613009e-05 1.918644e-03 -4.672033e-04))
1.766667      	((1.499254e-01 -3.585511e-02 -7.522787e+00) (1.217377e-03 6.255906e-05 -1.252075e-01)) ((5.064088e-03 2.285817e-02 2.906594e-02) (-4.555435e-05 1.889677e-03 -4.723622e-04))
1.773333      	((1.410467e-01 -3.603572e-02 -4.692712e+00) (1.312477e-03 7.035475e-05 -1.220591e-01)) ((5.271418e-03 2.514553e-03 2.768985e-02) (-4.456600e-05 1.855827e-03 -4.766397e-04))
1.78          	((1.315624e-01 -3.797477e-02 -1.854943e+00) (1.396596e-03 8.239125e-05 -1.186859e-01)) ((6.076055e-03 -1.826306e-02 2.648927e-02) (-4.390681e-05 1.817819e-03 -4.796987e-04))
1.786667      	((1.234392e-01 -3.808376e-02 9.874151e-01) (1.466752e-03 9.688844e-05 -1.151010e-01)) ((7.072254e-03 -3.930189e-02 2.558979e-02) (-4.270766e-05 1.775818e-03 -4.826045e-04))
1.793333      	((1.127512e-01 -3.809807e-02 3.822668e+00) (1.522396e-03 1.155940e-04 -1.113169e-01)) ((7.256343e-03 -6.033578e-02 2.435784e-02) (-4.234436e-05 1.730451e-03 -4.844896e-04))
1.8           	((1.013882e-01 -4.117876e-02 6.639885e+00) (1.562982e-03 1.387323e-04 -1.073429e-01)) ((7.667226e-03 -8.170620e-02 2.361647e-02) (-4.249585e-05 1.681711e-03 -4.855898e-04))
1.806667      	((8.846932e-02 -4.012277e-02 9.437550e+00) (1.585086e-03 1.647024e-04 -1.031921e-01)) ((8.026798e-03 -1.031468e-01 2.275433e-02) (-4.299253e-05 1.630474e-03 -4.855970e-04))
1.813333      	((7.707793e-02 -3.811665e-02 1.220837e+01) (1.591978e-03 1.920718e-04 -9.887573e-02)) ((8.057924e-03 -1.235313e-01 2.193930e-02) (-4.311225e-05 1.576961e-03 -4.847002e-04))
1.82          	((6.936223e-02 -3.914919e-02 1.494375e+01) (1.581622e-03 2.190400e-04 -9.440337e-02)) ((8.495092e-03 -1.446873e-01 2.128522e-02) (-4.312960e-05 1.521121e-03 -4.834028e-04))
1.826667      	((6.166016e-02 -3.627491e-02 1.763782e+01) (1.558535e-03 2.480533e-04 -8.978615e-02)) ((9.344469e-03 -1.658761e-01 2.034597e-02) (-4.416347e-05 1.463489e-03 -4.812969e-04))
1.833333      	((5.088500e-02 -3.617163e-02 2.028916e+01) (1.522925e-03 2.741971e-04 -8.503564e-02)) ((9.404767e-03 -1.866456e-01 1.931004e-02) (-4.503090e-05 1.403634e-03 -4.785610e-04))
1.84          	((4.253597e-02 -3.457104e-02 2.288181e+01) (1.478237e-03 2.956928e-04 -8.016490e-02)) ((9.580658e-03 -2.069341e-01 1.891514e-02) (-4.541514e-05 1.341940e-03 -4.759892e-04))
1.846667      	((3.286005e-02 -3.243584e-02 2.543055e+01) (1.420047e-03 3.118032e-04 -7.518526e-02)) ((9.069707e-03 -2.263965e-01 1.832671e-02) (-4.539218e-05 1.278440e-03 -4.724079e-04))
1.853333      	((2.517820e-02 -3.136684e-02 2.791394e+01) (1.351437e-03 3.266213e-04 -7.010595e-02)) ((9.706743e-03 -2.460533e-01 1.799903e-02) (-4.567701e-05 1.213627e-03 -4.683260e-04))
1.86          	((1.859392e-02 -2.871616e-02 3.033677e+01) (1.273475e-03 3.370161e-04 -6.493729e-02)) ((9.770229e-03 -2.651931e-01 1.781308e-02) (-4.591424e-05 1.147677e-03 -4.636169e-04))
1.866667      	((9.700534e-03 -2.487281e-02 3.268873e+01) (1.191332e-03 3.424811e-04 -5.969209e-02)) ((9.302553e-03 -2.834518e-01 1.680619e-02) (-4.559539e-05 1.080533e-03 -4.583528e-04))
1.873333      	((3.346229e-03 -2.391769e-02 3.496390e+01) (1.107293e-03 3.439887e-04 -5.438403e-02)) ((9.448810e-03 -3.018699e-01 1.618301e-02) (-4.491614e-05 1.013297e-03 -4.523249e-04))
1.88          	((-4.694400e-03 -2.579526e-02 3.715444e+01) (1.020783e-03 3.456501e-04 -4.902092e-02)) ((1.018839e-02 -3.200510e-01 1.541386e-02) (-4.475280e-05 9.451605e-04 -4.462334e-04))
1.886667      	((-1.068566e-02 -2.276960e-02 3.926515e+01) (9.267242e-04 3.463597e-04 -4.361008e-02)) ((1.041887e-02 -3.366701e-01 1.518119e-02) (-4.494751e-05 8.760874e-04 -4.409004e-04))
1.893333      	((-1.565236e-02 -1.641005e-02 4.127212e+01) (8.259512e-04 3.443636e-04 -3.816155e-02)) ((1.038775e-02 -3.520429e-01 1.471421e-02) (-4.531923e-05 8.063922e-04 -4.360104e-04))
1.9           	((-2.028474e-02 -1.362717e-02 4.319476e+01) (7.268408e-04 3.411726e-04 -3.268689e-02)) ((9.760892e-03 -3.679317e-01 1.467768e-02) (-4.554633e-05 7.364231e-04 -4.310598e-04))
1.906667      	((-2.581696e-02 -1.248863e-02 4.502025e+01) (6.293010e-04 3.413096e-04 -2.720081e-02)) ((1.059635e-02 -3.825505e-01 1.376874e-02) (-4.510007e-05 6.664357e-04 -4.256724e-04))
1.913333      	((-3.472430e-02 -1.457168e-02 4.675066e+01) (5.316481e-04 3.394257e-04 -2.170866e-02)) ((9.648896e-03 -3.968356e-01 1.276030e-02) (-4.445607e-05 5.962350e-04 -4.198266e-04))
1.92          	((-3.690583e-02 -1.389163e-02 4.838579e+01) (4.354032e-04 3.379729e-04 -1.621205e-02)) ((9.619269e-03 -4.094356e-01 1.272343e-02) (-4.333570e-05 5.248899e-04 -4.139830e-04))
1.926667      	((-4.039473e-02 -1.199176e-02 4.990698e+01) (3.475769e-04 3.361574e-04 -1.072365e-02)) ((9.078930e-03 -4.215501e-01 1.260899e-02) (-4.218488e-05 4.534413e-04 -4.080936e-04))
1.933333      	((-4.832763e-02 -1.002851e-02 5.133767e+01) (2.585565e-04 3.295859e-04 -5.248519e-03)) ((9.083468e-03 -4.330561e-01 1.193818e-02) (-4.095271e-05 3.819133e-04 -4.019321e-04))
1.94          	((-5.102753e-02 -6.351588e-03 5.268269e+01) (1.712844e-04 3.175602e-04 2.071224e-04)) ((8.443981e-03 -4.432488e-01 1.163079e-02) (-3.958122e-05 3.096734e-04 -3.951867e-04))
1.946667      	((-5.731373e-02 -3.714824e-03 5.391990e+01) (8.166890e-05 2.997876e-04 5.632046e-03)) ((9.181426e-03 -4.541060e-01 9.870903e-03) (-3.818628e-05 2.363219e-04 -3.888697e-04))
1.953333      	((-6.258876e-02 -5.142824e-03 5.504167e+01) (-9.596031e-06 2.898986e-04 1.102307e-02)) ((1.002158e-02 -4.639434e-01 8.839393e-03) (-3.797969e-05 1.623965e-04 -3.826786e-04))
1.96          	((-7.286096e-02 1.863928e-03 5.605672e+01) (-9.996963e-05 2.816230e-04 1.638288e-02)) ((7.688407e-03 -4.729413e-01 7.692879e-03) (-3.815024e-05 8.786000e-05 -3.769024e-04))
1.966667      	((-7.798879e-02 1.560929e-03 5.697163e+01) (-1.920264e-04 2.696954e-04 2.171742e-02)) ((9.190961e-03 -4.804724e-01 7.300274e-03) (-3.839103e-05 1.321659e-05 -3.723528e-04))
1.973333      	((-9.054606e-02 -8.577930e-03 5.781224e+01) (-2.839986e-04 2.526127e-04 2.702512e-02)) ((1.000727e-02 -4.868440e-01 7.290719e-03) (-3.896773e-05 -6.092158e-05 -3.696777e-04))
1.98          	((-1.030888e-01 1.594639e-03 5.852885e+01) (-3.759926e-04 2.428540e-04 3.229926e-02)) ((9.446148e-03 -4.915009e-01 6.029056e-03) (-3.984513e-05 -1.339480e-04 -3.667398e-04))
1.986667      	((-1.145070e-01 4.554584e-03 5.914756e+01) (-4.709290e-04 2.387451e-04 3.753688e-02)) ((8.995562e-03 -4.962324e-01 5.289396e-03) (-4.160271e-05 -2.061670e-04 -3.650391e-04))
1.993333      	((-1.214357e-01 -2.255987e-03 5.967441e+01) (-5.659082e-04 2.327571e-04 4.274310e-02)) ((7.541855e-03 -4.993630e-01 4.334059e-03) (-4.347107e-05 -2.777291e-04 -3.646294e-04))
2             	((-1.326517e-01 1.051148e-03 6.004566e+01) (-6.644574e-04 2.230490e-04 4.792082e-02)) ((7.419293e-03 -5.001871e-01 2.782677e-03) (-4.511471e-05 -3.483336e-04 -3.646223e-04))
2.006667      	((-1.363417e-01 7.963101e-04 6.075977e+01) (-7.619151e-04 2.160914e-04 5.308686e-02)) ((7.884512e-03 -5.062250e-01 -1.470509e-04) (-4.751351e-05 -4.171560e-04 -3.650398e-04))
2.013333      	((-1.590861e-01 1.456608e-03 6.079534e+01) (-8.574470e-04 2.145944e-04 5.819957e-02)) ((8.332881e-03 -5.067541e-01 3.192842e-04) (-5.024861e-05 -4.849789e-04 -3.672992e-04))
2.02          	((-1.596489e-01 2.610425e-03 6.141447e+01) (-9.441687e-04 2.111165e-04 6.329790e-02)) ((7.751554e-03 -5.081426e-01 -2.503729e-04) (-5.371704e-05 -5.518641e-04 -3.703533e-04))
2.026667      	((-1.618365e-01 -2.242842e-03 6.159621e+01) (-1.027263e-03 2.103115e-04 6.835928e-02)) ((6.843108e-03 -5.072775e-01 -2.262952e-03) (-5.856379e-05 -6.189671e-04 -3.731493e-04))
2.033333      	((-1.694279e-01 -2.002269e-04 6.174256e+01) (-1.107981e-03 2.106394e-04 7.337076e-02)) ((6.476882e-03 -5.062076e-01 -3.992515e-03) (-6.322365e-05 -6.853894e-04 -3.762817e-04))
2.04          	((-1.727987e-01 -3.922251e-03 6.174757e+01) (-1.184393e-03 2.111672e-04 7.832613e-02)) ((6.701588e-03 -5.039841e-01 -5.328351e-03) (-6.762888e-05 -7.516958e-04 -3.790368e-04))
2.046667      	((-1.706390e-01 -4.277537e-03 6.165733e+01) (-1.260236e-03 2.125288e-04 8.321880e-02)) ((6.088827e-03 -4.996950e-01 -7.206578e-03) (-7.121843e-05 -8.175238e-04 -3.813146e-04))
2.053333      	((-1.654438e-01 -7.361486e-03 6.151897e+01) (-1.343179e-03 2.140757e-04 8.802997e-02)) ((5.618864e-03 -4.949210e-01 -7.635377e-03) (-7.424271e-05 -8.823345e-04 -3.829756e-04))
2.06          	((-1.619054e-01 -1.248031e-02 6.130141e+01) (-1.428774e-03 2.178215e-04 9.274900e-02)) ((5.483077e-03 -4.895948e-01 -8.867306e-03) (-7.858945e-05 -9.471160e-04 -3.836155e-04))
2.066667      	((-1.579732e-01 -1.569878e-02 6.099613e+01) (-1.518800e-03 2.222913e-04 9.735938e-02)) ((5.379654e-03 -4.833985e-01 -9.278264e-03) (-8.204065e-05 -1.011014e-03 -3.847801e-04))
2.073333      	((-1.520995e-01 -2.051190e-02 6.059033e+01) (-1.616478e-03 2.232673e-04 1.018502e-01)) ((5.342040e-03 -4.764966e-01 -9.427701e-03) (-8.585504e-05 -1.074552e-03 -3.855589e-04))
2.08          	((-1.397880e-01 -2.151522e-02 6.008832e+01) (-1.723112e-03 2.219022e-04 1.062030e-01)) ((5.997479e-03 -4.686269e-01 -9.298293e-03) (-8.871635e-05 -1.138562e-03 -3.856426e-04))
2.086667      	((-1.279767e-01 -2.391088e-02 5.948983e+01) (-1.833460e-03 2.203304e-04 1.104019e-01)) ((6.737567e-03 -4.601521e-01 -8.440881e-03) (-8.969051e-05 -1.202126e-03 -3.860632e-04))
2.093333      	((-1.180338e-01 -2.835348e-02 5.879329e+01) (-1.954437e-03 2.191312e-04 1.144292e-01)) ((7.456617e-03 -4.510968e-01 -7.756506e-03) (-9.099574e-05 -1.265733e-03 -3.859279e-04))
2.1           	((-1.101103e-01 -3.061990e-02 5.799537e+01) (-2.085289e-03 2.231801e-04 1.182538e-01)) ((7.586197e-03 -4.413292e-01 -6.685322e-03) (-9.261634e-05 -1.328965e-03 -3.854875e-04))
2.106667      	((-9.894872e-02 -3.113480e-02 5.709029e+01) (-2.228938e-03 2.280578e-04 1.218602e-01)) ((7.692165e-03 -4.300707e-01 -5.720997e-03) (-9.325794e-05 -1.391513e-03 -3.853002e-04))
2.113333      	((-9.019585e-02 -3.467238e-02 5.607986e+01) (-2.381299e-03 2.331591e-04 1.252255e-01)) ((7.585829e-03 -4.181997e-01 -4.794979e-03) (-9.397066e-05 -1.454265e-03 -3.856817e-04))
2.12          	((-8.492873e-02 -3.413058e-02 5.495776e+01) (-2.535237e-03 2.387335e-04 1.283367e-01)) ((7.643161e-03 -4.061556e-01 -4.000633e-03) (-9.351085e-05 -1.516510e-03 -3.861570e-04))
2.126667      	((-8.524448e-02 -3.602531e-02 5.372885e+01) (-2.686730e-03 2.424183e-04 1.311805e-01)) ((7.606271e-03 -3.932832e-01 -3.043521e-03) (-9.110319e-05 -1.577117e-03 -3.869964e-04))
2.133333      	((-8.626253e-02 -3.917217e-02 5.239686e+01) (-2.837892e-03 2.452492e-04 1.337485e-01)) ((7.591164e-03 -3.791463e-01 -2.175523e-03) (-8.926667e-05 -1.636658e-03 -3.889790e-04))
2.14          	((-8.720017e-02 -3.803133e-02 5.096012e+01) (-2.984343e-03 2.508299e-04 1.360291e-01)) ((6.162903e-03 -3.639298e-01 -1.356088e-03) (-8.644788e-05 -1.694794e-03 -3.906074e-04))
2.146667      	((-8.985102e-02 -3.620375e-02 4.940697e+01) (-3.124540e-03 2.645197e-04 1.380113e-01)) ((4.468231e-03 -3.483411e-01 -4.048366e-04) (-8.187503e-05 -1.751041e-03 -3.925584e-04))
2.153333      	((-9.287118e-02 -3.945366e-02 4.774514e+01) (-3.259012e-03 2.788329e-04 1.396861e-01)) ((4.141819e-03 -3.324461e-01 1.178080e-04) (-7.476315e-05 -1.804454e-03 -3.948634e-04))
2.16          	((-9.732084e-02 -3.819077e-02 4.598193e+01) (-3.387310e-03 2.952946e-04 1.410485e-01)) ((2.133714e-03 -3.163426e-01 -6.170207e-04) (-6.629893e-05 -1.854574e-03 -3.976416e-04))
2.166667      	((-1.038650e-01 -3.665470e-02 4.412214e+01) (-3.504344e-03 3.139631e-04 1.420989e-01)) ((5.671330e-04 -2.994431e-01 -1.192550e-03) (-5.672157e-05 -1.900890e-03 -4.020975e-04))
2.173333      	((-1.123468e-01 -3.482917e-02 4.217391e+01) (-3.605320e-03 3.288759e-04 1.428398e-01)) ((-9.840897e-04 -2.821014e-01 -2.080835e-03) (-4.661093e-05 -1.942134e-03 -4.072576e-04))
2.18          	((-1.149991e-01 -3.557194e-02 4.013418e+01) (-3.692663e-03 3.443803e-04 1.432675e-01)) ((-2.736543e-03 -2.638697e-01 -3.028192e-03) (-3.746345e-05 -1.978771e-03 -4.122829e-04))
2.186667      	((-1.173931e-01 -3.771956e-02 3.800688e+01) (-3.771183e-03 3.583067e-04 1.433821e-01)) ((-4.879961e-03 -2.448831e-01 -4.483920e-03) (-2.812627e-05 -2.011108e-03 -4.177022e-04))
2.193333      	((-1.212041e-01 -4.008444e-02 3.578946e+01) (-3.841504e-03 3.723857e-04 1.431869e-01)) ((-6.323368e-03 -2.257679e-01 -6.068587e-03) (-1.876069e-05 -2.039497e-03 -4.237042e-04))
2.2           	((-1.266428e-01 -3.813005e-02 3.348705e+01) (-3.898204e-03 3.841029e-04 1.426885e-01)) ((-7.174615e-03 -2.071169e-01 -8.414486e-03) (-9.543099e-06 -2.062917e-03 -4.294477e-04))
2.206667      	((-1.234915e-01 -3.732207e-02 3.111824e+01) (-3.946156e-03 3.942818e-04 1.418865e-01)) ((-8.138570e-03 -1.879031e-01 -1.096597e-02) (-2.887757e-07 -2.082084e-03 -4.340358e-04))
2.213333      	((-1.199032e-01 -3.451326e-02 2.867334e+01) (-3.985432e-03 4.018317e-04 1.407904e-01)) ((-8.647158e-03 -1.681057e-01 -1.334085e-02) (8.598673e-06 -2.097266e-03 -4.389778e-04))
2.22          	((-1.148379e-01 -3.012137e-02 2.616571e+01) (-4.016833e-03 4.021407e-04 1.394086e-01)) ((-9.730579e-03 -1.482022e-01 -1.594347e-02) (1.747351e-05 -2.109072e-03 -4.443124e-04))
2.226667      	((-1.071614e-01 -2.472240e-02 2.360625e+01) (-4.041066e-03 3.997150e-04 1.377480e-01)) ((-1.088799e-02 -1.279019e-01 -1.839206e-02) (2.585925e-05 -2.118208e-03 -4.488165e-04))
2.233333      	((-1.006311e-01 -2.396780e-02 2.098833e+01) (-4.058871e-03 3.960710e-04 1.358198e-01)) ((-1.178032e-02 -1.078560e-01 -2.100148e-02) (3.292154e-05 -2.123675e-03 -4.519136e-04))
2.24          	((-9.068074e-02 -2.073668e-02 1.832232e+01) (-4.069035e-03 3.955046e-04 1.336362e-01)) ((-1.258680e-02 -8.752550e-02 -2.296269e-02) (3.893302e-05 -2.125328e-03 -4.537459e-04))
2.246667      	((-8.040871e-02 -1.388325e-02 1.561670e+01) (-4.067640e-03 3.946121e-04 1.312064e-01)) ((-1.296143e-02 -6.668773e-02 -2.493891e-02) (4.409152e-05 -2.122417e-03 -4.549821e-04))
2.253333      	((-6.702902e-02 -7.163391e-03 1.288349e+01) (-4.055446e-03 3.923958e-04 1.285387e-01)) ((-1.293225e-02 -4.521993e-02 -2.676337e-02) (4.935795e-05 -2.115629e-03 -4.553338e-04))
2.26          	((-5.218259e-02 -1.110512e-04 1.012169e+01) (-4.038365e-03 3.927394e-04 1.256415e-01)) ((-1.272230e-02 -2.348345e-02 -2.875998e-02) (5.307297e-05 -2.104409e-03 -4.535489e-04))
2.266667      	((-3.981054e-02 4.092682e-03 7.341472e+00) (-4.016789e-03 3.930764e-04 1.225252e-01)) ((-1.198266e-02 -2.558180e-03 -3.015981e-02) (5.520449e-05 -2.089078e-03 -4.493630e-04))
2.273333      	((-2.752090e-02 5.016011e-03 4.541609e+00) (-3.989993e-03 3.934679e-04 1.191996e-01)) ((-1.165591e-02 1.882099e-02 -3.131024e-02) (5.647502e-05 -2.069968e-03 -4.429853e-04))
2.28          	((-1.511344e-02 1.114290e-02 1.735383e+00) (-3.958656e-03 3.901055e-04 1.156762e-01)) ((-1.223426e-02 4.102865e-02 -3.237705e-02) (5.707985e-05 -2.047635e-03 -4.350279e-04))
2.286667      	((-2.687132e-03 1.882289e-02 -1.073867e+00) (-3.922687e-03 3.850402e-04 1.119601e-01)) ((-1.242942e-02 6.262108e-02 -3.273867e-02) (5.646234e-05 -2.021078e-03 -4.252603e-04))
2.293333      	((9.388314e-03 2.183444e-02 -3.880417e+00) (-3.884630e-03 3.797646e-04 1.080661e-01)) ((-1.262487e-02 8.450066e-02 -3.326533e-02) (5.512295e-05 -1.990386e-03 -4.138730e-04))
2.3           	((2.267102e-02 1.898391e-02 -6.677303e+00) (-3.842041e-03 3.755796e-04 1.040069e-01)) ((-1.239502e-02 1.064794e-01 -3.263473e-02) (5.379795e-05 -1.956062e-03 -4.016059e-04))
2.306667      	((3.463566e-02 2.171735e-02 -9.454003e+00) (-3.799618e-03 3.707574e-04 9.979331e-02)) ((-1.212067e-02 1.286984e-01 -3.296375e-02) (5.242833e-05 -1.917798e-03 -3.880188e-04))
2.313333      	((4.442663e-02 2.492381e-02 -1.220314e+01) (-3.755129e-03 3.713969e-04 9.543208e-02)) ((-1.204208e-02 1.504828e-01 -3.338227e-02) (5.002860e-05 -1.875946e-03 -3.736075e-04))
2.32          	((5.704182e-02 2.558476e-02 -1.491874e+01) (-3.710629e-03 3.712780e-04 9.094052e-02)) ((-1.199059e-02 1.721981e-01 -3.307460e-02) (4.765560e-05 -1.830531e-03 -3.587277e-04))
2.326667      	((6.669209e-02 2.488422e-02 -1.758993e+01) (-3.666610e-03 3.726186e-04 8.632380e-02)) ((-1.184004e-02 1.937859e-01 -3.233460e-02) (4.485805e-05 -1.781645e-03 -3.440841e-04))
2.333333      	((7.664118e-02 2.871721e-02 -2.022467e+01) (-3.620841e-03 3.765524e-04 8.159210e-02)) ((-1.204368e-02 2.146520e-01 -3.109193e-02) (4.201093e-05 -1.729550e-03 -3.294077e-04))
2.34          	((8.383848e-02 2.918503e-02 -2.281813e+01) (-3.572037e-03 3.802375e-04 7.675636e-02)) ((-1.148068e-02 2.355067e-01 -3.013769e-02) (3.997147e-05 -1.674374e-03 -3.145813e-04))
2.346667      	((9.023133e-02 2.980439e-02 -2.535390e+01) (-3.522695e-03 3.841892e-04 7.183025e-02)) ((-1.148937e-02 2.563974e-01 -2.923744e-02) (3.793541e-05 -1.616480e-03 -2.999885e-04))
2.353333      	((9.853327e-02 2.567073e-02 -2.782919e+01) (-3.471902e-03 3.887306e-04 6.682951e-02)) ((-1.090571e-02 2.768037e-01 -2.819374e-02) (3.661500e-05 -1.556464e-03 -2.865840e-04))
2.36          	((1.044430e-01 2.062496e-02 -3.023387e+01) (-3.419098e-03 3.909049e-04 6.175932e-02)) ((-1.031315e-02 2.956639e-01 -2.740376e-02) (3.558543e-05 -1.494603e-03 -2.736734e-04))
2.366667      	((1.083695e-01 2.213265e-02 -3.257450e+01) (-3.368376e-03 3.922624e-04 5.662576e-02)) ((-1.075462e-02 3.146669e-01 -2.580297e-02) (3.432631e-05 -1.431266e-03 -2.620410e-04))
2.373333      	((1.140612e-01 2.399822e-02 -3.484931e+01) (-3.319480e-03 3.910708e-04 5.143917e-02)) ((-1.060258e-02 3.330430e-01 -2.413363e-02) (3.330083e-05 -1.366336e-03 -2.508638e-04))
2.38          	((1.170575e-01 2.769884e-02 -3.703590e+01) (-3.269487e-03 3.912201e-04 4.620932e-02)) ((-1.069549e-02 3.510568e-01 -2.236630e-02) (3.178736e-05 -1.299897e-03 -2.415508e-04))
2.386667      	((1.200175e-01 2.653671e-02 -3.914953e+01) (-3.214011e-03 3.937250e-04 4.094160e-02)) ((-1.049531e-02 3.682821e-01 -2.098174e-02) (3.006794e-05 -1.232045e-03 -2.327126e-04))
2.393333      	((1.185386e-01 2.628728e-02 -4.118166e+01) (-3.157684e-03 3.972829e-04 3.564140e-02)) ((-1.003819e-02 3.846943e-01 -1.945238e-02) (2.824052e-05 -1.163155e-03 -2.252548e-04))
2.4           	((1.202477e-01 3.185282e-02 -4.310836e+01) (-3.099799e-03 3.977956e-04 3.031472e-02)) ((-1.039049e-02 4.001010e-01 -1.758098e-02) (2.629646e-05 -1.093887e-03 -2.189896e-04))
2.406667      	((1.191887e-01 3.220214e-02 -4.494094e+01) (-3.041296e-03 3.963792e-04 2.496792e-02)) ((-1.091803e-02 4.147396e-01 -1.639031e-02) (2.442729e-05 -1.023890e-03 -2.134105e-04))
2.413333      	((1.147151e-01 2.701825e-02 -4.666991e+01) (-2.980508e-03 3.971449e-04 1.960566e-02)) ((-1.064821e-02 4.285447e-01 -1.467332e-02) (2.214479e-05 -9.535694e-04 -2.083179e-04))
2.42          	((1.110481e-01 2.994399e-02 -4.830330e+01) (-2.918321e-03 3.959978e-04 1.423728e-02)) ((-1.096399e-02 4.413062e-01 -1.276777e-02) (2.024626e-05 -8.826796e-04 -2.038651e-04))
2.426667      	((1.051618e-01 3.379625e-02 -4.985024e+01) (-2.862313e-03 3.967075e-04 8.868003e-03)) ((-1.020997e-02 4.526181e-01 -1.087673e-02) (1.798968e-05 -8.118127e-04 -1.994887e-04))
2.433333      	((1.016492e-01 3.615261e-02 -5.130098e+01) (-2.807448e-03 3.933225e-04 3.511363e-03)) ((-1.041775e-02 4.638811e-01 -9.611020e-03) (1.589563e-05 -7.409522e-04 -1.953920e-04))
2.44          	((9.478639e-02 3.088331e-02 -5.264718e+01) (-2.750973e-03 3.891913e-04 -1.823296e-03)) ((-1.206003e-02 4.759596e-01 -8.225984e-03) (1.388861e-05 -6.703397e-04 -1.911403e-04))
2.446667      	((8.990068e-02 3.137168e-02 -5.388262e+01) (-2.698627e-03 3.895377e-04 -7.140453e-03)) ((-1.067146e-02 4.846964e-01 -6.543221e-03) (1.174619e-05 -6.008065e-04 -1.883322e-04))
2.453333      	((8.496231e-02 3.901714e-02 -5.500474e+01) (-2.649983e-03 3.893436e-04 -1.242890e-02)) ((-9.924220e-03 4.909106e-01 -4.918078e-03) (1.042233e-05 -5.327473e-04 -1.864205e-04))
2.46          	((7.716748e-02 4.306586e-02 -5.601937e+01) (-2.608550e-03 3.878717e-04 -1.769217e-02)) ((-1.047871e-02 4.996692e-01 -3.324744e-03) (9.563582e-06 -4.668020e-04 -1.848875e-04))
2.466667      	((7.109262e-02 4.506179e-02 -5.696313e+01) (-2.567454e-03 3.880845e-04 -2.293866e-02)) ((-9.253843e-03 5.060172e-01 -1.986963e-03) (9.259374e-06 -4.013512e-04 -1.840690e-04))
2.473333      	((5.732969e-02 4.395916e-02 -5.778844e+01) (-2.534926e-03 3.890745e-04 -2.815561e-02)) ((-9.552334e-03 5.100404e-01 -1.398370e-03) (9.120110e-06 -3.369797e-04 -1.829149e-04))
2.48          	((4.613263e-02 4.578848e-02 -5.854065e+01) (-2.504439e-03 3.861289e-04 -3.334546e-02)) ((-9.854784e-03 5.150020e-01 9.312910e-04) (9.219317e-06 -2.734256e-04 -1.827266e-04))
2.486667      	((3.596591e-02 5.008721e-02 -5.919605e+01) (-2.474535e-03 3.798312e-04 -3.851150e-02)) ((-1.040113e-02 5.175269e-01 1.658181e-03) (1.085607e-05 -2.106714e-04 -1.835946e-04))
2.493333      	((3.733527e-02 4.375019e-02 -5.975091e+01) (-2.445464e-03 3.696586e-04 -4.364827e-02)) ((-1.003446e-02 5.193368e-01 2.947576e-03) (1.340177e-05 -1.480647e-04 -1.835677e-04))
2.5           	((1.725874e-02 4.566990e-02 -6.024519e+01) (-2.421910e-03 3.585074e-04 -4.875655e-02)) ((-1.015993e-02 5.184968e-01 4.093320e-03) (1.714411e-05 -8.606076e-05 -1.838988e-04))
2.506667      	((1.379592e-02 4.441760e-02 -6.092043e+01) (-2.397347e-03 3.433784e-04 -5.386313e-02)) ((-8.392527e-03 5.210871e-01 5.811806e-03) (2.149162e-05 -2.340907e-05 -1.851391e-04))
2.513333      	((1.340978e-02 4.831472e-02 -6.071631e+01) (-2.377771e-03 3.279455e-04 -5.891556e-02)) ((-1.051126e-02 5.145540e-01 8.199491e-03) (2.607699e-05 3.971066e-05 -1.857235e-04))
2.52          	((2.844424e-03 4.658207e-02 -6.130523e+01) (-2.359598e-03 3.140566e-04 -6.395217e-02)) ((-1.008805e-02 5.168353e-01 9.593398e-03) (3.059113e-05 1.032677e-04 -1.859595e-04))
2.526667      	((4.154400e-03 3.979422e-02 -6.147752e+01) (-2.339504e-03 3.029040e-04 -6.895811e-02)) ((-8.093422e-03 5.142089e-01 1.173996e-02) (3.526881e-05 1.674520e-04 -1.868567e-04))
2.533333      	((-4.169361e-03 4.773337e-02 -6.158789e+01) (-2.320002e-03 2.948114e-04 -7.392954e-02)) ((-8.291001e-03 5.102390e-01 1.295087e-02) (3.967486e-05 2.327545e-04 -1.879336e-04))
2.54          	((-7.443730e-03 4.742067e-02 -6.160943e+01) (-2.298307e-03 2.858686e-04 -7.886461e-02)) ((-8.026122e-03 5.052985e-01 1.437577e-02) (4.388274e-05 2.986877e-04 -1.895862e-04))
2.546667      	((-1.142097e-02 4.763086e-02 -6.153562e+01) (-2.282175e-03 2.798113e-04 -8.374489e-02)) ((-8.310615e-03 4.974996e-01 1.597024e-02) (4.745826e-05 3.646062e-04 -1.917480e-04))
2.553333      	((-7.764439e-03 5.166258e-02 -6.134436e+01) (-2.263473e-03 2.775548e-04 -8.855938e-02)) ((-7.329725e-03 4.912803e-01 1.734148e-02) (5.020028e-05 4.315958e-04 -1.935372e-04))
2.56          	((-6.198205e-03 4.534514e-02 -6.105281e+01) (-2.246944e-03 2.762171e-04 -9.329911e-02)) ((-6.579367e-03 4.843938e-01 1.909490e-02) (5.213502e-05 4.998037e-04 -1.952299e-04))
2.566667      	((-4.059431e-03 4.432305e-02 -6.066784e+01) (-2.233042e-03 2.704159e-04 -9.794967e-02)) ((-6.004912e-03 4.753028e-01 2.065971e-02) (5.356137e-05 5.683519e-04 -1.968755e-04))
2.573333      	((1.494289e-03 4.670296e-02 -6.021140e+01) (-2.217100e-03 2.631164e-04 -1.024963e-01)) ((-5.205905e-03 4.661129e-01 2.207961e-02) (5.447352e-05 6.377143e-04 -1.985370e-04))
2.58          	((1.100141e-02 4.625089e-02 -5.966022e+01) (-2.198332e-03 2.561702e-04 -1.069226e-01)) ((-4.143118e-03 4.559075e-01 2.333300e-02) (5.526663e-05 7.082403e-04 -2.001571e-04))
2.586667      	((1.737762e-02 4.639669e-02 -5.902397e+01) (-2.176043e-03 2.480639e-04 -1.112082e-01)) ((-4.059701e-03 4.450402e-01 2.469626e-02) (5.614921e-05 7.786537e-04 -2.026689e-04))
2.593333      	((2.723973e-02 4.583019e-02 -5.828970e+01) (-2.150838e-03 2.388299e-04 -1.153418e-01)) ((-3.559399e-03 4.341407e-01 2.555606e-02) (5.668440e-05 8.490022e-04 -2.057454e-04))
2.6           	((3.715593e-02 4.371628e-02 -5.746374e+01) (-2.124015e-03 2.257283e-04 -1.193080e-01)) ((-3.015984e-03 4.226781e-01 2.605510e-02) (5.654822e-05 9.189452e-04 -2.092640e-04))
2.606667      	((4.846791e-02 4.749612e-02 -5.654177e+01) (-2.097828e-03 2.136333e-04 -1.230884e-01)) ((-2.782895e-03 4.115257e-01 2.745300e-02) (5.551578e-05 9.883848e-04 -2.127542e-04))
2.613333      	((6.061327e-02 4.412922e-02 -5.552480e+01) (-2.073006e-03 2.025729e-04 -1.266638e-01)) ((-2.785780e-03 3.993607e-01 2.809004e-02) (5.421184e-05 1.057260e-03 -2.165685e-04))
2.62          	((6.981831e-02 4.282492e-02 -5.440852e+01) (-2.045508e-03 1.939110e-04 -1.300243e-01)) ((-2.196197e-03 3.870386e-01 2.855903e-02) (5.214774e-05 1.125749e-03 -2.204732e-04))
2.626667      	((8.103078e-02 4.260280e-02 -5.320348e+01) (-2.013265e-03 1.886417e-04 -1.331534e-01)) ((-3.686497e-04 3.740365e-01 2.948461e-02) (4.939921e-05 1.192543e-03 -2.246520e-04))
2.633333      	((9.439398e-02 3.825157e-02 -5.190221e+01) (-1.977858e-03 1.889432e-04 -1.360397e-01)) ((-2.800103e-04 3.615328e-01 2.956326e-02) (4.591375e-05 1.258245e-03 -2.294973e-04))
2.64          	((1.023995e-01 3.660590e-02 -5.049907e+01) (-1.933893e-03 1.924144e-04 -1.386604e-01)) ((-4.597646e-04 3.479058e-01 2.980492e-02) (4.136078e-05 1.322511e-03 -2.352318e-04))
2.646667      	((1.113198e-01 3.521514e-02 -4.898521e+01) (-1.881983e-03 1.983842e-04 -1.410019e-01)) ((-1.101423e-04 3.338651e-01 2.983615e-02) (3.654635e-05 1.384599e-03 -2.420431e-04))
2.653333      	((1.159318e-01 3.286063e-02 -4.738197e+01) (-1.813032e-03 2.065817e-04 -1.430519e-01)) ((4.517288e-04 3.194021e-01 2.967127e-02) (3.090679e-05 1.443730e-03 -2.496268e-04))
2.66          	((1.253716e-01 3.281766e-02 -4.568366e+01) (-1.729881e-03 2.135364e-04 -1.447989e-01)) ((1.563204e-03 3.048225e-01 2.915040e-02) (2.467198e-05 1.500288e-03 -2.576191e-04))
2.666667      	((1.326267e-01 2.690407e-02 -4.387359e+01) (-1.637324e-03 2.205353e-04 -1.462308e-01)) ((2.373362e-03 2.893998e-01 2.882103e-02) (1.705086e-05 1.553787e-03 -2.663490e-04))
2.673333      	((1.408957e-01 2.417428e-02 -4.196924e+01) (-1.530278e-03 2.273463e-04 -1.473499e-01)) ((2.581017e-03 2.738898e-01 2.849396e-02) (1.015483e-05 1.603306e-03 -2.758762e-04))
2.68          	((1.458558e-01 1.810219e-02 -3.996946e+01) (-1.410805e-03 2.337194e-04 -1.481478e-01)) ((3.471248e-03 2.582111e-01 2.825962e-02) (2.632614e-06 1.648588e-03 -2.859002e-04))
2.686667      	((1.510291e-01 1.324363e-02 -3.787551e+01) (-1.281268e-03 2.386367e-04 -1.486246e-01)) ((3.869072e-03 2.417058e-01 2.782043e-02) (-5.244466e-06 1.689486e-03 -2.966052e-04))
2.693333      	((1.529088e-01 8.948279e-03 -3.568857e+01) (-1.137864e-03 2.423942e-04 -1.487807e-01)) ((4.046773e-03 2.243985e-01 2.736289e-02) (-1.379148e-05 1.725992e-03 -3.073946e-04))
2.7           	((1.572887e-01 5.734448e-03 -3.341942e+01) (-9.838667e-04 2.424823e-04 -1.486153e-01)) ((4.164806e-03 2.064941e-01 2.645372e-02) (-2.190178e-05 1.758121e-03 -3.185912e-04))
2.706667      	((1.609495e-01 1.519359e-04 -3.106902e+01) (-8.258242e-04 2.414318e-04 -1.481304e-01)) ((4.428836e-03 1.890530e-01 2.579956e-02) (-2.946615e-05 1.785326e-03 -3.295300e-04))
2.713333      	((1.617021e-01 -1.018906e-03 -2.864812e+01) (-6.600385e-04 2.371230e-04 -1.473300e-01)) ((5.083228e-03 1.716127e-01 2.518647e-02) (-3.600286e-05 1.807347e-03 -3.406619e-04))
2.72          	((1.579191e-01 -8.559620e-03 -2.615657e+01) (-4.884828e-04 2.350980e-04 -1.462150e-01)) ((5.115415e-03 1.530384e-01 2.495529e-02) (-4.182361e-05 1.823001e-03 -3.527331e-04))
2.726667      	((1.520426e-01 -1.198666e-02 -2.360087e+01) (-3.137182e-04 2.365543e-04 -1.447941e-01)) ((5.400574e-03 1.349497e-01 2.474464e-02) (-4.645859e-05 1.832294e-03 -3.644705e-04))
2.733333      	((1.487190e-01 -1.895751e-02 -2.099415e+01) (-1.404081e-04 2.422301e-04 -1.430729e-01)) ((5.908244e-03 1.164794e-01 2.482296e-02) (-4.990297e-05 1.835503e-03 -3.760614e-04))
2.74          	((1.444037e-01 -2.004944e-02 -1.833627e+01) (2.822189e-05 2.504212e-04 -1.410595e-01)) ((6.300620e-03 9.798231e-02 2.441814e-02) (-5.266411e-05 1.833313e-03 -3.867137e-04))
2.746667      	((1.389549e-01 -2.301487e-02 -1.562823e+01) (1.837373e-04 2.608959e-04 -1.387609e-01)) ((6.757299e-03 7.908166e-02 2.439371e-02) (-5.375003e-05 1.825281e-03 -3.970255e-04))
2.753333      	((1.304684e-01 -2.492889e-02 -1.288481e+01) (3.257424e-04 2.717033e-04 -1.361916e-01)) ((7.233849e-03 5.991384e-02 2.477091e-02) (-5.391842e-05 1.811996e-03 -4.071257e-04))
2.76          	((1.196129e-01 -2.680580e-02 -1.011693e+01) (4.545318e-04 2.852906e-04 -1.333633e-01)) ((7.101050e-03 4.034749e-02 2.471542e-02) (-5.368632e-05 1.793426e-03 -4.165978e-04))
2.766667      	((1.072073e-01 -2.948873e-02 -7.324827e+00) (5.720927e-04 3.059325e-04 -1.302813e-01)) ((7.094228e-03 2.086126e-02 2.437159e-02) (-5.354389e-05 1.769809e-03 -4.249672e-04))
2.773333      	((9.614845e-02 -2.997193e-02 -4.513332e+00) (6.802006e-04 3.258412e-04 -1.269593e-01)) ((7.093414e-03 1.188332e-03 2.402989e-02) (-5.263255e-05 1.740864e-03 -4.326009e-04))
2.78          	((8.700192e-02 -3.545255e-02 -1.693457e+00) (7.750408e-04 3.465804e-04 -1.234080e-01)) ((7.993257e-03 -1.898436e-02 2.353893e-02) (-5.151990e-05 1.706796e-03 -4.386269e-04))
2.786667      	((7.682638e-02 -3.466336e-02 1.135397e+00) (8.544258e-04 3.709952e-04 -1.196424e-01)) ((8.805877e-03 -3.946128e-02 2.349777e-02) (-5.020799e-05 1.668187e-03 -4.430653e-04))
2.793333      	((6.550534e-02 -3.632382e-02 3.954599e+00) (9.231621e-04 3.982086e-04 -1.156791e-01)) ((9.407149e-03 -6.025831e-02 2.358586e-02) (-4.909877e-05 1.625299e-03 -4.465775e-04))
2.8           	((5.548905e-02 -3.917339e-02 6.758152e+00) (9.739748e-04 4.309028e-04 -1.115254e-01)) ((8.956146e-03 -8.109759e-02 2.316889e-02) (-4.852761e-05 1.579218e-03 -4.490393e-04))
2.806667      	((4.466617e-02 -3.625067e-02 9.544330e+00) (1.011738e-03 4.648807e-04 -1.071933e-01)) ((9.486654e-03 -1.019122e-01 2.298731e-02) (-4.834475e-05 1.529957e-03 -4.500114e-04))
2.813333      	((3.263771e-02 -3.814497e-02 1.230623e+01) (1.032319e-03 4.914497e-04 -1.026962e-01)) ((9.885880e-03 -1.227093e-01 2.250358e-02) (-4.707351e-05 1.477519e-03 -4.497782e-04))
2.82          	((2.426544e-02 -4.276400e-02 1.503536e+01) (1.040916e-03 5.160065e-04 -9.804348e-02)) ((1.032314e-02 -1.434284e-01 2.239270e-02) (-4.587223e-05 1.422650e-03 -4.486024e-04))
2.826667      	((1.705614e-02 -4.327854e-02 1.771778e+01) (1.034740e-03 5.407112e-04 -9.324715e-02)) ((1.139624e-02 -1.641977e-01 2.211818e-02) (-4.467835e-05 1.364926e-03 -4.467151e-04))
2.833333      	((8.641204e-03 -4.156771e-02 2.036047e+01) (1.017350e-03 5.630693e-04 -8.831682e-02)) ((1.112355e-02 -1.847731e-01 2.208945e-02) (-4.404258e-05 1.305045e-03 -4.442203e-04))
2.84          	((3.226614e-04 -4.100771e-02 2.295706e+01) (9.907620e-04 5.829190e-04 -8.326532e-02)) ((1.132030e-02 -2.052803e-01 2.185518e-02) (-4.313785e-05 1.242544e-03 -4.410729e-04))
2.846667      	((-9.487008e-03 -3.722907e-02 2.549109e+01) (9.537165e-04 5.966838e-04 -7.810811e-02)) ((1.110582e-02 -2.256582e-01 2.117608e-02) (-4.270565e-05 1.178763e-03 -4.374190e-04))
2.853333      	((-1.570395e-02 -3.836456e-02 2.797432e+01) (9.085637e-04 6.063401e-04 -7.285465e-02)) ((1.118244e-02 -2.451976e-01 2.075550e-02) (-4.199522e-05 1.114203e-03 -4.332581e-04))
2.86          	((-2.311922e-02 -3.987664e-02 3.038430e+01) (8.569222e-04 6.136952e-04 -6.751455e-02)) ((1.117715e-02 -2.640360e-01 2.086528e-02) (-4.070566e-05 1.048299e-03 -4.282483e-04))
2.866667      	((-2.790820e-02 -3.763417e-02 3.274025e+01) (8.006964e-04 6.175573e-04 -6.210182e-02)) ((1.131862e-02 -2.829131e-01 2.076633e-02) (-3.908536e-05 9.816092e-04 -4.224284e-04))
2.873333      	((-3.479111e-02 -3.749268e-02 3.501244e+01) (7.430766e-04 6.155254e-04 -5.662654e-02)) ((1.105661e-02 -3.011389e-01 1.966007e-02) (-3.756078e-05 9.143933e-04 -4.167511e-04))
2.88          	((-4.025441e-02 -3.521995e-02 3.720949e+01) (6.836231e-04 6.086907e-04 -5.110003e-02)) ((1.052891e-02 -3.200121e-01 1.864557e-02) (-3.588483e-05 8.470476e-04 -4.109383e-04))
2.886667      	((-4.798405e-02 -3.201632e-02 3.930956e+01) (6.219897e-04 5.995038e-04 -4.553025e-02)) ((1.054913e-02 -3.373389e-01 1.836798e-02) (-3.384356e-05 7.790298e-04 -4.045632e-04))
2.893333      	((-5.055440e-02 -2.999191e-02 4.132712e+01) (5.567457e-04 5.894428e-04 -3.992617e-02)) ((1.091062e-02 -3.533852e-01 1.790205e-02) (-3.202272e-05 7.104117e-04 -3.987463e-04))
2.9           	((-5.585906e-02 -2.649064e-02 4.324120e+01) (4.870305e-04 5.798661e-04 -3.429888e-02)) ((1.083090e-02 -3.686910e-01 1.727645e-02) (-3.050942e-05 6.418327e-04 -3.927386e-04))
2.906667      	((-6.005474e-02 -2.337071e-02 4.505892e+01) (4.151460e-04 5.672886e-04 -2.865671e-02)) ((1.052768e-02 -3.827364e-01 1.661146e-02) (-2.907355e-05 5.733885e-04 -3.875723e-04))
2.913333      	((-6.480950e-02 -2.571383e-02 4.679364e+01) (3.391304e-04 5.522775e-04 -2.300881e-02)) ((1.008972e-02 -3.965761e-01 1.637868e-02) (-2.754698e-05 5.043081e-04 -3.827118e-04))
2.92          	((-6.837675e-02 -2.611129e-02 4.842132e+01) (2.635529e-04 5.353326e-04 -1.736036e-02)) ((1.032528e-02 -4.099391e-01 1.558071e-02) (-2.640821e-05 4.344447e-04 -3.783589e-04))
2.926667      	((-7.372628e-02 -2.681662e-02 4.994191e+01) (1.886249e-04 5.222672e-04 -1.171977e-02)) ((9.673900e-03 -4.226920e-01 1.472166e-02) (-2.607970e-05 3.646916e-04 -3.729798e-04))
2.933333      	((-7.418697e-02 -1.977282e-02 5.136018e+01) (1.136328e-04 5.074379e-04 -6.099936e-03)) ((9.872793e-03 -4.348056e-01 1.409778e-02) (-2.611536e-05 2.952068e-04 -3.679141e-04))
2.94          	((-7.436894e-02 -1.474653e-02 5.269660e+01) (3.621840e-05 4.840431e-04 -5.041420e-04)) ((8.963867e-03 -4.454513e-01 1.301529e-02) (-2.607672e-05 2.263463e-04 -3.624331e-04))
2.946667      	((-7.766447e-02 -1.840592e-02 5.393631e+01) (-4.328671e-05 4.578010e-04 5.061172e-03)) ((9.577951e-03 -4.556794e-01 1.228762e-02) (-2.580876e-05 1.562645e-04 -3.567836e-04))
2.953333      	((-8.483020e-02 -1.676248e-02 5.505644e+01) (-1.281999e-04 4.351842e-04 1.058772e-02)) ((1.013805e-02 -4.654599e-01 1.132607e-02) (-2.612302e-05 8.510905e-05 -3.530303e-04))
2.96          	((-9.682906e-02 -8.671043e-03 5.607677e+01) (-2.161533e-04 4.143613e-04 1.608366e-02)) ((8.781174e-03 -4.741934e-01 1.016874e-02) (-2.648182e-05 1.337328e-05 -3.493552e-04))
2.966667      	((-9.855887e-02 -9.313324e-03 5.700085e+01) (-3.050216e-04 3.929377e-04 2.154983e-02)) ((1.020182e-02 -4.825869e-01 9.554253e-03) (-2.672010e-05 -5.823722e-05 -3.473264e-04))
2.973333      	((-1.056847e-01 -1.013441e-02 5.779640e+01) (-4.005871e-04 3.668412e-04 2.698204e-02)) ((9.771557e-03 -4.876511e-01 9.824302e-03) (-2.668440e-05 -1.295988e-04 -3.468932e-04))
2.98          	((-1.153330e-01 -9.089008e-03 5.850501e+01) (-4.962591e-04 3.425624e-04 3.237821e-02)) ((8.728447e-03 -4.932707e-01 8.393627e-03) (-2.723922e-05 -2.000126e-04 -3.463440e-04))
2.986667      	((-1.215581e-01 9.296114e-04 5.915303e+01) (-5.906955e-04 3.251466e-04 3.773432e-02)) ((9.324273e-03 -4.979076e-01 7.020562e-03) (-2.840677e-05 -2.696884e-04 -3.475161e-04))
2.993333      	((-1.276229e-01 -1.119064e-02 5.969891e+01) (-6.939319e-04 3.040001e-04 4.305566e-02)) ((9.286390e-03 -5.029854e-01 6.649436e-03) (-2.953261e-05 -3.386490e-04 -3.499060e-04))
3             	((-1.403153e-01 -3.162770e-03 6.011916e+01) (-8.083882e-04 2.794676e-04 4.834545e-02)) ((6.680994e-03 -5.041872e-01 6.088962e-03) (-2.988865e-05 -4.068891e-04 -3.538295e-04))
3.006667      	((-1.465144e-01 -9.746982e-03 6.073045e+01) (-9.284543e-04 2.614061e-04 5.361779e-02)) ((9.302106e-03 -5.082635e-01 2.868464e-03) (-3.126741e-05 -4.733448e-04 -3.587571e-04))
3.013333      	((-1.738423e-01 -5.720893e-03 6.075472e+01) (-1.047215e-03 2.491571e-04 5.883172e-02)) ((8.356588e-03 -5.090296e-01 2.518270e-03) (-3.301524e-05 -5.381375e-04 -3.650451e-04))
3.02          	((-1.687473e-01 -8.036973e-03 6.135418e+01) (-1.156315e-03 2.402717e-04 6.402205e-02)) ((8.430043e-03 -5.101339e-01 2.292914e-03) (-3.544899e-05 -6.015742e-04 -3.718327e-04))
3.026667      	((-1.771792e-01 -4.153901e-03 6.152069e+01) (-1.264416e-03 2.329672e-04 6.917152e-02)) ((7.794623e-03 -5.131239e-01 4.569931e-04) (-3.825803e-05 -6.643472e-04 -3.785316e-04))
3.033333      	((-1.780992e-01 -2.342242e-03 6.165939e+01) (-1.373124e-03 2.294592e-04 7.427196e-02)) ((7.035475e-03 -5.111349e-01 -1.109726e-03) (-4.190797e-05 -7.270001e-04 -3.847658e-04))
3.04          	((-1.773242e-01 -1.952905e-03 6.167413e+01) (-1.480145e-03 2.228366e-04 7.931020e-02)) ((7.283967e-03 -5.082928e-01 -2.410658e-03) (-4.622484e-05 -7.890341e-04 -3.912299e-04))
3.046667      	((-1.765066e-01 -7.030586e-03 6.159695e+01) (-1.590344e-03 2.187954e-04 8.428112e-02)) ((7.540144e-03 -5.046696e-01 -4.459831e-03) (-5.008247e-05 -8.501751e-04 -3.967000e-04))
3.053333      	((-1.719585e-01 -8.490513e-03 6.145483e+01) (-1.704137e-03 2.136126e-04 8.916798e-02)) ((7.134835e-03 -4.999231e-01 -5.361379e-03) (-5.329118e-05 -9.112160e-04 -4.019612e-04))
3.06          	((-1.666153e-01 -7.029057e-03 6.121783e+01) (-1.827601e-03 2.114134e-04 9.395929e-02)) ((6.451617e-03 -4.947757e-01 -6.290396e-03) (-5.660522e-05 -9.718785e-04 -4.074034e-04))
3.066667      	((-1.608995e-01 -7.690106e-03 6.090728e+01) (-1.954696e-03 2.083049e-04 9.863519e-02)) ((6.361947e-03 -4.891014e-01 -6.527919e-03) (-6.053575e-05 -1.031283e-03 -4.116701e-04))
3.073333      	((-1.535847e-01 -1.203536e-02 6.050103e+01) (-2.085985e-03 2.016356e-04 1.031867e-01)) ((6.447980e-03 -4.820890e-01 -7.347948e-03) (-6.483705e-05 -1.090173e-03 -4.161561e-04))
3.08          	((-1.449842e-01 -1.481917e-02 6.000198e+01) (-2.225274e-03 1.954032e-04 1.076026e-01)) ((6.802324e-03 -4.746563e-01 -7.670141e-03) (-6.855989e-05 -1.148074e-03 -4.205340e-04))
3.086667      	((-1.346028e-01 -1.615974e-02 5.939528e+01) (-2.367961e-03 1.889723e-04 1.118599e-01)) ((7.292434e-03 -4.661213e-01 -7.289160e-03) (-7.114416e-05 -1.206148e-03 -4.244201e-04))
3.093333      	((-1.269143e-01 -1.882244e-02 5.869966e+01) (-2.516139e-03 1.837845e-04 1.159376e-01)) ((7.939374e-03 -4.574501e-01 -6.525757e-03) (-7.269375e-05 -1.265360e-03 -4.285792e-04))
3.1           	((-1.192692e-01 -2.090089e-02 5.790251e+01) (-2.667721e-03 1.832999e-04 1.198077e-01)) ((8.166649e-03 -4.477672e-01 -6.389726e-03) (-7.516420e-05 -1.324059e-03 -4.332586e-04))
3.106667      	((-1.112315e-01 -2.113627e-02 5.700643e+01) (-2.825440e-03 1.810984e-04 1.234563e-01)) ((8.376172e-03 -4.370706e-01 -5.670034e-03) (-7.703751e-05 -1.382317e-03 -4.374845e-04))
3.113333      	((-1.042124e-01 -2.396927e-02 5.599304e+01) (-2.990868e-03 1.766381e-04 1.268597e-01)) ((8.402462e-03 -4.251778e-01 -5.378404e-03) (-7.780436e-05 -1.440016e-03 -4.419367e-04))
3.12          	((-1.023881e-01 -2.213355e-02 5.486893e+01) (-3.152791e-03 1.754142e-04 1.300065e-01)) ((8.739129e-03 -4.128398e-01 -4.559146e-03) (-7.836556e-05 -1.496167e-03 -4.458307e-04))
3.126667      	((-1.003747e-01 -1.975007e-02 5.364806e+01) (-3.308971e-03 1.716858e-04 1.328787e-01)) ((7.818350e-03 -3.995245e-01 -3.924808e-03) (-7.708623e-05 -1.551125e-03 -4.497975e-04))
3.133333      	((-1.036472e-01 -1.998681e-02 5.231167e+01) (-3.457190e-03 1.693611e-04 1.354739e-01)) ((7.380245e-03 -3.853913e-01 -3.394229e-03) (-7.619067e-05 -1.605231e-03 -4.530565e-04))
3.14          	((-1.070120e-01 -2.051778e-02 5.088011e+01) (-3.595996e-03 1.693982e-04 1.377723e-01)) ((6.460565e-03 -3.703883e-01 -2.688407e-03) (-7.315566e-05 -1.657218e-03 -4.573727e-04))
3.146667      	((-1.088951e-01 -1.929291e-02 4.932640e+01) (-3.727749e-03 1.702750e-04 1.397664e-01)) ((5.465135e-03 -3.540674e-01 -2.252230e-03) (-6.834209e-05 -1.707862e-03 -4.598340e-04))
3.153333      	((-1.134876e-01 -1.429027e-02 4.767407e+01) (-3.847794e-03 1.733057e-04 1.414484e-01)) ((4.482568e-03 -3.375063e-01 -1.979784e-03) (-6.165670e-05 -1.756634e-03 -4.605735e-04))
3.16          	((-1.176912e-01 -1.753869e-02 4.591973e+01) (-3.962395e-03 1.819412e-04 1.428169e-01)) ((3.731601e-03 -3.209020e-01 -2.268967e-03) (-5.451386e-05 -1.802620e-03 -4.619875e-04))
3.166667      	((-1.232883e-01 -1.942210e-02 4.406503e+01) (-4.063729e-03 1.931354e-04 1.438705e-01)) ((2.970371e-03 -3.034186e-01 -2.908074e-03) (-4.607424e-05 -1.845054e-03 -4.651046e-04))
3.173333      	((-1.293513e-01 -1.771452e-02 4.211992e+01) (-4.150320e-03 2.014828e-04 1.446092e-01)) ((1.092971e-03 -2.852481e-01 -3.714443e-03) (-3.643114e-05 -1.883448e-03 -4.684213e-04))
3.18          	((-1.334630e-01 -1.920155e-02 4.008363e+01) (-4.219702e-03 2.096501e-04 1.450287e-01)) ((-5.193153e-04 -2.663455e-01 -4.244834e-03) (-2.701826e-05 -1.917457e-03 -4.718116e-04))
3.186667      	((-1.372360e-01 -1.687013e-02 3.796419e+01) (-4.274596e-03 2.154076e-04 1.451288e-01)) ((-3.204179e-03 -2.477371e-01 -5.865756e-03) (-1.764201e-05 -1.947796e-03 -4.751509e-04))
3.193333      	((-1.385091e-01 -1.621556e-02 3.575138e+01) (-4.322949e-03 2.242707e-04 1.449153e-01)) ((-5.196450e-03 -2.281938e-01 -7.268754e-03) (-8.240527e-06 -1.974472e-03 -4.790067e-04))
3.2           	((-1.412545e-01 -1.498358e-02 3.345512e+01) (-4.361408e-03 2.300692e-04 1.443937e-01)) ((-6.047926e-03 -2.087349e-01 -8.659974e-03) (1.566347e-06 -1.997253e-03 -4.822774e-04))
3.206667      	((-1.383882e-01 -1.527338e-02 3.109120e+01) (-4.392808e-03 2.323148e-04 1.435634e-01)) ((-6.602536e-03 -1.894199e-01 -1.125361e-02) (1.155537e-05 -2.016576e-03 -4.852051e-04))
3.213333      	((-1.323781e-01 -1.183146e-02 2.865094e+01) (-4.419441e-03 2.314772e-04 1.424343e-01)) ((-7.872432e-03 -1.696003e-01 -1.417687e-02) (2.188975e-05 -2.033062e-03 -4.882730e-04))
3.22          	((-1.265698e-01 -9.623898e-03 2.614600e+01) (-4.438572e-03 2.281746e-04 1.410170e-01)) ((-9.374023e-03 -1.499582e-01 -1.684532e-02) (3.224024e-05 -2.046927e-03 -4.910325e-04))
3.226667      	((-1.180746e-01 -4.786118e-03 2.358427e+01) (-4.445943e-03 2.259226e-04 1.393177e-01)) ((-1.014162e-02 -1.299124e-01 -1.906158e-02) (4.175078e-05 -2.057731e-03 -4.930600e-04))
3.233333      	((-1.093939e-01 -1.813677e-04 2.096633e+01) (-4.450918e-03 2.234119e-04 1.373458e-01)) ((-1.070337e-02 -1.095596e-01 -2.117775e-02) (5.055860e-05 -2.065884e-03 -4.941509e-04))
3.24          	((-9.857784e-02 2.629202e-03 1.830677e+01) (-4.446641e-03 2.218897e-04 1.351096e-01)) ((-1.153370e-02 -8.914861e-02 -2.313378e-02) (5.777244e-05 -2.069936e-03 -4.946097e-04))
3.246667      	((-8.573050e-02 5.359684e-03 1.560413e+01) (-4.430538e-03 2.194828e-04 1.326228e-01)) ((-1.238109e-02 -6.873705e-02 -2.500576e-02) (6.488779e-05 -2.069409e-03 -4.951637e-04))
3.253333      	((-7.144981e-02 1.071181e-02 1.286892e+01) (-4.408377e-03 2.202390e-04 1.298968e-01)) ((-1.245650e-02 -4.741415e-02 -2.705510e-02) (7.112912e-05 -2.064634e-03 -4.947011e-04))
3.26          	((-5.494152e-02 1.751016e-02 1.010017e+01) (-4.384522e-03 2.241249e-04 1.269378e-01)) ((-1.244305e-02 -2.613119e-02 -2.900740e-02) (7.594071e-05 -2.055915e-03 -4.921344e-04))
3.266667      	((-3.841807e-02 1.994016e-02 7.318080e+00) (-4.355653e-03 2.303973e-04 1.237570e-01)) ((-1.223809e-02 -5.172860e-03 -3.082139e-02) (7.902220e-05 -2.043043e-03 -4.866739e-04))
3.273333      	((-2.375861e-02 2.009800e-02 4.518786e+00) (-4.323624e-03 2.335717e-04 1.203674e-01)) ((-1.147984e-02 1.563141e-02 -3.233777e-02) (8.059413e-05 -2.026211e-03 -4.801020e-04))
3.28          	((-9.592642e-03 2.388545e-02 1.705141e+00) (-4.289287e-03 2.368974e-04 1.167751e-01)) ((-1.158759e-02 3.766174e-02 -3.357569e-02) (8.150917e-05 -2.005258e-03 -4.716808e-04))
3.286667      	((5.438279e-03 2.648500e-02 -1.111362e+00) (-4.251104e-03 2.393935e-04 1.129919e-01)) ((-1.194200e-02 5.900367e-02 -3.399426e-02) (8.137070e-05 -1.980603e-03 -4.612159e-04))
3.293333      	((1.714623e-02 2.816424e-02 -3.925904e+00) (-4.214250e-03 2.451280e-04 1.090291e-01)) ((-1.224049e-02 8.056645e-02 -3.444003e-02) (8.029901e-05 -1.952315e-03 -4.487868e-04))
3.3           	((2.881828e-02 2.504426e-02 -6.723539e+00) (-4.174176e-03 2.499674e-04 1.048966e-01)) ((-1.211026e-02 1.022055e-01 -3.437065e-02) (7.838421e-05 -1.919622e-03 -4.357705e-04))
3.306667      	((4.103741e-02 2.408499e-02 -9.501664e+00) (-4.132358e-03 2.540138e-04 1.006072e-01)) ((-1.185042e-02 1.241220e-01 -3.475218e-02) (7.620373e-05 -1.882902e-03 -4.217463e-04))
3.313333      	((5.284948e-02 2.543721e-02 -1.224964e+01) (-4.086005e-03 2.599163e-04 9.617393e-02)) ((-1.174876e-02 1.456938e-01 -3.520989e-02) (7.350380e-05 -1.842580e-03 -4.070556e-04))
3.32          	((6.490605e-02 2.708502e-02 -1.497002e+01) (-4.041429e-03 2.653192e-04 9.160593e-02)) ((-1.201927e-02 1.669420e-01 -3.477018e-02) (7.026724e-05 -1.798184e-03 -3.923412e-04))
3.326667      	((7.748607e-02 2.367228e-02 -1.764692e+01) (-3.995811e-03 2.721080e-04 8.691432e-02)) ((-1.179314e-02 1.883167e-01 -3.401479e-02) (6.721738e-05 -1.750288e-03 -3.783853e-04))
3.333333      	((8.599221e-02 2.440698e-02 -2.028759e+01) (-3.950803e-03 2.821034e-04 8.211016e-02)) ((-1.149383e-02 2.093597e-01 -3.341889e-02) (6.405640e-05 -1.699913e-03 -3.645634e-04))
3.34          	((9.344375e-02 2.417471e-02 -2.288245e+01) (-3.902793e-03 2.912071e-04 7.720123e-02)) ((-1.199002e-02 2.294092e-01 -3.247977e-02) (6.087588e-05 -1.646731e-03 -3.503521e-04))
3.346667      	((1.020995e-01 2.369912e-02 -2.542167e+01) (-3.853714e-03 3.000822e-04 7.220223e-02)) ((-1.180388e-02 2.501822e-01 -3.162586e-02) (5.878094e-05 -1.590958e-03 -3.367486e-04))
3.353333      	((1.084394e-01 2.288948e-02 -2.790341e+01) (-3.806925e-03 3.079913e-04 6.712317e-02)) ((-1.171174e-02 2.706296e-01 -3.063912e-02) (5.698398e-05 -1.532993e-03 -3.235421e-04))
3.36          	((1.138486e-01 1.570475e-02 -3.031209e+01) (-3.759773e-03 3.159832e-04 6.197285e-02)) ((-1.091278e-02 2.896820e-01 -2.985155e-02) (5.576250e-05 -1.473139e-03 -3.114480e-04))
3.366667      	((1.184865e-01 1.632923e-02 -3.265076e+01) (-3.709941e-03 3.198053e-04 5.675915e-02)) ((-1.137597e-02 3.083016e-01 -2.850051e-02) (5.480314e-05 -1.411551e-03 -3.001507e-04))
3.373333      	((1.230278e-01 1.670480e-02 -3.492136e+01) (-3.659046e-03 3.208078e-04 5.149227e-02)) ((-1.031326e-02 3.269142e-01 -2.701517e-02) (5.379741e-05 -1.348364e-03 -2.895096e-04))
3.38          	((1.250650e-01 1.732632e-02 -3.711160e+01) (-3.605929e-03 3.254272e-04 4.618037e-02)) ((-1.036299e-02 3.451312e-01 -2.527200e-02) (5.259815e-05 -1.283492e-03 -2.798676e-04))
3.386667      	((1.274383e-01 1.896435e-02 -3.923149e+01) (-3.551700e-03 3.321367e-04 4.083113e-02)) ((-1.048640e-02 3.623848e-01 -2.390713e-02) (5.072737e-05 -1.217565e-03 -2.707538e-04))
3.393333      	((1.295454e-01 1.735672e-02 -4.125724e+01) (-3.495556e-03 3.383400e-04 3.545101e-02)) ((-9.802088e-03 3.791418e-01 -2.218741e-02) (4.879846e-05 -1.150578e-03 -2.631430e-04))
3.4           	((1.292888e-01 1.990386e-02 -4.318776e+01) (-3.439301e-03 3.446438e-04 3.004224e-02)) ((-1.043996e-02 3.950431e-01 -2.076986e-02) (4.719517e-05 -1.083188e-03 -2.559879e-04))
3.406667      	((1.276894e-01 2.310098e-02 -4.501949e+01) (-3.379675e-03 3.469556e-04 2.461139e-02)) ((-1.061805e-02 4.092339e-01 -1.908046e-02) (4.542235e-05 -1.014700e-03 -2.498567e-04))
3.413333      	((1.251313e-01 1.963029e-02 -4.676471e+01) (-3.317710e-03 3.494950e-04 1.916564e-02)) ((-1.082923e-02 4.231162e-01 -1.740425e-02) (4.312654e-05 -9.456005e-04 -2.439859e-04))
3.42          	((1.173102e-01 1.596135e-02 -4.839409e+01) (-3.256051e-03 3.548020e-04 1.371319e-02)) ((-1.107081e-02 4.363122e-01 -1.543708e-02) (4.110256e-05 -8.758395e-04 -2.387856e-04))
3.426667      	((1.142892e-01 2.517546e-02 -4.993339e+01) (-3.195176e-03 3.598312e-04 8.263007e-03)) ((-1.084309e-02 4.485904e-01 -1.370724e-02) (3.941519e-05 -8.054727e-04 -2.343337e-04))
3.433333      	((1.086991e-01 2.477814e-02 -5.136996e+01) (-3.132984e-03 3.622198e-04 2.823479e-03)) ((-1.085408e-02 4.595072e-01 -1.223347e-02) (3.728954e-05 -7.348856e-04 -2.295303e-04))
3.44          	((1.027146e-01 1.881302e-02 -5.272848e+01) (-3.069624e-03 3.618713e-04 -2.596307e-03)) ((-1.275077e-02 4.711566e-01 -1.103555e-02) (3.599828e-05 -6.650115e-04 -2.252078e-04))
3.446667      	((9.963868e-02 2.303820e-02 -5.396352e+01) (-3.010600e-03 3.601483e-04 -7.990705e-03)) ((-1.107502e-02 4.809117e-01 -9.201335e-03) (3.579996e-05 -5.963365e-04 -2.221614e-04))
3.453333      	((9.412888e-02 3.266771e-02 -5.508319e+01) (-2.951197e-03 3.639562e-04 -1.336155e-02)) ((-9.701108e-03 4.866753e-01 -7.107213e-03) (3.496703e-05 -5.286152e-04 -2.190474e-04))
3.46          	((8.678619e-02 3.454399e-02 -5.609188e+01) (-2.899676e-03 3.683920e-04 -1.870788e-02)) ((-9.413358e-03 4.956134e-01 -5.247722e-03) (3.444991e-05 -4.623530e-04 -2.175805e-04))
3.466667      	((7.758344e-02 3.557217e-02 -5.703650e+01) (-2.856337e-03 3.684223e-04 -2.403389e-02)) ((-1.011080e-02 5.028095e-01 -4.528185e-03) (3.474219e-05 -3.975940e-04 -2.161917e-04))
3.473333      	((6.517970e-02 3.112704e-02 -5.787039e+01) (-2.814965e-03 3.654611e-04 -2.933277e-02)) ((-1.160944e-02 5.078503e-01 -3.773401e-03) (3.455174e-05 -3.332956e-04 -2.156897e-04))
3.48          	((5.299591e-02 3.769811e-02 -5.861039e+01) (-2.771821e-03 3.607926e-04 -3.460451e-02)) ((-9.419553e-03 5.122606e-01 -1.836744e-03) (3.554104e-05 -2.699971e-04 -2.157214e-04))
3.486667      	((4.510968e-02 3.562100e-02 -5.925485e+01) (-2.734028e-03 3.531366e-04 -3.985668e-02)) ((-9.221558e-03 5.147703e-01 -6.030396e-04) (3.791345e-05 -2.070890e-04 -2.159378e-04))
3.493333      	((4.070616e-02 3.746898e-02 -5.978555e+01) (-2.694894e-03 3.442070e-04 -4.508288e-02)) ((-1.028878e-02 5.143127e-01 1.460386e-03) (4.106390e-05 -1.441388e-04 -2.162470e-04))
3.5           	((3.301029e-02 3.971822e-02 -6.029372e+01) (-2.662515e-03 3.333002e-04 -5.028233e-02)) ((-1.020943e-02 5.152560e-01 2.322749e-03) (4.533499e-05 -8.223090e-05 -2.164706e-04))
3.506667      	((1.779287e-02 3.274548e-02 -6.088805e+01) (-2.635387e-03 3.187794e-04 -5.547640e-02)) ((-1.053157e-02 5.175369e-01 3.597650e-03) (4.995545e-05 -2.007808e-05 -2.168436e-04))
3.513333      	((2.289217e-02 3.994264e-02 -6.072683e+01) (-2.610245e-03 3.063178e-04 -6.061063e-02)) ((-1.035859e-02 5.122462e-01 5.198697e-03) (5.537188e-05 4.231174e-05 -2.173279e-04))
3.52          	((1.351865e-02 3.313978e-02 -6.135235e+01) (-2.585198e-03 2.959312e-04 -6.572374e-02)) ((-1.021385e-02 5.152867e-01 7.563564e-03) (6.029685e-05 1.050700e-04 -2.187187e-04))
3.526667      	((1.216923e-02 3.699721e-02 -6.148876e+01) (-2.559739e-03 2.831236e-04 -7.079890e-02)) ((-9.914946e-03 5.107310e-01 8.841920e-03) (6.499748e-05 1.689658e-04 -2.203314e-04))
3.533333      	((5.816304e-03 3.542201e-02 -6.159834e+01) (-2.530775e-03 2.724685e-04 -7.583779e-02)) ((-8.247719e-03 5.068699e-01 1.036983e-02) (6.952921e-05 2.341298e-04 -2.221704e-04))
3.54          	((5.880317e-03 3.313435e-02 -6.162253e+01) (-2.502353e-03 2.642257e-04 -8.083754e-02)) ((-8.137777e-03 5.023381e-01 1.144059e-02) (7.307976e-05 2.997466e-04 -2.249869e-04))
3.546667      	((-1.808763e-03 3.631832e-02 -6.153837e+01) (-2.481029e-03 2.576411e-04 -8.578209e-02)) ((-8.250918e-03 4.958941e-01 1.243505e-02) (7.586867e-05 3.657396e-04 -2.284708e-04))
3.553333      	((2.811463e-04 3.734692e-02 -6.135806e+01) (-2.462279e-03 2.525842e-04 -9.065722e-02)) ((-7.440731e-03 4.881555e-01 1.502362e-02) (7.795300e-05 4.329224e-04 -2.314698e-04))
3.56          	((7.248165e-05 4.141821e-02 -6.107940e+01) (-2.448057e-03 2.459640e-04 -9.545665e-02)) ((-7.305216e-03 4.814816e-01 1.629915e-02) (7.940290e-05 5.008662e-04 -2.345220e-04))
3.566667      	((-1.005593e-03 3.773832e-02 -6.069950e+01) (-2.435873e-03 2.373630e-04 -1.001634e-01)) ((-5.969724e-03 4.731979e-01 1.665885e-02) (7.989638e-05 5.699181e-04 -2.379892e-04))
3.573333      	((5.862903e-03 3.306849e-02 -6.024021e+01) (-2.423543e-03 2.249033e-04 -1.047651e-01)) ((-4.841538e-03 4.636522e-01 1.795341e-02) (8.017603e-05 6.395841e-04 -2.416783e-04))
3.58          	((1.571771e-02 3.540057e-02 -5.969295e+01) (-2.406751e-03 2.103624e-04 -1.092439e-01)) ((-4.279731e-03 4.539024e-01 1.909497e-02) (8.069377e-05 7.094795e-04 -2.452075e-04))
3.586667      	((2.328932e-02 3.521458e-02 -5.905668e+01) (-2.386510e-03 1.933763e-04 -1.135791e-01)) ((-4.081905e-03 4.430628e-01 2.017705e-02) (8.145769e-05 7.789954e-04 -2.502158e-04))
3.593333      	((3.151444e-02 3.429757e-02 -5.831367e+01) (-2.365159e-03 1.767059e-04 -1.177553e-01)) ((-3.739916e-03 4.320582e-01 2.086764e-02) (8.167420e-05 8.490323e-04 -2.558553e-04))
3.6           	((4.331381e-02 3.291350e-02 -5.749049e+01) (-2.341479e-03 1.560742e-04 -1.217543e-01)) ((-3.525454e-03 4.211834e-01 2.109861e-02) (8.194812e-05 9.188809e-04 -2.615105e-04))
3.606667      	((5.258275e-02 3.605310e-02 -5.657634e+01) (-2.319068e-03 1.352270e-04 -1.255648e-01)) ((-2.661209e-03 4.104077e-01 2.195870e-02) (8.159223e-05 9.880384e-04 -2.666020e-04))
3.613333      	((6.143509e-02 3.354822e-02 -5.555592e+01) (-2.298617e-03 1.184792e-04 -1.291653e-01)) ((-2.406043e-03 3.987682e-01 2.223025e-02) (8.052227e-05 1.056751e-03 -2.720018e-04))
3.62          	((7.017233e-02 3.753529e-02 -5.443623e+01) (-2.275927e-03 1.060756e-04 -1.325526e-01)) ((-1.845944e-03 3.867720e-01 2.269199e-02) (7.825560e-05 1.124943e-03 -2.770908e-04))
3.626667      	((8.055925e-02 3.518108e-02 -5.322152e+01) (-2.248111e-03 9.753276e-05 -1.357004e-01)) ((-8.294071e-04 3.741366e-01 2.296487e-02) (7.473678e-05 1.191207e-03 -2.826465e-04))
3.633333      	((9.061125e-02 3.790275e-02 -5.191148e+01) (-2.211075e-03 9.281358e-05 -1.385975e-01)) ((-4.789910e-04 3.614073e-01 2.303320e-02) (7.106675e-05 1.256182e-03 -2.889094e-04))
3.64          	((9.670943e-02 3.772005e-02 -5.050144e+01) (-2.167750e-03 9.096078e-05 -1.412304e-01)) ((-2.976285e-04 3.485107e-01 2.302914e-02) (6.680980e-05 1.318799e-03 -2.954893e-04))
3.646667      	((1.049051e-01 3.983693e-02 -4.898662e+01) (-2.119192e-03 9.434350e-05 -1.435830e-01)) ((6.810868e-05 3.348609e-01 2.290089e-02) (6.204348e-05 1.378215e-03 -3.018142e-04))
3.653333      	((1.107082e-01 3.639530e-02 -4.737540e+01) (-2.057614e-03 1.020756e-04 -1.456419e-01)) ((8.367795e-04 3.208188e-01 2.253286e-02) (5.692620e-05 1.433956e-03 -3.093280e-04))
3.66          	((1.172657e-01 3.435350e-02 -4.566498e+01) (-1.985697e-03 1.124307e-04 -1.473941e-01)) ((1.512307e-03 3.060887e-01 2.205154e-02) (5.129622e-05 1.485769e-03 -3.173459e-04))
3.666667      	((1.231691e-01 3.054443e-02 -4.385448e+01) (-1.904691e-03 1.219590e-04 -1.488348e-01)) ((2.818228e-03 2.907966e-01 2.140075e-02) (4.467100e-05 1.534713e-03 -3.255406e-04))
3.673333      	((1.258809e-01 2.578409e-02 -4.194707e+01) (-1.808293e-03 1.347542e-04 -1.499596e-01)) ((3.552170e-03 2.749482e-01 2.100435e-02) (3.793314e-05 1.579569e-03 -3.330702e-04))
3.68          	((1.290029e-01 2.220421e-02 -3.993463e+01) (-1.695260e-03 1.487625e-04 -1.507620e-01)) ((5.229643e-03 2.583558e-01 2.070676e-02) (3.064565e-05 1.620068e-03 -3.405340e-04))
3.686667      	((1.336224e-01 1.799339e-02 -3.783162e+01) (-1.571121e-03 1.627563e-04 -1.512414e-01)) ((5.805885e-03 2.418077e-01 2.030948e-02) (2.322366e-05 1.656344e-03 -3.478645e-04))
3.693333      	((1.355919e-01 1.345675e-02 -3.564168e+01) (-1.432271e-03 1.764343e-04 -1.513979e-01)) ((6.572817e-03 2.243821e-01 1.996112e-02) (1.559700e-05 1.687688e-03 -3.561040e-04))
3.7           	((1.384195e-01 8.601305e-03 -3.337185e+01) (-1.282464e-03 1.862560e-04 -1.512312e-01)) ((6.194780e-03 2.063873e-01 1.905199e-02) (7.764786e-06 1.714694e-03 -3.643605e-04))
3.706667      	((1.402152e-01 8.908470e-04 -3.102181e+01) (-1.123693e-03 1.925744e-04 -1.507445e-01)) ((6.834527e-03 1.889513e-01 1.904207e-02) (1.081933e-06 1.736406e-03 -3.726657e-04))
3.713333      	((1.392650e-01 -4.832220e-03 -2.860200e+01) (-9.572180e-04 1.970508e-04 -1.499355e-01)) ((7.748914e-03 1.713551e-01 1.875552e-02) (-5.133406e-06 1.752944e-03 -3.813515e-04))
3.72          	((1.376983e-01 -8.112118e-03 -2.610917e+01) (-7.833021e-04 2.011834e-04 -1.488108e-01)) ((8.033092e-03 1.528164e-01 1.882694e-02) (-1.050151e-05 1.763833e-03 -3.901269e-04))
3.726667      	((1.326504e-01 -1.703474e-02 -2.355223e+01) (-6.061169e-04 2.079478e-04 -1.473765e-01)) ((7.590442e-03 1.345367e-01 1.912649e-02) (-1.503138e-05 1.768397e-03 -3.996053e-04))
3.733333      	((1.272468e-01 -2.339778e-02 -2.094712e+01) (-4.263094e-04 2.177680e-04 -1.456370e-01)) ((7.902296e-03 1.161775e-01 1.959584e-02) (-1.898526e-05 1.767643e-03 -4.088480e-04))
3.74          	((1.221457e-01 -2.865581e-02 -1.828443e+01) (-2.482952e-04 2.289988e-04 -1.436025e-01)) ((8.842350e-03 9.747712e-02 2.001204e-02) (-2.164948e-05 1.761572e-03 -4.172470e-04))
3.746667      	((1.154658e-01 -3.387394e-02 -1.558195e+01) (-8.127646e-05 2.379189e-04 -1.412798e-01)) ((9.259803e-03 7.827652e-02 2.018867e-02) (-2.340810e-05 1.749601e-03 -4.260640e-04))
3.753333      	((1.091450e-01 -3.602859e-02 -1.284211e+01) (7.619952e-05 2.515814e-04 -1.386807e-01)) ((9.426367e-03 5.914107e-02 2.061757e-02) (-2.466743e-05 1.732764e-03 -4.351906e-04))
3.76          	((1.000197e-01 -3.773424e-02 -1.007746e+01) (2.239460e-04 2.674415e-04 -1.358184e-01)) ((9.313207e-03 3.965636e-02 2.101325e-02) (-2.582599e-05 1.710992e-03 -4.434991e-04))
3.766667      	((8.834512e-02 -3.941171e-02 -7.288310e+00) (3.604463e-04 2.865914e-04 -1.326991e-01)) ((8.888722e-03 2.057537e-02 2.124399e-02) (-2.623859e-05 1.684229e-03 -4.511568e-04))
3.773333      	((7.907036e-02 -4.294093e-02 -4.475477e+00) (4.839367e-04 3.086360e-04 -1.293349e-01)) ((8.694512e-03 5.159638e-04 2.149052e-02) (-2.613594e-05 1.652305e-03 -4.568260e-04))
3.78          	((6.749550e-02 -4.500410e-02 -1.661298e+00) (5.962982e-04 3.315539e-04 -1.257353e-01)) ((8.978397e-03 -1.997500e-02 2.153414e-02) (-2.589087e-05 1.615977e-03 -4.606740e-04))
3.786667      	((5.726429e-02 -4.636561e-02 1.160815e+00) (6.958041e-04 3.565010e-04 -1.219189e-01)) ((9.340932e-03 -4.080038e-02 2.165428e-02) (-2.551112e-05 1.575340e-03 -4.636379e-04))
3.793333      	((4.672985e-02 -4.932967e-02 3.983749e+00) (7.822243e-04 3.854273e-04 -1.179015e-01)) ((9.926722e-03 -6.168205e-02 2.177307e-02) (-2.521389e-05 1.530645e-03 -4.658174e-04))
3.8           	((3.671238e-02 -5.175923e-02 6.788692e+00) (8.542671e-04 4.197331e-04 -1.136951e-01)) ((1.034893e-02 -8.205383e-02 2.187727e-02) (-2.556523e-05 1.482378e-03 -4.666825e-04))
3.806667      	((2.660730e-02 -5.000716e-02 9.575042e+00) (9.142407e-04 4.523672e-04 -1.093081e-01)) ((1.018237e-02 -1.029688e-01 2.206828e-02) (-2.604939e-05 1.431873e-03 -4.661597e-04))
3.813333      	((1.679384e-02 -5.292114e-02 1.233551e+01) (9.586176e-04 4.823947e-04 -1.047536e-01)) ((1.048025e-02 -1.234132e-01 2.181177e-02) (-2.621141e-05 1.378653e-03 -4.644813e-04))
3.82          	((5.107689e-03 -5.219983e-02 1.505755e+01) (9.885971e-04 5.092036e-04 -1.000404e-01)) ((1.044242e-02 -1.441091e-01 2.221823e-02) (-2.660400e-05 1.322836e-03 -4.622039e-04))
3.826667      	((-1.929838e-03 -5.629058e-02 1.773744e+01) (1.005169e-03 5.362131e-04 -9.518297e-02)) ((1.169662e-02 -1.652374e-01 2.291018e-02) (-2.677381e-05 1.264720e-03 -4.589130e-04))
3.833333      	((-8.377470e-03 -5.639297e-02 2.037969e+01) (1.007416e-03 5.632217e-04 -9.018985e-02)) ((1.116429e-02 -1.857323e-01 2.297170e-02) (-2.657439e-05 1.204161e-03 -4.551209e-04))
3.84          	((-1.759304e-02 -5.441026e-02 2.297372e+01) (9.994212e-04 5.886083e-04 -8.507197e-02)) ((1.094429e-02 -2.065544e-01 2.273520e-02) (-2.586504e-05 1.142164e-03 -4.510502e-04))
3.846667      	((-2.558396e-02 -4.973361e-02 2.550907e+01) (9.806103e-04 6.076254e-04 -7.984579e-02)) ((1.056890e-02 -2.269189e-01 2.251999e-02) (-2.472329e-05 1.078300e-03 -4.466145e-04))
3.853333      	((-3.230193e-02 -4.790891e-02 2.799254e+01) (9.505554e-04 6.199867e-04 -7.452621e-02)) ((1.127443e-02 -2.465287e-01 2.232143e-02) (-2.372340e-05 1.013304e-03 -4.426769e-04))
3.86          	((-4.062019e-02 -4.766968e-02 3.040943e+01) (9.123292e-04 6.276789e-04 -6.912265e-02)) ((1.137254e-02 -2.660948e-01 2.256092e-02) (-2.326048e-05 9.478203e-04 -4.379430e-04))
3.866667      	((-4.585416e-02 -4.925787e-02 3.275663e+01) (8.668113e-04 6.350842e-04 -6.364359e-02)) ((1.145849e-02 -2.847865e-01 2.241628e-02) (-2.216888e-05 8.816454e-04 -4.322605e-04))
3.873333      	((-5.018279e-02 -4.750068e-02 3.502634e+01) (8.180781e-04 6.366529e-04 -5.809869e-02)) ((1.176642e-02 -3.029113e-01 2.176978e-02) (-2.089997e-05 8.153918e-04 -4.267534e-04))
3.88          	((-5.719648e-02 -4.421395e-02 3.721864e+01) (7.643966e-04 6.327165e-04 -5.249996e-02)) ((1.153934e-02 -3.217298e-01 2.122732e-02) (-1.918793e-05 7.492101e-04 -4.209462e-04))
3.886667      	((-6.384552e-02 -4.146089e-02 3.931951e+01) (7.088374e-04 6.270431e-04 -4.685373e-02)) ((1.131225e-02 -3.391838e-01 2.025013e-02) (-1.708789e-05 6.832462e-04 -4.151512e-04))
3.893333      	((-6.836344e-02 -3.829623e-02 4.133834e+01) (6.481064e-04 6.216259e-04 -4.117605e-02)) ((1.144021e-02 -3.555467e-01 1.954871e-02) (-1.539889e-05 6.169739e-04 -4.091017e-04))
3.9           	((-7.044250e-02 -3.120342e-02 4.324631e+01) (5.833567e-04 6.129172e-04 -3.547298e-02)) ((1.054601e-02 -3.708064e-01 1.906083e-02) (-1.393024e-05 5.508224e-04 -4.028219e-04))
3.906667      	((-7.454904e-02 -3.070089e-02 4.506104e+01) (5.122430e-04 6.005361e-04 -2.975711e-02)) ((1.058461e-02 -3.851508e-01 1.907717e-02) (-1.185043e-05 4.846928e-04 -3.973067e-04))
3.913333      	((-7.577723e-02 -2.865400e-02 4.679093e+01) (4.359015e-04 5.871934e-04 -2.403698e-02)) ((1.013265e-02 -3.992602e-01 1.825542e-02) (-9.697217e-06 4.187678e-04 -3.923614e-04))
3.92          	((-7.930912e-02 -2.653411e-02 4.842696e+01) (3.553847e-04 5.705727e-04 -1.831780e-02)) ((9.397870e-03 -4.122647e-01 1.739879e-02) (-8.138002e-06 3.526077e-04 -3.870527e-04))
3.926667      	((-8.360892e-02 -2.841154e-02 4.994691e+01) (2.793136e-04 5.535229e-04 -1.260851e-02)) ((9.453407e-03 -4.244577e-01 1.674354e-02) (-6.988772e-06 2.861508e-04 -3.816195e-04))
3.933333      	((-8.687762e-02 -2.329183e-02 5.136221e+01) (1.992769e-04 5.363794e-04 -6.919110e-03)) ((1.004577e-02 -4.370896e-01 1.599451e-02) (-6.979451e-06 2.194477e-04 -3.760310e-04))
3.94          	((-8.678639e-02 -2.036494e-02 5.267769e+01) (1.179800e-04 5.134809e-04 -1.256417e-03)) ((9.230478e-03 -4.470180e-01 1.498956e-02) (-6.767136e-06 1.533381e-04 -3.701241e-04))
3.946667      	((-8.610332e-02 -1.855112e-02 5.391173e+01) (3.253299e-05 4.861666e-04 4.375100e-03)) ((9.416616e-03 -4.575346e-01 1.403763e-02) (-6.922777e-06 8.722014e-05 -3.646341e-04))
3.953333      	((-9.004123e-02 -1.098609e-02 5.501012e+01) (-5.749520e-05 4.595171e-04 9.968197e-03)) ((8.702252e-03 -4.665791e-01 1.343169e-02) (-7.191842e-06 2.004105e-05 -3.600588e-04))
3.96          	((-1.021354e-01 -1.753335e-02 5.605109e+01) (-1.503675e-04 4.317657e-04 1.552696e-02)) ((1.019830e-02 -4.756926e-01 1.208790e-02) (-7.380689e-06 -4.765311e-05 -3.560661e-04))
3.966667      	((-1.094044e-01 -1.511496e-02 5.697081e+01) (-2.454458e-04 4.048143e-04 2.105875e-02)) ((9.479695e-03 -4.834578e-01 1.156617e-02) (-7.090750e-06 -1.155486e-04 -3.537547e-04))
3.973333      	((-1.131463e-01 -8.460166e-03 5.776757e+01) (-3.429954e-04 3.717492e-04 2.655035e-02)) ((1.091642e-02 -4.895289e-01 1.118416e-02) (-5.763519e-06 -1.833694e-04 -3.527608e-04))
3.98          	((-1.198330e-01 -1.157177e-04 5.847852e+01) (-4.434595e-04 3.390383e-04 3.200643e-02)) ((8.753891e-03 -4.946041e-01 9.362890e-03) (-4.677745e-06 -2.496033e-04 -3.519405e-04))
3.986667      	((-1.290989e-01 -6.124918e-03 5.912190e+01) (-5.401394e-04 3.087422e-04 3.742610e-02)) ((1.027233e-02 -4.998100e-01 8.803365e-03) (-4.637929e-06 -3.146984e-04 -3.521872e-04))
3.993333      	((-1.388066e-01 -3.947367e-03 5.967053e+01) (-6.476662e-04 2.784188e-04 4.280613e-02)) ((7.899296e-03 -5.039553e-01 8.097253e-03) (-4.559161e-06 -3.791000e-04 -3.543545e-04))
4             	((-1.440288e-01 3.882523e-03 6.014187e+01) (-7.660907e-04 2.469228e-04 4.815578e-02)) ((6.878139e-03 -5.069557e-01 7.380507e-03) (-3.461811e-06 -4.426656e-04 -3.577552e-04))
4.006667      	((-1.691156e-01 1.220035e-03 6.066355e+01) (-8.891847e-04 2.192359e-04 5.347960e-02)) ((6.827963e-03 -5.076124e-01 4.258435e-03) (-3.337443e-06 -5.038729e-04 -3.624658e-04))
4.013333      	((-1.893596e-01 2.802598e-03 6.069586e+01) (-1.011892e-03 1.994135e-04 5.874370e-02)) ((8.612506e-03 -5.101006e-01 4.356365e-03) (-4.781923e-06 -5.640891e-04 -3.678328e-04))
4.02          	((-1.794420e-01 3.852984e-03 6.128715e+01) (-1.128928e-03 1.837370e-04 6.397809e-02)) ((8.402600e-03 -5.109592e-01 3.515280e-03) (-6.553656e-06 -6.225341e-04 -3.737795e-04))
4.026667      	((-1.929260e-01 3.134193e-03 6.146204e+01) (-1.246891e-03 1.690693e-04 6.917518e-02)) ((8.650566e-03 -5.145433e-01 1.963712e-03) (-9.145299e-06 -6.807389e-04 -3.798687e-04))
4.033333      	((-1.910157e-01 6.839592e-03 6.160016e+01) (-1.368589e-03 1.603380e-04 7.432032e-02)) ((7.990732e-03 -5.123168e-01 1.563618e-04) (-1.230102e-05 -7.385984e-04 -3.859445e-04))
4.04          	((-1.958082e-01 4.456260e-03 6.161878e+01) (-1.493093e-03 1.499880e-04 7.940220e-02)) ((7.913047e-03 -5.098707e-01 -1.050384e-03) (-1.627067e-05 -7.962635e-04 -3.913263e-04))
4.046667      	((-1.979682e-01 5.446396e-03 6.155016e+01) (-1.619575e-03 1.420701e-04 8.441696e-02)) ((7.660277e-03 -5.064803e-01 -2.417368e-03) (-1.983454e-05 -8.538083e-04 -3.967455e-04))
4.053333      	((-1.941625e-01 2.998687e-03 6.139519e+01) (-1.748364e-03 1.331232e-04 8.934708e-02)) ((7.769069e-03 -5.015280e-01 -4.006197e-03) (-2.255920e-05 -9.108963e-04 -4.014855e-04))
4.06          	((-1.895434e-01 1.967215e-03 6.116350e+01) (-1.881112e-03 1.301691e-04 9.418083e-02)) ((7.378442e-03 -4.959391e-01 -5.059952e-03) (-2.565150e-05 -9.675858e-04 -4.066775e-04))
4.066667      	((-1.885011e-01 3.773095e-03 6.084461e+01) (-2.020540e-03 1.265370e-04 9.890037e-02)) ((6.875258e-03 -4.900693e-01 -5.646239e-03) (-2.969755e-05 -1.024003e-03 -4.112256e-04))
4.073333      	((-1.822887e-01 4.397442e-03 6.043742e+01) (-2.163294e-03 1.240801e-04 1.035073e-01)) ((6.728106e-03 -4.829868e-01 -6.328294e-03) (-3.388423e-05 -1.079553e-03 -4.149000e-04))
4.08          	((-1.727059e-01 1.295699e-03 5.993620e+01) (-2.307769e-03 1.190125e-04 1.079631e-01)) ((6.970210e-03 -4.749164e-01 -6.524589e-03) (-3.826719e-05 -1.134839e-03 -4.190086e-04))
4.086667      	((-1.660560e-01 -2.106522e-03 5.934511e+01) (-2.457104e-03 1.154984e-04 1.122565e-01)) ((7.672188e-03 -4.667762e-01 -6.403921e-03) (-4.141394e-05 -1.190882e-03 -4.229620e-04))
4.093333      	((-1.596063e-01 -2.928462e-03 5.865016e+01) (-2.607579e-03 1.100857e-04 1.163735e-01)) ((8.890600e-03 -4.579275e-01 -6.201589e-03) (-4.374331e-05 -1.247036e-03 -4.276633e-04))
4.1           	((-1.529144e-01 -3.025439e-03 5.785780e+01) (-2.758577e-03 1.096422e-04 1.202780e-01)) ((9.114218e-03 -4.481499e-01 -6.033595e-03) (-4.666847e-05 -1.302994e-03 -4.316220e-04))
4.106667      	((-1.457616e-01 6.903174e-03 5.696060e+01) (-2.917581e-03 1.085983e-04 1.239513e-01)) ((8.258672e-03 -4.369572e-01 -6.100343e-03) (-4.990743e-05 -1.359510e-03 -4.348992e-04))
4.113333      	((-1.424310e-01 -1.908015e-04 5.595386e+01) (-3.080890e-03 1.056303e-04 1.273850e-01)) ((8.380003e-03 -4.251829e-01 -5.759932e-03) (-5.344999e-05 -1.415947e-03 -4.385621e-04))
4.12          	((-1.419884e-01 -2.470145e-03 5.483797e+01) (-3.240867e-03 1.020001e-04 1.305512e-01)) ((8.727197e-03 -4.126540e-01 -5.253242e-03) (-5.551160e-05 -1.471549e-03 -4.419171e-04))
4.126667      	((-1.393474e-01 2.080460e-03 5.361346e+01) (-3.396524e-03 9.817388e-05 1.334407e-01)) ((7.987125e-03 -3.990842e-01 -4.901602e-03) (-5.649211e-05 -1.525737e-03 -4.455230e-04))
4.133333      	((-1.416045e-01 -2.179150e-03 5.228196e+01) (-3.545189e-03 9.649665e-05 1.360441e-01)) ((7.764558e-03 -3.850710e-01 -4.265846e-03) (-5.686942e-05 -1.578357e-03 -4.489755e-04))
4.14          	((-1.451562e-01 -4.500145e-04 5.084950e+01) (-3.683179e-03 9.647214e-05 1.383481e-01)) ((6.541068e-03 -3.698797e-01 -3.608657e-03) (-5.679144e-05 -1.630662e-03 -4.518573e-04))
4.146667      	((-1.462274e-01 -6.153445e-06 4.930247e+01) (-3.816960e-03 9.411760e-05 1.403396e-01)) ((5.795701e-03 -3.533072e-01 -3.428497e-03) (-5.424450e-05 -1.681872e-03 -4.533458e-04))
4.153333      	((-1.494213e-01 4.644421e-03 4.765267e+01) (-3.938552e-03 9.261087e-05 1.420117e-01)) ((3.913817e-03 -3.366007e-01 -3.027936e-03) (-5.049970e-05 -1.731210e-03 -4.533359e-04))
4.16          	((-1.500603e-01 4.258883e-03 4.589763e+01) (-4.049449e-03 9.323193e-05 1.433672e-01)) ((3.029388e-03 -3.194296e-01 -2.784093e-03) (-4.624774e-05 -1.778322e-03 -4.529644e-04))
4.166667      	((-1.569083e-01 -4.940031e-03 4.404625e+01) (-4.145220e-03 1.001564e-04 1.444051e-01)) ((2.722462e-03 -3.021457e-01 -3.759566e-03) (-4.154391e-05 -1.821926e-03 -4.538910e-04))
4.173333      	((-1.645536e-01 -7.878324e-03 4.209971e+01) (-4.224932e-03 1.093639e-04 1.451230e-01)) ((1.103605e-03 -2.842127e-01 -4.419498e-03) (-3.629409e-05 -1.861948e-03 -4.550201e-04))
4.18          	((-1.680135e-01 -6.075711e-03 4.006663e+01) (-4.288726e-03 1.151777e-04 1.455165e-01)) ((-7.275252e-04 -2.656880e-01 -5.185634e-03) (-3.031593e-05 -1.897967e-03 -4.565838e-04))
4.186667      	((-1.699684e-01 -4.811696e-03 3.794543e+01) (-4.337780e-03 1.220479e-04 1.455887e-01)) ((-3.271841e-03 -2.466732e-01 -6.524759e-03) (-2.386359e-05 -1.930244e-03 -4.589463e-04))
4.193333      	((-1.718205e-01 -7.813431e-03 3.574438e+01) (-4.378718e-03 1.277483e-04 1.453422e-01)) ((-5.308840e-03 -2.275643e-01 -7.484974e-03) (-1.717419e-05 -1.958719e-03 -4.620068e-04))
4.2           	((-1.728312e-01 -1.095112e-02 3.345244e+01) (-4.410030e-03 1.332408e-04 1.447825e-01)) ((-6.009825e-03 -2.078055e-01 -9.228029e-03) (-9.608738e-06 -1.983509e-03 -4.647375e-04))
4.206667      	((-1.691900e-01 -1.209703e-02 3.109163e+01) (-4.432599e-03 1.329214e-04 1.439146e-01)) ((-6.531633e-03 -1.882031e-01 -1.182057e-02) (-1.464278e-06 -2.005115e-03 -4.668416e-04))
4.213333      	((-1.632764e-01 -1.285971e-02 2.865561e+01) (-4.446477e-03 1.304911e-04 1.427435e-01)) ((-7.553438e-03 -1.681188e-01 -1.435473e-02) (6.790745e-06 -2.023729e-03 -4.690702e-04))
4.22          	((-1.544627e-01 -9.919687e-03 2.614949e+01) (-4.453405e-03 1.245463e-04 1.412848e-01)) ((-8.666613e-03 -1.485831e-01 -1.692368e-02) (1.536071e-05 -2.039593e-03 -4.718948e-04))
4.226667      	((-1.447929e-01 -8.485280e-03 2.359216e+01) (-4.449393e-03 1.207460e-04 1.395380e-01)) ((-1.021441e-02 -1.286023e-01 -1.923364e-02) (2.398605e-05 -2.052017e-03 -4.737033e-04))
4.233333      	((-1.342542e-01 -4.829898e-03 2.098086e+01) (-4.441077e-03 1.196633e-04 1.375141e-01)) ((-1.078811e-02 -1.080288e-01 -2.157231e-02) (3.156976e-05 -2.061629e-03 -4.748091e-04))
4.24          	((-1.230563e-01 -5.896900e-03 1.832267e+01) (-4.426660e-03 1.235637e-04 1.352267e-01)) ((-1.091925e-02 -8.771893e-02 -2.349052e-02) (3.839298e-05 -2.067351e-03 -4.745859e-04))
4.246667      	((-1.073533e-01 -1.003230e-03 1.561932e+01) (-4.402234e-03 1.270198e-04 1.326876e-01)) ((-1.207675e-02 -6.728464e-02 -2.563758e-02) (4.465649e-05 -2.068589e-03 -4.743292e-04))
4.253333      	((-8.933898e-02 4.066465e-03 1.288313e+01) (-4.373640e-03 1.333636e-04 1.299060e-01)) ((-1.204723e-02 -4.539507e-02 -2.713494e-02) (5.028834e-05 -2.065495e-03 -4.727149e-04))
4.26          	((-7.147654e-02 7.443896e-03 1.011684e+01) (-4.340721e-03 1.407951e-04 1.268893e-01)) ((-1.224131e-02 -2.414422e-02 -2.906725e-02) (5.486399e-05 -2.058336e-03 -4.689007e-04))
4.266667      	((-5.158748e-02 1.317484e-02 7.332109e+00) (-4.299407e-03 1.499554e-04 1.236497e-01)) ((-1.235681e-02 -3.040057e-03 -3.080210e-02) (5.806446e-05 -2.046884e-03 -4.628977e-04))
4.273333      	((-3.681077e-02 1.583363e-02 4.526857e+00) (-4.255324e-03 1.623878e-04 1.202040e-01)) ((-1.211287e-02 1.783813e-02 -3.214256e-02) (5.979341e-05 -2.031503e-03 -4.545697e-04))
4.28          	((-2.016041e-02 1.436456e-02 1.711055e+00) (-4.212398e-03 1.772399e-04 1.165575e-01)) ((-1.144325e-02 3.929564e-02 -3.335435e-02) (6.020513e-05 -2.012334e-03 -4.443608e-04))
4.286667      	((-3.804055e-03 1.586451e-02 -1.110119e+00) (-4.167770e-03 1.919306e-04 1.127204e-01)) ((-1.200264e-02 6.104605e-02 -3.378834e-02) (6.012603e-05 -1.989430e-03 -4.323551e-04))
4.293333      	((9.590207e-03 1.804313e-02 -3.924554e+00) (-4.122350e-03 2.066493e-04 1.087065e-01)) ((-1.283789e-02 8.229126e-02 -3.446422e-02) (5.949160e-05 -1.962755e-03 -4.193022e-04))
4.3           	((2.265049e-02 1.657425e-02 -6.725174e+00) (-4.076191e-03 2.248901e-04 1.045285e-01)) ((-1.300457e-02 1.039233e-01 -3.404664e-02) (5.777033e-05 -1.931468e-03 -4.052892e-04))
4.306667      	((3.809244e-02 1.547236e-02 -9.508541e+00) (-4.029805e-03 2.422086e-04 1.001955e-01)) ((-1.285544e-02 1.255211e-01 -3.427550e-02) (5.626448e-05 -1.896447e-03 -3.905361e-04))
4.313333      	((5.032129e-02 1.746348e-02 -1.226082e+01) (-3.981496e-03 2.568255e-04 9.571858e-02)) ((-1.300971e-02 1.468317e-01 -3.420148e-02) (5.414919e-05 -1.857143e-03 -3.750902e-04))
4.32          	((6.233073e-02 1.873340e-02 -1.497938e+01) (-3.933807e-03 2.734807e-04 9.110723e-02)) ((-1.304019e-02 1.681834e-01 -3.429475e-02) (5.173030e-05 -1.813878e-03 -3.597203e-04))
4.326667      	((7.445775e-02 1.955140e-02 -1.765713e+01) (-3.887068e-03 2.921381e-04 8.637282e-02)) ((-1.336643e-02 1.894607e-01 -3.345870e-02) (4.996370e-05 -1.767339e-03 -3.453550e-04))
4.333333      	((8.484005e-02 2.069398e-02 -2.030201e+01) (-3.837716e-03 3.103275e-04 8.152613e-02)) ((-1.302963e-02 2.100578e-01 -3.230147e-02) (4.788566e-05 -1.717303e-03 -3.310448e-04))
4.34          	((9.339297e-02 1.748892e-02 -2.289752e+01) (-3.785694e-03 3.292849e-04 7.657585e-02)) ((-1.246701e-02 2.303204e-01 -3.134541e-02) (4.655380e-05 -1.664174e-03 -3.165940e-04))
4.346667      	((1.028140e-01 1.678674e-02 -2.543940e+01) (-3.731705e-03 3.459834e-04 7.153500e-02)) ((-1.275989e-02 2.507097e-01 -3.039380e-02) (4.578053e-05 -1.608540e-03 -3.023863e-04))
4.353333      	((1.096008e-01 1.767749e-02 -2.792541e+01) (-3.679454e-03 3.607871e-04 6.641551e-02)) ((-1.260854e-02 2.708934e-01 -2.914330e-02) (4.542452e-05 -1.550649e-03 -2.889249e-04))
4.36          	((1.145598e-01 1.255978e-02 -3.034049e+01) (-3.629071e-03 3.708633e-04 6.122415e-02)) ((-1.206265e-02 2.901027e-01 -2.819663e-02) (4.564994e-05 -1.490743e-03 -2.767294e-04))
4.366667      	((1.169925e-01 1.138695e-02 -3.268200e+01) (-3.576999e-03 3.762412e-04 5.597186e-02)) ((-1.191696e-02 3.085628e-01 -2.682374e-02) (4.616927e-05 -1.429060e-03 -2.649423e-04))
4.373333      	((1.219416e-01 1.029497e-02 -3.495278e+01) (-3.522808e-03 3.815720e-04 5.066682e-02)) ((-1.129913e-02 3.269047e-01 -2.520013e-02) (4.655191e-05 -1.365841e-03 -2.535066e-04))
4.38          	((1.244483e-01 9.986254e-03 -3.714892e+01) (-3.469512e-03 3.891081e-04 4.531532e-02)) ((-1.130075e-02 3.453232e-01 -2.365334e-02) (4.672623e-05 -1.301301e-03 -2.436745e-04))
4.386667      	((1.268400e-01 1.282548e-02 -3.926320e+01) (-3.415469e-03 3.994357e-04 3.992694e-02)) ((-1.135675e-02 3.628262e-01 -2.277709e-02) (4.660342e-05 -1.235927e-03 -2.347042e-04))
4.393333      	((1.273421e-01 1.830399e-02 -4.128858e+01) (-3.360222e-03 4.074775e-04 3.450705e-02)) ((-1.149513e-02 3.789608e-01 -2.079555e-02) (4.669776e-05 -1.169322e-03 -2.262336e-04))
4.4           	((1.300010e-01 1.829172e-02 -4.321653e+01) (-3.306688e-03 4.137096e-04 2.906102e-02)) ((-1.124786e-02 3.948059e-01 -1.928614e-02) (4.681797e-05 -1.101682e-03 -2.183336e-04))
4.406667      	((1.261832e-01 1.910300e-02 -4.505404e+01) (-3.254417e-03 4.160501e-04 2.359475e-02)) ((-1.201328e-02 4.092917e-01 -1.747548e-02) (4.659238e-05 -1.033410e-03 -2.112181e-04))
4.413333      	((1.234647e-01 1.850180e-02 -4.679007e+01) (-3.200561e-03 4.186547e-04 1.811455e-02)) ((-1.255986e-02 4.239151e-01 -1.596378e-02) (4.594041e-05 -9.647644e-04 -2.049822e-04))
4.42          	((1.178393e-01 1.906748e-02 -4.842059e+01) (-3.143558e-03 4.220171e-04 1.262967e-02)) ((-1.190777e-02 4.365869e-01 -1.379383e-02) (4.494572e-05 -8.951842e-04 -1.990505e-04))
4.426667      	((1.145057e-01 2.727796e-02 -4.995656e+01) (-3.087859e-03 4.279638e-04 7.147983e-03)) ((-1.238090e-02 4.485751e-01 -1.215233e-02) (4.351813e-05 -8.250311e-04 -1.934926e-04))
4.433333      	((1.085691e-01 2.420464e-02 -5.139892e+01) (-3.029354e-03 4.283040e-04 1.674511e-03)) ((-1.186317e-02 4.595544e-01 -1.073559e-02) (4.253502e-05 -7.545522e-04 -1.881013e-04))
4.44          	((1.028468e-01 2.228506e-02 -5.274494e+01) (-2.966521e-03 4.196086e-04 -3.774330e-03)) ((-1.287918e-02 4.711218e-01 -9.230883e-03) (4.297984e-05 -6.842026e-04 -1.829178e-04))
4.446667      	((9.458159e-02 2.805683e-02 -5.398206e+01) (-2.907923e-03 4.152849e-04 -9.196632e-03)) ((-1.163241e-02 4.800191e-01 -8.305642e-03) (4.384734e-05 -6.154120e-04 -1.787315e-04))
4.453333      	((9.400382e-02 3.078273e-02 -5.509867e+01) (-2.849984e-03 4.132960e-04 -1.459588e-02)) ((-1.004601e-02 4.865039e-01 -6.441173e-03) (4.454510e-05 -5.473691e-04 -1.749820e-04))
4.46          	((8.848212e-02 3.424334e-02 -5.611168e+01) (-2.798369e-03 4.143206e-04 -1.997213e-02)) ((-1.055858e-02 4.950310e-01 -3.826932e-03) (4.570665e-05 -4.808441e-04 -1.719882e-04))
4.466667      	((7.675127e-02 3.303932e-02 -5.704282e+01) (-2.752622e-03 4.099269e-04 -2.532505e-02)) ((-1.046831e-02 5.023665e-01 -3.272649e-03) (4.758478e-05 -4.156893e-04 -1.694338e-04))
4.473333      	((6.700371e-02 3.736639e-02 -5.787463e+01) (-2.710237e-03 4.044622e-04 -3.065081e-02)) ((-1.236105e-02 5.074466e-01 -2.694512e-03) (4.933687e-05 -3.512510e-04 -1.676617e-04))
4.48          	((5.426194e-02 4.696395e-02 -5.861836e+01) (-2.670106e-03 3.981449e-04 -3.595335e-02)) ((-1.128021e-02 5.119187e-01 -5.741695e-04) (5.289017e-05 -2.877884e-04 -1.663202e-04))
4.486667      	((4.576618e-02 4.256031e-02 -5.924780e+01) (-2.633613e-03 3.912853e-04 -4.123747e-02)) ((-9.143165e-03 5.136484e-01 1.032351e-03) (5.783578e-05 -2.253240e-04 -1.650144e-04))
4.493333      	((3.805073e-02 4.421154e-02 -5.980349e+01) (-2.599645e-03 3.806506e-04 -4.649714e-02)) ((-1.064601e-02 5.142947e-01 2.742317e-03) (6.341418e-05 -1.635996e-04 -1.640298e-04))
4.5           	((3.422289e-02 4.531168e-02 -6.030054e+01) (-2.571010e-03 3.668006e-04 -5.173294e-02)) ((-1.196333e-02 5.155767e-01 3.652770e-03) (6.990747e-05 -1.020258e-04 -1.639383e-04))
4.506667      	((1.872556e-02 3.903969e-02 -6.084122e+01) (-2.545658e-03 3.531100e-04 -5.696265e-02)) ((-1.231245e-02 5.152127e-01 4.682952e-03) (7.701862e-05 -4.098726e-05 -1.637066e-04))
4.513333      	((3.193070e-02 4.709764e-02 -6.070040e+01) (-2.524512e-03 3.363955e-04 -6.213210e-02)) ((-1.211663e-02 5.111158e-01 6.664962e-03) (8.403733e-05 2.017437e-05 -1.636554e-04))
4.52          	((2.296704e-02 4.177119e-02 -6.134058e+01) (-2.504205e-03 3.204464e-04 -6.728396e-02)) ((-1.060034e-02 5.140619e-01 8.538962e-03) (9.021282e-05 8.192432e-05 -1.645785e-04))
4.526667      	((1.665467e-02 4.649805e-02 -6.147114e+01) (-2.482358e-03 3.083672e-04 -7.240341e-02)) ((-9.389125e-03 5.099434e-01 9.257176e-03) (9.662145e-05 1.450141e-04 -1.656500e-04))
4.533333      	((1.207948e-02 4.079929e-02 -6.157987e+01) (-2.457880e-03 2.953993e-04 -7.748197e-02)) ((-9.396297e-03 5.055343e-01 1.156819e-02) (1.027768e-04 2.089719e-04 -1.677131e-04))
4.54          	((2.752557e-03 3.855971e-02 -6.160322e+01) (-2.432565e-03 2.869926e-04 -8.252148e-02)) ((-9.393573e-03 5.005143e-01 1.263334e-02) (1.083239e-04 2.738897e-04 -1.706856e-04))
4.546667      	((2.190697e-03 4.674827e-02 -6.153933e+01) (-2.413704e-03 2.798139e-04 -8.750559e-02)) ((-9.462936e-03 4.944898e-01 1.409236e-02) (1.125945e-04 3.393955e-04 -1.746432e-04))
4.553333      	((1.885471e-03 4.693040e-02 -6.136065e+01) (-2.398857e-03 2.710323e-04 -9.242054e-02)) ((-9.189948e-03 4.874045e-01 1.552647e-02) (1.157116e-04 4.062133e-04 -1.779641e-04))
4.56          	((1.778713e-03 4.323960e-02 -6.107290e+01) (-2.388779e-03 2.584284e-04 -9.725859e-02)) ((-7.522251e-03 4.797912e-01 1.670307e-02) (1.186096e-04 4.736099e-04 -1.816267e-04))
4.566667      	((3.005475e-03 4.061644e-02 -6.070183e+01) (-2.380006e-03 2.427178e-04 -1.020018e-01)) ((-7.169552e-03 4.708983e-01 1.811263e-02) (1.204584e-04 5.416117e-04 -1.858885e-04))
4.573333      	((6.658374e-03 3.901197e-02 -6.024820e+01) (-2.369991e-03 2.253913e-04 -1.066413e-01)) ((-5.686717e-03 4.622848e-01 1.866216e-02) (1.217938e-04 6.104207e-04 -1.907628e-04))
4.58          	((1.583457e-02 3.904025e-02 -5.969940e+01) (-2.358171e-03 2.098357e-04 -1.111554e-01)) ((-5.205026e-03 4.522494e-01 1.971013e-02) (1.228676e-04 6.790548e-04 -1.953219e-04))
4.586667      	((2.314417e-02 4.227105e-02 -5.906618e+01) (-2.345106e-03 1.920835e-04 -1.155217e-01)) ((-4.945269e-03 4.418048e-01 2.111332e-02) (1.239514e-04 7.473861e-04 -2.012643e-04))
4.593333      	((3.024599e-02 4.166266e-02 -5.833687e+01) (-2.328948e-03 1.722391e-04 -1.197213e-01)) ((-4.096697e-03 4.309270e-01 2.191292e-02) (1.250295e-04 8.161673e-04 -2.074599e-04))
4.6           	((4.060990e-02 4.389869e-02 -5.750862e+01) (-2.313010e-03 1.486990e-04 -1.237493e-01)) ((-3.292227e-03 4.203077e-01 2.167207e-02) (1.261994e-04 8.843131e-04 -2.136340e-04))
4.606667      	((5.166515e-02 4.224148e-02 -5.658891e+01) (-2.297134e-03 1.268849e-04 -1.275842e-01)) ((-2.774019e-03 4.093192e-01 2.209748e-02) (1.260775e-04 9.520479e-04 -2.195942e-04))
4.613333      	((6.149698e-02 4.027351e-02 -5.557681e+01) (-2.280787e-03 1.095114e-04 -1.312102e-01)) ((-1.922710e-03 3.979082e-01 2.247077e-02) (1.242840e-04 1.019348e-03 -2.253518e-04))
4.62          	((6.969370e-02 3.641850e-02 -5.445844e+01) (-2.259024e-03 9.584971e-05 -1.346171e-01)) ((-1.074927e-03 3.860248e-01 2.284728e-02) (1.202994e-04 1.086070e-03 -2.306970e-04))
4.626667      	((7.915575e-02 3.952544e-02 -5.324224e+01) (-2.231932e-03 8.878904e-05 -1.377832e-01)) ((-7.493604e-04 3.735179e-01 2.293210e-02) (1.157257e-04 1.150983e-03 -2.354736e-04))
4.633333      	((8.658161e-02 3.875793e-02 -5.192661e+01) (-2.196403e-03 8.676725e-05 -1.406946e-01)) ((-8.524011e-05 3.607774e-01 2.254355e-02) (1.107840e-04 1.214610e-03 -2.407189e-04))
4.64          	((9.588910e-02 3.863527e-02 -5.051764e+01) (-2.154391e-03 8.664443e-05 -1.433360e-01)) ((6.653233e-04 3.481440e-01 2.305892e-02) (1.057539e-04 1.275839e-03 -2.461392e-04))
4.646667      	((1.044068e-01 3.711518e-02 -4.899921e+01) (-2.105667e-03 8.995173e-05 -1.456943e-01)) ((1.138169e-03 3.342789e-01 2.251956e-02) (1.002417e-04 1.333712e-03 -2.515809e-04))
4.653333      	((1.111353e-01 3.642985e-02 -4.738547e+01) (-2.044801e-03 9.700799e-05 -1.477598e-01)) ((2.092916e-03 3.201632e-01 2.203041e-02) (9.463647e-05 1.388210e-03 -2.584315e-04))
4.66          	((1.154039e-01 3.715867e-02 -4.567495e+01) (-1.968706e-03 1.109852e-04 -1.495184e-01)) ((3.284831e-03 3.056117e-01 2.158037e-02) (8.850197e-05 1.438495e-03 -2.656394e-04))
4.666667      	((1.214925e-01 3.297678e-02 -4.385932e+01) (-1.880330e-03 1.271174e-04 -1.509634e-01)) ((4.946442e-03 2.906182e-01 2.100197e-02) (8.140527e-05 1.485062e-03 -2.728026e-04))
4.673333      	((1.241384e-01 2.475401e-02 -4.195112e+01) (-1.779863e-03 1.451136e-04 -1.520900e-01)) ((6.181845e-03 2.747104e-01 2.063591e-02) (7.417225e-05 1.527708e-03 -2.789594e-04))
4.68          	((1.274455e-01 1.859979e-02 -3.994174e+01) (-1.659724e-03 1.660729e-04 -1.528945e-01)) ((7.922498e-03 2.583523e-01 2.034558e-02) (6.713401e-05 1.565703e-03 -2.846929e-04))
4.686667      	((1.300408e-01 1.470081e-02 -3.783765e+01) (-1.527066e-03 1.851987e-04 -1.533719e-01)) ((8.659918e-03 2.416677e-01 1.967310e-02) (6.001601e-05 1.599242e-03 -2.903073e-04))
4.693333      	((1.342907e-01 9.760832e-03 -3.565017e+01) (-1.381592e-03 2.028570e-04 -1.535241e-01)) ((9.630586e-03 2.236384e-01 1.964415e-02) (5.236144e-05 1.627782e-03 -2.966350e-04))
4.7           	((1.357467e-01 6.241755e-03 -3.338410e+01) (-1.223850e-03 2.174145e-04 -1.533545e-01)) ((9.912774e-03 2.060194e-01 1.901909e-02) (4.439468e-05 1.651511e-03 -3.031332e-04))
4.706667      	((1.365468e-01 -7.192961e-04 -3.103681e+01) (-1.054494e-03 2.304364e-04 -1.528606e-01)) ((1.032755e-02 1.881841e-01 1.894530e-02) (3.733113e-05 1.669797e-03 -3.095929e-04))
4.713333      	((1.371169e-01 -8.052776e-03 -2.861365e+01) (-8.777615e-04 2.377835e-04 -1.520391e-01)) ((1.111244e-02 1.704286e-01 1.880435e-02) (3.109898e-05 1.683228e-03 -3.164689e-04))
4.72          	((1.362669e-01 -1.402130e-02 -2.612351e+01) (-6.939150e-04 2.465923e-04 -1.509004e-01)) ((1.152486e-02 1.519059e-01 1.879254e-02) (2.521484e-05 1.690851e-03 -3.238538e-04))
4.726667      	((1.305718e-01 -2.006868e-02 -2.357631e+01) (-5.084366e-04 2.558516e-04 -1.494485e-01)) ((1.211032e-02 1.327662e-01 1.924636e-02) (2.043465e-05 1.692373e-03 -3.322020e-04))
4.733333      	((1.258668e-01 -3.030180e-02 -2.096756e+01) (-3.232297e-04 2.686755e-04 -1.476905e-01)) ((1.263719e-02 1.142024e-01 1.962822e-02) (1.588800e-05 1.689188e-03 -3.403123e-04))
4.74          	((1.216619e-01 -3.305360e-02 -1.830999e+01) (-1.410694e-04 2.824737e-04 -1.456336e-01)) ((1.268811e-02 9.557570e-02 1.978860e-02) (1.257774e-05 1.680169e-03 -3.487030e-04))
4.746667      	((1.169180e-01 -3.925766e-02 -1.560747e+01) (3.389175e-05 2.937586e-04 -1.432861e-01)) ((1.317834e-02 7.601502e-02 1.982002e-02) (1.015435e-05 1.665925e-03 -3.569257e-04))
4.753333      	((1.107762e-01 -4.382305e-02 -1.286927e+01) (1.982452e-04 3.095741e-04 -1.406622e-01)) ((1.346649e-02 5.672466e-02 2.050699e-02) (7.735346e-06 1.646671e-03 -3.651489e-04))
4.76          	((1.022135e-01 -4.764002e-02 -1.010779e+01) (3.524873e-04 3.313770e-04 -1.377707e-01)) ((1.377710e-02 3.768578e-02 2.109954e-02) (5.183748e-06 1.622468e-03 -3.736615e-04))
4.766667      	((9.257549e-02 -4.570298e-02 -7.311467e+00) (4.962952e-04 3.566053e-04 -1.346227e-01)) ((1.263468e-02 1.802174e-02 2.158877e-02) (2.876249e-06 1.593350e-03 -3.813023e-04))
4.773333      	((8.301393e-02 -5.135396e-02 -4.507488e+00) (6.264726e-04 3.847168e-04 -1.312247e-01)) ((1.318307e-02 -1.838914e-03 2.151913e-02) (1.368158e-06 1.559711e-03 -3.866804e-04))
4.78          	((7.489556e-02 -5.318463e-02 -1.693712e+00) (7.431093e-04 4.129681e-04 -1.275892e-01)) ((1.260629e-02 -2.220172e-02 2.164351e-02) (1.903672e-07 1.522109e-03 -3.911236e-04))
4.786667      	((6.418237e-02 -5.561764e-02 1.128187e+00) (8.486339e-04 4.432061e-04 -1.237352e-01)) ((1.316794e-02 -4.329471e-02 2.220923e-02) (-1.065682e-06 1.480680e-03 -3.939516e-04))
4.793333      	((5.278555e-02 -5.680850e-02 3.951628e+00) (9.432863e-04 4.744828e-04 -1.196749e-01)) ((1.301764e-02 -6.394952e-02 2.222028e-02) (-2.236554e-06 1.435602e-03 -3.969129e-04))
4.8           	((4.517487e-02 -5.866512e-02 6.760678e+00) (1.020519e-03 5.073395e-04 -1.154226e-01)) ((1.302063e-02 -8.424011e-02 2.220071e-02) (-3.719239e-06 1.387126e-03 -3.982419e-04))
4.806667      	((3.521694e-02 -5.807450e-02 9.544451e+00) (1.084636e-03 5.449707e-04 -1.109903e-01)) ((1.313053e-02 -1.046903e-01 2.231382e-02) (-5.314897e-06 1.336133e-03 -3.981179e-04))
4.813333      	((2.453000e-02 -5.868318e-02 1.229941e+01) (1.135437e-03 5.797110e-04 -1.063893e-01)) ((1.311783e-02 -1.255750e-01 2.251388e-02) (-6.336083e-06 1.282807e-03 -3.979419e-04))
4.82          	((1.482657e-02 -6.043133e-02 1.502354e+01) (1.170553e-03 6.126689e-04 -1.016296e-01)) ((1.321635e-02 -1.466376e-01 2.264321e-02) (-7.855884e-06 1.227776e-03 -3.970516e-04))
4.826667      	((7.662506e-03 -5.973718e-02 1.770392e+01) (1.188901e-03 6.414414e-04 -9.672545e-02)) ((1.318749e-02 -1.671855e-01 2.265884e-02) (-9.111357e-06 1.170700e-03 -3.946289e-04))
4.833333      	((2.997909e-04 -5.967797e-02 2.034756e+01) (1.192584e-03 6.697285e-04 -9.168958e-02)) ((1.323119e-02 -1.873693e-01 2.315900e-02) (-1.014700e-05 1.111543e-03 -3.917486e-04))
4.84          	((-9.079470e-03 -5.722096e-02 2.294067e+01) (1.186035e-03 6.966429e-04 -8.652731e-02)) ((1.295849e-02 -2.082422e-01 2.329594e-02) (-1.049669e-05 1.050780e-03 -3.886305e-04))
4.846667      	((-1.874348e-02 -5.318753e-02 2.548139e+01) (1.168959e-03 7.231390e-04 -8.125907e-02)) ((1.235893e-02 -2.283585e-01 2.329729e-02) (-1.002076e-05 9.888924e-04 -3.846700e-04))
4.853333      	((-2.608984e-02 -5.103972e-02 2.796772e+01) (1.140324e-03 7.419058e-04 -7.589994e-02)) ((1.223208e-02 -2.478946e-01 2.332138e-02) (-8.235603e-06 9.258964e-04 -3.804520e-04))
4.86          	((-3.382184e-02 -4.668953e-02 3.038556e+01) (1.098134e-03 7.528946e-04 -7.045202e-02)) ((1.236640e-02 -2.671586e-01 2.321846e-02) (-6.563341e-06 8.620536e-04 -3.762404e-04))
4.866667      	((-3.782847e-02 -4.562564e-02 3.272857e+01) (1.049305e-03 7.593787e-04 -6.492884e-02)) ((1.226397e-02 -2.857704e-01 2.282456e-02) (-5.009069e-06 7.977397e-04 -3.715732e-04))
4.873333      	((-4.426345e-02 -4.315025e-02 3.500562e+01) (9.967805e-04 7.622180e-04 -5.934094e-02)) ((1.218261e-02 -3.045854e-01 2.231258e-02) (-3.729699e-06 7.336118e-04 -3.669621e-04))
4.88          	((-4.997726e-02 -4.141146e-02 3.719553e+01) (9.401472e-04 7.600524e-04 -5.369699e-02)) ((1.217157e-02 -3.227656e-01 2.182841e-02) (-2.209193e-06 6.697463e-04 -3.622407e-04))
4.886667      	((-5.707197e-02 -3.934685e-02 3.929545e+01) (8.814154e-04 7.542979e-04 -4.800863e-02)) ((1.215142e-02 -3.400107e-01 2.078451e-02) (4.837565e-07 6.057651e-04 -3.578146e-04))
4.893333      	((-6.272437e-02 -3.590828e-02 4.131035e+01) (8.173800e-04 7.479638e-04 -4.228687e-02)) ((1.178630e-02 -3.559833e-01 2.032867e-02) (2.458166e-06 5.421983e-04 -3.529038e-04))
4.9           	((-6.644631e-02 -2.874440e-02 4.322458e+01) (7.484822e-04 7.372925e-04 -3.654006e-02)) ((1.069891e-02 -3.715445e-01 2.010206e-02) (4.149335e-06 4.788763e-04 -3.476397e-04))
4.906667      	((-6.930495e-02 -2.584286e-02 4.504043e+01) (6.756610e-04 7.211182e-04 -3.077764e-02)) ((1.021446e-02 -3.859100e-01 1.977797e-02) (6.563317e-06 4.154237e-04 -3.430256e-04))
4.913333      	((-6.941785e-02 -2.911865e-02 4.676701e+01) (5.963036e-04 7.080445e-04 -2.501110e-02)) ((1.038256e-02 -4.000569e-01 1.879685e-02) (8.794015e-06 3.520349e-04 -3.385145e-04))
4.92          	((-7.191005e-02 -2.734608e-02 4.839904e+01) (5.139372e-04 6.915805e-04 -1.924681e-02)) ((1.050036e-02 -4.130471e-01 1.784427e-02) (1.031065e-05 2.890249e-04 -3.338514e-04))
4.926667      	((-7.672418e-02 -2.067579e-02 4.992372e+01) (4.304539e-04 6.708766e-04 -1.349261e-02)) ((9.639280e-03 -4.252813e-01 1.713636e-02) (1.120203e-05 2.259635e-04 -3.288896e-04))
4.933333      	((-8.232926e-02 -1.817999e-02 5.133322e+01) (3.466186e-04 6.516958e-04 -7.758728e-03)) ((9.615601e-03 -4.376048e-01 1.614030e-02) (1.158123e-05 1.622417e-04 -3.232197e-04))
4.94          	((-8.410590e-02 -1.976377e-02 5.265223e+01) (2.611947e-04 6.327943e-04 -2.053878e-03)) ((9.260945e-03 -4.473702e-01 1.506901e-02) (1.215264e-05 9.843130e-05 -3.167618e-04))
4.946667      	((-8.461272e-02 -1.070159e-02 5.388485e+01) (1.751192e-04 6.103310e-04 3.620177e-03)) ((9.365360e-03 -4.574772e-01 1.420708e-02) (1.180404e-05 3.414638e-05 -3.108208e-04))
4.953333      	((-8.670036e-02 -7.092569e-03 5.498659e+01) (8.426945e-05 5.824752e-04 9.256971e-03)) ((9.261569e-03 -4.665180e-01 1.337916e-02) (1.143447e-05 -3.048314e-05 -3.059979e-04))
4.96          	((-9.776786e-02 -1.090573e-02 5.600682e+01) (-1.087309e-05 5.540908e-04 1.485883e-02)) ((1.060324e-02 -4.753981e-01 1.145493e-02) (1.109307e-05 -9.544324e-05 -3.019200e-04))
4.966667      	((-1.033296e-01 -4.921136e-03 5.693750e+01) (-1.048599e-04 5.253088e-04 2.042930e-02)) ((8.524331e-03 -4.832853e-01 1.111058e-02) (1.180777e-05 -1.606694e-04 -2.992349e-04))
4.973333      	((-1.133445e-01 -4.840041e-03 5.773224e+01) (-2.025043e-04 4.914089e-04 2.596505e-02)) ((1.043391e-02 -4.893035e-01 1.103193e-02) (1.332350e-05 -2.254754e-04 -2.977678e-04))
4.98          	((-1.210251e-01 3.524132e-03 5.846058e+01) (-3.042785e-04 4.568966e-04 3.146445e-02)) ((9.378028e-03 -4.949541e-01 8.915052e-03) (1.431428e-05 -2.891543e-04 -2.967827e-04))
4.986667      	((-1.278145e-01 4.050219e-03 5.908603e+01) (-4.048644e-04 4.236815e-04 3.692567e-02)) ((9.313795e-03 -4.997046e-01 8.918767e-03) (1.430314e-05 -3.516825e-04 -2.970870e-04))
4.993333      	((-1.404045e-01 -6.115422e-04 5.963512e+01) (-5.126246e-04 3.917133e-04 4.234928e-02)) ((8.857614e-03 -5.034376e-01 7.333569e-03) (1.469975e-05 -4.133874e-04 -2.994434e-04))
5             	((-1.470328e-01 7.947397e-03 6.012256e+01) (-6.292630e-04 3.610084e-04 4.774120e-02)) ((7.310891e-03 -5.056778e-01 6.754459e-03) (1.527238e-05 -4.741997e-04 -3.027700e-04))
