# Forces      
# CofR        : (2.875000e-01 1.270000e-01 2.286000e-01)
# Time        forces(pressure viscous)	moments(pressure viscous)
0             	((0.000000e+00 0.000000e+00 0.000000e+00) (-9.378175e-05 -6.041586e-03 1.108063e+00)) ((0.000000e+00 0.000000e+00 0.000000e+00) (2.411893e-02 8.962598e-04 8.066945e-05))
1             	((3.174727e-02 -6.449562e-01 1.624814e+01) (-2.286859e-04 -6.877773e-03 1.188904e+00)) ((1.749114e-01 1.178715e-02 -1.128338e-02) (2.575216e-02 1.004478e-03 9.908623e-05))
2             	((2.670156e-02 -1.371203e+00 3.490194e+01) (-2.049928e-04 -8.266918e-03 1.240267e+00)) ((3.387192e-01 1.891255e-02 -2.545214e-02) (2.687164e-02 1.012552e-03 1.852771e-04))
3             	((-4.181973e-02 -1.854038e+00 4.590335e+01) (3.058641e-04 -6.978563e-03 1.252061e+00)) ((4.039812e-01 2.490353e-02 -3.481902e-02) (2.729156e-02 9.734974e-04 2.713089e-04))
4             	((-9.176036e-02 -1.869508e+00 4.464844e+01) (5.227066e-04 -4.793591e-03 1.238575e+00)) ((3.475932e-01 2.373406e-02 -3.450589e-02) (2.736686e-02 8.477854e-04 3.193494e-04))
5             	((-1.309273e-01 -1.617661e+00 3.609863e+01) (6.971470e-04 -3.095582e-03 1.217953e+00)) ((2.287667e-01 2.468671e-02 -2.453150e-02) (2.739784e-02 8.977262e-04 3.877752e-04))
6             	((-2.014102e-01 -1.532958e+00 2.365152e+01) (9.782332e-04 -1.827898e-03 1.199699e+00)) ((8.382206e-02 3.392650e-02 -7.581775e-03) (2.750947e-02 1.007926e-03 3.693564e-04))
7             	((-1.717168e-01 -1.206018e+00 1.686094e+01) (9.950553e-04 -6.399109e-04 1.188979e+00)) ((-5.786873e-03 3.367113e-02 4.412439e-03) (2.778269e-02 1.036537e-03 2.691624e-04))
8             	((-1.203489e-01 -8.115743e-01 1.527148e+01) (1.094078e-03 8.383287e-05 1.184665e+00)) ((-5.065530e-02 2.638167e-02 1.346782e-02) (2.815424e-02 1.016564e-03 1.750602e-04))
9             	((-6.089341e-02 -4.037490e-01 1.766428e+01) (9.610978e-04 8.907291e-04 1.181441e+00)) ((-6.627543e-02 1.679149e-02 1.976931e-02) (2.849854e-02 1.062539e-03 1.279667e-04))
10            	((-7.073606e-03 5.115812e-02 2.198498e+01) (8.393532e-04 1.874545e-03 1.175490e+00)) ((-7.619723e-02 7.327747e-03 2.678321e-02) (2.867097e-02 1.055595e-03 1.198548e-04))
11            	((1.788004e-02 4.343582e-01 2.605743e+01) (9.022108e-04 2.959406e-03 1.165350e+00)) ((-9.493157e-02 2.941532e-03 3.337598e-02) (2.866995e-02 1.052497e-03 1.285841e-04))
12            	((7.159745e-03 5.782731e-01 2.826661e+01) (9.029152e-04 4.244603e-03 1.151482e+00)) ((-1.224670e-01 8.084267e-03 3.490741e-02) (2.854024e-02 1.023601e-03 1.293556e-04))
13            	((-3.842447e-02 4.957439e-01 2.812957e+01) (1.050489e-03 5.721384e-03 1.135045e+00)) ((-1.487773e-01 2.157408e-02 3.165648e-02) (2.836542e-02 1.011830e-03 1.187128e-04))
14            	((-1.056810e-01 3.659333e-01 2.650527e+01) (1.141957e-03 7.319527e-03 1.117932e+00)) ((-1.702541e-01 3.418735e-02 2.671246e-02) (2.821110e-02 1.027267e-03 9.408625e-05))
15            	((-1.832163e-01 2.878837e-01 2.446821e+01) (1.176533e-03 8.937905e-03 1.101095e+00)) ((-1.884833e-01 4.126411e-02 2.179133e-02) (2.809894e-02 1.005138e-03 8.202717e-05))
16            	((-2.522459e-01 3.363242e-01 2.274696e+01) (1.228625e-03 1.054465e-02 1.085129e+00)) ((-2.042736e-01 4.024262e-02 1.908537e-02) (2.799327e-02 9.890606e-04 5.526931e-05))
17            	((-3.008550e-01 6.196449e-01 2.135035e+01) (1.269918e-03 1.203283e-02 1.070356e+00)) ((-2.182973e-01 2.757793e-02 2.065891e-02) (2.789051e-02 9.676426e-04 1.662724e-05))
18            	((-3.134187e-01 8.586792e-01 2.133499e+01) (1.178976e-03 1.331679e-02 1.056405e+00)) ((-2.322040e-01 1.630270e-02 2.459781e-02) (2.777173e-02 9.525178e-04 8.547345e-06))
19            	((-2.959222e-01 1.229019e+00 2.184899e+01) (1.180731e-03 1.444259e-02 1.042641e+00)) ((-2.488252e-01 -2.752024e-04 3.165284e-02) (2.756996e-02 9.468344e-04 1.061213e-05))
20            	((-2.972260e-01 1.391971e+00 2.239303e+01) (1.175113e-03 1.558356e-02 1.028977e+00)) ((-2.594974e-01 -6.924708e-03 3.473012e-02) (2.730671e-02 9.270391e-04 2.043741e-05))
21            	((-3.040323e-01 1.496847e+00 2.282840e+01) (1.171810e-03 1.672244e-02 1.015274e+00)) ((-2.664520e-01 -8.670706e-03 3.517869e-02) (2.700154e-02 9.085178e-04 3.305498e-05))
22            	((-3.171732e-01 1.567762e+00 2.303666e+01) (1.140704e-03 1.781288e-02 1.001847e+00)) ((-2.681041e-01 -5.581184e-03 3.230484e-02) (2.667207e-02 8.758891e-04 3.695084e-05))
23            	((-3.321638e-01 1.649926e+00 2.299529e+01) (1.150041e-03 1.884578e-02 9.887460e-01)) ((-2.639035e-01 6.794960e-04 2.698527e-02) (2.632033e-02 8.466115e-04 3.596538e-05))
24            	((-3.411644e-01 1.777476e+00 2.276919e+01) (1.198440e-03 1.985957e-02 9.761749e-01)) ((-2.557375e-01 6.510810e-03 2.110281e-02) (2.595870e-02 8.066462e-04 3.219132e-05))
25            	((-3.403614e-01 1.957748e+00 2.245724e+01) (1.291604e-03 2.084610e-02 9.642081e-01)) ((-2.468020e-01 9.000608e-03 1.670752e-02) (2.559264e-02 7.590527e-04 2.611134e-05))
26            	((-3.341293e-01 2.176529e+00 2.214127e+01) (1.360440e-03 2.180979e-02 9.527721e-01)) ((-2.388814e-01 7.027487e-03 1.433626e-02) (2.523720e-02 7.174994e-04 1.310215e-05))
27            	((-3.247703e-01 2.404122e+00 2.186850e+01) (1.409296e-03 2.280439e-02 9.417529e-01)) ((-2.319666e-01 1.373394e-03 1.357151e-02) (2.488228e-02 6.782986e-04 -4.856784e-06))
28            	((-3.140778e-01 2.609751e+00 2.165393e+01) (1.447201e-03 2.379731e-02 9.311292e-01)) ((-2.257075e-01 -5.632346e-03 1.384924e-02) (2.452601e-02 6.378458e-04 -2.671489e-05))
29            	((-3.060773e-01 2.772240e+00 2.148840e+01) (1.473451e-03 2.482747e-02 9.207833e-01)) ((-2.201138e-01 -1.193941e-02 1.472197e-02) (2.416364e-02 6.041263e-04 -5.271624e-05))
30            	((-3.027534e-01 2.890667e+00 2.135121e+01) (1.501750e-03 2.591236e-02 9.106869e-01)) ((-2.156683e-01 -1.616649e-02 1.591523e-02) (2.379393e-02 5.823692e-04 -7.755635e-05))
31            	((-3.028310e-01 2.973067e+00 2.122566e+01) (1.530740e-03 2.706877e-02 9.007999e-01)) ((-2.132707e-01 -1.803377e-02 1.723543e-02) (2.342235e-02 5.680712e-04 -1.009177e-04))
32            	((-3.035234e-01 3.029712e+00 2.110491e+01) (1.579456e-03 2.825967e-02 8.911317e-01)) ((-2.138503e-01 -1.797431e-02 1.840559e-02) (2.305687e-02 5.551367e-04 -1.248073e-04))
33            	((-3.027679e-01 3.074556e+00 2.098768e+01) (1.654148e-03 2.946443e-02 8.817712e-01)) ((-2.176121e-01 -1.701112e-02 1.882614e-02) (2.269828e-02 5.375602e-04 -1.363635e-04))
34            	((-3.010327e-01 3.117810e+00 2.087270e+01) (1.762728e-03 3.064485e-02 8.726917e-01)) ((-2.236334e-01 -1.611564e-02 1.818409e-02) (2.234975e-02 5.190090e-04 -1.497938e-04))
35            	((-2.958882e-01 3.163174e+00 2.075747e+01) (1.846943e-03 3.180581e-02 8.639022e-01)) ((-2.302939e-01 -1.580850e-02 1.711886e-02) (2.200953e-02 5.020145e-04 -1.636565e-04))
36            	((-2.855095e-01 3.205735e+00 2.063817e+01) (1.920357e-03 3.290381e-02 8.554159e-01)) ((-2.358257e-01 -1.613366e-02 1.636180e-02) (2.167877e-02 4.924240e-04 -1.724697e-04))
37            	((-2.690373e-01 3.237285e+00 2.050984e+01) (1.938265e-03 3.394124e-02 8.471801e-01)) ((-2.386917e-01 -1.714231e-02 1.618957e-02) (2.135496e-02 4.926564e-04 -1.796552e-04))
38            	((-2.467496e-01 3.248560e+00 2.036822e+01) (1.929370e-03 3.493610e-02 8.391404e-01)) ((-2.381603e-01 -1.931697e-02 1.665001e-02) (2.103493e-02 5.008203e-04 -1.871251e-04))
39            	((-2.225553e-01 3.230998e+00 2.021175e+01) (1.898593e-03 3.589647e-02 8.312892e-01)) ((-2.342222e-01 -2.284042e-02 1.767797e-02) (2.071992e-02 5.126080e-04 -1.909558e-04))
40            	((-1.988224e-01 3.181518e+00 2.004255e+01) (1.795159e-03 3.679467e-02 8.236148e-01)) ((-2.268090e-01 -2.749223e-02 1.912030e-02) (2.041220e-02 5.286179e-04 -1.897764e-04))
41            	((-1.767521e-01 3.103356e+00 1.986495e+01) (1.707099e-03 3.762219e-02 8.161043e-01)) ((-2.169111e-01 -3.252614e-02 2.045606e-02) (2.011390e-02 5.475918e-04 -1.891610e-04))
42            	((-1.574176e-01 3.001230e+00 1.968670e+01) (1.595751e-03 3.835139e-02 8.087355e-01)) ((-2.058277e-01 -3.717599e-02 2.167325e-02) (1.982109e-02 5.652012e-04 -1.928377e-04))
43            	((-1.383182e-01 2.880364e+00 1.951813e+01) (1.464000e-03 3.897813e-02 8.015455e-01)) ((-1.946739e-01 -4.057837e-02 2.263931e-02) (1.953705e-02 5.801448e-04 -1.937891e-04))
44            	((-1.186061e-01 2.746398e+00 1.936578e+01) (1.321703e-03 3.954479e-02 7.945479e-01)) ((-1.839540e-01 -4.266941e-02 2.348338e-02) (1.925096e-02 5.918925e-04 -1.926602e-04))
45            	((-9.953043e-02 2.603201e+00 1.923160e+01) (1.136517e-03 4.006069e-02 7.877594e-01)) ((-1.733472e-01 -4.360480e-02 2.440019e-02) (1.896862e-02 5.967242e-04 -1.908444e-04))
46            	((-8.281692e-02 2.452512e+00 1.911329e+01) (9.528080e-04 4.054859e-02 7.810845e-01)) ((-1.621433e-01 -4.370008e-02 2.547812e-02) (1.869007e-02 5.996662e-04 -1.911609e-04))
47            	((-7.071770e-02 2.295163e+00 1.900718e+01) (7.875347e-04 4.100432e-02 7.745234e-01)) ((-1.494887e-01 -4.329741e-02 2.652911e-02) (1.841428e-02 6.017333e-04 -1.880437e-04))
48            	((-6.357214e-02 2.136184e+00 1.890901e+01) (6.329241e-04 4.138622e-02 7.680509e-01)) ((-1.345079e-01 -4.318185e-02 2.735479e-02) (1.814037e-02 6.054753e-04 -1.821845e-04))
49            	((-6.253186e-02 1.980096e+00 1.881377e+01) (4.849697e-04 4.172927e-02 7.617158e-01)) ((-1.172401e-01 -4.382195e-02 2.777121e-02) (1.786993e-02 6.089411e-04 -1.719136e-04))
50            	((-6.835760e-02 1.826850e+00 1.871819e+01) (3.430817e-04 4.203962e-02 7.555040e-01)) ((-9.809526e-02 -4.567004e-02 2.777232e-02) (1.760098e-02 6.057381e-04 -1.584885e-04))
51            	((-8.010219e-02 1.674315e+00 1.861953e+01) (2.277389e-04 4.230341e-02 7.493933e-01)) ((-7.811416e-02 -4.867268e-02 2.763846e-02) (1.733178e-02 5.979337e-04 -1.412850e-04))
52            	((-9.551340e-02 1.519636e+00 1.851507e+01) (1.275678e-04 4.251302e-02 7.433952e-01)) ((-5.832082e-02 -5.232247e-02 2.753334e-02) (1.706302e-02 5.861320e-04 -1.156193e-04))
53            	((-1.138470e-01 1.361936e+00 1.840490e+01) (7.463452e-05 4.265376e-02 7.374833e-01)) ((-3.957559e-02 -5.578891e-02 2.776587e-02) (1.679797e-02 5.775310e-04 -8.681769e-05))
54            	((-1.338702e-01 1.201556e+00 1.829018e+01) (3.062338e-05 4.271778e-02 7.316611e-01)) ((-2.261485e-02 -5.847097e-02 2.845149e-02) (1.654095e-02 5.730417e-04 -5.358454e-05))
55            	((-1.550968e-01 1.040339e+00 1.817241e+01) (2.535569e-05 4.269190e-02 7.259616e-01)) ((-7.861911e-03 -6.027296e-02 2.959787e-02) (1.629536e-02 5.726811e-04 -1.582464e-05))
56            	((-1.766244e-01 8.806668e-01 1.805429e+01) (5.197930e-05 4.259528e-02 7.203678e-01)) ((4.684455e-03 -6.139359e-02 3.109678e-02) (1.605317e-02 5.768010e-04 2.132802e-05))
57            	((-1.978170e-01 7.256264e-01 1.793881e+01) (1.256650e-04 4.245518e-02 7.148979e-01)) ((1.534321e-02 -6.218419e-02 3.279160e-02) (1.581560e-02 5.850349e-04 5.469565e-05))
58            	((-2.180662e-01 5.789501e-01 1.782866e+01) (2.113211e-04 4.226874e-02 7.095301e-01)) ((2.438035e-02 -6.297910e-02 3.438829e-02) (1.558470e-02 6.007471e-04 8.575878e-05))
59            	((-2.373903e-01 4.437027e-01 1.772344e+01) (3.089767e-04 4.207756e-02 7.042925e-01)) ((3.198709e-02 -6.384926e-02 3.567706e-02) (1.536081e-02 6.161216e-04 1.165486e-04))
60            	((-2.549467e-01 3.233885e-01 1.762038e+01) (3.999057e-04 4.188731e-02 6.991557e-01)) ((3.819924e-02 -6.475005e-02 3.658145e-02) (1.513898e-02 6.372191e-04 1.489620e-04))
61            	((-2.699975e-01 2.205300e-01 1.751722e+01) (4.750868e-04 4.170391e-02 6.940983e-01)) ((4.298703e-02 -6.570459e-02 3.721060e-02) (1.491817e-02 6.611872e-04 1.819319e-04))
62            	((-2.811853e-01 1.370228e-01 1.741433e+01) (5.415819e-04 4.152523e-02 6.891401e-01)) ((4.641781e-02 -6.678868e-02 3.787687e-02) (1.470254e-02 6.924777e-04 2.116795e-04))
63            	((-2.895244e-01 7.442304e-02 1.731265e+01) (5.958181e-04 4.134643e-02 6.842879e-01)) ((4.852749e-02 -6.787074e-02 3.893378e-02) (1.449233e-02 7.271559e-04 2.464157e-04))
64            	((-2.950727e-01 3.169067e-02 1.721240e+01) (6.070246e-04 4.114380e-02 6.795356e-01)) ((4.955604e-02 -6.880682e-02 4.032463e-02) (1.429387e-02 7.697905e-04 2.837244e-04))
65            	((-2.974470e-01 6.371156e-03 1.711389e+01) (5.883569e-04 4.090899e-02 6.748825e-01)) ((4.984333e-02 -6.959801e-02 4.170265e-02) (1.410120e-02 8.080180e-04 3.203806e-04))
66            	((-2.966456e-01 -4.253789e-03 1.701622e+01) (5.552498e-04 4.065118e-02 6.703200e-01)) ((4.961199e-02 -7.002751e-02 4.269908e-02) (1.391330e-02 8.457610e-04 3.553427e-04))
67            	((-2.927036e-01 -2.316609e-03 1.691911e+01) (5.030578e-04 4.035349e-02 6.658317e-01)) ((4.900354e-02 -7.002993e-02 4.310487e-02) (1.373013e-02 8.823507e-04 3.864907e-04))
68            	((-2.855197e-01 1.163553e-02 1.682292e+01) (4.195114e-04 4.002450e-02 6.614484e-01)) ((4.812946e-02 -6.982016e-02 4.304163e-02) (1.355650e-02 9.168384e-04 4.169552e-04))
69            	((-2.748018e-01 3.672397e-02 1.672881e+01) (3.230945e-04 3.968661e-02 6.571458e-01)) ((4.700729e-02 -6.972473e-02 4.267034e-02) (1.339264e-02 9.504106e-04 4.464105e-04))
70            	((-2.610152e-01 7.245933e-02 1.663728e+01) (2.157204e-04 3.934187e-02 6.529417e-01)) ((4.548251e-02 -6.963919e-02 4.217172e-02) (1.323463e-02 9.819989e-04 4.701172e-04))
71            	((-2.446443e-01 1.169598e-01 1.654850e+01) (6.497458e-05 3.901579e-02 6.488109e-01)) ((4.327188e-02 -6.937649e-02 4.169329e-02) (1.308355e-02 1.008271e-03 4.881247e-04))
72            	((-2.250589e-01 1.684933e-01 1.646314e+01) (-7.837814e-05 3.870706e-02 6.447597e-01)) ((4.022297e-02 -6.885122e-02 4.125420e-02) (1.294243e-02 1.031905e-03 5.013468e-04))
73            	((-2.047475e-01 2.276913e-01 1.638051e+01) (-2.376375e-04 3.842372e-02 6.407763e-01)) ((3.613778e-02 -6.773760e-02 4.103917e-02) (1.281162e-02 1.053132e-03 5.081968e-04))
74            	((-1.838299e-01 2.919750e-01 1.630139e+01) (-3.961465e-04 3.818528e-02 6.368471e-01)) ((3.092765e-02 -6.614377e-02 4.091172e-02) (1.268614e-02 1.074594e-03 5.128719e-04))
75            	((-1.615374e-01 3.584940e-01 1.622563e+01) (-5.491014e-04 3.796729e-02 6.329919e-01)) ((2.462067e-02 -6.428650e-02 4.079226e-02) (1.256367e-02 1.094751e-03 5.137341e-04))
76            	((-1.382302e-01 4.257683e-01 1.615268e+01) (-7.166049e-04 3.778589e-02 6.292151e-01)) ((1.750676e-02 -6.225932e-02 4.078789e-02) (1.244743e-02 1.113967e-03 5.132462e-04))
77            	((-1.134952e-01 4.932200e-01 1.608119e+01) (-9.107618e-04 3.764463e-02 6.255204e-01)) ((1.003004e-02 -6.014598e-02 4.093870e-02) (1.233540e-02 1.136435e-03 5.074014e-04))
78            	((-8.751421e-02 5.587889e-01 1.601037e+01) (-1.106652e-03 3.754871e-02 6.218894e-01)) ((2.612623e-03 -5.797250e-02 4.146252e-02) (1.222629e-02 1.156671e-03 4.959377e-04))
79            	((-5.982807e-02 6.211536e-01 1.593984e+01) (-1.274461e-03 3.748308e-02 6.183297e-01)) ((-4.294642e-03 -5.578258e-02 4.243641e-02) (1.211882e-02 1.174304e-03 4.799331e-04))
80            	((-3.268088e-02 6.781122e-01 1.587017e+01) (-1.411994e-03 3.745951e-02 6.148253e-01)) ((-1.043045e-02 -5.342388e-02 4.412581e-02) (1.201573e-02 1.193583e-03 4.581415e-04))
81            	((-7.406055e-03 7.253775e-01 1.580300e+01) (-1.538875e-03 3.747547e-02 6.113610e-01)) ((-1.534378e-02 -5.110372e-02 4.651964e-02) (1.191932e-02 1.208996e-03 4.346323e-04))
82            	((1.542052e-02 7.630341e-01 1.574006e+01) (-1.648409e-03 3.750151e-02 6.079696e-01)) ((-1.891318e-02 -4.911936e-02 4.937720e-02) (1.182850e-02 1.219254e-03 4.084828e-04))
83            	((3.510513e-02 7.909698e-01 1.568198e+01) (-1.750878e-03 3.755689e-02 6.046121e-01)) ((-2.122479e-02 -4.767588e-02 5.243667e-02) (1.174295e-02 1.228335e-03 3.740717e-04))
84            	((5.040671e-02 8.080140e-01 1.562830e+01) (-1.849888e-03 3.761902e-02 6.012815e-01)) ((-2.258927e-02 -4.679003e-02 5.560181e-02) (1.165775e-02 1.231713e-03 3.354467e-04))
85            	((6.149017e-02 8.138445e-01 1.557859e+01) (-1.955776e-03 3.769357e-02 5.980196e-01)) ((-2.340260e-02 -4.659217e-02 5.862148e-02) (1.157600e-02 1.231428e-03 2.955442e-04))
86            	((6.904922e-02 8.088427e-01 1.553234e+01) (-2.068640e-03 3.775809e-02 5.948198e-01)) ((-2.398850e-02 -4.688099e-02 6.129597e-02) (1.149598e-02 1.225707e-03 2.605984e-04))
87            	((7.367822e-02 7.942389e-01 1.548918e+01) (-2.194143e-03 3.782918e-02 5.916979e-01)) ((-2.458855e-02 -4.736710e-02 6.348332e-02) (1.141977e-02 1.215663e-03 2.279818e-04))
88            	((7.616119e-02 7.721495e-01 1.544851e+01) (-2.346222e-03 3.788609e-02 5.886556e-01)) ((-2.539565e-02 -4.784218e-02 6.514419e-02) (1.134725e-02 1.198904e-03 2.004858e-04))
89            	((7.835627e-02 7.448807e-01 1.540953e+01) (-2.513900e-03 3.793249e-02 5.856716e-01)) ((-2.655589e-02 -4.817848e-02 6.636062e-02) (1.127775e-02 1.183325e-03 1.746549e-04))
90            	((8.139563e-02 7.150075e-01 1.537095e+01) (-2.672122e-03 3.796575e-02 5.827761e-01)) ((-2.805351e-02 -4.842938e-02 6.726626e-02) (1.121205e-02 1.162903e-03 1.497917e-04))
91            	((8.578169e-02 6.838721e-01 1.533150e+01) (-2.842571e-03 3.799856e-02 5.799674e-01)) ((-2.972185e-02 -4.865238e-02 6.793664e-02) (1.115048e-02 1.137564e-03 1.226115e-04))
92            	((9.131956e-02 6.512942e-01 1.529032e+01) (-3.009510e-03 3.802446e-02 5.772488e-01)) ((-3.136581e-02 -4.891318e-02 6.838100e-02) (1.109445e-02 1.109584e-03 9.505170e-05))
93            	((9.706456e-02 6.165693e-01 1.524714e+01) (-3.156120e-03 3.804668e-02 5.746273e-01)) ((-3.264021e-02 -4.905720e-02 6.867557e-02) (1.104490e-02 1.081535e-03 6.762267e-05))
94            	((1.012146e-01 5.784854e-01 1.520247e+01) (-3.286288e-03 3.804588e-02 5.720900e-01)) ((-3.324501e-02 -4.893045e-02 6.879855e-02) (1.099910e-02 1.052757e-03 4.179760e-05))
95            	((1.024236e-01 5.363772e-01 1.515765e+01) (-3.405936e-03 3.804292e-02 5.696080e-01)) ((-3.306189e-02 -4.846273e-02 6.863215e-02) (1.095899e-02 1.027882e-03 1.705417e-05))
96            	((1.000429e-01 4.911078e-01 1.511408e+01) (-3.514129e-03 3.802650e-02 5.671934e-01)) ((-3.216567e-02 -4.765606e-02 6.811737e-02) (1.092651e-02 1.009005e-03 -5.481668e-06))
97            	((9.460974e-02 4.436403e-01 1.507267e+01) (-3.592514e-03 3.798735e-02 5.648426e-01)) ((-3.070933e-02 -4.645217e-02 6.718069e-02) (1.089995e-02 9.938650e-04 -2.839169e-05))
98            	((8.715363e-02 3.937303e-01 1.503388e+01) (-3.650271e-03 3.792141e-02 5.625581e-01)) ((-2.885304e-02 -4.479463e-02 6.580369e-02) (1.087708e-02 9.846064e-04 -5.038617e-05))
99            	((7.898532e-02 3.420390e-01 1.499751e+01) (-3.702397e-03 3.784268e-02 5.603060e-01)) ((-2.671308e-02 -4.268644e-02 6.397896e-02) (1.086068e-02 9.747166e-04 -7.120875e-05))
100           	((7.172437e-02 2.890004e-01 1.496290e+01) (-3.721793e-03 3.774567e-02 5.581180e-01)) ((-2.439580e-02 -4.017331e-02 6.172855e-02) (1.084867e-02 9.664004e-04 -9.125598e-05))
101           	((6.615141e-02 2.356344e-01 1.492914e+01) (-3.727476e-03 3.762930e-02 5.559535e-01)) ((-2.200353e-02 -3.734728e-02 5.913564e-02) (1.083797e-02 9.592940e-04 -1.120143e-04))
102           	((6.247328e-02 1.825440e-01 1.489547e+01) (-3.713229e-03 3.750335e-02 5.538260e-01)) ((-1.961014e-02 -3.440654e-02 5.617643e-02) (1.082947e-02 9.518200e-04 -1.298203e-04))
103           	((6.051746e-02 1.307373e-01 1.486119e+01) (-3.692405e-03 3.737468e-02 5.516990e-01)) ((-1.730816e-02 -3.158249e-02 5.290230e-02) (1.082097e-02 9.414463e-04 -1.454964e-04))
104           	((5.981892e-02 8.243608e-02 1.482613e+01) (-3.676744e-03 3.723612e-02 5.495914e-01)) ((-1.517574e-02 -2.916160e-02 4.948709e-02) (1.080565e-02 9.369945e-04 -1.595381e-04))
105           	((5.979173e-02 3.939821e-02 1.479055e+01) (-3.663592e-03 3.712184e-02 5.474964e-01)) ((-1.332413e-02 -2.732971e-02 4.622710e-02) (1.078589e-02 9.304094e-04 -1.733147e-04))
106           	((6.021719e-02 3.252851e-03 1.475458e+01) (-3.644744e-03 3.700217e-02 5.454231e-01)) ((-1.180269e-02 -2.615755e-02 4.330177e-02) (1.076035e-02 9.250946e-04 -1.859604e-04))
107           	((6.048506e-02 -2.572843e-02 1.471803e+01) (-3.629772e-03 3.689497e-02 5.433516e-01)) ((-1.067159e-02 -2.563045e-02 4.080279e-02) (1.072871e-02 9.239584e-04 -1.983662e-04))
108           	((5.976417e-02 -4.840252e-02 1.468078e+01) (-3.627335e-03 3.681167e-02 5.413157e-01)) ((-9.968937e-03 -2.571954e-02 3.871745e-02) (1.069016e-02 9.231052e-04 -2.087343e-04))
109           	((5.724847e-02 -6.540955e-02 1.464276e+01) (-3.626008e-03 3.673664e-02 5.393199e-01)) ((-9.704634e-03 -2.635806e-02 3.698691e-02) (1.064582e-02 9.247223e-04 -2.170553e-04))
110           	((5.262538e-02 -7.803055e-02 1.460432e+01) (-3.647328e-03 3.667289e-02 5.373666e-01)) ((-9.854549e-03 -2.739575e-02 3.544968e-02) (1.059541e-02 9.298629e-04 -2.245286e-04))
111           	((4.563981e-02 -8.565115e-02 1.456502e+01) (-3.688817e-03 3.665401e-02 5.354228e-01)) ((-1.052242e-02 -2.885310e-02 3.414229e-02) (1.053965e-02 9.312117e-04 -2.256823e-04))
112           	((3.712296e-02 -8.890751e-02 1.452478e+01) (-3.742836e-03 3.666171e-02 5.335295e-01)) ((-1.177418e-02 -3.066718e-02 3.311084e-02) (1.047960e-02 9.320266e-04 -2.256761e-04))
113           	((2.773616e-02 -8.927188e-02 1.448349e+01) (-3.809425e-03 3.668430e-02 5.316707e-01)) ((-1.360179e-02 -3.278018e-02 3.233574e-02) (1.041251e-02 9.333523e-04 -2.221567e-04))
114           	((1.827073e-02 -8.814554e-02 1.444143e+01) (-3.886515e-03 3.673015e-02 5.298545e-01)) ((-1.594401e-02 -3.510922e-02 3.179147e-02) (1.034336e-02 9.339453e-04 -2.162058e-04))
115           	((9.191459e-03 -8.570199e-02 1.439893e+01) (-3.959650e-03 3.677442e-02 5.280991e-01)) ((-1.871396e-02 -3.755678e-02 3.138489e-02) (1.027078e-02 9.351294e-04 -2.102989e-04))
116           	((5.717976e-04 -8.143799e-02 1.435624e+01) (-4.023801e-03 3.682808e-02 5.263990e-01)) ((-2.181772e-02 -4.001285e-02 3.100797e-02) (1.019576e-02 9.393793e-04 -2.032174e-04))
117           	((-7.803821e-03 -7.489916e-02 1.431349e+01) (-4.087634e-03 3.688190e-02 5.247443e-01)) ((-2.515558e-02 -4.239171e-02 3.063629e-02) (1.011807e-02 9.453691e-04 -1.950864e-04))
118           	((-1.630101e-02 -6.606656e-02 1.427119e+01) (-4.136627e-03 3.695917e-02 5.231592e-01)) ((-2.865101e-02 -4.463813e-02 3.024092e-02) (1.003831e-02 9.525341e-04 -1.872710e-04))
119           	((-2.588207e-02 -5.693734e-02 1.423282e+01) (-4.199334e-03 3.704648e-02 5.216530e-01)) ((-3.192696e-02 -4.673159e-02 2.998971e-02) (9.957286e-03 9.595527e-04 -1.786506e-04))
120           	((-3.623554e-02 -4.685188e-02 1.419743e+01) (-4.241772e-03 3.713582e-02 5.201699e-01)) ((-3.514133e-02 -4.857056e-02 2.991663e-02) (9.874487e-03 9.701010e-04 -1.688577e-04))
121           	((-4.665791e-02 -3.541846e-02 1.416386e+01) (-4.272603e-03 3.723220e-02 5.187142e-01)) ((-3.842559e-02 -5.013470e-02 3.001888e-02) (9.788209e-03 9.790396e-04 -1.586642e-04))
122           	((-5.713339e-02 -2.190597e-02 1.413117e+01) (-4.292492e-03 3.733748e-02 5.172944e-01)) ((-4.182468e-02 -5.142587e-02 3.026272e-02) (9.698146e-03 9.882367e-04 -1.494012e-04))
123           	((-6.785859e-02 -6.392452e-03 1.409904e+01) (-4.312798e-03 3.744108e-02 5.159006e-01)) ((-4.538594e-02 -5.248265e-02 3.068254e-02) (9.602343e-03 9.958233e-04 -1.394614e-04))
124           	((-7.852947e-02 1.089799e-02 1.406770e+01) (-4.313258e-03 3.756007e-02 5.145343e-01)) ((-4.911837e-02 -5.334674e-02 3.125125e-02) (9.502565e-03 1.006563e-03 -1.302426e-04))
125           	((-8.884711e-02 2.920481e-02 1.403760e+01) (-4.322376e-03 3.767354e-02 5.131791e-01)) ((-5.296294e-02 -5.407937e-02 3.196277e-02) (9.396735e-03 1.017332e-03 -1.198200e-04))
126           	((-9.846229e-02 4.909743e-02 1.400898e+01) (-4.322513e-03 3.778489e-02 5.118131e-01)) ((-5.678480e-02 -5.471526e-02 3.270826e-02) (9.287232e-03 1.031983e-03 -1.112219e-04))
127           	((-1.072392e-01 7.079266e-02 1.398198e+01) (-4.312309e-03 3.789724e-02 5.104610e-01)) ((-6.050959e-02 -5.528775e-02 3.340311e-02) (9.173685e-03 1.047944e-03 -1.028193e-04))
128           	((-1.150744e-01 9.378534e-02 1.395648e+01) (-4.309557e-03 3.802114e-02 5.090955e-01)) ((-6.409242e-02 -5.571215e-02 3.404838e-02) (9.055084e-03 1.063343e-03 -9.392379e-05))
129           	((-1.214181e-01 1.174655e-01 1.393232e+01) (-4.307639e-03 3.812623e-02 5.077341e-01)) ((-6.748370e-02 -5.587191e-02 3.460005e-02) (8.934973e-03 1.084629e-03 -8.533017e-05))
130           	((-1.251715e-01 1.411505e-01 1.390936e+01) (-4.300753e-03 3.824076e-02 5.063809e-01)) ((-7.069508e-02 -5.571252e-02 3.492810e-02) (8.812760e-03 1.104197e-03 -7.662567e-05))
131           	((-1.256484e-01 1.641887e-01 1.388746e+01) (-4.289218e-03 3.833456e-02 5.050445e-01)) ((-7.376436e-02 -5.522146e-02 3.495744e-02) (8.690010e-03 1.125410e-03 -7.118091e-05))
132           	((-1.234507e-01 1.860386e-01 1.386648e+01) (-4.273523e-03 3.842949e-02 5.037080e-01)) ((-7.665789e-02 -5.432096e-02 3.477076e-02) (8.566606e-03 1.146269e-03 -6.529373e-05))
133           	((-1.191796e-01 2.058147e-01 1.384657e+01) (-4.256735e-03 3.851064e-02 5.023792e-01)) ((-7.936380e-02 -5.293234e-02 3.442319e-02) (8.443394e-03 1.167156e-03 -5.963985e-05))
134           	((-1.135263e-01 2.220981e-01 1.382786e+01) (-4.232399e-03 3.859840e-02 5.010514e-01)) ((-8.195212e-02 -5.104147e-02 3.396253e-02) (8.317855e-03 1.183766e-03 -5.324803e-05))
135           	((-1.067547e-01 2.346888e-01 1.381031e+01) (-4.229324e-03 3.868639e-02 4.997336e-01)) ((-8.443995e-02 -4.876810e-02 3.334405e-02) (8.194029e-03 1.198104e-03 -4.751421e-05))
136           	((-9.915000e-02 2.435701e-01 1.379375e+01) (-4.228134e-03 3.877747e-02 4.984323e-01)) ((-8.683500e-02 -4.629019e-02 3.258377e-02) (8.071807e-03 1.204768e-03 -3.983257e-05))
137           	((-9.091349e-02 2.487279e-01 1.377803e+01) (-4.232958e-03 3.885440e-02 4.971451e-01)) ((-8.913577e-02 -4.379697e-02 3.177450e-02) (7.949424e-03 1.209202e-03 -3.431046e-05))
138           	((-8.235490e-02 2.505013e-01 1.376288e+01) (-4.255282e-03 3.893284e-02 4.958701e-01)) ((-9.132039e-02 -4.145591e-02 3.111830e-02) (7.829783e-03 1.206151e-03 -2.681737e-05))
139           	((-7.436312e-02 2.493525e-01 1.374782e+01) (-4.277204e-03 3.901297e-02 4.946239e-01)) ((-9.346323e-02 -3.934593e-02 3.076743e-02) (7.714431e-03 1.199577e-03 -2.070734e-05))
140           	((-6.793511e-02 2.457533e-01 1.373225e+01) (-4.312436e-03 3.908615e-02 4.934096e-01)) ((-9.555356e-02 -3.750191e-02 3.074276e-02) (7.604348e-03 1.191673e-03 -1.364165e-05))
141           	((-6.384998e-02 2.402248e-01 1.371582e+01) (-4.359759e-03 3.917152e-02 4.922163e-01)) ((-9.754834e-02 -3.589101e-02 3.103568e-02) (7.499181e-03 1.180353e-03 -5.335303e-06))
142           	((-6.207303e-02 2.333667e-01 1.369841e+01) (-4.407957e-03 3.926064e-02 4.910165e-01)) ((-9.935205e-02 -3.446709e-02 3.153240e-02) (7.399555e-03 1.165820e-03 4.048318e-06))
143           	((-6.252173e-02 2.254837e-01 1.368011e+01) (-4.446639e-03 3.935037e-02 4.898189e-01)) ((-1.008739e-01 -3.315200e-02 3.215601e-02) (7.304374e-03 1.150786e-03 1.188115e-05))
144           	((-6.484716e-02 2.172662e-01 1.366119e+01) (-4.493313e-03 3.944188e-02 4.886376e-01)) ((-1.020197e-01 -3.186651e-02 3.282016e-02) (7.215176e-03 1.136087e-03 2.048804e-05))
145           	((-6.844677e-02 2.091231e-01 1.364203e+01) (-4.539157e-03 3.953467e-02 4.874629e-01)) ((-1.027735e-01 -3.055567e-02 3.344082e-02) (7.131421e-03 1.117335e-03 2.853133e-05))
146           	((-7.333869e-02 2.009612e-01 1.362310e+01) (-4.578390e-03 3.962060e-02 4.862981e-01)) ((-1.031969e-01 -2.914181e-02 3.401664e-02) (7.051808e-03 1.100370e-03 3.608431e-05))
147           	((-7.943013e-02 1.930614e-01 1.360453e+01) (-4.621199e-03 3.970316e-02 4.851568e-01)) ((-1.033756e-01 -2.756409e-02 3.457006e-02) (6.977463e-03 1.082545e-03 4.278176e-05))
148           	((-8.628641e-02 1.853169e-01 1.358637e+01) (-4.666105e-03 3.978930e-02 4.840374e-01)) ((-1.034717e-01 -2.579938e-02 3.507957e-02) (6.909261e-03 1.061904e-03 4.815122e-05))
149           	((-9.281344e-02 1.778170e-01 1.356819e+01) (-4.700024e-03 3.987066e-02 4.829587e-01)) ((-1.036342e-01 -2.389653e-02 3.548141e-02) (6.845193e-03 1.043513e-03 5.226612e-05))
150           	((-9.848524e-02 1.704733e-01 1.354965e+01) (-4.724408e-03 3.994641e-02 4.819209e-01)) ((-1.039443e-01 -2.187323e-02 3.574181e-02) (6.784836e-03 1.027385e-03 5.618031e-05))
151           	((-1.022907e-01 1.632939e-01 1.353043e+01) (-4.727342e-03 4.001194e-02 4.809171e-01)) ((-1.044540e-01 -1.975662e-02 3.588907e-02) (6.729796e-03 1.008805e-03 5.776482e-05))
152           	((-1.034923e-01 1.562226e-01 1.351049e+01) (-4.724347e-03 4.006495e-02 4.799555e-01)) ((-1.052051e-01 -1.759157e-02 3.597181e-02) (6.677518e-03 9.916019e-04 5.763499e-05))
153           	((-1.017058e-01 1.488744e-01 1.348989e+01) (-4.708029e-03 4.009853e-02 4.790226e-01)) ((-1.061933e-01 -1.543605e-02 3.603846e-02) (6.627968e-03 9.750375e-04 5.810611e-05))
154           	((-9.725887e-02 1.413098e-01 1.346878e+01) (-4.665810e-03 4.013040e-02 4.781164e-01)) ((-1.074505e-01 -1.329026e-02 3.609893e-02) (6.580932e-03 9.566378e-04 5.684443e-05))
155           	((-9.028696e-02 1.336379e-01 1.344754e+01) (-4.605505e-03 4.013799e-02 4.772507e-01)) ((-1.090358e-01 -1.118857e-02 3.612942e-02) (6.532400e-03 9.401602e-04 5.528560e-05))
156           	((-8.132610e-02 1.262400e-01 1.342666e+01) (-4.524562e-03 4.014028e-02 4.764055e-01)) ((-1.109706e-01 -9.168717e-03 3.614538e-02) (6.486365e-03 9.238272e-04 5.273023e-05))
157           	((-7.146626e-02 1.194166e-01 1.340682e+01) (-4.419452e-03 4.012463e-02 4.756049e-01)) ((-1.132659e-01 -7.251416e-03 3.622408e-02) (6.440007e-03 9.065087e-04 4.873928e-05))
158           	((-6.153673e-02 1.141178e-01 1.338863e+01) (-4.273136e-03 4.008629e-02 4.748127e-01)) ((-1.159272e-01 -5.380242e-03 3.640829e-02) (6.393715e-03 8.923558e-04 4.201999e-05))
159           	((-5.241543e-02 1.116403e-01 1.337235e+01) (-4.101564e-03 4.002602e-02 4.740470e-01)) ((-1.189190e-01 -3.540823e-03 3.667931e-02) (6.346803e-03 8.799384e-04 3.280642e-05))
160           	((-4.470586e-02 1.129769e-01 1.335802e+01) (-3.897980e-03 3.995656e-02 4.733155e-01)) ((-1.222194e-01 -1.734259e-03 3.701276e-02) (6.300381e-03 8.691860e-04 1.951716e-05))
161           	((-3.896797e-02 1.190326e-01 1.334545e+01) (-3.662552e-03 3.987745e-02 4.726183e-01)) ((-1.257214e-01 3.456389e-05 3.737503e-02) (6.252636e-03 8.600910e-04 4.101305e-06))
162           	((-3.537443e-02 1.298885e-01 1.333416e+01) (-3.398195e-03 3.980490e-02 4.719414e-01)) ((-1.292669e-01 1.714433e-03 3.767838e-02) (6.205596e-03 8.568856e-04 -1.508214e-05))
163           	((-3.385439e-02 1.446206e-01 1.332375e+01) (-3.112685e-03 3.973026e-02 4.712873e-01)) ((-1.327766e-01 3.256036e-03 3.786978e-02) (6.159861e-03 8.515479e-04 -3.627302e-05))
164           	((-3.366040e-02 1.618209e-01 1.331396e+01) (-2.813270e-03 3.964445e-02 4.706555e-01)) ((-1.361877e-01 4.608340e-03 3.795159e-02) (6.110646e-03 8.487245e-04 -5.892773e-05))
165           	((-3.391257e-02 1.804720e-01 1.330457e+01) (-2.507274e-03 3.955794e-02 4.700419e-01)) ((-1.394116e-01 5.764463e-03 3.793321e-02) (6.060078e-03 8.480859e-04 -8.182811e-05))
166           	((-3.390687e-02 1.992607e-01 1.329535e+01) (-2.196250e-03 3.947970e-02 4.694360e-01)) ((-1.423200e-01 6.707708e-03 3.780533e-02) (6.009664e-03 8.444830e-04 -1.033975e-04))
167           	((-3.345408e-02 2.164457e-01 1.328616e+01) (-1.891286e-03 3.938932e-02 4.688491e-01)) ((-1.448093e-01 7.443696e-03 3.763144e-02) (5.957974e-03 8.428656e-04 -1.238633e-04))
168           	((-3.208919e-02 2.303738e-01 1.327713e+01) (-1.580937e-03 3.929502e-02 4.682675e-01)) ((-1.467808e-01 7.963209e-03 3.740015e-02) (5.907497e-03 8.380055e-04 -1.424497e-04))
169           	((-2.978205e-02 2.397339e-01 1.326854e+01) (-1.275495e-03 3.919153e-02 4.677051e-01)) ((-1.481608e-01 8.315583e-03 3.711663e-02) (5.857733e-03 8.318807e-04 -1.600236e-04))
170           	((-2.671289e-02 2.435538e-01 1.326071e+01) (-9.606130e-04 3.906678e-02 4.671530e-01)) ((-1.489418e-01 8.576823e-03 3.677478e-02) (5.810496e-03 8.273394e-04 -1.776094e-04))
171           	((-2.326098e-02 2.419234e-01 1.325395e+01) (-6.451397e-04 3.891722e-02 4.665977e-01)) ((-1.491636e-01 8.802449e-03 3.634031e-02) (5.766824e-03 8.194141e-04 -1.953312e-04))
172           	((-1.956466e-02 2.355158e-01 1.324832e+01) (-3.272241e-04 3.876479e-02 4.660548e-01)) ((-1.488487e-01 9.004353e-03 3.575050e-02) (5.726592e-03 8.112282e-04 -2.108618e-04))
173           	((-1.581381e-02 2.248626e-01 1.324370e+01) (-1.635945e-05 3.857299e-02 4.655072e-01)) ((-1.480392e-01 9.162307e-03 3.495939e-02) (5.688366e-03 8.043966e-04 -2.279416e-04))
174           	((-1.238630e-02 2.101434e-01 1.323995e+01) (3.073776e-04 3.837342e-02 4.649613e-01)) ((-1.467662e-01 9.250753e-03 3.391451e-02) (5.654877e-03 7.949301e-04 -2.417753e-04))
175           	((-9.845223e-03 1.917875e-01 1.323691e+01) (6.326021e-04 3.815822e-02 4.644033e-01)) ((-1.450767e-01 9.235508e-03 3.263933e-02) (5.623692e-03 7.839140e-04 -2.569956e-04))
176           	((-8.734027e-03 1.696991e-01 1.323437e+01) (9.643308e-04 3.791907e-02 4.638658e-01)) ((-1.429888e-01 9.079497e-03 3.115794e-02) (5.597713e-03 7.747429e-04 -2.698615e-04))
177           	((-9.465202e-03 1.443071e-01 1.323209e+01) (1.295111e-03 3.766640e-02 4.633337e-01)) ((-1.404729e-01 8.834550e-03 2.960092e-02) (5.573287e-03 7.658050e-04 -2.809196e-04))
178           	((-1.212328e-02 1.157512e-01 1.322986e+01) (1.629291e-03 3.740560e-02 4.628273e-01)) ((-1.374422e-01 8.549623e-03 2.807772e-02) (5.553165e-03 7.551430e-04 -2.914451e-04))
179           	((-1.632860e-02 8.474738e-02 1.322766e+01) (1.962681e-03 3.712586e-02 4.623373e-01)) ((-1.339147e-01 8.272034e-03 2.668851e-02) (5.535586e-03 7.449110e-04 -3.016462e-04))
180           	((-2.174307e-02 5.164788e-02 1.322531e+01) (2.279999e-03 3.684572e-02 4.618703e-01)) ((-1.299250e-01 8.060982e-03 2.548540e-02) (5.522171e-03 7.349026e-04 -3.097719e-04))
181           	((-2.767773e-02 1.733942e-02 1.322270e+01) (2.585636e-03 3.655510e-02 4.614253e-01)) ((-1.255860e-01 8.003657e-03 2.450793e-02) (5.510486e-03 7.217759e-04 -3.172353e-04))
182           	((-3.356751e-02 -1.798605e-02 1.321962e+01) (2.882031e-03 3.625675e-02 4.609955e-01)) ((-1.209836e-01 8.148430e-03 2.372907e-02) (5.502670e-03 7.099323e-04 -3.235599e-04))
183           	((-3.877180e-02 -5.393217e-02 1.321606e+01) (3.167093e-03 3.594748e-02 4.605770e-01)) ((-1.162393e-01 8.505331e-03 2.307201e-02) (5.493996e-03 6.973507e-04 -3.292259e-04))
184           	((-4.295930e-02 -9.016206e-02 1.321221e+01) (3.436795e-03 3.564144e-02 4.601745e-01)) ((-1.114485e-01 9.080860e-03 2.245176e-02) (5.489320e-03 6.832620e-04 -3.347549e-04))
185           	((-4.621297e-02 -1.257914e-01 1.320808e+01) (3.677665e-03 3.531415e-02 4.597767e-01)) ((-1.066278e-01 9.839229e-03 2.182083e-02) (5.484490e-03 6.731644e-04 -3.397595e-04))
186           	((-4.883181e-02 -1.597680e-01 1.320367e+01) (3.906346e-03 3.499740e-02 4.593945e-01)) ((-1.018205e-01 1.071288e-02 2.117695e-02) (5.483225e-03 6.623019e-04 -3.457657e-04))
187           	((-5.123665e-02 -1.909978e-01 1.319889e+01) (4.113054e-03 3.468410e-02 4.590061e-01)) ((-9.707643e-02 1.166128e-02 2.057615e-02) (5.483730e-03 6.528623e-04 -3.526094e-04))
188           	((-5.410487e-02 -2.190108e-01 1.319372e+01) (4.301712e-03 3.437535e-02 4.586191e-01)) ((-9.249716e-02 1.267040e-02 2.012445e-02) (5.485280e-03 6.455030e-04 -3.582098e-04))
189           	((-5.776087e-02 -2.435993e-01 1.318827e+01) (4.474562e-03 3.407259e-02 4.582457e-01)) ((-8.819027e-02 1.373225e-02 1.990929e-02) (5.486257e-03 6.401984e-04 -3.639879e-04))
190           	((-6.209446e-02 -2.648182e-01 1.318254e+01) (4.642870e-03 3.379262e-02 4.578717e-01)) ((-8.420405e-02 1.485166e-02 1.995109e-02) (5.487390e-03 6.382175e-04 -3.692113e-04))
191           	((-6.683607e-02 -2.825308e-01 1.317654e+01) (4.796557e-03 3.352587e-02 4.575061e-01)) ((-8.052175e-02 1.603438e-02 2.022976e-02) (5.486427e-03 6.389433e-04 -3.745104e-04))
192           	((-7.180326e-02 -2.967326e-01 1.317037e+01) (4.934599e-03 3.326338e-02 4.571444e-01)) ((-7.712389e-02 1.725113e-02 2.070458e-02) (5.484554e-03 6.414708e-04 -3.785464e-04))
193           	((-7.669070e-02 -3.080425e-01 1.316408e+01) (5.058713e-03 3.303124e-02 4.567600e-01)) ((-7.402242e-02 1.849984e-02 2.129124e-02) (5.480843e-03 6.456825e-04 -3.827811e-04))
194           	((-8.135896e-02 -3.170332e-01 1.315754e+01) (5.169016e-03 3.282523e-02 4.563814e-01)) ((-7.120512e-02 1.979542e-02 2.196043e-02) (5.473832e-03 6.532697e-04 -3.849806e-04))
195           	((-8.575642e-02 -3.241028e-01 1.315071e+01) (5.259440e-03 3.264576e-02 4.559997e-01)) ((-6.867921e-02 2.116111e-02 2.272115e-02) (5.464838e-03 6.615769e-04 -3.870978e-04))
196           	((-8.975369e-02 -3.296218e-01 1.314375e+01) (5.327767e-03 3.248897e-02 4.556008e-01)) ((-6.645061e-02 2.260913e-02 2.349922e-02) (5.454547e-03 6.704130e-04 -3.872524e-04))
197           	((-9.321055e-02 -3.333177e-01 1.313697e+01) (5.382395e-03 3.235842e-02 4.551837e-01)) ((-6.446155e-02 2.412247e-02 2.424435e-02) (5.437785e-03 6.830614e-04 -3.874391e-04))
198           	((-9.607960e-02 -3.349170e-01 1.313072e+01) (5.425418e-03 3.224291e-02 4.547806e-01)) ((-6.267749e-02 2.564751e-02 2.490399e-02) (5.418717e-03 6.947523e-04 -3.858705e-04))
199           	((-9.813592e-02 -3.342798e-01 1.312514e+01) (5.454626e-03 3.215791e-02 4.543721e-01)) ((-6.108296e-02 2.713558e-02 2.549241e-02) (5.397592e-03 7.061330e-04 -3.840895e-04))
200           	((-9.879879e-02 -3.313127e-01 1.312022e+01) (5.483137e-03 3.209890e-02 4.539559e-01)) ((-5.962810e-02 2.854625e-02 2.603215e-02) (5.371188e-03 7.175213e-04 -3.809950e-04))
201           	((-9.771851e-02 -3.261138e-01 1.311583e+01) (5.506725e-03 3.204541e-02 4.535631e-01)) ((-5.824673e-02 2.983833e-02 2.657898e-02) (5.342084e-03 7.309772e-04 -3.774014e-04))
202           	((-9.491697e-02 -3.191438e-01 1.311182e+01) (5.532211e-03 3.202086e-02 4.531798e-01)) ((-5.690369e-02 3.102249e-02 2.716839e-02) (5.313584e-03 7.448416e-04 -3.725026e-04))
203           	((-9.041786e-02 -3.110636e-01 1.310794e+01) (5.557417e-03 3.200536e-02 4.527999e-01)) ((-5.556395e-02 3.212693e-02 2.785814e-02) (5.280532e-03 7.547059e-04 -3.663536e-04))
204           	((-8.428872e-02 -3.024442e-01 1.310393e+01) (5.576268e-03 3.200195e-02 4.524383e-01)) ((-5.423120e-02 3.319265e-02 2.870452e-02) (5.248494e-03 7.666241e-04 -3.567072e-04))
205           	((-7.674764e-02 -2.938573e-01 1.309968e+01) (5.586318e-03 3.199992e-02 4.520946e-01)) ((-5.289684e-02 3.426888e-02 2.972943e-02) (5.212130e-03 7.772723e-04 -3.463187e-04))
206           	((-6.793122e-02 -2.855200e-01 1.309521e+01) (5.597709e-03 3.202382e-02 4.517761e-01)) ((-5.157244e-02 3.538484e-02 3.089824e-02) (5.174422e-03 7.891963e-04 -3.336806e-04))
207           	((-5.804647e-02 -2.778009e-01 1.309057e+01) (5.601977e-03 3.204743e-02 4.514644e-01)) ((-5.028417e-02 3.653658e-02 3.217855e-02) (5.135882e-03 8.010910e-04 -3.197566e-04))
208           	((-4.711451e-02 -2.705291e-01 1.308562e+01) (5.615542e-03 3.208546e-02 4.511811e-01)) ((-4.905990e-02 3.772793e-02 3.348502e-02) (5.098526e-03 8.139608e-04 -3.059153e-04))
209           	((-3.510264e-02 -2.634665e-01 1.308029e+01) (5.621392e-03 3.212513e-02 4.508932e-01)) ((-4.794430e-02 3.895320e-02 3.474130e-02) (5.055776e-03 8.272405e-04 -2.903989e-04))
210           	((-2.200471e-02 -2.564973e-01 1.307455e+01) (5.632965e-03 3.216742e-02 4.506342e-01)) ((-4.698043e-02 4.017731e-02 3.590181e-02) (5.014186e-03 8.419805e-04 -2.748225e-04))
211           	((-8.017520e-03 -2.495186e-01 1.306835e+01) (5.655288e-03 3.221679e-02 4.503645e-01)) ((-4.621613e-02 4.136134e-02 3.691018e-02) (4.972040e-03 8.524569e-04 -2.594718e-04))
212           	((6.266590e-03 -2.424215e-01 1.306164e+01) (5.677180e-03 3.226924e-02 4.501131e-01)) ((-4.566189e-02 4.246876e-02 3.778149e-02) (4.928738e-03 8.664337e-04 -2.433647e-04))
213           	((2.028199e-02 -2.349951e-01 1.305428e+01) (5.706254e-03 3.233157e-02 4.498580e-01)) ((-4.528556e-02 4.347293e-02 3.857684e-02) (4.884590e-03 8.789475e-04 -2.279391e-04))
214           	((3.369482e-02 -2.269292e-01 1.304629e+01) (5.752153e-03 3.240388e-02 4.496024e-01)) ((-4.502084e-02 4.435324e-02 3.934601e-02) (4.840785e-03 8.933632e-04 -2.122797e-04))
215           	((4.643496e-02 -2.180449e-01 1.303766e+01) (5.795887e-03 3.248362e-02 4.493349e-01)) ((-4.482169e-02 4.508802e-02 4.011479e-02) (4.796795e-03 9.063868e-04 -1.974880e-04))
216           	((5.833568e-02 -2.084409e-01 1.302841e+01) (5.849573e-03 3.255584e-02 4.490686e-01)) ((-4.470144e-02 4.567114e-02 4.085376e-02) (4.752188e-03 9.211098e-04 -1.824583e-04))
217           	((6.903389e-02 -1.980812e-01 1.301853e+01) (5.900533e-03 3.264227e-02 4.487976e-01)) ((-4.470079e-02 4.610631e-02 4.154595e-02) (4.707432e-03 9.375126e-04 -1.692021e-04))
218           	((7.835593e-02 -1.865718e-01 1.300792e+01) (5.970084e-03 3.272597e-02 4.485263e-01)) ((-4.484774e-02 4.640172e-02 4.215764e-02) (4.662219e-03 9.525466e-04 -1.540045e-04))
219           	((8.607561e-02 -1.734163e-01 1.299663e+01) (6.048877e-03 3.280390e-02 4.482380e-01)) ((-4.515003e-02 4.655396e-02 4.271989e-02) (4.617974e-03 9.687480e-04 -1.403482e-04))
220           	((9.195447e-02 -1.584183e-01 1.298481e+01) (6.125696e-03 3.288770e-02 4.479391e-01)) ((-4.564308e-02 4.656606e-02 4.325501e-02) (4.575426e-03 9.873292e-04 -1.283721e-04))
221           	((9.588558e-02 -1.416287e-01 1.297255e+01) (6.195846e-03 3.295699e-02 4.476459e-01)) ((-4.637960e-02 4.641069e-02 4.376094e-02) (4.532829e-03 1.001525e-03 -1.176038e-04))
222           	((9.754747e-02 -1.234467e-01 1.296015e+01) (6.278308e-03 3.302844e-02 4.473436e-01)) ((-4.740328e-02 4.607971e-02 4.422414e-02) (4.490782e-03 1.017938e-03 -1.073908e-04))
223           	((9.707715e-02 -1.041068e-01 1.294788e+01) (6.351225e-03 3.310600e-02 4.470183e-01)) ((-4.870231e-02 4.554518e-02 4.465379e-02) (4.452351e-03 1.030723e-03 -9.807794e-05))
224           	((9.437425e-02 -8.440570e-02 1.293607e+01) (6.419807e-03 3.318006e-02 4.466893e-01)) ((-5.029682e-02 4.481180e-02 4.503834e-02) (4.415146e-03 1.041851e-03 -8.930070e-05))
225           	((8.938824e-02 -6.509673e-02 1.292488e+01) (6.481773e-03 3.324499e-02 4.463632e-01)) ((-5.215258e-02 4.391466e-02 4.536151e-02) (4.380562e-03 1.053852e-03 -8.113455e-05))
226           	((8.213885e-02 -4.644379e-02 1.291428e+01) (6.535923e-03 3.333005e-02 4.460280e-01)) ((-5.415839e-02 4.289813e-02 4.564437e-02) (4.347761e-03 1.062623e-03 -7.284840e-05))
227           	((7.272727e-02 -2.858888e-02 1.290421e+01) (6.577354e-03 3.341053e-02 4.456984e-01)) ((-5.623253e-02 4.178802e-02 4.584470e-02) (4.318263e-03 1.069558e-03 -6.529093e-05))
228           	((6.143348e-02 -1.164224e-02 1.289462e+01) (6.623157e-03 3.349406e-02 4.453614e-01)) ((-5.827596e-02 4.061405e-02 4.596159e-02) (4.289620e-03 1.076442e-03 -5.781880e-05))
229           	((4.883989e-02 4.413798e-03 1.288538e+01) (6.652198e-03 3.357869e-02 4.450412e-01)) ((-6.021140e-02 3.939126e-02 4.599622e-02) (4.263122e-03 1.079714e-03 -5.088885e-05))
230           	((3.556408e-02 1.940264e-02 1.287640e+01) (6.686942e-03 3.366032e-02 4.447458e-01)) ((-6.197860e-02 3.813730e-02 4.593959e-02) (4.238318e-03 1.081845e-03 -4.527858e-05))
231           	((2.205766e-02 3.296661e-02 1.286757e+01) (6.722238e-03 3.373910e-02 4.444427e-01)) ((-6.356514e-02 3.686867e-02 4.578898e-02) (4.215243e-03 1.080260e-03 -4.094224e-05))
232           	((8.968592e-03 4.501133e-02 1.285895e+01) (6.755648e-03 3.380870e-02 4.441472e-01)) ((-6.495157e-02 3.558117e-02 4.552027e-02) (4.192941e-03 1.077482e-03 -3.871033e-05))
233           	((-3.192146e-03 5.568328e-02 1.285051e+01) (6.784561e-03 3.387606e-02 4.438617e-01)) ((-6.608906e-02 3.426301e-02 4.510755e-02) (4.171083e-03 1.072489e-03 -3.700604e-05))
234           	((-1.456315e-02 6.485490e-02 1.284231e+01) (6.822826e-03 3.393302e-02 4.436032e-01)) ((-6.695821e-02 3.294928e-02 4.456354e-02) (4.150091e-03 1.069277e-03 -3.681155e-05))
235           	((-2.535582e-02 7.223689e-02 1.283456e+01) (6.865942e-03 3.399557e-02 4.433504e-01)) ((-6.758974e-02 3.165519e-02 4.391220e-02) (4.131390e-03 1.060917e-03 -3.801407e-05))
236           	((-3.563812e-02 7.734742e-02 1.282742e+01) (6.905165e-03 3.404866e-02 4.431094e-01)) ((-6.802474e-02 3.038251e-02 4.316033e-02) (4.112000e-03 1.051972e-03 -3.908465e-05))
237           	((-4.526007e-02 7.998892e-02 1.282101e+01) (6.953713e-03 3.410011e-02 4.429047e-01)) ((-6.827707e-02 2.911719e-02 4.230502e-02) (4.095586e-03 1.041907e-03 -4.253850e-05))
238           	((-5.414410e-02 8.024386e-02 1.281534e+01) (6.995125e-03 3.414835e-02 4.426960e-01)) ((-6.834874e-02 2.786195e-02 4.134199e-02) (4.078722e-03 1.031635e-03 -4.512540e-05))
239           	((-6.226466e-02 7.847251e-02 1.281047e+01) (7.040942e-03 3.420062e-02 4.424989e-01)) ((-6.823091e-02 2.663334e-02 4.031012e-02) (4.063543e-03 1.020070e-03 -4.962708e-05))
240           	((-6.971526e-02 7.543964e-02 1.280646e+01) (7.082443e-03 3.424717e-02 4.423034e-01)) ((-6.795843e-02 2.544509e-02 3.921280e-02) (4.047440e-03 1.009201e-03 -5.257432e-05))
241           	((-7.660668e-02 7.187039e-02 1.280322e+01) (7.121934e-03 3.430385e-02 4.420969e-01)) ((-6.752127e-02 2.430589e-02 3.812972e-02) (4.030714e-03 9.968106e-04 -5.617393e-05))
242           	((-8.296125e-02 6.827587e-02 1.280066e+01) (7.154690e-03 3.435107e-02 4.419081e-01)) ((-6.689160e-02 2.322639e-02 3.713896e-02) (4.011711e-03 9.868878e-04 -5.929112e-05))
243           	((-8.896666e-02 6.499550e-02 1.279868e+01) (7.191590e-03 3.440191e-02 4.417127e-01)) ((-6.606195e-02 2.223349e-02 3.628603e-02) (3.992923e-03 9.750781e-04 -6.316484e-05))
244           	((-9.472860e-02 6.199540e-02 1.279735e+01) (7.213767e-03 3.444966e-02 4.415124e-01)) ((-6.507067e-02 2.133249e-02 3.556767e-02) (3.973989e-03 9.632852e-04 -6.611928e-05))
245           	((-1.004307e-01 5.893186e-02 1.279682e+01) (7.231305e-03 3.449353e-02 4.413158e-01)) ((-6.400496e-02 2.054363e-02 3.493761e-02) (3.953203e-03 9.544244e-04 -6.982142e-05))
246           	((-1.058884e-01 5.544889e-02 1.279718e+01) (7.244919e-03 3.453928e-02 4.411315e-01)) ((-6.296254e-02 1.987667e-02 3.436570e-02) (3.931579e-03 9.443615e-04 -7.273434e-05))
247           	((-1.109732e-01 5.129659e-02 1.279826e+01) (7.249211e-03 3.458996e-02 4.409418e-01)) ((-6.204549e-02 1.936931e-02 3.387628e-02) (3.908710e-03 9.343495e-04 -7.774931e-05))
248           	((-1.153777e-01 4.659986e-02 1.279982e+01) (7.246238e-03 3.464410e-02 4.407497e-01)) ((-6.127896e-02 1.905515e-02 3.350888e-02) (3.883704e-03 9.252814e-04 -8.057854e-05))
249           	((-1.189749e-01 4.109038e-02 1.280156e+01) (7.234021e-03 3.470148e-02 4.405646e-01)) ((-6.068047e-02 1.895981e-02 3.327747e-02) (3.859005e-03 9.163023e-04 -8.400950e-05))
250           	((-1.217164e-01 3.449635e-02 1.280328e+01) (7.226421e-03 3.476675e-02 4.403960e-01)) ((-6.025989e-02 1.908775e-02 3.316408e-02) (3.834266e-03 9.087878e-04 -8.691162e-05))
251           	((-1.235140e-01 2.665451e-02 1.280489e+01) (7.214290e-03 3.482871e-02 4.402448e-01)) ((-6.001026e-02 1.942012e-02 3.314182e-02) (3.810034e-03 8.997915e-04 -9.011605e-05))
252           	((-1.242715e-01 1.765032e-02 1.280628e+01) (7.204487e-03 3.489310e-02 4.400941e-01)) ((-5.990022e-02 1.992340e-02 3.319321e-02) (3.784329e-03 8.957158e-04 -9.327571e-05))
253           	((-1.241007e-01 7.344160e-03 1.280748e+01) (7.192532e-03 3.495847e-02 4.399400e-01)) ((-5.993631e-02 2.054416e-02 3.328352e-02) (3.759958e-03 8.899865e-04 -9.669799e-05))
254           	((-1.233296e-01 -4.097699e-03 1.280860e+01) (7.190187e-03 3.502862e-02 4.398037e-01)) ((-6.013072e-02 2.121544e-02 3.339012e-02) (3.735229e-03 8.876300e-04 -9.914527e-05))
255           	((-1.222705e-01 -1.644075e-02 1.280967e+01) (7.183929e-03 3.509682e-02 4.396850e-01)) ((-6.048974e-02 2.190036e-02 3.351025e-02) (3.713235e-03 8.860256e-04 -1.022358e-04))
256           	((-1.210955e-01 -2.984471e-02 1.281067e+01) (7.177389e-03 3.518228e-02 4.395619e-01)) ((-6.103058e-02 2.259491e-02 3.363470e-02) (3.691051e-03 8.870605e-04 -1.037796e-04))
257           	((-1.198679e-01 -4.404913e-02 1.281147e+01) (7.168234e-03 3.525007e-02 4.394670e-01)) ((-6.168141e-02 2.329957e-02 3.380926e-02) (3.669726e-03 8.913914e-04 -1.052586e-04))
258           	((-1.187249e-01 -5.878763e-02 1.281201e+01) (7.163930e-03 3.532844e-02 4.393837e-01)) ((-6.237610e-02 2.402651e-02 3.405175e-02) (3.650400e-03 8.958547e-04 -1.040804e-04))
259           	((-1.175581e-01 -7.376819e-02 1.281205e+01) (7.154704e-03 3.541213e-02 4.393124e-01)) ((-6.304514e-02 2.478308e-02 3.436405e-02) (3.631689e-03 9.008343e-04 -1.038267e-04))
260           	((-1.164276e-01 -8.870776e-02 1.281132e+01) (7.143748e-03 3.549516e-02 4.392519e-01)) ((-6.361071e-02 2.557693e-02 3.476383e-02) (3.613440e-03 9.083417e-04 -1.000064e-04))
261           	((-1.153944e-01 -1.033834e-01 1.280968e+01) (7.138626e-03 3.557618e-02 4.391927e-01)) ((-6.400248e-02 2.641167e-02 3.525392e-02) (3.595229e-03 9.170703e-04 -9.564519e-05))
262           	((-1.143277e-01 -1.178457e-01 1.280709e+01) (7.125990e-03 3.564675e-02 4.391463e-01)) ((-6.419268e-02 2.726057e-02 3.579332e-02) (3.576282e-03 9.277204e-04 -9.056394e-05))
263           	((-1.131929e-01 -1.322718e-01 1.280367e+01) (7.128484e-03 3.570777e-02 4.390974e-01)) ((-6.416186e-02 2.807826e-02 3.633680e-02) (3.558875e-03 9.371992e-04 -8.517267e-05))
264           	((-1.117793e-01 -1.467001e-01 1.279968e+01) (7.124067e-03 3.576419e-02 4.390527e-01)) ((-6.393754e-02 2.878866e-02 3.687246e-02) (3.541147e-03 9.470329e-04 -7.874277e-05))
265           	((-1.099092e-01 -1.611158e-01 1.279532e+01) (7.127721e-03 3.582410e-02 4.390268e-01)) ((-6.353963e-02 2.931961e-02 3.741050e-02) (3.525062e-03 9.553658e-04 -7.297074e-05))
266           	((-1.076975e-01 -1.755442e-01 1.279077e+01) (7.135156e-03 3.587229e-02 4.390089e-01)) ((-6.297580e-02 2.965522e-02 3.797430e-02) (3.510467e-03 9.643457e-04 -6.504660e-05))
267           	((-1.055271e-01 -1.901292e-01 1.278619e+01) (7.146524e-03 3.591452e-02 4.389908e-01)) ((-6.225967e-02 2.980029e-02 3.859477e-02) (3.497169e-03 9.754379e-04 -5.871574e-05))
268           	((-1.036152e-01 -2.051210e-01 1.278168e+01) (7.156284e-03 3.594889e-02 4.389578e-01)) ((-6.141243e-02 2.976449e-02 3.926846e-02) (3.484545e-03 9.853142e-04 -5.141529e-05))
269           	((-1.020100e-01 -2.209057e-01 1.277725e+01) (7.166519e-03 3.596309e-02 4.389343e-01)) ((-6.044903e-02 2.957399e-02 3.996668e-02) (3.473929e-03 9.951900e-04 -4.589007e-05))
270           	((-1.005615e-01 -2.377254e-01 1.277278e+01) (7.185939e-03 3.596564e-02 4.389130e-01)) ((-5.937262e-02 2.922707e-02 4.066734e-02) (3.465387e-03 1.005124e-03 -3.976578e-05))
271           	((-9.950757e-02 -2.553274e-01 1.276803e+01) (7.204246e-03 3.596163e-02 4.388813e-01)) ((-5.815531e-02 2.874857e-02 4.141964e-02) (3.458853e-03 1.014700e-03 -3.514656e-05))
272           	((-9.895163e-02 -2.734016e-01 1.276287e+01) (7.222179e-03 3.593866e-02 4.388480e-01)) ((-5.680915e-02 2.814829e-02 4.223764e-02) (3.453369e-03 1.023723e-03 -2.923243e-05))
273           	((-9.895920e-02 -2.922113e-01 1.275738e+01) (7.234034e-03 3.590394e-02 4.387963e-01)) ((-5.541137e-02 2.742595e-02 4.305441e-02) (3.449554e-03 1.032077e-03 -2.403030e-05))
274           	((-9.946807e-02 -3.117419e-01 1.275168e+01) (7.242422e-03 3.585931e-02 4.387361e-01)) ((-5.404094e-02 2.658580e-02 4.378966e-02) (3.446683e-03 1.041262e-03 -1.968922e-05))
275           	((-1.005716e-01 -3.315261e-01 1.274580e+01) (7.254736e-03 3.580074e-02 4.386818e-01)) ((-5.279833e-02 2.564629e-02 4.439288e-02) (3.447084e-03 1.050067e-03 -1.667884e-05))
276           	((-1.023537e-01 -3.502229e-01 1.273962e+01) (7.261485e-03 3.573962e-02 4.385884e-01)) ((-5.171901e-02 2.464773e-02 4.492938e-02) (3.448695e-03 1.057731e-03 -1.396879e-05))
277           	((-1.047708e-01 -3.666222e-01 1.273299e+01) (7.267870e-03 3.567557e-02 4.385001e-01)) ((-5.081674e-02 2.365178e-02 4.544181e-02) (3.451332e-03 1.067520e-03 -1.299056e-05))
278           	((-1.077437e-01 -3.799141e-01 1.272584e+01) (7.269577e-03 3.559993e-02 4.384201e-01)) ((-5.013657e-02 2.268004e-02 4.593305e-02) (3.456018e-03 1.075278e-03 -1.238529e-05))
279           	((-1.112711e-01 -3.896989e-01 1.271815e+01) (7.265905e-03 3.552491e-02 4.383266e-01)) ((-4.970406e-02 2.178495e-02 4.639693e-02) (3.460524e-03 1.086315e-03 -1.411618e-05))
280           	((-1.152646e-01 -3.960406e-01 1.270993e+01) (7.260772e-03 3.545331e-02 4.382110e-01)) ((-4.950966e-02 2.101294e-02 4.685547e-02) (3.466793e-03 1.092697e-03 -1.597318e-05))
281           	((-1.193619e-01 -3.995490e-01 1.270129e+01) (7.249390e-03 3.537690e-02 4.380960e-01)) ((-4.956866e-02 2.040195e-02 4.727672e-02) (3.472082e-03 1.099912e-03 -1.861669e-05))
282           	((-1.233594e-01 -4.009986e-01 1.269238e+01) (7.236454e-03 3.529802e-02 4.379880e-01)) ((-4.992768e-02 1.998415e-02 4.760844e-02) (3.478010e-03 1.105541e-03 -2.262059e-05))
283           	((-1.270381e-01 -4.004407e-01 1.268341e+01) (7.214744e-03 3.523019e-02 4.378657e-01)) ((-5.061631e-02 1.978060e-02 4.779875e-02) (3.484087e-03 1.110620e-03 -2.889183e-05))
284           	((-1.303762e-01 -3.979291e-01 1.267454e+01) (7.194675e-03 3.515910e-02 4.377411e-01)) ((-5.165254e-02 1.979816e-02 4.780249e-02) (3.489121e-03 1.111633e-03 -3.561959e-05))
285           	((-1.331471e-01 -3.935874e-01 1.266596e+01) (7.175475e-03 3.509516e-02 4.376225e-01)) ((-5.298895e-02 2.002855e-02 4.759925e-02) (3.492608e-03 1.114387e-03 -4.435529e-05))
286           	((-1.351651e-01 -3.875203e-01 1.265788e+01) (7.159505e-03 3.504184e-02 4.374913e-01)) ((-5.452642e-02 2.046830e-02 4.712655e-02) (3.496785e-03 1.112270e-03 -5.497050e-05))
287           	((-1.363565e-01 -3.797894e-01 1.265040e+01) (7.142792e-03 3.498728e-02 4.373765e-01)) ((-5.619390e-02 2.112933e-02 4.639762e-02) (3.498612e-03 1.111709e-03 -6.653678e-05))
288           	((-1.365994e-01 -3.704229e-01 1.264366e+01) (7.131922e-03 3.494159e-02 4.372371e-01)) ((-5.790815e-02 2.200248e-02 4.544362e-02) (3.500472e-03 1.107620e-03 -7.744653e-05))
289           	((-1.357962e-01 -3.595642e-01 1.263774e+01) (7.113039e-03 3.491363e-02 4.371026e-01)) ((-5.958665e-02 2.303159e-02 4.433032e-02) (3.498126e-03 1.101445e-03 -8.982782e-05))
290           	((-1.340503e-01 -3.472458e-01 1.263251e+01) (7.113911e-03 3.489151e-02 4.369837e-01)) ((-6.113324e-02 2.414087e-02 4.316811e-02) (3.495404e-03 1.092874e-03 -1.016960e-04))
291           	((-1.313789e-01 -3.338402e-01 1.262788e+01) (7.113728e-03 3.486933e-02 4.368596e-01)) ((-6.246290e-02 2.526104e-02 4.201338e-02) (3.491123e-03 1.085056e-03 -1.157182e-04))
292           	((-1.279252e-01 -3.200006e-01 1.262382e+01) (7.116710e-03 3.486072e-02 4.367225e-01)) ((-6.350106e-02 2.633227e-02 4.087573e-02) (3.484424e-03 1.075545e-03 -1.302621e-04))
293           	((-1.240797e-01 -3.062725e-01 1.262029e+01) (7.124472e-03 3.485291e-02 4.365755e-01)) ((-6.422041e-02 2.731504e-02 3.979173e-02) (3.475460e-03 1.061813e-03 -1.450700e-04))
294           	((-1.199573e-01 -2.935163e-01 1.261730e+01) (7.134039e-03 3.485009e-02 4.364190e-01)) ((-6.461719e-02 2.818512e-02 3.878815e-02) (3.464239e-03 1.048556e-03 -1.604959e-04))
295           	((-1.156337e-01 -2.824273e-01 1.261480e+01) (7.139124e-03 3.485127e-02 4.362522e-01)) ((-6.470645e-02 2.895669e-02 3.786586e-02) (3.451582e-03 1.035325e-03 -1.767082e-04))
296           	((-1.112610e-01 -2.734002e-01 1.261278e+01) (7.154472e-03 3.484702e-02 4.360821e-01)) ((-6.451434e-02 2.963781e-02 3.703693e-02) (3.437371e-03 1.018485e-03 -1.927458e-04))
297           	((-1.069124e-01 -2.669726e-01 1.261127e+01) (7.159120e-03 3.483704e-02 4.359209e-01)) ((-6.406856e-02 3.024482e-02 3.627693e-02) (3.422728e-03 1.005569e-03 -2.088309e-04))
298           	((-1.024708e-01 -2.634668e-01 1.261025e+01) (7.167141e-03 3.482627e-02 4.357407e-01)) ((-6.333863e-02 3.078960e-02 3.559281e-02) (3.408596e-03 9.890719e-04 -2.239139e-04))
299           	((-9.788014e-02 -2.630474e-01 1.260971e+01) (7.180370e-03 3.480144e-02 4.355711e-01)) ((-6.227700e-02 3.127847e-02 3.500591e-02) (3.393985e-03 9.730325e-04 -2.394354e-04))
300           	((-9.310173e-02 -2.653922e-01 1.260960e+01) (7.193945e-03 3.477087e-02 4.353886e-01)) ((-6.083553e-02 3.171802e-02 3.452207e-02) (3.380118e-03 9.584079e-04 -2.544549e-04))
301           	((-8.822438e-02 -2.701952e-01 1.260997e+01) (7.202582e-03 3.474487e-02 4.352070e-01)) ((-5.899976e-02 3.211079e-02 3.411833e-02) (3.367364e-03 9.452796e-04 -2.688253e-04))
302           	((-8.342605e-02 -2.771951e-01 1.261087e+01) (7.220835e-03 3.471082e-02 4.350468e-01)) ((-5.680944e-02 3.245253e-02 3.377870e-02) (3.355520e-03 9.322147e-04 -2.836807e-04))
303           	((-7.891310e-02 -2.861252e-01 1.261224e+01) (7.226624e-03 3.467804e-02 4.348581e-01)) ((-5.433015e-02 3.273713e-02 3.352106e-02) (3.343817e-03 9.199550e-04 -2.965751e-04))
304           	((-7.475136e-02 -2.964994e-01 1.261377e+01) (7.241388e-03 3.463839e-02 4.346841e-01)) ((-5.163019e-02 3.297181e-02 3.341060e-02) (3.334275e-03 9.076096e-04 -3.098238e-04))
305           	((-7.095861e-02 -3.080521e-01 1.261507e+01) (7.254561e-03 3.460271e-02 4.345075e-01)) ((-4.877449e-02 3.316110e-02 3.351220e-02) (3.324257e-03 8.980858e-04 -3.215566e-04))
306           	((-6.745614e-02 -3.210248e-01 1.261580e+01) (7.264737e-03 3.456085e-02 4.343320e-01)) ((-4.587151e-02 3.330859e-02 3.380943e-02) (3.315390e-03 8.871746e-04 -3.326260e-04))
307           	((-6.428959e-02 -3.356728e-01 1.261570e+01) (7.275520e-03 3.451927e-02 4.341626e-01)) ((-4.303844e-02 3.342762e-02 3.428264e-02) (3.307675e-03 8.790901e-04 -3.446078e-04))
308           	((-6.142599e-02 -3.519496e-01 1.261460e+01) (7.292468e-03 3.447140e-02 4.339794e-01)) ((-4.034002e-02 3.354250e-02 3.491186e-02) (3.300630e-03 8.695833e-04 -3.533082e-04))
309           	((-5.880968e-02 -3.696180e-01 1.261245e+01) (7.297300e-03 3.440974e-02 4.337849e-01)) ((-3.782148e-02 3.367756e-02 3.566679e-02) (3.293400e-03 8.631962e-04 -3.630075e-04))
310           	((-5.640693e-02 -3.886638e-01 1.260928e+01) (7.313583e-03 3.434516e-02 4.336030e-01)) ((-3.554295e-02 3.385506e-02 3.647478e-02) (3.287465e-03 8.573623e-04 -3.726902e-04))
311           	((-5.422130e-02 -4.084762e-01 1.260530e+01) (7.321839e-03 3.427297e-02 4.334207e-01)) ((-3.349535e-02 3.406577e-02 3.731380e-02) (3.282738e-03 8.533101e-04 -3.804597e-04))
312           	((-5.242265e-02 -4.286496e-01 1.260075e+01) (7.337967e-03 3.419016e-02 4.332368e-01)) ((-3.168076e-02 3.429678e-02 3.814079e-02) (3.280688e-03 8.495077e-04 -3.874667e-04))
313           	((-5.116369e-02 -4.485175e-01 1.259588e+01) (7.340258e-03 3.410570e-02 4.330573e-01)) ((-3.006048e-02 3.453860e-02 3.894097e-02) (3.279728e-03 8.478355e-04 -3.938391e-04))
314           	((-5.029344e-02 -4.674148e-01 1.259087e+01) (7.352725e-03 3.400926e-02 4.329069e-01)) ((-2.858750e-02 3.479478e-02 3.970243e-02) (3.279322e-03 8.469278e-04 -3.988707e-04))
315           	((-4.963276e-02 -4.849399e-01 1.258594e+01) (7.360370e-03 3.390447e-02 4.327398e-01)) ((-2.723156e-02 3.506787e-02 4.041363e-02) (3.280123e-03 8.489160e-04 -4.040541e-04))
316           	((-4.890979e-02 -5.009747e-01 1.258126e+01) (7.378712e-03 3.379445e-02 4.325762e-01)) ((-2.600124e-02 3.535472e-02 4.104072e-02) (3.283148e-03 8.495167e-04 -4.072789e-04))
317           	((-4.773293e-02 -5.154108e-01 1.257684e+01) (7.402601e-03 3.368288e-02 4.324127e-01)) ((-2.489071e-02 3.564460e-02 4.158033e-02) (3.285182e-03 8.510107e-04 -4.101146e-04))
318           	((-4.585328e-02 -5.281971e-01 1.257255e+01) (7.428990e-03 3.356316e-02 4.322569e-01)) ((-2.392124e-02 3.591127e-02 4.203399e-02) (3.288066e-03 8.523553e-04 -4.122994e-04))
319           	((-4.315080e-02 -5.394970e-01 1.256819e+01) (7.463171e-03 3.344368e-02 4.321013e-01)) ((-2.310067e-02 3.613535e-02 4.239406e-02) (3.290509e-03 8.568890e-04 -4.151853e-04))
320           	((-3.966658e-02 -5.494346e-01 1.256361e+01) (7.515634e-03 3.332292e-02 4.319463e-01)) ((-2.246738e-02 3.630642e-02 4.265547e-02) (3.293174e-03 8.571115e-04 -4.153934e-04))
321           	((-3.545670e-02 -5.582755e-01 1.255877e+01) (7.558472e-03 3.320011e-02 4.317786e-01)) ((-2.203677e-02 3.642475e-02 4.281529e-02) (3.295684e-03 8.569571e-04 -4.148617e-04))
322           	((-3.053913e-02 -5.661378e-01 1.255362e+01) (7.613197e-03 3.308263e-02 4.316286e-01)) ((-2.181556e-02 3.648775e-02 4.288177e-02) (3.296412e-03 8.581316e-04 -4.131693e-04))
323           	((-2.501622e-02 -5.729846e-01 1.254819e+01) (7.657323e-03 3.296401e-02 4.314779e-01)) ((-2.180342e-02 3.650898e-02 4.288061e-02) (3.298749e-03 8.606005e-04 -4.104382e-04))
324           	((-1.916109e-02 -5.786458e-01 1.254256e+01) (7.712622e-03 3.284333e-02 4.313166e-01)) ((-2.201012e-02 3.649942e-02 4.283856e-02) (3.299882e-03 8.617031e-04 -4.074357e-04))
325           	((-1.327290e-02 -5.829822e-01 1.253684e+01) (7.764086e-03 3.273188e-02 4.311549e-01)) ((-2.245116e-02 3.645679e-02 4.277619e-02) (3.302058e-03 8.641952e-04 -4.042065e-04))
326           	((-7.486467e-03 -5.856475e-01 1.253106e+01) (7.827068e-03 3.261788e-02 4.310036e-01)) ((-2.309630e-02 3.636823e-02 4.274732e-02) (3.302557e-03 8.654694e-04 -3.984209e-04))
327           	((-1.864691e-03 -5.859907e-01 1.252527e+01) (7.891844e-03 3.251056e-02 4.308425e-01)) ((-2.387218e-02 3.621583e-02 4.281772e-02) (3.302159e-03 8.677699e-04 -3.937179e-04))
328           	((3.392499e-03 -5.833687e-01 1.251941e+01) (7.968254e-03 3.241203e-02 4.306651e-01)) ((-2.470560e-02 3.599090e-02 4.304163e-02) (3.300143e-03 8.707835e-04 -3.893769e-04))
329           	((7.990360e-03 -5.775306e-01 1.251351e+01) (8.036796e-03 3.231920e-02 4.304827e-01)) ((-2.554631e-02 3.570053e-02 4.343563e-02) (3.296206e-03 8.749997e-04 -3.830061e-04))
330           	((1.163784e-02 -5.688463e-01 1.250779e+01) (8.113288e-03 3.223199e-02 4.303074e-01)) ((-2.640764e-02 3.536134e-02 4.395328e-02) (3.291547e-03 8.787756e-04 -3.769326e-04))
331           	((1.424954e-02 -5.579648e-01 1.250238e+01) (8.195150e-03 3.216632e-02 4.301379e-01)) ((-2.730134e-02 3.499633e-02 4.451929e-02) (3.285659e-03 8.818720e-04 -3.713538e-04))
332           	((1.590406e-02 -5.454601e-01 1.249743e+01) (8.280560e-03 3.210873e-02 4.299684e-01)) ((-2.819343e-02 3.461790e-02 4.510224e-02) (3.277090e-03 8.853368e-04 -3.650142e-04))
333           	((1.682884e-02 -5.318276e-01 1.249305e+01) (8.359146e-03 3.205867e-02 4.297762e-01)) ((-2.904460e-02 3.422971e-02 4.565751e-02) (3.270012e-03 8.902440e-04 -3.583190e-04))
334           	((1.708890e-02 -5.178098e-01 1.248915e+01) (8.439634e-03 3.201961e-02 4.296250e-01)) ((-2.988667e-02 3.383206e-02 4.614449e-02) (3.260711e-03 8.944931e-04 -3.516096e-04))
335           	((1.654582e-02 -5.038319e-01 1.248573e+01) (8.514130e-03 3.198842e-02 4.294870e-01)) ((-3.076281e-02 3.342353e-02 4.653953e-02) (3.251975e-03 8.990366e-04 -3.437382e-04))
336           	((1.504957e-02 -4.900277e-01 1.248282e+01) (8.587654e-03 3.197018e-02 4.293510e-01)) ((-3.167392e-02 3.300165e-02 4.688500e-02) (3.242157e-03 9.029420e-04 -3.352315e-04))
337           	((1.270817e-02 -4.766021e-01 1.248044e+01) (8.655746e-03 3.195309e-02 4.292212e-01)) ((-3.261946e-02 3.255458e-02 4.722042e-02) (3.231621e-03 9.058830e-04 -3.285423e-04))
338           	((9.486799e-03 -4.636389e-01 1.247874e+01) (8.728971e-03 3.194370e-02 4.291030e-01)) ((-3.361292e-02 3.207446e-02 4.755568e-02) (3.219893e-03 9.099243e-04 -3.203374e-04))
339           	((5.493470e-03 -4.509304e-01 1.247784e+01) (8.785764e-03 3.193704e-02 4.289949e-01)) ((-3.462650e-02 3.155547e-02 4.790732e-02) (3.207831e-03 9.149464e-04 -3.131461e-04))
340           	((7.494660e-04 -4.382875e-01 1.247781e+01) (8.851397e-03 3.193983e-02 4.288877e-01)) ((-3.568623e-02 3.099095e-02 4.823898e-02) (3.194726e-03 9.185959e-04 -3.054652e-04))
341           	((-4.682247e-03 -4.257219e-01 1.247856e+01) (8.912302e-03 3.194363e-02 4.287971e-01)) ((-3.680935e-02 3.037470e-02 4.853837e-02) (3.181114e-03 9.243644e-04 -2.982046e-04))
342           	((-1.046286e-02 -4.129929e-01 1.247989e+01) (8.977751e-03 3.194824e-02 4.287273e-01)) ((-3.798356e-02 2.971499e-02 4.876506e-02) (3.167526e-03 9.303054e-04 -2.911086e-04))
343           	((-1.646532e-02 -3.999088e-01 1.248170e+01) (9.039946e-03 3.195727e-02 4.286528e-01)) ((-3.919384e-02 2.900912e-02 4.889095e-02) (3.153566e-03 9.388422e-04 -2.850199e-04))
344           	((-2.266464e-02 -3.866122e-01 1.248396e+01) (9.127894e-03 3.197145e-02 4.285870e-01)) ((-4.043736e-02 2.826022e-02 4.889294e-02) (3.138481e-03 9.476387e-04 -2.795088e-04))
345           	((-2.886294e-02 -3.731401e-01 1.248672e+01) (9.211900e-03 3.198564e-02 4.285087e-01)) ((-4.170414e-02 2.747442e-02 4.874689e-02) (3.123980e-03 9.603525e-04 -2.747764e-04))
346           	((-3.480090e-02 -3.595997e-01 1.248989e+01) (9.308097e-03 3.199734e-02 4.284268e-01)) ((-4.298645e-02 2.666868e-02 4.843674e-02) (3.107935e-03 9.748442e-04 -2.709339e-04))
347           	((-4.032538e-02 -3.460822e-01 1.249333e+01) (9.407608e-03 3.200027e-02 4.283398e-01)) ((-4.425342e-02 2.587146e-02 4.798505e-02) (3.090426e-03 9.899178e-04 -2.676243e-04))
348           	((-4.546665e-02 -3.328294e-01 1.249698e+01) (9.523563e-03 3.200444e-02 4.282269e-01)) ((-4.550703e-02 2.508374e-02 4.743773e-02) (3.072689e-03 1.006825e-03 -2.652169e-04))
349           	((-5.002203e-02 -3.201072e-01 1.250076e+01) (9.640146e-03 3.201280e-02 4.280914e-01)) ((-4.675647e-02 2.430747e-02 4.681675e-02) (3.053585e-03 1.027444e-03 -2.636277e-04))
350           	((-5.378963e-02 -3.082296e-01 1.250459e+01) (9.775737e-03 3.202263e-02 4.279650e-01)) ((-4.801175e-02 2.353434e-02 4.614727e-02) (3.034841e-03 1.048265e-03 -2.626276e-04))
351           	((-5.677166e-02 -2.975522e-01 1.250829e+01) (9.904120e-03 3.203091e-02 4.278150e-01)) ((-4.927090e-02 2.275407e-02 4.547026e-02) (3.015622e-03 1.070836e-03 -2.623372e-04))
352           	((-5.907802e-02 -2.883889e-01 1.251163e+01) (1.003877e-02 3.204162e-02 4.276346e-01)) ((-5.054929e-02 2.196798e-02 4.478467e-02) (2.994282e-03 1.095164e-03 -2.632042e-04))
353           	((-6.085968e-02 -2.808993e-01 1.251431e+01) (1.017577e-02 3.205511e-02 4.274429e-01)) ((-5.186140e-02 2.120665e-02 4.406405e-02) (2.973674e-03 1.119621e-03 -2.645649e-04))
354           	((-6.221923e-02 -2.749955e-01 1.251603e+01) (1.031748e-02 3.206476e-02 4.272389e-01)) ((-5.317734e-02 2.049759e-02 4.330434e-02) (2.952347e-03 1.144651e-03 -2.666438e-04))
355           	((-6.325186e-02 -2.702960e-01 1.251672e+01) (1.045486e-02 3.208382e-02 4.270207e-01)) ((-5.445608e-02 1.985325e-02 4.253660e-02) (2.931288e-03 1.171444e-03 -2.696205e-04))
356           	((-6.400980e-02 -2.664286e-01 1.251639e+01) (1.059853e-02 3.210397e-02 4.267807e-01)) ((-5.564977e-02 1.929274e-02 4.178120e-02) (2.910046e-03 1.194838e-03 -2.726252e-04))
357           	((-6.469978e-02 -2.634017e-01 1.251519e+01) (1.072819e-02 3.212112e-02 4.265297e-01)) ((-5.672897e-02 1.883519e-02 4.105980e-02) (2.889612e-03 1.220232e-03 -2.767285e-04))
358           	((-6.554348e-02 -2.613484e-01 1.251331e+01) (1.086000e-02 3.214246e-02 4.262757e-01)) ((-5.772775e-02 1.849238e-02 4.033440e-02) (2.870875e-03 1.247399e-03 -2.812915e-04))
359           	((-6.660901e-02 -2.602588e-01 1.251097e+01) (1.097655e-02 3.216189e-02 4.260092e-01)) ((-5.866086e-02 1.827350e-02 3.962146e-02) (2.849960e-03 1.274401e-03 -2.860554e-04))
360           	((-6.781910e-02 -2.599386e-01 1.250838e+01) (1.109228e-02 3.218465e-02 4.257315e-01)) ((-5.950609e-02 1.817118e-02 3.899491e-02) (2.831621e-03 1.296699e-03 -2.912799e-04))
361           	((-6.911220e-02 -2.601503e-01 1.250563e+01) (1.119374e-02 3.220638e-02 4.254438e-01)) ((-6.026812e-02 1.817139e-02 3.851745e-02) (2.813268e-03 1.321414e-03 -2.961668e-04))
362           	((-7.043801e-02 -2.608561e-01 1.250265e+01) (1.129921e-02 3.222547e-02 4.251803e-01)) ((-6.099499e-02 1.827086e-02 3.818146e-02) (2.796150e-03 1.343814e-03 -3.002526e-04))
363           	((-7.179382e-02 -2.618805e-01 1.249945e+01) (1.138380e-02 3.224748e-02 4.249040e-01)) ((-6.171453e-02 1.848049e-02 3.796064e-02) (2.779922e-03 1.364761e-03 -3.044779e-04))
364           	((-7.314039e-02 -2.630491e-01 1.249602e+01) (1.147096e-02 3.226529e-02 4.246228e-01)) ((-6.241210e-02 1.881011e-02 3.785791e-02) (2.764176e-03 1.386992e-03 -3.088706e-04))
365           	((-7.454176e-02 -2.642374e-01 1.249240e+01) (1.155112e-02 3.228799e-02 4.243523e-01)) ((-6.309501e-02 1.925619e-02 3.785992e-02) (2.748989e-03 1.407350e-03 -3.118805e-04))
366           	((-7.599562e-02 -2.652874e-01 1.248878e+01) (1.162415e-02 3.229959e-02 4.240939e-01)) ((-6.379692e-02 1.981307e-02 3.793331e-02) (2.734590e-03 1.423474e-03 -3.150400e-04))
367           	((-7.739258e-02 -2.658952e-01 1.248531e+01) (1.168524e-02 3.231366e-02 4.238262e-01)) ((-6.451535e-02 2.045521e-02 3.808122e-02) (2.720160e-03 1.441919e-03 -3.183306e-04))
368           	((-7.872199e-02 -2.659720e-01 1.248213e+01) (1.174992e-02 3.233271e-02 4.235687e-01)) ((-6.527759e-02 2.114571e-02 3.830859e-02) (2.705561e-03 1.457289e-03 -3.205823e-04))
369           	((-8.013212e-02 -2.654573e-01 1.247923e+01) (1.179117e-02 3.235459e-02 4.233220e-01)) ((-6.608922e-02 2.185501e-02 3.862858e-02) (2.689812e-03 1.471290e-03 -3.219893e-04))
370           	((-8.165410e-02 -2.639881e-01 1.247650e+01) (1.184011e-02 3.238081e-02 4.230891e-01)) ((-6.689366e-02 2.255268e-02 3.905387e-02) (2.675371e-03 1.483712e-03 -3.231038e-04))
371           	((-8.333799e-02 -2.612886e-01 1.247397e+01) (1.188043e-02 3.241039e-02 4.228689e-01)) ((-6.766717e-02 2.321457e-02 3.955279e-02) (2.659490e-03 1.495222e-03 -3.244243e-04))
372           	((-8.523446e-02 -2.572926e-01 1.247161e+01) (1.192238e-02 3.244337e-02 4.226593e-01)) ((-6.840705e-02 2.382577e-02 4.007375e-02) (2.643076e-03 1.502820e-03 -3.251058e-04))
373           	((-8.720656e-02 -2.519164e-01 1.246951e+01) (1.194904e-02 3.247543e-02 4.224411e-01)) ((-6.912069e-02 2.437522e-02 4.057395e-02) (2.627201e-03 1.510270e-03 -3.250971e-04))
374           	((-8.919475e-02 -2.452081e-01 1.246768e+01) (1.198169e-02 3.251017e-02 4.222593e-01)) ((-6.979330e-02 2.486379e-02 4.103388e-02) (2.609950e-03 1.517512e-03 -3.250789e-04))
375           	((-9.118960e-02 -2.373316e-01 1.246625e+01) (1.201012e-02 3.253854e-02 4.220818e-01)) ((-7.042315e-02 2.529529e-02 4.145265e-02) (2.593458e-03 1.521636e-03 -3.246980e-04))
376           	((-9.318480e-02 -2.286052e-01 1.246530e+01) (1.204458e-02 3.256800e-02 4.219150e-01)) ((-7.101050e-02 2.565784e-02 4.183591e-02) (2.577503e-03 1.525718e-03 -3.239179e-04))
377           	((-9.515857e-02 -2.195681e-01 1.246496e+01) (1.207304e-02 3.259795e-02 4.217585e-01)) ((-7.155336e-02 2.594353e-02 4.219538e-02) (2.560139e-03 1.529670e-03 -3.222698e-04))
378           	((-9.706753e-02 -2.106599e-01 1.246522e+01) (1.210179e-02 3.263034e-02 4.216157e-01)) ((-7.205071e-02 2.614205e-02 4.253159e-02) (2.542683e-03 1.531417e-03 -3.206349e-04))
379           	((-9.903477e-02 -2.022381e-01 1.246612e+01) (1.211650e-02 3.265559e-02 4.214764e-01)) ((-7.250026e-02 2.624484e-02 4.285479e-02) (2.525246e-03 1.536880e-03 -3.186882e-04))
380           	((-1.011978e-01 -1.946085e-01 1.246765e+01) (1.214495e-02 3.268559e-02 4.213420e-01)) ((-7.289648e-02 2.626040e-02 4.315327e-02) (2.506722e-03 1.538740e-03 -3.168864e-04))
381           	((-1.035971e-01 -1.878045e-01 1.246973e+01) (1.216058e-02 3.270905e-02 4.212220e-01)) ((-7.324577e-02 2.620794e-02 4.339481e-02) (2.487872e-03 1.539627e-03 -3.148656e-04))
382           	((-1.061762e-01 -1.818577e-01 1.247224e+01) (1.218148e-02 3.273059e-02 4.211035e-01)) ((-7.353497e-02 2.608960e-02 4.358413e-02) (2.469131e-03 1.541846e-03 -3.139888e-04))
383           	((-1.088477e-01 -1.764246e-01 1.247512e+01) (1.219539e-02 3.274288e-02 4.209887e-01)) ((-7.373045e-02 2.590490e-02 4.373042e-02) (2.449752e-03 1.544536e-03 -3.123560e-04))
384           	((-1.115117e-01 -1.713872e-01 1.247829e+01) (1.220738e-02 3.275514e-02 4.208686e-01)) ((-7.382222e-02 2.567502e-02 4.385984e-02) (2.429940e-03 1.548105e-03 -3.129016e-04))
385           	((-1.143319e-01 -1.667481e-01 1.248177e+01) (1.221007e-02 3.275913e-02 4.207437e-01)) ((-7.387210e-02 2.543556e-02 4.392030e-02) (2.411262e-03 1.552203e-03 -3.145254e-04))
386           	((-1.174054e-01 -1.628311e-01 1.248555e+01) (1.221474e-02 3.276883e-02 4.206348e-01)) ((-7.394256e-02 2.522229e-02 4.387953e-02) (2.392821e-03 1.556669e-03 -3.161630e-04))
387           	((-1.208199e-01 -1.595800e-01 1.248951e+01) (1.220303e-02 3.277131e-02 4.205365e-01)) ((-7.407912e-02 2.505160e-02 4.373967e-02) (2.374516e-03 1.561022e-03 -3.189093e-04))
388           	((-1.242556e-01 -1.566496e-01 1.249343e+01) (1.219789e-02 3.277821e-02 4.204217e-01)) ((-7.428529e-02 2.490576e-02 4.354069e-02) (2.358267e-03 1.567016e-03 -3.219733e-04))
389           	((-1.275424e-01 -1.540296e-01 1.249706e+01) (1.217986e-02 3.278144e-02 4.203152e-01)) ((-7.458077e-02 2.477309e-02 4.328729e-02) (2.340256e-03 1.573202e-03 -3.258084e-04))
390           	((-1.306886e-01 -1.517749e-01 1.250017e+01) (1.217128e-02 3.278923e-02 4.202256e-01)) ((-7.496919e-02 2.465919e-02 4.299220e-02) (2.323835e-03 1.577637e-03 -3.310256e-04))
391           	((-1.336269e-01 -1.498189e-01 1.250247e+01) (1.215333e-02 3.279789e-02 4.201451e-01)) ((-7.542818e-02 2.457366e-02 4.268594e-02) (2.310176e-03 1.585266e-03 -3.357420e-04))
392           	((-1.362314e-01 -1.481390e-01 1.250379e+01) (1.214171e-02 3.281433e-02 4.200595e-01)) ((-7.590884e-02 2.452611e-02 4.240800e-02) (2.296070e-03 1.592009e-03 -3.395706e-04))
393           	((-1.385036e-01 -1.470501e-01 1.250415e+01) (1.211911e-02 3.283081e-02 4.199824e-01)) ((-7.639670e-02 2.452789e-02 4.216938e-02) (2.284239e-03 1.597829e-03 -3.454673e-04))
394           	((-1.403272e-01 -1.466999e-01 1.250368e+01) (1.210208e-02 3.284359e-02 4.199079e-01)) ((-7.688660e-02 2.458901e-02 4.195719e-02) (2.273165e-03 1.607756e-03 -3.507920e-04))
395           	((-1.416188e-01 -1.473408e-01 1.250252e+01) (1.208389e-02 3.286017e-02 4.198401e-01)) ((-7.736036e-02 2.471612e-02 4.176147e-02) (2.265330e-03 1.617720e-03 -3.570473e-04))
396           	((-1.423862e-01 -1.493834e-01 1.250086e+01) (1.207110e-02 3.288439e-02 4.197777e-01)) ((-7.781087e-02 2.491862e-02 4.154235e-02) (2.259082e-03 1.627260e-03 -3.633277e-04))
397           	((-1.426344e-01 -1.530002e-01 1.249877e+01) (1.205005e-02 3.290824e-02 4.197181e-01)) ((-7.823575e-02 2.520591e-02 4.128992e-02) (2.255244e-03 1.637708e-03 -3.695616e-04))
398           	((-1.421776e-01 -1.580705e-01 1.249633e+01) (1.204270e-02 3.293317e-02 4.196685e-01)) ((-7.863348e-02 2.556048e-02 4.101489e-02) (2.253283e-03 1.648390e-03 -3.761558e-04))
399           	((-1.409362e-01 -1.644749e-01 1.249372e+01) (1.202785e-02 3.294923e-02 4.196281e-01)) ((-7.903304e-02 2.596817e-02 4.073354e-02) (2.252613e-03 1.659721e-03 -3.832213e-04))
400           	((-1.388866e-01 -1.718682e-01 1.249096e+01) (1.202036e-02 3.296159e-02 4.195672e-01)) ((-7.947707e-02 2.640961e-02 4.046086e-02) (2.254446e-03 1.668900e-03 -3.900694e-04))
401           	((-1.359916e-01 -1.797734e-01 1.248804e+01) (1.201353e-02 3.297356e-02 4.195205e-01)) ((-7.998393e-02 2.687333e-02 4.022150e-02) (2.258208e-03 1.678954e-03 -3.950272e-04))
402           	((-1.322959e-01 -1.878027e-01 1.248488e+01) (1.201038e-02 3.297966e-02 4.194726e-01)) ((-8.053320e-02 2.735287e-02 4.004351e-02) (2.262272e-03 1.687793e-03 -4.009028e-04))
403           	((-1.278304e-01 -1.956649e-01 1.248138e+01) (1.200637e-02 3.297793e-02 4.194180e-01)) ((-8.110535e-02 2.782643e-02 3.995711e-02) (2.269476e-03 1.696593e-03 -4.047610e-04))
404           	((-1.227528e-01 -2.032062e-01 1.247752e+01) (1.201711e-02 3.297447e-02 4.193585e-01)) ((-8.168960e-02 2.827519e-02 3.997362e-02) (2.275810e-03 1.704975e-03 -4.083020e-04))
405           	((-1.172665e-01 -2.103104e-01 1.247324e+01) (1.202665e-02 3.296195e-02 4.192938e-01)) ((-8.226813e-02 2.868505e-02 4.009926e-02) (2.284227e-03 1.711478e-03 -4.108922e-04))
406           	((-1.115948e-01 -2.168532e-01 1.246852e+01) (1.204632e-02 3.295212e-02 4.192258e-01)) ((-8.283206e-02 2.905592e-02 4.032646e-02) (2.292959e-03 1.719711e-03 -4.126093e-04))
407           	((-1.058336e-01 -2.228923e-01 1.246345e+01) (1.206431e-02 3.292401e-02 4.191585e-01)) ((-8.339782e-02 2.938979e-02 4.063190e-02) (2.303397e-03 1.727100e-03 -4.138436e-04))
408           	((-1.001605e-01 -2.285359e-01 1.245806e+01) (1.208453e-02 3.290539e-02 4.190959e-01)) ((-8.399461e-02 2.970502e-02 4.098663e-02) (2.312789e-03 1.734721e-03 -4.150329e-04))
409           	((-9.468700e-02 -2.337070e-01 1.245243e+01) (1.210153e-02 3.287215e-02 4.190171e-01)) ((-8.463925e-02 3.002469e-02 4.135778e-02) (2.322998e-03 1.742352e-03 -4.150071e-04))
410           	((-8.948052e-02 -2.380057e-01 1.244664e+01) (1.213520e-02 3.284758e-02 4.189416e-01)) ((-8.533807e-02 3.034337e-02 4.175429e-02) (2.333498e-03 1.749629e-03 -4.150152e-04))
411           	((-8.457077e-02 -2.410409e-01 1.244071e+01) (1.215930e-02 3.281749e-02 4.188693e-01)) ((-8.608952e-02 3.066631e-02 4.217324e-02) (2.343768e-03 1.756624e-03 -4.146747e-04))
412           	((-8.007685e-02 -2.426487e-01 1.243476e+01) (1.218272e-02 3.279302e-02 4.187804e-01)) ((-8.691215e-02 3.098620e-02 4.261051e-02) (2.354880e-03 1.765820e-03 -4.140074e-04))
413           	((-7.621978e-02 -2.430189e-01 1.242890e+01) (1.219865e-02 3.276321e-02 4.187014e-01)) ((-8.785319e-02 3.129110e-02 4.303008e-02) (2.365847e-03 1.774889e-03 -4.123965e-04))
414           	((-7.321486e-02 -2.422368e-01 1.242318e+01) (1.222466e-02 3.273765e-02 4.186174e-01)) ((-8.893368e-02 3.157268e-02 4.340856e-02) (2.375900e-03 1.786088e-03 -4.112720e-04))
415           	((-7.113577e-02 -2.401949e-01 1.241754e+01) (1.225015e-02 3.271946e-02 4.185243e-01)) ((-9.012214e-02 3.181746e-02 4.375276e-02) (2.387011e-03 1.797088e-03 -4.096726e-04))
416           	((-7.000877e-02 -2.368603e-01 1.241190e+01) (1.227040e-02 3.270673e-02 4.184401e-01)) ((-9.138411e-02 3.202508e-02 4.405142e-02) (2.398840e-03 1.809417e-03 -4.070119e-04))
417           	((-6.985696e-02 -2.323226e-01 1.240612e+01) (1.227894e-02 3.269654e-02 4.183743e-01)) ((-9.273262e-02 3.220992e-02 4.426410e-02) (2.409129e-03 1.821625e-03 -4.042612e-04))
418           	((-7.064646e-02 -2.265596e-01 1.240019e+01) (1.228417e-02 3.269790e-02 4.182890e-01)) ((-9.416915e-02 3.238267e-02 4.435868e-02) (2.418019e-03 1.835937e-03 -4.008236e-04))
419           	((-7.212735e-02 -2.193738e-01 1.239417e+01) (1.228680e-02 3.269477e-02 4.182152e-01)) ((-9.566097e-02 3.254909e-02 4.435347e-02) (2.427222e-03 1.848952e-03 -3.976465e-04))
420           	((-7.424327e-02 -2.106605e-01 1.238811e+01) (1.228976e-02 3.269926e-02 4.181338e-01)) ((-9.720765e-02 3.269953e-02 4.426423e-02) (2.433915e-03 1.861944e-03 -3.950991e-04))
421           	((-7.709839e-02 -2.004338e-01 1.238211e+01) (1.228726e-02 3.270786e-02 4.180512e-01)) ((-9.882695e-02 3.282098e-02 4.410624e-02) (2.440850e-03 1.874668e-03 -3.930744e-04))
422           	((-8.074993e-02 -1.887542e-01 1.237629e+01) (1.227803e-02 3.271658e-02 4.179855e-01)) ((-1.005061e-01 3.288540e-02 4.389240e-02) (2.445996e-03 1.889759e-03 -3.911213e-04))
423           	((-8.525721e-02 -1.757590e-01 1.237083e+01) (1.226616e-02 3.272599e-02 4.179175e-01)) ((-1.022501e-01 3.287080e-02 4.362545e-02) (2.451948e-03 1.901640e-03 -3.903745e-04))
424           	((-9.057702e-02 -1.617515e-01 1.236593e+01) (1.224495e-02 3.273926e-02 4.178471e-01)) ((-1.040670e-01 3.276668e-02 4.331172e-02) (2.455210e-03 1.917367e-03 -3.895065e-04))
425           	((-9.657830e-02 -1.471728e-01 1.236177e+01) (1.222509e-02 3.276089e-02 4.177891e-01)) ((-1.059372e-01 3.257612e-02 4.297046e-02) (2.457727e-03 1.929735e-03 -3.885480e-04))
426           	((-1.030348e-01 -1.325830e-01 1.235849e+01) (1.220121e-02 3.277271e-02 4.177496e-01)) ((-1.078212e-01 3.232421e-02 4.262328e-02) (2.458097e-03 1.941935e-03 -3.889193e-04))
427           	((-1.097191e-01 -1.183693e-01 1.235607e+01) (1.217138e-02 3.278995e-02 4.177203e-01)) ((-1.096949e-01 3.204759e-02 4.227166e-02) (2.458867e-03 1.954414e-03 -3.892903e-04))
428           	((-1.163163e-01 -1.048240e-01 1.235452e+01) (1.213650e-02 3.280930e-02 4.176883e-01)) ((-1.115407e-01 3.177074e-02 4.191781e-02) (2.458653e-03 1.966500e-03 -3.891177e-04))
429           	((-1.224583e-01 -9.181330e-02 1.235380e+01) (1.209190e-02 3.282192e-02 4.176748e-01)) ((-1.133328e-01 3.151349e-02 4.157694e-02) (2.457275e-03 1.974458e-03 -3.897991e-04))
430           	((-1.279451e-01 -7.890695e-02 1.235391e+01) (1.204200e-02 3.283171e-02 4.176801e-01)) ((-1.150593e-01 3.127703e-02 4.125654e-02) (2.455366e-03 1.981164e-03 -3.895171e-04))
431           	((-1.326238e-01 -6.571111e-02 1.235488e+01) (1.198238e-02 3.284097e-02 4.176986e-01)) ((-1.167299e-01 3.106161e-02 4.093246e-02) (2.452929e-03 1.987364e-03 -3.912189e-04))
432           	((-1.364338e-01 -5.194398e-02 1.235667e+01) (1.191592e-02 3.284187e-02 4.177248e-01)) ((-1.183630e-01 3.087396e-02 4.059469e-02) (2.449384e-03 1.987337e-03 -3.929469e-04))
433           	((-1.393862e-01 -3.753419e-02 1.235920e+01) (1.183556e-02 3.284465e-02 4.177461e-01)) ((-1.199860e-01 3.072617e-02 4.023060e-02) (2.447237e-03 1.987375e-03 -3.932880e-04))
434           	((-1.414109e-01 -2.275726e-02 1.236237e+01) (1.175572e-02 3.283851e-02 4.177906e-01)) ((-1.216236e-01 3.062627e-02 3.983336e-02) (2.443038e-03 1.985872e-03 -3.960278e-04))
435           	((-1.424341e-01 -8.155346e-03 1.236605e+01) (1.166551e-02 3.283385e-02 4.178546e-01)) ((-1.232933e-01 3.058568e-02 3.938881e-02) (2.439515e-03 1.980727e-03 -3.986763e-04))
436           	((-1.423713e-01 5.933876e-03 1.237005e+01) (1.157346e-02 3.282730e-02 4.179146e-01)) ((-1.249765e-01 3.060650e-02 3.892199e-02) (2.436561e-03 1.974918e-03 -4.002592e-04))
437           	((-1.411294e-01 1.940424e-02 1.237424e+01) (1.147240e-02 3.280915e-02 4.179917e-01)) ((-1.266281e-01 3.068100e-02 3.850279e-02) (2.433062e-03 1.966858e-03 -4.005300e-04))
438           	((-1.387149e-01 3.204185e-02 1.237846e+01) (1.136846e-02 3.279355e-02 4.180684e-01)) ((-1.281948e-01 3.080425e-02 3.818000e-02) (2.430315e-03 1.956992e-03 -4.014918e-04))
439           	((-1.352852e-01 4.339965e-02 1.238258e+01) (1.125307e-02 3.277055e-02 4.181500e-01)) ((-1.296781e-01 3.097343e-02 3.796273e-02) (2.426554e-03 1.948941e-03 -4.020987e-04))
440           	((-1.310380e-01 5.307454e-02 1.238655e+01) (1.114499e-02 3.275844e-02 4.182425e-01)) ((-1.310836e-01 3.118398e-02 3.784311e-02) (2.424065e-03 1.937958e-03 -4.012165e-04))
441           	((-1.262706e-01 6.083904e-02 1.239035e+01) (1.102371e-02 3.274150e-02 4.183416e-01)) ((-1.323943e-01 3.144436e-02 3.780404e-02) (2.422100e-03 1.926223e-03 -4.005849e-04))
442           	((-1.210651e-01 6.685308e-02 1.239396e+01) (1.091235e-02 3.272553e-02 4.184276e-01)) ((-1.335626e-01 3.174126e-02 3.785246e-02) (2.420220e-03 1.914574e-03 -3.988256e-04))
443           	((-1.155718e-01 7.106814e-02 1.239732e+01) (1.079106e-02 3.270341e-02 4.185273e-01)) ((-1.345844e-01 3.207407e-02 3.795117e-02) (2.419054e-03 1.902640e-03 -3.958388e-04))
444           	((-1.100528e-01 7.334580e-02 1.240047e+01) (1.066937e-02 3.269518e-02 4.186290e-01)) ((-1.354807e-01 3.246020e-02 3.804580e-02) (2.416631e-03 1.889500e-03 -3.939581e-04))
445           	((-1.046747e-01 7.364707e-02 1.240336e+01) (1.054735e-02 3.268053e-02 4.187188e-01)) ((-1.362349e-01 3.291363e-02 3.811325e-02) (2.415591e-03 1.877262e-03 -3.893775e-04))
446           	((-9.941228e-02 7.202898e-02 1.240598e+01) (1.043692e-02 3.267805e-02 4.188173e-01)) ((-1.368317e-01 3.343885e-02 3.816404e-02) (2.415015e-03 1.863347e-03 -3.839336e-04))
447           	((-9.434726e-02 6.825881e-02 1.240838e+01) (1.032302e-02 3.266853e-02 4.189178e-01)) ((-1.372710e-01 3.403420e-02 3.818760e-02) (2.414004e-03 1.849525e-03 -3.789037e-04))
448           	((-8.957585e-02 6.232400e-02 1.241067e+01) (1.021481e-02 3.266480e-02 4.189968e-01)) ((-1.375339e-01 3.468575e-02 3.817862e-02) (2.413530e-03 1.836477e-03 -3.733582e-04))
449           	((-8.512506e-02 5.445298e-02 1.241301e+01) (1.010861e-02 3.266343e-02 4.190772e-01)) ((-1.376169e-01 3.535603e-02 3.813006e-02) (2.412761e-03 1.824873e-03 -3.671882e-04))
450           	((-8.102674e-02 4.465877e-02 1.241563e+01) (1.000400e-02 3.265936e-02 4.191559e-01)) ((-1.375425e-01 3.600203e-02 3.801961e-02) (2.411588e-03 1.816017e-03 -3.617002e-04))
451           	((-7.725802e-02 3.324266e-02 1.241868e+01) (9.901424e-03 3.266377e-02 4.192197e-01)) ((-1.373159e-01 3.660117e-02 3.785847e-02) (2.411577e-03 1.803986e-03 -3.542838e-04))
452           	((-7.376369e-02 2.040735e-02 1.242228e+01) (9.814912e-03 3.265537e-02 4.192754e-01)) ((-1.369167e-01 3.713406e-02 3.766931e-02) (2.409273e-03 1.794308e-03 -3.463600e-04))
453           	((-7.056149e-02 6.196663e-03 1.242651e+01) (9.721346e-03 3.265870e-02 4.193210e-01)) ((-1.363502e-01 3.759395e-02 3.747238e-02) (2.408543e-03 1.781949e-03 -3.382189e-04))
454           	((-6.759889e-02 -9.421635e-03 1.243133e+01) (9.638020e-03 3.264865e-02 4.193515e-01)) ((-1.356268e-01 3.797418e-02 3.728206e-02) (2.405937e-03 1.773478e-03 -3.297485e-04))
455           	((-6.466049e-02 -2.646362e-02 1.243654e+01) (9.559204e-03 3.264393e-02 4.193751e-01)) ((-1.347355e-01 3.828146e-02 3.709266e-02) (2.404111e-03 1.764986e-03 -3.214724e-04))
456           	((-6.170139e-02 -4.483521e-02 1.244193e+01) (9.486428e-03 3.262438e-02 4.193781e-01)) ((-1.336758e-01 3.852426e-02 3.691067e-02) (2.400944e-03 1.754070e-03 -3.123542e-04))
457           	((-5.873708e-02 -6.460920e-02 1.244736e+01) (9.429695e-03 3.260315e-02 4.193689e-01)) ((-1.324510e-01 3.871351e-02 3.671983e-02) (2.399230e-03 1.743697e-03 -3.044438e-04))
458           	((-5.581162e-02 -8.579520e-02 1.245275e+01) (9.382568e-03 3.257082e-02 4.193522e-01)) ((-1.310626e-01 3.885024e-02 3.649855e-02) (2.394912e-03 1.734950e-03 -2.963657e-04))
459           	((-5.297328e-02 -1.083681e-01 1.245806e+01) (9.331403e-03 3.253007e-02 4.193205e-01)) ((-1.295177e-01 3.892688e-02 3.625206e-02) (2.392077e-03 1.726480e-03 -2.907573e-04))
460           	((-5.018047e-02 -1.322083e-01 1.246332e+01) (9.297660e-03 3.248334e-02 4.192692e-01)) ((-1.278377e-01 3.893362e-02 3.598835e-02) (2.388248e-03 1.716652e-03 -2.842527e-04))
461           	((-4.732333e-02 -1.573398e-01 1.246855e+01) (9.259375e-03 3.243472e-02 4.192146e-01)) ((-1.260305e-01 3.886568e-02 3.572669e-02) (2.385950e-03 1.706851e-03 -2.784696e-04))
462           	((-4.441288e-02 -1.834463e-01 1.247371e+01) (9.229195e-03 3.237044e-02 4.191493e-01)) ((-1.241138e-01 3.873367e-02 3.548452e-02) (2.381802e-03 1.695773e-03 -2.730123e-04))
463           	((-4.139643e-02 -2.102866e-01 1.247872e+01) (9.195626e-03 3.230871e-02 4.190672e-01)) ((-1.220654e-01 3.854276e-02 3.531360e-02) (2.378843e-03 1.685344e-03 -2.686992e-04))
464           	((-3.815748e-02 -2.371024e-01 1.248353e+01) (9.166394e-03 3.223638e-02 4.189724e-01)) ((-1.198626e-01 3.829051e-02 3.524894e-02) (2.374186e-03 1.676750e-03 -2.648243e-04))
465           	((-3.458592e-02 -2.636069e-01 1.248809e+01) (9.135486e-03 3.216245e-02 4.188684e-01)) ((-1.174812e-01 3.797727e-02 3.533529e-02) (2.370607e-03 1.665306e-03 -2.607573e-04))
466           	((-3.076217e-02 -2.893846e-01 1.249244e+01) (9.112161e-03 3.208444e-02 4.187430e-01)) ((-1.149604e-01 3.761720e-02 3.552992e-02) (2.366245e-03 1.656403e-03 -2.573695e-04))
467           	((-2.695778e-02 -3.142954e-01 1.249660e+01) (9.079279e-03 3.199874e-02 4.186214e-01)) ((-1.123954e-01 3.722157e-02 3.573993e-02) (2.363396e-03 1.647934e-03 -2.541164e-04))
468           	((-2.341758e-02 -3.384330e-01 1.250058e+01) (9.046869e-03 3.191726e-02 4.185045e-01)) ((-1.098467e-01 3.679573e-02 3.595541e-02) (2.359556e-03 1.638494e-03 -2.520962e-04))
469           	((-2.022846e-02 -3.613284e-01 1.250439e+01) (9.014281e-03 3.182317e-02 4.183692e-01)) ((-1.073634e-01 3.634024e-02 3.618670e-02) (2.356964e-03 1.628657e-03 -2.484386e-04))
470           	((-1.740609e-02 -3.827163e-01 1.250801e+01) (8.988366e-03 3.173706e-02 4.182323e-01)) ((-1.049775e-01 3.585326e-02 3.645712e-02) (2.352826e-03 1.620846e-03 -2.461201e-04))
471           	((-1.513160e-02 -4.028939e-01 1.251137e+01) (8.952873e-03 3.164884e-02 4.181174e-01)) ((-1.027412e-01 3.533454e-02 3.676919e-02) (2.350351e-03 1.609165e-03 -2.431654e-04))
472           	((-1.360574e-02 -4.218431e-01 1.251443e+01) (8.914253e-03 3.156738e-02 4.179966e-01)) ((-1.006989e-01 3.479055e-02 3.712008e-02) (2.347383e-03 1.597637e-03 -2.407681e-04))
473           	((-1.279978e-02 -4.390930e-01 1.251713e+01) (8.880268e-03 3.148486e-02 4.178750e-01)) ((-9.886120e-02 3.422276e-02 3.752810e-02) (2.345024e-03 1.585514e-03 -2.368710e-04))
474           	((-1.265452e-02 -4.541912e-01 1.251943e+01) (8.849491e-03 3.140911e-02 4.177633e-01)) ((-9.723745e-02 3.363730e-02 3.798498e-02) (2.342046e-03 1.573782e-03 -2.347451e-04))
475           	((-1.322825e-02 -4.669204e-01 1.252137e+01) (8.812073e-03 3.133729e-02 4.176546e-01)) ((-9.583337e-02 3.304196e-02 3.845411e-02) (2.340537e-03 1.561989e-03 -2.325912e-04))
476           	((-1.444597e-02 -4.769261e-01 1.252310e+01) (8.773045e-03 3.127017e-02 4.175622e-01)) ((-9.463521e-02 3.242286e-02 3.892964e-02) (2.338206e-03 1.549454e-03 -2.296053e-04))
477           	((-1.627919e-02 -4.841363e-01 1.252480e+01) (8.734383e-03 3.120845e-02 4.174732e-01)) ((-9.365799e-02 3.178489e-02 3.939321e-02) (2.337125e-03 1.538205e-03 -2.268413e-04))
478           	((-1.867235e-02 -4.886304e-01 1.252665e+01) (8.693164e-03 3.115433e-02 4.173937e-01)) ((-9.291207e-02 3.114288e-02 3.983130e-02) (2.334016e-03 1.527564e-03 -2.241064e-04))
479           	((-2.153890e-02 -4.905345e-01 1.252862e+01) (8.652328e-03 3.109971e-02 4.173341e-01)) ((-9.240755e-02 3.051443e-02 4.026197e-02) (2.332921e-03 1.516463e-03 -2.209527e-04))
480           	((-2.485051e-02 -4.899177e-01 1.253071e+01) (8.617874e-03 3.105702e-02 4.172897e-01)) ((-9.216589e-02 2.990308e-02 4.070195e-02) (2.329475e-03 1.505878e-03 -2.182900e-04))
481           	((-2.851311e-02 -4.869984e-01 1.253283e+01) (8.582799e-03 3.102362e-02 4.172534e-01)) ((-9.222691e-02 2.929863e-02 4.115490e-02) (2.327224e-03 1.494114e-03 -2.143819e-04))
482           	((-3.235927e-02 -4.818024e-01 1.253483e+01) (8.542045e-03 3.099227e-02 4.172365e-01)) ((-9.262032e-02 2.869297e-02 4.160959e-02) (2.323100e-03 1.485318e-03 -2.094705e-04))
483           	((-3.621623e-02 -4.741896e-01 1.253649e+01) (8.501840e-03 3.096238e-02 4.172325e-01)) ((-9.335247e-02 2.810206e-02 4.205217e-02) (2.319598e-03 1.472877e-03 -2.043912e-04))
484           	((-3.994682e-02 -4.640774e-01 1.253757e+01) (8.462119e-03 3.093894e-02 4.172355e-01)) ((-9.441671e-02 2.753961e-02 4.248006e-02) (2.314451e-03 1.461513e-03 -1.991398e-04))
485           	((-4.341448e-02 -4.515645e-01 1.253794e+01) (8.422045e-03 3.092075e-02 4.172718e-01)) ((-9.579381e-02 2.700949e-02 4.287981e-02) (2.309256e-03 1.449062e-03 -1.919200e-04))
486           	((-4.644460e-02 -4.370006e-01 1.253753e+01) (8.384274e-03 3.090649e-02 4.173057e-01)) ((-9.743294e-02 2.649771e-02 4.323909e-02) (2.302520e-03 1.437237e-03 -1.845712e-04))
487           	((-4.880591e-02 -4.208664e-01 1.253633e+01) (8.346698e-03 3.090409e-02 4.173598e-01)) ((-9.926464e-02 2.599795e-02 4.353426e-02) (2.296641e-03 1.424948e-03 -1.777398e-04))
488           	((-5.037756e-02 -4.037576e-01 1.253441e+01) (8.312994e-03 3.090687e-02 4.174028e-01)) ((-1.012285e-01 2.549860e-02 4.376288e-02) (2.288697e-03 1.412056e-03 -1.699016e-04))
489           	((-5.118462e-02 -3.862790e-01 1.253181e+01) (8.277563e-03 3.090690e-02 4.174671e-01)) ((-1.032763e-01 2.500727e-02 4.392698e-02) (2.281136e-03 1.401019e-03 -1.625103e-04))
490           	((-5.129733e-02 -3.689750e-01 1.252848e+01) (8.252077e-03 3.091808e-02 4.175272e-01)) ((-1.053624e-01 2.454470e-02 4.403480e-02) (2.273286e-03 1.388873e-03 -1.545929e-04))
491           	((-5.070157e-02 -3.520083e-01 1.252432e+01) (8.226093e-03 3.092302e-02 4.175939e-01)) ((-1.074276e-01 2.411989e-02 4.409436e-02) (2.265463e-03 1.380176e-03 -1.470119e-04))
492           	((-4.946214e-02 -3.353530e-01 1.251930e+01) (8.211391e-03 3.093667e-02 4.176500e-01)) ((-1.094246e-01 2.374680e-02 4.412007e-02) (2.256733e-03 1.371003e-03 -1.407898e-04))
493           	((-4.769040e-02 -3.190480e-01 1.251345e+01) (8.193428e-03 3.094822e-02 4.176946e-01)) ((-1.113285e-01 2.345312e-02 4.410015e-02) (2.248363e-03 1.366117e-03 -1.350911e-04))
494           	((-4.561701e-02 -3.035898e-01 1.250701e+01) (8.182428e-03 3.096370e-02 4.177286e-01)) ((-1.131556e-01 2.326322e-02 4.398738e-02) (2.240103e-03 1.360744e-03 -1.309216e-04))
495           	((-4.345876e-02 -2.893482e-01 1.250025e+01) (8.175561e-03 3.097413e-02 4.177667e-01)) ((-1.149292e-01 2.318542e-02 4.375583e-02) (2.231694e-03 1.357266e-03 -1.265143e-04))
496           	((-4.136284e-02 -2.763609e-01 1.249347e+01) (8.171296e-03 3.099871e-02 4.177798e-01)) ((-1.166440e-01 2.320944e-02 4.343471e-02) (2.223793e-03 1.355542e-03 -1.243894e-04))
497           	((-3.930156e-02 -2.644955e-01 1.248691e+01) (8.164276e-03 3.101589e-02 4.177835e-01)) ((-1.182656e-01 2.329151e-02 4.309163e-02) (2.215354e-03 1.356329e-03 -1.223070e-04))
498           	((-3.725732e-02 -2.537886e-01 1.248071e+01) (8.166079e-03 3.104424e-02 4.177789e-01)) ((-1.198014e-01 2.340812e-02 4.273229e-02) (2.206276e-03 1.356447e-03 -1.222152e-04))
499           	((-3.530532e-02 -2.441963e-01 1.247491e+01) (8.159746e-03 3.106972e-02 4.177756e-01)) ((-1.212613e-01 2.355735e-02 4.234564e-02) (2.198710e-03 1.356683e-03 -1.230739e-04))
500           	((-3.343119e-02 -2.354666e-01 1.246959e+01) (8.164617e-03 3.109796e-02 4.177457e-01)) ((-1.226006e-01 2.373372e-02 4.195551e-02) (2.191490e-03 1.357742e-03 -1.254794e-04))
501           	((-3.153950e-02 -2.274843e-01 1.246483e+01) (8.177497e-03 3.112278e-02 4.177091e-01)) ((-1.237636e-01 2.394108e-02 4.157146e-02) (2.185304e-03 1.359535e-03 -1.287881e-04))
502           	((-2.959664e-02 -2.205146e-01 1.246072e+01) (8.186264e-03 3.115023e-02 4.176744e-01)) ((-1.247491e-01 2.418323e-02 4.117115e-02) (2.179423e-03 1.362006e-03 -1.338956e-04))
503           	((-2.768065e-02 -2.146822e-01 1.245728e+01) (8.197244e-03 3.117368e-02 4.176168e-01)) ((-1.255446e-01 2.447026e-02 4.075547e-02) (2.174366e-03 1.365182e-03 -1.393999e-04))
504           	((-2.583726e-02 -2.101034e-01 1.245457e+01) (8.217663e-03 3.119965e-02 4.175478e-01)) ((-1.261475e-01 2.478530e-02 4.032779e-02) (2.169658e-03 1.368894e-03 -1.467786e-04))
505           	((-2.424778e-02 -2.071515e-01 1.245263e+01) (8.225111e-03 3.122565e-02 4.174745e-01)) ((-1.265835e-01 2.511000e-02 3.988101e-02) (2.165071e-03 1.372768e-03 -1.537262e-04))
506           	((-2.306692e-02 -2.060168e-01 1.245149e+01) (8.236066e-03 3.125429e-02 4.174012e-01)) ((-1.268769e-01 2.542125e-02 3.942621e-02) (2.160734e-03 1.374448e-03 -1.611822e-04))
507           	((-2.237172e-02 -2.067871e-01 1.245117e+01) (8.252292e-03 3.127841e-02 4.173208e-01)) ((-1.270423e-01 2.569959e-02 3.897732e-02) (2.157043e-03 1.376496e-03 -1.691097e-04))
508           	((-2.208322e-02 -2.093223e-01 1.245160e+01) (8.270576e-03 3.131105e-02 4.172339e-01)) ((-1.270949e-01 2.592661e-02 3.854980e-02) (2.153064e-03 1.377374e-03 -1.774504e-04))
509           	((-2.204321e-02 -2.133782e-01 1.245271e+01) (8.284383e-03 3.132872e-02 4.171477e-01)) ((-1.270435e-01 2.608722e-02 3.818053e-02) (2.149390e-03 1.377978e-03 -1.853697e-04))
510           	((-2.200640e-02 -2.188230e-01 1.245444e+01) (8.311176e-03 3.135233e-02 4.170582e-01)) ((-1.268834e-01 2.617975e-02 3.789038e-02) (2.146259e-03 1.378242e-03 -1.942477e-04))
511           	((-2.180829e-02 -2.253151e-01 1.245667e+01) (8.323359e-03 3.136659e-02 4.169689e-01)) ((-1.265985e-01 2.620168e-02 3.769448e-02) (2.143100e-03 1.378371e-03 -2.033775e-04))
512           	((-2.138659e-02 -2.325146e-01 1.245923e+01) (8.348117e-03 3.138179e-02 4.168783e-01)) ((-1.261668e-01 2.617369e-02 3.758585e-02) (2.140594e-03 1.375931e-03 -2.125753e-04))
513           	((-2.070772e-02 -2.401378e-01 1.246207e+01) (8.369036e-03 3.139054e-02 4.167866e-01)) ((-1.255973e-01 2.609988e-02 3.754343e-02) (2.137149e-03 1.372861e-03 -2.200467e-04))
514           	((-1.973440e-02 -2.478564e-01 1.246509e+01) (8.395034e-03 3.140260e-02 4.166865e-01)) ((-1.249005e-01 2.597022e-02 3.757120e-02) (2.133801e-03 1.368114e-03 -2.284177e-04))
515           	((-1.856434e-02 -2.554708e-01 1.246822e+01) (8.412762e-03 3.140951e-02 4.166020e-01)) ((-1.241062e-01 2.578288e-02 3.767195e-02) (2.130772e-03 1.366616e-03 -2.369725e-04))
516           	((-1.723404e-02 -2.629597e-01 1.247137e+01) (8.441891e-03 3.142246e-02 4.164995e-01)) ((-1.232741e-01 2.555040e-02 3.782723e-02) (2.126434e-03 1.361842e-03 -2.450837e-04))
517           	((-1.577998e-02 -2.703940e-01 1.247443e+01) (8.457045e-03 3.142763e-02 4.164136e-01)) ((-1.224536e-01 2.528719e-02 3.801644e-02) (2.121846e-03 1.356597e-03 -2.525849e-04))
518           	((-1.426207e-02 -2.777291e-01 1.247733e+01) (8.474601e-03 3.143690e-02 4.163203e-01)) ((-1.216481e-01 2.498428e-02 3.824544e-02) (2.117209e-03 1.349460e-03 -2.590407e-04))
519           	((-1.267327e-02 -2.848421e-01 1.248005e+01) (8.496688e-03 3.144448e-02 4.162357e-01)) ((-1.208213e-01 2.462869e-02 3.852622e-02) (2.111138e-03 1.345193e-03 -2.663969e-04))
520           	((-1.114726e-02 -2.917473e-01 1.248260e+01) (8.507030e-03 3.145655e-02 4.161582e-01)) ((-1.199477e-01 2.423218e-02 3.886452e-02) (2.103796e-03 1.341671e-03 -2.725150e-04))
521           	((-9.976554e-03 -2.985971e-01 1.248506e+01) (8.510911e-03 3.146247e-02 4.160727e-01)) ((-1.190538e-01 2.382075e-02 3.923568e-02) (2.095766e-03 1.335594e-03 -2.759027e-04))
522           	((-9.361638e-03 -3.059045e-01 1.248749e+01) (8.516076e-03 3.147098e-02 4.160003e-01)) ((-1.181952e-01 2.341931e-02 3.958138e-02) (2.085455e-03 1.332451e-03 -2.791659e-04))
523           	((-9.418579e-03 -3.137297e-01 1.248999e+01) (8.514569e-03 3.148853e-02 4.159289e-01)) ((-1.174015e-01 2.304725e-02 3.986988e-02) (2.075154e-03 1.327112e-03 -2.809957e-04))
524           	((-1.000772e-02 -3.217377e-01 1.249260e+01) (8.512442e-03 3.150752e-02 4.158546e-01)) ((-1.166719e-01 2.268828e-02 4.011977e-02) (2.061908e-03 1.322865e-03 -2.836033e-04))
525           	((-1.103558e-02 -3.297327e-01 1.249528e+01) (8.518304e-03 3.153629e-02 4.157967e-01)) ((-1.160207e-01 2.233957e-02 4.033668e-02) (2.048667e-03 1.319448e-03 -2.840087e-04))
526           	((-1.248140e-02 -3.374978e-01 1.249799e+01) (8.514404e-03 3.156800e-02 4.157398e-01)) ((-1.154768e-01 2.200276e-02 4.049665e-02) (2.033080e-03 1.315160e-03 -2.844688e-04))
527           	((-1.431890e-02 -3.447069e-01 1.250076e+01) (8.508816e-03 3.160986e-02 4.157066e-01)) ((-1.150438e-01 2.167622e-02 4.059094e-02) (2.018308e-03 1.311485e-03 -2.849640e-04))
528           	((-1.630038e-02 -3.510740e-01 1.250360e+01) (8.501918e-03 3.165186e-02 4.156553e-01)) ((-1.147142e-01 2.136214e-02 4.062009e-02) (2.000218e-03 1.307103e-03 -2.847538e-04))
529           	((-1.837113e-02 -3.567291e-01 1.250643e+01) (8.494860e-03 3.169977e-02 4.156309e-01)) ((-1.145061e-01 2.108569e-02 4.054491e-02) (1.982975e-03 1.303759e-03 -2.846775e-04))
530           	((-2.046538e-02 -3.619968e-01 1.250922e+01) (8.490215e-03 3.175130e-02 4.156133e-01)) ((-1.144397e-01 2.084541e-02 4.032822e-02) (1.963935e-03 1.300126e-03 -2.840503e-04))
531           	((-2.253316e-02 -3.670431e-01 1.251194e+01) (8.486750e-03 3.179817e-02 4.156069e-01)) ((-1.145218e-01 2.062595e-02 3.996389e-02) (1.945296e-03 1.297849e-03 -2.844956e-04))
532           	((-2.458929e-02 -3.723148e-01 1.251456e+01) (8.480481e-03 3.185116e-02 4.156105e-01)) ((-1.147747e-01 2.040761e-02 3.944354e-02) (1.925619e-03 1.296808e-03 -2.850714e-04))
533           	((-2.662917e-02 -3.781317e-01 1.251698e+01) (8.477416e-03 3.189947e-02 4.156188e-01)) ((-1.151759e-01 2.017643e-02 3.877208e-02) (1.906294e-03 1.295963e-03 -2.856827e-04))
534           	((-2.864504e-02 -3.846489e-01 1.251913e+01) (8.486669e-03 3.194771e-02 4.156399e-01)) ((-1.156849e-01 1.992933e-02 3.797470e-02) (1.886101e-03 1.295873e-03 -2.862789e-04))
535           	((-3.064936e-02 -3.918299e-01 1.252095e+01) (8.498349e-03 3.199305e-02 4.156718e-01)) ((-1.162588e-01 1.967679e-02 3.707684e-02) (1.865170e-03 1.297257e-03 -2.887839e-04))
536           	((-3.252294e-02 -3.995630e-01 1.252237e+01) (8.511641e-03 3.203923e-02 4.157044e-01)) ((-1.168504e-01 1.943191e-02 3.612140e-02) (1.845513e-03 1.295300e-03 -2.905625e-04))
537           	((-3.415105e-02 -4.077711e-01 1.252332e+01) (8.536456e-03 3.208037e-02 4.157471e-01)) ((-1.174212e-01 1.919420e-02 3.513742e-02) (1.825388e-03 1.296861e-03 -2.927409e-04))
538           	((-3.544760e-02 -4.162677e-01 1.252371e+01) (8.556057e-03 3.211825e-02 4.157860e-01)) ((-1.179245e-01 1.895827e-02 3.414905e-02) (1.806236e-03 1.297871e-03 -2.950597e-04))
539           	((-3.642093e-02 -4.249156e-01 1.252347e+01) (8.582618e-03 3.213951e-02 4.158362e-01)) ((-1.183255e-01 1.870959e-02 3.317626e-02) (1.788356e-03 1.297688e-03 -2.980470e-04))
540           	((-3.706597e-02 -4.336654e-01 1.252264e+01) (8.611709e-03 3.216198e-02 4.158861e-01)) ((-1.186161e-01 1.843526e-02 3.222497e-02) (1.770372e-03 1.296820e-03 -3.010079e-04))
541           	((-3.735605e-02 -4.425043e-01 1.252118e+01) (8.634971e-03 3.216850e-02 4.159365e-01)) ((-1.187904e-01 1.812674e-02 3.129953e-02) (1.755392e-03 1.292826e-03 -3.037180e-04))
542           	((-3.728815e-02 -4.515781e-01 1.251906e+01) (8.652235e-03 3.216636e-02 4.159958e-01)) ((-1.188647e-01 1.779801e-02 3.040686e-02) (1.741419e-03 1.289916e-03 -3.067446e-04))
543           	((-3.687375e-02 -4.611525e-01 1.251631e+01) (8.665927e-03 3.215225e-02 4.160483e-01)) ((-1.188809e-01 1.747123e-02 2.953499e-02) (1.729654e-03 1.285132e-03 -3.100312e-04))
544           	((-3.618999e-02 -4.713552e-01 1.251296e+01) (8.673551e-03 3.213410e-02 4.160894e-01)) ((-1.188851e-01 1.717235e-02 2.866840e-02) (1.718531e-03 1.279905e-03 -3.133743e-04))
545           	((-3.523045e-02 -4.820285e-01 1.250907e+01) (8.681492e-03 3.210409e-02 4.161437e-01)) ((-1.188984e-01 1.691322e-02 2.782071e-02) (1.709095e-03 1.272785e-03 -3.164764e-04))
546           	((-3.390058e-02 -4.926526e-01 1.250475e+01) (8.683685e-03 3.206347e-02 4.161744e-01)) ((-1.189037e-01 1.668880e-02 2.703499e-02) (1.701244e-03 1.265915e-03 -3.200020e-04))
547           	((-3.218473e-02 -5.027118e-01 1.250008e+01) (8.666099e-03 3.201289e-02 4.162083e-01)) ((-1.188956e-01 1.649905e-02 2.632535e-02) (1.695861e-03 1.261825e-03 -3.238506e-04))
548           	((-3.024573e-02 -5.119396e-01 1.249523e+01) (8.648497e-03 3.195092e-02 4.162089e-01)) ((-1.188959e-01 1.634222e-02 2.568010e-02) (1.690981e-03 1.253575e-03 -3.274670e-04))
549           	((-2.827260e-02 -5.203830e-01 1.249035e+01) (8.625119e-03 3.187676e-02 4.162159e-01)) ((-1.189545e-01 1.621196e-02 2.506754e-02) (1.686996e-03 1.247940e-03 -3.315534e-04))
550           	((-2.639577e-02 -5.277803e-01 1.248558e+01) (8.597697e-03 3.180434e-02 4.162042e-01)) ((-1.190916e-01 1.609987e-02 2.449537e-02) (1.685509e-03 1.242180e-03 -3.353597e-04))
551           	((-2.460112e-02 -5.336026e-01 1.248099e+01) (8.558807e-03 3.171633e-02 4.161988e-01)) ((-1.192874e-01 1.598593e-02 2.400601e-02) (1.686692e-03 1.235655e-03 -3.384409e-04))
552           	((-2.299900e-02 -5.375753e-01 1.247651e+01) (8.518114e-03 3.163010e-02 4.161646e-01)) ((-1.195388e-01 1.586357e-02 2.361736e-02) (1.688430e-03 1.228414e-03 -3.425070e-04))
553           	((-2.186068e-02 -5.398966e-01 1.247207e+01) (8.466633e-03 3.153915e-02 4.161409e-01)) ((-1.198840e-01 1.574446e-02 2.331282e-02) (1.691404e-03 1.221516e-03 -3.459358e-04))
554           	((-2.137787e-02 -5.407534e-01 1.246763e+01) (8.423241e-03 3.145046e-02 4.161039e-01)) ((-1.203434e-01 1.563895e-02 2.309627e-02) (1.696920e-03 1.213805e-03 -3.483760e-04))
555           	((-2.161402e-02 -5.401637e-01 1.246320e+01) (8.370802e-03 3.135621e-02 4.160775e-01)) ((-1.208999e-01 1.555436e-02 2.301208e-02) (1.702796e-03 1.207695e-03 -3.522527e-04))
556           	((-2.254499e-02 -5.384158e-01 1.245876e+01) (8.319496e-03 3.126989e-02 4.160140e-01)) ((-1.215508e-01 1.549621e-02 2.306886e-02) (1.709417e-03 1.199899e-03 -3.551975e-04))
557           	((-2.417530e-02 -5.358716e-01 1.245437e+01) (8.271540e-03 3.117254e-02 4.159613e-01)) ((-1.222981e-01 1.547484e-02 2.325118e-02) (1.716129e-03 1.193204e-03 -3.571276e-04))
558           	((-2.639738e-02 -5.327783e-01 1.245009e+01) (8.224897e-03 3.108526e-02 4.158856e-01)) ((-1.230969e-01 1.550053e-02 2.353620e-02) (1.723871e-03 1.187279e-03 -3.596005e-04))
559           	((-2.915686e-02 -5.295452e-01 1.244607e+01) (8.169794e-03 3.099679e-02 4.158197e-01)) ((-1.239045e-01 1.557897e-02 2.387550e-02) (1.732359e-03 1.182912e-03 -3.620390e-04))
560           	((-3.237816e-02 -5.264454e-01 1.244249e+01) (8.122926e-03 3.091644e-02 4.157358e-01)) ((-1.246621e-01 1.570641e-02 2.423002e-02) (1.741522e-03 1.176311e-03 -3.634012e-04))
561           	((-3.601356e-02 -5.237198e-01 1.243953e+01) (8.080275e-03 3.082743e-02 4.156554e-01)) ((-1.253107e-01 1.588027e-02 2.455833e-02) (1.750604e-03 1.169115e-03 -3.643539e-04))
562           	((-3.993124e-02 -5.214268e-01 1.243730e+01) (8.046082e-03 3.075144e-02 4.155747e-01)) ((-1.258132e-01 1.608908e-02 2.484809e-02) (1.759915e-03 1.166192e-03 -3.651839e-04))
563           	((-4.392601e-02 -5.195693e-01 1.243573e+01) (8.011283e-03 3.067094e-02 4.155021e-01)) ((-1.261697e-01 1.632337e-02 2.510603e-02) (1.769340e-03 1.161395e-03 -3.655755e-04))
564           	((-4.771490e-02 -5.181190e-01 1.243473e+01) (7.990444e-03 3.060057e-02 4.154067e-01)) ((-1.263995e-01 1.656420e-02 2.534354e-02) (1.779870e-03 1.156784e-03 -3.658609e-04))
565           	((-5.106343e-02 -5.169352e-01 1.243415e+01) (7.971162e-03 3.053145e-02 4.153246e-01)) ((-1.265164e-01 1.680651e-02 2.557615e-02) (1.788475e-03 1.153666e-03 -3.657411e-04))
566           	((-5.388708e-02 -5.158003e-01 1.243388e+01) (7.965706e-03 3.046370e-02 4.152501e-01)) ((-1.265327e-01 1.704565e-02 2.583139e-02) (1.796813e-03 1.148277e-03 -3.659025e-04))
567           	((-5.623501e-02 -5.146712e-01 1.243397e+01) (7.959263e-03 3.039552e-02 4.151857e-01)) ((-1.264768e-01 1.727416e-02 2.611132e-02) (1.804932e-03 1.147267e-03 -3.659629e-04))
568           	((-5.818706e-02 -5.134862e-01 1.243445e+01) (7.962561e-03 3.034857e-02 4.151124e-01)) ((-1.263768e-01 1.749360e-02 2.641049e-02) (1.812351e-03 1.143828e-03 -3.650567e-04))
569           	((-5.986053e-02 -5.122250e-01 1.243529e+01) (7.971768e-03 3.029552e-02 4.150661e-01)) ((-1.262410e-01 1.771320e-02 2.672055e-02) (1.817701e-03 1.140715e-03 -3.631535e-04))
570           	((-6.133537e-02 -5.109031e-01 1.243651e+01) (7.990171e-03 3.025373e-02 4.150249e-01)) ((-1.260791e-01 1.792832e-02 2.704420e-02) (1.821811e-03 1.138269e-03 -3.630406e-04))
571           	((-6.260636e-02 -5.095904e-01 1.243809e+01) (8.006131e-03 3.021971e-02 4.150063e-01)) ((-1.258977e-01 1.815328e-02 2.736395e-02) (1.824983e-03 1.138314e-03 -3.621957e-04))
572           	((-6.361997e-02 -5.080725e-01 1.244002e+01) (8.043862e-03 3.019722e-02 4.150030e-01)) ((-1.256833e-01 1.838478e-02 2.769336e-02) (1.827890e-03 1.136527e-03 -3.613106e-04))
573           	((-6.421685e-02 -5.058389e-01 1.244227e+01) (8.085353e-03 3.017428e-02 4.150041e-01)) ((-1.254056e-01 1.860725e-02 2.808287e-02) (1.828507e-03 1.134696e-03 -3.600853e-04))
574           	((-6.433101e-02 -5.024094e-01 1.244474e+01) (8.126462e-03 3.016583e-02 4.150200e-01)) ((-1.250486e-01 1.881088e-02 2.856825e-02) (1.829274e-03 1.137169e-03 -3.601111e-04))
575           	((-6.403596e-02 -4.976118e-01 1.244743e+01) (8.163720e-03 3.016149e-02 4.150510e-01)) ((-1.246328e-01 1.900617e-02 2.914558e-02) (1.828783e-03 1.141174e-03 -3.601337e-04))
576           	((-6.356570e-02 -4.917220e-01 1.245037e+01) (8.207871e-03 3.017456e-02 4.150799e-01)) ((-1.242214e-01 1.920322e-02 2.976879e-02) (1.827990e-03 1.141710e-03 -3.608521e-04))
577           	((-6.299367e-02 -4.850003e-01 1.245360e+01) (8.253545e-03 3.018783e-02 4.151243e-01)) ((-1.238546e-01 1.940952e-02 3.040508e-02) (1.826630e-03 1.145513e-03 -3.611767e-04))
578           	((-6.204156e-02 -4.774492e-01 1.245705e+01) (8.297226e-03 3.021812e-02 4.151774e-01)) ((-1.235439e-01 1.961505e-02 3.105087e-02) (1.825119e-03 1.148420e-03 -3.615467e-04))
579           	((-6.045897e-02 -4.692706e-01 1.246058e+01) (8.334920e-03 3.024816e-02 4.152322e-01)) ((-1.233132e-01 1.981338e-02 3.170018e-02) (1.823752e-03 1.155100e-03 -3.632809e-04))
580           	((-5.825167e-02 -4.609186e-01 1.246400e+01) (8.369475e-03 3.029602e-02 4.153049e-01)) ((-1.232267e-01 2.002005e-02 3.229844e-02) (1.821490e-03 1.157378e-03 -3.641798e-04))
581           	((-5.559036e-02 -4.526603e-01 1.246719e+01) (8.407506e-03 3.034300e-02 4.153840e-01)) ((-1.233259e-01 2.025581e-02 3.281113e-02) (1.818515e-03 1.159761e-03 -3.646294e-04))
582           	((-5.249740e-02 -4.445984e-01 1.246997e+01) (8.444428e-03 3.039773e-02 4.154640e-01)) ((-1.235995e-01 2.052204e-02 3.325104e-02) (1.816022e-03 1.163375e-03 -3.655206e-04))
583           	((-4.903931e-02 -4.368972e-01 1.247225e+01) (8.471414e-03 3.045543e-02 4.155638e-01)) ((-1.240313e-01 2.081609e-02 3.362834e-02) (1.813279e-03 1.168768e-03 -3.680707e-04))
584           	((-4.544036e-02 -4.298204e-01 1.247404e+01) (8.504876e-03 3.051580e-02 4.156535e-01)) ((-1.246181e-01 2.112419e-02 3.394670e-02) (1.810635e-03 1.170455e-03 -3.689052e-04))
585           	((-4.187211e-02 -4.233992e-01 1.247540e+01) (8.542840e-03 3.057519e-02 4.157458e-01)) ((-1.253259e-01 2.142598e-02 3.423521e-02) (1.808151e-03 1.174242e-03 -3.692760e-04))
586           	((-3.855459e-02 -4.175806e-01 1.247633e+01) (8.571602e-03 3.064271e-02 4.158368e-01)) ((-1.261358e-01 2.171290e-02 3.452140e-02) (1.806345e-03 1.179679e-03 -3.710879e-04))
587           	((-3.563056e-02 -4.122631e-01 1.247679e+01) (8.599254e-03 3.070267e-02 4.159395e-01)) ((-1.270280e-01 2.198060e-02 3.483201e-02) (1.804880e-03 1.186534e-03 -3.725121e-04))
588           	((-3.323234e-02 -4.073702e-01 1.247673e+01) (8.624095e-03 3.076687e-02 4.160236e-01)) ((-1.279841e-01 2.222777e-02 3.516392e-02) (1.803659e-03 1.189591e-03 -3.727644e-04))
589           	((-3.142900e-02 -4.027619e-01 1.247608e+01) (8.652733e-03 3.083122e-02 4.161240e-01)) ((-1.289757e-01 2.246006e-02 3.551440e-02) (1.803468e-03 1.193351e-03 -3.732746e-04))
590           	((-3.021980e-02 -3.983009e-01 1.247473e+01) (8.676176e-03 3.088872e-02 4.162125e-01)) ((-1.299771e-01 2.266958e-02 3.588190e-02) (1.802530e-03 1.195532e-03 -3.724519e-04))
591           	((-2.957781e-02 -3.938986e-01 1.247266e+01) (8.698004e-03 3.094384e-02 4.162930e-01)) ((-1.309692e-01 2.284388e-02 3.625430e-02) (1.802428e-03 1.196804e-03 -3.719726e-04))
592           	((-2.934982e-02 -3.895814e-01 1.246989e+01) (8.706135e-03 3.099871e-02 4.163598e-01)) ((-1.319435e-01 2.297871e-02 3.662378e-02) (1.801980e-03 1.199273e-03 -3.715897e-04))
593           	((-2.928771e-02 -3.853913e-01 1.246645e+01) (8.724294e-03 3.103871e-02 4.164150e-01)) ((-1.329030e-01 2.307312e-02 3.701243e-02) (1.801985e-03 1.198531e-03 -3.693927e-04))
594           	((-2.913894e-02 -3.815556e-01 1.246241e+01) (8.749341e-03 3.107277e-02 4.164570e-01)) ((-1.338721e-01 2.312670e-02 3.741768e-02) (1.801585e-03 1.197072e-03 -3.688102e-04))
595           	((-2.871386e-02 -3.783443e-01 1.245789e+01) (8.766228e-03 3.110524e-02 4.164979e-01)) ((-1.348596e-01 2.314479e-02 3.782125e-02) (1.802419e-03 1.196274e-03 -3.681106e-04))
596           	((-2.792889e-02 -3.760237e-01 1.245309e+01) (8.777599e-03 3.113208e-02 4.165236e-01)) ((-1.358597e-01 2.313143e-02 3.819669e-02) (1.803938e-03 1.193457e-03 -3.671029e-04))
597           	((-2.676131e-02 -3.749060e-01 1.244825e+01) (8.798495e-03 3.114861e-02 4.165286e-01)) ((-1.368440e-01 2.308456e-02 3.849487e-02) (1.804116e-03 1.191456e-03 -3.669711e-04))
598           	((-2.524951e-02 -3.752091e-01 1.244349e+01) (8.813548e-03 3.116617e-02 4.165314e-01)) ((-1.377990e-01 2.302108e-02 3.868268e-02) (1.804288e-03 1.189678e-03 -3.663067e-04))
599           	((-2.345756e-02 -3.769200e-01 1.243888e+01) (8.827341e-03 3.117047e-02 4.165291e-01)) ((-1.387059e-01 2.294978e-02 3.876136e-02) (1.804586e-03 1.188950e-03 -3.661403e-04))
600           	((-2.131423e-02 -3.796793e-01 1.243438e+01) (8.845421e-03 3.117910e-02 4.165068e-01)) ((-1.395088e-01 2.285532e-02 3.878420e-02) (1.804393e-03 1.185223e-03 -3.654435e-04))
601           	((-1.880535e-02 -3.831357e-01 1.242991e+01) (8.852898e-03 3.118646e-02 4.164886e-01)) ((-1.401561e-01 2.273689e-02 3.877790e-02) (1.803662e-03 1.182267e-03 -3.660400e-04))
602           	((-1.613843e-02 -3.871088e-01 1.242541e+01) (8.863440e-03 3.119341e-02 4.164530e-01)) ((-1.406308e-01 2.260999e-02 3.874954e-02) (1.803429e-03 1.180214e-03 -3.654909e-04))
603           	((-1.361262e-02 -3.917947e-01 1.242093e+01) (8.872013e-03 3.119449e-02 4.164121e-01)) ((-1.409711e-01 2.249318e-02 3.867818e-02) (1.803874e-03 1.176526e-03 -3.669339e-04))
604           	((-1.143617e-02 -3.973007e-01 1.241658e+01) (8.876765e-03 3.120152e-02 4.163706e-01)) ((-1.412209e-01 2.240811e-02 3.854044e-02) (1.804131e-03 1.173227e-03 -3.674071e-04))
605           	((-9.635224e-03 -4.036508e-01 1.241245e+01) (8.884464e-03 3.120656e-02 4.163242e-01)) ((-1.413808e-01 2.235301e-02 3.835116e-02) (1.802522e-03 1.173697e-03 -3.681127e-04))
606           	((-8.177740e-03 -4.106132e-01 1.240861e+01) (8.898689e-03 3.121299e-02 4.162538e-01)) ((-1.414564e-01 2.231762e-02 3.813681e-02) (1.801802e-03 1.171798e-03 -3.678121e-04))
607           	((-7.026922e-03 -4.181650e-01 1.240504e+01) (8.887735e-03 3.122087e-02 4.162070e-01)) ((-1.414962e-01 2.230250e-02 3.787647e-02) (1.801926e-03 1.171466e-03 -3.687831e-04))
608           	((-6.262630e-03 -4.261855e-01 1.240183e+01) (8.890359e-03 3.122901e-02 4.161352e-01)) ((-1.415377e-01 2.232113e-02 3.754955e-02) (1.801032e-03 1.168215e-03 -3.682716e-04))
609           	((-5.724018e-03 -4.342536e-01 1.239903e+01) (8.882518e-03 3.123760e-02 4.160785e-01)) ((-1.415585e-01 2.237933e-02 3.718163e-02) (1.801167e-03 1.167883e-03 -3.690807e-04))
610           	((-5.254871e-03 -4.420306e-01 1.239672e+01) (8.881746e-03 3.124778e-02 4.160079e-01)) ((-1.415219e-01 2.248230e-02 3.680888e-02) (1.801294e-03 1.167206e-03 -3.694606e-04))
611           	((-4.848050e-03 -4.495313e-01 1.239498e+01) (8.875364e-03 3.125059e-02 4.159381e-01)) ((-1.414250e-01 2.263387e-02 3.644647e-02) (1.802128e-03 1.166881e-03 -3.702453e-04))
612           	((-4.576791e-03 -4.566260e-01 1.239387e+01) (8.874525e-03 3.126312e-02 4.158667e-01)) ((-1.412444e-01 2.282401e-02 3.612276e-02) (1.802479e-03 1.167043e-03 -3.703139e-04))
613           	((-4.538251e-03 -4.633089e-01 1.239352e+01) (8.856807e-03 3.127550e-02 4.157833e-01)) ((-1.409606e-01 2.304017e-02 3.584532e-02) (1.803036e-03 1.168128e-03 -3.706665e-04))
614           	((-4.827487e-03 -4.696899e-01 1.239403e+01) (8.843074e-03 3.128581e-02 4.157155e-01)) ((-1.405651e-01 2.326725e-02 3.560018e-02) (1.803658e-03 1.167928e-03 -3.705350e-04))
615           	((-5.450190e-03 -4.758984e-01 1.239549e+01) (8.823376e-03 3.129247e-02 4.156576e-01)) ((-1.400667e-01 2.350125e-02 3.535472e-02) (1.805116e-03 1.169441e-03 -3.724419e-04))
616           	((-6.398474e-03 -4.819927e-01 1.239796e+01) (8.807542e-03 3.130404e-02 4.155874e-01)) ((-1.394693e-01 2.374779e-02 3.509323e-02) (1.806195e-03 1.168492e-03 -3.717503e-04))
617           	((-7.600030e-03 -4.881012e-01 1.240138e+01) (8.782045e-03 3.130752e-02 4.155539e-01)) ((-1.387861e-01 2.401800e-02 3.482217e-02) (1.806775e-03 1.168246e-03 -3.720200e-04))
618           	((-8.946553e-03 -4.944931e-01 1.240572e+01) (8.765290e-03 3.131399e-02 4.155116e-01)) ((-1.380331e-01 2.431206e-02 3.456227e-02) (1.806959e-03 1.166991e-03 -3.718081e-04))
619           	((-1.031766e-02 -5.014405e-01 1.241091e+01) (8.736846e-03 3.131396e-02 4.154897e-01)) ((-1.372240e-01 2.462039e-02 3.434206e-02) (1.807510e-03 1.166647e-03 -3.726795e-04))
620           	((-1.158412e-02 -5.089661e-01 1.241687e+01) (8.710503e-03 3.131137e-02 4.154732e-01)) ((-1.363408e-01 2.492023e-02 3.420325e-02) (1.806936e-03 1.162386e-03 -3.719618e-04))
621           	((-1.274172e-02 -5.170226e-01 1.242356e+01) (8.683650e-03 3.130382e-02 4.154739e-01)) ((-1.353861e-01 2.519178e-02 3.417679e-02) (1.805791e-03 1.159113e-03 -3.720517e-04))
622           	((-1.386896e-02 -5.254487e-01 1.243091e+01) (8.654811e-03 3.130611e-02 4.154887e-01)) ((-1.343773e-01 2.541390e-02 3.428523e-02) (1.802055e-03 1.153686e-03 -3.703113e-04))
623           	((-1.504376e-02 -5.338754e-01 1.243880e+01) (8.620217e-03 3.129440e-02 4.155139e-01)) ((-1.333398e-01 2.557771e-02 3.454762e-02) (1.799444e-03 1.148926e-03 -3.680913e-04))
624           	((-1.624605e-02 -5.418066e-01 1.244716e+01) (8.587498e-03 3.128410e-02 4.155382e-01)) ((-1.323108e-01 2.567310e-02 3.497040e-02) (1.795356e-03 1.142105e-03 -3.648446e-04))
625           	((-1.752853e-02 -5.489929e-01 1.245592e+01) (8.537498e-03 3.127127e-02 4.155833e-01)) ((-1.313547e-01 2.569777e-02 3.554108e-02) (1.790045e-03 1.136009e-03 -3.612848e-04))
626           	((-1.886875e-02 -5.552086e-01 1.246492e+01) (8.505453e-03 3.125795e-02 4.156364e-01)) ((-1.305149e-01 2.565186e-02 3.625060e-02) (1.783493e-03 1.126349e-03 -3.558240e-04))
627           	((-2.003656e-02 -5.602217e-01 1.247393e+01) (8.464415e-03 3.123419e-02 4.157098e-01)) ((-1.298009e-01 2.553265e-02 3.710701e-02) (1.777510e-03 1.120006e-03 -3.515827e-04))
628           	((-2.078541e-02 -5.640256e-01 1.248274e+01) (8.424302e-03 3.121837e-02 4.157687e-01)) ((-1.291984e-01 2.534704e-02 3.811707e-02) (1.771096e-03 1.111661e-03 -3.452494e-04))
629           	((-2.114328e-02 -5.667437e-01 1.249113e+01) (8.374957e-03 3.119383e-02 4.158498e-01)) ((-1.286872e-01 2.511101e-02 3.926442e-02) (1.763552e-03 1.104455e-03 -3.394269e-04))
630           	((-2.133150e-02 -5.689042e-01 1.249896e+01) (8.337463e-03 3.117202e-02 4.159233e-01)) ((-1.282868e-01 2.483694e-02 4.048150e-02) (1.755213e-03 1.098342e-03 -3.322425e-04))
631           	((-2.155473e-02 -5.711825e-01 1.250616e+01) (8.291002e-03 3.114661e-02 4.160124e-01)) ((-1.280140e-01 2.452641e-02 4.170373e-02) (1.747273e-03 1.092286e-03 -3.250736e-04))
632           	((-2.192994e-02 -5.738635e-01 1.251257e+01) (8.246017e-03 3.113262e-02 4.160861e-01)) ((-1.278376e-01 2.417901e-02 4.290978e-02) (1.735839e-03 1.084334e-03 -3.143655e-04))
633           	((-2.246039e-02 -5.770107e-01 1.251812e+01) (8.201851e-03 3.111278e-02 4.161624e-01)) ((-1.277309e-01 2.378694e-02 4.409153e-02) (1.725564e-03 1.080754e-03 -3.038454e-04))
634           	((-2.317102e-02 -5.807459e-01 1.252271e+01) (8.155868e-03 3.110421e-02 4.162535e-01)) ((-1.277235e-01 2.336646e-02 4.524278e-02) (1.713254e-03 1.079123e-03 -2.924100e-04))
635           	((-2.426543e-02 -5.851815e-01 1.252633e+01) (8.118845e-03 3.109252e-02 4.163537e-01)) ((-1.278437e-01 2.293917e-02 4.634962e-02) (1.701730e-03 1.076832e-03 -2.801332e-04))
636           	((-2.570009e-02 -5.900175e-01 1.252890e+01) (8.093446e-03 3.109033e-02 4.164440e-01)) ((-1.280687e-01 2.250403e-02 4.744039e-02) (1.689619e-03 1.076543e-03 -2.663909e-04))
637           	((-2.749995e-02 -5.949522e-01 1.253032e+01) (8.063120e-03 3.109300e-02 4.165289e-01)) ((-1.283625e-01 2.207255e-02 4.853815e-02) (1.677739e-03 1.077647e-03 -2.535414e-04))
638           	((-2.981501e-02 -5.999776e-01 1.253054e+01) (8.047097e-03 3.109515e-02 4.166110e-01)) ((-1.287135e-01 2.167383e-02 4.963429e-02) (1.665765e-03 1.079929e-03 -2.389070e-04))
639           	((-3.261559e-02 -6.050388e-01 1.252967e+01) (8.031017e-03 3.109660e-02 4.166923e-01)) ((-1.291075e-01 2.133909e-02 5.068848e-02) (1.654315e-03 1.085630e-03 -2.259742e-04))
640           	((-3.577006e-02 -6.101485e-01 1.252786e+01) (8.020160e-03 3.110820e-02 4.167535e-01)) ((-1.295327e-01 2.108554e-02 5.165209e-02) (1.644726e-03 1.092120e-03 -2.132137e-04))
641           	((-3.910518e-02 -6.154175e-01 1.252533e+01) (8.013855e-03 3.110725e-02 4.168173e-01)) ((-1.299883e-01 2.092145e-02 5.246331e-02) (1.635515e-03 1.099597e-03 -1.999312e-04))
642           	((-4.244680e-02 -6.210931e-01 1.252234e+01) (8.014573e-03 3.111345e-02 4.168703e-01)) ((-1.304577e-01 2.084791e-02 5.306368e-02) (1.627360e-03 1.109189e-03 -1.875908e-04))
643           	((-4.558992e-02 -6.272667e-01 1.251913e+01) (8.011943e-03 3.111258e-02 4.169221e-01)) ((-1.309120e-01 2.086417e-02 5.343912e-02) (1.620443e-03 1.122065e-03 -1.772663e-04))
644           	((-4.829940e-02 -6.339149e-01 1.251587e+01) (8.029802e-03 3.111113e-02 4.169595e-01)) ((-1.313239e-01 2.096448e-02 5.359397e-02) (1.615441e-03 1.131287e-03 -1.664635e-04))
645           	((-5.031276e-02 -6.411444e-01 1.251267e+01) (8.048017e-03 3.110797e-02 4.169954e-01)) ((-1.316851e-01 2.114305e-02 5.352085e-02) (1.612171e-03 1.143276e-03 -1.567728e-04))
646           	((-5.142552e-02 -6.488023e-01 1.250960e+01) (8.066603e-03 3.109839e-02 4.170272e-01)) ((-1.319948e-01 2.139048e-02 5.322239e-02) (1.610726e-03 1.154189e-03 -1.481491e-04))
647           	((-5.153065e-02 -6.565998e-01 1.250670e+01) (8.082870e-03 3.108089e-02 4.170584e-01)) ((-1.322425e-01 2.169439e-02 5.274444e-02) (1.609645e-03 1.166057e-03 -1.412928e-04))
648           	((-5.065273e-02 -6.642723e-01 1.250406e+01) (8.115893e-03 3.106586e-02 4.170749e-01)) ((-1.324244e-01 2.203878e-02 5.212506e-02) (1.611263e-03 1.176200e-03 -1.358382e-04))
649           	((-4.897132e-02 -6.716676e-01 1.250167e+01) (8.145018e-03 3.104474e-02 4.170894e-01)) ((-1.325432e-01 2.240417e-02 5.139000e-02) (1.612718e-03 1.185749e-03 -1.319738e-04))
650           	((-4.660342e-02 -6.786896e-01 1.249944e+01) (8.181208e-03 3.102683e-02 4.170924e-01)) ((-1.326037e-01 2.278012e-02 5.054379e-02) (1.616627e-03 1.193765e-03 -1.281688e-04))
651           	((-4.369040e-02 -6.851962e-01 1.249726e+01) (8.216025e-03 3.098990e-02 4.170882e-01)) ((-1.326145e-01 2.316044e-02 4.959863e-02) (1.620824e-03 1.201855e-03 -1.273727e-04))
652           	((-4.043396e-02 -6.910136e-01 1.249495e+01) (8.249597e-03 3.096484e-02 4.170722e-01)) ((-1.326072e-01 2.354815e-02 4.855080e-02) (1.625757e-03 1.209631e-03 -1.279370e-04))
653           	((-3.690564e-02 -6.960020e-01 1.249237e+01) (8.285543e-03 3.092625e-02 4.170450e-01)) ((-1.326130e-01 2.395697e-02 4.739661e-02) (1.630556e-03 1.213758e-03 -1.280993e-04))
654           	((-3.302194e-02 -6.997529e-01 1.248937e+01) (8.328184e-03 3.089174e-02 4.170090e-01)) ((-1.326311e-01 2.439201e-02 4.616730e-02) (1.637087e-03 1.219641e-03 -1.312056e-04))
655           	((-2.876506e-02 -7.018867e-01 1.248584e+01) (8.356309e-03 3.085453e-02 4.169588e-01)) ((-1.326628e-01 2.486100e-02 4.489189e-02) (1.642346e-03 1.224995e-03 -1.353311e-04))
656           	((-2.427093e-02 -7.021744e-01 1.248177e+01) (8.387032e-03 3.082158e-02 4.168970e-01)) ((-1.327125e-01 2.536697e-02 4.359075e-02) (1.649903e-03 1.228295e-03 -1.408688e-04))
657           	((-1.980823e-02 -7.009083e-01 1.247726e+01) (8.416054e-03 3.077342e-02 4.168355e-01)) ((-1.328098e-01 2.589766e-02 4.225162e-02) (1.657133e-03 1.231443e-03 -1.461142e-04))
658           	((-1.569287e-02 -6.983012e-01 1.247254e+01) (8.440382e-03 3.074456e-02 4.167437e-01)) ((-1.329498e-01 2.644749e-02 4.087801e-02) (1.664412e-03 1.234102e-03 -1.528936e-04))
659           	((-1.191953e-02 -6.944652e-01 1.246776e+01) (8.465039e-03 3.070895e-02 4.166547e-01)) ((-1.330888e-01 2.699494e-02 3.950706e-02) (1.671773e-03 1.236603e-03 -1.608398e-04))
660           	((-8.483005e-03 -6.894328e-01 1.246312e+01) (8.486125e-03 3.068548e-02 4.165465e-01)) ((-1.332069e-01 2.752234e-02 3.818683e-02) (1.679908e-03 1.239095e-03 -1.690791e-04))
661           	((-5.438132e-03 -6.832919e-01 1.245865e+01) (8.492571e-03 3.065859e-02 4.164453e-01)) ((-1.333418e-01 2.802163e-02 3.692765e-02) (1.687250e-03 1.240564e-03 -1.767580e-04))
662           	((-2.916299e-03 -6.761561e-01 1.245444e+01) (8.506508e-03 3.064401e-02 4.163321e-01)) ((-1.335386e-01 2.849105e-02 3.574237e-02) (1.695456e-03 1.240551e-03 -1.846562e-04))
663           	((-8.993419e-04 -6.678366e-01 1.245058e+01) (8.509623e-03 3.062669e-02 4.162195e-01)) ((-1.337958e-01 2.892476e-02 3.467285e-02) (1.702862e-03 1.239510e-03 -1.927306e-04))
664           	((5.983241e-04 -6.581029e-01 1.244711e+01) (8.508843e-03 3.062720e-02 4.160975e-01)) ((-1.341074e-01 2.933026e-02 3.376149e-02) (1.711442e-03 1.238940e-03 -2.009637e-04))
665           	((1.443095e-03 -6.469975e-01 1.244405e+01) (8.504852e-03 3.062038e-02 4.159881e-01)) ((-1.344954e-01 2.971175e-02 3.300761e-02) (1.718556e-03 1.236885e-03 -2.090638e-04))
666           	((1.581948e-03 -6.345564e-01 1.244147e+01) (8.504138e-03 3.062467e-02 4.158785e-01)) ((-1.349633e-01 3.005743e-02 3.241897e-02) (1.726908e-03 1.234123e-03 -2.165882e-04))
667           	((9.186494e-04 -6.210508e-01 1.243937e+01) (8.483876e-03 3.062479e-02 4.157685e-01)) ((-1.355186e-01 3.035765e-02 3.200309e-02) (1.733320e-03 1.231231e-03 -2.234234e-04))
668           	((-6.735277e-04 -6.068287e-01 1.243782e+01) (8.469019e-03 3.063853e-02 4.156636e-01)) ((-1.361816e-01 3.059974e-02 3.175427e-02) (1.739569e-03 1.226209e-03 -2.290685e-04))
669           	((-3.254325e-03 -5.923223e-01 1.243688e+01) (8.452973e-03 3.064462e-02 4.155806e-01)) ((-1.369528e-01 3.078424e-02 3.165958e-02) (1.744398e-03 1.221420e-03 -2.335848e-04))
670           	((-6.712388e-03 -5.778219e-01 1.243664e+01) (8.425218e-03 3.066850e-02 4.155158e-01)) ((-1.378087e-01 3.091460e-02 3.172043e-02) (1.747910e-03 1.216597e-03 -2.374783e-04))
671           	((-1.081843e-02 -5.634242e-01 1.243713e+01) (8.404867e-03 3.068260e-02 4.154641e-01)) ((-1.387183e-01 3.098645e-02 3.193076e-02) (1.749816e-03 1.210758e-03 -2.403669e-04))
672           	((-1.527608e-02 -5.492878e-01 1.243830e+01) (8.386888e-03 3.071029e-02 4.154127e-01)) ((-1.396642e-01 3.099921e-02 3.227524e-02) (1.751284e-03 1.202124e-03 -2.427591e-04))
673           	((-1.973556e-02 -5.353011e-01 1.244009e+01) (8.362036e-03 3.073738e-02 4.153696e-01)) ((-1.406379e-01 3.095689e-02 3.274145e-02) (1.750423e-03 1.194743e-03 -2.441613e-04))
674           	((-2.389416e-02 -5.211166e-01 1.244249e+01) (8.345404e-03 3.077248e-02 4.153552e-01)) ((-1.416314e-01 3.086938e-02 3.330468e-02) (1.747892e-03 1.187049e-03 -2.456604e-04))
675           	((-2.752008e-02 -5.064455e-01 1.244548e+01) (8.329505e-03 3.079643e-02 4.153502e-01)) ((-1.426640e-01 3.074298e-02 3.394540e-02) (1.744338e-03 1.178877e-03 -2.467244e-04))
676           	((-3.043020e-02 -4.913235e-01 1.244900e+01) (8.312574e-03 3.083234e-02 4.153440e-01)) ((-1.437675e-01 3.057624e-02 3.462597e-02) (1.739862e-03 1.168058e-03 -2.458128e-04))
677           	((-3.246697e-02 -4.760235e-01 1.245295e+01) (8.292213e-03 3.085940e-02 4.153554e-01)) ((-1.449613e-01 3.037148e-02 3.529619e-02) (1.733121e-03 1.158256e-03 -2.453967e-04))
678           	((-3.357280e-02 -4.608668e-01 1.245718e+01) (8.272395e-03 3.089011e-02 4.153817e-01)) ((-1.462392e-01 3.014045e-02 3.592865e-02) (1.725620e-03 1.149135e-03 -2.437226e-04))
679           	((-3.385090e-02 -4.462653e-01 1.246151e+01) (8.256268e-03 3.091208e-02 4.154064e-01)) ((-1.475872e-01 2.989039e-02 3.649407e-02) (1.716758e-03 1.140628e-03 -2.432800e-04))
680           	((-3.349196e-02 -4.326441e-01 1.246575e+01) (8.244070e-03 3.094039e-02 4.154377e-01)) ((-1.489587e-01 2.962199e-02 3.697248e-02) (1.707597e-03 1.128519e-03 -2.416719e-04))
681           	((-3.262744e-02 -4.201107e-01 1.246971e+01) (8.234032e-03 3.095281e-02 4.154794e-01)) ((-1.502754e-01 2.931441e-02 3.738341e-02) (1.696737e-03 1.118116e-03 -2.399560e-04))
682           	((-3.138157e-02 -4.086604e-01 1.247319e+01) (8.220949e-03 3.097792e-02 4.155151e-01)) ((-1.514847e-01 2.895241e-02 3.775549e-02) (1.684360e-03 1.112662e-03 -2.377095e-04))
683           	((-2.996801e-02 -3.984057e-01 1.247602e+01) (8.205436e-03 3.099211e-02 4.155514e-01)) ((-1.525639e-01 2.853982e-02 3.810136e-02) (1.672241e-03 1.105432e-03 -2.357395e-04))
684           	((-2.860291e-02 -3.895617e-01 1.247812e+01) (8.201732e-03 3.101582e-02 4.155899e-01)) ((-1.535216e-01 2.808400e-02 3.842071e-02) (1.659128e-03 1.097209e-03 -2.343964e-04))
685           	((-2.746815e-02 -3.820988e-01 1.247949e+01) (8.193362e-03 3.103060e-02 4.156352e-01)) ((-1.543732e-01 2.760459e-02 3.871669e-02) (1.647012e-03 1.093104e-03 -2.332076e-04))
686           	((-2.651381e-02 -3.759320e-01 1.248016e+01) (8.188336e-03 3.105227e-02 4.156727e-01)) ((-1.551113e-01 2.710804e-02 3.901607e-02) (1.634071e-03 1.087388e-03 -2.317544e-04))
687           	((-2.572842e-02 -3.710076e-01 1.248015e+01) (8.173798e-03 3.106210e-02 4.157231e-01)) ((-1.557531e-01 2.659453e-02 3.930173e-02) (1.623038e-03 1.084366e-03 -2.317411e-04))
688           	((-2.528078e-02 -3.675950e-01 1.247950e+01) (8.155657e-03 3.109151e-02 4.157580e-01)) ((-1.563468e-01 2.607878e-02 3.953992e-02) (1.612749e-03 1.077699e-03 -2.302874e-04))
689           	((-2.523545e-02 -3.655936e-01 1.247817e+01) (8.133948e-03 3.109650e-02 4.157981e-01)) ((-1.568969e-01 2.558369e-02 3.968545e-02) (1.603227e-03 1.072846e-03 -2.295129e-04))
690           	((-2.541757e-02 -3.650182e-01 1.247623e+01) (8.115084e-03 3.112009e-02 4.158446e-01)) ((-1.573943e-01 2.512898e-02 3.974518e-02) (1.595139e-03 1.070180e-03 -2.286998e-04))
691           	((-2.563874e-02 -3.657502e-01 1.247376e+01) (8.090460e-03 3.113065e-02 4.158776e-01)) ((-1.578492e-01 2.473791e-02 3.970315e-02) (1.588258e-03 1.066475e-03 -2.277473e-04))
692           	((-2.574293e-02 -3.678669e-01 1.247092e+01) (8.072131e-03 3.114702e-02 4.159060e-01)) ((-1.582895e-01 2.441920e-02 3.952976e-02) (1.583289e-03 1.062770e-03 -2.277378e-04))
693           	((-2.559182e-02 -3.714278e-01 1.246793e+01) (8.042663e-03 3.115431e-02 4.159290e-01)) ((-1.587286e-01 2.416301e-02 3.925140e-02) (1.580148e-03 1.058759e-03 -2.271034e-04))
694           	((-2.515818e-02 -3.762199e-01 1.246502e+01) (8.022428e-03 3.117208e-02 4.159505e-01)) ((-1.591791e-01 2.395506e-02 3.888425e-02) (1.578355e-03 1.059960e-03 -2.277582e-04))
695           	((-2.454649e-02 -3.820282e-01 1.246238e+01) (7.992478e-03 3.117664e-02 4.159611e-01)) ((-1.596418e-01 2.377737e-02 3.842601e-02) (1.578218e-03 1.060167e-03 -2.285606e-04))
696           	((-2.386929e-02 -3.887381e-01 1.246016e+01) (7.968579e-03 3.118941e-02 4.159797e-01)) ((-1.600943e-01 2.361577e-02 3.787234e-02) (1.581423e-03 1.058396e-03 -2.289198e-04))
697           	((-2.323030e-02 -3.962210e-01 1.245846e+01) (7.940155e-03 3.119243e-02 4.159956e-01)) ((-1.605000e-01 2.345616e-02 3.724491e-02) (1.584227e-03 1.058062e-03 -2.281614e-04))
698           	((-2.272068e-02 -4.044847e-01 1.245726e+01) (7.918213e-03 3.120624e-02 4.160075e-01)) ((-1.608302e-01 2.329726e-02 3.659355e-02) (1.588653e-03 1.060410e-03 -2.283072e-04))
699           	((-2.234136e-02 -4.135180e-01 1.245642e+01) (7.895481e-03 3.120535e-02 4.160159e-01)) ((-1.610654e-01 2.313609e-02 3.596602e-02) (1.594503e-03 1.061808e-03 -2.278467e-04))
700           	((-2.203606e-02 -4.231490e-01 1.245569e+01) (7.874949e-03 3.121448e-02 4.160030e-01)) ((-1.611757e-01 2.297139e-02 3.540111e-02) (1.600529e-03 1.061679e-03 -2.272408e-04))
701           	((-2.184628e-02 -4.330030e-01 1.245485e+01) (7.858029e-03 3.121152e-02 4.160007e-01)) ((-1.611473e-01 2.280170e-02 3.494140e-02) (1.606538e-03 1.060563e-03 -2.259349e-04))
702           	((-2.178110e-02 -4.427697e-01 1.245385e+01) (7.850403e-03 3.121535e-02 4.159987e-01)) ((-1.610002e-01 2.261737e-02 3.459974e-02) (1.612648e-03 1.061385e-03 -2.249999e-04))
703           	((-2.183970e-02 -4.522310e-01 1.245273e+01) (7.848855e-03 3.120821e-02 4.159898e-01)) ((-1.607749e-01 2.241025e-02 3.435064e-02) (1.619429e-03 1.060183e-03 -2.236981e-04))
704           	((-2.202192e-02 -4.614465e-01 1.245152e+01) (7.849832e-03 3.120894e-02 4.159756e-01)) ((-1.605034e-01 2.217577e-02 3.415781e-02) (1.626851e-03 1.057724e-03 -2.228432e-04))
705           	((-2.240681e-02 -4.705034e-01 1.245024e+01) (7.846456e-03 3.120274e-02 4.159603e-01)) ((-1.602058e-01 2.191908e-02 3.399933e-02) (1.633204e-03 1.054466e-03 -2.213082e-04))
706           	((-2.310630e-02 -4.796728e-01 1.244901e+01) (7.849924e-03 3.120510e-02 4.159505e-01)) ((-1.598725e-01 2.164137e-02 3.385788e-02) (1.639788e-03 1.052893e-03 -2.200088e-04))
707           	((-2.407611e-02 -4.889210e-01 1.244788e+01) (7.855091e-03 3.119861e-02 4.159317e-01)) ((-1.594502e-01 2.132802e-02 3.374970e-02) (1.645507e-03 1.051863e-03 -2.196979e-04))
708           	((-2.510677e-02 -4.981858e-01 1.244692e+01) (7.866757e-03 3.120223e-02 4.158915e-01)) ((-1.588917e-01 2.094630e-02 3.370834e-02) (1.651599e-03 1.049216e-03 -2.195508e-04))
709           	((-2.613987e-02 -5.074518e-01 1.244615e+01) (7.870445e-03 3.119883e-02 4.158404e-01)) ((-1.581612e-01 2.048633e-02 3.376183e-02) (1.656071e-03 1.048519e-03 -2.190239e-04))
710           	((-2.725342e-02 -5.167515e-01 1.244561e+01) (7.880981e-03 3.120931e-02 4.158000e-01)) ((-1.572784e-01 1.995907e-02 3.388874e-02) (1.660319e-03 1.051277e-03 -2.195461e-04))
711           	((-2.849429e-02 -5.260686e-01 1.244535e+01) (7.892285e-03 3.120675e-02 4.157456e-01)) ((-1.562844e-01 1.938907e-02 3.406180e-02) (1.663480e-03 1.050976e-03 -2.197047e-04))
712           	((-2.982216e-02 -5.352107e-01 1.244543e+01) (7.903126e-03 3.122034e-02 4.156799e-01)) ((-1.552192e-01 1.879791e-02 3.426164e-02) (1.667804e-03 1.053595e-03 -2.190667e-04))
713           	((-3.115137e-02 -5.440162e-01 1.244590e+01) (7.910984e-03 3.122567e-02 4.156143e-01)) ((-1.541186e-01 1.818395e-02 3.448997e-02) (1.670687e-03 1.057254e-03 -2.189125e-04))
714           	((-3.256109e-02 -5.526903e-01 1.244670e+01) (7.915580e-03 3.123678e-02 4.155620e-01)) ((-1.530275e-01 1.754974e-02 3.471507e-02) (1.673971e-03 1.060537e-03 -2.182866e-04))
715           	((-3.434986e-02 -5.616039e-01 1.244789e+01) (7.921604e-03 3.124249e-02 4.155177e-01)) ((-1.519669e-01 1.692090e-02 3.489008e-02) (1.676129e-03 1.064522e-03 -2.180694e-04))
716           	((-3.658288e-02 -5.708720e-01 1.244951e+01) (7.931980e-03 3.125542e-02 4.154611e-01)) ((-1.509032e-01 1.631398e-02 3.501313e-02) (1.677917e-03 1.067580e-03 -2.176828e-04))
717           	((-3.914201e-02 -5.806037e-01 1.245162e+01) (7.937081e-03 3.125639e-02 4.154078e-01)) ((-1.497952e-01 1.574231e-02 3.509572e-02) (1.678131e-03 1.071166e-03 -2.165520e-04))
718           	((-4.195767e-02 -5.910040e-01 1.245429e+01) (7.953106e-03 3.127165e-02 4.153667e-01)) ((-1.486381e-01 1.522091e-02 3.513499e-02) (1.678019e-03 1.079197e-03 -2.156689e-04))
719           	((-4.498802e-02 -6.020237e-01 1.245762e+01) (7.959471e-03 3.127350e-02 4.153259e-01)) ((-1.474416e-01 1.475560e-02 3.514394e-02) (1.676035e-03 1.085989e-03 -2.156279e-04))
720           	((-4.812620e-02 -6.131988e-01 1.246168e+01) (7.969291e-03 3.128519e-02 4.152868e-01)) ((-1.462168e-01 1.434180e-02 3.515297e-02) (1.673962e-03 1.091754e-03 -2.149835e-04))
721           	((-5.128638e-02 -6.240528e-01 1.246649e+01) (7.975911e-03 3.128952e-02 4.152533e-01)) ((-1.449961e-01 1.397354e-02 3.517114e-02) (1.671291e-03 1.098441e-03 -2.137915e-04))
722           	((-5.444233e-02 -6.342831e-01 1.247200e+01) (7.980729e-03 3.130915e-02 4.152347e-01)) ((-1.438172e-01 1.365227e-02 3.519432e-02) (1.667368e-03 1.108299e-03 -2.135661e-04))
723           	((-5.752637e-02 -6.435668e-01 1.247813e+01) (7.988366e-03 3.131252e-02 4.152301e-01)) ((-1.427042e-01 1.338647e-02 3.522397e-02) (1.663963e-03 1.114035e-03 -2.123560e-04))
724           	((-6.046785e-02 -6.517148e-01 1.248475e+01) (7.999592e-03 3.132559e-02 4.152301e-01)) ((-1.416700e-01 1.318282e-02 3.527192e-02) (1.660699e-03 1.121929e-03 -2.113802e-04))
725           	((-6.314438e-02 -6.588137e-01 1.249166e+01) (8.001838e-03 3.133177e-02 4.152518e-01)) ((-1.407351e-01 1.304715e-02 3.532450e-02) (1.656749e-03 1.126790e-03 -2.103476e-04))
726           	((-6.541543e-02 -6.650275e-01 1.249859e+01) (8.006294e-03 3.133502e-02 4.152911e-01)) ((-1.399181e-01 1.298839e-02 3.535529e-02) (1.653343e-03 1.132000e-03 -2.090565e-04))
727           	((-6.707786e-02 -6.703843e-01 1.250526e+01) (8.005583e-03 3.133165e-02 4.153460e-01)) ((-1.392191e-01 1.301346e-02 3.534368e-02) (1.648489e-03 1.137556e-03 -2.075372e-04))
728           	((-6.792238e-02 -6.748184e-01 1.251146e+01) (8.011073e-03 3.133222e-02 4.153993e-01)) ((-1.386324e-01 1.312026e-02 3.528679e-02) (1.643741e-03 1.140726e-03 -2.063474e-04))
729           	((-6.784428e-02 -6.784849e-01 1.251710e+01) (8.016032e-03 3.131296e-02 4.154698e-01)) ((-1.381765e-01 1.328723e-02 3.516846e-02) (1.638116e-03 1.141892e-03 -2.048983e-04))
730           	((-6.688718e-02 -6.816219e-01 1.252213e+01) (8.020430e-03 3.130686e-02 4.155505e-01)) ((-1.378700e-01 1.348436e-02 3.497780e-02) (1.632427e-03 1.144989e-03 -2.036642e-04))
731           	((-6.519147e-02 -6.844967e-01 1.252648e+01) (8.022283e-03 3.128126e-02 4.156412e-01)) ((-1.377137e-01 1.369220e-02 3.472461e-02) (1.625890e-03 1.145037e-03 -2.029593e-04))
732           	((-6.295384e-02 -6.872551e-01 1.253006e+01) (8.032299e-03 3.125933e-02 4.157161e-01)) ((-1.377153e-01 1.390816e-02 3.439810e-02) (1.618897e-03 1.143876e-03 -2.014843e-04))
733           	((-6.026505e-02 -6.899829e-01 1.253285e+01) (8.036057e-03 3.123305e-02 4.158070e-01)) ((-1.378733e-01 1.412812e-02 3.401131e-02) (1.610373e-03 1.144092e-03 -1.992253e-04))
734           	((-5.708986e-02 -6.923680e-01 1.253479e+01) (8.040716e-03 3.120499e-02 4.158895e-01)) ((-1.381560e-01 1.434164e-02 3.361364e-02) (1.601512e-03 1.145398e-03 -1.978169e-04))
735           	((-5.346244e-02 -6.939522e-01 1.253578e+01) (8.045333e-03 3.116830e-02 4.159704e-01)) ((-1.385268e-01 1.455179e-02 3.326635e-02) (1.592291e-03 1.143853e-03 -1.953084e-04))
736           	((-4.952390e-02 -6.944445e-01 1.253569e+01) (8.048200e-03 3.114430e-02 4.160401e-01)) ((-1.389679e-01 1.477651e-02 3.299019e-02) (1.582523e-03 1.141560e-03 -1.923881e-04))
737           	((-4.548416e-02 -6.937590e-01 1.253439e+01) (8.042945e-03 3.111360e-02 4.161069e-01)) ((-1.394840e-01 1.502846e-02 3.277658e-02) (1.570956e-03 1.139537e-03 -1.897341e-04))
738           	((-4.160615e-02 -6.918647e-01 1.253196e+01) (8.038947e-03 3.109025e-02 4.161612e-01)) ((-1.400759e-01 1.529470e-02 3.261707e-02) (1.560357e-03 1.139133e-03 -1.865357e-04))
739           	((-3.786677e-02 -6.886209e-01 1.252852e+01) (8.035834e-03 3.106481e-02 4.162154e-01)) ((-1.407375e-01 1.554332e-02 3.251552e-02) (1.549546e-03 1.137786e-03 -1.828900e-04))
740           	((-3.432509e-02 -6.842798e-01 1.252428e+01) (8.029020e-03 3.105615e-02 4.162462e-01)) ((-1.414857e-01 1.575846e-02 3.245061e-02) (1.539448e-03 1.136880e-03 -1.799528e-04))
741           	((-3.111435e-02 -6.793354e-01 1.251936e+01) (8.017231e-03 3.103304e-02 4.162812e-01)) ((-1.423622e-01 1.594909e-02 3.235789e-02) (1.529027e-03 1.133274e-03 -1.763360e-04))
742           	((-2.831603e-02 -6.742223e-01 1.251391e+01) (8.013057e-03 3.102539e-02 4.163113e-01)) ((-1.433703e-01 1.613611e-02 3.220013e-02) (1.519165e-03 1.133049e-03 -1.745511e-04))
743           	((-2.585869e-02 -6.690331e-01 1.250817e+01) (8.008858e-03 3.101863e-02 4.163196e-01)) ((-1.444704e-01 1.632798e-02 3.196673e-02) (1.509129e-03 1.132866e-03 -1.728499e-04))
744           	((-2.374857e-02 -6.639568e-01 1.250235e+01) (8.005991e-03 3.101648e-02 4.163038e-01)) ((-1.456186e-01 1.652283e-02 3.169009e-02) (1.499692e-03 1.129794e-03 -1.718383e-04))
745           	((-2.213280e-02 -6.592509e-01 1.249664e+01) (7.999658e-03 3.101202e-02 4.162884e-01)) ((-1.467927e-01 1.672323e-02 3.137161e-02) (1.490864e-03 1.129912e-03 -1.706350e-04))
746           	((-2.116563e-02 -6.551574e-01 1.249124e+01) (7.992066e-03 3.102446e-02 4.162709e-01)) ((-1.479487e-01 1.691642e-02 3.104427e-02) (1.482787e-03 1.129783e-03 -1.707296e-04))
747           	((-2.095396e-02 -6.516434e-01 1.248630e+01) (7.983799e-03 3.102616e-02 4.162329e-01)) ((-1.490428e-01 1.708928e-02 3.073703e-02) (1.475469e-03 1.130543e-03 -1.713848e-04))
748           	((-2.153239e-02 -6.488576e-01 1.248192e+01) (7.973081e-03 3.104846e-02 4.161806e-01)) ((-1.500649e-01 1.724313e-02 3.045304e-02) (1.468803e-03 1.129991e-03 -1.717045e-04))
749           	((-2.282418e-02 -6.470858e-01 1.247809e+01) (7.962518e-03 3.106570e-02 4.161308e-01)) ((-1.510068e-01 1.739749e-02 3.018248e-02) (1.462132e-03 1.130723e-03 -1.731418e-04))
750           	((-2.472483e-02 -6.464220e-01 1.247483e+01) (7.957127e-03 3.109009e-02 4.160785e-01)) ((-1.518596e-01 1.756223e-02 2.989066e-02) (1.457280e-03 1.130260e-03 -1.754520e-04))
751           	((-2.699321e-02 -6.468104e-01 1.247208e+01) (7.954322e-03 3.111477e-02 4.160240e-01)) ((-1.526184e-01 1.774956e-02 2.953880e-02) (1.452554e-03 1.130412e-03 -1.771589e-04))
752           	((-2.938203e-02 -6.482115e-01 1.246975e+01) (7.955320e-03 3.114137e-02 4.159630e-01)) ((-1.532759e-01 1.795581e-02 2.910705e-02) (1.449356e-03 1.129208e-03 -1.807807e-04))
753           	((-3.164889e-02 -6.506185e-01 1.246779e+01) (7.959043e-03 3.116097e-02 4.158976e-01)) ((-1.538232e-01 1.816015e-02 2.860939e-02) (1.446799e-03 1.128639e-03 -1.836681e-04))
754           	((-3.371517e-02 -6.536219e-01 1.246607e+01) (7.963093e-03 3.118945e-02 4.158420e-01)) ((-1.542289e-01 1.835635e-02 2.807258e-02) (1.444994e-03 1.129736e-03 -1.875509e-04))
755           	((-3.548601e-02 -6.568410e-01 1.246453e+01) (7.975742e-03 3.121269e-02 4.157981e-01)) ((-1.544750e-01 1.853706e-02 2.753701e-02) (1.444164e-03 1.130731e-03 -1.927978e-04))
756           	((-3.689425e-02 -6.601131e-01 1.246312e+01) (7.991711e-03 3.124020e-02 4.157280e-01)) ((-1.545521e-01 1.868966e-02 2.701975e-02) (1.445255e-03 1.127204e-03 -1.976745e-04))
757           	((-3.791424e-02 -6.632537e-01 1.246185e+01) (8.010010e-03 3.125704e-02 4.156681e-01)) ((-1.544601e-01 1.880897e-02 2.652225e-02) (1.446510e-03 1.125746e-03 -2.030375e-04))
758           	((-3.863384e-02 -6.661746e-01 1.246065e+01) (8.037739e-03 3.128903e-02 4.156195e-01)) ((-1.541957e-01 1.890094e-02 2.604388e-02) (1.448694e-03 1.125330e-03 -2.093586e-04))
759           	((-3.903183e-02 -6.689287e-01 1.245961e+01) (8.062463e-03 3.130217e-02 4.155475e-01)) ((-1.537690e-01 1.896636e-02 2.558307e-02) (1.450970e-03 1.120934e-03 -2.163590e-04))
760           	((-3.902975e-02 -6.715258e-01 1.245877e+01) (8.088582e-03 3.132584e-02 4.154806e-01)) ((-1.531794e-01 1.900333e-02 2.516140e-02) (1.454778e-03 1.115602e-03 -2.224549e-04))
761           	((-3.860534e-02 -6.739950e-01 1.245806e+01) (8.111294e-03 3.134089e-02 4.154166e-01)) ((-1.524268e-01 1.901689e-02 2.480525e-02) (1.457420e-03 1.110356e-03 -2.289271e-04))
762           	((-3.786456e-02 -6.765119e-01 1.245747e+01) (8.136282e-03 3.135622e-02 4.153590e-01)) ((-1.515394e-01 1.902262e-02 2.452140e-02) (1.461136e-03 1.107476e-03 -2.356649e-04))
763           	((-3.704565e-02 -6.793750e-01 1.245697e+01) (8.150529e-03 3.136877e-02 4.153028e-01)) ((-1.505749e-01 1.904090e-02 2.428788e-02) (1.465111e-03 1.101656e-03 -2.440994e-04))
764           	((-3.643137e-02 -6.826799e-01 1.245661e+01) (8.173558e-03 3.138542e-02 4.152500e-01)) ((-1.495846e-01 1.907405e-02 2.409406e-02) (1.468763e-03 1.094459e-03 -2.516447e-04))
765           	((-3.619078e-02 -6.862982e-01 1.245655e+01) (8.190030e-03 3.139509e-02 4.152122e-01)) ((-1.486073e-01 1.910081e-02 2.394634e-02) (1.473242e-03 1.086965e-03 -2.590441e-04))
766           	((-3.641127e-02 -6.899094e-01 1.245693e+01) (8.200122e-03 3.141272e-02 4.151800e-01)) ((-1.476690e-01 1.909434e-02 2.383955e-02) (1.478055e-03 1.081865e-03 -2.663971e-04))
767           	((-3.719671e-02 -6.934996e-01 1.245774e+01) (8.207228e-03 3.142280e-02 4.151764e-01)) ((-1.468177e-01 1.905016e-02 2.374447e-02) (1.481508e-03 1.075674e-03 -2.752842e-04))
768           	((-3.869916e-02 -6.970624e-01 1.245902e+01) (8.216308e-03 3.144107e-02 4.151758e-01)) ((-1.460742e-01 1.897812e-02 2.363945e-02) (1.485808e-03 1.065733e-03 -2.823217e-04))
769           	((-4.084512e-02 -7.001846e-01 1.246072e+01) (8.217926e-03 3.145030e-02 4.151863e-01)) ((-1.454197e-01 1.888737e-02 2.357322e-02) (1.489431e-03 1.058505e-03 -2.893220e-04))
770           	((-4.347562e-02 -7.024685e-01 1.246280e+01) (8.229438e-03 3.147624e-02 4.152233e-01)) ((-1.448314e-01 1.878335e-02 2.360621e-02) (1.491989e-03 1.051023e-03 -2.972701e-04))
771           	((-4.649318e-02 -7.039271e-01 1.246525e+01) (8.229320e-03 3.148741e-02 4.152627e-01)) ((-1.443250e-01 1.868404e-02 2.375172e-02) (1.495908e-03 1.040918e-03 -3.035351e-04))
772           	((-4.982881e-02 -7.044837e-01 1.246810e+01) (8.233203e-03 3.151585e-02 4.152932e-01)) ((-1.439148e-01 1.859810e-02 2.398715e-02) (1.499002e-03 1.033547e-03 -3.098991e-04))
773           	((-5.340502e-02 -7.039322e-01 1.247135e+01) (8.229741e-03 3.153583e-02 4.153472e-01)) ((-1.436067e-01 1.852550e-02 2.428617e-02) (1.501100e-03 1.026016e-03 -3.149343e-04))
774           	((-5.712692e-02 -7.022655e-01 1.247498e+01) (8.227062e-03 3.155597e-02 4.154052e-01)) ((-1.434243e-01 1.845491e-02 2.462421e-02) (1.503022e-03 1.018939e-03 -3.204823e-04))
775           	((-6.093951e-02 -6.996253e-01 1.247897e+01) (8.215880e-03 3.157777e-02 4.154809e-01)) ((-1.433876e-01 1.838305e-02 2.497324e-02) (1.505726e-03 1.012040e-03 -3.248902e-04))
776           	((-6.478653e-02 -6.963335e-01 1.248315e+01) (8.216456e-03 3.160340e-02 4.155713e-01)) ((-1.435010e-01 1.832410e-02 2.533381e-02) (1.508160e-03 1.003549e-03 -3.282678e-04))
777           	((-6.859133e-02 -6.926593e-01 1.248734e+01) (8.210903e-03 3.161696e-02 4.156695e-01)) ((-1.437571e-01 1.829066e-02 2.573228e-02) (1.509360e-03 9.932119e-04 -3.302627e-04))
778           	((-7.220729e-02 -6.888335e-01 1.249128e+01) (8.210127e-03 3.164225e-02 4.157779e-01)) ((-1.441568e-01 1.828648e-02 2.618846e-02) (1.510226e-03 9.872146e-04 -3.320399e-04))
779           	((-7.542939e-02 -6.850249e-01 1.249478e+01) (8.213201e-03 3.165760e-02 4.159020e-01)) ((-1.446905e-01 1.830267e-02 2.671899e-02) (1.509602e-03 9.803409e-04 -3.333533e-04))
780           	((-7.807092e-02 -6.812770e-01 1.249769e+01) (8.221846e-03 3.167823e-02 4.160299e-01)) ((-1.453300e-01 1.832808e-02 2.733322e-02) (1.508963e-03 9.692925e-04 -3.319021e-04))
781           	((-7.992433e-02 -6.776636e-01 1.249991e+01) (8.228139e-03 3.169642e-02 4.161500e-01)) ((-1.460305e-01 1.835569e-02 2.802993e-02) (1.505847e-03 9.621693e-04 -3.298926e-04))
782           	((-8.098064e-02 -6.743312e-01 1.250148e+01) (8.251906e-03 3.172902e-02 4.162936e-01)) ((-1.467631e-01 1.836922e-02 2.879289e-02) (1.501472e-03 9.567185e-04 -3.270838e-04))
783           	((-8.131975e-02 -6.714469e-01 1.250244e+01) (8.275451e-03 3.175208e-02 4.164291e-01)) ((-1.475051e-01 1.836269e-02 2.959207e-02) (1.496319e-03 9.496627e-04 -3.227623e-04))
784           	((-8.108559e-02 -6.691223e-01 1.250281e+01) (8.306540e-03 3.178175e-02 4.165296e-01)) ((-1.482490e-01 1.833471e-02 3.038806e-02) (1.490156e-03 9.449617e-04 -3.192886e-04))
785           	((-8.038998e-02 -6.675634e-01 1.250261e+01) (8.332959e-03 3.180847e-02 4.166458e-01)) ((-1.490057e-01 1.827490e-02 3.112191e-02) (1.481929e-03 9.411290e-04 -3.146567e-04))
786           	((-7.928532e-02 -6.667697e-01 1.250186e+01) (8.368835e-03 3.182631e-02 4.167412e-01)) ((-1.497539e-01 1.818054e-02 3.178058e-02) (1.473507e-03 9.387525e-04 -3.105499e-04))
787           	((-7.766681e-02 -6.665993e-01 1.250054e+01) (8.395348e-03 3.184012e-02 4.167978e-01)) ((-1.504778e-01 1.804964e-02 3.236668e-02) (1.462998e-03 9.392394e-04 -3.065628e-04))
788           	((-7.555967e-02 -6.670813e-01 1.249865e+01) (8.430071e-03 3.185403e-02 4.168479e-01)) ((-1.511676e-01 1.789646e-02 3.289073e-02) (1.454093e-03 9.417835e-04 -3.027856e-04))
789           	((-7.307531e-02 -6.683362e-01 1.249613e+01) (8.459299e-03 3.185286e-02 4.168708e-01)) ((-1.518397e-01 1.774366e-02 3.335037e-02) (1.443592e-03 9.429046e-04 -2.985815e-04))
790           	((-7.028459e-02 -6.704076e-01 1.249305e+01) (8.487685e-03 3.185735e-02 4.168845e-01)) ((-1.525002e-01 1.760636e-02 3.373818e-02) (1.432593e-03 9.497404e-04 -2.949425e-04))
791           	((-6.725680e-02 -6.730374e-01 1.248960e+01) (8.514202e-03 3.185307e-02 4.168696e-01)) ((-1.531430e-01 1.748064e-02 3.406637e-02) (1.422283e-03 9.558372e-04 -2.918665e-04))
792           	((-6.402400e-02 -6.759837e-01 1.248600e+01) (8.538761e-03 3.184207e-02 4.168136e-01)) ((-1.537545e-01 1.734860e-02 3.435303e-02) (1.411490e-03 9.624104e-04 -2.888004e-04))
793           	((-6.077271e-02 -6.790670e-01 1.248234e+01) (8.549854e-03 3.182953e-02 4.167514e-01)) ((-1.543595e-01 1.719453e-02 3.458691e-02) (1.401154e-03 9.705093e-04 -2.859602e-04))
794           	((-5.789507e-02 -6.825426e-01 1.247878e+01) (8.578483e-03 3.181763e-02 4.166875e-01)) ((-1.549962e-01 1.702852e-02 3.472944e-02) (1.390468e-03 9.815838e-04 -2.844025e-04))
795           	((-5.543917e-02 -6.862207e-01 1.247540e+01) (8.595663e-03 3.179594e-02 4.165959e-01)) ((-1.556260e-01 1.686648e-02 3.479836e-02) (1.381141e-03 9.897489e-04 -2.822878e-04))
796           	((-5.330593e-02 -6.897962e-01 1.247220e+01) (8.618217e-03 3.177519e-02 4.164699e-01)) ((-1.562047e-01 1.672777e-02 3.482095e-02) (1.372617e-03 9.996594e-04 -2.803396e-04))
797           	((-5.145404e-02 -6.932072e-01 1.246913e+01) (8.631087e-03 3.174852e-02 4.163527e-01)) ((-1.567266e-01 1.662737e-02 3.481043e-02) (1.363919e-03 1.009452e-03 -2.791891e-04))
798           	((-4.986252e-02 -6.965930e-01 1.246623e+01) (8.650101e-03 3.172014e-02 4.162164e-01)) ((-1.572046e-01 1.657779e-02 3.475785e-02) (1.356496e-03 1.020011e-03 -2.775277e-04))
799           	((-4.851423e-02 -7.000667e-01 1.246351e+01) (8.652968e-03 3.168553e-02 4.160703e-01)) ((-1.576452e-01 1.658085e-02 3.466405e-02) (1.350495e-03 1.030305e-03 -2.782674e-04))
800           	((-4.742996e-02 -7.038147e-01 1.246098e+01) (8.665989e-03 3.165080e-02 4.159221e-01)) ((-1.580741e-01 1.663813e-02 3.451388e-02) (1.345335e-03 1.038381e-03 -2.776061e-04))
801           	((-4.672237e-02 -7.079178e-01 1.245873e+01) (8.671098e-03 3.161235e-02 4.157708e-01)) ((-1.585161e-01 1.675216e-02 3.428321e-02) (1.341798e-03 1.045834e-03 -2.778764e-04))
802           	((-4.645558e-02 -7.122518e-01 1.245679e+01) (8.674111e-03 3.157801e-02 4.156350e-01)) ((-1.589687e-01 1.692264e-02 3.395375e-02) (1.338196e-03 1.055770e-03 -2.779084e-04))
803           	((-4.655753e-02 -7.166256e-01 1.245519e+01) (8.678666e-03 3.154071e-02 4.155073e-01)) ((-1.594104e-01 1.714498e-02 3.352727e-02) (1.336100e-03 1.062780e-03 -2.787665e-04))
804           	((-4.677203e-02 -7.208948e-01 1.245389e+01) (8.685790e-03 3.149949e-02 4.153742e-01)) ((-1.598064e-01 1.741621e-02 3.302719e-02) (1.334560e-03 1.067860e-03 -2.794461e-04))
805           	((-4.675076e-02 -7.250066e-01 1.245279e+01) (8.678421e-03 3.146178e-02 4.152491e-01)) ((-1.601208e-01 1.774156e-02 3.247773e-02) (1.334405e-03 1.074656e-03 -2.800693e-04))
806           	((-4.617748e-02 -7.288821e-01 1.245179e+01) (8.681831e-03 3.143245e-02 4.151510e-01)) ((-1.603139e-01 1.812099e-02 3.190252e-02) (1.334445e-03 1.079372e-03 -2.811309e-04))
807           	((-4.477504e-02 -7.325010e-01 1.245080e+01) (8.682460e-03 3.139763e-02 4.150443e-01)) ((-1.603543e-01 1.854722e-02 3.133404e-02) (1.335220e-03 1.082683e-03 -2.821949e-04))
808           	((-4.243889e-02 -7.360155e-01 1.244986e+01) (8.687894e-03 3.137571e-02 4.149509e-01)) ((-1.602396e-01 1.900805e-02 3.077083e-02) (1.336409e-03 1.085076e-03 -2.829620e-04))
809           	((-3.927447e-02 -7.394411e-01 1.244913e+01) (8.696161e-03 3.135205e-02 4.148717e-01)) ((-1.599818e-01 1.947928e-02 3.020573e-02) (1.337803e-03 1.087375e-03 -2.839123e-04))
810           	((-3.550767e-02 -7.427458e-01 1.244878e+01) (8.710360e-03 3.133700e-02 4.148173e-01)) ((-1.596029e-01 1.994905e-02 2.964731e-02) (1.338413e-03 1.090218e-03 -2.848790e-04))
811           	((-3.128496e-02 -7.458722e-01 1.244894e+01) (8.724001e-03 3.132087e-02 4.147703e-01)) ((-1.591443e-01 2.040554e-02 2.909629e-02) (1.340325e-03 1.092868e-03 -2.860755e-04))
812           	((-2.670933e-02 -7.487685e-01 1.244968e+01) (8.741285e-03 3.131854e-02 4.147352e-01)) ((-1.586300e-01 2.084425e-02 2.856186e-02) (1.340088e-03 1.094824e-03 -2.863883e-04))
813           	((-2.186321e-02 -7.514226e-01 1.245104e+01) (8.760894e-03 3.130855e-02 4.147138e-01)) ((-1.580614e-01 2.126863e-02 2.806695e-02) (1.340366e-03 1.096113e-03 -2.865835e-04))
814           	((-1.691070e-02 -7.539589e-01 1.245295e+01) (8.782307e-03 3.131815e-02 4.147105e-01)) ((-1.574461e-01 2.169102e-02 2.763515e-02) (1.338942e-03 1.103606e-03 -2.881673e-04))
815           	((-1.206569e-02 -7.566609e-01 1.245534e+01) (8.799252e-03 3.132283e-02 4.147327e-01)) ((-1.567893e-01 2.213016e-02 2.727232e-02) (1.337808e-03 1.106951e-03 -2.887718e-04))
816           	((-7.509135e-03 -7.596959e-01 1.245815e+01) (8.828809e-03 3.133836e-02 4.147558e-01)) ((-1.560872e-01 2.259465e-02 2.699448e-02) (1.336556e-03 1.110665e-03 -2.880737e-04))
817           	((-3.449305e-03 -7.629289e-01 1.246142e+01) (8.842342e-03 3.135964e-02 4.148035e-01)) ((-1.553420e-01 2.307231e-02 2.682277e-02) (1.332832e-03 1.114747e-03 -2.881436e-04))
818           	((6.113416e-05 -7.660594e-01 1.246524e+01) (8.859375e-03 3.139485e-02 4.148598e-01)) ((-1.545620e-01 2.352757e-02 2.679144e-02) (1.330176e-03 1.122386e-03 -2.880578e-04))
819           	((2.956908e-03 -7.689517e-01 1.246959e+01) (8.868240e-03 3.142746e-02 4.149377e-01)) ((-1.537951e-01 2.394294e-02 2.690055e-02) (1.326014e-03 1.128516e-03 -2.875596e-04))
820           	((4.980114e-03 -7.717008e-01 1.247449e+01) (8.882897e-03 3.147603e-02 4.150176e-01)) ((-1.530936e-01 2.432198e-02 2.711558e-02) (1.323207e-03 1.135053e-03 -2.865668e-04))
821           	((6.113735e-03 -7.741422e-01 1.247982e+01) (8.889085e-03 3.151740e-02 4.151098e-01)) ((-1.524680e-01 2.467480e-02 2.743452e-02) (1.318628e-03 1.142120e-03 -2.860336e-04))
822           	((6.486831e-03 -7.762021e-01 1.248544e+01) (8.900478e-03 3.156484e-02 4.152039e-01)) ((-1.519178e-01 2.501640e-02 2.783658e-02) (1.314393e-03 1.151433e-03 -2.848071e-04))
823           	((6.251105e-03 -7.782643e-01 1.249123e+01) (8.900801e-03 3.160617e-02 4.153019e-01)) ((-1.514559e-01 2.536202e-02 2.828974e-02) (1.310594e-03 1.160652e-03 -2.842270e-04))
824           	((5.551418e-03 -7.807535e-01 1.249711e+01) (8.905096e-03 3.165232e-02 4.153933e-01)) ((-1.510959e-01 2.572368e-02 2.876077e-02) (1.304856e-03 1.170662e-03 -2.837944e-04))
825           	((4.533275e-03 -7.839584e-01 1.250303e+01) (8.907338e-03 3.168882e-02 4.154881e-01)) ((-1.508303e-01 2.611194e-02 2.921744e-02) (1.298412e-03 1.180999e-03 -2.819986e-04))
826           	((3.281667e-03 -7.881079e-01 1.250893e+01) (8.902081e-03 3.173008e-02 4.155906e-01)) ((-1.506575e-01 2.652736e-02 2.963314e-02) (1.292601e-03 1.194424e-03 -2.813323e-04))
827           	((1.788009e-03 -7.932817e-01 1.251470e+01) (8.893643e-03 3.175783e-02 4.156857e-01)) ((-1.505684e-01 2.696444e-02 2.998803e-02) (1.286487e-03 1.207229e-03 -2.809728e-04))
828           	((3.202275e-05 -7.993630e-01 1.252026e+01) (8.898354e-03 3.178757e-02 4.157836e-01)) ((-1.505302e-01 2.741469e-02 3.029509e-02) (1.280037e-03 1.217919e-03 -2.797112e-04))
829           	((-2.108831e-03 -8.062179e-01 1.252557e+01) (8.897236e-03 3.180952e-02 4.158710e-01)) ((-1.504972e-01 2.786464e-02 3.058191e-02) (1.273109e-03 1.230889e-03 -2.795354e-04))
830           	((-4.646403e-03 -8.136499e-01 1.253056e+01) (8.891257e-03 3.183341e-02 4.159657e-01)) ((-1.504267e-01 2.830184e-02 3.088677e-02) (1.265286e-03 1.243914e-03 -2.780703e-04))
831           	((-7.483507e-03 -8.215537e-01 1.253510e+01) (8.885591e-03 3.184624e-02 4.160505e-01)) ((-1.502843e-01 2.871228e-02 3.123288e-02) (1.258426e-03 1.254940e-03 -2.768263e-04))
832           	((-1.043445e-02 -8.298368e-01 1.253902e+01) (8.875544e-03 3.186493e-02 4.161309e-01)) ((-1.500356e-01 2.909111e-02 3.162498e-02) (1.250602e-03 1.264823e-03 -2.752983e-04))
833           	((-1.332698e-02 -8.383861e-01 1.254213e+01) (8.861760e-03 3.187182e-02 4.162185e-01)) ((-1.496409e-01 2.943696e-02 3.206283e-02) (1.243040e-03 1.272128e-03 -2.742321e-04))
834           	((-1.601762e-02 -8.473896e-01 1.254437e+01) (8.851925e-03 3.188040e-02 4.162843e-01)) ((-1.490875e-01 2.974303e-02 3.251336e-02) (1.234548e-03 1.278233e-03 -2.733448e-04))
835           	((-1.842191e-02 -8.569702e-01 1.254575e+01) (8.838863e-03 3.188321e-02 4.163583e-01)) ((-1.483924e-01 3.001065e-02 3.293706e-02) (1.228930e-03 1.284777e-03 -2.731567e-04))
836           	((-2.048325e-02 -8.673365e-01 1.254635e+01) (8.823643e-03 3.187700e-02 4.164220e-01)) ((-1.475716e-01 3.024508e-02 3.330575e-02) (1.222590e-03 1.286017e-03 -2.717136e-04))
837           	((-2.217783e-02 -8.786750e-01 1.254632e+01) (8.797238e-03 3.185966e-02 4.164709e-01)) ((-1.466573e-01 3.044594e-02 3.358873e-02) (1.216986e-03 1.286269e-03 -2.705962e-04))
838           	((-2.345712e-02 -8.910869e-01 1.254580e+01) (8.774149e-03 3.183672e-02 4.165112e-01)) ((-1.456659e-01 3.059880e-02 3.377990e-02) (1.212163e-03 1.287758e-03 -2.699268e-04))
839           	((-2.418249e-02 -9.044029e-01 1.254494e+01) (8.741882e-03 3.179531e-02 4.165511e-01)) ((-1.446005e-01 3.069200e-02 3.390324e-02) (1.208824e-03 1.288596e-03 -2.704329e-04))
840           	((-2.435932e-02 -9.185232e-01 1.254389e+01) (8.704559e-03 3.174916e-02 4.165573e-01)) ((-1.434681e-01 3.071981e-02 3.397482e-02) (1.205733e-03 1.284309e-03 -2.693477e-04))
841           	((-2.413015e-02 -9.333769e-01 1.254270e+01) (8.662073e-03 3.169737e-02 4.165640e-01)) ((-1.422796e-01 3.069365e-02 3.401247e-02) (1.203582e-03 1.280780e-03 -2.695275e-04))
842           	((-2.372615e-02 -9.487930e-01 1.254142e+01) (8.619894e-03 3.164314e-02 4.165611e-01)) ((-1.410315e-01 3.062696e-02 3.404172e-02) (1.201328e-03 1.276732e-03 -2.688569e-04))
843           	((-2.345181e-02 -9.643673e-01 1.254016e+01) (8.579357e-03 3.157684e-02 4.165390e-01)) ((-1.397090e-01 3.052005e-02 3.409426e-02) (1.202046e-03 1.272593e-03 -2.689649e-04))
844           	((-2.346025e-02 -9.797319e-01 1.253913e+01) (8.538725e-03 3.151489e-02 4.164831e-01)) ((-1.383104e-01 3.035915e-02 3.419568e-02) (1.202140e-03 1.270264e-03 -2.684377e-04))
845           	((-2.383586e-02 -9.946634e-01 1.253826e+01) (8.494491e-03 3.144590e-02 4.164343e-01)) ((-1.368818e-01 3.015587e-02 3.433389e-02) (1.202917e-03 1.263868e-03 -2.681040e-04))
846           	((-2.474638e-02 -1.009227e+00 1.253744e+01) (8.459317e-03 3.137226e-02 4.163661e-01)) ((-1.354891e-01 2.993953e-02 3.446203e-02) (1.203874e-03 1.258774e-03 -2.676269e-04))
847           	((-2.608561e-02 -1.023074e+00 1.253649e+01) (8.417197e-03 3.129158e-02 4.162846e-01)) ((-1.341521e-01 2.972474e-02 3.459351e-02) (1.207635e-03 1.254508e-03 -2.670857e-04))
848           	((-2.775132e-02 -1.036004e+00 1.253522e+01) (8.387541e-03 3.121095e-02 4.161926e-01)) ((-1.328651e-01 2.951165e-02 3.475427e-02) (1.212099e-03 1.246624e-03 -2.656717e-04))
849           	((-2.980771e-02 -1.048041e+00 1.253351e+01) (8.352236e-03 3.111882e-02 4.160910e-01)) ((-1.316251e-01 2.930495e-02 3.494864e-02) (1.217671e-03 1.239332e-03 -2.638467e-04))
850           	((-3.235392e-02 -1.059468e+00 1.253130e+01) (8.319822e-03 3.103826e-02 4.159789e-01)) ((-1.304483e-01 2.910803e-02 3.514047e-02) (1.223207e-03 1.233043e-03 -2.632400e-04))
851           	((-3.535352e-02 -1.070442e+00 1.252865e+01) (8.289819e-03 3.094397e-02 4.158685e-01)) ((-1.293297e-01 2.892870e-02 3.531831e-02) (1.229794e-03 1.226444e-03 -2.612926e-04))
852           	((-3.870306e-02 -1.081058e+00 1.252570e+01) (8.263343e-03 3.085403e-02 4.157494e-01)) ((-1.282782e-01 2.877545e-02 3.547011e-02) (1.237305e-03 1.216765e-03 -2.594944e-04))
853           	((-4.230774e-02 -1.091196e+00 1.252266e+01) (8.229786e-03 3.076718e-02 4.156211e-01)) ((-1.273132e-01 2.864795e-02 3.560126e-02) (1.244527e-03 1.209573e-03 -2.573928e-04))
854           	((-4.610506e-02 -1.100592e+00 1.251966e+01) (8.200811e-03 3.067989e-02 4.155075e-01)) ((-1.264472e-01 2.854460e-02 3.569920e-02) (1.252181e-03 1.202972e-03 -2.552132e-04))
855           	((-5.002542e-02 -1.108889e+00 1.251682e+01) (8.173086e-03 3.058623e-02 4.153871e-01)) ((-1.256926e-01 2.844581e-02 3.577833e-02) (1.260397e-03 1.193844e-03 -2.520796e-04))
856           	((-5.384418e-02 -1.115596e+00 1.251410e+01) (8.155757e-03 3.050706e-02 4.152514e-01)) ((-1.250735e-01 2.834505e-02 3.584303e-02) (1.267958e-03 1.184375e-03 -2.482338e-04))
857           	((-5.738840e-02 -1.120212e+00 1.251138e+01) (8.132733e-03 3.042026e-02 4.151275e-01)) ((-1.246125e-01 2.824674e-02 3.589382e-02) (1.273919e-03 1.174493e-03 -2.432771e-04))
858           	((-6.045851e-02 -1.122328e+00 1.250858e+01) (8.114024e-03 3.034232e-02 4.150201e-01)) ((-1.243291e-01 2.815575e-02 3.591952e-02) (1.281444e-03 1.164968e-03 -2.382819e-04))
859           	((-6.283728e-02 -1.121636e+00 1.250562e+01) (8.098279e-03 3.025406e-02 4.149016e-01)) ((-1.242299e-01 2.808157e-02 3.590219e-02) (1.288060e-03 1.158216e-03 -2.342387e-04))
860           	((-6.451409e-02 -1.117831e+00 1.250250e+01) (8.094139e-03 3.017837e-02 4.147960e-01)) ((-1.243225e-01 2.801727e-02 3.582346e-02) (1.294916e-03 1.147933e-03 -2.280818e-04))
861           	((-6.555522e-02 -1.111136e+00 1.249919e+01) (8.085180e-03 3.009826e-02 4.146997e-01)) ((-1.245971e-01 2.796335e-02 3.564774e-02) (1.300417e-03 1.137922e-03 -2.216432e-04))
862           	((-6.605106e-02 -1.101927e+00 1.249568e+01) (8.093338e-03 3.002798e-02 4.146147e-01)) ((-1.250498e-01 2.792395e-02 3.535403e-02) (1.304425e-03 1.131376e-03 -2.171153e-04))
863           	((-6.624212e-02 -1.090518e+00 1.249209e+01) (8.100824e-03 2.994996e-02 4.145381e-01)) ((-1.256642e-01 2.791586e-02 3.494825e-02) (1.307334e-03 1.124165e-03 -2.110503e-04))
864           	((-6.619130e-02 -1.077235e+00 1.248852e+01) (8.121936e-03 2.988107e-02 4.144613e-01)) ((-1.264111e-01 2.793110e-02 3.446614e-02) (1.309299e-03 1.117574e-03 -2.058114e-04))
865           	((-6.596550e-02 -1.062192e+00 1.248511e+01) (8.142708e-03 2.981617e-02 4.143956e-01)) ((-1.272688e-01 2.795327e-02 3.396047e-02) (1.308617e-03 1.113471e-03 -2.015001e-04))
866           	((-6.561368e-02 -1.045295e+00 1.248196e+01) (8.160249e-03 2.976133e-02 4.143445e-01)) ((-1.282501e-01 2.796585e-02 3.347262e-02) (1.307027e-03 1.109220e-03 -1.974567e-04))
867           	((-6.525871e-02 -1.026483e+00 1.247909e+01) (8.180723e-03 2.970105e-02 4.142939e-01)) ((-1.293973e-01 2.797333e-02 3.303394e-02) (1.304708e-03 1.106727e-03 -1.940880e-04))
868           	((-6.489993e-02 -1.005774e+00 1.247643e+01) (8.203668e-03 2.966338e-02 4.142607e-01)) ((-1.307410e-01 2.799696e-02 3.263693e-02) (1.301587e-03 1.102136e-03 -1.917573e-04))
869           	((-6.450985e-02 -9.832299e-01 1.247394e+01) (8.225006e-03 2.962072e-02 4.142260e-01)) ((-1.322824e-01 2.804895e-02 3.225935e-02) (1.296873e-03 1.100958e-03 -1.894825e-04))
870           	((-6.391779e-02 -9.591252e-01 1.247176e+01) (8.242273e-03 2.959477e-02 4.142017e-01)) ((-1.339984e-01 2.812492e-02 3.188186e-02) (1.292566e-03 1.100013e-03 -1.874917e-04))
871           	((-6.310902e-02 -9.339637e-01 1.246988e+01) (8.251120e-03 2.956372e-02 4.141772e-01)) ((-1.358976e-01 2.823227e-02 3.146266e-02) (1.286686e-03 1.099293e-03 -1.871705e-04))
872           	((-6.226150e-02 -9.083613e-01 1.246829e+01) (8.265593e-03 2.954386e-02 4.141665e-01)) ((-1.379935e-01 2.839854e-02 3.096574e-02) (1.281249e-03 1.096887e-03 -1.867571e-04))
873           	((-6.137545e-02 -8.824834e-01 1.246694e+01) (8.278189e-03 2.952397e-02 4.141569e-01)) ((-1.402353e-01 2.863872e-02 3.043191e-02) (1.273273e-03 1.095413e-03 -1.859536e-04))
874           	((-6.030005e-02 -8.562242e-01 1.246567e+01) (8.287727e-03 2.951671e-02 4.141698e-01)) ((-1.425657e-01 2.895443e-02 2.992501e-02) (1.265501e-03 1.095539e-03 -1.873421e-04))
875           	((-5.895627e-02 -8.295743e-01 1.246432e+01) (8.286609e-03 2.950870e-02 4.141878e-01)) ((-1.449535e-01 2.934602e-02 2.947856e-02) (1.257443e-03 1.094919e-03 -1.881582e-04))
876           	((-5.729772e-02 -8.026354e-01 1.246281e+01) (8.292210e-03 2.951026e-02 4.141987e-01)) ((-1.473778e-01 2.980740e-02 2.911561e-02) (1.248896e-03 1.092515e-03 -1.900050e-04))
877           	((-5.525366e-02 -7.756186e-01 1.246115e+01) (8.286176e-03 2.950694e-02 4.142149e-01)) ((-1.497983e-01 3.032086e-02 2.885630e-02) (1.239493e-03 1.092713e-03 -1.926870e-04))
878           	((-5.295126e-02 -7.489520e-01 1.245942e+01) (8.281836e-03 2.952266e-02 4.142493e-01)) ((-1.521885e-01 3.085138e-02 2.869566e-02) (1.231678e-03 1.092730e-03 -1.968949e-04))
879           	((-5.063738e-02 -7.232740e-01 1.245772e+01) (8.269994e-03 2.953155e-02 4.142700e-01)) ((-1.545195e-01 3.136826e-02 2.861557e-02) (1.222233e-03 1.094024e-03 -2.006180e-04))
880           	((-4.859352e-02 -6.993500e-01 1.245611e+01) (8.259420e-03 2.956030e-02 4.142982e-01)) ((-1.567469e-01 3.185427e-02 2.856336e-02) (1.214027e-03 1.093808e-03 -2.053249e-04))
881           	((-4.706642e-02 -6.778020e-01 1.245458e+01) (8.246411e-03 2.957733e-02 4.143268e-01)) ((-1.588202e-01 3.230120e-02 2.849402e-02) (1.204606e-03 1.095578e-03 -2.098114e-04))
882           	((-4.611245e-02 -6.590298e-01 1.245299e+01) (8.230109e-03 2.960207e-02 4.143618e-01)) ((-1.606895e-01 3.269941e-02 2.840023e-02) (1.195682e-03 1.097529e-03 -2.149574e-04))
883           	((-4.561828e-02 -6.433393e-01 1.245116e+01) (8.212727e-03 2.962428e-02 4.143775e-01)) ((-1.623147e-01 3.304625e-02 2.828623e-02) (1.188249e-03 1.100077e-03 -2.209541e-04))
884           	((-4.532012e-02 -6.308806e-01 1.244904e+01) (8.199347e-03 2.965008e-02 4.144012e-01)) ((-1.636767e-01 3.333177e-02 2.817464e-02) (1.180974e-03 1.101355e-03 -2.279055e-04))
885           	((-4.488500e-02 -6.216228e-01 1.244662e+01) (8.184765e-03 2.966556e-02 4.144161e-01)) ((-1.647722e-01 3.354874e-02 2.808365e-02) (1.174187e-03 1.103835e-03 -2.337876e-04))
886           	((-4.404651e-02 -6.154681e-01 1.244394e+01) (8.168905e-03 2.969728e-02 4.144411e-01)) ((-1.656341e-01 3.369563e-02 2.798403e-02) (1.168517e-03 1.107950e-03 -2.413136e-04))
887           	((-4.273715e-02 -6.122962e-01 1.244113e+01) (8.146113e-03 2.971607e-02 4.144561e-01)) ((-1.663149e-01 3.376834e-02 2.784895e-02) (1.163484e-03 1.109736e-03 -2.482123e-04))
888           	((-4.108042e-02 -6.119523e-01 1.243830e+01) (8.133664e-03 2.974312e-02 4.144606e-01)) ((-1.668519e-01 3.377931e-02 2.767598e-02) (1.158908e-03 1.111008e-03 -2.532317e-04))
889           	((-3.913488e-02 -6.141015e-01 1.243556e+01) (8.113299e-03 2.976613e-02 4.144556e-01)) ((-1.672798e-01 3.373906e-02 2.744717e-02) (1.153497e-03 1.116560e-03 -2.591289e-04))
890           	((-3.690217e-02 -6.182883e-01 1.243301e+01) (8.096143e-03 2.980536e-02 4.144553e-01)) ((-1.676102e-01 3.363391e-02 2.717683e-02) (1.148894e-03 1.118906e-03 -2.645049e-04))
891           	((-3.440188e-02 -6.239341e-01 1.243076e+01) (8.078243e-03 2.982470e-02 4.144159e-01)) ((-1.678319e-01 3.344130e-02 2.690852e-02) (1.143733e-03 1.124451e-03 -2.692615e-04))
892           	((-3.177895e-02 -6.305755e-01 1.242883e+01) (8.054593e-03 2.987394e-02 4.143727e-01)) ((-1.679363e-01 3.314955e-02 2.667457e-02) (1.139544e-03 1.127753e-03 -2.731502e-04))
893           	((-2.931626e-02 -6.377704e-01 1.242719e+01) (8.031326e-03 2.991225e-02 4.143219e-01)) ((-1.679011e-01 3.275847e-02 2.653102e-02) (1.133659e-03 1.130294e-03 -2.757991e-04))
894           	((-2.733547e-02 -6.452582e-01 1.242573e+01) (8.019125e-03 2.996956e-02 4.142722e-01)) ((-1.677052e-01 3.228872e-02 2.650764e-02) (1.129011e-03 1.134873e-03 -2.773869e-04))
895           	((-2.606000e-02 -6.529581e-01 1.242441e+01) (7.989928e-03 3.002182e-02 4.141977e-01)) ((-1.673409e-01 3.175795e-02 2.661649e-02) (1.124878e-03 1.137948e-03 -2.779176e-04))
896           	((-2.553807e-02 -6.611839e-01 1.242323e+01) (7.966226e-03 3.008551e-02 4.141210e-01)) ((-1.668319e-01 3.116337e-02 2.683252e-02) (1.120016e-03 1.139389e-03 -2.778490e-04))
897           	((-2.586467e-02 -6.704747e-01 1.242216e+01) (7.937532e-03 3.014136e-02 4.140427e-01)) ((-1.662240e-01 3.051979e-02 2.710376e-02) (1.116064e-03 1.141818e-03 -2.757783e-04))
898           	((-2.712373e-02 -6.811292e-01 1.242121e+01) (7.907127e-03 3.021092e-02 4.139584e-01)) ((-1.655545e-01 2.985500e-02 2.737921e-02) (1.111958e-03 1.143522e-03 -2.741295e-04))
899           	((-2.924410e-02 -6.931117e-01 1.242034e+01) (7.878777e-03 3.026585e-02 4.138651e-01)) ((-1.648240e-01 2.919058e-02 2.763738e-02) (1.108222e-03 1.145964e-03 -2.720259e-04))
900           	((-3.202500e-02 -7.062526e-01 1.241954e+01) (7.849707e-03 3.032955e-02 4.137600e-01)) ((-1.640232e-01 2.854953e-02 2.788000e-02) (1.106203e-03 1.145591e-03 -2.690613e-04))
901           	((-3.525080e-02 -7.203358e-01 1.241887e+01) (7.821071e-03 3.038221e-02 4.136489e-01)) ((-1.631735e-01 2.795805e-02 2.811485e-02) (1.102961e-03 1.146532e-03 -2.666040e-04))
902           	((-3.870975e-02 -7.349992e-01 1.241844e+01) (7.795104e-03 3.044073e-02 4.135562e-01)) ((-1.622952e-01 2.743741e-02 2.836055e-02) (1.101196e-03 1.147799e-03 -2.636715e-04))
903           	((-4.216973e-02 -7.496287e-01 1.241837e+01) (7.759541e-03 3.047546e-02 4.134395e-01)) ((-1.613897e-01 2.699232e-02 2.866463e-02) (1.100871e-03 1.147493e-03 -2.606959e-04))
904           	((-4.552618e-02 -7.637481e-01 1.241880e+01) (7.731958e-03 3.051837e-02 4.133238e-01)) ((-1.604738e-01 2.661443e-02 2.904075e-02) (1.102139e-03 1.146436e-03 -2.584929e-04))
905           	((-4.885485e-02 -7.768925e-01 1.241975e+01) (7.698919e-03 3.054852e-02 4.132267e-01)) ((-1.595688e-01 2.628845e-02 2.949248e-02) (1.103281e-03 1.146268e-03 -2.549129e-04))
906           	((-5.226609e-02 -7.886667e-01 1.242132e+01) (7.670506e-03 3.057551e-02 4.131266e-01)) ((-1.586739e-01 2.599732e-02 3.000737e-02) (1.104638e-03 1.144642e-03 -2.516170e-04))
907           	((-5.583986e-02 -7.987981e-01 1.242352e+01) (7.634549e-03 3.059234e-02 4.130425e-01)) ((-1.577935e-01 2.573164e-02 3.057469e-02) (1.106986e-03 1.140349e-03 -2.482015e-04))
908           	((-5.949819e-02 -8.072362e-01 1.242623e+01) (7.611491e-03 3.060757e-02 4.129596e-01)) ((-1.569218e-01 2.549081e-02 3.117222e-02) (1.110343e-03 1.135537e-03 -2.444194e-04))
909           	((-6.307588e-02 -8.141725e-01 1.242934e+01) (7.579703e-03 3.061146e-02 4.128919e-01)) ((-1.560531e-01 2.527788e-02 3.176890e-02) (1.112636e-03 1.128871e-03 -2.397528e-04))
910           	((-6.641893e-02 -8.198758e-01 1.243279e+01) (7.552286e-03 3.062309e-02 4.128500e-01)) ((-1.551851e-01 2.509652e-02 3.234741e-02) (1.117066e-03 1.123781e-03 -2.362955e-04))
911           	((-6.943974e-02 -8.244100e-01 1.243652e+01) (7.530438e-03 3.061469e-02 4.128236e-01)) ((-1.543101e-01 2.493718e-02 3.291126e-02) (1.120715e-03 1.116495e-03 -2.317273e-04))
912           	((-7.213149e-02 -8.279315e-01 1.244060e+01) (7.510087e-03 3.060991e-02 4.128108e-01)) ((-1.534416e-01 2.477253e-02 3.345420e-02) (1.126139e-03 1.104788e-03 -2.273250e-04))
913           	((-7.445610e-02 -8.305509e-01 1.244510e+01) (7.486983e-03 3.059607e-02 4.128153e-01)) ((-1.526135e-01 2.457684e-02 3.397928e-02) (1.129920e-03 1.094572e-03 -2.231111e-04))
914           	((-7.635428e-02 -8.324145e-01 1.244999e+01) (7.470819e-03 3.058283e-02 4.128430e-01)) ((-1.518474e-01 2.434874e-02 3.448354e-02) (1.134176e-03 1.086166e-03 -2.192012e-04))
915           	((-7.772845e-02 -8.336276e-01 1.245520e+01) (7.454232e-03 3.055206e-02 4.128813e-01)) ((-1.511740e-01 2.409078e-02 3.494903e-02) (1.139498e-03 1.074206e-03 -2.151183e-04))
916           	((-7.843406e-02 -8.340773e-01 1.246069e+01) (7.435138e-03 3.052817e-02 4.129117e-01)) ((-1.506145e-01 2.379909e-02 3.537336e-02) (1.144030e-03 1.063832e-03 -2.122778e-04))
917           	((-7.844113e-02 -8.334795e-01 1.246638e+01) (7.409721e-03 3.048874e-02 4.129705e-01)) ((-1.501724e-01 2.346748e-02 3.576960e-02) (1.148774e-03 1.055061e-03 -2.083939e-04))
918           	((-7.789295e-02 -8.315957e-01 1.247218e+01) (7.390485e-03 3.044835e-02 4.130339e-01)) ((-1.498606e-01 2.309874e-02 3.613400e-02) (1.153833e-03 1.046945e-03 -2.064766e-04))
919           	((-7.698700e-02 -8.283191e-01 1.247791e+01) (7.362250e-03 3.040491e-02 4.131065e-01)) ((-1.496774e-01 2.271146e-02 3.646532e-02) (1.159626e-03 1.038407e-03 -2.039710e-04))
920           	((-7.601531e-02 -8.237922e-01 1.248345e+01) (7.344045e-03 3.036566e-02 4.131910e-01)) ((-1.496166e-01 2.232396e-02 3.675943e-02) (1.166164e-03 1.032034e-03 -2.014725e-04))
921           	((-7.512432e-02 -8.182453e-01 1.248878e+01) (7.319275e-03 3.031120e-02 4.132760e-01)) ((-1.496742e-01 2.193142e-02 3.702247e-02) (1.172554e-03 1.025818e-03 -1.974296e-04))
922           	((-7.435058e-02 -8.120429e-01 1.249377e+01) (7.287848e-03 3.027030e-02 4.133716e-01)) ((-1.498679e-01 2.151494e-02 3.724352e-02) (1.178804e-03 1.023147e-03 -1.943325e-04))
923           	((-7.382140e-02 -8.056403e-01 1.249836e+01) (7.253335e-03 3.021830e-02 4.134877e-01)) ((-1.502362e-01 2.108075e-02 3.738649e-02) (1.184334e-03 1.018485e-03 -1.899023e-04))
924           	((-7.363425e-02 -7.992757e-01 1.250240e+01) (7.224144e-03 3.018346e-02 4.135878e-01)) ((-1.507823e-01 2.065296e-02 3.743630e-02) (1.189678e-03 1.012173e-03 -1.850125e-04))
925           	((-7.369990e-02 -7.929750e-01 1.250579e+01) (7.193806e-03 3.014801e-02 4.136886e-01)) ((-1.514752e-01 2.025305e-02 3.741096e-02) (1.193017e-03 1.008088e-03 -1.800600e-04))
926           	((-7.391505e-02 -7.867799e-01 1.250848e+01) (7.170329e-03 3.012284e-02 4.137961e-01)) ((-1.522850e-01 1.989813e-02 3.733676e-02) (1.196577e-03 1.007878e-03 -1.748461e-04))
927           	((-7.420986e-02 -7.809473e-01 1.251045e+01) (7.143606e-03 3.009777e-02 4.138973e-01)) ((-1.531998e-01 1.960503e-02 3.721431e-02) (1.197379e-03 1.004393e-03 -1.687687e-04))
928           	((-7.462248e-02 -7.758298e-01 1.251176e+01) (7.122805e-03 3.009025e-02 4.139978e-01)) ((-1.541866e-01 1.937292e-02 3.705125e-02) (1.199829e-03 1.001675e-03 -1.638035e-04))
929           	((-7.527974e-02 -7.717472e-01 1.251241e+01) (7.106414e-03 3.008257e-02 4.141061e-01)) ((-1.552035e-01 1.920012e-02 3.687031e-02) (1.198924e-03 1.002936e-03 -1.576697e-04))
930           	((-7.630055e-02 -7.691511e-01 1.251244e+01) (7.090564e-03 3.008852e-02 4.142092e-01)) ((-1.562161e-01 1.907365e-02 3.666367e-02) (1.198873e-03 1.003702e-03 -1.525653e-04))
931           	((-7.773589e-02 -7.683308e-01 1.251194e+01) (7.071427e-03 3.009865e-02 4.143101e-01)) ((-1.571861e-01 1.898252e-02 3.641016e-02) (1.197095e-03 1.005881e-03 -1.461704e-04))
932           	((-7.958212e-02 -7.693671e-01 1.251104e+01) (7.070961e-03 3.011706e-02 4.144061e-01)) ((-1.580770e-01 1.891977e-02 3.609176e-02) (1.195133e-03 1.006648e-03 -1.402765e-04))
933           	((-8.172478e-02 -7.721716e-01 1.250993e+01) (7.063464e-03 3.012779e-02 4.144923e-01)) ((-1.588783e-01 1.887497e-02 3.569885e-02) (1.191898e-03 1.006935e-03 -1.330715e-04))
934           	((-8.392222e-02 -7.765453e-01 1.250864e+01) (7.069254e-03 3.015084e-02 4.145753e-01)) ((-1.595943e-01 1.884592e-02 3.523672e-02) (1.188868e-03 1.011605e-03 -1.283859e-04))
935           	((-8.586432e-02 -7.823110e-01 1.250713e+01) (7.074125e-03 3.016721e-02 4.146600e-01)) ((-1.602153e-01 1.884088e-02 3.471270e-02) (1.185171e-03 1.016338e-03 -1.230057e-04))
936           	((-8.729300e-02 -7.891270e-01 1.250544e+01) (7.087986e-03 3.018133e-02 4.147259e-01)) ((-1.607192e-01 1.886305e-02 3.413485e-02) (1.182497e-03 1.018853e-03 -1.191905e-04))
937           	((-8.800785e-02 -7.965773e-01 1.250361e+01) (7.107828e-03 3.019482e-02 4.147833e-01)) ((-1.610869e-01 1.890219e-02 3.350613e-02) (1.179631e-03 1.023237e-03 -1.155370e-04))
938           	((-8.798267e-02 -8.043567e-01 1.250185e+01) (7.134472e-03 3.021456e-02 4.148482e-01)) ((-1.613153e-01 1.893371e-02 3.282520e-02) (1.176884e-03 1.029200e-03 -1.136742e-04))
939           	((-8.723282e-02 -8.122520e-01 1.250037e+01) (7.162592e-03 3.021292e-02 4.148893e-01)) ((-1.614002e-01 1.892450e-02 3.209945e-02) (1.173476e-03 1.032182e-03 -1.127751e-04))
940           	((-8.591598e-02 -8.201352e-01 1.249930e+01) (7.203346e-03 3.021977e-02 4.149115e-01)) ((-1.613230e-01 1.886991e-02 3.134528e-02) (1.171698e-03 1.034673e-03 -1.134557e-04))
941           	((-8.411989e-02 -8.280451e-01 1.249867e+01) (7.246281e-03 3.021621e-02 4.149358e-01)) ((-1.610772e-01 1.876498e-02 3.058156e-02) (1.168547e-03 1.037713e-03 -1.129367e-04))
942           	((-8.184741e-02 -8.359373e-01 1.249838e+01) (7.296351e-03 3.020479e-02 4.149435e-01)) ((-1.606556e-01 1.861329e-02 2.984479e-02) (1.166474e-03 1.039549e-03 -1.147628e-04))
943           	((-7.904114e-02 -8.437211e-01 1.249829e+01) (7.341602e-03 3.018998e-02 4.149374e-01)) ((-1.600699e-01 1.843486e-02 2.917835e-02) (1.164691e-03 1.042773e-03 -1.173404e-04))
944           	((-7.572135e-02 -8.516021e-01 1.249821e+01) (7.394523e-03 3.017647e-02 4.149234e-01)) ((-1.593593e-01 1.825703e-02 2.859846e-02) (1.163854e-03 1.044773e-03 -1.200670e-04))
945           	((-7.204638e-02 -8.596090e-01 1.249791e+01) (7.441702e-03 3.015095e-02 4.149087e-01)) ((-1.585508e-01 1.811624e-02 2.811033e-02) (1.163602e-03 1.044272e-03 -1.213253e-04))
946           	((-6.825546e-02 -8.677442e-01 1.249727e+01) (7.493821e-03 3.013256e-02 4.148753e-01)) ((-1.576702e-01 1.804078e-02 2.769177e-02) (1.164455e-03 1.044671e-03 -1.247504e-04))
947           	((-6.442731e-02 -8.758252e-01 1.249631e+01) (7.539571e-03 3.010468e-02 4.148356e-01)) ((-1.567485e-01 1.804540e-02 2.732164e-02) (1.164839e-03 1.046924e-03 -1.277947e-04))
948           	((-6.057139e-02 -8.838313e-01 1.249512e+01) (7.582235e-03 3.007135e-02 4.147881e-01)) ((-1.558228e-01 1.810531e-02 2.697234e-02) (1.168360e-03 1.043845e-03 -1.307395e-04))
949           	((-5.686704e-02 -8.918311e-01 1.249380e+01) (7.615740e-03 3.004208e-02 4.147407e-01)) ((-1.549420e-01 1.820818e-02 2.660719e-02) (1.169858e-03 1.042235e-03 -1.333974e-04))
950           	((-5.336990e-02 -8.995173e-01 1.249242e+01) (7.654236e-03 3.001958e-02 4.146909e-01)) ((-1.541230e-01 1.835180e-02 2.622679e-02) (1.173852e-03 1.041487e-03 -1.358990e-04))
951           	((-4.993024e-02 -9.063847e-01 1.249092e+01) (7.678299e-03 2.997925e-02 4.146298e-01)) ((-1.533588e-01 1.853883e-02 2.586175e-02) (1.177836e-03 1.038146e-03 -1.382269e-04))
952           	((-4.638217e-02 -9.119366e-01 1.248926e+01) (7.704183e-03 2.995280e-02 4.145611e-01)) ((-1.526703e-01 1.878487e-02 2.553146e-02) (1.183361e-03 1.033375e-03 -1.411104e-04))
953           	((-4.265372e-02 -9.159207e-01 1.248740e+01) (7.722253e-03 2.992173e-02 4.144955e-01)) ((-1.521033e-01 1.910082e-02 2.523308e-02) (1.188400e-03 1.028429e-03 -1.427391e-04))
954           	((-3.880837e-02 -9.181797e-01 1.248529e+01) (7.739670e-03 2.989584e-02 4.144290e-01)) ((-1.516785e-01 1.949018e-02 2.496532e-02) (1.194523e-03 1.023107e-03 -1.460378e-04))
955           	((-3.496948e-02 -9.186484e-01 1.248298e+01) (7.751939e-03 2.987147e-02 4.143570e-01)) ((-1.513940e-01 1.994044e-02 2.472255e-02) (1.199567e-03 1.017505e-03 -1.489633e-04))
956           	((-3.141539e-02 -9.174395e-01 1.248055e+01) (7.768503e-03 2.985836e-02 4.142940e-01)) ((-1.512488e-01 2.042780e-02 2.448123e-02) (1.205463e-03 1.010585e-03 -1.519251e-04))
957           	((-2.845523e-02 -9.147148e-01 1.247810e+01) (7.780272e-03 2.984411e-02 4.142386e-01)) ((-1.512249e-01 2.092664e-02 2.421714e-02) (1.210742e-03 1.001977e-03 -1.535000e-04))
958           	((-2.636020e-02 -9.106540e-01 1.247574e+01) (7.791352e-03 2.984269e-02 4.141834e-01)) ((-1.513089e-01 2.141711e-02 2.391284e-02) (1.214598e-03 9.951062e-04 -1.558413e-04))
959           	((-2.532466e-02 -9.054648e-01 1.247354e+01) (7.803892e-03 2.984502e-02 4.141546e-01)) ((-1.515041e-01 2.188182e-02 2.357180e-02) (1.216722e-03 9.876178e-04 -1.580839e-04))
960           	((-2.528013e-02 -8.992342e-01 1.247149e+01) (7.824290e-03 2.985072e-02 4.141172e-01)) ((-1.518083e-01 2.231551e-02 2.320735e-02) (1.219360e-03 9.774914e-04 -1.598434e-04))
961           	((-2.603190e-02 -8.920964e-01 1.246962e+01) (7.833333e-03 2.986715e-02 4.140868e-01)) ((-1.522106e-01 2.271651e-02 2.282948e-02) (1.218387e-03 9.697558e-04 -1.606657e-04))
962           	((-2.730177e-02 -8.841849e-01 1.246797e+01) (7.849262e-03 2.989176e-02 4.140819e-01)) ((-1.526771e-01 2.308311e-02 2.245991e-02) (1.216804e-03 9.615374e-04 -1.625661e-04))
963           	((-2.880930e-02 -8.755156e-01 1.246660e+01) (7.863018e-03 2.991487e-02 4.140880e-01)) ((-1.531738e-01 2.340298e-02 2.212072e-02) (1.213165e-03 9.520768e-04 -1.637917e-04))
964           	((-3.037881e-02 -8.661690e-01 1.246570e+01) (7.877143e-03 2.995666e-02 4.140883e-01)) ((-1.536985e-01 2.365147e-02 2.182538e-02) (1.208799e-03 9.435514e-04 -1.669401e-04))
965           	((-3.193333e-02 -8.562216e-01 1.246541e+01) (7.887910e-03 2.999442e-02 4.141100e-01)) ((-1.542526e-01 2.381817e-02 2.159175e-02) (1.201907e-03 9.353406e-04 -1.680774e-04))
966           	((-3.347399e-02 -8.457771e-01 1.246581e+01) (7.906837e-03 3.004217e-02 4.141353e-01)) ((-1.548314e-01 2.390166e-02 2.142250e-02) (1.193623e-03 9.276021e-04 -1.706164e-04))
967           	((-3.486644e-02 -8.350647e-01 1.246694e+01) (7.916885e-03 3.008349e-02 4.141587e-01)) ((-1.554283e-01 2.391030e-02 2.130433e-02) (1.184429e-03 9.216125e-04 -1.739038e-04))
968           	((-3.594416e-02 -8.244731e-01 1.246879e+01) (7.933669e-03 3.014077e-02 4.141920e-01)) ((-1.560226e-01 2.385084e-02 2.122187e-02) (1.175325e-03 9.155928e-04 -1.776059e-04))
969           	((-3.655984e-02 -8.144149e-01 1.247122e+01) (7.944306e-03 3.018743e-02 4.142230e-01)) ((-1.565893e-01 2.373005e-02 2.115365e-02) (1.163110e-03 9.111384e-04 -1.802885e-04))
970           	((-3.665711e-02 -8.052793e-01 1.247407e+01) (7.951849e-03 3.024747e-02 4.142631e-01)) ((-1.571256e-01 2.356678e-02 2.106906e-02) (1.152112e-03 9.085895e-04 -1.841458e-04))
971           	((-3.633298e-02 -7.972225e-01 1.247703e+01) (7.959556e-03 3.029912e-02 4.143200e-01)) ((-1.576237e-01 2.338875e-02 2.096259e-02) (1.139743e-03 9.068111e-04 -1.871491e-04))
972           	((-3.576170e-02 -7.904334e-01 1.247992e+01) (7.972457e-03 3.036009e-02 4.143606e-01)) ((-1.580759e-01 2.320645e-02 2.084079e-02) (1.127188e-03 9.045637e-04 -1.906258e-04))
973           	((-3.495410e-02 -7.849503e-01 1.248269e+01) (7.967988e-03 3.041682e-02 4.144058e-01)) ((-1.584681e-01 2.301672e-02 2.072937e-02) (1.115173e-03 9.036111e-04 -1.932070e-04))
974           	((-3.388986e-02 -7.809206e-01 1.248525e+01) (7.974108e-03 3.048547e-02 4.144693e-01)) ((-1.588139e-01 2.280669e-02 2.064440e-02) (1.103428e-03 9.043719e-04 -1.963805e-04))
975           	((-3.283324e-02 -7.786829e-01 1.248769e+01) (7.976238e-03 3.054350e-02 4.145264e-01)) ((-1.591436e-01 2.258714e-02 2.058063e-02) (1.091263e-03 9.034985e-04 -1.988726e-04))
976           	((-3.189970e-02 -7.781022e-01 1.248994e+01) (7.976249e-03 3.061173e-02 4.145813e-01)) ((-1.594288e-01 2.237640e-02 2.057893e-02) (1.081035e-03 9.027949e-04 -2.017241e-04))
977           	((-3.106913e-02 -7.789242e-01 1.249186e+01) (7.971100e-03 3.067008e-02 4.146386e-01)) ((-1.596185e-01 2.218933e-02 2.068819e-02) (1.070313e-03 9.031984e-04 -2.030680e-04))
978           	((-3.032625e-02 -7.810222e-01 1.249332e+01) (7.965618e-03 3.073042e-02 4.146980e-01)) ((-1.596882e-01 2.202866e-02 2.092419e-02) (1.062688e-03 9.025828e-04 -2.044115e-04))
979           	((-2.969523e-02 -7.845058e-01 1.249423e+01) (7.951992e-03 3.078149e-02 4.147509e-01)) ((-1.596504e-01 2.189347e-02 2.126754e-02) (1.054837e-03 9.028330e-04 -2.064381e-04))
980           	((-2.916616e-02 -7.893082e-01 1.249456e+01) (7.940671e-03 3.083938e-02 4.148182e-01)) ((-1.595170e-01 2.177398e-02 2.170283e-02) (1.050834e-03 9.008470e-04 -2.084087e-04))
981           	((-2.874114e-02 -7.952777e-01 1.249429e+01) (7.925922e-03 3.087820e-02 4.148664e-01)) ((-1.593174e-01 2.166891e-02 2.220330e-02) (1.046692e-03 8.995060e-04 -2.096816e-04))
982           	((-2.850567e-02 -8.024006e-01 1.249347e+01) (7.903180e-03 3.092148e-02 4.149223e-01)) ((-1.590967e-01 2.158255e-02 2.271877e-02) (1.046893e-03 8.987021e-04 -2.117062e-04))
983           	((-2.852406e-02 -8.106427e-01 1.249220e+01) (7.878773e-03 3.095208e-02 4.149859e-01)) ((-1.588816e-01 2.151344e-02 2.319865e-02) (1.047728e-03 8.959337e-04 -2.128625e-04))
984           	((-2.882290e-02 -8.199017e-01 1.249066e+01) (7.861604e-03 3.097570e-02 4.150353e-01)) ((-1.586759e-01 2.146137e-02 2.361494e-02) (1.050501e-03 8.915808e-04 -2.130359e-04))
985           	((-2.929064e-02 -8.299883e-01 1.248908e+01) (7.833673e-03 3.099115e-02 4.150852e-01)) ((-1.584831e-01 2.141444e-02 2.396424e-02) (1.055594e-03 8.884469e-04 -2.121274e-04))
986           	((-2.983548e-02 -8.405870e-01 1.248758e+01) (7.813478e-03 3.100286e-02 4.151342e-01)) ((-1.582963e-01 2.135390e-02 2.428094e-02) (1.061776e-03 8.863430e-04 -2.117719e-04))
987           	((-3.037008e-02 -8.513786e-01 1.248619e+01) (7.788233e-03 3.099886e-02 4.151768e-01)) ((-1.580998e-01 2.126815e-02 2.458928e-02) (1.070092e-03 8.837143e-04 -2.104441e-04))
988           	((-3.080166e-02 -8.619691e-01 1.248487e+01) (7.765456e-03 3.099937e-02 4.152184e-01)) ((-1.578554e-01 2.115117e-02 2.491396e-02) (1.080225e-03 8.771998e-04 -2.092688e-04))
989           	((-3.106944e-02 -8.721154e-01 1.248349e+01) (7.743745e-03 3.098195e-02 4.152355e-01)) ((-1.575445e-01 2.099715e-02 2.527131e-02) (1.090045e-03 8.744546e-04 -2.067459e-04))
990           	((-3.112661e-02 -8.817437e-01 1.248200e+01) (7.720109e-03 3.096734e-02 4.152599e-01)) ((-1.571789e-01 2.079816e-02 2.565748e-02) (1.101471e-03 8.691347e-04 -2.035774e-04))
991           	((-3.111504e-02 -8.907969e-01 1.248036e+01) (7.695791e-03 3.093285e-02 4.152861e-01)) ((-1.567838e-01 2.055844e-02 2.606297e-02) (1.114248e-03 8.637262e-04 -2.013770e-04))
992           	((-3.109153e-02 -8.992295e-01 1.247851e+01) (7.677348e-03 3.089873e-02 4.152905e-01)) ((-1.563861e-01 2.028066e-02 2.648093e-02) (1.127699e-03 8.561426e-04 -1.973013e-04))
993           	((-3.110878e-02 -9.069668e-01 1.247643e+01) (7.652056e-03 3.084813e-02 4.152939e-01)) ((-1.560106e-01 1.996272e-02 2.691769e-02) (1.141928e-03 8.476265e-04 -1.943382e-04))
994           	((-3.119625e-02 -9.137594e-01 1.247405e+01) (7.630078e-03 3.079500e-02 4.152900e-01)) ((-1.556713e-01 1.960532e-02 2.739815e-02) (1.155054e-03 8.422103e-04 -1.905153e-04))
995           	((-3.147564e-02 -9.196451e-01 1.247128e+01) (7.606821e-03 3.073617e-02 4.152929e-01)) ((-1.553826e-01 1.922296e-02 2.791734e-02) (1.169983e-03 8.352100e-04 -1.867787e-04))
996           	((-3.209590e-02 -9.246577e-01 1.246796e+01) (7.593981e-03 3.067877e-02 4.152816e-01)) ((-1.551467e-01 1.883637e-02 2.845612e-02) (1.183130e-03 8.252859e-04 -1.825162e-04))
997           	((-3.314959e-02 -9.287343e-01 1.246398e+01) (7.569600e-03 3.061654e-02 4.152724e-01)) ((-1.549462e-01 1.848118e-02 2.899236e-02) (1.196622e-03 8.153523e-04 -1.771785e-04))
998           	((-3.467230e-02 -9.317971e-01 1.245947e+01) (7.558866e-03 3.055557e-02 4.152600e-01)) ((-1.547646e-01 1.817411e-02 2.952024e-02) (1.209935e-03 8.068495e-04 -1.717065e-04))
999           	((-3.649194e-02 -9.337853e-01 1.245476e+01) (7.538079e-03 3.048701e-02 4.152433e-01)) ((-1.545832e-01 1.790496e-02 3.005048e-02) (1.223356e-03 8.007528e-04 -1.664148e-04))
1000          	((-3.854416e-02 -9.348127e-01 1.245006e+01) (7.521834e-03 3.042747e-02 4.152223e-01)) ((-1.544236e-01 1.765021e-02 3.057614e-02) (1.237025e-03 7.912906e-04 -1.599831e-04))
