# Forces      
# CofR        : (0.000000e+00 0.000000e+00 0.000000e+00)
# Time        forces(pressure viscous)	moments(pressure viscous)
0             	((0.000000e+00 0.000000e+00 0.000000e+00) (0.000000e+00 0.000000e+00 0.000000e+00)) ((0.000000e+00 0.000000e+00 0.000000e+00) (0.000000e+00 0.000000e+00 0.000000e+00))
0.005         	((-3.397805e-02 -1.185666e-02 1.969178e+01) (-1.021521e-05 1.200887e-06 8.662200e-04)) ((3.803905e-03 -1.742247e-01 -1.479564e-03) (-2.908317e-07 -9.313999e-06 5.919400e-07))
0.01          	((-3.551712e-02 -1.070394e-02 1.950497e+01) (-1.997527e-05 1.714937e-06 1.724017e-03)) ((3.642207e-03 -1.726138e-01 -1.373622e-03) (-5.445192e-07 -1.860748e-05 1.143442e-06))
0.015         	((-3.661121e-02 -1.134154e-02 1.967391e+01) (-2.955794e-05 2.131083e-06 2.582410e-03)) ((3.672045e-03 -1.740422e-01 -1.372736e-03) (-7.734060e-07 -2.792499e-05 1.687867e-06))
0.02          	((-3.591687e-02 -1.125803e-02 1.962706e+01) (-3.899573e-05 2.529808e-06 3.436985e-03)) ((3.637587e-03 -1.737503e-01 -1.346068e-03) (-1.002245e-06 -3.723300e-05 2.213189e-06))
0.025         	((-3.589585e-02 -1.125631e-02 1.958385e+01) (-4.823901e-05 2.850591e-06 4.286436e-03)) ((3.615688e-03 -1.733618e-01 -1.317844e-03) (-1.228111e-06 -4.650980e-05 2.708531e-06))
0.03          	((-3.582120e-02 -1.126577e-02 1.954863e+01) (-5.738838e-05 3.151354e-06 5.130619e-03)) ((3.601180e-03 -1.730362e-01 -1.294624e-03) (-1.450980e-06 -5.575505e-05 3.174633e-06))
0.035         	((-3.582106e-02 -1.128960e-02 1.951366e+01) (-6.642685e-05 3.444211e-06 5.969639e-03)) ((3.590797e-03 -1.726894e-01 -1.273830e-03) (-1.675211e-06 -6.496431e-05 3.612991e-06))
0.04          	((-3.587423e-02 -1.128328e-02 1.947217e+01) (-7.539523e-05 3.736883e-06 6.803388e-03)) ((3.580012e-03 -1.722744e-01 -1.252950e-03) (-1.899848e-06 -7.413808e-05 4.010680e-06))
0.045         	((-3.578211e-02 -1.128461e-02 1.942251e+01) (-8.427522e-05 4.013159e-06 7.631766e-03)) ((3.566009e-03 -1.717621e-01 -1.234229e-03) (-2.125140e-06 -8.326549e-05 4.367379e-06))
0.05          	((-3.567968e-02 -1.125446e-02 1.936536e+01) (-9.311602e-05 4.275958e-06 8.454694e-03)) ((3.553897e-03 -1.711641e-01 -1.218491e-03) (-2.346543e-06 -9.233754e-05 4.681606e-06))
0.055         	((-3.554485e-02 -1.129698e-02 1.930141e+01) (-1.019188e-04 4.539354e-06 9.272126e-03)) ((3.543168e-03 -1.704932e-01 -1.205063e-03) (-2.565930e-06 -1.013578e-04 4.960635e-06))
0.06          	((-3.537256e-02 -1.130089e-02 1.923071e+01) (-1.106592e-04 4.829318e-06 1.008395e-02)) ((3.528695e-03 -1.697469e-01 -1.189606e-03) (-2.786717e-06 -1.103220e-04 5.206377e-06))
0.065         	((-3.522987e-02 -1.132144e-02 1.915341e+01) (-1.193070e-04 5.142367e-06 1.089013e-02)) ((3.505399e-03 -1.689229e-01 -1.171476e-03) (-2.999828e-06 -1.192268e-04 5.412609e-06))
0.07          	((-3.516846e-02 -1.129287e-02 1.906956e+01) (-1.278824e-04 5.503430e-06 1.169058e-02)) ((3.480570e-03 -1.680298e-01 -1.151210e-03) (-3.209072e-06 -1.280802e-04 5.574582e-06))
0.075         	((-3.503787e-02 -1.130166e-02 1.897931e+01) (-1.363575e-04 5.864526e-06 1.248515e-02)) ((3.461596e-03 -1.670628e-01 -1.138614e-03) (-3.419244e-06 -1.368924e-04 5.693050e-06))
0.08          	((-3.483663e-02 -1.130899e-02 1.888265e+01) (-1.447416e-04 6.220577e-06 1.327365e-02)) ((3.432731e-03 -1.660243e-01 -1.120829e-03) (-3.628363e-06 -1.456599e-04 5.753462e-06))
0.085         	((-3.463309e-02 -1.130518e-02 1.877957e+01) (-1.530340e-04 6.526099e-06 1.405595e-02)) ((3.396253e-03 -1.649071e-01 -1.099580e-03) (-3.837788e-06 -1.543794e-04 5.762736e-06))
0.09          	((-3.438593e-02 -1.129283e-02 1.867024e+01) (-1.612748e-04 6.792231e-06 1.483206e-02)) ((3.364973e-03 -1.637152e-01 -1.079937e-03) (-4.045453e-06 -1.630549e-04 5.719591e-06))
0.095         	((-3.413786e-02 -1.120793e-02 1.855485e+01) (-1.695747e-04 7.096431e-06 1.560173e-02)) ((3.338777e-03 -1.624544e-01 -1.065683e-03) (-4.276375e-06 -1.716887e-04 5.634230e-06))
0.1           	((-3.386498e-02 -1.115515e-02 1.843343e+01) (-1.778873e-04 7.452086e-06 1.636483e-02)) ((3.307261e-03 -1.611193e-01 -1.050087e-03) (-4.511681e-06 -1.802700e-04 5.501631e-06))
0.105         	((-3.358872e-02 -1.106042e-02 1.830584e+01) (-1.860533e-04 7.777080e-06 1.712102e-02)) ((3.272509e-03 -1.597077e-01 -1.030720e-03) (-4.736075e-06 -1.888159e-04 5.346094e-06))
0.11          	((-3.332928e-02 -1.096170e-02 1.817217e+01) (-1.941469e-04 8.038369e-06 1.786976e-02)) ((3.232995e-03 -1.582333e-01 -1.017735e-03) (-4.942489e-06 -1.973254e-04 5.173482e-06))
0.115         	((-3.303435e-02 -1.085204e-02 1.803238e+01) (-2.022618e-04 8.236098e-06 1.861087e-02)) ((3.185536e-03 -1.566816e-01 -9.990088e-04) (-5.190581e-06 -2.057679e-04 4.945355e-06))
0.12          	((-3.283895e-02 -1.084009e-02 1.788662e+01) (-2.102469e-04 8.383356e-06 1.934390e-02)) ((3.163798e-03 -1.550715e-01 -9.745122e-04) (-5.466249e-06 -2.141868e-04 4.702438e-06))
0.125         	((-3.254003e-02 -1.084583e-02 1.773479e+01) (-2.181186e-04 8.442825e-06 2.006852e-02)) ((3.139199e-03 -1.533785e-01 -9.235575e-04) (-5.738333e-06 -2.225615e-04 4.446696e-06))
0.13          	((-3.214421e-02 -1.082303e-02 1.757690e+01) (-2.259128e-04 8.452457e-06 2.078434e-02)) ((3.103237e-03 -1.516222e-01 -9.046583e-04) (-6.015337e-06 -2.309055e-04 4.192280e-06))
0.135         	((-3.191538e-02 -1.077930e-02 1.741254e+01) (-2.338504e-04 8.536586e-06 2.149075e-02)) ((3.047330e-03 -1.498156e-01 -8.991146e-04) (-6.312071e-06 -2.392048e-04 3.928349e-06))
0.14          	((-3.151930e-02 -1.079091e-02 1.724200e+01) (-2.416108e-04 8.734134e-06 2.218698e-02)) ((2.977706e-03 -1.479163e-01 -8.866936e-04) (-6.605351e-06 -2.474691e-04 3.653552e-06))
0.145         	((-3.103848e-02 -1.083797e-02 1.706508e+01) (-2.491588e-04 9.105804e-06 2.287308e-02)) ((2.916692e-03 -1.459573e-01 -8.628825e-04) (-6.938100e-06 -2.556714e-04 3.400733e-06))
0.15          	((-3.052799e-02 -1.089527e-02 1.688199e+01) (-2.569138e-04 9.563628e-06 2.354823e-02)) ((2.837626e-03 -1.439254e-01 -8.845092e-04) (-7.254645e-06 -2.638360e-04 3.098882e-06))
0.155         	((-3.002903e-02 -1.076049e-02 1.669218e+01) (-2.648028e-04 1.002139e-05 2.421206e-02)) ((2.805227e-03 -1.418660e-01 -8.616579e-04) (-7.611050e-06 -2.719560e-04 2.802743e-06))
0.16          	((-2.944060e-02 -1.050996e-02 1.649632e+01) (-2.725471e-04 1.051532e-05 2.486447e-02)) ((2.726326e-03 -1.397231e-01 -8.090452e-04) (-7.987378e-06 -2.799860e-04 2.524821e-06))
0.165         	((-2.901429e-02 -1.036365e-02 1.629394e+01) (-2.805327e-04 1.117379e-05 2.550480e-02)) ((2.691179e-03 -1.375674e-01 -7.947782e-04) (-8.450111e-06 -2.879641e-04 2.221664e-06))
0.17          	((-2.844532e-02 -1.021726e-02 1.608520e+01) (-2.885103e-04 1.181290e-05 2.613246e-02)) ((2.657439e-03 -1.353431e-01 -7.689759e-04) (-8.922098e-06 -2.958991e-04 1.916580e-06))
0.175         	((-2.803744e-02 -1.019763e-02 1.586956e+01) (-2.965132e-04 1.256410e-05 2.674721e-02)) ((2.591712e-03 -1.330410e-01 -7.638937e-04) (-9.313757e-06 -3.037810e-04 1.583473e-06))
0.18          	((-2.759210e-02 -1.004925e-02 1.564690e+01) (-3.042576e-04 1.337704e-05 2.734796e-02)) ((2.519677e-03 -1.306708e-01 -7.667225e-04) (-9.707794e-06 -3.115903e-04 1.230863e-06))
0.185         	((-2.712850e-02 -9.909219e-03 1.541764e+01) (-3.117657e-04 1.435040e-05 2.793488e-02)) ((2.468075e-03 -1.282498e-01 -7.781397e-04) (-1.010715e-05 -3.192350e-04 8.589660e-07))
0.19          	((-2.663104e-02 -9.908925e-03 1.518195e+01) (-3.192354e-04 1.521180e-05 2.850722e-02)) ((2.442483e-03 -1.258259e-01 -8.202613e-04) (-1.045613e-05 -3.267357e-04 4.752384e-07))
0.195         	((-2.618651e-02 -9.920160e-03 1.493953e+01) (-3.269272e-04 1.622555e-05 2.906474e-02)) ((2.402027e-03 -1.233583e-01 -8.366862e-04) (-1.079134e-05 -3.342171e-04 8.763996e-08))
0.2           	((-2.537535e-02 -9.804560e-03 1.469076e+01) (-3.347585e-04 1.733533e-05 2.960680e-02)) ((2.298064e-03 -1.207787e-01 -8.480876e-04) (-1.119280e-05 -3.415807e-04 -2.867895e-07))
0.205         	((-2.478532e-02 -9.734311e-03 1.443508e+01) (-3.425840e-04 1.863718e-05 3.013292e-02)) ((2.182347e-03 -1.181587e-01 -8.588624e-04) (-1.164440e-05 -3.489242e-04 -6.704353e-07))
0.21          	((-2.408460e-02 -9.684878e-03 1.417292e+01) (-3.503144e-04 2.012355e-05 3.064354e-02)) ((2.114874e-03 -1.155009e-01 -8.721305e-04) (-1.186823e-05 -3.562247e-04 -1.016089e-06))
0.215         	((-2.308256e-02 -9.789816e-03 1.390404e+01) (-3.581225e-04 2.175726e-05 3.113699e-02)) ((2.098151e-03 -1.127581e-01 -8.915629e-04) (-1.212298e-05 -3.633308e-04 -1.325331e-06))
0.22          	((-2.242094e-02 -9.567410e-03 1.362932e+01) (-3.659551e-04 2.326518e-05 3.161382e-02)) ((2.005258e-03 -1.100022e-01 -9.208116e-04) (-1.226389e-05 -3.702571e-04 -1.639867e-06))
0.225         	((-2.194613e-02 -9.348559e-03 1.334862e+01) (-3.740171e-04 2.493499e-05 3.207457e-02)) ((1.933669e-03 -1.072726e-01 -9.162039e-04) (-1.243482e-05 -3.772323e-04 -1.847789e-06))
0.23          	((-2.141037e-02 -9.325344e-03 1.306076e+01) (-3.818499e-04 2.697757e-05 3.251695e-02)) ((1.875905e-03 -1.044274e-01 -9.119389e-04) (-1.262673e-05 -3.840660e-04 -2.059605e-06))
0.235         	((-2.090837e-02 -9.340308e-03 1.276791e+01) (-3.894459e-04 2.901390e-05 3.294109e-02)) ((1.804265e-03 -1.015764e-01 -9.667043e-04) (-1.279771e-05 -3.907751e-04 -2.202381e-06))
0.24          	((-2.025864e-02 -9.245860e-03 1.246862e+01) (-3.971658e-04 3.105206e-05 3.334746e-02)) ((1.725301e-03 -9.865989e-02 -1.020385e-03) (-1.302589e-05 -3.974280e-04 -2.335653e-06))
0.245         	((-1.969608e-02 -9.026654e-03 1.216329e+01) (-4.048685e-04 3.287813e-05 3.373421e-02)) ((1.626816e-03 -9.571045e-02 -1.004974e-03) (-1.328932e-05 -4.038383e-04 -2.418007e-06))
0.25          	((-1.933576e-02 -9.067194e-03 1.185184e+01) (-4.125664e-04 3.460419e-05 3.410200e-02)) ((1.570150e-03 -9.273731e-02 -1.042887e-03) (-1.353719e-05 -4.101215e-04 -2.494773e-06))
0.255         	((-1.856135e-02 -9.007726e-03 1.153410e+01) (-4.198064e-04 3.630975e-05 3.445042e-02)) ((1.492039e-03 -8.964454e-02 -1.086685e-03) (-1.381118e-05 -4.160885e-04 -2.570680e-06))
0.26          	((-1.772479e-02 -8.891819e-03 1.121086e+01) (-4.267879e-04 3.799758e-05 3.477903e-02)) ((1.449802e-03 -8.647823e-02 -1.169606e-03) (-1.402104e-05 -4.219889e-04 -2.574822e-06))
0.265         	((-1.736513e-02 -8.785231e-03 1.088149e+01) (-4.335759e-04 3.972073e-05 3.508727e-02)) ((1.415875e-03 -8.340440e-02 -1.207720e-03) (-1.420618e-05 -4.276497e-04 -2.631672e-06))
0.27          	((-1.664178e-02 -8.299875e-03 1.054734e+01) (-4.402603e-04 4.109844e-05 3.537483e-02)) ((1.314369e-03 -8.022448e-02 -1.213419e-03) (-1.427497e-05 -4.331601e-04 -2.702722e-06))
0.275         	((-1.603175e-02 -7.978254e-03 1.020794e+01) (-4.467480e-04 4.239732e-05 3.564185e-02)) ((1.159239e-03 -7.701827e-02 -1.290471e-03) (-1.444935e-05 -4.385016e-04 -2.726057e-06))
0.28          	((-1.542536e-02 -8.015337e-03 9.862623e+00) (-4.530313e-04 4.375375e-05 3.588663e-02)) ((1.112085e-03 -7.381362e-02 -1.382906e-03) (-1.477103e-05 -4.435732e-04 -2.753776e-06))
0.285         	((-1.484782e-02 -7.686050e-03 9.511949e+00) (-4.589385e-04 4.511172e-05 3.610945e-02)) ((1.028455e-03 -7.059315e-02 -1.426618e-03) (-1.476463e-05 -4.485198e-04 -2.753106e-06))
0.29          	((-1.423893e-02 -7.473236e-03 9.156919e+00) (-4.642402e-04 4.662609e-05 3.631060e-02)) ((9.605293e-04 -6.733131e-02 -1.455953e-03) (-1.490294e-05 -4.530914e-04 -2.783589e-06))
0.295         	((-1.384936e-02 -7.321031e-03 8.798033e+00) (-4.698970e-04 4.831770e-05 3.649011e-02)) ((9.008900e-04 -6.400755e-02 -1.504837e-03) (-1.508259e-05 -4.574804e-04 -2.753106e-06))
0.3           	((-1.344365e-02 -7.054394e-03 8.434609e+00) (-4.750608e-04 5.003762e-05 3.664809e-02)) ((7.800805e-04 -6.064253e-02 -1.520211e-03) (-1.520741e-05 -4.618042e-04 -2.731725e-06))
0.305         	((-1.315917e-02 -6.742043e-03 8.066645e+00) (-4.800185e-04 5.139835e-05 3.678319e-02)) ((7.005547e-04 -5.724847e-02 -1.574892e-03) (-1.533847e-05 -4.657621e-04 -2.802360e-06))
0.31          	((-1.284896e-02 -6.629772e-03 7.693840e+00) (-4.850875e-04 5.259834e-05 3.689526e-02)) ((6.750416e-04 -5.390881e-02 -1.624122e-03) (-1.522891e-05 -4.696609e-04 -2.821746e-06))
0.315         	((-1.216465e-02 -6.149983e-03 7.317047e+00) (-4.898110e-04 5.368840e-05 3.698480e-02)) ((5.283905e-04 -5.043951e-02 -1.679171e-03) (-1.511436e-05 -4.732029e-04 -2.871117e-06))
0.32          	((-1.167570e-02 -5.865031e-03 6.936683e+00) (-4.943811e-04 5.466010e-05 3.705076e-02)) ((4.064911e-04 -4.696295e-02 -1.682151e-03) (-1.488941e-05 -4.765128e-04 -2.922882e-06))
0.325         	((-1.138262e-02 -5.645399e-03 6.551188e+00) (-4.986331e-04 5.571108e-05 3.709449e-02)) ((2.732334e-04 -4.350834e-02 -1.694929e-03) (-1.466964e-05 -4.796256e-04 -3.009019e-06))
0.33          	((-1.075445e-02 -5.559431e-03 6.163405e+00) (-5.027054e-04 5.701927e-05 3.711404e-02)) ((1.433241e-04 -3.992762e-02 -1.681375e-03) (-1.457708e-05 -4.825436e-04 -3.061167e-06))
0.335         	((-9.936539e-03 -5.335770e-03 5.770923e+00) (-5.061416e-04 5.814454e-05 3.711021e-02)) ((8.002314e-05 -3.634946e-02 -1.669408e-03) (-1.440085e-05 -4.852759e-04 -3.049629e-06))
0.34          	((-9.104155e-03 -4.855094e-03 5.376794e+00) (-5.094272e-04 5.929839e-05 3.708232e-02)) ((-1.200717e-04 -3.273985e-02 -1.681437e-03) (-1.428931e-05 -4.878018e-04 -3.003225e-06))
0.345         	((-8.653384e-03 -4.364205e-03 4.978461e+00) (-5.121764e-04 6.044768e-05 3.703151e-02)) ((-2.018258e-04 -2.919173e-02 -1.753368e-03) (-1.423925e-05 -4.900172e-04 -2.973419e-06))
0.35          	((-7.803654e-03 -4.276065e-03 4.577430e+00) (-5.145877e-04 6.121102e-05 3.695683e-02)) ((-2.601100e-04 -2.549348e-02 -1.790611e-03) (-1.406285e-05 -4.919159e-04 -2.922780e-06))
0.355         	((-7.044554e-03 -3.894288e-03 4.173539e+00) (-5.168461e-04 6.209494e-05 3.685887e-02)) ((-3.403798e-04 -2.192337e-02 -1.774888e-03) (-1.377957e-05 -4.936588e-04 -2.862417e-06))
0.36          	((-6.266086e-03 -3.421535e-03 3.766119e+00) (-5.190436e-04 6.286209e-05 3.673795e-02)) ((-4.552997e-04 -1.841287e-02 -1.774526e-03) (-1.360114e-05 -4.950400e-04 -2.798493e-06))
0.365         	((-5.170686e-03 -3.079229e-03 3.355704e+00) (-5.208870e-04 6.385225e-05 3.659423e-02)) ((-6.018723e-04 -1.469952e-02 -1.763194e-03) (-1.335008e-05 -4.962483e-04 -2.816589e-06))
0.37          	((-4.466249e-03 -2.948677e-03 2.941858e+00) (-5.225302e-04 6.485386e-05 3.642743e-02)) ((-7.785311e-04 -1.097522e-02 -1.668189e-03) (-1.307898e-05 -4.971221e-04 -2.807262e-06))
0.375         	((-4.253878e-03 -2.802359e-03 2.527076e+00) (-5.235408e-04 6.565220e-05 3.623788e-02)) ((-8.345031e-04 -7.355308e-03 -1.590258e-03) (-1.276502e-05 -4.978360e-04 -2.926605e-06))
0.38          	((-3.783053e-03 -2.422313e-03 2.110702e+00) (-5.242675e-04 6.677588e-05 3.602624e-02)) ((-9.859532e-04 -3.777160e-03 -1.526191e-03) (-1.245587e-05 -4.982793e-04 -3.028230e-06))
0.385         	((-2.505636e-03 -2.118133e-03 1.691976e+00) (-5.247077e-04 6.760546e-05 3.579308e-02)) ((-1.172272e-03 2.575239e-05 -1.526600e-03) (-1.216110e-05 -4.984185e-04 -3.135455e-06))
0.39          	((-1.702098e-03 -1.697461e-03 1.272585e+00) (-5.249047e-04 6.843145e-05 3.553712e-02)) ((-1.208161e-03 3.689098e-03 -1.529341e-03) (-1.179457e-05 -4.982277e-04 -3.262969e-06))
0.395         	((-9.951202e-04 -1.232804e-03 8.510330e-01) (-5.250907e-04 6.936661e-05 3.526025e-02)) ((-1.410448e-03 7.353916e-03 -1.491210e-03) (-1.133744e-05 -4.976655e-04 -3.346949e-06))
0.4           	((-2.578381e-07 -1.248068e-03 4.285025e-01) (-5.250044e-04 6.981732e-05 3.496269e-02)) ((-1.506379e-03 1.103820e-02 -1.540487e-03) (-1.098564e-05 -4.969417e-04 -3.423607e-06))
0.405         	((5.014596e-04 -4.351967e-04 3.833011e-03) (-5.246416e-04 7.028026e-05 3.464392e-02)) ((-1.587165e-03 1.462708e-02 -1.516385e-03) (-1.056010e-05 -4.959395e-04 -3.498528e-06))
0.41          	((6.619788e-04 8.662411e-05 -4.222547e-01) (-5.239844e-04 7.010793e-05 3.430497e-02)) ((-1.635431e-03 1.815806e-02 -1.500696e-03) (-1.021333e-05 -4.946188e-04 -3.590406e-06))
0.415         	((1.416799e-03 3.113486e-04 -8.480558e-01) (-5.231337e-04 7.031356e-05 3.394575e-02)) ((-1.738011e-03 2.179262e-02 -1.526353e-03) (-9.704395e-06 -4.929838e-04 -3.649321e-06))
0.42          	((2.397534e-03 3.023063e-04 -1.273257e+00) (-5.222958e-04 7.061249e-05 3.356701e-02)) ((-1.956489e-03 2.547316e-02 -1.478541e-03) (-9.384770e-06 -4.910836e-04 -3.668608e-06))
0.425         	((3.520464e-03 1.133539e-03 -1.698218e+00) (-5.208764e-04 7.089290e-05 3.316941e-02)) ((-2.201826e-03 2.915542e-02 -1.408113e-03) (-8.867359e-06 -4.889691e-04 -3.722210e-06))
0.43          	((4.060634e-03 1.184548e-03 -2.122608e+00) (-5.188537e-04 7.094373e-05 3.275251e-02)) ((-2.143775e-03 3.266058e-02 -1.398510e-03) (-8.460638e-06 -4.864738e-04 -3.697317e-06))
0.435         	((4.820455e-03 1.780406e-03 -2.548591e+00) (-5.169710e-04 7.088865e-05 3.231728e-02)) ((-2.131299e-03 3.610597e-02 -1.394007e-03) (-7.957119e-06 -4.838855e-04 -3.745359e-06))
0.44          	((5.970160e-03 2.565265e-03 -2.975418e+00) (-5.146974e-04 7.083346e-05 3.186367e-02)) ((-2.293521e-03 3.949286e-02 -1.324208e-03) (-7.511149e-06 -4.807723e-04 -3.792835e-06))
0.445         	((6.861921e-03 3.177338e-03 -3.400017e+00) (-5.119427e-04 7.085963e-05 3.139306e-02)) ((-2.394310e-03 4.309917e-02 -1.320372e-03) (-7.016086e-06 -4.773726e-04 -3.865777e-06))
0.45          	((8.070951e-03 3.644429e-03 -3.824019e+00) (-5.087643e-04 7.060092e-05 3.090523e-02)) ((-2.454164e-03 4.668356e-02 -1.313289e-03) (-6.506452e-06 -4.736165e-04 -3.947249e-06))
0.455         	((8.977725e-03 4.143921e-03 -4.245198e+00) (-5.054783e-04 7.022435e-05 3.040024e-02)) ((-2.577911e-03 5.010595e-02 -1.240869e-03) (-6.013686e-06 -4.695851e-04 -4.031951e-06))
0.46          	((1.019566e-02 4.672827e-03 -4.664920e+00) (-5.017173e-04 6.975859e-05 2.987879e-02)) ((-2.596660e-03 5.365129e-02 -1.197321e-03) (-5.627938e-06 -4.652791e-04 -4.049200e-06))
0.465         	((1.138934e-02 4.824035e-03 -5.081734e+00) (-4.977676e-04 6.920167e-05 2.934178e-02)) ((-2.664104e-03 5.712828e-02 -1.143004e-03) (-5.110745e-06 -4.607349e-04 -4.082531e-06))
0.47          	((1.176695e-02 4.797470e-03 -5.496302e+00) (-4.935174e-04 6.842172e-05 2.878896e-02)) ((-2.841513e-03 6.064839e-02 -1.156314e-03) (-4.532083e-06 -4.558423e-04 -4.128979e-06))
0.475         	((1.277366e-02 5.295238e-03 -5.909629e+00) (-4.886070e-04 6.767504e-05 2.822134e-02)) ((-2.904915e-03 6.407063e-02 -1.109470e-03) (-4.080567e-06 -4.506759e-04 -4.186919e-06))
0.48          	((1.362835e-02 5.673753e-03 -6.322132e+00) (-4.838541e-04 6.701697e-05 2.763807e-02)) ((-2.867714e-03 6.745875e-02 -1.148689e-03) (-3.452607e-06 -4.453145e-04 -4.273788e-06))
0.485         	((1.487885e-02 6.269842e-03 -6.731697e+00) (-4.784888e-04 6.605830e-05 2.704078e-02)) ((-2.826305e-03 7.100774e-02 -9.978238e-04) (-2.931269e-06 -4.397084e-04 -4.415362e-06))
0.49          	((1.521788e-02 6.292919e-03 -7.138134e+00) (-4.726548e-04 6.511300e-05 2.642946e-02)) ((-2.806359e-03 7.432135e-02 -9.848173e-04) (-2.379885e-06 -4.338901e-04 -4.560283e-06))
0.495         	((1.586768e-02 6.133530e-03 -7.541047e+00) (-4.665510e-04 6.431375e-05 2.580394e-02)) ((-2.839203e-03 7.749904e-02 -9.672822e-04) (-1.848692e-06 -4.276131e-04 -4.662355e-06))
0.5           	((1.737421e-02 5.963288e-03 -7.940387e+00) (-4.601627e-04 6.343263e-05 2.516559e-02)) ((-2.856935e-03 8.079217e-02 -1.020870e-03) (-1.364835e-06 -4.211047e-04 -4.779020e-06))
0.505         	((1.901256e-02 6.204287e-03 -8.336900e+00) (-4.542798e-04 6.266068e-05 2.451446e-02)) ((-2.899757e-03 8.406922e-02 -9.477866e-04) (-8.566548e-07 -4.144485e-04 -4.864940e-06))
0.51          	((1.972961e-02 6.577938e-03 -8.727732e+00) (-4.479865e-04 6.173400e-05 2.385135e-02)) ((-2.864916e-03 8.719940e-02 -8.909578e-04) (-3.519234e-07 -4.075723e-04 -4.924595e-06))
0.515         	((2.117495e-02 6.653131e-03 -9.117723e+00) (-4.409868e-04 6.073262e-05 2.317634e-02)) ((-2.936415e-03 9.042725e-02 -7.768139e-04) (1.091335e-07 -4.002656e-04 -4.955436e-06))
0.52          	((2.247565e-02 7.587810e-03 -9.503070e+00) (-4.340765e-04 5.993957e-05 2.249043e-02)) ((-3.018674e-03 9.365161e-02 -7.385568e-04) (5.765688e-07 -3.927524e-04 -4.963929e-06))
0.525         	((2.366524e-02 8.190793e-03 -9.881385e+00) (-4.271623e-04 5.891164e-05 2.179375e-02)) ((-3.151439e-03 9.683789e-02 -7.923954e-04) (1.070975e-06 -3.850848e-04 -5.014612e-06))
0.53          	((2.473017e-02 8.514952e-03 -1.025750e+01) (-4.195159e-04 5.767147e-05 2.108682e-02)) ((-3.200389e-03 9.986287e-02 -7.621681e-04) (1.658529e-06 -3.771493e-04 -5.080445e-06))
0.535         	((2.531393e-02 8.783014e-03 -1.062988e+01) (-4.113511e-04 5.625919e-05 2.036989e-02)) ((-3.194537e-03 1.029125e-01 -7.169100e-04) (2.168619e-06 -3.690242e-04 -5.129765e-06))
0.54          	((2.605698e-02 9.358325e-03 -1.099649e+01) (-4.032071e-04 5.497714e-05 1.964342e-02)) ((-3.233002e-03 1.057593e-01 -6.176955e-04) (2.723720e-06 -3.607475e-04 -5.196486e-06))
0.545         	((2.708954e-02 9.608466e-03 -1.135830e+01) (-3.951278e-04 5.362153e-05 1.890818e-02)) ((-3.144673e-03 1.088018e-01 -5.544742e-04) (3.278011e-06 -3.523387e-04 -5.289451e-06))
0.55          	((2.806038e-02 9.941728e-03 -1.171427e+01) (-3.863328e-04 5.219854e-05 1.816417e-02)) ((-3.191897e-03 1.117296e-01 -6.838784e-04) (3.836664e-06 -3.437408e-04 -5.425194e-06))
0.555         	((2.931544e-02 1.016145e-02 -1.206187e+01) (-3.774989e-04 5.104691e-05 1.741175e-02)) ((-3.413651e-03 1.146159e-01 -5.878791e-04) (4.366478e-06 -3.349920e-04 -5.491238e-06))
0.56          	((3.076953e-02 1.068393e-02 -1.240271e+01) (-3.692092e-04 4.993360e-05 1.665106e-02)) ((-3.400866e-03 1.175677e-01 -5.665266e-04) (4.839844e-06 -3.261058e-04 -5.587615e-06))
0.565         	((3.171161e-02 1.034376e-02 -1.273899e+01) (-3.610621e-04 4.879119e-05 1.588243e-02)) ((-3.285813e-03 1.204095e-01 -4.962957e-04) (5.380486e-06 -3.170649e-04 -5.632858e-06))
0.57          	((3.212079e-02 1.094522e-02 -1.307400e+01) (-3.527842e-04 4.777795e-05 1.510711e-02)) ((-3.544260e-03 1.231823e-01 -4.905475e-04) (5.850742e-06 -3.078886e-04 -5.712836e-06))
0.575         	((3.266184e-02 1.043554e-02 -1.340207e+01) (-3.446195e-04 4.729320e-05 1.432540e-02)) ((-3.419247e-03 1.260004e-01 -3.993076e-04) (6.301542e-06 -2.986426e-04 -5.831530e-06))
0.58          	((3.311686e-02 1.087092e-02 -1.371970e+01) (-3.364725e-04 4.679871e-05 1.353751e-02)) ((-3.463080e-03 1.285571e-01 -4.734958e-04) (6.778417e-06 -2.892681e-04 -5.899566e-06))
0.585         	((3.366877e-02 1.071693e-02 -1.403224e+01) (-3.284547e-04 4.640030e-05 1.274407e-02)) ((-3.504985e-03 1.310857e-01 -4.944877e-04) (7.265700e-06 -2.798056e-04 -5.955542e-06))
0.59          	((3.522773e-02 1.073409e-02 -1.433656e+01) (-3.207140e-04 4.623495e-05 1.194475e-02)) ((-3.489161e-03 1.335732e-01 -4.319025e-04) (7.700345e-06 -2.702895e-04 -6.029346e-06))
0.595         	((3.639427e-02 1.113244e-02 -1.463191e+01) (-3.131704e-04 4.573223e-05 1.113979e-02)) ((-3.437210e-03 1.359978e-01 -3.886196e-04) (8.057638e-06 -2.607262e-04 -6.094752e-06))
0.6           	((3.746734e-02 1.075903e-02 -1.492321e+01) (-3.055219e-04 4.546484e-05 1.032966e-02)) ((-3.411127e-03 1.383294e-01 -3.541179e-04) (8.349350e-06 -2.510650e-04 -6.089102e-06))
0.605         	((3.840111e-02 1.117658e-02 -1.520612e+01) (-2.978727e-04 4.525532e-05 9.514424e-03)) ((-3.378880e-03 1.406816e-01 -2.016509e-04) (8.608608e-06 -2.412577e-04 -6.134120e-06))
0.61          	((3.854116e-02 1.137634e-02 -1.548264e+01) (-2.904560e-04 4.487654e-05 8.695209e-03)) ((-3.407708e-03 1.428935e-01 -1.522551e-04) (8.879460e-06 -2.313809e-04 -6.256394e-06))
0.615         	((3.907512e-02 1.161061e-02 -1.574946e+01) (-2.834819e-04 4.423320e-05 7.871755e-03)) ((-3.419465e-03 1.448890e-01 -1.874054e-04) (9.109469e-06 -2.214101e-04 -6.476585e-06))
0.62          	((3.910082e-02 1.195964e-02 -1.600737e+01) (-2.764882e-04 4.332565e-05 7.044184e-03)) ((-3.225689e-03 1.469761e-01 -2.564551e-04) (9.332793e-06 -2.114002e-04 -6.675114e-06))
0.625         	((3.949314e-02 1.285143e-02 -1.626061e+01) (-2.693976e-04 4.238998e-05 6.212668e-03)) ((-3.530768e-03 1.492279e-01 -2.195635e-04) (9.600350e-06 -2.013003e-04 -6.873510e-06))
0.63          	((3.965317e-02 1.269688e-02 -1.650318e+01) (-2.622386e-04 4.141023e-05 5.377800e-03)) ((-3.588380e-03 1.511922e-01 -7.868563e-05) (9.781222e-06 -1.911831e-04 -7.125658e-06))
0.635         	((4.022089e-02 1.375155e-02 -1.673699e+01) (-2.561679e-04 4.036346e-05 4.539320e-03)) ((-3.535887e-03 1.529662e-01 1.680699e-05) (9.911466e-06 -1.810400e-04 -7.471071e-06))
0.64          	((4.066246e-02 1.344356e-02 -1.696999e+01) (-2.505088e-04 3.938002e-05 3.698024e-03)) ((-3.327275e-03 1.547317e-01 1.009917e-05) (1.004773e-05 -1.708772e-04 -7.809557e-06))
0.645         	((4.109553e-02 1.290238e-02 -1.719693e+01) (-2.445999e-04 3.823616e-05 2.854784e-03)) ((-3.296770e-03 1.566599e-01 1.964492e-04) (1.021222e-05 -1.606769e-04 -8.142531e-06))
0.65          	((4.183577e-02 1.258402e-02 -1.741149e+01) (-2.392881e-04 3.698956e-05 2.010118e-03)) ((-3.523581e-03 1.581060e-01 1.049236e-04) (1.033316e-05 -1.504063e-04 -8.484732e-06))
0.655         	((4.233503e-02 1.311423e-02 -1.761627e+01) (-2.346988e-04 3.576086e-05 1.164213e-03)) ((-3.656213e-03 1.597962e-01 1.581786e-04) (1.040435e-05 -1.401036e-04 -8.854609e-06))
0.66          	((4.201748e-02 1.360809e-02 -1.781147e+01) (-2.302770e-04 3.478295e-05 3.170933e-04)) ((-3.774490e-03 1.611993e-01 -1.223365e-04) (1.049145e-05 -1.297205e-04 -9.133706e-06))
0.665         	((4.094578e-02 1.307306e-02 -1.799489e+01) (-2.264771e-04 3.438053e-05 -5.310128e-04)) ((-3.343216e-03 1.630552e-01 -4.779436e-05) (1.051021e-05 -1.193319e-04 -9.417894e-06))
0.67          	((4.138177e-02 1.315885e-02 -1.817349e+01) (-2.222494e-04 3.413399e-05 -1.379616e-03)) ((-3.559041e-03 1.646530e-01 1.568209e-04) (1.057772e-05 -1.089211e-04 -9.667784e-06))
0.675         	((4.141347e-02 1.171676e-02 -1.834891e+01) (-2.173825e-04 3.344607e-05 -2.228217e-03)) ((-3.343542e-03 1.657110e-01 1.123026e-04) (1.072960e-05 -9.857910e-05 -9.873790e-06))
0.68          	((4.067438e-02 1.221763e-02 -1.851350e+01) (-2.128164e-04 3.284955e-05 -3.075340e-03)) ((-3.580774e-03 1.668463e-01 3.816196e-04) (1.083102e-05 -8.821409e-05 -1.006082e-05))
0.685         	((4.111548e-02 1.381642e-02 -1.867408e+01) (-2.087214e-04 3.211216e-05 -3.921386e-03)) ((-3.354489e-03 1.681126e-01 5.468311e-04) (1.082316e-05 -7.783112e-05 -1.028801e-05))
0.69          	((4.155655e-02 1.295469e-02 -1.882276e+01) (-2.054022e-04 3.154094e-05 -4.765934e-03)) ((-3.270565e-03 1.690034e-01 4.646939e-04) (1.082937e-05 -6.752763e-05 -1.057887e-05))
0.695         	((4.195646e-02 1.285340e-02 -1.895407e+01) (-2.029067e-04 3.089561e-05 -5.609851e-03)) ((-3.259833e-03 1.697988e-01 4.943988e-04) (1.083970e-05 -5.723549e-05 -1.095128e-05))
0.7           	((4.159983e-02 1.288116e-02 -1.908752e+01) (-2.008823e-04 3.086860e-05 -6.451517e-03)) ((-3.601939e-03 1.709936e-01 5.938843e-04) (1.078761e-05 -4.689534e-05 -1.139275e-05))
0.705         	((3.891547e-02 1.449306e-02 -1.921002e+01) (-1.985955e-04 3.069550e-05 -7.292113e-03)) ((-3.271579e-03 1.714895e-01 8.119816e-04) (1.073075e-05 -3.656478e-05 -1.191776e-05))
0.71          	((3.731573e-02 1.365504e-02 -1.932082e+01) (-1.968238e-04 3.042312e-05 -8.131137e-03)) ((-3.272608e-03 1.718965e-01 9.060661e-04) (1.070181e-05 -2.625901e-05 -1.239319e-05))
0.715         	((3.735779e-02 1.408615e-02 -1.942973e+01) (-1.953604e-04 2.999730e-05 -8.967976e-03)) ((-3.172256e-03 1.724361e-01 1.010077e-03) (1.066258e-05 -1.591619e-05 -1.288371e-05))
0.72          	((4.026957e-02 1.227306e-02 -1.953491e+01) (-1.941328e-04 2.925824e-05 -9.803038e-03)) ((-2.871338e-03 1.732795e-01 1.077643e-03) (1.067313e-05 -5.686831e-06 -1.342731e-05))
0.725         	((3.977751e-02 1.216405e-02 -1.962916e+01) (-1.931736e-04 2.862627e-05 -1.063716e-02)) ((-2.870535e-03 1.744805e-01 1.045804e-03) (1.077205e-05 4.523171e-06 -1.392905e-05))
0.73          	((3.927912e-02 1.369109e-02 -1.970734e+01) (-1.930605e-04 2.784841e-05 -1.147002e-02)) ((-3.463290e-03 1.746077e-01 1.245793e-03) (1.094702e-05 1.478052e-05 -1.435759e-05))
0.735         	((3.773499e-02 1.322560e-02 -1.978761e+01) (-1.933444e-04 2.679538e-05 -1.230071e-02)) ((-3.119714e-03 1.749678e-01 1.389896e-03) (1.106102e-05 2.496062e-05 -1.479938e-05))
0.74          	((3.856274e-02 1.341170e-02 -1.987768e+01) (-1.951434e-04 2.589745e-05 -1.312849e-02)) ((-3.179699e-03 1.751376e-01 1.280845e-03) (1.129962e-05 3.485364e-05 -1.530445e-05))
0.745         	((3.718728e-02 1.304409e-02 -1.995541e+01) (-1.967470e-04 2.513088e-05 -1.395358e-02)) ((-2.826477e-03 1.743622e-01 1.567335e-03) (1.150030e-05 4.462041e-05 -1.581923e-05))
0.75          	((3.576415e-02 1.384564e-02 -2.007332e+01) (-1.987745e-04 2.451637e-05 -1.477738e-02)) ((-3.379157e-03 1.746032e-01 1.951061e-03) (1.179490e-05 5.431082e-05 -1.628109e-05))
0.755         	((3.759022e-02 1.273112e-02 -2.020057e+01) (-2.004129e-04 2.393149e-05 -1.559906e-02)) ((-3.280644e-03 1.763227e-01 1.823322e-03) (1.208468e-05 6.403386e-05 -1.676558e-05))
0.76          	((3.370676e-02 1.445463e-02 -1.984459e+01) (-2.027726e-04 2.314788e-05 -1.640393e-02)) ((-3.112800e-03 1.733082e-01 1.763219e-03) (1.229239e-05 7.354880e-05 -1.715160e-05))
0.765         	((3.140817e-02 1.446850e-02 -2.022468e+01) (-2.048986e-04 2.211116e-05 -1.721204e-02)) ((-3.189083e-03 1.757277e-01 2.007897e-03) (1.245381e-05 8.300800e-05 -1.754798e-05))
0.77          	((3.560446e-02 1.364854e-02 -2.028982e+01) (-2.068516e-04 2.075429e-05 -1.802036e-02)) ((-3.194215e-03 1.763416e-01 2.132690e-03) (1.266000e-05 9.254799e-05 -1.799903e-05))
0.775         	((3.079483e-02 1.295541e-02 -2.031764e+01) (-2.091747e-04 1.895368e-05 -1.882594e-02)) ((-3.051221e-03 1.758664e-01 2.341678e-03) (1.288857e-05 1.020427e-04 -1.839240e-05))
0.78          	((3.188577e-02 1.326671e-02 -2.033603e+01) (-2.116382e-04 1.705332e-05 -1.962856e-02)) ((-3.143584e-03 1.762798e-01 2.380716e-03) (1.312354e-05 1.115405e-04 -1.873843e-05))
0.785         	((3.137837e-02 1.357980e-02 -2.033253e+01) (-2.141968e-04 1.548452e-05 -2.042677e-02)) ((-2.913113e-03 1.753881e-01 2.524263e-03) (1.336678e-05 1.210524e-04 -1.902757e-05))
0.79          	((3.189819e-02 1.285763e-02 -2.034309e+01) (-2.167450e-04 1.427302e-05 -2.122085e-02)) ((-3.023122e-03 1.747112e-01 2.756418e-03) (1.371880e-05 1.305201e-04 -1.922828e-05))
0.795         	((3.235398e-02 1.303232e-02 -2.031876e+01) (-2.196925e-04 1.291603e-05 -2.201061e-02)) ((-2.976812e-03 1.739437e-01 2.860572e-03) (1.415971e-05 1.399599e-04 -1.946862e-05))
0.8           	((3.478264e-02 1.234437e-02 -2.029405e+01) (-2.219131e-04 1.175506e-05 -2.279566e-02)) ((-2.704356e-03 1.730341e-01 2.984237e-03) (1.455603e-05 1.494499e-04 -1.970322e-05))
0.805         	((3.401056e-02 1.270070e-02 -2.025649e+01) (-2.242106e-04 1.076800e-05 -2.357570e-02)) ((-2.890276e-03 1.720585e-01 3.092479e-03) (1.483599e-05 1.590072e-04 -1.999199e-05))
0.81          	((3.326698e-02 1.219885e-02 -2.023525e+01) (-2.265800e-04 1.016476e-05 -2.434997e-02)) ((-3.034669e-03 1.715027e-01 3.332975e-03) (1.518374e-05 1.686368e-04 -2.035333e-05))
0.815         	((3.275039e-02 1.161373e-02 -2.020983e+01) (-2.282894e-04 9.781329e-06 -2.511816e-02)) ((-2.849594e-03 1.702926e-01 3.427244e-03) (1.554554e-05 1.782100e-04 -2.072032e-05))
0.82          	((3.510471e-02 1.158372e-02 -2.016470e+01) (-2.294979e-04 9.324098e-06 -2.588091e-02)) ((-2.977775e-03 1.694326e-01 3.543045e-03) (1.598359e-05 1.877794e-04 -2.112212e-05))
0.825         	((3.542971e-02 1.163316e-02 -2.011009e+01) (-2.305113e-04 8.933150e-06 -2.663768e-02)) ((-2.923789e-03 1.683862e-01 3.615813e-03) (1.640117e-05 1.972959e-04 -2.155009e-05))
0.83          	((3.542784e-02 1.154293e-02 -2.004968e+01) (-2.311742e-04 8.696422e-06 -2.738834e-02)) ((-2.831593e-03 1.671836e-01 3.731020e-03) (1.679076e-05 2.069018e-04 -2.209652e-05))
0.835         	((3.568781e-02 1.125357e-02 -1.998413e+01) (-2.315674e-04 8.492574e-06 -2.813172e-02)) ((-2.794875e-03 1.661122e-01 3.808018e-03) (1.733688e-05 2.166367e-04 -2.265638e-05))
0.84          	((3.588749e-02 9.952486e-03 -1.991250e+01) (-2.311282e-04 8.221521e-06 -2.886826e-02)) ((-2.757877e-03 1.651366e-01 3.936114e-03) (1.779576e-05 2.264619e-04 -2.324295e-05))
0.845         	((3.735072e-02 1.009572e-02 -1.983549e+01) (-2.300112e-04 7.908841e-06 -2.959701e-02)) ((-2.839264e-03 1.639970e-01 4.186428e-03) (1.828928e-05 2.363147e-04 -2.391802e-05))
0.85          	((3.846758e-02 1.044401e-02 -1.974960e+01) (-2.290484e-04 7.435963e-06 -3.031766e-02)) ((-2.793316e-03 1.626779e-01 4.233395e-03) (1.872429e-05 2.460742e-04 -2.452949e-05))
0.855         	((3.845075e-02 9.859184e-03 -1.965760e+01) (-2.277564e-04 7.218785e-06 -3.103059e-02)) ((-2.708962e-03 1.612260e-01 4.314626e-03) (1.907781e-05 2.559952e-04 -2.511700e-05))
0.86          	((3.855701e-02 9.465881e-03 -1.955613e+01) (-2.261064e-04 6.791486e-06 -3.173448e-02)) ((-2.540446e-03 1.596042e-01 4.438124e-03) (1.946031e-05 2.657589e-04 -2.574806e-05))
0.865         	((3.919580e-02 9.776298e-03 -1.944843e+01) (-2.238698e-04 6.418952e-06 -3.243007e-02)) ((-2.571120e-03 1.580900e-01 4.623698e-03) (1.985778e-05 2.757725e-04 -2.648834e-05))
0.87          	((4.024929e-02 9.379371e-03 -1.933220e+01) (-2.213109e-04 5.838145e-06 -3.311553e-02)) ((-2.545981e-03 1.565875e-01 4.683697e-03) (2.029474e-05 2.856682e-04 -2.735455e-05))
0.875         	((4.165636e-02 9.059426e-03 -1.920983e+01) (-2.181159e-04 5.357904e-06 -3.379070e-02)) ((-2.402789e-03 1.550112e-01 4.874627e-03) (2.054464e-05 2.956141e-04 -2.816298e-05))
0.88          	((4.236093e-02 8.695000e-03 -1.907928e+01) (-2.145593e-04 4.551970e-06 -3.445452e-02)) ((-2.304927e-03 1.532337e-01 5.033611e-03) (2.080992e-05 3.054546e-04 -2.899349e-05))
0.885         	((4.271940e-02 7.989760e-03 -1.894113e+01) (-2.107518e-04 3.790631e-06 -3.510734e-02)) ((-2.316118e-03 1.515170e-01 5.086780e-03) (2.107239e-05 3.153577e-04 -2.992887e-05))
0.89          	((4.306655e-02 7.685573e-03 -1.879514e+01) (-2.063027e-04 3.541680e-06 -3.574839e-02)) ((-2.191963e-03 1.496564e-01 5.201551e-03) (2.139871e-05 3.252673e-04 -3.086283e-05))
0.895         	((4.390148e-02 7.390891e-03 -1.863946e+01) (-2.013532e-04 3.213390e-06 -3.637640e-02)) ((-2.131043e-03 1.477770e-01 5.312760e-03) (2.171154e-05 3.351110e-04 -3.188104e-05))
0.9           	((4.502649e-02 6.930670e-03 -1.847727e+01) (-1.960367e-04 2.693813e-06 -3.699189e-02)) ((-2.052052e-03 1.458186e-01 5.441871e-03) (2.215279e-05 3.448568e-04 -3.288884e-05))
0.905         	((4.655492e-02 6.678912e-03 -1.830709e+01) (-1.907969e-04 1.864827e-06 -3.759535e-02)) ((-1.969200e-03 1.438788e-01 5.501981e-03) (2.255193e-05 3.547326e-04 -3.390418e-05))
0.91          	((4.794545e-02 6.194087e-03 -1.812908e+01) (-1.850424e-04 1.111963e-06 -3.818387e-02)) ((-1.825208e-03 1.419046e-01 5.639791e-03) (2.300741e-05 3.646671e-04 -3.493908e-05))
0.915         	((4.918820e-02 4.997699e-03 -1.794374e+01) (-1.794769e-04 4.241384e-07 -3.875705e-02)) ((-1.769278e-03 1.398229e-01 5.666974e-03) (2.316676e-05 3.744039e-04 -3.599576e-05))
0.92          	((5.012706e-02 4.580729e-03 -1.775021e+01) (-1.745436e-04 -1.991814e-08 -3.931658e-02)) ((-1.724787e-03 1.376841e-01 5.780812e-03) (2.350778e-05 3.840524e-04 -3.703340e-05))
0.925         	((5.097696e-02 4.339117e-03 -1.754767e+01) (-1.694182e-04 -1.756447e-07 -3.986065e-02)) ((-1.640318e-03 1.354318e-01 5.776417e-03) (2.383564e-05 3.936585e-04 -3.808854e-05))
0.93          	((5.212537e-02 3.910363e-03 -1.733836e+01) (-1.637876e-04 -4.244487e-07 -4.038748e-02)) ((-1.562148e-03 1.332048e-01 5.864564e-03) (2.403334e-05 4.031650e-04 -3.923551e-05))
0.935         	((5.376032e-02 2.928313e-03 -1.711984e+01) (-1.579678e-04 -6.420179e-07 -4.089863e-02)) ((-1.484110e-03 1.309331e-01 5.960397e-03) (2.439188e-05 4.125771e-04 -4.034158e-05))
0.94          	((5.541567e-02 2.333027e-03 -1.689427e+01) (-1.519021e-04 -8.141657e-07 -4.139349e-02)) ((-1.362733e-03 1.286271e-01 6.046259e-03) (2.465554e-05 4.218471e-04 -4.146992e-05))
0.945         	((5.668800e-02 1.686959e-03 -1.666036e+01) (-1.458469e-04 -1.146291e-06 -4.187301e-02)) ((-1.238872e-03 1.262033e-01 6.023858e-03) (2.504445e-05 4.313364e-04 -4.257483e-05))
0.95          	((5.784059e-02 1.507912e-03 -1.641855e+01) (-1.399013e-04 -1.465478e-06 -4.233497e-02)) ((-1.148052e-03 1.237613e-01 6.049158e-03) (2.555469e-05 4.405909e-04 -4.371580e-05))
0.955         	((5.870715e-02 1.066558e-03 -1.616912e+01) (-1.340845e-04 -2.349632e-06 -4.277819e-02)) ((-1.135526e-03 1.213181e-01 6.162880e-03) (2.567890e-05 4.496748e-04 -4.487221e-05))
0.96          	((5.961486e-02 6.230753e-04 -1.591226e+01) (-1.283135e-04 -2.918999e-06 -4.320441e-02)) ((-1.025559e-03 1.189010e-01 6.201928e-03) (2.579544e-05 4.588214e-04 -4.603294e-05))
0.965         	((6.115332e-02 -2.551652e-04 -1.564822e+01) (-1.225999e-04 -3.891060e-06 -4.361108e-02)) ((-9.147218e-04 1.165229e-01 6.193426e-03) (2.575622e-05 4.675640e-04 -4.740663e-05))
0.97          	((6.259325e-02 -9.404249e-04 -1.537578e+01) (-1.167945e-04 -4.526054e-06 -4.399940e-02)) ((-8.279881e-04 1.139948e-01 6.214427e-03) (2.583212e-05 4.762022e-04 -4.867987e-05))
0.975         	((6.399657e-02 -6.810552e-04 -1.509553e+01) (-1.106724e-04 -5.168159e-06 -4.436583e-02)) ((-6.054980e-04 1.113377e-01 6.217350e-03) (2.575165e-05 4.847523e-04 -5.013018e-05))
0.98          	((6.520304e-02 -1.368546e-03 -1.480700e+01) (-1.041744e-04 -5.846017e-06 -4.471359e-02)) ((-5.334097e-04 1.086700e-01 6.207439e-03) (2.571340e-05 4.932472e-04 -5.154148e-05))
0.985         	((6.661437e-02 -1.736166e-03 -1.451142e+01) (-9.732751e-05 -6.666464e-06 -4.504018e-02)) ((-3.344865e-04 1.061571e-01 6.222197e-03) (2.558856e-05 5.014594e-04 -5.300259e-05))
0.99          	((6.747502e-02 -2.170751e-03 -1.420893e+01) (-8.916865e-05 -6.989173e-06 -4.534825e-02)) ((-2.303123e-04 1.034867e-01 6.280181e-03) (2.552497e-05 5.096331e-04 -5.456928e-05))
0.995         	((6.790780e-02 -2.771312e-03 -1.390139e+01) (-8.070566e-05 -7.687159e-06 -4.563368e-02)) ((-1.378701e-04 1.008251e-01 6.284607e-03) (2.529902e-05 5.174794e-04 -5.610499e-05))
1             	((6.882151e-02 -3.847495e-03 -1.358621e+01) (-7.163384e-05 -7.693836e-06 -4.589897e-02)) ((4.490028e-05 9.802725e-02 6.243109e-03) (2.497440e-05 5.251264e-04 -5.761390e-05))
1.005         	((6.932179e-02 -4.970892e-03 -1.326258e+01) (-6.191802e-05 -7.941957e-06 -4.614286e-02)) ((1.423820e-04 9.535780e-02 6.239545e-03) (2.455786e-05 5.321962e-04 -5.921560e-05))
1.01          	((6.977026e-02 -5.212642e-03 -1.293277e+01) (-5.201756e-05 -7.652557e-06 -4.636501e-02)) ((1.889657e-04 9.247841e-02 6.250513e-03) (2.439296e-05 5.393099e-04 -6.081816e-05))
1.015         	((7.012774e-02 -5.438550e-03 -1.259564e+01) (-4.206649e-05 -7.766084e-06 -4.656421e-02)) ((3.156080e-04 8.952152e-02 6.224767e-03) (2.385263e-05 5.460519e-04 -6.250111e-05))
1.02          	((7.042231e-02 -5.875496e-03 -1.225423e+01) (-3.160578e-05 -7.227043e-06 -4.674294e-02)) ((4.951921e-04 8.652191e-02 6.256828e-03) (2.325146e-05 5.525128e-04 -6.405684e-05))
1.025         	((7.067339e-02 -6.527282e-03 -1.190493e+01) (-2.041005e-05 -6.823440e-06 -4.689926e-02)) ((5.910451e-04 8.355587e-02 6.221737e-03) (2.281987e-05 5.587425e-04 -6.574816e-05))
1.03          	((7.055752e-02 -7.761384e-03 -1.154968e+01) (-8.811489e-06 -6.067751e-06 -4.703276e-02)) ((8.869437e-04 8.054701e-02 6.205259e-03) (2.258500e-05 5.648124e-04 -6.724835e-05))
1.035         	((7.049112e-02 -8.065189e-03 -1.118833e+01) (2.702556e-06 -6.207485e-06 -4.714377e-02)) ((8.977397e-04 7.752342e-02 6.267659e-03) (2.213911e-05 5.702811e-04 -6.884346e-05))
1.04          	((7.017615e-02 -8.634305e-03 -1.082050e+01) (1.513982e-05 -6.337668e-06 -4.723183e-02)) ((8.860375e-04 7.447548e-02 6.221688e-03) (2.161342e-05 5.754653e-04 -7.032249e-05))
1.045         	((7.036109e-02 -9.353721e-03 -1.044790e+01) (2.738185e-05 -6.241300e-06 -4.729764e-02)) ((1.067791e-03 7.143249e-02 6.121669e-03) (2.101582e-05 5.805272e-04 -7.172000e-05))
1.05          	((7.033116e-02 -1.021665e-02 -1.006982e+01) (4.048390e-05 -6.165398e-06 -4.733993e-02)) ((1.133582e-03 6.833190e-02 6.063212e-03) (2.031123e-05 5.851584e-04 -7.310926e-05))
1.055         	((6.987434e-02 -1.059428e-02 -9.687052e+00) (5.339709e-05 -6.625959e-06 -4.735883e-02)) ((1.142757e-03 6.518495e-02 6.136444e-03) (1.965702e-05 5.894437e-04 -7.442323e-05))
1.06          	((6.887579e-02 -1.039103e-02 -9.298439e+00) (6.676081e-05 -6.449869e-06 -4.735439e-02)) ((1.257761e-03 6.204658e-02 6.189298e-03) (1.900798e-05 5.935155e-04 -7.563371e-05))
1.065         	((6.817003e-02 -1.158950e-02 -8.904323e+00) (8.073613e-05 -6.331945e-06 -4.732561e-02)) ((1.394794e-03 5.880315e-02 6.253731e-03) (1.820645e-05 5.971156e-04 -7.687118e-05))
1.07          	((6.762902e-02 -1.210090e-02 -8.503917e+00) (9.526634e-05 -6.853524e-06 -4.727563e-02)) ((1.360549e-03 5.550892e-02 6.344833e-03) (1.776758e-05 6.006096e-04 -7.798913e-05))
1.075         	((6.675480e-02 -1.265040e-02 -8.098545e+00) (1.093121e-04 -7.264254e-06 -4.719957e-02)) ((1.533197e-03 5.223558e-02 6.381652e-03) (1.700594e-05 6.035317e-04 -7.915108e-05))
1.08          	((6.568862e-02 -1.268905e-02 -7.689628e+00) (1.240440e-04 -7.119152e-06 -4.710033e-02)) ((1.574463e-03 4.875378e-02 6.316500e-03) (1.623195e-05 6.061921e-04 -8.019835e-05))
1.085         	((6.503652e-02 -1.283244e-02 -7.275098e+00) (1.393904e-04 -7.034902e-06 -4.697952e-02)) ((1.609647e-03 4.536420e-02 6.396344e-03) (1.554581e-05 6.087455e-04 -8.107841e-05))
1.09          	((6.420513e-02 -1.275460e-02 -6.856485e+00) (1.545026e-04 -7.273087e-06 -4.683377e-02)) ((1.563186e-03 4.201587e-02 6.419543e-03) (1.494119e-05 6.109089e-04 -8.202351e-05))
1.095         	((6.290941e-02 -1.327544e-02 -6.434168e+00) (1.696803e-04 -7.660409e-06 -4.666608e-02)) ((1.656478e-03 3.861555e-02 6.365455e-03) (1.426453e-05 6.126518e-04 -8.291631e-05))
1.1           	((6.149265e-02 -1.371644e-02 -6.008598e+00) (1.844659e-04 -7.459552e-06 -4.647514e-02)) ((1.803061e-03 3.509983e-02 6.354957e-03) (1.377755e-05 6.142093e-04 -8.349552e-05))
1.105         	((6.060087e-02 -1.372802e-02 -5.579303e+00) (1.991844e-04 -7.528101e-06 -4.626037e-02)) ((1.793995e-03 3.160248e-02 6.258983e-03) (1.324859e-05 6.154462e-04 -8.415834e-05))
1.11          	((5.976768e-02 -1.406159e-02 -5.147562e+00) (2.141787e-04 -7.453914e-06 -4.602391e-02)) ((1.810494e-03 2.796443e-02 6.203194e-03) (1.255921e-05 6.162467e-04 -8.469312e-05))
1.115         	((5.856268e-02 -1.438701e-02 -4.713809e+00) (2.290951e-04 -6.989667e-06 -4.576550e-02)) ((2.118440e-03 2.431592e-02 6.231738e-03) (1.216176e-05 6.168829e-04 -8.518146e-05))
1.12          	((5.738065e-02 -1.473011e-02 -4.275459e+00) (2.433875e-04 -6.141516e-06 -4.548416e-02)) ((2.039252e-03 2.070487e-02 6.287167e-03) (1.174398e-05 6.170120e-04 -8.560744e-05))
1.125         	((5.628131e-02 -1.475252e-02 -3.834781e+00) (2.573100e-04 -5.231464e-06 -4.518052e-02)) ((2.030314e-03 1.719398e-02 6.316660e-03) (1.122173e-05 6.168206e-04 -8.603247e-05))
1.13          	((5.503227e-02 -1.490962e-02 -3.392661e+00) (2.705743e-04 -4.196866e-06 -4.485564e-02)) ((2.150620e-03 1.358342e-02 6.244683e-03) (1.075257e-05 6.163162e-04 -8.638813e-05))
1.135         	((5.393378e-02 -1.520307e-02 -2.949314e+00) (2.830602e-04 -2.910541e-06 -4.450906e-02)) ((2.132328e-03 1.017773e-02 6.196608e-03) (1.002995e-05 6.153042e-04 -8.662360e-05))
1.14          	((5.265712e-02 -1.537599e-02 -2.504849e+00) (2.956602e-04 -1.563408e-06 -4.414102e-02)) ((2.155194e-03 6.646022e-03 6.144800e-03) (9.453558e-06 6.137429e-04 -8.683019e-05))
1.145         	((5.156849e-02 -1.514441e-02 -2.058345e+00) (3.076928e-04 -2.014539e-07 -4.375186e-02)) ((2.196711e-03 3.046687e-03 6.170130e-03) (9.084591e-06 6.118987e-04 -8.690081e-05))
1.15          	((4.996175e-02 -1.542900e-02 -1.610799e+00) (3.199001e-04 1.451155e-06 -4.334024e-02)) ((2.231276e-03 -6.784726e-04 6.139791e-03) (8.416847e-06 6.096557e-04 -8.700337e-05))
1.155         	((4.878055e-02 -1.559447e-02 -1.162135e+00) (3.308626e-04 2.829418e-06 -4.290856e-02)) ((2.358650e-03 -4.379438e-03 6.087166e-03) (7.561946e-06 6.069250e-04 -8.708794e-05))
1.16          	((4.745271e-02 -1.495692e-02 -7.108377e-01) (3.413435e-04 4.122969e-06 -4.245613e-02)) ((2.294662e-03 -8.072277e-03 6.122039e-03) (7.001481e-06 6.040443e-04 -8.709212e-05))
1.165         	((4.584796e-02 -1.472354e-02 -2.584512e-01) (3.517412e-04 5.773293e-06 -4.198359e-02)) ((2.440818e-03 -1.172844e-02 5.968758e-03) (6.556917e-06 6.007946e-04 -8.706576e-05))
1.17          	((4.469523e-02 -1.497209e-02 1.928334e-01) (3.617362e-04 7.605603e-06 -4.149109e-02)) ((2.557462e-03 -1.540753e-02 5.842073e-03) (5.888113e-06 5.972342e-04 -8.691741e-05))
1.175         	((4.351487e-02 -1.503552e-02 6.451387e-01) (3.717351e-04 9.337519e-06 -4.097975e-02)) ((2.587154e-03 -1.890961e-02 5.794528e-03) (5.334354e-06 5.932676e-04 -8.677104e-05))
1.18          	((4.205392e-02 -1.594324e-02 1.096024e+00) (3.813892e-04 1.151548e-05 -4.045027e-02)) ((2.593409e-03 -2.250250e-02 5.820897e-03) (4.840558e-06 5.892640e-04 -8.650095e-05))
1.185         	((4.039129e-02 -1.584914e-02 1.547303e+00) (3.901043e-04 1.369034e-05 -3.990113e-02)) ((2.733375e-03 -2.608833e-02 5.764444e-03) (4.314034e-06 5.846497e-04 -8.622328e-05))
1.19          	((3.890068e-02 -1.527997e-02 1.998021e+00) (3.984974e-04 1.571418e-05 -3.933400e-02)) ((2.597161e-03 -2.964296e-02 5.699671e-03) (3.830859e-06 5.797425e-04 -8.594171e-05))
1.195         	((3.778205e-02 -1.594304e-02 2.447439e+00) (4.070034e-04 1.804563e-05 -3.875019e-02)) ((2.588264e-03 -3.316882e-02 5.543898e-03) (3.416280e-06 5.745508e-04 -8.558257e-05))
1.2           	((3.668992e-02 -1.603573e-02 2.894783e+00) (4.147017e-04 2.065909e-05 -3.814947e-02)) ((2.569248e-03 -3.672840e-02 5.392766e-03) (2.876671e-06 5.690365e-04 -8.516578e-05))
1.205         	((3.566371e-02 -1.626090e-02 3.341406e+00) (4.217166e-04 2.302207e-05 -3.753072e-02)) ((2.683498e-03 -4.038177e-02 5.242332e-03) (2.440179e-06 5.632044e-04 -8.481150e-05))
1.21          	((3.387815e-02 -1.617742e-02 3.784687e+00) (4.289436e-04 2.542257e-05 -3.689698e-02)) ((2.683690e-03 -4.400922e-02 5.249559e-03) (2.079062e-06 5.571978e-04 -8.428946e-05))
1.215         	((3.182489e-02 -1.648368e-02 4.225358e+00) (4.349010e-04 2.781660e-05 -3.624634e-02)) ((2.753421e-03 -4.750793e-02 5.222575e-03) (1.653188e-06 5.507035e-04 -8.379868e-05))
1.22          	((3.033761e-02 -1.643752e-02 4.664329e+00) (4.406676e-04 3.016763e-05 -3.557993e-02)) ((2.833032e-03 -5.106570e-02 5.011807e-03) (1.264019e-06 5.440267e-04 -8.319858e-05))
1.225         	((2.917649e-02 -1.632275e-02 5.100418e+00) (4.456344e-04 3.338247e-05 -3.489913e-02)) ((2.873366e-03 -5.451224e-02 4.775661e-03) (9.398963e-07 5.370820e-04 -8.242648e-05))
1.23          	((2.774688e-02 -1.636100e-02 5.534751e+00) (4.502042e-04 3.611539e-05 -3.420281e-02)) ((2.825826e-03 -5.781623e-02 4.625473e-03) (6.346371e-07 5.298524e-04 -8.160604e-05))
1.235         	((2.584546e-02 -1.654716e-02 5.966374e+00) (4.550861e-04 3.918411e-05 -3.349287e-02)) ((2.953457e-03 -6.128823e-02 4.586767e-03) (2.699992e-07 5.223860e-04 -8.071367e-05))
1.24          	((2.447232e-02 -1.735471e-02 6.395846e+00) (4.595840e-04 4.200166e-05 -3.276883e-02)) ((3.138314e-03 -6.464626e-02 4.363859e-03) (6.308983e-08 5.146357e-04 -7.981341e-05))
1.245         	((2.318311e-02 -1.633450e-02 6.821110e+00) (4.630688e-04 4.512223e-05 -3.203131e-02)) ((3.081729e-03 -6.798798e-02 4.244925e-03) (-2.865755e-07 5.065964e-04 -7.886514e-05))
1.25          	((2.191520e-02 -1.627216e-02 7.243155e+00) (4.658891e-04 4.829786e-05 -3.128079e-02)) ((3.187037e-03 -7.126689e-02 4.092446e-03) (-5.486059e-07 4.982969e-04 -7.793935e-05))
1.255         	((2.086257e-02 -1.607397e-02 7.661226e+00) (4.679391e-04 5.140232e-05 -3.051885e-02)) ((3.074176e-03 -7.457937e-02 4.028464e-03) (-7.810257e-07 4.897584e-04 -7.700050e-05))
1.26          	((1.910175e-02 -1.654970e-02 8.075101e+00) (4.695592e-04 5.459924e-05 -2.974459e-02)) ((2.987595e-03 -7.780405e-02 3.881666e-03) (-9.777998e-07 4.810034e-04 -7.605475e-05))
1.265         	((1.812437e-02 -1.754270e-02 8.483388e+00) (4.704947e-04 5.812255e-05 -2.895957e-02)) ((2.975732e-03 -8.092014e-02 3.771373e-03) (-1.058129e-06 4.720325e-04 -7.500967e-05))
1.27          	((1.659591e-02 -1.660103e-02 8.888036e+00) (4.706548e-04 6.176665e-05 -2.816374e-02)) ((3.008992e-03 -8.419431e-02 3.683552e-03) (-1.283567e-06 4.627923e-04 -7.397580e-05))
1.275         	((1.506131e-02 -1.653387e-02 9.287272e+00) (4.706502e-04 6.534320e-05 -2.735746e-02)) ((3.098217e-03 -8.725236e-02 3.522497e-03) (-1.373570e-06 4.534122e-04 -7.298749e-05))
1.28          	((1.383248e-02 -1.599167e-02 9.682747e+00) (4.696425e-04 6.881939e-05 -2.654174e-02)) ((3.126317e-03 -9.038008e-02 3.356064e-03) (-1.519921e-06 4.437938e-04 -7.192230e-05))
1.285         	((1.240254e-02 -1.593678e-02 1.007271e+01) (4.686498e-04 7.251818e-05 -2.571742e-02)) ((3.176922e-03 -9.336916e-02 3.234402e-03) (-1.639606e-06 4.341213e-04 -7.079723e-05))
1.29          	((1.094857e-02 -1.611043e-02 1.045553e+01) (4.668119e-04 7.582626e-05 -2.488332e-02)) ((3.173455e-03 -9.635568e-02 3.171671e-03) (-1.750587e-06 4.240838e-04 -6.978930e-05))
1.295         	((9.938240e-03 -1.604410e-02 1.083395e+01) (4.647799e-04 7.935602e-05 -2.404080e-02)) ((3.157876e-03 -9.947283e-02 3.166134e-03) (-1.868650e-06 4.139519e-04 -6.872403e-05))
1.3           	((8.426032e-03 -1.539836e-02 1.120524e+01) (4.622429e-04 8.290299e-05 -2.319053e-02)) ((3.238530e-03 -1.025085e-01 3.203467e-03) (-1.939955e-06 4.037377e-04 -6.763857e-05))
1.305         	((7.309680e-03 -1.508182e-02 1.156952e+01) (4.594543e-04 8.590025e-05 -2.233280e-02)) ((3.333083e-03 -1.055315e-01 3.085098e-03) (-1.926605e-06 3.934657e-04 -6.654948e-05))
1.31          	((5.814574e-03 -1.389311e-02 1.192968e+01) (4.560543e-04 8.806249e-05 -2.146728e-02)) ((3.210364e-03 -1.082139e-01 3.030399e-03) (-2.020393e-06 3.830046e-04 -6.557886e-05))
1.315         	((4.487899e-03 -1.327363e-02 1.228275e+01) (4.520104e-04 9.015589e-05 -2.059542e-02)) ((3.231281e-03 -1.109155e-01 2.935758e-03) (-2.079305e-06 3.723836e-04 -6.457786e-05))
1.32          	((2.667129e-03 -1.287894e-02 1.263077e+01) (4.473079e-04 9.205439e-05 -1.971816e-02)) ((3.562247e-03 -1.137338e-01 2.846107e-03) (-2.162775e-06 3.616687e-04 -6.360833e-05))
1.325         	((5.845899e-04 -1.317938e-02 1.296959e+01) (4.420759e-04 9.375053e-05 -1.883497e-02)) ((3.495713e-03 -1.165493e-01 2.720644e-03) (-2.180683e-06 3.508836e-04 -6.258556e-05))
1.33          	((-1.552945e-03 -1.264004e-02 1.330170e+01) (4.360873e-04 9.533348e-05 -1.794648e-02)) ((3.217858e-03 -1.193973e-01 2.657797e-03) (-2.235499e-06 3.400161e-04 -6.161070e-05))
1.335         	((-3.438161e-03 -1.232638e-02 1.362963e+01) (4.298767e-04 9.671025e-05 -1.705239e-02)) ((3.416752e-03 -1.219550e-01 2.593630e-03) (-2.284766e-06 3.290480e-04 -6.063864e-05))
1.34          	((-4.355472e-03 -1.160453e-02 1.394696e+01) (4.237175e-04 9.824155e-05 -1.615330e-02)) ((3.576731e-03 -1.244235e-01 2.572767e-03) (-2.295050e-06 3.179966e-04 -5.967004e-05))
1.345         	((-5.608936e-03 -1.111974e-02 1.425404e+01) (4.174468e-04 9.970467e-05 -1.524931e-02)) ((3.641844e-03 -1.268155e-01 2.485014e-03) (-2.274604e-06 3.068830e-04 -5.875832e-05))
1.35          	((-7.115997e-03 -9.969884e-03 1.455668e+01) (4.104638e-04 1.011448e-04 -1.434057e-02)) ((3.407380e-03 -1.294038e-01 2.436427e-03) (-2.299191e-06 2.956247e-04 -5.783439e-05))
1.355         	((-7.168488e-03 -9.461979e-03 1.485120e+01) (4.031115e-04 1.027123e-04 -1.342729e-02)) ((3.485840e-03 -1.317551e-01 2.421019e-03) (-2.450772e-06 2.842542e-04 -5.682534e-05))
1.36          	((-8.169582e-03 -9.470428e-03 1.513802e+01) (3.950418e-04 1.035422e-04 -1.251033e-02)) ((3.691225e-03 -1.337809e-01 2.265641e-03) (-2.509112e-06 2.727716e-04 -5.580653e-05))
1.365         	((-9.471298e-03 -9.442712e-03 1.542089e+01) (3.867154e-04 1.040349e-04 -1.159058e-02)) ((3.479453e-03 -1.359572e-01 2.279331e-03) (-2.567102e-06 2.611957e-04 -5.476590e-05))
1.37          	((-1.093548e-02 -9.096721e-03 1.569138e+01) (3.779254e-04 1.047422e-04 -1.066836e-02)) ((3.519453e-03 -1.381734e-01 2.176243e-03) (-2.687187e-06 2.495843e-04 -5.380823e-05))
1.375         	((-1.197573e-02 -7.548295e-03 1.595353e+01) (3.687979e-04 1.050369e-04 -9.744037e-03)) ((3.584602e-03 -1.403312e-01 2.099933e-03) (-2.840246e-06 2.378306e-04 -5.278738e-05))
1.38          	((-1.374941e-02 -6.630791e-03 1.620922e+01) (3.596353e-04 1.054301e-04 -8.818303e-03)) ((3.718808e-03 -1.425636e-01 2.000423e-03) (-2.898014e-06 2.260473e-04 -5.187819e-05))
1.385         	((-1.526842e-02 -6.377225e-03 1.645579e+01) (3.497085e-04 1.054379e-04 -7.890545e-03)) ((3.671190e-03 -1.445770e-01 2.033858e-03) (-2.927510e-06 2.142281e-04 -5.102606e-05))
1.39          	((-1.744532e-02 -6.419288e-03 1.669758e+01) (3.396845e-04 1.058625e-04 -6.961725e-03)) ((3.485164e-03 -1.464109e-01 1.959131e-03) (-3.004403e-06 2.024006e-04 -5.025259e-05))
1.395         	((-1.813691e-02 -5.534205e-03 1.693205e+01) (3.298073e-04 1.062501e-04 -6.032930e-03)) ((3.390753e-03 -1.483886e-01 1.769239e-03) (-3.150012e-06 1.906805e-04 -4.941485e-05))
1.4           	((-1.848331e-02 -6.220352e-03 1.715710e+01) (3.200238e-04 1.063104e-04 -5.104359e-03)) ((3.441619e-03 -1.500456e-01 1.821292e-03) (-3.278754e-06 1.788645e-04 -4.835746e-05))
1.405         	((-2.008161e-02 -6.032036e-03 1.737073e+01) (3.098543e-04 1.067656e-04 -4.176721e-03)) ((3.647082e-03 -1.517922e-01 1.842379e-03) (-3.463308e-06 1.670023e-04 -4.714164e-05))
1.41          	((-2.102298e-02 -6.142065e-03 1.757735e+01) (2.996441e-04 1.067659e-04 -3.250443e-03)) ((3.820044e-03 -1.532351e-01 1.792155e-03) (-3.634966e-06 1.551379e-04 -4.589279e-05))
1.415         	((-2.143489e-02 -6.293343e-03 1.777382e+01) (2.889449e-04 1.066007e-04 -2.324825e-03)) ((3.337980e-03 -1.545682e-01 1.763881e-03) (-3.822210e-06 1.432398e-04 -4.456312e-05))
1.42          	((-2.252122e-02 -4.166558e-03 1.796302e+01) (2.781139e-04 1.059977e-04 -1.400246e-03)) ((3.322685e-03 -1.560608e-01 1.776303e-03) (-4.010316e-06 1.312658e-04 -4.328776e-05))
1.425         	((-2.451321e-02 -2.822000e-03 1.814242e+01) (2.672603e-04 1.054497e-04 -4.771696e-04)) ((3.463540e-03 -1.576562e-01 1.725309e-03) (-4.173110e-06 1.193100e-04 -4.211013e-05))
1.43          	((-2.614874e-02 -3.849146e-03 1.831837e+01) (2.563657e-04 1.043890e-04 4.452150e-04)) ((3.670937e-03 -1.591784e-01 1.629011e-03) (-4.343892e-06 1.073696e-04 -4.105702e-05))
1.435         	((-2.742243e-02 -3.343076e-03 1.848334e+01) (2.450689e-04 1.030311e-04 1.366122e-03)) ((3.466200e-03 -1.609043e-01 1.582219e-03) (-4.387884e-06 9.557082e-05 -3.996016e-05))
1.44          	((-2.844579e-02 -2.255589e-03 1.863806e+01) (2.336116e-04 1.016865e-04 2.286230e-03)) ((3.307170e-03 -1.620569e-01 1.611271e-03) (-4.595182e-06 8.372189e-05 -3.887423e-05))
1.445         	((-2.951046e-02 -2.880511e-03 1.878582e+01) (2.219144e-04 1.000541e-04 3.203929e-03)) ((4.183202e-03 -1.632882e-01 1.664083e-03) (-4.743222e-06 7.190498e-05 -3.792856e-05))
1.45          	((-3.071325e-02 -2.431939e-03 1.891997e+01) (2.103049e-04 9.812703e-05 4.118269e-03)) ((3.507302e-03 -1.640192e-01 1.638113e-03) (-4.890598e-06 6.011284e-05 -3.702197e-05))
1.455         	((-3.282695e-02 5.054927e-04 1.903702e+01) (1.991142e-04 9.559171e-05 5.029937e-03)) ((2.809834e-03 -1.649610e-01 1.633178e-03) (-5.046003e-06 4.828235e-05 -3.616490e-05))
1.46          	((-3.345075e-02 8.704683e-04 1.915233e+01) (1.876217e-04 9.307393e-05 5.939307e-03)) ((3.105318e-03 -1.658950e-01 1.644046e-03) (-5.158016e-06 3.642864e-05 -3.543186e-05))
1.465         	((-3.425543e-02 -1.398268e-04 1.926538e+01) (1.765474e-04 9.074791e-05 6.846152e-03)) ((3.377787e-03 -1.669558e-01 1.582986e-03) (-5.309007e-06 2.466181e-05 -3.491268e-05))
1.47          	((-3.487924e-02 -8.335508e-04 1.936942e+01) (1.649448e-04 8.910411e-05 7.750171e-03)) ((3.441474e-03 -1.677882e-01 1.548987e-03) (-5.493257e-06 1.282434e-05 -3.436209e-05))
1.475         	((-3.488647e-02 -1.274454e-03 1.946719e+01) (1.532455e-04 8.799041e-05 8.650635e-03)) ((3.414547e-03 -1.686573e-01 1.793273e-03) (-5.754440e-06 1.079758e-06 -3.367424e-05))
1.48          	((-3.678721e-02 4.513262e-04 1.954455e+01) (1.419042e-04 8.656023e-05 9.548064e-03)) ((3.150232e-03 -1.689835e-01 1.385253e-03) (-6.003896e-06 -1.060357e-05 -3.306377e-05))
1.485         	((-3.959891e-02 -1.381216e-03 1.962548e+01) (1.297808e-04 8.462564e-05 1.044194e-02)) ((3.627947e-03 -1.692373e-01 1.451163e-03) (-6.263683e-06 -2.230744e-05 -3.265738e-05))
1.49          	((-4.263406e-02 1.075281e-03 1.970955e+01) (1.174275e-04 8.226467e-05 1.133342e-02)) ((3.411704e-03 -1.696845e-01 1.520138e-03) (-6.556669e-06 -3.399515e-05 -3.233559e-05))
1.495         	((-4.261714e-02 -8.165631e-04 1.976870e+01) (1.036699e-04 7.992790e-05 1.222055e-02)) ((3.247972e-03 -1.700968e-01 1.690866e-03) (-6.856225e-06 -4.568138e-05 -3.220236e-05))
1.5           	((-4.392763e-02 3.558037e-04 1.986515e+01) (8.951818e-05 7.765277e-05 1.310499e-02)) ((3.165952e-03 -1.711965e-01 2.244192e-03) (-7.185446e-06 -5.727114e-05 -3.214226e-05))
1.505         	((-4.716107e-02 3.073701e-03 1.997739e+01) (7.443824e-05 7.578672e-05 1.398715e-02)) ((3.208298e-03 -1.720036e-01 1.721383e-03) (-7.623234e-06 -6.878050e-05 -3.236268e-05))
1.51          	((-3.894021e-02 6.258405e-04 1.968630e+01) (6.048995e-05 7.390627e-05 1.485121e-02)) ((3.396876e-03 -1.677831e-01 1.949100e-03) (-8.070930e-06 -7.980064e-05 -3.268120e-05))
1.515         	((-4.915081e-02 -3.872844e-04 2.007212e+01) (4.658171e-05 7.246148e-05 1.571804e-02)) ((3.534723e-03 -1.716739e-01 1.728140e-03) (-8.487985e-06 -9.079376e-05 -3.292015e-05))
1.52          	((-4.865390e-02 7.863029e-04 2.014049e+01) (3.292378e-05 7.116864e-05 1.658440e-02)) ((3.182148e-03 -1.727507e-01 1.369502e-03) (-8.942003e-06 -1.017628e-04 -3.325339e-05))
1.525         	((-5.098649e-02 1.790766e-03 2.013698e+01) (1.875040e-05 6.881562e-05 1.744650e-02)) ((2.762911e-03 -1.722137e-01 1.136855e-03) (-9.432317e-06 -1.126947e-04 -3.373389e-05))
1.53          	((-5.128432e-02 -4.958247e-04 2.014155e+01) (4.562028e-06 6.677164e-05 1.830492e-02)) ((3.032252e-03 -1.717705e-01 1.118902e-03) (-9.790161e-06 -1.236212e-04 -3.417900e-05))
1.535         	((-5.149665e-02 7.574333e-04 2.013948e+01) (-9.478281e-06 6.555233e-05 1.915773e-02)) ((2.997934e-03 -1.713991e-01 1.032063e-03) (-1.023255e-05 -1.343344e-04 -3.464868e-05))
1.54          	((-5.279436e-02 1.563481e-04 2.014043e+01) (-2.296826e-05 6.475365e-05 2.000642e-02)) ((2.936339e-03 -1.711514e-01 1.172449e-03) (-1.072521e-05 -1.450521e-04 -3.510619e-05))
1.545         	((-5.426798e-02 -7.731724e-05 2.012730e+01) (-3.663011e-05 6.381175e-05 2.085073e-02)) ((2.589487e-03 -1.708620e-01 9.980853e-04) (-1.120595e-05 -1.556891e-04 -3.556262e-05))
1.55          	((-5.467901e-02 -8.466369e-05 2.011548e+01) (-5.034639e-05 6.304505e-05 2.169086e-02)) ((2.511662e-03 -1.704174e-01 6.454418e-04) (-1.176651e-05 -1.664328e-04 -3.611994e-05))
1.555         	((-5.555051e-02 6.238003e-04 2.009314e+01) (-6.393407e-05 6.169271e-05 2.252499e-02)) ((2.592339e-03 -1.698552e-01 4.714119e-04) (-1.240781e-05 -1.770782e-04 -3.667412e-05))
1.56          	((-5.718734e-02 1.664839e-04 2.006712e+01) (-7.730334e-05 6.078438e-05 2.335463e-02)) ((2.637915e-03 -1.689323e-01 3.868420e-04) (-1.291882e-05 -1.876942e-04 -3.729270e-05))
1.565         	((-5.829324e-02 1.065575e-04 2.003277e+01) (-9.005771e-05 6.016153e-05 2.417856e-02)) ((2.610790e-03 -1.681708e-01 2.081939e-04) (-1.341515e-05 -1.982942e-04 -3.787231e-05))
1.57          	((-5.861813e-02 1.332016e-03 1.999476e+01) (-1.029770e-04 5.900160e-05 2.499644e-02)) ((2.435706e-03 -1.672579e-01 2.757053e-04) (-1.400695e-05 -2.089155e-04 -3.863991e-05))
1.575         	((-5.771145e-02 1.234265e-03 1.994824e+01) (-1.156341e-04 5.792085e-05 2.580790e-02)) ((2.249362e-03 -1.663922e-01 3.480685e-04) (-1.455849e-05 -2.196280e-04 -3.945827e-05))
1.58          	((-5.883477e-02 1.508237e-03 1.989266e+01) (-1.283913e-04 5.743363e-05 2.661225e-02)) ((2.149619e-03 -1.655097e-01 2.016669e-04) (-1.521110e-05 -2.301918e-04 -4.036885e-05))
1.585         	((-5.985179e-02 1.218185e-03 1.982848e+01) (-1.408771e-04 5.699562e-05 2.740877e-02)) ((2.135650e-03 -1.644717e-01 4.746735e-05) (-1.575617e-05 -2.408056e-04 -4.121144e-05))
1.59          	((-6.028550e-02 1.256103e-03 1.975603e+01) (-1.537861e-04 5.618039e-05 2.819805e-02)) ((2.109497e-03 -1.635513e-01 -1.445312e-04) (-1.636374e-05 -2.514258e-04 -4.216671e-05))
1.595         	((-5.976003e-02 -5.999190e-05 1.967773e+01) (-1.661863e-04 5.572181e-05 2.897842e-02)) ((2.027852e-03 -1.624155e-01 -3.344509e-04) (-1.690344e-05 -2.618576e-04 -4.306310e-05))
1.6           	((-5.954487e-02 5.961277e-05 1.959107e+01) (-1.787057e-04 5.563543e-05 2.975086e-02)) ((1.880916e-03 -1.612432e-01 -5.358294e-04) (-1.742775e-05 -2.722092e-04 -4.392395e-05))
1.605         	((-5.906891e-02 -1.598216e-04 1.950180e+01) (-1.918446e-04 5.528891e-05 3.051315e-02)) ((1.881033e-03 -1.599140e-01 -5.960674e-04) (-1.783338e-05 -2.827273e-04 -4.473146e-05))
1.61          	((-5.928515e-02 -3.583438e-04 1.940451e+01) (-2.052041e-04 5.497843e-05 3.126468e-02)) ((1.766570e-03 -1.586372e-01 -8.437603e-04) (-1.824248e-05 -2.931699e-04 -4.540548e-05))
1.615         	((-5.956490e-02 -1.018549e-03 1.929694e+01) (-2.187655e-04 5.449164e-05 3.200546e-02)) ((1.807394e-03 -1.572613e-01 -9.237642e-04) (-1.868643e-05 -3.035744e-04 -4.591922e-05))
1.62          	((-5.946281e-02 -2.074655e-03 1.918191e+01) (-2.324879e-04 5.415436e-05 3.273623e-02)) ((1.790713e-03 -1.557588e-01 -1.092508e-03) (-1.893217e-05 -3.141348e-04 -4.629966e-05))
1.625         	((-5.930748e-02 -1.331056e-03 1.906045e+01) (-2.461538e-04 5.415961e-05 3.345410e-02)) ((1.683337e-03 -1.542179e-01 -1.113325e-03) (-1.917189e-05 -3.243125e-04 -4.662879e-05))
1.63          	((-5.828180e-02 -1.319305e-03 1.893240e+01) (-2.602896e-04 5.379125e-05 3.416049e-02)) ((1.461037e-03 -1.527086e-01 -1.147971e-03) (-1.952260e-05 -3.345073e-04 -4.691160e-05))
1.635         	((-5.717352e-02 -1.838241e-03 1.879501e+01) (-2.744034e-04 5.375769e-05 3.485512e-02)) ((1.444241e-03 -1.510823e-01 -1.172560e-03) (-1.961207e-05 -3.447411e-04 -4.714298e-05))
1.64          	((-5.638589e-02 -2.237796e-03 1.865107e+01) (-2.884928e-04 5.400770e-05 3.553621e-02)) ((1.274075e-03 -1.493766e-01 -1.130877e-03) (-1.983196e-05 -3.548154e-04 -4.749357e-05))
1.645         	((-5.563083e-02 -2.117928e-03 1.849926e+01) (-3.029683e-04 5.399957e-05 3.620480e-02)) ((1.190330e-03 -1.475452e-01 -1.222080e-03) (-2.012193e-05 -3.646480e-04 -4.779475e-05))
1.65          	((-5.502754e-02 -2.892993e-03 1.834071e+01) (-3.177857e-04 5.370376e-05 3.685882e-02)) ((1.323092e-03 -1.457065e-01 -1.151990e-03) (-2.034154e-05 -3.746149e-04 -4.809519e-05))
1.655         	((-5.381225e-02 -2.870932e-03 1.817271e+01) (-3.327881e-04 5.285950e-05 3.749790e-02)) ((1.234367e-03 -1.437341e-01 -1.078770e-03) (-2.052654e-05 -3.845442e-04 -4.835555e-05))
1.66          	((-5.260635e-02 -3.109253e-03 1.799593e+01) (-3.479515e-04 5.173229e-05 3.812059e-02)) ((1.181219e-03 -1.417911e-01 -9.764693e-04) (-2.077043e-05 -3.942547e-04 -4.862663e-05))
1.665         	((-5.152817e-02 -3.515576e-03 1.781210e+01) (-3.632828e-04 5.094344e-05 3.872762e-02)) ((1.208163e-03 -1.398045e-01 -9.793561e-04) (-2.093800e-05 -4.037354e-04 -4.895322e-05))
1.67          	((-5.031979e-02 -3.274169e-03 1.762071e+01) (-3.785808e-04 5.029543e-05 3.931807e-02)) ((1.146824e-03 -1.377417e-01 -1.012775e-03) (-2.117561e-05 -4.129624e-04 -4.910046e-05))
1.675         	((-4.882122e-02 -3.100543e-03 1.742321e+01) (-3.944302e-04 5.032164e-05 3.989060e-02)) ((1.054884e-03 -1.355189e-01 -1.015220e-03) (-2.127945e-05 -4.223163e-04 -4.923942e-05))
1.68          	((-4.752117e-02 -2.736154e-03 1.721716e+01) (-4.110001e-04 4.971459e-05 4.044501e-02)) ((9.426456e-04 -1.332468e-01 -8.891942e-04) (-2.149080e-05 -4.314067e-04 -4.924366e-05))
1.685         	((-4.677531e-02 -3.436163e-03 1.700388e+01) (-4.274130e-04 5.007997e-05 4.097979e-02)) ((9.199996e-04 -1.310027e-01 -6.317415e-04) (-2.167348e-05 -4.402829e-04 -4.923232e-05))
1.69          	((-4.601148e-02 -4.162952e-03 1.678246e+01) (-4.438992e-04 4.941976e-05 4.149461e-02)) ((9.336588e-04 -1.286867e-01 -6.086705e-04) (-2.172944e-05 -4.490211e-04 -4.927396e-05))
1.695         	((-4.504636e-02 -4.534485e-03 1.655245e+01) (-4.611209e-04 4.828212e-05 4.199040e-02)) ((9.156244e-04 -1.263277e-01 -5.526142e-04) (-2.190111e-05 -4.576746e-04 -4.927269e-05))
1.7           	((-4.385012e-02 -4.784933e-03 1.631493e+01) (-4.787174e-04 4.694338e-05 4.246562e-02)) ((9.652436e-04 -1.238585e-01 -4.202784e-04) (-2.199121e-05 -4.662228e-04 -4.934824e-05))
1.705         	((-4.266074e-02 -4.654956e-03 1.606912e+01) (-4.958589e-04 4.585045e-05 4.291990e-02)) ((8.165603e-04 -1.213651e-01 -2.579213e-04) (-2.213892e-05 -4.745287e-04 -4.930833e-05))
1.71          	((-4.128174e-02 -4.715168e-03 1.581505e+01) (-5.132511e-04 4.442103e-05 4.335061e-02)) ((8.074164e-04 -1.187464e-01 -5.957468e-05) (-2.181130e-05 -4.827332e-04 -4.952550e-05))
1.715         	((-4.058681e-02 -5.221652e-03 1.555338e+01) (-5.311615e-04 4.359490e-05 4.375945e-02)) ((9.881573e-04 -1.160505e-01 1.425395e-04) (-2.181120e-05 -4.906209e-04 -4.961999e-05))
1.72          	((-3.979672e-02 -4.817813e-03 1.528304e+01) (-5.490525e-04 4.306585e-05 4.414541e-02)) ((7.828447e-04 -1.134337e-01 3.749217e-04) (-2.169918e-05 -4.985800e-04 -4.983353e-05))
1.725         	((-3.982233e-02 -5.244924e-03 1.500616e+01) (-5.673132e-04 4.338153e-05 4.450829e-02)) ((7.370551e-04 -1.107652e-01 3.292181e-04) (-2.151262e-05 -5.064320e-04 -5.008865e-05))
1.73          	((-3.915697e-02 -5.458566e-03 1.472097e+01) (-5.861581e-04 4.367964e-05 4.484788e-02)) ((7.344762e-04 -1.079266e-01 4.376720e-04) (-2.141665e-05 -5.140114e-04 -5.038414e-05))
1.735         	((-3.912731e-02 -5.732991e-03 1.442929e+01) (-6.051053e-04 4.461892e-05 4.516333e-02)) ((7.233173e-04 -1.051344e-01 5.553612e-04) (-2.125482e-05 -5.216356e-04 -5.068168e-05))
1.74          	((-3.856168e-02 -5.994529e-03 1.413043e+01) (-6.241299e-04 4.538742e-05 4.545532e-02)) ((5.708073e-04 -1.021974e-01 5.768359e-04) (-2.109002e-05 -5.292578e-04 -5.098272e-05))
1.745         	((-3.800778e-02 -6.301791e-03 1.382407e+01) (-6.429526e-04 4.570605e-05 4.572214e-02)) ((4.059525e-04 -9.916042e-02 7.053724e-04) (-2.062409e-05 -5.365271e-04 -5.137095e-05))
1.75          	((-3.763979e-02 -6.626827e-03 1.350983e+01) (-6.614480e-04 4.566475e-05 4.596601e-02)) ((3.511401e-04 -9.616174e-02 7.261066e-04) (-2.023657e-05 -5.435117e-04 -5.170929e-05))
1.755         	((-3.748782e-02 -6.659387e-03 1.318691e+01) (-6.796750e-04 4.598975e-05 4.618462e-02)) ((8.845090e-05 -9.303526e-02 8.549754e-04) (-1.968171e-05 -5.504789e-04 -5.200015e-05))
1.76          	((-3.747537e-02 -7.279691e-03 1.285899e+01) (-6.970912e-04 4.697721e-05 4.637850e-02)) ((-2.614376e-05 -8.993855e-02 1.068935e-03) (-1.900108e-05 -5.572015e-04 -5.239928e-05))
1.765         	((-3.716498e-02 -6.253569e-03 1.252462e+01) (-7.140367e-04 4.814286e-05 4.654926e-02)) ((-1.625736e-04 -8.678154e-02 1.058965e-03) (-1.829465e-05 -5.637786e-04 -5.260984e-05))
1.77          	((-3.658902e-02 -6.282335e-03 1.218503e+01) (-7.310964e-04 5.001956e-05 4.669512e-02)) ((-2.487832e-04 -8.352755e-02 1.112370e-03) (-1.757672e-05 -5.701245e-04 -5.290505e-05))
1.775         	((-3.571770e-02 -6.357135e-03 1.183792e+01) (-7.472990e-04 5.182402e-05 4.681672e-02)) ((-3.864217e-04 -8.024430e-02 1.245639e-03) (-1.686541e-05 -5.764222e-04 -5.327762e-05))
1.78          	((-3.514346e-02 -5.930794e-03 1.148215e+01) (-7.633097e-04 5.379509e-05 4.691454e-02)) ((-6.047472e-04 -7.700767e-02 1.356041e-03) (-1.617937e-05 -5.824045e-04 -5.369075e-05))
1.785         	((-3.488644e-02 -6.471297e-03 1.111994e+01) (-7.789580e-04 5.558980e-05 4.698677e-02)) ((-7.484517e-04 -7.368325e-02 1.287479e-03) (-1.535213e-05 -5.881419e-04 -5.417157e-05))
1.79          	((-3.454438e-02 -6.335821e-03 1.075185e+01) (-7.947193e-04 5.775638e-05 4.703501e-02)) ((-8.210629e-04 -7.035162e-02 1.230739e-03) (-1.448161e-05 -5.936987e-04 -5.459062e-05))
1.795         	((-3.421689e-02 -6.388266e-03 1.037776e+01) (-8.098612e-04 5.968384e-05 4.705775e-02)) ((-8.919859e-04 -6.706800e-02 1.212762e-03) (-1.358879e-05 -5.989307e-04 -5.515967e-05))
1.8           	((-3.373950e-02 -5.613057e-03 9.998512e+00) (-8.243927e-04 6.171756e-05 4.705694e-02)) ((-9.557709e-04 -6.366864e-02 1.084655e-03) (-1.249276e-05 -6.039579e-04 -5.559877e-05))
1.805         	((-3.313299e-02 -5.156939e-03 9.614770e+00) (-8.384439e-04 6.363211e-05 4.703049e-02)) ((-1.140153e-03 -6.029333e-02 1.098778e-03) (-1.154836e-05 -6.086024e-04 -5.616059e-05))
1.81          	((-3.249823e-02 -4.896009e-03 9.223657e+00) (-8.517273e-04 6.551172e-05 4.697937e-02)) ((-1.463730e-03 -5.676070e-02 1.003309e-03) (-1.037651e-05 -6.129669e-04 -5.672657e-05))
1.815         	((-3.145768e-02 -4.674940e-03 8.829528e+00) (-8.642501e-04 6.685678e-05 4.690377e-02)) ((-1.616984e-03 -5.318646e-02 8.556912e-04) (-9.257902e-06 -6.170772e-04 -5.733472e-05))
1.82          	((-3.105270e-02 -4.887707e-03 8.428946e+00) (-8.761183e-04 6.819555e-05 4.680449e-02)) ((-1.818021e-03 -4.962304e-02 8.406098e-04) (-8.219379e-06 -6.208234e-04 -5.784744e-05))
1.825         	((-3.003424e-02 -4.938642e-03 8.024460e+00) (-8.876425e-04 6.920106e-05 4.668085e-02)) ((-1.928101e-03 -4.608779e-02 6.621668e-04) (-7.083464e-06 -6.241921e-04 -5.842850e-05))
1.83          	((-2.974966e-02 -4.983936e-03 7.615986e+00) (-8.980842e-04 7.034605e-05 4.653282e-02)) ((-2.054725e-03 -4.257972e-02 5.642315e-04) (-5.877298e-06 -6.272467e-04 -5.912823e-05))
1.835         	((-2.930812e-02 -4.581950e-03 7.203517e+00) (-9.076182e-04 7.096446e-05 4.636098e-02)) ((-2.215715e-03 -3.908239e-02 4.356755e-04) (-4.726238e-06 -6.299049e-04 -5.990039e-05))
1.84          	((-2.817670e-02 -4.758113e-03 6.785089e+00) (-9.163713e-04 7.132880e-05 4.616515e-02)) ((-2.324952e-03 -3.550256e-02 2.253132e-04) (-3.421708e-06 -6.323200e-04 -6.063611e-05))
1.845         	((-2.722033e-02 -4.299560e-03 6.364689e+00) (-9.237123e-04 7.167246e-05 4.594620e-02)) ((-2.414870e-03 -3.193977e-02 4.545048e-05) (-2.120845e-06 -6.342689e-04 -6.139398e-05))
1.85          	((-2.651886e-02 -4.429471e-03 5.940880e+00) (-9.311186e-04 7.212305e-05 4.570362e-02)) ((-2.547843e-03 -2.834168e-02 -1.746652e-04) (-6.272464e-07 -6.361180e-04 -6.209810e-05))
1.855         	((-2.576985e-02 -4.084048e-03 5.513682e+00) (-9.376396e-04 7.247375e-05 4.543820e-02)) ((-2.591712e-03 -2.487815e-02 -2.850925e-04) (9.018774e-07 -6.375930e-04 -6.290105e-05))
1.86          	((-2.441576e-02 -3.734572e-03 5.082132e+00) (-9.442039e-04 7.261126e-05 4.515002e-02)) ((-2.690784e-03 -2.123295e-02 -4.714452e-04) (2.358953e-06 -6.388053e-04 -6.366706e-05))
1.865         	((-2.303499e-02 -3.659580e-03 4.649177e+00) (-9.503000e-04 7.335433e-05 4.483973e-02)) ((-2.749566e-03 -1.763829e-02 -6.625117e-04) (3.741442e-06 -6.396735e-04 -6.434927e-05))
1.87          	((-2.184077e-02 -3.603622e-03 4.213997e+00) (-9.556547e-04 7.342767e-05 4.450684e-02)) ((-2.689329e-03 -1.405206e-02 -8.266261e-04) (5.194890e-06 -6.401249e-04 -6.524895e-05))
1.875         	((-2.119366e-02 -2.607798e-03 3.775107e+00) (-9.607182e-04 7.334449e-05 4.415200e-02)) ((-2.794372e-03 -1.055552e-02 -1.057204e-03) (6.720573e-06 -6.402792e-04 -6.611776e-05))
1.88          	((-2.026742e-02 -2.367675e-03 3.334231e+00) (-9.651823e-04 7.290015e-05 4.377537e-02)) ((-2.866766e-03 -7.040859e-03 -1.189178e-03) (7.920772e-06 -6.401162e-04 -6.692135e-05))
1.885         	((-1.864426e-02 -2.252743e-03 2.890320e+00) (-9.689791e-04 7.280952e-05 4.337848e-02)) ((-2.938995e-03 -3.426362e-03 -1.415721e-03) (9.152524e-06 -6.396595e-04 -6.780234e-05))
1.89          	((-1.697240e-02 -2.589396e-03 2.445110e+00) (-9.718905e-04 7.254137e-05 4.296019e-02)) ((-3.048550e-03 2.364732e-04 -1.639546e-03) (1.037734e-05 -6.387624e-04 -6.865653e-05))
1.895         	((-1.625854e-02 -2.231232e-03 1.998251e+00) (-9.734299e-04 7.234010e-05 4.252228e-02)) ((-3.073088e-03 3.835732e-03 -1.847563e-03) (1.167080e-05 -6.375910e-04 -6.941040e-05))
1.9           	((-1.532295e-02 -1.544570e-03 1.552080e+00) (-9.749323e-04 7.225985e-05 4.206392e-02)) ((-3.044400e-03 7.280418e-03 -2.023574e-03) (1.295064e-05 -6.360697e-04 -7.013227e-05))
1.905         	((-1.384841e-02 -9.940298e-04 1.103624e+00) (-9.756051e-04 7.164735e-05 4.158444e-02)) ((-3.051093e-03 1.080038e-02 -2.277793e-03) (1.404558e-05 -6.341311e-04 -7.088844e-05))
1.91          	((-1.189501e-02 -1.079095e-03 6.540708e-01) (-9.754030e-04 7.108240e-05 4.108632e-02)) ((-3.038124e-03 1.445633e-02 -2.343025e-03) (1.516867e-05 -6.318648e-04 -7.162979e-05))
1.915         	((-1.056116e-02 -7.719549e-04 2.041436e-01) (-9.745630e-04 7.045494e-05 4.056982e-02)) ((-3.133532e-03 1.805715e-02 -2.474403e-03) (1.628492e-05 -6.293556e-04 -7.234027e-05))
1.92          	((-8.635365e-03 3.027821e-04 -2.463052e-01) (-9.735114e-04 6.949800e-05 4.003459e-02)) ((-3.241372e-03 2.164335e-02 -2.559801e-03) (1.744192e-05 -6.264550e-04 -7.317010e-05))
1.925         	((-7.541181e-03 7.065611e-04 -6.973737e-01) (-9.715978e-04 6.863194e-05 3.948278e-02)) ((-3.242379e-03 2.521998e-02 -2.687038e-03) (1.862079e-05 -6.232977e-04 -7.400870e-05))
1.93          	((-6.711006e-03 1.579756e-03 -1.148630e+00) (-9.684823e-04 6.772933e-05 3.891267e-02)) ((-3.323596e-03 2.873386e-02 -2.875960e-03) (1.961841e-05 -6.198460e-04 -7.470740e-05))
1.935         	((-4.639448e-03 2.585742e-03 -1.599155e+00) (-9.649331e-04 6.737329e-05 3.832504e-02)) ((-3.418615e-03 3.229159e-02 -3.035061e-03) (2.054511e-05 -6.159622e-04 -7.538365e-05))
1.94          	((-3.447723e-03 3.189894e-03 -2.048475e+00) (-9.612367e-04 6.654085e-05 3.772134e-02)) ((-3.316249e-03 3.579967e-02 -3.162435e-03) (2.151030e-05 -6.118538e-04 -7.604876e-05))
1.945         	((-1.548416e-03 4.349907e-03 -2.496712e+00) (-9.567630e-04 6.592105e-05 3.710265e-02)) ((-3.208385e-03 3.945399e-02 -3.336740e-03) (2.245685e-05 -6.076091e-04 -7.666671e-05))
1.95          	((-1.850974e-04 4.315928e-03 -2.944950e+00) (-9.522798e-04 6.493143e-05 3.646756e-02)) ((-3.324546e-03 4.295533e-02 -3.471924e-03) (2.323587e-05 -6.029931e-04 -7.718859e-05))
1.955         	((1.586219e-03 5.113312e-03 -3.390124e+00) (-9.470787e-04 6.433014e-05 3.581730e-02)) ((-3.280750e-03 4.657123e-02 -3.555259e-03) (2.399717e-05 -5.981533e-04 -7.769644e-05))
1.96          	((3.196241e-03 5.723862e-03 -3.831687e+00) (-9.411832e-04 6.371852e-05 3.515262e-02)) ((-3.380323e-03 5.010297e-02 -3.795527e-03) (2.469634e-05 -5.929383e-04 -7.819190e-05))
1.965         	((4.284671e-03 6.201142e-03 -4.273204e+00) (-9.351405e-04 6.314161e-05 3.447417e-02)) ((-3.428397e-03 5.350730e-02 -3.945444e-03) (2.520907e-05 -5.874941e-04 -7.856144e-05))
1.97          	((6.258533e-03 6.111540e-03 -4.711694e+00) (-9.283032e-04 6.262616e-05 3.378148e-02)) ((-3.280069e-03 5.697631e-02 -3.982340e-03) (2.585176e-05 -5.817249e-04 -7.882762e-05))
1.975         	((7.548850e-03 6.860235e-03 -5.147948e+00) (-9.207725e-04 6.230710e-05 3.307552e-02)) ((-3.205555e-03 6.034728e-02 -4.044344e-03) (2.631221e-05 -5.755675e-04 -7.911137e-05))
1.98          	((8.749045e-03 7.535888e-03 -5.582138e+00) (-9.127273e-04 6.236031e-05 3.235758e-02)) ((-3.381697e-03 6.367864e-02 -4.173331e-03) (2.665474e-05 -5.691751e-04 -7.938174e-05))
1.985         	((9.786012e-03 7.524937e-03 -6.014105e+00) (-9.049260e-04 6.214666e-05 3.162535e-02)) ((-3.464326e-03 6.707223e-02 -4.221547e-03) (2.702356e-05 -5.624360e-04 -7.946209e-05))
1.99          	((1.091435e-02 7.588811e-03 -6.440946e+00) (-8.971854e-04 6.231790e-05 3.088155e-02)) ((-3.544014e-03 7.040695e-02 -4.274413e-03) (2.735563e-05 -5.554773e-04 -7.944831e-05))
1.995         	((1.221281e-02 8.478341e-03 -6.864570e+00) (-8.893021e-04 6.209317e-05 3.012616e-02)) ((-3.547297e-03 7.373007e-02 -4.369663e-03) (2.763041e-05 -5.483210e-04 -7.945272e-05))
2             	((1.401638e-02 9.722341e-03 -7.285900e+00) (-8.808339e-04 6.210226e-05 2.936013e-02)) ((-3.568229e-03 7.715516e-02 -4.434699e-03) (2.781499e-05 -5.408111e-04 -7.944304e-05))
2.005         	((1.572476e-02 9.580732e-03 -7.703034e+00) (-8.724605e-04 6.219867e-05 2.858323e-02)) ((-3.423884e-03 8.053890e-02 -4.567934e-03) (2.796000e-05 -5.331818e-04 -7.929229e-05))
2.01          	((1.726836e-02 9.585589e-03 -8.116776e+00) (-8.641193e-04 6.200870e-05 2.779591e-02)) ((-3.469276e-03 8.385444e-02 -4.545425e-03) (2.805072e-05 -5.253711e-04 -7.901864e-05))
2.015         	((1.865322e-02 9.773521e-03 -8.525481e+00) (-8.560209e-04 6.239911e-05 2.699828e-02)) ((-3.598620e-03 8.711920e-02 -4.612834e-03) (2.810976e-05 -5.172867e-04 -7.887802e-05))
2.02          	((2.020211e-02 1.027721e-02 -8.928741e+00) (-8.479408e-04 6.234819e-05 2.619030e-02)) ((-3.470920e-03 9.039765e-02 -4.616012e-03) (2.807730e-05 -5.090822e-04 -7.867834e-05))
2.025         	((2.174183e-02 9.972728e-03 -9.328438e+00) (-8.395433e-04 6.217114e-05 2.537377e-02)) ((-3.415619e-03 9.365499e-02 -4.685158e-03) (2.804551e-05 -5.007225e-04 -7.843397e-05))
2.03          	((2.337362e-02 9.823555e-03 -9.723390e+00) (-8.310257e-04 6.186486e-05 2.454852e-02)) ((-3.479042e-03 9.689491e-02 -4.635709e-03) (2.805829e-05 -4.920204e-04 -7.807895e-05))
2.035         	((2.446974e-02 9.733270e-03 -1.011423e+01) (-8.227456e-04 6.175504e-05 2.371550e-02)) ((-3.436965e-03 1.000174e-01 -4.582374e-03) (2.799687e-05 -4.832316e-04 -7.764351e-05))
2.04          	((2.552517e-02 9.806128e-03 -1.049809e+01) (-8.143962e-04 6.135097e-05 2.287482e-02)) ((-3.426980e-03 1.030748e-01 -4.474332e-03) (2.789617e-05 -4.742671e-04 -7.731355e-05))
2.045         	((2.669821e-02 1.066626e-02 -1.087685e+01) (-8.059668e-04 6.079688e-05 2.202645e-02)) ((-3.404803e-03 1.060245e-01 -4.346555e-03) (2.782770e-05 -4.651692e-04 -7.693271e-05))
2.05          	((2.773585e-02 1.090807e-02 -1.124982e+01) (-7.980737e-04 6.007038e-05 2.117077e-02)) ((-3.487313e-03 1.090590e-01 -4.324053e-03) (2.774197e-05 -4.558825e-04 -7.656741e-05))
2.055         	((2.852319e-02 1.090640e-02 -1.161640e+01) (-7.901078e-04 5.967929e-05 2.030858e-02)) ((-3.435697e-03 1.120115e-01 -4.371188e-03) (2.768895e-05 -4.464487e-04 -7.624105e-05))
2.06          	((3.018058e-02 1.126528e-02 -1.197845e+01) (-7.819365e-04 5.962190e-05 1.943996e-02)) ((-3.367508e-03 1.149456e-01 -4.305483e-03) (2.759334e-05 -4.369014e-04 -7.591554e-05))
2.065         	((3.112273e-02 1.087195e-02 -1.233392e+01) (-7.739845e-04 5.961094e-05 1.856573e-02)) ((-3.241859e-03 1.177766e-01 -4.286904e-03) (2.735640e-05 -4.272719e-04 -7.559427e-05))
2.07          	((3.161971e-02 1.049951e-02 -1.268360e+01) (-7.661911e-04 6.011472e-05 1.768572e-02)) ((-3.331600e-03 1.205689e-01 -4.141332e-03) (2.705562e-05 -4.175170e-04 -7.522293e-05))
2.075         	((3.219002e-02 1.088292e-02 -1.302684e+01) (-7.588805e-04 6.066654e-05 1.680016e-02)) ((-3.287869e-03 1.233125e-01 -4.121177e-03) (2.667747e-05 -4.076438e-04 -7.488034e-05))
2.08          	((3.250899e-02 1.083969e-02 -1.336075e+01) (-7.517078e-04 6.143160e-05 1.590980e-02)) ((-3.353350e-03 1.258520e-01 -4.025959e-03) (2.627776e-05 -3.976625e-04 -7.457510e-05))
2.085         	((3.317653e-02 1.142333e-02 -1.368866e+01) (-7.443487e-04 6.199777e-05 1.501491e-02)) ((-3.296513e-03 1.285170e-01 -3.871414e-03) (2.582657e-05 -3.874922e-04 -7.430822e-05))
2.09          	((3.407353e-02 1.186794e-02 -1.400832e+01) (-7.374359e-04 6.249545e-05 1.411628e-02)) ((-3.270358e-03 1.310762e-01 -3.755061e-03) (2.539964e-05 -3.772383e-04 -7.415033e-05))
2.095         	((3.529646e-02 1.100558e-02 -1.432026e+01) (-7.302357e-04 6.272884e-05 1.321388e-02)) ((-3.030991e-03 1.336137e-01 -3.667353e-03) (2.489789e-05 -3.668695e-04 -7.399717e-05))
2.1           	((3.568740e-02 1.130544e-02 -1.462333e+01) (-7.232804e-04 6.331630e-05 1.230753e-02)) ((-3.189916e-03 1.362219e-01 -3.484142e-03) (2.434345e-05 -3.564506e-04 -7.386617e-05))
2.105         	((3.573074e-02 1.156374e-02 -1.491956e+01) (-7.161914e-04 6.384153e-05 1.139829e-02)) ((-3.192968e-03 1.385753e-01 -3.330665e-03) (2.380472e-05 -3.459605e-04 -7.374225e-05))
2.11          	((3.563589e-02 1.209156e-02 -1.520926e+01) (-7.092463e-04 6.420194e-05 1.048570e-02)) ((-3.270971e-03 1.408043e-01 -3.127000e-03) (2.327638e-05 -3.353898e-04 -7.368941e-05))
2.115         	((3.556542e-02 1.295219e-02 -1.549266e+01) (-7.019320e-04 6.432678e-05 9.570106e-03)) ((-3.458486e-03 1.431666e-01 -2.925122e-03) (2.278392e-05 -3.246679e-04 -7.371543e-05))
2.12          	((3.600061e-02 1.120361e-02 -1.576655e+01) (-6.947288e-04 6.475330e-05 8.652194e-03)) ((-3.178322e-03 1.453650e-01 -2.857689e-03) (2.225270e-05 -3.138687e-04 -7.363978e-05))
2.125         	((3.723806e-02 1.180501e-02 -1.603179e+01) (-6.880008e-04 6.558162e-05 7.732164e-03)) ((-3.235705e-03 1.474473e-01 -2.824170e-03) (2.172187e-05 -3.029546e-04 -7.354887e-05))
2.13          	((3.801966e-02 1.175300e-02 -1.628599e+01) (-6.820889e-04 6.651207e-05 6.810244e-03)) ((-3.037490e-03 1.494768e-01 -2.582692e-03) (2.120634e-05 -2.920236e-04 -7.345649e-05))
2.135         	((3.839948e-02 1.107823e-02 -1.653596e+01) (-6.769532e-04 6.741262e-05 5.887204e-03)) ((-2.967600e-03 1.513127e-01 -2.249262e-03) (2.067055e-05 -2.810961e-04 -7.347714e-05))
2.14          	((3.759836e-02 1.168470e-02 -1.678029e+01) (-6.725677e-04 6.872887e-05 4.963163e-03)) ((-2.964240e-03 1.532431e-01 -2.070402e-03) (1.999788e-05 -2.701216e-04 -7.356526e-05))
2.145         	((3.804785e-02 1.177408e-02 -1.701109e+01) (-6.683045e-04 7.082211e-05 4.038573e-03)) ((-2.621764e-03 1.549452e-01 -1.864103e-03) (1.923355e-05 -2.590940e-04 -7.368087e-05))
2.15          	((3.859010e-02 1.282779e-02 -1.723566e+01) (-6.647171e-04 7.215936e-05 3.113419e-03)) ((-2.548534e-03 1.565099e-01 -1.691094e-03) (1.860537e-05 -2.480029e-04 -7.380031e-05))
2.155         	((3.841314e-02 1.291972e-02 -1.745126e+01) (-6.606731e-04 7.371956e-05 2.188624e-03)) ((-2.839639e-03 1.581427e-01 -1.603170e-03) (1.805934e-05 -2.369367e-04 -7.397615e-05))
2.16          	((3.859649e-02 1.157470e-02 -1.765770e+01) (-6.571476e-04 7.570293e-05 1.264702e-03)) ((-2.933982e-03 1.600232e-01 -1.614299e-03) (1.748455e-05 -2.258615e-04 -7.405282e-05))
2.165         	((3.774968e-02 9.330317e-03 -1.786162e+01) (-6.541533e-04 7.776497e-05 3.416619e-04)) ((-2.808881e-03 1.616032e-01 -1.678831e-03) (1.691185e-05 -2.147888e-04 -7.413541e-05))
2.17          	((3.686858e-02 1.083843e-02 -1.805221e+01) (-6.517625e-04 8.027401e-05 -5.796197e-04)) ((-3.141255e-03 1.630828e-01 -1.206276e-03) (1.623474e-05 -2.036926e-04 -7.435066e-05))
2.175         	((3.610442e-02 1.159917e-02 -1.822847e+01) (-6.498784e-04 8.289800e-05 -1.499087e-03)) ((-3.191235e-03 1.643635e-01 -8.716074e-04) (1.549050e-05 -1.926460e-04 -7.454556e-05))
2.18          	((3.528715e-02 1.182802e-02 -1.840455e+01) (-6.483134e-04 8.547308e-05 -2.416392e-03)) ((-2.875291e-03 1.653831e-01 -5.872445e-04) (1.472339e-05 -1.817027e-04 -7.472175e-05))
2.185         	((3.430623e-02 1.174116e-02 -1.856415e+01) (-6.467685e-04 8.753157e-05 -3.330921e-03)) ((-2.500441e-03 1.666604e-01 -4.386942e-04) (1.401208e-05 -1.708497e-04 -7.495041e-05))
2.19          	((3.404236e-02 1.413030e-02 -1.872508e+01) (-6.461312e-04 8.930672e-05 -4.242354e-03)) ((-2.985698e-03 1.678510e-01 -3.099733e-04) (1.333145e-05 -1.600999e-04 -7.527070e-05))
2.195         	((3.633782e-02 1.275006e-02 -1.887616e+01) (-6.458931e-04 9.140240e-05 -5.150658e-03)) ((-2.771900e-03 1.691261e-01 -2.025625e-04) (1.273911e-05 -1.494614e-04 -7.547068e-05))
2.2           	((3.491729e-02 1.218881e-02 -1.901020e+01) (-6.464353e-04 9.289369e-05 -6.055745e-03)) ((-2.628407e-03 1.702167e-01 -1.826798e-04) (1.216036e-05 -1.389874e-04 -7.561711e-05))
2.205         	((3.334595e-02 1.418900e-02 -1.913560e+01) (-6.467674e-04 9.444261e-05 -6.958835e-03)) ((-2.700210e-03 1.708062e-01 1.701848e-04) (1.163335e-05 -1.284835e-04 -7.567210e-05))
2.21          	((3.228659e-02 1.412043e-02 -1.924985e+01) (-6.480600e-04 9.596906e-05 -7.859348e-03)) ((-2.632758e-03 1.715877e-01 6.652623e-04) (1.113387e-05 -1.180590e-04 -7.583021e-05))
2.215         	((2.930642e-02 1.428342e-02 -1.936125e+01) (-6.498798e-04 9.786018e-05 -8.756786e-03)) ((-2.597909e-03 1.720651e-01 7.320242e-04) (1.064685e-05 -1.077012e-04 -7.612085e-05))
2.22          	((2.944393e-02 1.230259e-02 -1.945639e+01) (-6.520622e-04 9.910785e-05 -9.650000e-03)) ((-2.703056e-03 1.724505e-01 8.988185e-04) (1.018453e-05 -9.740442e-05 -7.648848e-05))
2.225         	((2.969230e-02 1.204134e-02 -1.955090e+01) (-6.543874e-04 9.987919e-05 -1.053958e-02)) ((-2.667658e-03 1.733592e-01 9.902209e-04) (9.867048e-06 -8.714706e-05 -7.677622e-05))
2.23          	((2.919970e-02 1.238140e-02 -1.964983e+01) (-6.567864e-04 1.012017e-04 -1.142571e-02)) ((-3.188160e-03 1.739499e-01 8.443733e-04) (9.585749e-06 -7.693518e-05 -7.699212e-05))
2.235         	((2.793230e-02 1.332882e-02 -1.973249e+01) (-6.598106e-04 1.023162e-04 -1.230760e-02)) ((-2.238826e-03 1.744994e-01 1.220689e-03) (9.379596e-06 -6.679333e-05 -7.731468e-05))
2.24          	((2.869172e-02 1.318131e-02 -1.981242e+01) (-6.628509e-04 1.029299e-04 -1.318633e-02)) ((-2.265098e-03 1.745486e-01 9.149259e-04) (9.204350e-06 -5.665433e-05 -7.748362e-05))
2.245         	((2.630008e-02 1.378712e-02 -1.987868e+01) (-6.658692e-04 1.030783e-04 -1.406142e-02)) ((-2.973264e-03 1.750910e-01 1.799769e-03) (9.035430e-06 -4.655881e-05 -7.764441e-05))
2.25          	((2.648435e-02 1.375359e-02 -1.999423e+01) (-6.694925e-04 1.029127e-04 -1.493483e-02)) ((-2.876241e-03 1.751469e-01 1.932568e-03) (8.988211e-06 -3.661960e-05 -7.798569e-05))
2.255         	((2.366294e-02 1.287484e-02 -2.012156e+01) (-6.732473e-04 1.027367e-04 -1.580698e-02)) ((-3.442409e-03 1.769394e-01 2.177633e-03) (8.864195e-06 -2.665630e-05 -7.846388e-05))
2.26          	((2.325863e-02 1.479432e-02 -1.976556e+01) (-6.766985e-04 1.019119e-04 -1.665912e-02)) ((-3.542609e-03 1.730418e-01 2.136801e-03) (8.803687e-06 -1.685515e-05 -7.896143e-05))
2.265         	((2.217174e-02 1.133432e-02 -2.015736e+01) (-6.798271e-04 1.006622e-04 -1.751257e-02)) ((-3.137727e-03 1.752049e-01 2.450896e-03) (8.659274e-06 -6.945317e-06 -7.952384e-05))
2.27          	((2.252065e-02 1.419162e-02 -2.018605e+01) (-6.831413e-04 9.856578e-05 -1.836304e-02)) ((-3.277610e-03 1.761964e-01 3.046763e-03) (8.544452e-06 2.960163e-06 -8.021079e-05))
2.275         	((2.282190e-02 1.408210e-02 -2.022610e+01) (-6.863637e-04 9.653427e-05 -1.920895e-02)) ((-2.933856e-03 1.752432e-01 3.173466e-03) (8.312340e-06 1.277626e-05 -8.094708e-05))
2.28          	((2.163581e-02 1.465053e-02 -2.024787e+01) (-6.905475e-04 9.478346e-05 -2.005043e-02)) ((-2.962653e-03 1.751877e-01 3.260382e-03) (8.114379e-06 2.252951e-05 -8.155785e-05))
2.285         	((2.263714e-02 1.374570e-02 -2.025495e+01) (-6.943288e-04 9.330455e-05 -2.088591e-02)) ((-3.336138e-03 1.747843e-01 3.481409e-03) (7.829919e-06 3.223295e-05 -8.197592e-05))
2.29          	((2.214667e-02 1.241882e-02 -2.025779e+01) (-6.983109e-04 9.214117e-05 -2.171737e-02)) ((-3.128680e-03 1.743565e-01 3.669997e-03) (7.495644e-06 4.198905e-05 -8.236692e-05))
2.295         	((2.040828e-02 1.171615e-02 -2.025006e+01) (-7.020113e-04 9.087003e-05 -2.254362e-02)) ((-3.301071e-03 1.736761e-01 3.868527e-03) (7.222711e-06 5.174080e-05 -8.274295e-05))
2.3           	((1.868047e-02 1.215831e-02 -2.022673e+01) (-7.059287e-04 8.940592e-05 -2.336450e-02)) ((-3.391593e-03 1.726429e-01 4.026285e-03) (7.106993e-06 6.141927e-05 -8.307535e-05))
2.305         	((1.745438e-02 1.326488e-02 -2.020278e+01) (-7.093136e-04 8.830919e-05 -2.417958e-02)) ((-3.400606e-03 1.720122e-01 4.199829e-03) (7.075092e-06 7.119679e-05 -8.336107e-05))
2.31          	((1.824355e-02 1.256660e-02 -2.017241e+01) (-7.123466e-04 8.752247e-05 -2.498848e-02)) ((-3.116114e-03 1.712708e-01 4.413441e-03) (7.018956e-06 8.096995e-05 -8.368573e-05))
2.315         	((2.066303e-02 1.159095e-02 -2.014195e+01) (-7.153811e-04 8.653151e-05 -2.579164e-02)) ((-3.021512e-03 1.705798e-01 4.698615e-03) (7.101753e-06 9.075795e-05 -8.406978e-05))
2.32          	((1.968064e-02 1.069779e-02 -2.010425e+01) (-7.177932e-04 8.542947e-05 -2.658758e-02)) ((-3.169758e-03 1.691880e-01 4.850767e-03) (7.250036e-06 1.006958e-04 -8.453589e-05))
2.325         	((1.957106e-02 1.113048e-02 -2.006096e+01) (-7.197629e-04 8.445616e-05 -2.737567e-02)) ((-3.068240e-03 1.680313e-01 5.004967e-03) (7.477878e-06 1.105387e-04 -8.505511e-05))
2.33          	((1.793805e-02 1.203897e-02 -2.000369e+01) (-7.221283e-04 8.360873e-05 -2.815554e-02)) ((-3.159391e-03 1.668002e-01 5.141451e-03) (7.640986e-06 1.203720e-04 -8.550782e-05))
2.335         	((1.660461e-02 1.132196e-02 -1.993723e+01) (-7.243992e-04 8.234261e-05 -2.892663e-02)) ((-3.215977e-03 1.657534e-01 5.402367e-03) (7.963583e-06 1.302408e-04 -8.606634e-05))
2.34          	((1.613327e-02 1.141165e-02 -1.986457e+01) (-7.259260e-04 8.103207e-05 -2.969062e-02)) ((-3.430526e-03 1.644584e-01 5.625206e-03) (8.296288e-06 1.402201e-04 -8.662362e-05))
2.345         	((1.700677e-02 9.684372e-03 -1.978281e+01) (-7.272273e-04 7.957841e-05 -3.044496e-02)) ((-3.403988e-03 1.631941e-01 5.855241e-03) (8.599987e-06 1.502018e-04 -8.735541e-05))
2.35          	((1.785684e-02 1.017116e-02 -1.969762e+01) (-7.285348e-04 7.852950e-05 -3.119000e-02)) ((-3.349830e-03 1.618439e-01 6.014751e-03) (8.818471e-06 1.602494e-04 -8.814739e-05))
2.355         	((1.837039e-02 9.501461e-03 -1.960457e+01) (-7.293021e-04 7.713931e-05 -3.192525e-02)) ((-3.318133e-03 1.604648e-01 6.300047e-03) (9.175349e-06 1.702867e-04 -8.898845e-05))
2.36          	((1.825648e-02 9.535051e-03 -1.950366e+01) (-7.297261e-04 7.575257e-05 -3.265038e-02)) ((-3.300282e-03 1.588586e-01 6.450128e-03) (9.595427e-06 1.803210e-04 -8.985668e-05))
2.365         	((1.789990e-02 1.033062e-02 -1.939677e+01) (-7.294912e-04 7.417788e-05 -3.336561e-02)) ((-3.424514e-03 1.572403e-01 6.684064e-03) (9.933522e-06 1.904848e-04 -9.067445e-05))
2.37          	((1.881490e-02 1.084255e-02 -1.928131e+01) (-7.285585e-04 7.287458e-05 -3.407058e-02)) ((-3.401855e-03 1.556720e-01 6.887484e-03) (1.027518e-05 2.006785e-04 -9.136186e-05))
2.375         	((1.992598e-02 1.069724e-02 -1.916005e+01) (-7.270173e-04 7.170700e-05 -3.476400e-02)) ((-3.437771e-03 1.540045e-01 7.058315e-03) (1.050367e-05 2.109111e-04 -9.209492e-05))
2.38          	((2.035807e-02 9.743254e-03 -1.903015e+01) (-7.252299e-04 7.064698e-05 -3.544506e-02)) ((-3.271340e-03 1.523298e-01 7.277381e-03) (1.094483e-05 2.211406e-04 -9.272020e-05))
2.385         	((2.006259e-02 9.331077e-03 -1.889195e+01) (-7.232500e-04 6.906424e-05 -3.611360e-02)) ((-3.247021e-03 1.504415e-01 7.481749e-03) (1.116454e-05 2.314427e-04 -9.338560e-05))
2.39          	((2.060231e-02 9.206327e-03 -1.874781e+01) (-7.202959e-04 6.747864e-05 -3.676965e-02)) ((-3.180572e-03 1.484363e-01 7.614987e-03) (1.141388e-05 2.416894e-04 -9.415618e-05))
2.395         	((2.128135e-02 9.081917e-03 -1.859578e+01) (-7.171283e-04 6.525139e-05 -3.741143e-02)) ((-3.226935e-03 1.464618e-01 7.755784e-03) (1.161820e-05 2.519695e-04 -9.490382e-05))
2.4           	((2.164893e-02 9.711429e-03 -1.843693e+01) (-7.136995e-04 6.271622e-05 -3.803977e-02)) ((-3.077561e-03 1.444294e-01 7.892505e-03) (1.207186e-05 2.622222e-04 -9.576472e-05))
2.405         	((2.276802e-02 1.015958e-02 -1.826865e+01) (-7.095207e-04 6.053624e-05 -3.865263e-02)) ((-3.074581e-03 1.423665e-01 7.964729e-03) (1.221774e-05 2.725706e-04 -9.648814e-05))
2.41          	((2.378406e-02 9.892206e-03 -1.809367e+01) (-7.048869e-04 5.823806e-05 -3.925123e-02)) ((-3.068053e-03 1.402579e-01 8.168439e-03) (1.253156e-05 2.828857e-04 -9.712897e-05))
2.415         	((2.466022e-02 8.917745e-03 -1.791028e+01) (-7.004917e-04 5.630324e-05 -3.983460e-02)) ((-2.919156e-03 1.380079e-01 8.377042e-03) (1.277049e-05 2.931672e-04 -9.776108e-05))
2.42          	((2.566041e-02 8.414716e-03 -1.771705e+01) (-6.957486e-04 5.433481e-05 -4.040256e-02)) ((-2.811462e-03 1.357348e-01 8.511280e-03) (1.323093e-05 3.034898e-04 -9.843222e-05))
2.425         	((2.684421e-02 8.881338e-03 -1.751857e+01) (-6.905736e-04 5.229457e-05 -4.095349e-02)) ((-2.785278e-03 1.334133e-01 8.601667e-03) (1.351892e-05 3.137799e-04 -9.901270e-05))
2.43          	((2.833677e-02 8.684601e-03 -1.731064e+01) (-6.850700e-04 5.049363e-05 -4.148973e-02)) ((-2.854506e-03 1.311245e-01 8.783689e-03) (1.378728e-05 3.241734e-04 -9.957209e-05))
2.435         	((2.933243e-02 9.470667e-03 -1.709458e+01) (-6.798436e-04 4.847338e-05 -4.200837e-02)) ((-2.806894e-03 1.286780e-01 8.918897e-03) (1.395930e-05 3.343910e-04 -1.002112e-04))
2.44          	((3.093758e-02 8.829517e-03 -1.687036e+01) (-6.743722e-04 4.703377e-05 -4.251023e-02)) ((-2.731941e-03 1.261738e-01 9.046083e-03) (1.406536e-05 3.445547e-04 -1.007951e-04))
2.445         	((3.216318e-02 7.824097e-03 -1.663903e+01) (-6.679790e-04 4.535073e-05 -4.299371e-02)) ((-2.647296e-03 1.236555e-01 9.212826e-03) (1.437190e-05 3.544517e-04 -1.013194e-04))
2.45          	((3.364140e-02 7.580107e-03 -1.640001e+01) (-6.609954e-04 4.422590e-05 -4.345989e-02)) ((-2.540565e-03 1.210053e-01 9.392058e-03) (1.452372e-05 3.645120e-04 -1.019281e-04))
2.455         	((3.541551e-02 7.772037e-03 -1.615369e+01) (-6.536645e-04 4.309868e-05 -4.390702e-02)) ((-2.547780e-03 1.183995e-01 9.458198e-03) (1.448681e-05 3.745348e-04 -1.025404e-04))
2.46          	((3.667958e-02 7.995974e-03 -1.589935e+01) (-6.457501e-04 4.145314e-05 -4.433548e-02)) ((-2.578590e-03 1.158723e-01 9.466478e-03) (1.436973e-05 3.842873e-04 -1.031188e-04))
2.465         	((3.778534e-02 8.018165e-03 -1.563765e+01) (-6.376315e-04 3.952192e-05 -4.474496e-02)) ((-2.496965e-03 1.131960e-01 9.603203e-03) (1.453956e-05 3.938169e-04 -1.037069e-04))
2.47          	((3.882499e-02 6.983847e-03 -1.536828e+01) (-6.282413e-04 3.775729e-05 -4.513309e-02)) ((-2.309648e-03 1.105441e-01 9.660104e-03) (1.456918e-05 4.033777e-04 -1.043983e-04))
2.475         	((4.018963e-02 6.977528e-03 -1.509354e+01) (-6.180741e-04 3.597789e-05 -4.550320e-02)) ((-2.146702e-03 1.077526e-01 9.708666e-03) (1.477757e-05 4.128877e-04 -1.050938e-04))
2.48          	((4.172859e-02 6.292355e-03 -1.480955e+01) (-6.077414e-04 3.409352e-05 -4.585147e-02)) ((-2.022488e-03 1.050910e-01 9.801617e-03) (1.493884e-05 4.219319e-04 -1.057952e-04))
2.485         	((4.349688e-02 5.664446e-03 -1.451767e+01) (-5.975120e-04 3.256997e-05 -4.618079e-02)) ((-1.858756e-03 1.023692e-01 9.869069e-03) (1.510427e-05 4.308401e-04 -1.065738e-04))
2.49          	((4.531748e-02 5.650918e-03 -1.421734e+01) (-5.872709e-04 3.056324e-05 -4.648695e-02)) ((-1.959267e-03 9.980451e-02 9.860384e-03) (1.498397e-05 4.395548e-04 -1.074040e-04))
2.495         	((4.632449e-02 6.142466e-03 -1.391108e+01) (-5.766276e-04 2.890597e-05 -4.677344e-02)) ((-1.833929e-03 9.703042e-02 9.967203e-03) (1.486350e-05 4.480423e-04 -1.082940e-04))
2.5           	((4.800286e-02 5.409613e-03 -1.359827e+01) (-5.655483e-04 2.702896e-05 -4.703715e-02)) ((-1.680853e-03 9.408512e-02 9.971687e-03) (1.484476e-05 4.563651e-04 -1.093218e-04))
2.505         	((4.909266e-02 5.335948e-03 -1.327779e+01) (-5.541648e-04 2.476249e-05 -4.727985e-02)) ((-1.533810e-03 9.122985e-02 9.948586e-03) (1.478423e-05 4.645448e-04 -1.103687e-04))
2.51          	((5.023749e-02 5.834299e-03 -1.295019e+01) (-5.424910e-04 2.230514e-05 -4.749920e-02)) ((-1.420213e-03 8.832115e-02 9.867415e-03) (1.483121e-05 4.722891e-04 -1.114709e-04))
2.515         	((5.183644e-02 5.037770e-03 -1.261680e+01) (-5.301730e-04 2.032174e-05 -4.769504e-02)) ((-1.286499e-03 8.533962e-02 9.931892e-03) (1.473204e-05 4.800111e-04 -1.127371e-04))
2.52          	((5.235929e-02 4.387027e-03 -1.227687e+01) (-5.172803e-04 1.836054e-05 -4.786854e-02)) ((-1.246565e-03 8.236212e-02 1.003411e-02) (1.428984e-05 4.875757e-04 -1.139087e-04))
2.525         	((5.288534e-02 4.447930e-03 -1.193012e+01) (-5.039670e-04 1.639408e-05 -4.801983e-02)) ((-1.101518e-03 7.927644e-02 1.002715e-02) (1.383558e-05 4.948393e-04 -1.151142e-04))
2.53          	((5.360830e-02 4.958816e-03 -1.157648e+01) (-4.898703e-04 1.395047e-05 -4.814697e-02)) ((-9.928826e-04 7.626056e-02 1.000242e-02) (1.345847e-05 5.016334e-04 -1.163501e-04))
2.535         	((5.410713e-02 4.615189e-03 -1.121770e+01) (-4.744712e-04 1.231139e-05 -4.825187e-02)) ((-8.652135e-04 7.326265e-02 9.943666e-03) (1.334469e-05 5.083694e-04 -1.175785e-04))
2.54          	((5.481871e-02 4.120647e-03 -1.085285e+01) (-4.593380e-04 1.053879e-05 -4.833148e-02)) ((-8.169224e-04 7.033549e-02 9.988245e-03) (1.287933e-05 5.146001e-04 -1.188613e-04))
2.545         	((5.545706e-02 4.703364e-03 -1.048200e+01) (-4.436935e-04 9.799104e-06 -4.838480e-02)) ((-8.574519e-04 6.721301e-02 1.001373e-02) (1.217745e-05 5.207531e-04 -1.202576e-04))
2.55          	((5.589305e-02 4.883132e-03 -1.010516e+01) (-4.266612e-04 8.433889e-06 -4.841588e-02)) ((-7.601550e-04 6.405615e-02 9.990250e-03) (1.152198e-05 5.266279e-04 -1.216458e-04))
2.555         	((5.635434e-02 4.067909e-03 -9.724272e+00) (-4.089004e-04 6.964556e-06 -4.842369e-02)) ((-5.640164e-04 6.093227e-02 1.003447e-02) (1.096840e-05 5.321021e-04 -1.230707e-04))
2.56          	((5.747829e-02 3.597909e-03 -9.336487e+00) (-3.910101e-04 6.381046e-06 -4.840688e-02)) ((-5.015028e-04 5.781110e-02 1.006759e-02) (1.036885e-05 5.373345e-04 -1.245952e-04))
2.565         	((5.780692e-02 2.928225e-03 -8.942144e+00) (-3.727556e-04 5.061379e-06 -4.836470e-02)) ((-2.931383e-04 5.462205e-02 1.004624e-02) (9.373105e-06 5.423121e-04 -1.260662e-04))
2.57          	((5.803538e-02 2.646151e-03 -8.544170e+00) (-3.544841e-04 3.948839e-06 -4.829861e-02)) ((-1.849231e-04 5.134646e-02 1.003360e-02) (8.658745e-06 5.467393e-04 -1.274756e-04))
2.575         	((5.835224e-02 2.944536e-03 -8.141114e+00) (-3.359806e-04 2.803685e-06 -4.820798e-02)) ((-8.810741e-05 4.816062e-02 9.999179e-03) (7.797254e-06 5.509492e-04 -1.288111e-04))
2.58          	((5.820490e-02 2.486348e-03 -7.733240e+00) (-3.177945e-04 1.900223e-06 -4.809546e-02)) ((-3.156618e-05 4.489001e-02 9.969302e-03) (7.089950e-06 5.545979e-04 -1.300649e-04))
2.585         	((5.776069e-02 1.634471e-03 -7.320994e+00) (-2.996080e-04 8.903429e-07 -4.795919e-02)) ((1.202740e-04 4.153635e-02 9.943733e-03) (6.381405e-06 5.581560e-04 -1.313028e-04))
2.59          	((5.771927e-02 9.250526e-04 -6.903894e+00) (-2.804245e-04 1.336199e-07 -4.779698e-02)) ((3.986260e-04 3.822988e-02 9.969592e-03) (5.591203e-06 5.611601e-04 -1.324403e-04))
2.595         	((5.763557e-02 2.688242e-05 -6.482504e+00) (-2.610266e-04 -6.288489e-07 -4.761206e-02)) ((5.095881e-04 3.493196e-02 1.000049e-02) (4.812770e-06 5.638527e-04 -1.335549e-04))
2.6           	((5.779814e-02 -3.618528e-04 -6.056589e+00) (-2.417178e-04 -1.392315e-06 -4.740461e-02)) ((5.993346e-04 3.158084e-02 9.883088e-03) (4.094977e-06 5.662127e-04 -1.344473e-04))
2.605         	((5.738098e-02 2.162639e-05 -5.628204e+00) (-2.220410e-04 -2.325071e-06 -4.717267e-02)) ((6.550565e-04 2.819898e-02 9.829828e-03) (3.456283e-06 5.680277e-04 -1.353466e-04))
2.61          	((5.706341e-02 1.177569e-04 -5.196113e+00) (-2.025978e-04 -3.666998e-06 -4.691727e-02)) ((6.990028e-04 2.481227e-02 9.740092e-03) (2.847490e-06 5.694989e-04 -1.364102e-04))
2.615         	((5.664292e-02 -5.040579e-04 -4.759850e+00) (-1.832570e-04 -4.677727e-06 -4.663961e-02)) ((8.554761e-04 2.133541e-02 9.680274e-03) (2.258833e-06 5.706574e-04 -1.373743e-04))
2.62          	((5.537238e-02 -1.573617e-03 -4.321300e+00) (-1.635612e-04 -5.868922e-06 -4.633836e-02)) ((1.084162e-03 1.787203e-02 9.554280e-03) (1.716929e-06 5.713126e-04 -1.383444e-04))
2.625         	((5.459852e-02 -1.484317e-03 -3.880437e+00) (-1.442764e-04 -6.403459e-06 -4.601539e-02)) ((1.254442e-03 1.445888e-02 9.406962e-03) (1.201160e-06 5.717787e-04 -1.392908e-04))
2.63          	((5.348378e-02 -1.965054e-03 -3.437909e+00) (-1.251858e-04 -7.013274e-06 -4.567004e-02)) ((1.438261e-03 1.085925e-02 9.313081e-03) (7.192872e-07 5.717171e-04 -1.402242e-04))
2.635         	((5.230979e-02 -2.427795e-03 -2.991100e+00) (-1.061155e-04 -7.619895e-06 -4.530277e-02)) ((1.429435e-03 7.330299e-03 9.205694e-03) (3.667173e-07 5.712455e-04 -1.410679e-04))
2.64          	((5.120136e-02 -3.118781e-03 -2.543512e+00) (-8.748188e-05 -7.452213e-06 -4.491384e-02)) ((1.568471e-03 3.851953e-03 9.098144e-03) (1.090880e-07 5.705900e-04 -1.418784e-04))
2.645         	((5.019203e-02 -2.690502e-03 -2.095913e+00) (-6.941596e-05 -7.240717e-06 -4.450262e-02)) ((1.619574e-03 3.798232e-04 9.051209e-03) (-2.864795e-07 5.694059e-04 -1.426893e-04))
2.65          	((4.869358e-02 -2.333760e-03 -1.645760e+00) (-5.150043e-05 -7.340900e-06 -4.406979e-02)) ((1.593336e-03 -3.193378e-03 8.972644e-03) (-6.302608e-07 5.677240e-04 -1.434982e-04))
2.655         	((4.751720e-02 -2.569806e-03 -1.194874e+00) (-3.383728e-05 -7.802140e-06 -4.361649e-02)) ((1.703998e-03 -6.666279e-03 8.836026e-03) (-1.037882e-06 5.659479e-04 -1.442456e-04))
2.66          	((4.645457e-02 -3.131252e-03 -7.414363e-01) (-1.610479e-05 -8.360509e-06 -4.314212e-02)) ((1.935255e-03 -1.018273e-02 8.644002e-03) (-1.534929e-06 5.636016e-04 -1.448597e-04))
2.665         	((4.520040e-02 -3.762916e-03 -2.883468e-01) (4.638440e-07 -8.963477e-06 -4.264630e-02)) ((2.075063e-03 -1.368232e-02 8.531689e-03) (-1.903072e-06 5.609970e-04 -1.455067e-04))
2.67          	((4.360173e-02 -4.753030e-03 1.664542e-01) (1.694612e-05 -9.264280e-06 -4.213165e-02)) ((2.182918e-03 -1.719380e-02 8.371482e-03) (-2.219847e-06 5.581057e-04 -1.460013e-04))
2.675         	((4.223337e-02 -5.185883e-03 6.211514e-01) (3.301931e-05 -9.336410e-06 -4.159719e-02)) ((2.286786e-03 -2.079619e-02 8.311085e-03) (-2.599997e-06 5.547711e-04 -1.465082e-04))
2.68          	((4.059237e-02 -5.082263e-03 1.074013e+00) (4.871079e-05 -9.734197e-06 -4.104358e-02)) ((2.473051e-03 -2.427491e-02 8.149523e-03) (-2.902016e-06 5.509250e-04 -1.469880e-04))
2.685         	((3.896323e-02 -4.819593e-03 1.527136e+00) (6.403339e-05 -1.010756e-05 -4.047062e-02)) ((2.417813e-03 -2.773681e-02 8.052345e-03) (-3.091233e-06 5.467666e-04 -1.474886e-04))
2.69          	((3.793311e-02 -5.864032e-03 1.978479e+00) (7.840671e-05 -1.037585e-05 -3.987931e-02)) ((2.427645e-03 -3.129491e-02 7.825831e-03) (-3.486426e-06 5.422515e-04 -1.479951e-04))
2.695         	((3.635533e-02 -6.080734e-03 2.430092e+00) (9.191567e-05 -1.081906e-05 -3.927065e-02)) ((2.532214e-03 -3.475587e-02 7.633073e-03) (-3.618194e-06 5.374028e-04 -1.483847e-04))
2.7           	((3.485178e-02 -5.934315e-03 2.879864e+00) (1.044056e-04 -1.064773e-05 -3.864461e-02)) ((2.740087e-03 -3.816736e-02 7.526305e-03) (-3.747592e-06 5.322485e-04 -1.486900e-04))
2.705         	((3.251327e-02 -6.864783e-03 3.326405e+00) (1.165859e-04 -1.022866e-05 -3.800070e-02)) ((2.899942e-03 -4.175083e-02 7.371013e-03) (-3.893486e-06 5.267345e-04 -1.490033e-04))
2.71          	((3.044554e-02 -7.870195e-03 3.771422e+00) (1.288153e-04 -9.037787e-06 -3.734066e-02)) ((2.990942e-03 -4.527681e-02 7.170687e-03) (-3.982897e-06 5.209670e-04 -1.491452e-04))
2.715         	((2.868075e-02 -7.710629e-03 4.215050e+00) (1.398054e-04 -7.618499e-06 -3.666389e-02)) ((2.936074e-03 -4.858897e-02 6.934031e-03) (-4.123356e-06 5.147511e-04 -1.492651e-04))
2.72          	((2.691851e-02 -7.961596e-03 4.656581e+00) (1.503886e-04 -5.867831e-06 -3.597133e-02)) ((2.908623e-03 -5.204389e-02 6.838570e-03) (-4.188323e-06 5.083631e-04 -1.493426e-04))
2.725         	((2.494658e-02 -8.334756e-03 5.096797e+00) (1.603932e-04 -4.465593e-06 -3.526341e-02)) ((2.944390e-03 -5.529140e-02 6.690137e-03) (-4.044254e-06 5.015160e-04 -1.493063e-04))
2.73          	((2.314740e-02 -8.844076e-03 5.532523e+00) (1.699281e-04 -2.935550e-06 -3.454057e-02)) ((3.079704e-03 -5.854962e-02 6.506274e-03) (-4.067266e-06 4.944253e-04 -1.492296e-04))
2.735         	((2.126053e-02 -9.204189e-03 5.966766e+00) (1.789100e-04 -1.325724e-06 -3.380297e-02)) ((3.216626e-03 -6.199605e-02 6.240900e-03) (-3.922524e-06 4.869948e-04 -1.490370e-04))
2.74          	((1.978084e-02 -9.609634e-03 6.398187e+00) (1.869715e-04 7.416191e-07 -3.305113e-02)) ((3.307287e-03 -6.534997e-02 6.047629e-03) (-3.933036e-06 4.793077e-04 -1.487978e-04))
2.745         	((1.782408e-02 -9.821784e-03 6.824715e+00) (1.943595e-04 2.967470e-06 -3.228549e-02)) ((3.502989e-03 -6.867373e-02 5.844200e-03) (-3.953424e-06 4.713511e-04 -1.484788e-04))
2.75          	((1.622267e-02 -9.923218e-03 7.248217e+00) (2.011144e-04 4.967456e-06 -3.150680e-02)) ((3.427859e-03 -7.193745e-02 5.608723e-03) (-3.804111e-06 4.631791e-04 -1.481711e-04))
2.755         	((1.486982e-02 -1.051558e-02 7.666203e+00) (2.070942e-04 7.215821e-06 -3.071549e-02)) ((3.622191e-03 -7.509570e-02 5.522977e-03) (-3.769456e-06 4.547009e-04 -1.477905e-04))
2.76          	((1.346213e-02 -1.034837e-02 8.080132e+00) (2.122858e-04 9.327288e-06 -2.991272e-02)) ((3.753859e-03 -7.830787e-02 5.331961e-03) (-3.762036e-06 4.459655e-04 -1.475236e-04))
2.765         	((1.156670e-02 -1.070275e-02 8.490995e+00) (2.168709e-04 1.205330e-05 -2.909809e-02)) ((3.869128e-03 -8.142252e-02 5.145182e-03) (-3.850130e-06 4.369520e-04 -1.472012e-04))
2.77          	((1.033299e-02 -1.129979e-02 8.897962e+00) (2.204157e-04 1.431863e-05 -2.827278e-02)) ((3.953927e-03 -8.467744e-02 4.984648e-03) (-3.904852e-06 4.277274e-04 -1.469041e-04))
2.775         	((8.973164e-03 -1.002146e-02 9.298752e+00) (2.232945e-04 1.662502e-05 -2.743698e-02)) ((3.824742e-03 -8.799114e-02 4.857668e-03) (-4.049650e-06 4.182895e-04 -1.465696e-04))
2.78          	((7.335773e-03 -9.508827e-03 9.695175e+00) (2.244416e-04 1.835632e-05 -2.659097e-02)) ((3.771176e-03 -9.110983e-02 4.773150e-03) (-4.192913e-06 4.087038e-04 -1.462963e-04))
2.785         	((5.519884e-03 -9.517044e-03 1.008500e+01) (2.252371e-04 2.005734e-05 -2.573582e-02)) ((4.080396e-03 -9.423041e-02 4.527337e-03) (-4.363351e-06 3.990700e-04 -1.460270e-04))
2.79          	((3.970860e-03 -9.378451e-03 1.047031e+01) (2.247975e-04 2.194025e-05 -2.487130e-02)) ((4.160348e-03 -9.715236e-02 4.340845e-03) (-4.570404e-06 3.892648e-04 -1.457295e-04))
2.795         	((2.343923e-03 -9.523737e-03 1.084985e+01) (2.232532e-04 2.405091e-05 -2.399764e-02)) ((4.144412e-03 -1.001885e-01 4.200747e-03) (-4.867003e-06 3.791982e-04 -1.453852e-04))
2.8           	((7.682975e-04 -9.411197e-03 1.122532e+01) (2.206152e-04 2.632370e-05 -2.311633e-02)) ((4.112810e-03 -1.031732e-01 4.029022e-03) (-5.294256e-06 3.689369e-04 -1.451074e-04))
2.805         	((-1.078705e-03 -1.044506e-02 1.159273e+01) (2.169974e-04 2.872698e-05 -2.222736e-02)) ((4.146850e-03 -1.060113e-01 3.844457e-03) (-5.707967e-06 3.585312e-04 -1.447780e-04))
2.81          	((-2.604135e-03 -1.049451e-02 1.195211e+01) (2.126167e-04 3.112235e-05 -2.133143e-02)) ((4.150749e-03 -1.086509e-01 3.893523e-03) (-6.186338e-06 3.479977e-04 -1.444788e-04))
2.815         	((-3.657404e-03 -1.079611e-02 1.230700e+01) (2.069707e-04 3.366569e-05 -2.042911e-02)) ((4.253484e-03 -1.113074e-01 3.723421e-03) (-6.593188e-06 3.373349e-04 -1.441596e-04))
2.82          	((-5.019236e-03 -9.590554e-03 1.265506e+01) (1.999484e-04 3.607412e-05 -1.952091e-02)) ((4.219088e-03 -1.141275e-01 3.548750e-03) (-6.876838e-06 3.265489e-04 -1.437554e-04))
2.825         	((-6.597292e-03 -9.326381e-03 1.299716e+01) (1.924352e-04 3.846950e-05 -1.860763e-02)) ((4.184147e-03 -1.169770e-01 3.384959e-03) (-7.122296e-06 3.158600e-04 -1.432606e-04))
2.83          	((-8.936714e-03 -8.734733e-03 1.333251e+01) (1.846675e-04 4.063513e-05 -1.768948e-02)) ((4.238470e-03 -1.199382e-01 3.237033e-03) (-7.240260e-06 3.051723e-04 -1.427630e-04))
2.835         	((-1.039234e-02 -9.127703e-03 1.365757e+01) (1.767532e-04 4.242731e-05 -1.676662e-02)) ((4.072133e-03 -1.223938e-01 3.094375e-03) (-7.212644e-06 2.944129e-04 -1.421771e-04))
2.84          	((-1.145113e-02 -9.044458e-03 1.397507e+01) (1.683011e-04 4.402095e-05 -1.584032e-02)) ((4.345380e-03 -1.248452e-01 2.951961e-03) (-7.143324e-06 2.836791e-04 -1.415222e-04))
2.845         	((-1.259377e-02 -8.589148e-03 1.428695e+01) (1.592483e-04 4.572588e-05 -1.491005e-02)) ((4.384975e-03 -1.273294e-01 2.757293e-03) (-7.084101e-06 2.728132e-04 -1.408989e-04))
2.85          	((-1.378688e-02 -7.286327e-03 1.459267e+01) (1.500560e-04 4.745100e-05 -1.397624e-02)) ((4.312272e-03 -1.297896e-01 2.620686e-03) (-7.009383e-06 2.618802e-04 -1.401974e-04))
2.855         	((-1.521118e-02 -7.216701e-03 1.488972e+01) (1.403497e-04 4.891979e-05 -1.303929e-02)) ((4.296893e-03 -1.320880e-01 2.539237e-03) (-6.964308e-06 2.509050e-04 -1.394512e-04))
2.86          	((-1.590873e-02 -6.965492e-03 1.517742e+01) (1.299647e-04 5.054367e-05 -1.209935e-02)) ((4.338534e-03 -1.345913e-01 2.435807e-03) (-6.927736e-06 2.398683e-04 -1.385596e-04))
2.865         	((-1.684453e-02 -6.441645e-03 1.545876e+01) (1.192914e-04 5.167208e-05 -1.115736e-02)) ((4.006155e-03 -1.368832e-01 2.369375e-03) (-6.834164e-06 2.288286e-04 -1.375887e-04))
2.87          	((-1.809374e-02 -7.017929e-03 1.573002e+01) (1.087501e-04 5.317195e-05 -1.021391e-02)) ((4.143101e-03 -1.390449e-01 2.255320e-03) (-6.775191e-06 2.178841e-04 -1.366208e-04))
2.875         	((-1.922014e-02 -5.709320e-03 1.599293e+01) (9.855270e-05 5.484276e-05 -9.269187e-03)) ((4.543770e-03 -1.412403e-01 2.144047e-03) (-6.779637e-06 2.069088e-04 -1.356271e-04))
2.88          	((-2.031392e-02 -5.885911e-03 1.625226e+01) (8.775916e-05 5.639457e-05 -8.323522e-03)) ((4.441506e-03 -1.432829e-01 1.924490e-03) (-6.859108e-06 1.959284e-04 -1.346828e-04))
2.885         	((-2.239517e-02 -5.826811e-03 1.650005e+01) (7.675907e-05 5.792764e-05 -7.376654e-03)) ((4.405367e-03 -1.451582e-01 1.925640e-03) (-6.963570e-06 1.849318e-04 -1.338539e-04))
2.89          	((-2.334071e-02 -4.425869e-03 1.674280e+01) (6.529804e-05 5.918515e-05 -6.428840e-03)) ((4.302896e-03 -1.468518e-01 2.027944e-03) (-6.979430e-06 1.738905e-04 -1.330035e-04))
2.895         	((-2.333949e-02 -3.946619e-03 1.697732e+01) (5.336952e-05 5.978873e-05 -5.480641e-03)) ((4.572406e-03 -1.488212e-01 1.805329e-03) (-6.974614e-06 1.628752e-04 -1.322075e-04))
2.9           	((-2.440836e-02 -6.218384e-03 1.720362e+01) (4.115984e-05 6.047832e-05 -4.532088e-03)) ((4.492482e-03 -1.507367e-01 1.728609e-03) (-6.971487e-06 1.518192e-04 -1.313390e-04))
2.905         	((-2.470995e-02 -5.913679e-03 1.741485e+01) (2.836429e-05 6.168047e-05 -3.584187e-03)) ((4.288372e-03 -1.524018e-01 1.631522e-03) (-7.002471e-06 1.407962e-04 -1.304624e-04))
2.91          	((-2.598092e-02 -4.912073e-03 1.762160e+01) (1.556075e-05 6.254027e-05 -2.637363e-03)) ((3.915493e-03 -1.538709e-01 1.411490e-03) (-6.952489e-06 1.297763e-04 -1.294387e-04))
2.915         	((-2.592803e-02 -5.401887e-03 1.782071e+01) (2.468923e-06 6.346815e-05 -1.692039e-03)) ((4.674490e-03 -1.552510e-01 1.215941e-03) (-6.883056e-06 1.187115e-04 -1.282086e-04))
2.92          	((-2.750447e-02 -4.488475e-03 1.801308e+01) (-1.062866e-05 6.486663e-05 -7.481410e-04)) ((4.589436e-03 -1.567416e-01 1.174787e-03) (-6.864914e-06 1.075506e-04 -1.268870e-04))
2.925         	((-2.941910e-02 -2.823988e-03 1.819609e+01) (-2.405702e-05 6.541158e-05 1.936360e-04)) ((4.480993e-03 -1.581694e-01 1.123629e-03) (-6.804787e-06 9.645036e-05 -1.255702e-04))
2.93          	((-3.078487e-02 -3.657191e-03 1.837167e+01) (-3.809515e-05 6.573031e-05 1.134042e-03)) ((4.112568e-03 -1.594606e-01 9.631768e-04) (-6.766206e-06 8.535251e-05 -1.242460e-04))
2.935         	((-3.211361e-02 -3.070584e-03 1.853541e+01) (-5.219518e-05 6.537873e-05 2.072470e-03)) ((4.066625e-03 -1.612630e-01 8.591350e-04) (-6.800579e-06 7.432983e-05 -1.229262e-04))
2.94          	((-3.235122e-02 -1.929931e-03 1.869231e+01) (-6.599471e-05 6.401624e-05 3.008620e-03)) ((4.099335e-03 -1.624690e-01 6.323212e-04) (-6.832011e-06 6.322383e-05 -1.216901e-04))
2.945         	((-3.145992e-02 -3.338153e-03 1.883969e+01) (-8.052743e-05 6.194138e-05 3.942290e-03)) ((4.542681e-03 -1.637873e-01 6.996287e-04) (-6.899050e-06 5.208919e-05 -1.206053e-04))
2.95          	((-3.446310e-02 -2.502882e-03 1.896767e+01) (-9.463433e-05 5.997406e-05 4.873302e-03)) ((4.152889e-03 -1.650388e-01 8.842715e-04) (-6.959754e-06 4.098427e-05 -1.197182e-04))
2.955         	((-3.565965e-02 -1.847561e-03 1.908638e+01) (-1.084703e-04 5.814923e-05 5.801940e-03)) ((3.873536e-03 -1.656317e-01 8.316201e-04) (-7.155861e-06 2.980780e-05 -1.190489e-04))
2.96          	((-3.537476e-02 -1.837899e-03 1.920443e+01) (-1.224631e-04 5.698395e-05 6.727676e-03)) ((3.902860e-03 -1.663290e-01 8.300273e-04) (-7.320525e-06 1.873075e-05 -1.184524e-04))
2.965         	((-3.714494e-02 -2.169930e-03 1.932047e+01) (-1.360897e-04 5.614785e-05 7.650434e-03)) ((4.035620e-03 -1.673847e-01 7.371990e-04) (-7.595988e-06 7.728709e-06 -1.179503e-04))
2.97          	((-3.767248e-02 -1.806726e-03 1.943258e+01) (-1.504932e-04 5.524299e-05 8.570442e-03)) ((4.235742e-03 -1.682015e-01 6.135404e-04) (-7.865556e-06 -3.267106e-06 -1.173370e-04))
2.975         	((-3.873265e-02 -1.552855e-03 1.953083e+01) (-1.656911e-04 5.472975e-05 9.487144e-03)) ((4.223643e-03 -1.690593e-01 7.449686e-04) (-8.032542e-06 -1.429966e-05 -1.168792e-04))
2.98          	((-3.903767e-02 -1.960971e-03 1.962027e+01) (-1.812258e-04 5.350627e-05 1.040028e-02)) ((4.110241e-03 -1.695883e-01 3.856844e-04) (-8.224181e-06 -2.533440e-05 -1.165725e-04))
2.985         	((-4.105894e-02 -4.667317e-04 1.970068e+01) (-1.965285e-04 5.217193e-05 1.130953e-02)) ((3.804873e-03 -1.698491e-01 3.617291e-04) (-8.483978e-06 -3.619080e-05 -1.162572e-04))
2.99          	((-4.287391e-02 -1.293147e-03 1.977129e+01) (-2.120531e-04 5.125075e-05 1.221550e-02)) ((3.867583e-03 -1.700228e-01 3.802416e-04) (-8.766462e-06 -4.707838e-05 -1.160254e-04))
2.995         	((-4.552888e-02 8.714720e-05 1.981075e+01) (-2.281303e-04 5.039063e-05 1.311758e-02)) ((3.748612e-03 -1.702277e-01 5.188050e-04) (-9.017088e-06 -5.790841e-05 -1.158859e-04))
3             	((-4.959517e-02 6.701675e-04 1.993237e+01) (-2.446161e-04 4.911029e-05 1.401701e-02)) ((3.982359e-03 -1.715006e-01 3.057968e-04) (-9.339098e-06 -6.876627e-05 -1.158438e-04))
3.005         	((-4.122884e-02 4.241858e-04 2.003050e+01) (-2.608617e-04 4.829888e-05 1.491284e-02)) ((3.989272e-03 -1.718774e-01 -1.822781e-04) (-9.626883e-06 -7.962459e-05 -1.158122e-04))
3.01          	((-4.799963e-02 -2.046551e-03 1.973416e+01) (-2.771721e-04 4.727028e-05 1.579058e-02)) ((3.763079e-03 -1.692339e-01 -1.580049e-04) (-1.005166e-05 -9.019311e-05 -1.158267e-04))
3.015         	((-5.091360e-02 -2.553171e-03 2.012918e+01) (-2.933795e-04 4.664645e-05 1.667188e-02)) ((4.436531e-03 -1.721336e-01 -5.037356e-05) (-1.045750e-05 -1.007731e-04 -1.157133e-04))
3.02          	((-4.903266e-02 -2.156022e-03 2.019437e+01) (-3.096738e-04 4.581569e-05 1.755153e-02)) ((4.083718e-03 -1.727825e-01 -3.999921e-04) (-1.091150e-05 -1.113016e-04 -1.155776e-04))
3.025         	((-5.257436e-02 -1.471705e-03 2.020058e+01) (-3.257780e-04 4.447302e-05 1.842669e-02)) ((3.496358e-03 -1.721152e-01 -5.780216e-04) (-1.135302e-05 -1.217297e-04 -1.154768e-04))
3.03          	((-5.220314e-02 -1.231986e-03 2.021647e+01) (-3.415148e-04 4.302803e-05 1.929644e-02)) ((3.519550e-03 -1.721166e-01 -6.025489e-04) (-1.177720e-05 -1.320192e-04 -1.154962e-04))
3.035         	((-5.326557e-02 -1.842220e-03 2.021831e+01) (-3.569777e-04 4.165445e-05 2.016046e-02)) ((3.707356e-03 -1.716795e-01 -6.062582e-04) (-1.227566e-05 -1.422848e-04 -1.154510e-04))
3.04          	((-5.438084e-02 -1.814689e-03 2.021918e+01) (-3.716627e-04 4.120410e-05 2.101932e-02)) ((3.594864e-03 -1.713757e-01 -8.690326e-04) (-1.281474e-05 -1.525517e-04 -1.154755e-04))
3.045         	((-5.391143e-02 -1.105527e-03 2.021310e+01) (-3.861130e-04 4.028197e-05 2.187298e-02)) ((3.451943e-03 -1.709462e-01 -8.643921e-04) (-1.330901e-05 -1.627825e-04 -1.154602e-04))
3.05          	((-5.410795e-02 -2.452372e-03 2.019603e+01) (-4.000746e-04 3.926528e-05 2.272107e-02)) ((3.249344e-03 -1.703393e-01 -1.002691e-03) (-1.379222e-05 -1.730660e-04 -1.155052e-04))
3.055         	((-5.518470e-02 -2.154649e-03 2.017616e+01) (-4.137723e-04 3.864719e-05 2.356315e-02)) ((3.336806e-03 -1.697556e-01 -1.168630e-03) (-1.428430e-05 -1.833581e-04 -1.155416e-04))
3.06          	((-5.695837e-02 -1.722092e-03 2.014755e+01) (-4.278164e-04 3.805317e-05 2.439875e-02)) ((3.042658e-03 -1.691023e-01 -1.313126e-03) (-1.490559e-05 -1.937108e-04 -1.155721e-04))
3.065         	((-5.699275e-02 -7.214074e-04 2.011491e+01) (-4.412669e-04 3.784939e-05 2.522800e-02)) ((2.940162e-03 -1.681823e-01 -1.249272e-03) (-1.554550e-05 -2.041250e-04 -1.156158e-04))
3.07          	((-5.646289e-02 -1.239535e-03 2.007769e+01) (-4.545243e-04 3.677920e-05 2.604943e-02)) ((3.096440e-03 -1.673648e-01 -1.292847e-03) (-1.632593e-05 -2.144660e-04 -1.156587e-04))
3.075         	((-5.563750e-02 -1.410601e-03 2.003232e+01) (-4.674719e-04 3.638359e-05 2.686361e-02)) ((2.948698e-03 -1.663772e-01 -1.500380e-03) (-1.703879e-05 -2.249237e-04 -1.156403e-04))
3.08          	((-5.522051e-02 -1.411645e-03 1.997678e+01) (-4.801501e-04 3.610280e-05 2.767029e-02)) ((2.769060e-03 -1.654048e-01 -1.697265e-03) (-1.765561e-05 -2.352205e-04 -1.155255e-04))
3.085         	((-5.639434e-02 -1.110583e-03 1.991719e+01) (-4.926136e-04 3.576210e-05 2.846803e-02)) ((2.653816e-03 -1.644642e-01 -1.768205e-03) (-1.812103e-05 -2.454765e-04 -1.154566e-04))
3.09          	((-5.758159e-02 -8.009505e-04 1.984930e+01) (-5.043250e-04 3.515501e-05 2.925802e-02)) ((2.589571e-03 -1.632470e-01 -2.017245e-03) (-1.866970e-05 -2.557803e-04 -1.153282e-04))
3.095         	((-5.746844e-02 -1.321004e-03 1.977486e+01) (-5.162110e-04 3.414591e-05 3.003734e-02)) ((2.651275e-03 -1.621043e-01 -2.065484e-03) (-1.904676e-05 -2.661297e-04 -1.150975e-04))
3.1           	((-5.703736e-02 -1.899142e-03 1.969241e+01) (-5.280947e-04 3.376375e-05 3.080631e-02)) ((2.647984e-03 -1.608269e-01 -2.167117e-03) (-1.934575e-05 -2.764476e-04 -1.147673e-04))
3.105         	((-5.689901e-02 -2.470985e-03 1.960262e+01) (-5.398857e-04 3.350055e-05 3.156647e-02)) ((2.474086e-03 -1.595471e-01 -2.316254e-03) (-1.956771e-05 -2.869518e-04 -1.143616e-04))
3.11          	((-5.593384e-02 -1.669687e-03 1.950544e+01) (-5.521415e-04 3.298240e-05 3.231456e-02)) ((2.282605e-03 -1.581529e-01 -2.214578e-03) (-1.989803e-05 -2.974095e-04 -1.140346e-04))
3.115         	((-5.547198e-02 -2.202654e-03 1.940207e+01) (-5.638212e-04 3.204499e-05 3.305114e-02)) ((2.210372e-03 -1.566820e-01 -2.187878e-03) (-2.024733e-05 -3.078365e-04 -1.135723e-04))
3.12          	((-5.484878e-02 -3.011515e-03 1.929106e+01) (-5.762040e-04 3.097043e-05 3.377694e-02)) ((2.069250e-03 -1.551537e-01 -2.315087e-03) (-2.069638e-05 -3.183941e-04 -1.130465e-04))
3.125         	((-5.433721e-02 -2.720255e-03 1.916972e+01) (-5.887997e-04 3.025263e-05 3.449071e-02)) ((1.946647e-03 -1.536114e-01 -2.432687e-03) (-2.110728e-05 -3.287895e-04 -1.124140e-04))
3.13          	((-5.380040e-02 -2.992137e-03 1.904042e+01) (-6.011648e-04 2.963355e-05 3.518982e-02)) ((1.814803e-03 -1.519919e-01 -2.435123e-03) (-2.154372e-05 -3.390300e-04 -1.118380e-04))
3.135         	((-5.297033e-02 -3.340662e-03 1.890405e+01) (-6.137997e-04 2.883742e-05 3.587537e-02)) ((1.838888e-03 -1.503710e-01 -2.268082e-03) (-2.183705e-05 -3.490787e-04 -1.111065e-04))
3.14          	((-5.153461e-02 -2.672763e-03 1.876044e+01) (-6.274296e-04 2.778368e-05 3.654918e-02)) ((1.746080e-03 -1.486248e-01 -2.139427e-03) (-2.235726e-05 -3.592364e-04 -1.102274e-04))
3.145         	((-5.050958e-02 -2.667589e-03 1.861009e+01) (-6.412284e-04 2.678312e-05 3.720691e-02)) ((1.704768e-03 -1.468666e-01 -2.001237e-03) (-2.257509e-05 -3.692138e-04 -1.092927e-04))
3.15          	((-4.952133e-02 -3.381609e-03 1.845111e+01) (-6.553207e-04 2.564735e-05 3.785026e-02)) ((1.582635e-03 -1.450247e-01 -1.861736e-03) (-2.287198e-05 -3.792222e-04 -1.083456e-04))
3.155         	((-4.794127e-02 -3.844291e-03 1.828314e+01) (-6.699186e-04 2.434567e-05 3.847703e-02)) ((1.531837e-03 -1.431086e-01 -1.669098e-03) (-2.302128e-05 -3.888577e-04 -1.073731e-04))
3.16          	((-4.670674e-02 -4.337690e-03 1.810664e+01) (-6.844363e-04 2.320773e-05 3.908842e-02)) ((1.586783e-03 -1.411947e-01 -1.538945e-03) (-2.324717e-05 -3.983952e-04 -1.064522e-04))
3.165         	((-4.584027e-02 -5.418688e-03 1.792159e+01) (-6.987833e-04 2.184940e-05 3.968238e-02)) ((1.639141e-03 -1.391732e-01 -1.454097e-03) (-2.342336e-05 -4.077235e-04 -1.053488e-04))
3.17          	((-4.490945e-02 -6.043678e-03 1.772863e+01) (-7.133735e-04 2.088229e-05 4.025817e-02)) ((1.724363e-03 -1.370685e-01 -1.426231e-03) (-2.359618e-05 -4.168849e-04 -1.041961e-04))
3.175         	((-4.362454e-02 -5.626247e-03 1.752864e+01) (-7.281715e-04 2.017251e-05 4.081588e-02)) ((1.645108e-03 -1.349498e-01 -1.250831e-03) (-2.368683e-05 -4.259916e-04 -1.028837e-04))
3.18          	((-4.225827e-02 -5.057498e-03 1.732124e+01) (-7.425970e-04 1.857060e-05 4.135508e-02)) ((1.515277e-03 -1.328231e-01 -1.003163e-03) (-2.388104e-05 -4.348525e-04 -1.014684e-04))
3.185         	((-4.097191e-02 -5.670601e-03 1.710601e+01) (-7.567121e-04 1.791067e-05 4.187522e-02)) ((1.446760e-03 -1.306531e-01 -8.615161e-04) (-2.400219e-05 -4.436870e-04 -1.000737e-04))
3.19          	((-4.025285e-02 -5.792512e-03 1.688191e+01) (-7.712590e-04 1.698971e-05 4.237405e-02)) ((1.444179e-03 -1.283181e-01 -7.020189e-04) (-2.410951e-05 -4.524105e-04 -9.864085e-05))
3.195         	((-3.907133e-02 -5.720446e-03 1.665048e+01) (-7.871509e-04 1.594946e-05 4.285209e-02)) ((1.320767e-03 -1.260060e-01 -5.485803e-04) (-2.430142e-05 -4.609674e-04 -9.723700e-05))
3.2           	((-3.826557e-02 -6.272599e-03 1.640996e+01) (-8.030499e-04 1.405187e-05 4.330991e-02)) ((1.329268e-03 -1.236834e-01 -4.442461e-04) (-2.456126e-05 -4.692561e-04 -9.585597e-05))
3.205         	((-3.762273e-02 -5.773191e-03 1.616074e+01) (-8.190845e-04 1.231623e-05 4.374637e-02)) ((1.102138e-03 -1.212451e-01 -2.768099e-04) (-2.465517e-05 -4.775091e-04 -9.452342e-05))
3.21          	((-3.689841e-02 -6.679360e-03 1.590312e+01) (-8.352425e-04 1.045664e-05 4.415993e-02)) ((1.119955e-03 -1.187641e-01 -4.010378e-05) (-2.465770e-05 -4.856519e-04 -9.321645e-05))
3.215         	((-3.572681e-02 -6.893090e-03 1.563809e+01) (-8.514406e-04 8.652687e-06 4.455223e-02)) ((1.180797e-03 -1.162579e-01 7.067780e-05) (-2.465625e-05 -4.935577e-04 -9.212524e-05))
3.22          	((-3.489742e-02 -6.637893e-03 1.536669e+01) (-8.673520e-04 7.080498e-06 4.492188e-02)) ((8.893979e-04 -1.137048e-01 2.894879e-04) (-2.451113e-05 -5.015582e-04 -9.106383e-05))
3.225         	((-3.452835e-02 -7.274784e-03 1.508595e+01) (-8.837002e-04 5.429163e-06 4.526710e-02)) ((9.678037e-04 -1.111218e-01 3.057392e-04) (-2.423741e-05 -5.093791e-04 -8.994954e-05))
3.23          	((-3.395533e-02 -7.472337e-03 1.479930e+01) (-8.996475e-04 3.403635e-06 4.559039e-02)) ((8.914125e-04 -1.084157e-01 3.784925e-04) (-2.394479e-05 -5.171264e-04 -8.900208e-05))
3.235         	((-3.413089e-02 -8.529519e-03 1.450437e+01) (-9.160674e-04 1.654761e-06 4.588947e-02)) ((8.558177e-04 -1.057433e-01 4.973992e-04) (-2.327495e-05 -5.245834e-04 -8.813952e-05))
3.24          	((-3.435461e-02 -8.308875e-03 1.420259e+01) (-9.322335e-04 8.439267e-08 4.616431e-02)) ((7.909562e-04 -1.029339e-01 6.623420e-04) (-2.278059e-05 -5.319199e-04 -8.743259e-05))
3.245         	((-3.440400e-02 -8.022628e-03 1.389226e+01) (-9.482882e-04 -1.692971e-06 4.641625e-02)) ((6.369061e-04 -1.000808e-01 8.167626e-04) (-2.229206e-05 -5.389253e-04 -8.672240e-05))
3.25          	((-3.450071e-02 -7.951492e-03 1.357622e+01) (-9.647295e-04 -3.356479e-06 4.664321e-02)) ((3.968958e-04 -9.725933e-02 8.567064e-04) (-2.159653e-05 -5.458869e-04 -8.605578e-05))
3.255         	((-3.398753e-02 -8.760921e-03 1.325195e+01) (-9.805273e-04 -4.241853e-06 4.684576e-02)) ((3.799745e-04 -9.433100e-02 9.554500e-04) (-2.080050e-05 -5.526000e-04 -8.541751e-05))
3.26          	((-3.323118e-02 -8.066496e-03 1.292125e+01) (-9.961172e-04 -5.307356e-06 4.702706e-02)) ((2.788818e-04 -9.133331e-02 1.018138e-03) (-1.972153e-05 -5.593934e-04 -8.494785e-05))
3.265         	((-3.258092e-02 -8.667952e-03 1.258226e+01) (-1.011031e-03 -6.344687e-06 4.718232e-02)) ((1.151137e-04 -8.825874e-02 1.079551e-03) (-1.911360e-05 -5.657815e-04 -8.457756e-05))
3.27          	((-3.180076e-02 -8.919568e-03 1.223699e+01) (-1.025257e-03 -7.275409e-06 4.731357e-02)) ((-1.452302e-04 -8.513955e-02 1.171403e-03) (-1.832607e-05 -5.720065e-04 -8.422154e-05))
3.275         	((-3.132704e-02 -9.196985e-03 1.188329e+01) (-1.039842e-03 -7.642136e-06 4.742104e-02)) ((-2.885625e-04 -8.194941e-02 1.136832e-03) (-1.722156e-05 -5.778629e-04 -8.402932e-05))
3.28          	((-3.070214e-02 -9.110637e-03 1.152339e+01) (-1.053820e-03 -8.368667e-06 4.750635e-02)) ((-4.297011e-04 -7.884838e-02 1.084839e-03) (-1.597070e-05 -5.837841e-04 -8.388108e-05))
3.285         	((-3.085939e-02 -8.555147e-03 1.115805e+01) (-1.066896e-03 -9.257009e-06 4.756563e-02)) ((-5.188034e-04 -7.570953e-02 1.046110e-03) (-1.491080e-05 -5.892421e-04 -8.373747e-05))
3.29          	((-3.059035e-02 -8.400700e-03 1.078695e+01) (-1.079577e-03 -9.730239e-06 4.760104e-02)) ((-6.628306e-04 -7.247618e-02 9.315289e-04) (-1.373499e-05 -5.944449e-04 -8.360917e-05))
3.295         	((-3.047634e-02 -8.328689e-03 1.041087e+01) (-1.091662e-03 -1.061322e-05 4.761102e-02)) ((-6.981136e-04 -6.920763e-02 9.587851e-04) (-1.266250e-05 -5.993763e-04 -8.357971e-05))
3.3           	((-2.978860e-02 -7.940116e-03 1.002903e+01) (-1.103444e-03 -1.157735e-05 4.759699e-02)) ((-9.819508e-04 -6.586499e-02 9.063874e-04) (-1.131342e-05 -6.040526e-04 -8.358915e-05))
3.305         	((-2.986704e-02 -7.495897e-03 9.642143e+00) (-1.113708e-03 -1.261185e-05 4.755890e-02)) ((-1.145868e-03 -6.250299e-02 8.482692e-04) (-9.916959e-06 -6.086464e-04 -8.366909e-05))
3.31          	((-2.926175e-02 -7.530883e-03 9.250290e+00) (-1.123461e-03 -1.371758e-05 4.749585e-02)) ((-1.118661e-03 -5.909772e-02 7.758527e-04) (-8.609193e-06 -6.126706e-04 -8.383205e-05))
3.315         	((-2.864984e-02 -8.348969e-03 8.853052e+00) (-1.132864e-03 -1.475243e-05 4.740795e-02)) ((-1.376673e-03 -5.564700e-02 7.268617e-04) (-7.418567e-06 -6.165167e-04 -8.387067e-05))
3.32          	((-2.792569e-02 -8.177204e-03 8.451060e+00) (-1.141965e-03 -1.556344e-05 4.729663e-02)) ((-1.580174e-03 -5.223039e-02 6.097556e-04) (-6.248665e-06 -6.201363e-04 -8.410746e-05))
3.325         	((-2.707389e-02 -8.043523e-03 8.044858e+00) (-1.150322e-03 -1.593407e-05 4.716284e-02)) ((-1.642364e-03 -4.873076e-02 3.873160e-04) (-4.753457e-06 -6.234929e-04 -8.440875e-05))
3.33          	((-2.623356e-02 -8.129202e-03 7.634772e+00) (-1.157912e-03 -1.704492e-05 4.700403e-02)) ((-1.874895e-03 -4.525586e-02 5.612698e-05) (-3.705942e-06 -6.265820e-04 -8.471213e-05))
3.335         	((-2.618619e-02 -8.139946e-03 7.218983e+00) (-1.164987e-03 -1.830323e-05 4.682185e-02)) ((-1.975195e-03 -4.185872e-02 -8.437666e-05) (-2.418636e-06 -6.294371e-04 -8.518297e-05))
3.34          	((-2.506418e-02 -7.874938e-03 6.800501e+00) (-1.170690e-03 -1.922216e-05 4.661674e-02)) ((-1.891704e-03 -3.838617e-02 -2.373690e-04) (-1.148286e-06 -6.319128e-04 -8.568911e-05))
3.345         	((-2.452307e-02 -7.334002e-03 6.378717e+00) (-1.175940e-03 -1.997433e-05 4.638729e-02)) ((-1.956579e-03 -3.492143e-02 -3.798111e-04) (1.410524e-07 -6.341527e-04 -8.621340e-05))
3.35          	((-2.368903e-02 -6.828027e-03 5.952647e+00) (-1.180873e-03 -2.065761e-05 4.613504e-02)) ((-1.967022e-03 -3.137449e-02 -5.948234e-04) (1.298190e-06 -6.362459e-04 -8.662100e-05))
3.355         	((-2.317772e-02 -6.675477e-03 5.522892e+00) (-1.185047e-03 -2.149775e-05 4.586018e-02)) ((-2.014143e-03 -2.794571e-02 -8.366191e-04) (2.668765e-06 -6.377505e-04 -8.716741e-05))
3.36          	((-2.257182e-02 -6.505700e-03 5.090677e+00) (-1.188543e-03 -2.255218e-05 4.556279e-02)) ((-2.044386e-03 -2.436231e-02 -1.143592e-03) (4.002768e-06 -6.391463e-04 -8.765118e-05))
3.365         	((-2.181794e-02 -6.303029e-03 4.655948e+00) (-1.191016e-03 -2.401110e-05 4.524364e-02)) ((-2.225434e-03 -2.079840e-02 -1.312937e-03) (5.159504e-06 -6.401560e-04 -8.800293e-05))
3.37          	((-2.068588e-02 -5.946288e-03 4.218010e+00) (-1.192914e-03 -2.538456e-05 4.490433e-02)) ((-2.117656e-03 -1.725562e-02 -1.563485e-03) (6.306757e-06 -6.409786e-04 -8.855736e-05))
3.375         	((-1.981974e-02 -5.377499e-03 3.778692e+00) (-1.194095e-03 -2.656121e-05 4.454133e-02)) ((-2.184595e-03 -1.366047e-02 -1.775749e-03) (7.423427e-06 -6.414003e-04 -8.909575e-05))
3.38          	((-1.859855e-02 -4.795486e-03 3.336368e+00) (-1.194734e-03 -2.771468e-05 4.415689e-02)) ((-2.152439e-03 -1.008872e-02 -1.916038e-03) (8.388368e-06 -6.413494e-04 -8.968696e-05))
3.385         	((-1.717996e-02 -4.555123e-03 2.892612e+00) (-1.194269e-03 -2.901734e-05 4.375145e-02)) ((-2.224616e-03 -6.385856e-03 -2.003691e-03) (9.381730e-06 -6.410423e-04 -9.042776e-05))
3.39          	((-1.614170e-02 -4.013959e-03 2.446383e+00) (-1.193364e-03 -2.949259e-05 4.332565e-02)) ((-2.151312e-03 -2.778822e-03 -2.294332e-03) (1.041093e-05 -6.402290e-04 -9.110339e-05))
3.395         	((-1.473888e-02 -4.126891e-03 1.999375e+00) (-1.191985e-03 -3.049294e-05 4.287955e-02)) ((-2.169998e-03 8.358280e-04 -2.556417e-03) (1.139385e-05 -6.393969e-04 -9.163738e-05))
3.4           	((-1.385935e-02 -3.327275e-03 1.550971e+00) (-1.189773e-03 -3.182677e-05 4.241400e-02)) ((-2.149566e-03 4.389761e-03 -2.767655e-03) (1.234034e-05 -6.381566e-04 -9.221353e-05))
3.405         	((-1.288032e-02 -3.170146e-03 1.101172e+00) (-1.186564e-03 -3.250664e-05 4.193086e-02)) ((-2.296824e-03 7.909707e-03 -2.904721e-03) (1.335899e-05 -6.366674e-04 -9.278101e-05))
3.41          	((-1.167658e-02 -3.241087e-03 6.503836e-01) (-1.183368e-03 -3.342335e-05 4.142760e-02)) ((-2.335148e-03 1.153078e-02 -3.082444e-03) (1.413862e-05 -6.347986e-04 -9.320238e-05))
3.415         	((-9.800897e-03 -2.623934e-03 1.988049e-01) (-1.179521e-03 -3.385987e-05 4.090585e-02)) ((-2.351989e-03 1.510308e-02 -3.290244e-03) (1.491430e-05 -6.326416e-04 -9.357400e-05))
3.42          	((-8.109627e-03 -1.852648e-03 -2.518069e-01) (-1.175008e-03 -3.415371e-05 4.036539e-02)) ((-2.405602e-03 1.873627e-02 -3.375199e-03) (1.578375e-05 -6.300642e-04 -9.399135e-05))
3.425         	((-6.769990e-03 -9.211149e-04 -7.019858e-01) (-1.169697e-03 -3.408093e-05 3.980828e-02)) ((-2.440582e-03 2.236768e-02 -3.500666e-03) (1.659385e-05 -6.271214e-04 -9.431437e-05))
3.43          	((-5.445445e-03 -3.366588e-04 -1.152330e+00) (-1.163904e-03 -3.419856e-05 3.923382e-02)) ((-2.467415e-03 2.595279e-02 -3.854065e-03) (1.737788e-05 -6.241622e-04 -9.465430e-05))
3.435         	((-4.095748e-03 6.597147e-04 -1.603349e+00) (-1.157678e-03 -3.439340e-05 3.864206e-02)) ((-2.592572e-03 2.950666e-02 -4.134534e-03) (1.815265e-05 -6.207181e-04 -9.492695e-05))
3.44          	((-2.076034e-03 2.434046e-03 -2.054832e+00) (-1.150715e-03 -3.443355e-05 3.803426e-02)) ((-2.695829e-03 3.331111e-02 -4.251542e-03) (1.889464e-05 -6.169458e-04 -9.520308e-05))
3.445         	((-9.547096e-04 2.959853e-03 -2.502859e+00) (-1.143304e-03 -3.449252e-05 3.740944e-02)) ((-2.787587e-03 3.689477e-02 -4.304793e-03) (1.956447e-05 -6.129458e-04 -9.536382e-05))
3.45          	((-8.673723e-05 2.752973e-03 -2.951769e+00) (-1.135522e-03 -3.427754e-05 3.677013e-02)) ((-2.669081e-03 4.053772e-02 -4.521910e-03) (2.017499e-05 -6.087208e-04 -9.544264e-05))
3.455         	((1.033115e-03 2.906114e-03 -3.396446e+00) (-1.127329e-03 -3.382831e-05 3.611597e-02)) ((-2.656341e-03 4.402985e-02 -4.685505e-03) (2.080458e-05 -6.040981e-04 -9.549701e-05))
3.46          	((2.887111e-03 3.852900e-03 -3.837855e+00) (-1.119078e-03 -3.349193e-05 3.544719e-02)) ((-2.727442e-03 4.759075e-02 -4.827002e-03) (2.135784e-05 -5.992300e-04 -9.540386e-05))
3.465         	((4.359309e-03 4.370751e-03 -4.277555e+00) (-1.110769e-03 -3.307651e-05 3.476456e-02)) ((-2.743376e-03 5.115549e-02 -4.962095e-03) (2.170597e-05 -5.941081e-04 -9.523238e-05))
3.47          	((5.596383e-03 5.026475e-03 -4.717008e+00) (-1.101845e-03 -3.230153e-05 3.406817e-02)) ((-2.769687e-03 5.469319e-02 -5.068592e-03) (2.218597e-05 -5.886678e-04 -9.493013e-05))
3.475         	((6.989214e-03 4.686119e-03 -5.154464e+00) (-1.092605e-03 -3.154586e-05 3.335859e-02)) ((-2.642951e-03 5.822668e-02 -5.024242e-03) (2.260399e-05 -5.829669e-04 -9.451084e-05))
3.48          	((9.288023e-03 5.097017e-03 -5.587781e+00) (-1.082630e-03 -3.081216e-05 3.263655e-02)) ((-2.671331e-03 6.167704e-02 -5.117157e-03) (2.305697e-05 -5.769148e-04 -9.418011e-05))
3.485         	((1.022999e-02 5.777071e-03 -6.018160e+00) (-1.073123e-03 -3.052921e-05 3.190307e-02)) ((-2.762428e-03 6.507415e-02 -5.065003e-03) (2.336208e-05 -5.707015e-04 -9.367500e-05))
3.49          	((1.148927e-02 6.928410e-03 -6.444217e+00) (-1.063637e-03 -2.983980e-05 3.115706e-02)) ((-2.754972e-03 6.852718e-02 -5.091491e-03) (2.365131e-05 -5.642767e-04 -9.317957e-05))
3.495         	((1.284028e-02 7.645919e-03 -6.866944e+00) (-1.054172e-03 -2.915038e-05 3.040020e-02)) ((-2.795500e-03 7.188399e-02 -5.219723e-03) (2.386355e-05 -5.576639e-04 -9.263265e-05))
3.5           	((1.444687e-02 7.386005e-03 -7.287044e+00) (-1.044616e-03 -2.793337e-05 2.963258e-02)) ((-2.879684e-03 7.527684e-02 -5.351946e-03) (2.395957e-05 -5.506636e-04 -9.189583e-05))
3.505         	((1.559448e-02 7.526928e-03 -7.704484e+00) (-1.034932e-03 -2.626222e-05 2.885390e-02)) ((-2.971641e-03 7.874373e-02 -5.405052e-03) (2.410026e-05 -5.435501e-04 -9.099162e-05))
3.51          	((1.725012e-02 7.643920e-03 -8.118327e+00) (-1.024938e-03 -2.481943e-05 2.806475e-02)) ((-2.942388e-03 8.212750e-02 -5.270024e-03) (2.400283e-05 -5.361455e-04 -9.000322e-05))
3.515         	((1.834402e-02 7.809131e-03 -8.527042e+00) (-1.014956e-03 -2.324396e-05 2.726542e-02)) ((-2.931848e-03 8.543174e-02 -5.406562e-03) (2.403166e-05 -5.285022e-04 -8.904904e-05))
3.52          	((1.969670e-02 8.105629e-03 -8.930148e+00) (-1.004822e-03 -2.175569e-05 2.645692e-02)) ((-3.036752e-03 8.873864e-02 -5.446247e-03) (2.410716e-05 -5.206823e-04 -8.808306e-05))
3.525         	((2.130568e-02 8.471257e-03 -9.328809e+00) (-9.945847e-04 -2.045233e-05 2.563927e-02)) ((-3.063948e-03 9.208614e-02 -5.412869e-03) (2.407868e-05 -5.126657e-04 -8.696111e-05))
3.53          	((2.258008e-02 9.024032e-03 -9.722605e+00) (-9.843418e-04 -1.881253e-05 2.481314e-02)) ((-3.032404e-03 9.533542e-02 -5.300569e-03) (2.392523e-05 -5.044263e-04 -8.575923e-05))
3.535         	((2.377583e-02 8.940086e-03 -1.011113e+01) (-9.738774e-04 -1.757664e-05 2.397833e-02)) ((-3.162375e-03 9.862354e-02 -5.269266e-03) (2.372638e-05 -4.959699e-04 -8.462837e-05))
3.54          	((2.470085e-02 9.072490e-03 -1.049508e+01) (-9.637712e-04 -1.649831e-05 2.313560e-02)) ((-3.181959e-03 1.017010e-01 -5.264154e-03) (2.362663e-05 -4.873213e-04 -8.359429e-05))
3.545         	((2.619281e-02 8.831341e-03 -1.087553e+01) (-9.530684e-04 -1.511805e-05 2.228558e-02)) ((-3.047718e-03 1.048091e-01 -5.200377e-03) (2.341668e-05 -4.784595e-04 -8.264265e-05))
3.55          	((2.770844e-02 8.789703e-03 -1.124721e+01) (-9.428270e-04 -1.367422e-05 2.142861e-02)) ((-3.159270e-03 1.078801e-01 -5.083250e-03) (2.319490e-05 -4.694604e-04 -8.168189e-05))
3.555         	((2.859758e-02 1.018837e-02 -1.161326e+01) (-9.329177e-04 -1.217205e-05 2.056505e-02)) ((-3.153067e-03 1.108054e-01 -4.948962e-03) (2.292671e-05 -4.603352e-04 -8.078985e-05))
3.56          	((2.953455e-02 9.975752e-03 -1.197584e+01) (-9.230721e-04 -1.100590e-05 1.969540e-02)) ((-3.089422e-03 1.138273e-01 -4.810652e-03) (2.266787e-05 -4.510505e-04 -7.978526e-05))
3.565         	((3.021829e-02 1.006647e-02 -1.232882e+01) (-9.130445e-04 -9.339893e-06 1.882002e-02)) ((-3.154057e-03 1.166688e-01 -4.770142e-03) (2.242207e-05 -4.416846e-04 -7.872850e-05))
3.57          	((3.161233e-02 9.459411e-03 -1.267461e+01) (-9.034682e-04 -7.473202e-06 1.793888e-02)) ((-3.062805e-03 1.193942e-01 -4.672506e-03) (2.210473e-05 -4.322617e-04 -7.771524e-05))
3.575         	((3.227929e-02 8.639067e-03 -1.301564e+01) (-8.943158e-04 -5.618167e-06 1.705261e-02)) ((-2.904491e-03 1.222166e-01 -4.509452e-03) (2.171882e-05 -4.226428e-04 -7.678532e-05))
3.58          	((3.281671e-02 1.046531e-02 -1.335044e+01) (-8.850655e-04 -4.226469e-06 1.616179e-02)) ((-2.972555e-03 1.249437e-01 -4.408575e-03) (2.129918e-05 -4.128041e-04 -7.589296e-05))
3.585         	((3.403634e-02 1.099809e-02 -1.367754e+01) (-8.762413e-04 -2.922853e-06 1.526627e-02)) ((-3.040019e-03 1.277091e-01 -4.242994e-03) (2.099042e-05 -4.029100e-04 -7.504505e-05))
3.59          	((3.501448e-02 1.014941e-02 -1.399682e+01) (-8.676711e-04 -1.587007e-06 1.436670e-02)) ((-3.127804e-03 1.304834e-01 -4.121288e-03) (2.061735e-05 -3.928982e-04 -7.427281e-05))
3.595         	((3.543665e-02 9.745453e-03 -1.430994e+01) (-8.592142e-04 -4.142826e-08 1.346352e-02)) ((-3.157760e-03 1.329903e-01 -3.895120e-03) (2.021898e-05 -3.827527e-04 -7.352712e-05))
3.6           	((3.565187e-02 9.832515e-03 -1.461323e+01) (-8.510775e-04 1.466203e-06 1.255717e-02)) ((-2.910006e-03 1.353295e-01 -3.784830e-03) (1.975384e-05 -3.724373e-04 -7.290469e-05))
3.605         	((3.531252e-02 1.164953e-02 -1.490972e+01) (-8.429652e-04 3.089186e-06 1.164804e-02)) ((-3.007622e-03 1.378014e-01 -3.609188e-03) (1.929736e-05 -3.619949e-04 -7.229680e-05))
3.61          	((3.563675e-02 1.220951e-02 -1.519767e+01) (-8.347188e-04 4.489386e-06 1.073595e-02)) ((-3.028747e-03 1.402038e-01 -3.334030e-03) (1.874730e-05 -3.514490e-04 -7.173516e-05))
3.615         	((3.704743e-02 1.114709e-02 -1.547947e+01) (-8.263985e-04 5.787054e-06 9.821120e-03)) ((-2.925934e-03 1.425681e-01 -3.151025e-03) (1.818175e-05 -3.408147e-04 -7.120721e-05))
3.62          	((3.734118e-02 1.062235e-02 -1.575252e+01) (-8.182770e-04 7.047689e-06 8.903878e-03)) ((-3.185363e-03 1.448667e-01 -3.037493e-03) (1.758975e-05 -3.300535e-04 -7.075765e-05))
3.625         	((3.687124e-02 1.157690e-02 -1.601728e+01) (-8.104319e-04 8.044850e-06 7.984426e-03)) ((-3.405398e-03 1.468190e-01 -2.858322e-03) (1.697757e-05 -3.191558e-04 -7.032702e-05))
3.63          	((3.737896e-02 1.059694e-02 -1.627537e+01) (-8.027958e-04 9.123947e-06 7.063326e-03)) ((-3.020833e-03 1.488399e-01 -2.795931e-03) (1.634022e-05 -3.082724e-04 -6.989401e-05))
3.635         	((3.768533e-02 1.046566e-02 -1.652494e+01) (-7.955445e-04 1.022246e-05 6.141273e-03)) ((-3.013614e-03 1.509919e-01 -2.689738e-03) (1.567293e-05 -2.973817e-04 -6.952828e-05))
3.64          	((3.807502e-02 1.104537e-02 -1.676463e+01) (-7.890799e-04 1.135746e-05 5.218326e-03)) ((-2.913985e-03 1.529272e-01 -2.316025e-03) (1.504651e-05 -2.864646e-04 -6.939858e-05))
3.645         	((3.789463e-02 1.094719e-02 -1.699479e+01) (-7.833037e-04 1.261522e-05 4.294886e-03)) ((-2.856491e-03 1.545633e-01 -2.233696e-03) (1.437754e-05 -2.755353e-04 -6.932062e-05))
3.65          	((3.795742e-02 1.123038e-02 -1.721702e+01) (-7.773468e-04 1.393987e-05 3.371210e-03)) ((-2.956114e-03 1.563666e-01 -1.815304e-03) (1.376020e-05 -2.645277e-04 -6.927813e-05))
3.655         	((3.773539e-02 1.257066e-02 -1.743705e+01) (-7.712143e-04 1.509976e-05 2.447631e-03)) ((-2.584099e-03 1.577198e-01 -1.717959e-03) (1.332587e-05 -2.535611e-04 -6.933644e-05))
3.66          	((3.813201e-02 1.172022e-02 -1.764641e+01) (-7.649952e-04 1.679856e-05 1.524550e-03)) ((-2.992237e-03 1.597991e-01 -1.693594e-03) (1.294369e-05 -2.425259e-04 -6.935551e-05))
3.665         	((3.711240e-02 1.094320e-02 -1.784575e+01) (-7.596677e-04 1.907740e-05 6.033898e-04)) ((-3.446966e-03 1.614138e-01 -1.450881e-03) (1.241118e-05 -2.314663e-04 -6.929041e-05))
3.67          	((3.696476e-02 1.110523e-02 -1.803467e+01) (-7.557841e-04 2.118201e-05 -3.165340e-04)) ((-3.424955e-03 1.629192e-01 -1.207941e-03) (1.173369e-05 -2.203979e-04 -6.923358e-05))
3.675         	((3.594584e-02 9.693569e-03 -1.821641e+01) (-7.526340e-04 2.377533e-05 -1.234312e-03)) ((-3.223216e-03 1.642524e-01 -9.812389e-04) (1.097157e-05 -2.093768e-04 -6.931152e-05))
3.68          	((3.493141e-02 1.303279e-02 -1.838653e+01) (-7.498140e-04 2.611435e-05 -2.149449e-03)) ((-3.263627e-03 1.652570e-01 -6.229334e-04) (1.036221e-05 -1.984741e-04 -6.942472e-05))
3.685         	((3.504008e-02 1.283343e-02 -1.854748e+01) (-7.474183e-04 2.849493e-05 -3.061545e-03)) ((-2.937218e-03 1.668057e-01 -3.278041e-04) (9.677132e-06 -1.876481e-04 -6.945819e-05))
3.69          	((3.627815e-02 1.217919e-02 -1.870343e+01) (-7.454111e-04 3.036841e-05 -3.971338e-03)) ((-2.902610e-03 1.677774e-01 -3.414946e-04) (8.935504e-06 -1.768837e-04 -6.957988e-05))
3.695         	((3.635518e-02 1.203713e-02 -1.884467e+01) (-7.438359e-04 3.243628e-05 -4.878877e-03)) ((-2.520234e-03 1.687861e-01 -1.861309e-04) (8.129913e-06 -1.661990e-04 -6.956371e-05))
3.7           	((3.541954e-02 1.279856e-02 -1.897618e+01) (-7.424748e-04 3.516232e-05 -5.783708e-03)) ((-2.618510e-03 1.697937e-01 -8.838950e-05) (7.383932e-06 -1.556399e-04 -6.942292e-05))
3.705         	((3.246915e-02 1.459424e-02 -1.910710e+01) (-7.409902e-04 3.717028e-05 -6.686262e-03)) ((-3.043124e-03 1.704956e-01 7.143500e-05) (6.820300e-06 -1.451116e-04 -6.926457e-05))
3.71          	((3.126809e-02 1.265907e-02 -1.923384e+01) (-7.394131e-04 3.925356e-05 -7.585545e-03)) ((-2.987759e-03 1.712013e-01 6.143037e-04) (6.288289e-06 -1.345359e-04 -6.911998e-05))
3.715         	((2.988380e-02 1.286045e-02 -1.934752e+01) (-7.383467e-04 4.062524e-05 -8.482009e-03)) ((-2.599756e-03 1.721386e-01 7.979960e-04) (5.779199e-06 -1.240271e-04 -6.911927e-05))
3.72          	((3.009378e-02 1.267285e-02 -1.944390e+01) (-7.390333e-04 4.143584e-05 -9.375413e-03)) ((-2.785323e-03 1.728032e-01 9.797327e-04) (5.248644e-06 -1.135887e-04 -6.929933e-05))
3.725         	((2.930572e-02 1.106927e-02 -1.953942e+01) (-7.398581e-04 4.271562e-05 -1.026575e-02)) ((-2.290416e-03 1.730162e-01 1.075897e-03) (4.743716e-06 -1.031657e-04 -6.960013e-05))
3.73          	((2.967112e-02 1.207583e-02 -1.963047e+01) (-7.411406e-04 4.372905e-05 -1.115268e-02)) ((-2.365800e-03 1.744621e-01 9.661115e-04) (4.342401e-06 -9.282412e-05 -6.980417e-05))
3.735         	((2.864115e-02 1.086382e-02 -1.971779e+01) (-7.425994e-04 4.530756e-05 -1.203590e-02)) ((-2.562824e-03 1.749055e-01 1.401815e-03) (3.954399e-06 -8.247928e-05 -6.990195e-05))
3.74          	((2.973708e-02 1.341376e-02 -1.980178e+01) (-7.452492e-04 4.723729e-05 -1.291505e-02)) ((-3.069939e-03 1.750842e-01 1.681227e-03) (3.628429e-06 -7.221674e-05 -6.998232e-05))
3.745         	((2.847193e-02 1.252493e-02 -1.988384e+01) (-7.475669e-04 4.835225e-05 -1.379160e-02)) ((-3.514306e-03 1.755546e-01 1.895581e-03) (3.310538e-06 -6.199976e-05 -7.015163e-05))
3.75          	((2.433067e-02 7.352642e-03 -1.996275e+01) (-7.502039e-04 4.899871e-05 -1.466460e-02)) ((-3.140307e-03 1.758768e-01 1.971350e-03) (3.204003e-06 -5.190045e-05 -7.040768e-05))
3.755         	((2.418430e-02 1.291776e-02 -2.010225e+01) (-7.526317e-04 4.951709e-05 -1.553728e-02)) ((-3.026469e-03 1.763154e-01 2.182327e-03) (3.028009e-06 -4.176226e-05 -7.066906e-05))
3.76          	((2.097079e-02 1.489551e-02 -1.972687e+01) (-7.544260e-04 4.940295e-05 -1.639002e-02)) ((-3.591767e-03 1.722635e-01 2.650741e-03) (2.765784e-06 -3.184217e-05 -7.094809e-05))
3.765         	((1.906174e-02 1.046597e-02 -2.012962e+01) (-7.564929e-04 4.860283e-05 -1.724545e-02)) ((-3.004536e-03 1.768304e-01 2.500038e-03) (2.502940e-06 -2.173971e-05 -7.140790e-05))
3.77          	((2.466083e-02 1.217105e-02 -2.014834e+01) (-7.588141e-04 4.735045e-05 -1.809841e-02)) ((-3.188186e-03 1.756380e-01 3.082220e-03) (2.347445e-06 -1.171229e-05 -7.186259e-05))
3.775         	((2.287785e-02 1.323189e-02 -2.017931e+01) (-7.616338e-04 4.583893e-05 -1.894673e-02)) ((-3.545834e-03 1.753417e-01 3.468102e-03) (2.112936e-06 -1.835989e-06 -7.233984e-05))
3.78          	((2.079658e-02 1.214948e-02 -2.020892e+01) (-7.645595e-04 4.481515e-05 -1.979110e-02)) ((-3.576666e-03 1.751897e-01 3.528554e-03) (1.825634e-06 8.059207e-06 -7.283502e-05))
3.785         	((2.039251e-02 1.321830e-02 -2.021651e+01) (-7.675729e-04 4.396163e-05 -2.063065e-02)) ((-3.453436e-03 1.748910e-01 3.924713e-03) (1.625008e-06 1.788067e-05 -7.331037e-05))
3.79          	((2.142738e-02 1.064380e-02 -2.021067e+01) (-7.702725e-04 4.316784e-05 -2.146434e-02)) ((-3.291527e-03 1.744533e-01 4.165118e-03) (1.382582e-06 2.767804e-05 -7.368163e-05))
3.795         	((1.958159e-02 9.512684e-03 -2.019864e+01) (-7.726278e-04 4.191801e-05 -2.229287e-02)) ((-3.270904e-03 1.739035e-01 4.269267e-03) (1.157867e-06 3.747555e-05 -7.402827e-05))
3.8           	((1.889375e-02 1.204783e-02 -2.018161e+01) (-7.750955e-04 4.060888e-05 -2.311622e-02)) ((-3.379243e-03 1.731501e-01 4.501693e-03) (9.998074e-07 4.718386e-05 -7.429823e-05))
3.805         	((1.793420e-02 1.040252e-02 -2.016652e+01) (-7.772835e-04 3.900470e-05 -2.393447e-02)) ((-3.381308e-03 1.723880e-01 4.656858e-03) (8.067721e-07 5.701956e-05 -7.447438e-05))
3.81          	((1.730855e-02 1.147958e-02 -2.013727e+01) (-7.794862e-04 3.748352e-05 -2.474720e-02)) ((-3.273284e-03 1.713366e-01 5.027022e-03) (6.090126e-07 6.690597e-05 -7.474837e-05))
3.815         	((1.770054e-02 1.033606e-02 -2.009711e+01) (-7.819197e-04 3.596209e-05 -2.555247e-02)) ((-2.980886e-03 1.703644e-01 5.383763e-03) (5.752225e-07 7.672302e-05 -7.512933e-05))
3.82          	((1.790009e-02 1.143530e-02 -2.006217e+01) (-7.841017e-04 3.438267e-05 -2.635178e-02)) ((-3.235880e-03 1.694650e-01 5.429331e-03) (6.537635e-07 8.659233e-05 -7.555719e-05))
3.825         	((1.709600e-02 1.125435e-02 -2.001522e+01) (-7.857413e-04 3.299043e-05 -2.714464e-02)) ((-3.170345e-03 1.681845e-01 5.518659e-03) (6.492771e-07 9.653693e-05 -7.600101e-05))
3.83          	((1.548833e-02 9.946744e-03 -1.996004e+01) (-7.872175e-04 3.129781e-05 -2.792957e-02)) ((-3.238104e-03 1.669957e-01 5.659535e-03) (5.819737e-07 1.064442e-04 -7.642516e-05))
3.835         	((1.466367e-02 1.129675e-02 -1.988812e+01) (-7.885582e-04 2.919845e-05 -2.870684e-02)) ((-3.392604e-03 1.656878e-01 5.954290e-03) (6.342193e-07 1.163810e-04 -7.690024e-05))
3.84          	((1.451891e-02 1.031887e-02 -1.981310e+01) (-7.895340e-04 2.724923e-05 -2.947427e-02)) ((-3.394810e-03 1.644775e-01 6.182831e-03) (6.920661e-07 1.263908e-04 -7.742615e-05))
3.845         	((1.361640e-02 1.003218e-02 -1.973225e+01) (-7.906146e-04 2.564561e-05 -3.023362e-02)) ((-3.215868e-03 1.632746e-01 6.498393e-03) (7.022136e-07 1.364591e-04 -7.796806e-05))
3.85          	((1.408912e-02 9.849080e-03 -1.964330e+01) (-7.913405e-04 2.437547e-05 -3.098451e-02)) ((-3.321665e-03 1.619462e-01 6.770264e-03) (7.308962e-07 1.465261e-04 -7.860925e-05))
3.855         	((1.463907e-02 1.001082e-02 -1.954942e+01) (-7.919271e-04 2.333032e-05 -3.172600e-02)) ((-3.477225e-03 1.605108e-01 6.979930e-03) (7.723879e-07 1.565124e-04 -7.928996e-05))
3.86          	((1.529075e-02 1.049198e-02 -1.944815e+01) (-7.917382e-04 2.172832e-05 -3.245755e-02)) ((-3.514015e-03 1.590060e-01 7.197994e-03) (9.898799e-07 1.667390e-04 -7.997257e-05))
3.865         	((1.502379e-02 9.687100e-03 -1.933990e+01) (-7.911211e-04 1.946477e-05 -3.317996e-02)) ((-3.413171e-03 1.574879e-01 7.435875e-03) (1.210706e-06 1.768695e-04 -8.059926e-05))
3.87          	((1.489808e-02 9.243297e-03 -1.922365e+01) (-7.907644e-04 1.703065e-05 -3.389041e-02)) ((-3.500371e-03 1.558357e-01 7.621734e-03) (1.245218e-06 1.868956e-04 -8.117005e-05))
3.875         	((1.511928e-02 8.786250e-03 -1.909992e+01) (-7.895132e-04 1.461463e-05 -3.459011e-02)) ((-3.468639e-03 1.541528e-01 7.846274e-03) (1.388659e-06 1.969508e-04 -8.177724e-05))
3.88          	((1.543367e-02 8.967181e-03 -1.896844e+01) (-7.878583e-04 1.248083e-05 -3.527660e-02)) ((-3.547698e-03 1.524479e-01 8.133685e-03) (1.503189e-06 2.071628e-04 -8.239375e-05))
3.885         	((1.614354e-02 8.132277e-03 -1.883017e+01) (-7.858894e-04 9.888185e-06 -3.595202e-02)) ((-3.518191e-03 1.506232e-01 8.360501e-03) (1.677793e-06 2.173915e-04 -8.302221e-05))
3.89          	((1.652872e-02 7.802181e-03 -1.868147e+01) (-7.836855e-04 7.025667e-06 -3.661429e-02)) ((-3.406300e-03 1.486629e-01 8.497085e-03) (1.731634e-06 2.275180e-04 -8.368875e-05))
3.895         	((1.736976e-02 7.903989e-03 -1.852621e+01) (-7.802560e-04 3.774273e-06 -3.726450e-02)) ((-3.402498e-03 1.467447e-01 8.659131e-03) (1.817094e-06 2.375965e-04 -8.430052e-05))
3.9           	((1.740700e-02 8.258810e-03 -1.836280e+01) (-7.764845e-04 9.790345e-07 -3.790079e-02)) ((-3.438193e-03 1.446990e-01 8.854390e-03) (1.720136e-06 2.478023e-04 -8.491629e-05))
3.905         	((1.816604e-02 7.676444e-03 -1.819260e+01) (-7.725735e-04 -1.504004e-06 -3.852234e-02)) ((-3.356284e-03 1.425655e-01 8.887215e-03) (1.796135e-06 2.579026e-04 -8.552810e-05))
3.91          	((1.823400e-02 7.179524e-03 -1.801487e+01) (-7.684808e-04 -4.101048e-06 -3.913002e-02)) ((-3.370070e-03 1.403636e-01 9.037341e-03) (1.797584e-06 2.679891e-04 -8.618485e-05))
3.915         	((1.884833e-02 7.919730e-03 -1.782883e+01) (-7.641449e-04 -6.687748e-06 -3.972186e-02)) ((-3.348266e-03 1.380354e-01 9.227294e-03) (1.879248e-06 2.779650e-04 -8.681589e-05))
3.92          	((1.978280e-02 7.829302e-03 -1.763592e+01) (-7.601659e-04 -9.264990e-06 -4.029871e-02)) ((-3.300822e-03 1.358082e-01 9.374639e-03) (1.853131e-06 2.879729e-04 -8.747289e-05))
3.925         	((2.068311e-02 7.915016e-03 -1.743371e+01) (-7.555530e-04 -1.211558e-05 -4.086001e-02)) ((-3.377840e-03 1.335214e-01 9.554706e-03) (2.031099e-06 2.979654e-04 -8.811206e-05))
3.93          	((2.169119e-02 7.862728e-03 -1.722470e+01) (-7.507828e-04 -1.470204e-05 -4.140494e-02)) ((-3.348735e-03 1.312274e-01 9.731349e-03) (2.162861e-06 3.078906e-04 -8.867907e-05))
3.935         	((2.258824e-02 7.994550e-03 -1.700851e+01) (-7.461103e-04 -1.656200e-05 -4.193405e-02)) ((-3.296559e-03 1.287987e-01 9.741752e-03) (2.224511e-06 3.176967e-04 -8.918871e-05))
3.94          	((2.397552e-02 8.702669e-03 -1.678401e+01) (-7.406693e-04 -1.887567e-05 -4.244466e-02)) ((-3.295679e-03 1.263942e-01 9.968900e-03) (2.345233e-06 3.273074e-04 -8.979843e-05))
3.945         	((2.528108e-02 8.961485e-03 -1.655100e+01) (-7.353992e-04 -2.081573e-05 -4.293939e-02)) ((-3.251954e-03 1.238500e-01 1.014473e-02) (2.517970e-06 3.369078e-04 -9.040452e-05))
3.95          	((2.679643e-02 9.044822e-03 -1.630982e+01) (-7.308175e-04 -2.344263e-05 -4.341636e-02)) ((-3.205781e-03 1.214039e-01 1.027288e-02) (2.650851e-06 3.462127e-04 -9.108042e-05))
3.955         	((2.785530e-02 9.047310e-03 -1.606278e+01) (-7.249647e-04 -2.539985e-05 -4.387350e-02)) ((-3.210054e-03 1.187152e-01 1.045719e-02) (2.779513e-06 3.554536e-04 -9.176360e-05))
3.96          	((2.866748e-02 9.158323e-03 -1.580670e+01) (-7.181842e-04 -2.709582e-05 -4.431283e-02)) ((-3.287167e-03 1.161251e-01 1.048535e-02) (2.954836e-06 3.647869e-04 -9.248807e-05))
3.965         	((2.923695e-02 8.589252e-03 -1.554346e+01) (-7.106323e-04 -2.886592e-05 -4.473251e-02)) ((-3.279980e-03 1.134382e-01 1.052951e-02) (2.860158e-06 3.739040e-04 -9.307166e-05))
3.97          	((3.041574e-02 9.161510e-03 -1.527395e+01) (-7.020066e-04 -3.078546e-05 -4.513234e-02)) ((-3.143485e-03 1.106714e-01 1.055801e-02) (3.035185e-06 3.830597e-04 -9.375840e-05))
3.975         	((3.176020e-02 9.269432e-03 -1.499776e+01) (-6.932410e-04 -3.220361e-05 -4.551107e-02)) ((-3.223694e-03 1.079150e-01 1.063191e-02) (3.029440e-06 3.919004e-04 -9.442397e-05))
3.98          	((3.287659e-02 8.551353e-03 -1.471362e+01) (-6.839964e-04 -3.358556e-05 -4.586996e-02)) ((-3.014260e-03 1.051818e-01 1.072923e-02) (3.128909e-06 4.007394e-04 -9.520138e-05))
3.985         	((3.407101e-02 8.331497e-03 -1.442144e+01) (-6.753299e-04 -3.486811e-05 -4.620950e-02)) ((-2.923625e-03 1.025244e-01 1.070423e-02) (3.082603e-06 4.091176e-04 -9.587965e-05))
3.99          	((3.520515e-02 7.494811e-03 -1.412314e+01) (-6.660334e-04 -3.612651e-05 -4.652697e-02)) ((-2.915676e-03 9.973660e-02 1.075540e-02) (3.035085e-06 4.174803e-04 -9.665414e-05))
3.995         	((3.669474e-02 7.058915e-03 -1.381549e+01) (-6.562729e-04 -3.693973e-05 -4.682341e-02)) ((-2.892746e-03 9.696584e-02 1.074652e-02) (2.851890e-06 4.256003e-04 -9.752414e-05))
4             	((3.767709e-02 8.472433e-03 -1.350022e+01) (-6.454055e-04 -3.778248e-05 -4.710078e-02)) ((-3.042679e-03 9.414588e-02 1.072686e-02) (2.908054e-06 4.334875e-04 -9.848480e-05))
4.005         	((3.896520e-02 8.815850e-03 -1.317937e+01) (-6.354788e-04 -3.786410e-05 -4.735407e-02)) ((-2.820987e-03 9.126140e-02 1.076789e-02) (2.560937e-06 4.410445e-04 -9.938674e-05))
4.01          	((3.984199e-02 8.975531e-03 -1.285230e+01) (-6.243708e-04 -3.822030e-05 -4.758496e-02)) ((-2.723428e-03 8.827028e-02 1.075612e-02) (2.545252e-06 4.485781e-04 -1.003430e-04))
4.015         	((4.059847e-02 8.248302e-03 -1.251831e+01) (-6.133284e-04 -3.871820e-05 -4.779251e-02)) ((-2.594570e-03 8.533374e-02 1.067322e-02) (2.400360e-06 4.559034e-04 -1.013581e-04))
4.02          	((4.107581e-02 8.053372e-03 -1.217841e+01) (-6.010362e-04 -3.903930e-05 -4.797934e-02)) ((-2.508849e-03 8.223099e-02 1.063726e-02) (2.266983e-06 4.630555e-04 -1.024410e-04))
4.025         	((4.163013e-02 7.978812e-03 -1.183138e+01) (-5.888211e-04 -3.923636e-05 -4.814337e-02)) ((-2.556504e-03 7.923153e-02 1.054189e-02) (1.886068e-06 4.698780e-04 -1.033606e-04))
4.03          	((4.247721e-02 8.222667e-03 -1.147905e+01) (-5.755850e-04 -3.977698e-05 -4.828312e-02)) ((-2.490659e-03 7.615526e-02 1.055298e-02) (1.613811e-06 4.765909e-04 -1.043856e-04))
4.035         	((4.332227e-02 7.404418e-03 -1.112154e+01) (-5.613779e-04 -4.019864e-05 -4.839817e-02)) ((-2.296990e-03 7.315025e-02 1.054240e-02) (1.131127e-06 4.830203e-04 -1.055463e-04))
4.04          	((4.394299e-02 6.838592e-03 -1.075791e+01) (-5.467203e-04 -4.014415e-05 -4.849030e-02)) ((-2.129497e-03 7.005624e-02 1.046721e-02) (8.868706e-07 4.892467e-04 -1.067196e-04))
4.045         	((4.460213e-02 7.180563e-03 -1.038649e+01) (-5.315166e-04 -4.048383e-05 -4.855970e-02)) ((-2.090862e-03 6.699740e-02 1.038240e-02) (4.949593e-07 4.950367e-04 -1.078829e-04))
4.05          	((4.533001e-02 7.277183e-03 -1.000894e+01) (-5.162751e-04 -4.008537e-05 -4.860389e-02)) ((-2.089386e-03 6.383452e-02 1.034823e-02) (3.907116e-08 5.007684e-04 -1.089525e-04))
4.055         	((4.590003e-02 7.195630e-03 -9.626397e+00) (-5.004521e-04 -3.987696e-05 -4.862327e-02)) ((-2.021964e-03 6.063699e-02 1.040464e-02) (-4.170595e-07 5.062578e-04 -1.101493e-04))
4.06          	((4.613310e-02 7.439394e-03 -9.239663e+00) (-4.839503e-04 -4.012805e-05 -4.861834e-02)) ((-1.957601e-03 5.744941e-02 1.031602e-02) (-8.625285e-07 5.111295e-04 -1.113743e-04))
4.065         	((4.685047e-02 6.577348e-03 -8.847735e+00) (-4.678270e-04 -3.957280e-05 -4.858958e-02)) ((-1.944826e-03 5.418234e-02 1.026949e-02) (-1.391542e-06 5.158454e-04 -1.125960e-04))
4.07          	((4.735171e-02 5.949338e-03 -8.451201e+00) (-4.511476e-04 -3.900667e-05 -4.853571e-02)) ((-1.910504e-03 5.096381e-02 1.027689e-02) (-1.859450e-06 5.204006e-04 -1.139022e-04))
4.075         	((4.755086e-02 5.851046e-03 -8.049308e+00) (-4.338330e-04 -3.836929e-05 -4.845813e-02)) ((-1.810215e-03 4.776642e-02 1.021963e-02) (-2.266841e-06 5.245701e-04 -1.151797e-04))
4.08          	((4.797020e-02 5.272329e-03 -7.642678e+00) (-4.163885e-04 -3.780755e-05 -4.835733e-02)) ((-1.638572e-03 4.450226e-02 1.006085e-02) (-2.399973e-06 5.281433e-04 -1.163742e-04))
4.085         	((4.788779e-02 5.434637e-03 -7.233103e+00) (-3.992152e-04 -3.803765e-05 -4.823096e-02)) ((-1.458333e-03 4.117294e-02 9.944003e-03) (-2.833849e-06 5.314826e-04 -1.175537e-04))
4.09          	((4.806250e-02 5.164301e-03 -6.818398e+00) (-3.819202e-04 -3.754635e-05 -4.808003e-02)) ((-1.476104e-03 3.781440e-02 9.906370e-03) (-3.106895e-06 5.345498e-04 -1.187083e-04))
4.095         	((4.797767e-02 4.405831e-03 -6.398998e+00) (-3.644284e-04 -3.727642e-05 -4.790749e-02)) ((-1.281042e-03 3.438527e-02 9.870294e-03) (-3.028243e-06 5.370566e-04 -1.197787e-04))
4.1           	((4.776622e-02 2.901264e-03 -5.976157e+00) (-3.463236e-04 -3.690052e-05 -4.770984e-02)) ((-9.942500e-04 3.096483e-02 9.790584e-03) (-3.542119e-06 5.394383e-04 -1.209573e-04))
4.105         	((4.762085e-02 2.796900e-03 -5.550027e+00) (-3.281840e-04 -3.638338e-05 -4.748800e-02)) ((-7.032832e-04 2.756474e-02 9.676420e-03) (-3.670945e-06 5.414964e-04 -1.220640e-04))
4.11          	((4.733190e-02 2.475836e-03 -5.119950e+00) (-3.097750e-04 -3.661682e-05 -4.724301e-02)) ((-6.626803e-04 2.407401e-02 9.625097e-03) (-3.722241e-06 5.431222e-04 -1.232233e-04))
4.115         	((4.725704e-02 2.605805e-03 -4.686674e+00) (-2.922187e-04 -3.673082e-05 -4.697424e-02)) ((-6.569247e-04 2.067703e-02 9.491523e-03) (-3.846712e-06 5.443665e-04 -1.244508e-04))
4.12          	((4.626267e-02 2.388128e-03 -4.249981e+00) (-2.738522e-04 -3.714800e-05 -4.668206e-02)) ((-4.479649e-04 1.716783e-02 9.338235e-03) (-3.823379e-06 5.453248e-04 -1.256740e-04))
4.125         	((4.555295e-02 2.310710e-03 -3.811030e+00) (-2.550168e-04 -3.754885e-05 -4.636689e-02)) ((-4.124997e-04 1.378582e-02 9.158869e-03) (-3.758975e-06 5.458771e-04 -1.268453e-04))
4.13          	((4.494233e-02 1.822213e-03 -3.370462e+00) (-2.371430e-04 -3.795772e-05 -4.602912e-02)) ((-2.041792e-04 1.043589e-02 9.063858e-03) (-3.709220e-06 5.461002e-04 -1.279731e-04))
4.135         	((4.414519e-02 8.544909e-04 -2.926828e+00) (-2.191233e-04 -3.860426e-05 -4.567009e-02)) ((-5.363682e-05 7.081511e-03 8.920376e-03) (-3.578181e-06 5.459412e-04 -1.291073e-04))
4.14          	((4.329946e-02 3.345659e-05 -2.480618e+00) (-2.010428e-04 -3.906461e-05 -4.528740e-02)) ((1.660524e-04 3.491123e-03 8.727835e-03) (-3.510714e-06 5.453615e-04 -1.303242e-04))
4.145         	((4.230898e-02 -5.196168e-04 -2.034093e+00) (-1.833250e-04 -3.932980e-05 -4.488288e-02)) ((2.948731e-04 -1.286595e-05 8.640719e-03) (-3.466564e-06 5.444661e-04 -1.315931e-04))
4.15          	((4.149460e-02 -8.243102e-04 -1.585594e+00) (-1.658990e-04 -3.925521e-05 -4.445727e-02)) ((3.586217e-04 -3.567600e-03 8.508198e-03) (-3.206695e-06 5.432378e-04 -1.329187e-04))
4.155         	((4.025320e-02 -3.113332e-04 -1.136905e+00) (-1.485559e-04 -3.901284e-05 -4.400933e-02)) ((4.274834e-04 -7.046820e-03 8.415324e-03) (-3.303498e-06 5.417008e-04 -1.343272e-04))
4.16          	((3.916459e-02 5.669266e-05 -6.863330e-01) (-1.307258e-04 -3.943702e-05 -4.354158e-02)) ((5.722781e-04 -1.057160e-02 8.243458e-03) (-3.130318e-06 5.398561e-04 -1.356408e-04))
4.165         	((3.824761e-02 -1.788259e-04 -2.346158e-01) (-1.140166e-04 -3.958944e-05 -4.305067e-02)) ((7.251476e-04 -1.407298e-02 8.138928e-03) (-3.231923e-06 5.376529e-04 -1.370435e-04))
4.17          	((3.716155e-02 -5.196978e-04 2.180370e-01) (-9.781949e-05 -3.941695e-05 -4.253940e-02)) ((8.870419e-04 -1.757335e-02 8.029335e-03) (-3.148782e-06 5.350702e-04 -1.382604e-04))
4.175         	((3.579302e-02 -1.548049e-03 6.698075e-01) (-8.196099e-05 -3.895396e-05 -4.200802e-02)) ((1.062714e-03 -2.101780e-02 7.927145e-03) (-3.083583e-06 5.322686e-04 -1.394582e-04))
4.18          	((3.455330e-02 -1.949962e-03 1.122653e+00) (-6.670538e-05 -3.815608e-05 -4.145726e-02)) ((1.227340e-03 -2.457725e-02 7.850676e-03) (-3.171331e-06 5.288519e-04 -1.405872e-04))
4.185         	((3.338044e-02 -2.117400e-03 1.573531e+00) (-5.137059e-05 -3.735199e-05 -4.088671e-02)) ((1.395860e-03 -2.808843e-02 7.750942e-03) (-3.237794e-06 5.251946e-04 -1.419621e-04))
4.19          	((3.161781e-02 -2.094980e-03 2.023295e+00) (-3.636412e-05 -3.588780e-05 -4.029762e-02)) ((1.290234e-03 -3.153953e-02 7.579478e-03) (-3.120959e-06 5.212414e-04 -1.432262e-04))
4.195         	((2.958431e-02 -1.914081e-03 2.472593e+00) (-2.283564e-05 -3.497332e-05 -3.969035e-02)) ((1.361518e-03 -3.501121e-02 7.382291e-03) (-2.972004e-06 5.168539e-04 -1.444371e-04))
4.2           	((2.842272e-02 -3.185458e-03 2.919726e+00) (-9.423023e-06 -3.381512e-05 -3.906520e-02)) ((1.619015e-03 -3.833381e-02 7.248888e-03) (-2.817323e-06 5.122741e-04 -1.456542e-04))
4.205         	((2.728698e-02 -3.937666e-03 3.364779e+00) (3.228999e-06 -3.219504e-05 -3.842292e-02)) ((1.706901e-03 -4.175120e-02 7.152427e-03) (-2.409269e-06 5.071536e-04 -1.467196e-04))
4.21          	((2.560984e-02 -3.885173e-03 3.807385e+00) (1.562586e-05 -3.016116e-05 -3.776256e-02)) ((1.787815e-03 -4.517545e-02 6.973519e-03) (-2.243302e-06 5.018092e-04 -1.477874e-04))
4.215         	((2.340517e-02 -3.613114e-03 4.249745e+00) (2.721793e-05 -2.776149e-05 -3.708636e-02)) ((1.739071e-03 -4.869194e-02 6.814588e-03) (-2.031056e-06 4.961809e-04 -1.487294e-04))
4.22          	((2.227937e-02 -4.022319e-03 4.689963e+00) (3.797380e-05 -2.539022e-05 -3.639391e-02)) ((1.869710e-03 -5.207613e-02 6.633937e-03) (-1.895991e-06 4.903177e-04 -1.496862e-04))
4.225         	((2.061503e-02 -4.369675e-03 5.127313e+00) (4.781019e-05 -2.318113e-05 -3.568573e-02)) ((2.064316e-03 -5.542301e-02 6.535489e-03) (-1.708815e-06 4.841939e-04 -1.506231e-04))
4.23          	((1.924423e-02 -4.327279e-03 5.562490e+00) (5.728479e-05 -2.039351e-05 -3.496291e-02)) ((2.209129e-03 -5.877186e-02 6.322422e-03) (-1.511443e-06 4.777905e-04 -1.513252e-04))
4.235         	((1.777292e-02 -4.556263e-03 5.993749e+00) (6.616346e-05 -1.786147e-05 -3.422416e-02)) ((2.442445e-03 -6.192199e-02 6.121483e-03) (-1.416784e-06 4.711350e-04 -1.520704e-04))
4.24          	((1.600769e-02 -5.210910e-03 6.422766e+00) (7.440166e-05 -1.530192e-05 -3.347085e-02)) ((2.590952e-03 -6.530236e-02 6.020732e-03) (-1.212229e-06 4.641852e-04 -1.527313e-04))
4.245         	((1.434341e-02 -5.116795e-03 6.848711e+00) (8.176077e-05 -1.281264e-05 -3.270407e-02)) ((2.616492e-03 -6.865870e-02 5.904595e-03) (-1.022704e-06 4.569263e-04 -1.532425e-04))
4.25          	((1.255107e-02 -5.394991e-03 7.270664e+00) (8.831671e-05 -1.011161e-05 -3.192401e-02)) ((2.646725e-03 -7.186514e-02 5.602730e-03) (-7.605896e-07 4.493018e-04 -1.536375e-04))
4.255         	((1.074080e-02 -5.983540e-03 7.688542e+00) (9.351842e-05 -7.096074e-06 -3.113121e-02)) ((2.724082e-03 -7.503818e-02 5.386088e-03) (-6.346059e-07 4.415211e-04 -1.539660e-04))
4.26          	((9.334339e-03 -5.955424e-03 8.103819e+00) (9.897047e-05 -3.767027e-06 -3.032591e-02)) ((2.779829e-03 -7.836483e-02 5.216600e-03) (-5.754772e-07 4.335000e-04 -1.542455e-04))
4.265         	((8.198714e-03 -6.498864e-03 8.513315e+00) (1.032847e-04 -6.923384e-07 -2.950953e-02)) ((2.938139e-03 -8.154927e-02 5.081571e-03) (-4.790157e-07 4.252758e-04 -1.544826e-04))
4.27          	((6.591250e-03 -7.160991e-03 8.919737e+00) (1.071565e-04 3.029119e-06 -2.868167e-02)) ((3.043116e-03 -8.480814e-02 4.930537e-03) (-5.269105e-07 4.168237e-04 -1.546391e-04))
4.275         	((5.483798e-03 -7.190765e-03 9.318679e+00) (1.101044e-04 6.893050e-06 -2.784343e-02)) ((3.266681e-03 -8.797462e-02 4.821311e-03) (-4.509536e-07 4.081041e-04 -1.547422e-04))
4.28          	((4.090201e-03 -7.321893e-03 9.715843e+00) (1.118730e-04 1.060387e-05 -2.699496e-02)) ((3.225213e-03 -9.119764e-02 4.747396e-03) (-4.696298e-07 3.992381e-04 -1.548579e-04))
4.285         	((2.239813e-03 -6.899458e-03 1.010617e+01) (1.129700e-04 1.435814e-05 -2.613695e-02)) ((3.273002e-03 -9.409757e-02 4.484121e-03) (-4.702081e-07 3.902059e-04 -1.549634e-04))
4.29          	((7.719524e-04 -6.639234e-03 1.048861e+01) (1.129110e-04 1.809934e-05 -2.526939e-02)) ((3.197502e-03 -9.712632e-02 4.291717e-03) (-4.755684e-07 3.809699e-04 -1.550223e-04))
4.295         	((-8.818306e-04 -7.046570e-03 1.086595e+01) (1.120786e-04 2.162149e-05 -2.439348e-02)) ((3.294753e-03 -1.000491e-01 4.151602e-03) (-3.793971e-07 3.716596e-04 -1.551334e-04))
4.3           	((-2.438818e-03 -7.411789e-03 1.124212e+01) (1.107587e-04 2.523775e-05 -2.350938e-02)) ((3.474096e-03 -1.030698e-01 4.003253e-03) (-4.410046e-07 3.621124e-04 -1.551491e-04))
4.305         	((-3.923486e-03 -7.262222e-03 1.160866e+01) (1.089032e-04 2.863962e-05 -2.261731e-02)) ((3.491916e-03 -1.058793e-01 3.830167e-03) (-5.281991e-07 3.523956e-04 -1.551175e-04))
4.31          	((-5.311833e-03 -6.557450e-03 1.197007e+01) (1.056383e-04 3.195938e-05 -2.171745e-02)) ((3.533137e-03 -1.086600e-01 3.630887e-03) (-5.969365e-07 3.425115e-04 -1.550079e-04))
4.315         	((-6.796642e-03 -5.563769e-03 1.232438e+01) (1.021363e-04 3.544327e-05 -2.081142e-02)) ((3.446112e-03 -1.113327e-01 3.521919e-03) (-6.678638e-07 3.325920e-04 -1.548833e-04))
4.32          	((-8.313797e-03 -5.622185e-03 1.267123e+01) (9.791229e-05 3.874504e-05 -1.989892e-02)) ((3.658219e-03 -1.140966e-01 3.427500e-03) (-8.032792e-07 3.224565e-04 -1.547705e-04))
4.325         	((-9.107724e-03 -5.560115e-03 1.301291e+01) (9.259362e-05 4.179059e-05 -1.898135e-02)) ((3.795408e-03 -1.168324e-01 3.379249e-03) (-9.978397e-07 3.122525e-04 -1.545783e-04))
4.33          	((-9.964288e-03 -5.980510e-03 1.334590e+01) (8.635830e-05 4.479123e-05 -1.805859e-02)) ((3.699195e-03 -1.196590e-01 3.264601e-03) (-1.218806e-06 3.019115e-04 -1.543667e-04))
4.335         	((-1.175983e-02 -6.821993e-03 1.367353e+01) (7.982555e-05 4.731668e-05 -1.713114e-02)) ((3.764530e-03 -1.221414e-01 3.119306e-03) (-1.459612e-06 2.915418e-04 -1.540909e-04))
4.34          	((-1.256371e-02 -6.789933e-03 1.399111e+01) (7.297976e-05 4.989171e-05 -1.619975e-02)) ((3.986694e-03 -1.246752e-01 2.964575e-03) (-1.653263e-06 2.811176e-04 -1.537539e-04))
4.345         	((-1.452584e-02 -6.337076e-03 1.430294e+01) (6.602359e-05 5.266284e-05 -1.526442e-02)) ((3.962803e-03 -1.273046e-01 2.832677e-03) (-1.803708e-06 2.705533e-04 -1.534140e-04))
4.35          	((-1.593085e-02 -5.687847e-03 1.460813e+01) (5.859461e-05 5.512208e-05 -1.432584e-02)) ((4.164497e-03 -1.298474e-01 2.730548e-03) (-1.922401e-06 2.599369e-04 -1.530443e-04))
4.355         	((-1.693911e-02 -5.201217e-03 1.490503e+01) (5.037472e-05 5.725676e-05 -1.338434e-02)) ((4.051789e-03 -1.321782e-01 2.643667e-03) (-1.990017e-06 2.493314e-04 -1.525472e-04))
4.36          	((-1.794527e-02 -4.476410e-03 1.519434e+01) (4.129152e-05 5.903873e-05 -1.244067e-02)) ((3.862383e-03 -1.344433e-01 2.680004e-03) (-2.106594e-06 2.386796e-04 -1.519871e-04))
4.365         	((-1.922417e-02 -3.963181e-03 1.547604e+01) (3.176312e-05 6.104067e-05 -1.149502e-02)) ((3.874979e-03 -1.367709e-01 2.616332e-03) (-2.115610e-06 2.280145e-04 -1.513179e-04))
4.37          	((-2.005737e-02 -4.262062e-03 1.574609e+01) (2.216695e-05 6.328163e-05 -1.054742e-02)) ((4.185784e-03 -1.390019e-01 2.512123e-03) (-2.079390e-06 2.173471e-04 -1.505491e-04))
4.375         	((-2.074590e-02 -3.414885e-03 1.601176e+01) (1.227258e-05 6.525912e-05 -9.598618e-03)) ((4.083484e-03 -1.411462e-01 2.256810e-03) (-2.039414e-06 2.066843e-04 -1.497962e-04))
4.38          	((-2.166290e-02 -5.720400e-03 1.626995e+01) (2.395895e-06 6.748067e-05 -8.648875e-03)) ((4.405411e-03 -1.431385e-01 1.972401e-03) (-2.023469e-06 1.960085e-04 -1.490758e-04))
4.385         	((-2.387629e-02 -5.262746e-03 1.651934e+01) (-7.720193e-06 6.992124e-05 -7.698445e-03)) ((4.177001e-03 -1.451137e-01 1.893061e-03) (-1.975940e-06 1.853403e-04 -1.484356e-04))
4.39          	((-2.442484e-02 -2.713267e-03 1.676080e+01) (-1.812617e-05 7.209867e-05 -6.747798e-03)) ((3.891349e-03 -1.469198e-01 1.947481e-03) (-1.918738e-06 1.746121e-04 -1.478307e-04))
4.395         	((-2.527429e-02 -1.682027e-03 1.699541e+01) (-2.872117e-05 7.303673e-05 -5.797084e-03)) ((4.233319e-03 -1.488194e-01 1.740272e-03) (-1.775848e-06 1.639057e-04 -1.471845e-04))
4.4           	((-2.617370e-02 -3.791443e-03 1.721958e+01) (-3.967365e-05 7.372748e-05 -4.846178e-03)) ((4.212837e-03 -1.505231e-01 1.821703e-03) (-1.759281e-06 1.531790e-04 -1.463920e-04))
4.405         	((-2.748850e-02 -4.475141e-03 1.742920e+01) (-5.105533e-05 7.469326e-05 -3.895223e-03)) ((4.217453e-03 -1.522380e-01 1.552193e-03) (-1.741999e-06 1.424081e-04 -1.455226e-04))
4.41          	((-2.881548e-02 -4.301031e-03 1.763433e+01) (-6.193188e-05 7.578572e-05 -2.944489e-03)) ((4.085774e-03 -1.539531e-01 1.314892e-03) (-1.760796e-06 1.316782e-04 -1.444948e-04))
4.415         	((-2.921342e-02 -2.758529e-03 1.783751e+01) (-7.341397e-05 7.619297e-05 -1.994850e-03)) ((3.952605e-03 -1.555003e-01 1.331739e-03) (-1.692375e-06 1.209092e-04 -1.434195e-04))
4.42          	((-3.051680e-02 -1.069548e-03 1.802707e+01) (-8.511220e-05 7.717578e-05 -1.046285e-03)) ((4.242345e-03 -1.568128e-01 1.192740e-03) (-1.662690e-06 1.101412e-04 -1.423044e-04))
4.425         	((-3.165938e-02 -2.031235e-03 1.821202e+01) (-9.725671e-05 7.805119e-05 -9.988040e-05)) ((4.459732e-03 -1.581249e-01 9.933070e-04) (-1.686248e-06 9.938617e-05 -1.410870e-04))
4.43          	((-3.202240e-02 -1.737029e-03 1.838522e+01) (-1.096148e-04 7.809613e-05 8.446505e-04)) ((4.100380e-03 -1.595107e-01 9.431112e-04) (-1.699472e-06 8.852536e-05 -1.399658e-04))
4.435         	((-3.427786e-02 -9.670853e-04 1.855189e+01) (-1.218583e-04 7.787947e-05 1.787510e-03)) ((3.680189e-03 -1.612206e-01 9.890519e-04) (-1.734226e-06 7.773068e-05 -1.388427e-04))
4.44          	((-3.456814e-02 -1.266256e-03 1.870635e+01) (-1.347836e-04 7.566820e-05 2.728053e-03)) ((4.127426e-03 -1.624863e-01 6.893369e-04) (-1.732645e-06 6.685002e-05 -1.377340e-04))
4.445         	((-3.336245e-02 -9.062761e-05 1.884955e+01) (-1.478797e-04 7.361708e-05 3.666062e-03)) ((4.580368e-03 -1.639545e-01 6.734449e-04) (-1.811358e-06 5.595251e-05 -1.366858e-04))
4.45          	((-3.563861e-02 -1.123335e-03 1.898024e+01) (-1.608439e-04 7.102611e-05 4.601002e-03)) ((4.330270e-03 -1.650294e-01 6.144851e-04) (-1.812354e-06 4.517332e-05 -1.358205e-04))
4.455         	((-3.649668e-02 1.086874e-03 1.910603e+01) (-1.734808e-04 6.887413e-05 5.533502e-03)) ((4.015741e-03 -1.658877e-01 8.999396e-04) (-1.883204e-06 3.434469e-05 -1.352806e-04))
4.46          	((-3.807001e-02 2.846919e-03 1.922285e+01) (-1.861635e-04 6.753914e-05 6.463195e-03)) ((3.324796e-03 -1.665656e-01 6.795072e-04) (-2.090194e-06 2.345756e-05 -1.347915e-04))
4.465         	((-3.989307e-02 7.634727e-04 1.933695e+01) (-1.990302e-04 6.614580e-05 7.389777e-03)) ((3.927617e-03 -1.675129e-01 4.629328e-04) (-2.498779e-06 1.270774e-05 -1.342673e-04))
4.47          	((-4.050890e-02 -1.632535e-03 1.944674e+01) (-2.116255e-04 6.448212e-05 8.313505e-03)) ((4.538914e-03 -1.683718e-01 4.826045e-04) (-2.917765e-06 1.885127e-06 -1.338201e-04))
4.475         	((-4.230563e-02 1.376530e-03 1.954724e+01) (-2.241557e-04 6.358056e-05 9.233997e-03)) ((4.438371e-03 -1.691538e-01 2.273594e-04) (-3.335100e-06 -8.934649e-06 -1.335226e-04))
4.48          	((-4.258548e-02 -4.780814e-05 1.963858e+01) (-2.373486e-04 6.214702e-05 1.015101e-02)) ((3.812100e-03 -1.694920e-01 5.359545e-04) (-3.585110e-06 -1.974220e-05 -1.332702e-04))
4.485         	((-4.409245e-02 -9.870361e-04 1.971640e+01) (-2.507703e-04 6.030752e-05 1.106486e-02)) ((3.462094e-03 -1.699676e-01 3.487205e-04) (-3.817677e-06 -3.055267e-05 -1.330524e-04))
4.49          	((-4.541640e-02 1.669640e-03 1.978684e+01) (-2.651893e-04 5.867312e-05 1.197485e-02)) ((3.417919e-03 -1.703101e-01 4.695083e-04) (-4.103090e-06 -4.138241e-05 -1.328148e-04))
4.495         	((-4.798300e-02 1.302156e-03 1.983415e+01) (-2.807900e-04 5.661887e-05 1.288191e-02)) ((3.281195e-03 -1.702766e-01 6.917502e-04) (-4.289276e-06 -5.233084e-05 -1.327637e-04))
4.5           	((-5.008409e-02 1.119285e-03 1.994916e+01) (-2.958406e-04 5.435864e-05 1.378680e-02)) ((4.176631e-03 -1.709410e-01 3.738279e-04) (-4.516291e-06 -6.314016e-05 -1.327716e-04))
4.505         	((-4.875327e-02 -2.518200e-03 2.003365e+01) (-3.111061e-04 5.249091e-05 1.468843e-02)) ((4.278755e-03 -1.723187e-01 -4.372425e-04) (-4.852851e-06 -7.392863e-05 -1.327934e-04))
4.51          	((-5.778114e-02 3.304727e-05 1.974245e+01) (-3.260878e-04 5.103833e-05 1.557205e-02)) ((3.672175e-03 -1.694067e-01 -1.702425e-04) (-5.306768e-06 -8.442855e-05 -1.326899e-04))
4.515         	((-4.928208e-02 -5.272740e-04 2.015222e+01) (-3.408430e-04 4.971961e-05 1.645882e-02)) ((3.854143e-03 -1.723087e-01 -5.099075e-04) (-5.793650e-06 -9.488030e-05 -1.326120e-04))
4.52          	((-5.190120e-02 -9.737707e-04 2.017402e+01) (-3.561633e-04 4.823488e-05 1.734315e-02)) ((3.990955e-03 -1.724348e-01 -2.897335e-04) (-6.334298e-06 -1.053657e-04 -1.324125e-04))
4.525         	((-5.372551e-02 -3.098900e-04 2.018817e+01) (-3.709822e-04 4.668362e-05 1.822205e-02)) ((3.570729e-03 -1.719497e-01 -4.716696e-04) (-6.873334e-06 -1.157576e-04 -1.321164e-04))
4.53          	((-5.474226e-02 1.020455e-03 2.021562e+01) (-3.852511e-04 4.458888e-05 1.909622e-02)) ((3.536934e-03 -1.725948e-01 -6.608354e-04) (-7.437904e-06 -1.261081e-04 -1.318242e-04))
4.535         	((-5.647281e-02 -3.620931e-04 2.023117e+01) (-3.994471e-04 4.293029e-05 1.996540e-02)) ((3.659441e-03 -1.723209e-01 -8.074873e-04) (-8.072980e-06 -1.364409e-04 -1.317300e-04))
4.54          	((-5.588545e-02 1.052982e-03 2.022641e+01) (-4.135823e-04 4.151398e-05 2.082890e-02)) ((3.860170e-03 -1.718721e-01 -8.988521e-04) (-8.687140e-06 -1.466635e-04 -1.316583e-04))
4.545         	((-5.542052e-02 -4.185799e-04 2.021439e+01) (-4.273767e-04 3.935638e-05 2.168655e-02)) ((3.577221e-03 -1.712262e-01 -9.779330e-04) (-9.262940e-06 -1.568064e-04 -1.316989e-04))
4.55          	((-5.620255e-02 3.594046e-04 2.020217e+01) (-4.409732e-04 3.794485e-05 2.253930e-02)) ((3.509964e-03 -1.706540e-01 -1.154744e-03) (-9.826082e-06 -1.670474e-04 -1.317528e-04))
4.555         	((-5.721947e-02 -1.356136e-04 2.018043e+01) (-4.543264e-04 3.678668e-05 2.338561e-02)) ((3.463973e-03 -1.699726e-01 -1.319441e-03) (-1.045778e-05 -1.772720e-04 -1.317224e-04))
4.56          	((-5.814900e-02 2.679607e-04 2.015183e+01) (-4.673608e-04 3.590610e-05 2.422590e-02)) ((3.393080e-03 -1.691683e-01 -1.332942e-03) (-1.122832e-05 -1.875510e-04 -1.317233e-04))
4.565         	((-5.823172e-02 -1.098118e-03 2.011778e+01) (-4.803791e-04 3.451232e-05 2.506045e-02)) ((3.162056e-03 -1.682823e-01 -1.502687e-03) (-1.193623e-05 -1.978835e-04 -1.316003e-04))
4.57          	((-5.876722e-02 3.175350e-04 2.007925e+01) (-4.927455e-04 3.269514e-05 2.588663e-02)) ((3.191888e-03 -1.675092e-01 -1.381753e-03) (-1.272384e-05 -2.081039e-04 -1.314369e-04))
4.575         	((-5.770437e-02 -1.083863e-03 2.003220e+01) (-5.048526e-04 3.080045e-05 2.670492e-02)) ((3.241105e-03 -1.667082e-01 -1.491169e-03) (-1.353399e-05 -2.182526e-04 -1.312725e-04))
4.58          	((-5.753855e-02 -1.852087e-04 1.998036e+01) (-5.172352e-04 2.912841e-05 2.751571e-02)) ((3.241400e-03 -1.658792e-01 -1.802122e-03) (-1.431704e-05 -2.284808e-04 -1.311620e-04))
4.585         	((-5.806597e-02 3.708919e-04 1.992081e+01) (-5.295756e-04 2.756712e-05 2.831841e-02)) ((3.093757e-03 -1.648233e-01 -1.953340e-03) (-1.494078e-05 -2.386640e-04 -1.309155e-04))
4.59          	((-5.758644e-02 1.098490e-04 1.985111e+01) (-5.416435e-04 2.613733e-05 2.911115e-02)) ((2.899532e-03 -1.635908e-01 -2.018818e-03) (-1.549866e-05 -2.488432e-04 -1.305715e-04))
4.595         	((-5.713338e-02 9.879270e-04 1.977509e+01) (-5.540441e-04 2.459953e-05 2.989506e-02)) ((2.726896e-03 -1.621860e-01 -2.034814e-03) (-1.599142e-05 -2.590819e-04 -1.302233e-04))
4.6           	((-5.786018e-02 -5.580594e-05 1.969588e+01) (-5.660143e-04 2.356571e-05 3.066896e-02)) ((2.886661e-03 -1.610054e-01 -2.096242e-03) (-1.655417e-05 -2.692391e-04 -1.299102e-04))
4.605         	((-5.777588e-02 -4.515886e-04 1.960544e+01) (-5.783264e-04 2.233557e-05 3.143213e-02)) ((2.834102e-03 -1.596089e-01 -2.179574e-03) (-1.692304e-05 -2.794601e-04 -1.294470e-04))
4.61          	((-5.665561e-02 -5.472921e-04 1.950886e+01) (-5.907884e-04 2.067885e-05 3.218452e-02)) ((2.881080e-03 -1.582244e-01 -2.284477e-03) (-1.721934e-05 -2.896367e-04 -1.289356e-04))
4.615         	((-5.633790e-02 -1.056674e-03 1.940369e+01) (-6.029515e-04 1.853617e-05 3.292654e-02)) ((2.748384e-03 -1.567801e-01 -2.257960e-03) (-1.759020e-05 -2.999812e-04 -1.282296e-04))
4.62          	((-5.595176e-02 -1.757018e-03 1.929205e+01) (-6.155691e-04 1.682248e-05 3.365659e-02)) ((2.617452e-03 -1.552283e-01 -2.200319e-03) (-1.781092e-05 -3.102989e-04 -1.275799e-04))
4.625         	((-5.500878e-02 -2.227978e-03 1.917079e+01) (-6.281487e-04 1.517474e-05 3.437323e-02)) ((2.591162e-03 -1.537143e-01 -2.217998e-03) (-1.800662e-05 -3.204410e-04 -1.268813e-04))
4.63          	((-5.424522e-02 -2.021358e-03 1.904203e+01) (-6.410133e-04 1.303884e-05 3.507674e-02)) ((2.461111e-03 -1.521031e-01 -2.178152e-03) (-1.835532e-05 -3.304971e-04 -1.259811e-04))
4.635         	((-5.359180e-02 -1.445968e-03 1.890440e+01) (-6.543219e-04 1.087097e-05 3.576818e-02)) ((2.457116e-03 -1.504613e-01 -2.041643e-03) (-1.865251e-05 -3.406291e-04 -1.249556e-04))
4.64          	((-5.234913e-02 -1.295548e-03 1.875801e+01) (-6.679778e-04 8.622796e-06 3.644440e-02)) ((2.450707e-03 -1.487142e-01 -1.857838e-03) (-1.893902e-05 -3.504765e-04 -1.238302e-04))
4.645         	((-5.144224e-02 -2.040349e-03 1.860681e+01) (-6.818840e-04 6.424371e-06 3.710507e-02)) ((2.415041e-03 -1.469038e-01 -1.665324e-03) (-1.909771e-05 -3.602567e-04 -1.226474e-04))
4.65          	((-4.942460e-02 -2.005822e-03 1.844717e+01) (-6.960035e-04 3.864355e-06 3.775124e-02)) ((2.276481e-03 -1.449700e-01 -1.578936e-03) (-1.908067e-05 -3.699145e-04 -1.214043e-04))
4.655         	((-4.758626e-02 -1.714875e-03 1.827789e+01) (-7.109906e-04 9.157882e-07 3.838077e-02)) ((2.196288e-03 -1.429399e-01 -1.344110e-03) (-1.922763e-05 -3.794433e-04 -1.202097e-04))
4.66          	((-4.653079e-02 -2.454458e-03 1.810085e+01) (-7.256749e-04 -1.678213e-06 3.899629e-02)) ((2.171608e-03 -1.411124e-01 -1.269885e-03) (-1.934820e-05 -3.890733e-04 -1.188913e-04))
4.665         	((-4.498011e-02 -2.541762e-03 1.791549e+01) (-7.406622e-04 -4.660976e-06 3.959282e-02)) ((2.257093e-03 -1.391606e-01 -1.058487e-03) (-1.944140e-05 -3.983541e-04 -1.175808e-04))
4.67          	((-4.367356e-02 -2.660147e-03 1.772138e+01) (-7.554093e-04 -6.907882e-06 4.017146e-02)) ((2.207931e-03 -1.370778e-01 -9.457720e-04) (-1.966704e-05 -4.074359e-04 -1.162080e-04))
4.675         	((-4.207497e-02 -2.835162e-03 1.751832e+01) (-7.703015e-04 -1.006243e-05 4.073115e-02)) ((2.142959e-03 -1.348004e-01 -7.062107e-04) (-1.989287e-05 -4.163675e-04 -1.146185e-04))
4.68          	((-4.098157e-02 -2.263101e-03 1.731081e+01) (-7.851792e-04 -1.266305e-05 4.127244e-02)) ((2.114239e-03 -1.326935e-01 -5.777708e-04) (-2.024482e-05 -4.252683e-04 -1.130399e-04))
4.685         	((-3.928106e-02 -2.431404e-03 1.709499e+01) (-7.996649e-04 -1.538813e-05 4.179416e-02)) ((2.128875e-03 -1.304786e-01 -2.855663e-04) (-2.054462e-05 -4.340119e-04 -1.114722e-04))
4.69          	((-3.823797e-02 -2.736261e-03 1.686959e+01) (-8.145830e-04 -1.818517e-05 4.229566e-02)) ((2.128349e-03 -1.281869e-01 -4.270536e-05) (-2.081454e-05 -4.425930e-04 -1.098937e-04))
4.695         	((-3.744479e-02 -2.560034e-03 1.663733e+01) (-8.299010e-04 -2.131101e-05 4.277645e-02)) ((1.900039e-03 -1.259115e-01 1.280969e-04) (-2.111772e-05 -4.511117e-04 -1.083293e-04))
4.7           	((-3.646601e-02 -2.990468e-03 1.639618e+01) (-8.459303e-04 -2.455371e-05 4.323469e-02)) ((1.710081e-03 -1.235636e-01 2.430964e-04) (-2.119458e-05 -4.594741e-04 -1.070345e-04))
4.705         	((-3.555003e-02 -4.557746e-03 1.614562e+01) (-8.614235e-04 -2.798856e-05 4.367280e-02)) ((1.852506e-03 -1.211589e-01 3.721239e-04) (-2.118267e-05 -4.677290e-04 -1.057228e-04))
4.71          	((-3.472695e-02 -4.683302e-03 1.588839e+01) (-8.774475e-04 -3.199850e-05 4.408942e-02)) ((1.765942e-03 -1.186661e-01 5.604259e-04) (-2.117116e-05 -4.758560e-04 -1.044359e-04))
4.715         	((-3.364497e-02 -4.189751e-03 1.562225e+01) (-8.938332e-04 -3.517578e-05 4.448275e-02)) ((1.600860e-03 -1.161881e-01 7.671691e-04) (-2.100466e-05 -4.836575e-04 -1.032421e-04))
4.72          	((-3.290029e-02 -4.658871e-03 1.535138e+01) (-9.097497e-04 -3.844354e-05 4.485391e-02)) ((1.606478e-03 -1.135819e-01 1.026393e-03) (-2.079050e-05 -4.914802e-04 -1.023616e-04))
4.725         	((-3.235411e-02 -4.401612e-03 1.506948e+01) (-9.255449e-04 -4.206961e-05 4.520191e-02)) ((1.457884e-03 -1.110493e-01 1.158921e-03) (-2.063921e-05 -4.992307e-04 -1.013778e-04))
4.73          	((-3.253193e-02 -4.030081e-03 1.478261e+01) (-9.408066e-04 -4.566073e-05 4.552663e-02)) ((1.313345e-03 -1.084203e-01 1.302420e-03) (-2.018918e-05 -5.069150e-04 -1.006523e-04))
4.735         	((-3.255428e-02 -4.854039e-03 1.448595e+01) (-9.566566e-04 -4.917663e-05 4.582698e-02)) ((1.295680e-03 -1.057329e-01 1.424886e-03) (-1.969678e-05 -5.143044e-04 -9.983052e-05))
4.74          	((-3.273481e-02 -4.862495e-03 1.418334e+01) (-9.723041e-04 -5.324014e-05 4.610267e-02)) ((1.087426e-03 -1.029273e-01 1.584070e-03) (-1.897393e-05 -5.213956e-04 -9.915707e-05))
4.745         	((-3.249685e-02 -4.668686e-03 1.387424e+01) (-9.878251e-04 -5.688334e-05 4.635660e-02)) ((9.827512e-04 -1.000966e-01 1.688991e-03) (-1.851775e-05 -5.286001e-04 -9.849921e-05))
4.75          	((-3.219429e-02 -5.402533e-03 1.355760e+01) (-1.003346e-03 -6.041056e-05 4.658511e-02)) ((8.953602e-04 -9.724334e-02 1.856676e-03) (-1.775435e-05 -5.356492e-04 -9.789606e-05))
4.755         	((-3.186803e-02 -4.769949e-03 1.323176e+01) (-1.018843e-03 -6.316991e-05 4.678965e-02)) ((6.872616e-04 -9.430565e-02 1.889789e-03) (-1.702138e-05 -5.423784e-04 -9.736014e-05))
4.76          	((-3.177402e-02 -4.760580e-03 1.289917e+01) (-1.034059e-03 -6.591965e-05 4.697057e-02)) ((4.398626e-04 -9.137495e-02 1.908284e-03) (-1.629880e-05 -5.490226e-04 -9.699462e-05))
4.765         	((-3.130570e-02 -5.219713e-03 1.255842e+01) (-1.048376e-03 -6.833652e-05 4.712735e-02)) ((4.247280e-04 -8.836448e-02 1.947539e-03) (-1.545741e-05 -5.552795e-04 -9.666578e-05))
4.77          	((-3.041575e-02 -5.523237e-03 1.221035e+01) (-1.062230e-03 -7.040667e-05 4.726093e-02)) ((2.537112e-04 -8.528871e-02 2.041453e-03) (-1.453355e-05 -5.615693e-04 -9.638364e-05))
4.775         	((-2.974926e-02 -4.956048e-03 1.185767e+01) (-1.076504e-03 -7.245413e-05 4.736834e-02)) ((1.617751e-04 -8.209338e-02 2.032381e-03) (-1.371437e-05 -5.675213e-04 -9.641090e-05))
4.78          	((-2.907937e-02 -5.224825e-03 1.149930e+01) (-1.090160e-03 -7.446992e-05 4.745299e-02)) ((-6.736535e-05 -7.893310e-02 2.170866e-03) (-1.257200e-05 -5.733018e-04 -9.650190e-05))
4.785         	((-2.847229e-02 -5.105724e-03 1.113399e+01) (-1.103071e-03 -7.633112e-05 4.751299e-02)) ((-1.245693e-04 -7.571710e-02 2.024257e-03) (-1.148244e-05 -5.788470e-04 -9.662607e-05))
4.79          	((-2.835386e-02 -5.150902e-03 1.076258e+01) (-1.115423e-03 -7.914027e-05 4.754838e-02)) ((-2.543613e-04 -7.253521e-02 2.068007e-03) (-1.030488e-05 -5.842645e-04 -9.678637e-05))
4.795         	((-2.820891e-02 -4.816975e-03 1.038682e+01) (-1.127435e-03 -8.110561e-05 4.756026e-02)) ((-4.813460e-04 -6.927814e-02 1.892700e-03) (-8.921730e-06 -5.895399e-04 -9.687458e-05))
4.8           	((-2.797268e-02 -4.831206e-03 1.000369e+01) (-1.138211e-03 -8.389659e-05 4.754553e-02)) ((-6.479961e-04 -6.599798e-02 1.809546e-03) (-7.728209e-06 -5.944884e-04 -9.695872e-05))
4.805         	((-2.777138e-02 -4.104189e-03 9.617978e+00) (-1.148531e-03 -8.592441e-05 4.750706e-02)) ((-9.510640e-04 -6.263391e-02 1.879853e-03) (-6.197103e-06 -5.990898e-04 -9.706255e-05))
4.81          	((-2.764279e-02 -3.985428e-03 9.225744e+00) (-1.158135e-03 -8.884667e-05 4.744368e-02)) ((-1.037370e-03 -5.936602e-02 1.770513e-03) (-4.914371e-06 -6.035073e-04 -9.710474e-05))
4.815         	((-2.662604e-02 -3.697409e-03 8.828155e+00) (-1.166685e-03 -9.115087e-05 4.735576e-02)) ((-1.146084e-03 -5.591440e-02 1.641125e-03) (-3.730089e-06 -6.076522e-04 -9.710336e-05))
4.82          	((-2.645979e-02 -3.506334e-03 8.426679e+00) (-1.174975e-03 -9.302899e-05 4.724480e-02)) ((-1.280708e-03 -5.242526e-02 1.582869e-03) (-2.391446e-06 -6.114894e-04 -9.727845e-05))
4.825         	((-2.590472e-02 -3.763694e-03 8.020980e+00) (-1.182461e-03 -9.525107e-05 4.710894e-02)) ((-1.522123e-03 -4.907301e-02 1.447014e-03) (-1.176328e-06 -6.151488e-04 -9.757591e-05))
4.83          	((-2.483619e-02 -4.104867e-03 7.611065e+00) (-1.189673e-03 -9.703154e-05 4.695083e-02)) ((-1.658702e-03 -4.557999e-02 1.243520e-03) (2.049817e-07 -6.185432e-04 -9.800653e-05))
4.835         	((-2.450765e-02 -3.849773e-03 7.196969e+00) (-1.195193e-03 -9.925915e-05 4.676790e-02)) ((-1.821883e-03 -4.209057e-02 1.017718e-03) (1.455480e-06 -6.216639e-04 -9.849552e-05))
4.84          	((-2.401632e-02 -3.801399e-03 6.778311e+00) (-1.200468e-03 -1.013338e-04 4.656157e-02)) ((-1.729501e-03 -3.860551e-02 8.659442e-04) (2.888441e-06 -6.245043e-04 -9.901071e-05))
4.845         	((-2.327791e-02 -3.559762e-03 6.355881e+00) (-1.205351e-03 -1.032347e-04 4.633216e-02)) ((-1.858261e-03 -3.519179e-02 7.202918e-04) (4.417787e-06 -6.271279e-04 -9.968238e-05))
4.85          	((-2.274550e-02 -2.653295e-03 5.929311e+00) (-1.209313e-03 -1.052232e-04 4.607957e-02)) ((-1.831566e-03 -3.175256e-02 5.009051e-04) (5.664521e-06 -6.295446e-04 -1.002168e-04))
4.855         	((-2.199881e-02 -2.968117e-03 5.500444e+00) (-1.212402e-03 -1.071332e-04 4.580501e-02)) ((-1.897778e-03 -2.827367e-02 2.706243e-04) (6.781045e-06 -6.318441e-04 -1.008087e-04))
4.86          	((-2.160404e-02 -2.180241e-03 5.069310e+00) (-1.214817e-03 -1.084880e-04 4.550781e-02)) ((-2.039371e-03 -2.476478e-02 -3.232899e-05) (8.211144e-06 -6.335542e-04 -1.014324e-04))
4.865         	((-2.062797e-02 -1.637428e-03 4.634379e+00) (-1.216766e-03 -1.102740e-04 4.518667e-02)) ((-2.090057e-03 -2.126349e-02 -2.294278e-04) (9.473895e-06 -6.349885e-04 -1.020134e-04))
4.87          	((-1.940384e-02 -1.503023e-03 4.197752e+00) (-1.217912e-03 -1.118193e-04 4.484485e-02)) ((-2.130828e-03 -1.762029e-02 -4.153243e-04) (1.052588e-05 -6.360303e-04 -1.026071e-04))
4.875         	((-1.894516e-02 -1.337261e-03 3.758788e+00) (-1.218591e-03 -1.136077e-04 4.448155e-02)) ((-2.213773e-03 -1.408669e-02 -7.960047e-04) (1.167041e-05 -6.367936e-04 -1.033147e-04))
4.88          	((-1.787908e-02 -5.938826e-04 3.315775e+00) (-1.218317e-03 -1.144518e-04 4.409748e-02)) ((-2.178609e-03 -1.048531e-02 -1.063969e-03) (1.274030e-05 -6.371676e-04 -1.041130e-04))
4.885         	((-1.679617e-02 1.398990e-04 2.871992e+00) (-1.217442e-03 -1.152993e-04 4.369206e-02)) ((-2.224775e-03 -6.887151e-03 -1.326869e-03) (1.362407e-05 -6.372760e-04 -1.049177e-04))
4.89          	((-1.547058e-02 2.062538e-05 2.425681e+00) (-1.215794e-03 -1.165159e-04 4.326664e-02)) ((-2.296361e-03 -3.304000e-03 -1.415620e-03) (1.466381e-05 -6.371447e-04 -1.056796e-04))
4.895         	((-1.416228e-02 9.745804e-05 1.978482e+00) (-1.212994e-03 -1.180383e-04 4.282131e-02)) ((-2.343448e-03 3.406867e-04 -1.693650e-03) (1.568543e-05 -6.364988e-04 -1.064657e-04))
4.9           	((-1.347166e-02 4.937769e-04 1.531318e+00) (-1.209625e-03 -1.194378e-04 4.235590e-02)) ((-2.435439e-03 3.810137e-03 -1.968416e-03) (1.650188e-05 -6.357352e-04 -1.071685e-04))
4.905         	((-1.165290e-02 8.028630e-04 1.082455e+00) (-1.205918e-03 -1.209212e-04 4.187085e-02)) ((-2.384286e-03 7.414851e-03 -2.141995e-03) (1.740092e-05 -6.344465e-04 -1.077662e-04))
4.91          	((-1.064020e-02 1.147121e-03 6.321289e-01) (-1.201138e-03 -1.215971e-04 4.136621e-02)) ((-2.544302e-03 1.093501e-02 -2.331067e-03) (1.827132e-05 -6.328311e-04 -1.082771e-04))
4.915         	((-8.508222e-03 1.554100e-03 1.812334e-01) (-1.196182e-03 -1.221044e-04 4.084468e-02)) ((-2.603613e-03 1.464097e-02 -2.496961e-03) (1.910825e-05 -6.309198e-04 -1.087875e-04))
4.92          	((-7.131354e-03 2.028741e-03 -2.693588e-01) (-1.190312e-03 -1.228731e-04 4.030497e-02)) ((-2.522126e-03 1.825890e-02 -2.679345e-03) (1.996324e-05 -6.288079e-04 -1.092453e-04))
4.925         	((-5.526617e-03 2.676508e-03 -7.202643e-01) (-1.184245e-03 -1.231503e-04 3.974689e-02)) ((-2.521408e-03 2.185522e-02 -2.799794e-03) (2.077967e-05 -6.262595e-04 -1.096411e-04))
4.93          	((-4.344976e-03 3.934585e-03 -1.170533e+00) (-1.177391e-03 -1.230654e-04 3.917253e-02)) ((-2.621199e-03 2.540779e-02 -3.100400e-03) (2.153436e-05 -6.234205e-04 -1.099467e-04))
4.935         	((-2.721904e-03 4.406256e-03 -1.620288e+00) (-1.170251e-03 -1.232019e-04 3.858060e-02)) ((-2.686904e-03 2.917235e-02 -3.289103e-03) (2.216883e-05 -6.202789e-04 -1.102398e-04))
4.94          	((-1.483140e-03 5.212231e-03 -2.068467e+00) (-1.162830e-03 -1.232699e-04 3.797272e-02)) ((-2.746383e-03 3.276558e-02 -3.435637e-03) (2.283972e-05 -6.170553e-04 -1.104176e-04))
4.945         	((2.302771e-05 5.836719e-03 -2.516437e+00) (-1.154965e-03 -1.232559e-04 3.734898e-02)) ((-2.796551e-03 3.639095e-02 -3.566149e-03) (2.362332e-05 -6.133685e-04 -1.107163e-04))
4.95          	((1.047142e-03 6.412742e-03 -2.962908e+00) (-1.146845e-03 -1.231034e-04 3.670872e-02)) ((-2.820951e-03 3.998856e-02 -3.731650e-03) (2.423902e-05 -6.093652e-04 -1.108741e-04))
4.955         	((2.413904e-03 7.306766e-03 -3.408286e+00) (-1.138342e-03 -1.226592e-04 3.605453e-02)) ((-2.678010e-03 4.352456e-02 -4.097907e-03) (2.476192e-05 -6.051803e-04 -1.108547e-04))
4.96          	((3.197647e-03 7.844841e-03 -3.849451e+00) (-1.129190e-03 -1.222266e-04 3.538686e-02)) ((-2.712608e-03 4.698168e-02 -4.198242e-03) (2.527820e-05 -6.007113e-04 -1.108269e-04))
4.965         	((4.970857e-03 7.794474e-03 -4.288344e+00) (-1.120144e-03 -1.216996e-04 3.470327e-02)) ((-2.694398e-03 5.053990e-02 -4.293856e-03) (2.563941e-05 -5.958012e-04 -1.105752e-04))
4.97          	((6.602871e-03 8.663440e-03 -4.724373e+00) (-1.110772e-03 -1.208387e-04 3.400622e-02)) ((-2.863776e-03 5.405530e-02 -4.456040e-03) (2.601186e-05 -5.906493e-04 -1.102949e-04))
4.975         	((7.185673e-03 8.572420e-03 -5.158679e+00) (-1.100439e-03 -1.193165e-04 3.329671e-02)) ((-3.043644e-03 5.753479e-02 -4.550578e-03) (2.636779e-05 -5.852447e-04 -1.099030e-04))
4.98          	((8.923494e-03 7.874554e-03 -5.593448e+00) (-1.089890e-03 -1.181103e-04 3.257445e-02)) ((-2.961278e-03 6.097345e-02 -4.614217e-03) (2.668608e-05 -5.794002e-04 -1.093845e-04))
4.985         	((1.032399e-02 8.297303e-03 -6.023111e+00) (-1.079338e-03 -1.168667e-04 3.183990e-02)) ((-3.073089e-03 6.430878e-02 -4.643443e-03) (2.706027e-05 -5.732589e-04 -1.088207e-04))
4.99          	((1.208003e-02 9.254293e-03 -6.448813e+00) (-1.069038e-03 -1.158081e-04 3.109373e-02)) ((-2.984297e-03 6.780999e-02 -4.653803e-03) (2.724521e-05 -5.669699e-04 -1.081972e-04))
4.995         	((1.378972e-02 1.011510e-02 -6.871930e+00) (-1.058924e-03 -1.144706e-04 3.033648e-02)) ((-2.981390e-03 7.124672e-02 -4.603190e-03) (2.746419e-05 -5.603819e-04 -1.074958e-04))
5             	((1.533059e-02 9.582667e-03 -7.291288e+00) (-1.048974e-03 -1.131138e-04 2.956737e-02)) ((-2.901961e-03 7.460849e-02 -4.700734e-03) (2.761584e-05 -5.536380e-04 -1.066967e-04))
5.005         	((1.654897e-02 1.040090e-02 -7.708976e+00) (-1.038901e-03 -1.117879e-04 2.878823e-02)) ((-2.992019e-03 7.801564e-02 -4.798366e-03) (2.766750e-05 -5.466241e-04 -1.059015e-04))
5.01          	((1.777465e-02 1.122156e-02 -8.121976e+00) (-1.029078e-03 -1.099627e-04 2.799811e-02)) ((-3.269302e-03 8.129978e-02 -4.789321e-03) (2.759264e-05 -5.394363e-04 -1.050910e-04))
5.015         	((1.920112e-02 1.109941e-02 -8.529867e+00) (-1.019101e-03 -1.079078e-04 2.719850e-02)) ((-3.172184e-03 8.465746e-02 -4.743492e-03) (2.760288e-05 -5.320575e-04 -1.043749e-04))
5.02          	((2.069774e-02 1.092440e-02 -8.933457e+00) (-1.009247e-03 -1.057260e-04 2.638906e-02)) ((-3.085219e-03 8.797964e-02 -4.749576e-03) (2.768063e-05 -5.244053e-04 -1.034752e-04))
5.025         	((2.171416e-02 1.169731e-02 -9.329937e+00) (-9.990239e-04 -1.038363e-04 2.557099e-02)) ((-3.125962e-03 9.124668e-02 -4.807492e-03) (2.748861e-05 -5.166051e-04 -1.025045e-04))
5.03          	((2.273976e-02 1.106438e-02 -9.721476e+00) (-9.886640e-04 -1.020807e-04 2.474402e-02)) ((-3.090430e-03 9.459806e-02 -4.817322e-03) (2.728440e-05 -5.084284e-04 -1.014645e-04))
5.035         	((2.423894e-02 1.097113e-02 -1.011027e+01) (-9.781909e-04 -1.003773e-04 2.390819e-02)) ((-3.183906e-03 9.780961e-02 -4.775915e-03) (2.713368e-05 -5.002217e-04 -1.004716e-04))
5.04          	((2.557482e-02 1.111941e-02 -1.049227e+01) (-9.674169e-04 -9.847656e-05 2.306444e-02)) ((-3.304692e-03 1.009111e-01 -4.783137e-03) (2.700236e-05 -4.916819e-04 -9.942711e-05))
5.045         	((2.679448e-02 1.108912e-02 -1.087061e+01) (-9.561207e-04 -9.707232e-05 2.221337e-02)) ((-3.271106e-03 1.039198e-01 -4.693579e-03) (2.677747e-05 -4.829277e-04 -9.831435e-05))
5.05          	((2.772866e-02 1.145360e-02 -1.124382e+01) (-9.455817e-04 -9.558450e-05 2.135547e-02)) ((-3.174896e-03 1.069959e-01 -4.526898e-03) (2.656380e-05 -4.740372e-04 -9.737027e-05))
5.055         	((2.900819e-02 1.164008e-02 -1.160950e+01) (-9.350270e-04 -9.378448e-05 2.049137e-02)) ((-3.225592e-03 1.100698e-01 -4.586397e-03) (2.627985e-05 -4.649860e-04 -9.638206e-05))
5.06          	((2.994518e-02 1.137034e-02 -1.197015e+01) (-9.248308e-04 -9.187793e-05 1.962089e-02)) ((-3.135718e-03 1.130438e-01 -4.394030e-03) (2.591327e-05 -4.557310e-04 -9.540349e-05))
5.065         	((3.050212e-02 1.195369e-02 -1.232327e+01) (-9.151645e-04 -8.998630e-05 1.874434e-02)) ((-3.249383e-03 1.157908e-01 -4.360927e-03) (2.559674e-05 -4.464163e-04 -9.432595e-05))
5.07          	((3.198358e-02 1.193660e-02 -1.266895e+01) (-9.055801e-04 -8.830092e-05 1.786274e-02)) ((-3.311905e-03 1.186110e-01 -4.367429e-03) (2.529053e-05 -4.369492e-04 -9.320993e-05))
5.075         	((3.290477e-02 1.179893e-02 -1.300863e+01) (-8.967220e-04 -8.619300e-05 1.697613e-02)) ((-3.147693e-03 1.213981e-01 -4.124731e-03) (2.507931e-05 -4.273863e-04 -9.214208e-05))
5.08          	((3.394138e-02 1.191197e-02 -1.334413e+01) (-8.875148e-04 -8.468566e-05 1.608531e-02)) ((-3.265958e-03 1.243168e-01 -4.027942e-03) (2.474778e-05 -4.175879e-04 -9.117441e-05))
5.085         	((3.438178e-02 1.256581e-02 -1.367260e+01) (-8.788879e-04 -8.291897e-05 1.518995e-02)) ((-3.164651e-03 1.270344e-01 -3.876302e-03) (2.446722e-05 -4.077032e-04 -9.030150e-05))
5.09          	((3.554596e-02 1.180217e-02 -1.399235e+01) (-8.696651e-04 -8.125410e-05 1.429118e-02)) ((-3.199455e-03 1.295166e-01 -3.692296e-03) (2.414818e-05 -3.976492e-04 -8.953314e-05))
5.095         	((3.624655e-02 1.176273e-02 -1.430244e+01) (-8.610959e-04 -7.941561e-05 1.338882e-02)) ((-3.315196e-03 1.321271e-01 -3.454300e-03) (2.379737e-05 -3.874917e-04 -8.878598e-05))
5.1           	((3.626392e-02 1.141383e-02 -1.460723e+01) (-8.527446e-04 -7.761160e-05 1.248289e-02)) ((-3.260791e-03 1.347123e-01 -3.352054e-03) (2.334261e-05 -3.772242e-04 -8.802862e-05))
5.105         	((3.625801e-02 1.287456e-02 -1.490338e+01) (-8.445267e-04 -7.555333e-05 1.157404e-02)) ((-3.208656e-03 1.371678e-01 -3.194015e-03) (2.290378e-05 -3.668168e-04 -8.729993e-05))
5.11          	((3.632209e-02 1.329229e-02 -1.519334e+01) (-8.364673e-04 -7.321884e-05 1.066226e-02)) ((-3.189899e-03 1.396278e-01 -2.965724e-03) (2.239986e-05 -3.563366e-04 -8.662750e-05))
5.115         	((3.739223e-02 1.199594e-02 -1.547271e+01) (-8.288162e-04 -7.088878e-05 9.748055e-03)) ((-2.903574e-03 1.418686e-01 -2.821652e-03) (2.179196e-05 -3.456912e-04 -8.600075e-05))
5.12          	((3.817997e-02 1.275660e-02 -1.574455e+01) (-8.212379e-04 -6.885951e-05 8.831926e-03)) ((-3.242284e-03 1.438655e-01 -2.679206e-03) (2.118560e-05 -3.349831e-04 -8.543572e-05))
5.125         	((3.831064e-02 1.268159e-02 -1.600834e+01) (-8.142080e-04 -6.687374e-05 7.913689e-03)) ((-3.473894e-03 1.461107e-01 -2.494058e-03) (2.049579e-05 -3.242253e-04 -8.491937e-05))
5.13          	((3.846833e-02 1.197727e-02 -1.626659e+01) (-8.075226e-04 -6.435049e-05 6.993598e-03)) ((-3.384116e-03 1.482022e-01 -2.508213e-03) (1.976895e-05 -3.134221e-04 -8.446827e-05))
5.135         	((3.807282e-02 1.239958e-02 -1.651457e+01) (-8.006869e-04 -6.205479e-05 6.072330e-03)) ((-3.371009e-03 1.504154e-01 -2.334078e-03) (1.908683e-05 -3.025874e-04 -8.410633e-05))
5.14          	((3.836985e-02 1.256206e-02 -1.675472e+01) (-7.949888e-04 -5.995071e-05 5.150344e-03)) ((-3.235482e-03 1.523197e-01 -2.163766e-03) (1.837823e-05 -2.917716e-04 -8.385016e-05))
5.145         	((3.849313e-02 1.244811e-02 -1.698414e+01) (-7.897258e-04 -5.767305e-05 4.227937e-03)) ((-3.140642e-03 1.538161e-01 -2.030093e-03) (1.761537e-05 -2.808691e-04 -8.354740e-05))
5.15          	((3.906125e-02 1.234958e-02 -1.720802e+01) (-7.848691e-04 -5.534605e-05 3.305381e-03)) ((-3.171469e-03 1.556028e-01 -1.811241e-03) (1.689402e-05 -2.699019e-04 -8.333488e-05))
5.155         	((3.854323e-02 1.166496e-02 -1.742311e+01) (-7.794453e-04 -5.332332e-05 2.383655e-03)) ((-2.596452e-03 1.572673e-01 -1.766694e-03) (1.632117e-05 -2.588891e-04 -8.319546e-05))
5.16          	((3.837250e-02 1.120796e-02 -1.763260e+01) (-7.741095e-04 -5.105107e-05 1.462235e-03)) ((-2.809893e-03 1.591576e-01 -1.446913e-03) (1.587884e-05 -2.478309e-04 -8.313762e-05))
5.165         	((3.693022e-02 1.186063e-02 -1.783338e+01) (-7.693472e-04 -4.845814e-05 5.417526e-04)) ((-3.523261e-03 1.608890e-01 -1.442113e-03) (1.534384e-05 -2.367822e-04 -8.306264e-05))
5.17          	((3.714068e-02 1.233038e-02 -1.802003e+01) (-7.654921e-04 -4.591210e-05 -3.768135e-04)) ((-3.694612e-03 1.623086e-01 -1.140614e-03) (1.473188e-05 -2.256775e-04 -8.282942e-05))
5.175         	((3.520931e-02 1.208343e-02 -1.820101e+01) (-7.620101e-04 -4.342153e-05 -1.293238e-03)) ((-3.867041e-03 1.636978e-01 -7.089595e-04) (1.406446e-05 -2.146431e-04 -8.259528e-05))
5.18          	((3.481974e-02 1.298880e-02 -1.837428e+01) (-7.589901e-04 -4.119615e-05 -2.207326e-03)) ((-3.500551e-03 1.646762e-01 -4.393457e-04) (1.345487e-05 -2.036804e-04 -8.248876e-05))
5.185         	((3.674383e-02 1.284957e-02 -1.853376e+01) (-7.570470e-04 -3.870130e-05 -3.118537e-03)) ((-3.048472e-03 1.657803e-01 -2.800352e-04) (1.276411e-05 -1.927984e-04 -8.236581e-05))
5.19          	((3.644186e-02 1.279788e-02 -1.869024e+01) (-7.555053e-04 -3.560782e-05 -4.027641e-03)) ((-2.990617e-03 1.671334e-01 -9.323713e-05) (1.204723e-05 -1.819480e-04 -8.224856e-05))
5.195         	((3.629377e-02 1.271806e-02 -1.883215e+01) (-7.542054e-04 -3.328109e-05 -4.934493e-03)) ((-2.384784e-03 1.682938e-01 -9.806283e-05) (1.144798e-05 -1.711538e-04 -8.213751e-05))
5.2           	((3.546371e-02 1.309759e-02 -1.896298e+01) (-7.526333e-04 -3.056807e-05 -5.839131e-03)) ((-2.777568e-03 1.693485e-01 5.040478e-05) (1.072081e-05 -1.604085e-04 -8.197446e-05))
5.205         	((3.362133e-02 1.353997e-02 -1.909431e+01) (-7.511738e-04 -2.814364e-05 -6.740817e-03)) ((-3.074060e-03 1.697586e-01 3.443581e-04) (1.011694e-05 -1.497533e-04 -8.175629e-05))
5.21          	((3.277181e-02 1.347851e-02 -1.922318e+01) (-7.500212e-04 -2.624165e-05 -7.639688e-03)) ((-3.190162e-03 1.704780e-01 5.661095e-04) (9.605105e-06 -1.390959e-04 -8.162398e-05))
5.215         	((3.233345e-02 1.252827e-02 -1.933429e+01) (-7.496453e-04 -2.505996e-05 -8.535908e-03)) ((-3.091473e-03 1.716144e-01 8.042189e-04) (9.196528e-06 -1.284574e-04 -8.161956e-05))
5.22          	((3.043524e-02 1.109614e-02 -1.943815e+01) (-7.497225e-04 -2.435643e-05 -9.428944e-03)) ((-2.979234e-03 1.724906e-01 7.178451e-04) (8.727578e-06 -1.178977e-04 -8.178624e-05))
5.225         	((2.961682e-02 1.394267e-02 -1.952725e+01) (-7.502173e-04 -2.337292e-05 -1.031920e-02)) ((-2.893540e-03 1.728023e-01 8.713750e-04) (8.292745e-06 -1.073572e-04 -8.194507e-05))
5.23          	((2.878901e-02 1.277248e-02 -1.961431e+01) (-7.509867e-04 -2.199152e-05 -1.120614e-02)) ((-2.899802e-03 1.740023e-01 1.124807e-03) (7.963345e-06 -9.678511e-05 -8.200091e-05))
5.235         	((2.839161e-02 1.111885e-02 -1.970715e+01) (-7.518919e-04 -2.045216e-05 -1.208914e-02)) ((-3.150491e-03 1.743488e-01 1.416115e-03) (7.688110e-06 -8.640730e-05 -8.213621e-05))
5.24          	((2.963251e-02 1.041764e-02 -1.978575e+01) (-7.530456e-04 -1.878975e-05 -1.296881e-02)) ((-2.988594e-03 1.744533e-01 1.437318e-03) (7.406962e-06 -7.608885e-05 -8.215908e-05))
5.245         	((2.749969e-02 1.180787e-02 -1.985804e+01) (-7.545223e-04 -1.738190e-05 -1.384493e-02)) ((-3.477565e-03 1.751399e-01 1.722809e-03) (7.072612e-06 -6.578849e-05 -8.205713e-05))
5.25          	((2.395506e-02 8.920824e-03 -1.995033e+01) (-7.564019e-04 -1.640060e-05 -1.471902e-02)) ((-2.907611e-03 1.755411e-01 2.169525e-03) (6.854985e-06 -5.560779e-05 -8.213440e-05))
5.255         	((2.410317e-02 1.081623e-02 -2.007310e+01) (-7.584128e-04 -1.550304e-05 -1.559206e-02)) ((-2.931740e-03 1.759033e-01 2.325513e-03) (6.686352e-06 -4.544170e-05 -8.223762e-05))
5.26          	((2.223610e-02 1.186352e-02 -1.970438e+01) (-7.603692e-04 -1.568205e-05 -1.644612e-02)) ((-3.448162e-03 1.715973e-01 2.124048e-03) (6.403470e-06 -3.543152e-05 -8.246804e-05))
5.265         	((1.698722e-02 1.246293e-02 -2.011268e+01) (-7.620902e-04 -1.610782e-05 -1.730370e-02)) ((-3.790916e-03 1.765427e-01 2.607132e-03) (6.126784e-06 -2.523042e-05 -8.282231e-05))
5.27          	((2.074843e-02 1.121639e-02 -2.012103e+01) (-7.642209e-04 -1.715070e-05 -1.815772e-02)) ((-3.577743e-03 1.757577e-01 2.859465e-03) (5.913735e-06 -1.510089e-05 -8.317478e-05))
5.275         	((2.253312e-02 1.240718e-02 -2.014483e+01) (-7.665217e-04 -1.836949e-05 -1.900762e-02)) ((-3.581242e-03 1.749723e-01 2.873059e-03) (5.796814e-06 -5.084572e-06 -8.356227e-05))
5.28          	((2.020402e-02 1.078354e-02 -2.017844e+01) (-7.682437e-04 -1.930550e-05 -1.985274e-02)) ((-3.715514e-03 1.745857e-01 3.514098e-03) (5.591671e-06 4.848812e-06 -8.390710e-05))
5.285         	((2.069820e-02 1.197086e-02 -2.018826e+01) (-7.702790e-04 -2.020375e-05 -2.069326e-02)) ((-3.729323e-03 1.746145e-01 3.652597e-03) (5.412067e-06 1.481532e-05 -8.419156e-05))
5.29          	((2.096436e-02 1.063191e-02 -2.018548e+01) (-7.721431e-04 -2.123264e-05 -2.152838e-02)) ((-3.960915e-03 1.741236e-01 4.010867e-03) (5.206429e-06 2.479872e-05 -8.457272e-05))
5.295         	((1.928927e-02 9.997631e-03 -2.017710e+01) (-7.738780e-04 -2.220842e-05 -2.235816e-02)) ((-3.598401e-03 1.735092e-01 4.200338e-03) (5.155092e-06 3.477678e-05 -8.484750e-05))
5.3           	((1.810251e-02 1.035788e-02 -2.016225e+01) (-7.757563e-04 -2.308242e-05 -2.318358e-02)) ((-3.402931e-03 1.729484e-01 4.237860e-03) (5.068982e-06 4.470296e-05 -8.501322e-05))
5.305         	((1.693421e-02 1.002506e-02 -2.014334e+01) (-7.773773e-04 -2.417940e-05 -2.400354e-02)) ((-3.611416e-03 1.720042e-01 4.330154e-03) (5.001392e-06 5.475812e-05 -8.518889e-05))
5.31          	((1.632504e-02 8.381363e-03 -2.011307e+01) (-7.790526e-04 -2.563506e-05 -2.481783e-02)) ((-3.338368e-03 1.711732e-01 4.607643e-03) (4.997720e-06 6.474927e-05 -8.545141e-05))
5.315         	((1.539506e-02 9.768258e-03 -2.007509e+01) (-7.807762e-04 -2.720440e-05 -2.562628e-02)) ((-3.299072e-03 1.700614e-01 4.941201e-03) (4.970307e-06 7.479218e-05 -8.580668e-05))
5.32          	((1.482934e-02 8.865676e-03 -2.003208e+01) (-7.819454e-04 -2.895594e-05 -2.642834e-02)) ((-3.183783e-03 1.689995e-01 5.040002e-03) (5.012497e-06 8.491692e-05 -8.623776e-05))
5.325         	((1.586559e-02 1.024045e-02 -1.998123e+01) (-7.823839e-04 -3.066814e-05 -2.722248e-02)) ((-3.311641e-03 1.680309e-01 5.171149e-03) (5.200789e-06 9.494510e-05 -8.664817e-05))
5.33          	((1.350108e-02 1.011672e-02 -1.992578e+01) (-7.832502e-04 -3.229220e-05 -2.800867e-02)) ((-3.327909e-03 1.667568e-01 5.573695e-03) (5.228968e-06 1.049566e-04 -8.718246e-05))
5.335         	((1.310352e-02 9.113354e-03 -1.985811e+01) (-7.842965e-04 -3.448725e-05 -2.878707e-02)) ((-3.317092e-03 1.655277e-01 5.643117e-03) (5.333529e-06 1.149706e-04 -8.768613e-05))
5.34          	((1.333463e-02 9.253285e-03 -1.978351e+01) (-7.853889e-04 -3.722649e-05 -2.955736e-02)) ((-3.393471e-03 1.642518e-01 5.825867e-03) (5.493812e-06 1.251696e-04 -8.830567e-05))
5.345         	((1.293500e-02 9.988272e-03 -1.970235e+01) (-7.863266e-04 -3.975482e-05 -3.031875e-02)) ((-3.652631e-03 1.630097e-01 6.155632e-03) (5.716355e-06 1.352223e-04 -8.910930e-05))
5.35          	((1.253109e-02 9.886264e-03 -1.961192e+01) (-7.870351e-04 -4.156834e-05 -3.107124e-02)) ((-3.412548e-03 1.616917e-01 6.389456e-03) (5.785796e-06 1.453795e-04 -8.999397e-05))
5.355         	((1.259156e-02 8.424235e-03 -1.951630e+01) (-7.876481e-04 -4.312113e-05 -3.181447e-02)) ((-3.258193e-03 1.603169e-01 6.701522e-03) (5.896881e-06 1.554798e-04 -9.082303e-05))
5.36          	((1.325774e-02 9.333080e-03 -1.941596e+01) (-7.872706e-04 -4.455993e-05 -3.254734e-02)) ((-3.547923e-03 1.587700e-01 6.904993e-03) (6.095271e-06 1.655889e-04 -9.171620e-05))
5.365         	((1.334039e-02 8.271256e-03 -1.930857e+01) (-7.865471e-04 -4.696082e-05 -3.327026e-02)) ((-3.458736e-03 1.572874e-01 7.050311e-03) (6.427927e-06 1.757356e-04 -9.256570e-05))
5.37          	((1.307116e-02 7.897897e-03 -1.919335e+01) (-7.854098e-04 -4.978835e-05 -3.398270e-02)) ((-3.446358e-03 1.557658e-01 7.224064e-03) (6.704539e-06 1.859689e-04 -9.337740e-05))
5.375         	((1.356204e-02 6.454947e-03 -1.906940e+01) (-7.843751e-04 -5.284582e-05 -3.468433e-02)) ((-3.550257e-03 1.540911e-01 7.335751e-03) (6.816658e-06 1.961486e-04 -9.415951e-05))
5.38          	((1.349199e-02 6.955670e-03 -1.893823e+01) (-7.827509e-04 -5.553787e-05 -3.537361e-02)) ((-3.580348e-03 1.523965e-01 7.634309e-03) (6.854127e-06 2.063314e-04 -9.497768e-05))
5.385         	((1.367072e-02 7.806050e-03 -1.879951e+01) (-7.805303e-04 -5.856392e-05 -3.605058e-02)) ((-3.667196e-03 1.505093e-01 7.839481e-03) (7.018651e-06 2.166201e-04 -9.584312e-05))
5.39          	((1.418521e-02 7.446710e-03 -1.864933e+01) (-7.779462e-04 -6.131099e-05 -3.671535e-02)) ((-3.483708e-03 1.484851e-01 8.036017e-03) (7.142791e-06 2.268789e-04 -9.670384e-05))
5.395         	((1.475994e-02 7.976863e-03 -1.849420e+01) (-7.748033e-04 -6.456983e-05 -3.736765e-02)) ((-3.486504e-03 1.464822e-01 8.138478e-03) (7.210523e-06 2.371261e-04 -9.763796e-05))
5.4           	((1.494060e-02 8.019687e-03 -1.833147e+01) (-7.712687e-04 -6.804133e-05 -3.800618e-02)) ((-3.434062e-03 1.444820e-01 8.282545e-03) (7.274529e-06 2.472942e-04 -9.861822e-05))
5.405         	((1.559788e-02 7.704467e-03 -1.816024e+01) (-7.670760e-04 -7.108577e-05 -3.862979e-02)) ((-3.410542e-03 1.423680e-01 8.510853e-03) (7.323656e-06 2.574811e-04 -9.956892e-05))
5.41          	((1.605859e-02 6.545374e-03 -1.798210e+01) (-7.628656e-04 -7.408783e-05 -3.923861e-02)) ((-3.383755e-03 1.401397e-01 8.704429e-03) (7.418980e-06 2.678346e-04 -1.005688e-04))
5.415         	((1.709567e-02 6.436977e-03 -1.779813e+01) (-7.590375e-04 -7.659589e-05 -3.983276e-02)) ((-3.315634e-03 1.379367e-01 8.781533e-03) (7.531944e-06 2.778487e-04 -1.015222e-04))
5.42          	((1.808327e-02 6.833972e-03 -1.760484e+01) (-7.545995e-04 -7.932688e-05 -4.041053e-02)) ((-3.313995e-03 1.357049e-01 8.971946e-03) (7.645889e-06 2.880457e-04 -1.024829e-04))
5.425         	((1.914180e-02 6.963913e-03 -1.740388e+01) (-7.503939e-04 -8.155252e-05 -4.097361e-02)) ((-3.344732e-03 1.334426e-01 9.078653e-03) (7.843196e-06 2.980772e-04 -1.034223e-04))
5.43          	((1.980683e-02 7.517132e-03 -1.719369e+01) (-7.460461e-04 -8.372072e-05 -4.151859e-02)) ((-3.350429e-03 1.310934e-01 9.342441e-03) (7.991567e-06 3.080825e-04 -1.044272e-04))
5.435         	((2.051162e-02 8.244197e-03 -1.697633e+01) (-7.418353e-04 -8.569896e-05 -4.204740e-02)) ((-3.457324e-03 1.286698e-01 9.395265e-03) (8.249027e-06 3.177761e-04 -1.053523e-04))
5.44          	((2.151222e-02 8.264621e-03 -1.675120e+01) (-7.371346e-04 -8.749083e-05 -4.255996e-02)) ((-3.369619e-03 1.261752e-01 9.535170e-03) (8.237068e-06 3.275823e-04 -1.063048e-04))
5.445         	((2.275588e-02 8.729862e-03 -1.651817e+01) (-7.323832e-04 -8.959345e-05 -4.305373e-02)) ((-3.344751e-03 1.237400e-01 9.761613e-03) (8.269998e-06 3.372257e-04 -1.073762e-04))
5.45          	((2.453522e-02 8.984335e-03 -1.627818e+01) (-7.274036e-04 -9.150913e-05 -4.352938e-02)) ((-3.367258e-03 1.212245e-01 9.859840e-03) (8.157551e-06 3.468174e-04 -1.083953e-04))
5.455         	((2.567071e-02 9.151649e-03 -1.603050e+01) (-7.220937e-04 -9.379253e-05 -4.398664e-02)) ((-3.311343e-03 1.186860e-01 9.991069e-03) (8.496114e-06 3.561179e-04 -1.094263e-04))
5.46          	((2.643414e-02 9.002644e-03 -1.577662e+01) (-7.157814e-04 -9.533628e-05 -4.442320e-02)) ((-3.260422e-03 1.159657e-01 1.011620e-02) (8.398081e-06 3.654035e-04 -1.104822e-04))
5.465         	((2.741608e-02 9.105770e-03 -1.551322e+01) (-7.090257e-04 -9.659664e-05 -4.484127e-02)) ((-3.367434e-03 1.133208e-01 1.014451e-02) (8.435896e-06 3.746827e-04 -1.114395e-04))
5.47          	((2.806151e-02 9.300371e-03 -1.524168e+01) (-7.016266e-04 -9.794578e-05 -4.523970e-02)) ((-3.399801e-03 1.106364e-01 1.016530e-02) (8.343985e-06 3.836463e-04 -1.123980e-04))
5.475         	((2.895211e-02 1.017082e-02 -1.496605e+01) (-6.940802e-04 -9.905239e-05 -4.561704e-02)) ((-3.379640e-03 1.078305e-01 1.021531e-02) (8.194457e-06 3.925546e-04 -1.134278e-04))
5.48          	((2.975337e-02 9.783059e-03 -1.468351e+01) (-6.867112e-04 -9.977031e-05 -4.597461e-02)) ((-3.176261e-03 1.050491e-01 1.020054e-02) (8.343010e-06 4.012117e-04 -1.144361e-04))
5.485         	((3.129259e-02 9.925652e-03 -1.439259e+01) (-6.786010e-04 -1.010084e-04 -4.631071e-02)) ((-3.165449e-03 1.023786e-01 1.022105e-02) (8.191631e-06 4.095973e-04 -1.155618e-04))
5.49          	((3.220166e-02 9.345137e-03 -1.409369e+01) (-6.703701e-04 -1.013779e-04 -4.662663e-02)) ((-3.135188e-03 9.964964e-02 1.022856e-02) (8.074510e-06 4.177112e-04 -1.166379e-04))
5.495         	((3.355387e-02 9.682404e-03 -1.378611e+01) (-6.614971e-04 -1.019524e-04 -4.692214e-02)) ((-3.176295e-03 9.690898e-02 1.022882e-02) (7.999179e-06 4.255720e-04 -1.176960e-04))
5.5           	((3.498279e-02 9.914920e-03 -1.347166e+01) (-6.527459e-04 -1.023037e-04 -4.719479e-02)) ((-3.112827e-03 9.406971e-02 1.021272e-02) (7.799782e-06 4.333765e-04 -1.188560e-04))
5.505         	((3.632634e-02 9.402651e-03 -1.315119e+01) (-6.435231e-04 -1.017015e-04 -4.744407e-02)) ((-3.093814e-03 9.110203e-02 1.012614e-02) (7.398305e-06 4.409244e-04 -1.200479e-04))
5.51          	((3.734693e-02 1.013135e-02 -1.282333e+01) (-6.340839e-04 -1.009759e-04 -4.767202e-02)) ((-2.996939e-03 8.820596e-02 1.008047e-02) (7.000724e-06 4.482962e-04 -1.212324e-04))
5.515         	((3.782949e-02 1.031453e-02 -1.249014e+01) (-6.242736e-04 -1.006683e-04 -4.787632e-02)) ((-2.904705e-03 8.522887e-02 1.007633e-02) (6.648507e-06 4.554170e-04 -1.224123e-04))
5.52          	((3.785979e-02 9.625723e-03 -1.214989e+01) (-6.142833e-04 -1.000373e-04 -4.806102e-02)) ((-2.894934e-03 8.212603e-02 1.000745e-02) (6.544966e-06 4.620621e-04 -1.234834e-04))
5.525         	((3.866699e-02 1.030546e-02 -1.180428e+01) (-6.035446e-04 -9.912836e-05 -4.822061e-02)) ((-2.982855e-03 7.912523e-02 9.920768e-03) (5.963860e-06 4.687918e-04 -1.246420e-04))
5.53          	((3.929970e-02 1.046284e-02 -1.145190e+01) (-5.926348e-04 -9.839556e-05 -4.835662e-02)) ((-2.864780e-03 7.608507e-02 9.817261e-03) (5.463864e-06 4.751802e-04 -1.259200e-04))
5.535         	((4.024197e-02 1.025611e-02 -1.109328e+01) (-5.806958e-04 -9.804662e-05 -4.846965e-02)) ((-2.704813e-03 7.295075e-02 9.723633e-03) (4.979873e-06 4.812179e-04 -1.272199e-04))
5.54          	((4.082688e-02 9.619256e-03 -1.072940e+01) (-5.675566e-04 -9.727051e-05 -4.855984e-02)) ((-2.513200e-03 6.990371e-02 9.684005e-03) (4.809979e-06 4.872574e-04 -1.284740e-04))
5.545         	((4.137249e-02 8.759699e-03 -1.035866e+01) (-5.541873e-04 -9.623476e-05 -4.862583e-02)) ((-2.387469e-03 6.676081e-02 9.604889e-03) (4.084771e-06 4.928335e-04 -1.296512e-04))
5.55          	((4.186390e-02 8.559844e-03 -9.983037e+00) (-5.407233e-04 -9.488782e-05 -4.866794e-02)) ((-2.280563e-03 6.356303e-02 9.598213e-03) (3.629562e-06 4.983309e-04 -1.308512e-04))
5.555         	((4.235077e-02 8.749312e-03 -9.601355e+00) (-5.269800e-04 -9.323654e-05 -4.868492e-02)) ((-2.313543e-03 6.035580e-02 9.581226e-03) (3.023238e-06 5.034108e-04 -1.320292e-04))
5.56          	((4.230513e-02 9.010094e-03 -9.214032e+00) (-5.126374e-04 -9.193997e-05 -4.867721e-02)) ((-2.337095e-03 5.717712e-02 9.473608e-03) (2.338784e-06 5.082053e-04 -1.333023e-04))
5.565         	((4.311918e-02 8.334556e-03 -8.822211e+00) (-4.978149e-04 -9.059903e-05 -4.864617e-02)) ((-2.223071e-03 5.399643e-02 9.492214e-03) (1.779487e-06 5.127966e-04 -1.346312e-04))
5.57          	((4.348156e-02 7.838139e-03 -8.424673e+00) (-4.828964e-04 -8.931012e-05 -4.859097e-02)) ((-2.211081e-03 5.077810e-02 9.449281e-03) (1.204052e-06 5.170736e-04 -1.359361e-04))
5.575         	((4.371855e-02 7.994194e-03 -8.023298e+00) (-4.675958e-04 -8.774033e-05 -4.851244e-02)) ((-2.281485e-03 4.751632e-02 9.283460e-03) (7.065504e-07 5.209006e-04 -1.372122e-04))
5.58          	((4.420673e-02 8.052217e-03 -7.617389e+00) (-4.525929e-04 -8.659867e-05 -4.840799e-02)) ((-2.184837e-03 4.418210e-02 9.122383e-03) (1.715787e-07 5.242093e-04 -1.385302e-04))
5.585         	((4.440248e-02 7.472827e-03 -7.207032e+00) (-4.370841e-04 -8.531800e-05 -4.828062e-02)) ((-2.205285e-03 4.087575e-02 9.030413e-03) (-1.988765e-07 5.274115e-04 -1.397635e-04))
5.59          	((4.465944e-02 6.499714e-03 -6.792225e+00) (-4.206201e-04 -8.398361e-05 -4.812910e-02)) ((-2.042771e-03 3.748290e-02 9.003039e-03) (-5.589370e-07 5.303231e-04 -1.409245e-04))
5.595         	((4.464075e-02 6.061750e-03 -6.373148e+00) (-4.045088e-04 -8.269201e-05 -4.795331e-02)) ((-1.813366e-03 3.407193e-02 8.941246e-03) (-8.696827e-07 5.327927e-04 -1.422703e-04))
5.6           	((4.405682e-02 4.922311e-03 -5.951450e+00) (-3.878646e-04 -8.115143e-05 -4.775480e-02)) ((-1.616289e-03 3.052666e-02 8.885764e-03) (-1.037569e-06 5.350724e-04 -1.434348e-04))
5.605         	((4.383115e-02 4.559682e-03 -5.525188e+00) (-3.709285e-04 -7.960799e-05 -4.753162e-02)) ((-1.466473e-03 2.709989e-02 8.705849e-03) (-1.466230e-06 5.368227e-04 -1.446641e-04))
5.61          	((4.357821e-02 3.939033e-03 -5.096208e+00) (-3.537403e-04 -7.841486e-05 -4.728513e-02)) ((-1.351195e-03 2.376297e-02 8.591576e-03) (-1.771721e-06 5.382929e-04 -1.458828e-04))
5.615         	((4.308044e-02 4.053941e-03 -4.662299e+00) (-3.363613e-04 -7.724117e-05 -4.701641e-02)) ((-1.356910e-03 2.034810e-02 8.480550e-03) (-1.885856e-06 5.395938e-04 -1.470712e-04))
5.62          	((4.289336e-02 4.096777e-03 -4.225097e+00) (-3.189575e-04 -7.647083e-05 -4.672404e-02)) ((-1.256593e-03 1.689790e-02 8.419639e-03) (-2.060060e-06 5.403390e-04 -1.482862e-04))
5.625         	((4.202762e-02 4.342798e-03 -3.787167e+00) (-3.021707e-04 -7.564232e-05 -4.640914e-02)) ((-1.254230e-03 1.339532e-02 8.304523e-03) (-2.192556e-06 5.407654e-04 -1.494027e-04))
5.63          	((4.128715e-02 3.494812e-03 -3.346829e+00) (-2.847829e-04 -7.536328e-05 -4.607062e-02)) ((-1.084242e-03 1.004907e-02 8.212028e-03) (-2.260672e-06 5.408377e-04 -1.504867e-04))
5.635         	((4.108844e-02 2.801834e-03 -2.902879e+00) (-2.670024e-04 -7.549069e-05 -4.570929e-02)) ((-9.673433e-04 6.598920e-03 8.089937e-03) (-2.292303e-06 5.405469e-04 -1.516357e-04))
5.64          	((4.015555e-02 1.952307e-03 -2.458546e+00) (-2.498137e-04 -7.543531e-05 -4.532763e-02)) ((-7.858911e-04 3.037621e-03 7.965828e-03) (-2.006910e-06 5.398348e-04 -1.528082e-04))
5.645         	((3.926323e-02 2.158014e-03 -2.011946e+00) (-2.324959e-04 -7.547973e-05 -4.492288e-02)) ((-7.806405e-04 -4.718158e-04 7.920499e-03) (-1.998936e-06 5.388690e-04 -1.540375e-04))
5.65          	((3.832724e-02 1.094076e-03 -1.563399e+00) (-2.152527e-04 -7.566376e-05 -4.449614e-02)) ((-5.851096e-04 -3.972169e-03 7.733840e-03) (-2.083276e-06 5.375967e-04 -1.554181e-04))
5.655         	((3.722881e-02 7.952943e-04 -1.113781e+00) (-1.981107e-04 -7.540245e-05 -4.404898e-02)) ((-5.330549e-04 -7.512333e-03 7.570016e-03) (-2.202026e-06 5.359296e-04 -1.567737e-04))
5.66          	((3.623341e-02 1.479287e-03 -6.643978e-01) (-1.814284e-04 -7.540346e-05 -4.357983e-02)) ((-4.601419e-04 -1.090500e-02 7.490739e-03) (-2.273772e-06 5.338014e-04 -1.580839e-04))
5.665         	((3.495319e-02 1.530658e-03 -2.142492e-01) (-1.647322e-04 -7.569858e-05 -4.309038e-02)) ((-2.850439e-04 -1.443627e-02 7.438138e-03) (-2.058393e-06 5.314118e-04 -1.593460e-04))
5.67          	((3.373536e-02 8.547393e-04 2.367759e-01) (-1.479858e-04 -7.596674e-05 -4.257932e-02)) ((-5.650998e-05 -1.802327e-02 7.297993e-03) (-2.117564e-06 5.287400e-04 -1.606000e-04))
5.675         	((3.294919e-02 4.316945e-04 6.896841e-01) (-1.320816e-04 -7.599337e-05 -4.204934e-02)) ((1.138960e-04 -2.147834e-02 7.210420e-03) (-2.215650e-06 5.255605e-04 -1.619173e-04))
5.68          	((3.149602e-02 -6.019207e-04 1.141805e+00) (-1.164782e-04 -7.531457e-05 -4.150007e-02)) ((1.940480e-04 -2.498181e-02 7.181429e-03) (-2.201280e-06 5.221168e-04 -1.631174e-04))
5.685         	((3.015858e-02 -1.627517e-03 1.593129e+00) (-1.014923e-04 -7.451840e-05 -4.093132e-02)) ((3.723203e-04 -2.857143e-02 7.102629e-03) (-2.127849e-06 5.183874e-04 -1.644145e-04))
5.69          	((2.883090e-02 -8.784629e-04 2.041222e+00) (-8.680500e-05 -7.342166e-05 -4.034309e-02)) ((3.572308e-04 -3.190338e-02 6.985432e-03) (-2.104169e-06 5.143535e-04 -1.656864e-04))
5.695         	((2.752670e-02 -9.065516e-04 2.490074e+00) (-7.259018e-05 -7.231401e-05 -3.973695e-02)) ((3.511706e-04 -3.518966e-02 6.859590e-03) (-1.913578e-06 5.099384e-04 -1.669351e-04))
5.7           	((2.579665e-02 -1.451205e-03 2.937475e+00) (-5.931810e-05 -7.130715e-05 -3.911321e-02)) ((4.949048e-04 -3.862368e-02 6.796337e-03) (-1.753337e-06 5.051456e-04 -1.680085e-04))
5.705         	((2.432326e-02 -1.960197e-03 3.382675e+00) (-4.644087e-05 -6.978515e-05 -3.847078e-02)) ((6.246535e-04 -4.212443e-02 6.714353e-03) (-1.572417e-06 5.001891e-04 -1.690262e-04))
5.71          	((2.287015e-02 -1.923309e-03 3.824468e+00) (-3.359513e-05 -6.842833e-05 -3.781237e-02)) ((5.271760e-04 -4.552883e-02 6.587068e-03) (-1.432394e-06 4.949202e-04 -1.700688e-04))
5.715         	((2.102865e-02 -2.543605e-03 4.265239e+00) (-2.161136e-05 -6.640258e-05 -3.713686e-02)) ((6.014241e-04 -4.888741e-02 6.405718e-03) (-1.169251e-06 4.891993e-04 -1.709135e-04))
5.72          	((1.940920e-02 -2.992965e-03 4.704212e+00) (-1.016913e-05 -6.459442e-05 -3.644670e-02)) ((8.334747e-04 -5.230429e-02 6.300387e-03) (-7.743338e-07 4.833379e-04 -1.717501e-04))
5.725         	((1.783029e-02 -3.503066e-03 5.141684e+00) (1.994441e-07 -6.251929e-05 -3.573990e-02)) ((1.066003e-03 -5.554433e-02 6.245531e-03) (-5.457923e-07 4.772142e-04 -1.726056e-04))
5.73          	((1.669359e-02 -3.638175e-03 5.576289e+00) (9.744560e-06 -5.997772e-05 -3.501824e-02)) ((1.240597e-03 -5.880963e-02 6.050277e-03) (-2.679241e-07 4.708445e-04 -1.733978e-04))
5.735         	((1.552304e-02 -4.021397e-03 6.007260e+00) (1.862492e-05 -5.688359e-05 -3.428213e-02)) ((1.387220e-03 -6.214213e-02 5.901612e-03) (-1.474212e-07 4.641456e-04 -1.740542e-04))
5.74          	((1.417893e-02 -4.832512e-03 6.436236e+00) (2.680191e-05 -5.374789e-05 -3.353108e-02)) ((1.579428e-03 -6.539842e-02 5.699974e-03) (7.800179e-08 4.571414e-04 -1.745638e-04))
5.745         	((1.219736e-02 -4.427462e-03 6.862794e+00) (3.400179e-05 -5.064362e-05 -3.276575e-02)) ((1.596144e-03 -6.873235e-02 5.577912e-03) (3.725150e-07 4.499306e-04 -1.749809e-04))
5.75          	((1.063356e-02 -4.394214e-03 7.284532e+00) (4.039737e-05 -4.781656e-05 -3.198787e-02)) ((1.583995e-03 -7.191918e-02 5.413658e-03) (4.843311e-07 4.424207e-04 -1.753532e-04))
5.755         	((9.426668e-03 -5.105268e-03 7.701626e+00) (4.621847e-05 -4.440236e-05 -3.119719e-02)) ((1.745454e-03 -7.516995e-02 5.273373e-03) (7.101121e-07 4.347026e-04 -1.755832e-04))
5.76          	((7.959980e-03 -4.998227e-03 8.116081e+00) (5.102974e-05 -4.111653e-05 -3.039487e-02)) ((1.858547e-03 -7.850026e-02 5.163332e-03) (8.697484e-07 4.266472e-04 -1.756850e-04))
5.765         	((6.022521e-03 -5.002395e-03 8.524198e+00) (5.545606e-05 -3.757014e-05 -2.958087e-02)) ((2.069262e-03 -8.172419e-02 5.003560e-03) (1.151158e-06 4.183857e-04 -1.756929e-04))
5.77          	((4.668160e-03 -5.041185e-03 8.929773e+00) (5.966774e-05 -3.384318e-05 -2.875587e-02)) ((2.092393e-03 -8.486966e-02 4.885853e-03) (1.183500e-06 4.098691e-04 -1.756883e-04))
5.775         	((3.210964e-03 -5.183499e-03 9.328704e+00) (6.293934e-05 -3.012235e-05 -2.792017e-02)) ((2.239181e-03 -8.798402e-02 4.690009e-03) (1.311107e-06 4.011913e-04 -1.756679e-04))
5.78          	((1.834136e-03 -4.964625e-03 9.724424e+00) (6.548864e-05 -2.603680e-05 -2.707469e-02)) ((2.263548e-03 -9.104830e-02 4.534860e-03) (1.331668e-06 3.924467e-04 -1.755722e-04))
5.785         	((2.904726e-04 -5.401232e-03 1.011417e+01) (6.692949e-05 -2.135409e-05 -2.621981e-02)) ((2.311803e-03 -9.406544e-02 4.355353e-03) (1.386945e-06 3.835952e-04 -1.753963e-04))
5.79          	((-1.158391e-03 -6.632593e-03 1.049743e+01) (6.773536e-05 -1.682792e-05 -2.535557e-02)) ((2.463912e-03 -9.704979e-02 4.186729e-03) (1.323015e-06 3.744675e-04 -1.752327e-04))
5.795         	((-3.492304e-03 -7.088668e-03 1.087574e+01) (6.784717e-05 -1.242694e-05 -2.448344e-02)) ((2.603394e-03 -9.995450e-02 4.033923e-03) (1.304033e-06 3.651677e-04 -1.750204e-04))
5.8           	((-4.830601e-03 -7.093649e-03 1.124912e+01) (6.750985e-05 -7.870718e-06 -2.360298e-02)) ((2.738134e-03 -1.029973e-01 3.915687e-03) (1.272434e-06 3.557225e-04 -1.748252e-04))
5.805         	((-6.038883e-03 -6.684363e-03 1.161787e+01) (6.660062e-05 -3.511660e-06 -2.271498e-02)) ((2.742841e-03 -1.057505e-01 3.775934e-03) (1.242466e-06 3.462247e-04 -1.746570e-04))
5.81          	((-7.611622e-03 -6.160099e-03 1.197892e+01) (6.467800e-05 7.091929e-07 -2.181932e-02)) ((2.774493e-03 -1.084369e-01 3.572628e-03) (1.220602e-06 3.364667e-04 -1.743608e-04))
5.815         	((-9.143282e-03 -5.596061e-03 1.233279e+01) (6.212924e-05 5.161382e-06 -2.091735e-02)) ((2.841572e-03 -1.113637e-01 3.397544e-03) (1.158129e-06 3.265209e-04 -1.740083e-04))
5.82          	((-1.010371e-02 -5.682028e-03 1.267719e+01) (5.916795e-05 9.342435e-06 -2.000890e-02)) ((2.992492e-03 -1.140741e-01 3.338042e-03) (1.111706e-06 3.165701e-04 -1.736091e-04))
5.825         	((-1.157120e-02 -6.080409e-03 1.301732e+01) (5.532791e-05 1.338041e-05 -1.909494e-02)) ((3.231154e-03 -1.167215e-01 3.251993e-03) (9.673841e-07 3.064672e-04 -1.732079e-04))
5.83          	((-1.219824e-02 -5.304133e-03 1.335294e+01) (5.049495e-05 1.720381e-05 -1.817572e-02)) ((3.180651e-03 -1.193280e-01 3.085962e-03) (8.416832e-07 2.961964e-04 -1.727434e-04))
5.835         	((-1.248183e-02 -6.013509e-03 1.367823e+01) (4.491460e-05 2.102289e-05 -1.725186e-02)) ((3.066817e-03 -1.218663e-01 3.048617e-03) (6.335056e-07 2.858153e-04 -1.721833e-04))
5.84          	((-1.444088e-02 -5.650606e-03 1.399753e+01) (3.907050e-05 2.466949e-05 -1.632373e-02)) ((3.146461e-03 -1.245276e-01 2.983547e-03) (4.499651e-07 2.754398e-04 -1.716148e-04))
5.845         	((-1.628766e-02 -6.692221e-03 1.430852e+01) (3.286536e-05 2.809008e-05 -1.539159e-02)) ((3.553225e-03 -1.271168e-01 2.899731e-03) (2.246666e-07 2.649434e-04 -1.709948e-04))
5.85          	((-1.804905e-02 -6.438360e-03 1.461307e+01) (2.650798e-05 3.111518e-05 -1.445616e-02)) ((3.631971e-03 -1.295679e-01 2.773191e-03) (9.742233e-09 2.544294e-04 -1.703345e-04))
5.855         	((-1.913972e-02 -5.726105e-03 1.490991e+01) (1.937111e-05 3.388150e-05 -1.351766e-02)) ((3.518489e-03 -1.320054e-01 2.777678e-03) (-2.019287e-07 2.438726e-04 -1.696573e-04))
5.86          	((-2.014494e-02 -5.023385e-03 1.519785e+01) (1.141922e-05 3.661072e-05 -1.257691e-02)) ((3.487217e-03 -1.341831e-01 2.597134e-03) (-3.785444e-07 2.333035e-04 -1.688886e-04))
5.865         	((-2.128249e-02 -3.732675e-03 1.547990e+01) (2.395581e-06 3.878767e-05 -1.163351e-02)) ((3.555259e-03 -1.364688e-01 2.454250e-03) (-5.075282e-07 2.226435e-04 -1.680942e-04))
5.87          	((-2.279326e-02 -4.146526e-03 1.575211e+01) (-6.981635e-06 4.066602e-05 -1.068842e-02)) ((3.752650e-03 -1.387755e-01 2.310663e-03) (-5.926897e-07 2.119684e-04 -1.672314e-04))
5.875         	((-2.415611e-02 -3.498396e-03 1.601513e+01) (-1.642356e-05 4.253007e-05 -9.741940e-03)) ((3.666061e-03 -1.408873e-01 2.150646e-03) (-6.359864e-07 2.012984e-04 -1.663055e-04))
5.88          	((-2.486576e-02 -4.404285e-03 1.627170e+01) (-2.585004e-05 4.469906e-05 -8.794480e-03)) ((3.706289e-03 -1.428883e-01 2.055668e-03) (-6.552634e-07 1.905958e-04 -1.654131e-04))
5.885         	((-2.621417e-02 -6.030320e-03 1.652228e+01) (-3.538768e-05 4.724391e-05 -7.846595e-03)) ((3.816632e-03 -1.448569e-01 1.982959e-03) (-6.820200e-07 1.798966e-04 -1.646838e-04))
5.89          	((-2.748595e-02 -6.318407e-03 1.676265e+01) (-4.537040e-05 4.957301e-05 -6.898743e-03)) ((3.958270e-03 -1.468069e-01 1.918364e-03) (-7.280171e-07 1.691146e-04 -1.639469e-04))
5.895         	((-2.799758e-02 -3.555720e-03 1.699889e+01) (-5.539881e-05 5.150759e-05 -5.951197e-03)) ((3.840036e-03 -1.485934e-01 1.890779e-03) (-7.475645e-07 1.583103e-04 -1.631631e-04))
5.9           	((-2.922011e-02 -3.582168e-03 1.722112e+01) (-6.595962e-05 5.252338e-05 -5.003728e-03)) ((4.324498e-03 -1.503565e-01 1.680527e-03) (-7.105326e-07 1.475371e-04 -1.622003e-04))
5.905         	((-3.118830e-02 -5.368888e-03 1.743084e+01) (-7.659822e-05 5.375636e-05 -4.056345e-03)) ((3.885191e-03 -1.520280e-01 1.512946e-03) (-7.181113e-07 1.367964e-04 -1.611146e-04))
5.91          	((-3.225042e-02 -5.613250e-03 1.763734e+01) (-8.718341e-05 5.483540e-05 -3.109544e-03)) ((3.870479e-03 -1.538561e-01 1.469645e-03) (-7.799743e-07 1.260448e-04 -1.599666e-04))
5.915         	((-3.200076e-02 -3.478105e-03 1.783593e+01) (-9.822322e-05 5.572857e-05 -2.163331e-03)) ((3.743322e-03 -1.554294e-01 1.352828e-03) (-8.404265e-07 1.152976e-04 -1.587568e-04))
5.92          	((-3.369573e-02 -2.522751e-03 1.802828e+01) (-1.089957e-04 5.671231e-05 -1.218328e-03)) ((3.934821e-03 -1.567430e-01 1.214338e-03) (-8.733867e-07 1.045832e-04 -1.575102e-04))
5.925         	((-3.446659e-02 -1.667620e-03 1.820876e+01) (-1.202626e-04 5.719806e-05 -2.752780e-04)) ((4.109046e-03 -1.581266e-01 1.153142e-03) (-9.280651e-07 9.389137e-05 -1.561189e-04))
5.93          	((-3.519469e-02 -2.817101e-03 1.838575e+01) (-1.320795e-04 5.727779e-05 6.662063e-04)) ((4.172292e-03 -1.595060e-01 1.060535e-03) (-1.031361e-06 8.317791e-05 -1.548126e-04))
5.935         	((-3.677603e-02 -2.070624e-03 1.855202e+01) (-1.438757e-04 5.672088e-05 1.605544e-03)) ((3.884211e-03 -1.610775e-01 1.007937e-03) (-1.123053e-06 7.249052e-05 -1.535618e-04))
5.94          	((-3.747166e-02 -2.584265e-03 1.870371e+01) (-1.557321e-04 5.518164e-05 2.542440e-03)) ((3.948013e-03 -1.624110e-01 7.794372e-04) (-1.222215e-06 6.178991e-05 -1.523103e-04))
5.945         	((-3.821856e-02 -9.851720e-04 1.884636e+01) (-1.678713e-04 5.323428e-05 3.476939e-03)) ((4.574681e-03 -1.638632e-01 7.079785e-04) (-1.312936e-06 5.100871e-05 -1.511720e-04))
5.95          	((-3.956746e-02 -2.459635e-03 1.897770e+01) (-1.802060e-04 5.144397e-05 4.408466e-03)) ((4.152949e-03 -1.648256e-01 7.389064e-04) (-1.534756e-06 4.021254e-05 -1.502737e-04))
5.955         	((-3.980304e-02 2.556118e-05 1.910196e+01) (-1.922438e-04 4.950373e-05 5.337996e-03)) ((3.582626e-03 -1.659584e-01 6.307301e-04) (-1.669533e-06 2.940091e-05 -1.495795e-04))
5.96          	((-4.143655e-02 -5.840070e-04 1.922151e+01) (-2.039978e-04 4.804396e-05 6.264442e-03)) ((3.347277e-03 -1.665447e-01 4.563979e-04) (-1.911017e-06 1.856948e-05 -1.488984e-04))
5.965         	((-4.429397e-02 -8.297581e-04 1.933629e+01) (-2.159875e-04 4.699890e-05 7.188157e-03)) ((3.600475e-03 -1.674233e-01 5.001492e-04) (-2.331472e-06 7.810662e-06 -1.482722e-04))
5.97          	((-4.434042e-02 -1.032981e-03 1.944306e+01) (-2.280556e-04 4.525272e-05 8.109337e-03)) ((4.100947e-03 -1.682282e-01 4.944479e-04) (-2.822688e-06 -2.954887e-06 -1.476820e-04))
5.975         	((-4.553113e-02 -1.294910e-04 1.954490e+01) (-2.400726e-04 4.349968e-05 9.027959e-03)) ((4.228615e-03 -1.690634e-01 4.828115e-04) (-3.290402e-06 -1.373426e-05 -1.472715e-04))
5.98          	((-4.573690e-02 1.042858e-03 1.963665e+01) (-2.526212e-04 4.194350e-05 9.942303e-03)) ((3.942869e-03 -1.694204e-01 5.564222e-04) (-3.630000e-06 -2.446306e-05 -1.470087e-04))
5.985         	((-4.733531e-02 -1.022197e-03 1.972023e+01) (-2.652123e-04 4.008316e-05 1.085324e-02)) ((3.817796e-03 -1.699623e-01 3.000047e-04) (-3.888241e-06 -3.514205e-05 -1.468684e-04))
5.99          	((-4.926374e-02 -2.478166e-04 1.979567e+01) (-2.787634e-04 3.754909e-05 1.176167e-02)) ((3.797978e-03 -1.707251e-01 5.459383e-04) (-4.185751e-06 -4.596310e-05 -1.467626e-04))
5.995         	((-5.019335e-02 -1.494397e-03 1.984616e+01) (-2.934477e-04 3.471234e-05 1.266661e-02)) ((3.883896e-03 -1.713625e-01 7.151927e-04) (-4.452753e-06 -5.676346e-05 -1.467835e-04))
6             	((-5.242984e-02 1.015357e-03 1.994238e+01) (-3.076088e-04 3.111345e-05 1.356885e-02)) ((4.050079e-03 -1.710157e-01 6.768453e-04) (-4.716176e-06 -6.754141e-05 -1.469234e-04))
6.005         	((-5.475802e-02 -3.768835e-03 2.001601e+01) (-3.222872e-04 2.798802e-05 1.446774e-02)) ((4.139883e-03 -1.718749e-01 -2.954084e-04) (-5.051817e-06 -7.833338e-05 -1.470767e-04))
6.01          	((-6.158474e-02 -3.785476e-05 1.974123e+01) (-3.370524e-04 2.546968e-05 1.534937e-02)) ((3.769542e-03 -1.691513e-01 3.042193e-05) (-5.573550e-06 -8.882809e-05 -1.472159e-04))
6.015         	((-5.301915e-02 -2.405505e-03 2.013238e+01) (-3.505056e-04 2.305541e-05 1.623434e-02)) ((4.122241e-03 -1.721287e-01 -5.029585e-04) (-6.086322e-06 -9.932002e-05 -1.472117e-04))
6.02          	((-5.587788e-02 -2.049771e-04 2.016568e+01) (-3.643813e-04 2.063695e-05 1.711665e-02)) ((3.486295e-03 -1.723829e-01 -2.802820e-04) (-6.693832e-06 -1.097205e-04 -1.471727e-04))
6.025         	((-5.731004e-02 -1.298361e-03 2.017002e+01) (-3.783079e-04 1.812542e-05 1.799333e-02)) ((3.478316e-03 -1.722603e-01 -3.634866e-04) (-7.381035e-06 -1.200075e-04 -1.470551e-04))
6.03          	((-5.818310e-02 -1.533414e-03 2.019939e+01) (-3.915949e-04 1.507061e-05 1.886497e-02)) ((3.926596e-03 -1.725044e-01 -5.618673e-04) (-7.953838e-06 -1.302569e-04 -1.469187e-04))
6.035         	((-5.872633e-02 -3.991610e-04 2.021693e+01) (-4.045014e-04 1.212751e-05 1.973145e-02)) ((3.734309e-03 -1.721387e-01 -6.406279e-04) (-8.555384e-06 -1.404724e-04 -1.468477e-04))
6.04          	((-5.815375e-02 -2.211921e-03 2.021417e+01) (-4.172206e-04 9.124183e-06 2.059314e-02)) ((3.826325e-03 -1.718447e-01 -5.452200e-04) (-9.202915e-06 -1.505643e-04 -1.467644e-04))
6.045         	((-5.792650e-02 -1.140442e-03 2.020685e+01) (-4.301560e-04 6.511025e-06 2.144955e-02)) ((3.776812e-03 -1.713173e-01 -7.679786e-04) (-9.867165e-06 -1.606451e-04 -1.469005e-04))
6.05          	((-5.949416e-02 -1.243846e-03 2.019381e+01) (-4.429250e-04 4.138633e-06 2.230097e-02)) ((3.726644e-03 -1.709174e-01 -9.686931e-04) (-1.042984e-05 -1.707797e-04 -1.470537e-04))
6.055         	((-6.034936e-02 -7.360603e-04 2.017066e+01) (-4.559562e-04 2.045571e-06 2.314584e-02)) ((3.528664e-03 -1.700353e-01 -1.050509e-03) (-1.108356e-05 -1.809341e-04 -1.471451e-04))
6.06          	((-6.137966e-02 2.178394e-04 2.014004e+01) (-4.685103e-04 -1.888711e-07 2.398488e-02)) ((3.386960e-03 -1.691885e-01 -1.060644e-03) (-1.179555e-05 -1.910445e-04 -1.472610e-04))
6.065         	((-6.171407e-02 -1.748321e-03 2.010611e+01) (-4.804765e-04 -2.374963e-06 2.481833e-02)) ((3.449775e-03 -1.684493e-01 -1.125894e-03) (-1.247956e-05 -2.013055e-04 -1.474406e-04))
6.07          	((-6.133740e-02 -1.014521e-03 2.006534e+01) (-4.922880e-04 -4.626700e-06 2.564337e-02)) ((3.324017e-03 -1.675410e-01 -1.154324e-03) (-1.318408e-05 -2.113483e-04 -1.475367e-04))
6.075         	((-6.076133e-02 -6.808874e-04 2.001949e+01) (-5.040059e-04 -6.747638e-06 2.646092e-02)) ((3.376927e-03 -1.668310e-01 -1.367575e-03) (-1.391522e-05 -2.214054e-04 -1.475448e-04))
6.08          	((-6.082207e-02 -1.497515e-03 1.996617e+01) (-5.151092e-04 -8.412814e-06 2.727084e-02)) ((3.559468e-03 -1.658895e-01 -1.686556e-03) (-1.469520e-05 -2.314121e-04 -1.474831e-04))
6.085         	((-6.071096e-02 -4.604451e-04 1.990728e+01) (-5.266046e-04 -1.010371e-05 2.807239e-02)) ((3.402288e-03 -1.647273e-01 -1.732528e-03) (-1.519732e-05 -2.415213e-04 -1.474677e-04))
6.09          	((-6.065800e-02 -8.016593e-04 1.983892e+01) (-5.386242e-04 -1.221186e-05 2.886422e-02)) ((3.215874e-03 -1.635828e-01 -1.817521e-03) (-1.575511e-05 -2.515514e-04 -1.473388e-04))
6.095         	((-6.053868e-02 -1.296213e-03 1.976177e+01) (-5.502405e-04 -1.435406e-05 2.964624e-02)) ((3.332491e-03 -1.622631e-01 -1.760448e-03) (-1.629377e-05 -2.614770e-04 -1.473195e-04))
6.1           	((-6.100063e-02 -1.766079e-03 1.967967e+01) (-5.616907e-04 -1.609286e-05 3.041897e-02)) ((3.234326e-03 -1.610937e-01 -1.805124e-03) (-1.670832e-05 -2.714493e-04 -1.471676e-04))
6.105         	((-6.085056e-02 -1.094969e-03 1.959098e+01) (-5.737382e-04 -1.838160e-05 3.118174e-02)) ((3.183524e-03 -1.597767e-01 -1.949656e-03) (-1.704580e-05 -2.815619e-04 -1.468978e-04))
6.11          	((-5.996821e-02 -1.909749e-03 1.949250e+01) (-5.851841e-04 -2.045510e-05 3.193297e-02)) ((3.124085e-03 -1.582583e-01 -1.977029e-03) (-1.727840e-05 -2.915352e-04 -1.465944e-04))
6.115         	((-5.872080e-02 -2.549478e-03 1.938841e+01) (-5.969728e-04 -2.250674e-05 3.267266e-02)) ((3.139628e-03 -1.568450e-01 -2.004702e-03) (-1.747842e-05 -3.015544e-04 -1.461294e-04))
6.12          	((-5.808134e-02 -2.391730e-03 1.927582e+01) (-6.096708e-04 -2.507796e-05 3.340105e-02)) ((3.127505e-03 -1.553947e-01 -2.064501e-03) (-1.771915e-05 -3.115818e-04 -1.455873e-04))
6.125         	((-5.707416e-02 -2.878826e-03 1.915319e+01) (-6.217493e-04 -2.729709e-05 3.411757e-02)) ((3.053677e-03 -1.537807e-01 -2.019177e-03) (-1.766192e-05 -3.215706e-04 -1.449696e-04))
6.13          	((-5.607112e-02 -3.338172e-03 1.902507e+01) (-6.343203e-04 -3.037419e-05 3.482033e-02)) ((3.055925e-03 -1.520750e-01 -1.890998e-03) (-1.779646e-05 -3.315098e-04 -1.442292e-04))
6.135         	((-5.523459e-02 -2.895666e-03 1.888834e+01) (-6.471850e-04 -3.294915e-05 3.550914e-02)) ((2.970837e-03 -1.503434e-01 -1.782465e-03) (-1.796259e-05 -3.412129e-04 -1.434120e-04))
6.14          	((-5.470453e-02 -2.251564e-03 1.874227e+01) (-6.604231e-04 -3.566147e-05 3.618379e-02)) ((2.888764e-03 -1.487170e-01 -1.582161e-03) (-1.827404e-05 -3.509270e-04 -1.424178e-04))
6.145         	((-5.280929e-02 -2.447222e-03 1.858938e+01) (-6.734730e-04 -3.888576e-05 3.684527e-02)) ((2.783518e-03 -1.469264e-01 -1.353258e-03) (-1.848287e-05 -3.605982e-04 -1.413762e-04))
6.15          	((-5.140149e-02 -2.033827e-03 1.842833e+01) (-6.868988e-04 -4.221261e-05 3.749115e-02)) ((2.788917e-03 -1.450697e-01 -1.118101e-03) (-1.853829e-05 -3.702445e-04 -1.403269e-04))
6.155         	((-4.945611e-02 -1.422285e-03 1.825921e+01) (-7.014052e-04 -4.531166e-05 3.812060e-02)) ((2.685377e-03 -1.430095e-01 -1.033598e-03) (-1.852830e-05 -3.796613e-04 -1.392389e-04))
6.16          	((-4.848021e-02 -2.556058e-03 1.808212e+01) (-7.159158e-04 -4.836899e-05 3.873423e-02)) ((2.683013e-03 -1.411058e-01 -8.963012e-04) (-1.852132e-05 -3.887934e-04 -1.381257e-04))
6.165         	((-4.670383e-02 -3.459385e-03 1.789733e+01) (-7.301896e-04 -5.146335e-05 3.933008e-02)) ((2.829836e-03 -1.390301e-01 -6.938911e-04) (-1.866468e-05 -3.977991e-04 -1.371263e-04))
6.17          	((-4.481964e-02 -4.291364e-03 1.770309e+01) (-7.444131e-04 -5.474964e-05 3.990842e-02)) ((2.869176e-03 -1.369128e-01 -5.409981e-04) (-1.873114e-05 -4.066796e-04 -1.360911e-04))
6.175         	((-4.337038e-02 -4.004181e-03 1.750233e+01) (-7.588752e-04 -5.786189e-05 4.046814e-02)) ((2.763807e-03 -1.347275e-01 -4.580211e-04) (-1.881054e-05 -4.154819e-04 -1.348182e-04))
6.18          	((-4.234418e-02 -3.515558e-03 1.729493e+01) (-7.734454e-04 -6.084845e-05 4.100904e-02)) ((2.648735e-03 -1.325977e-01 -2.709115e-04) (-1.901799e-05 -4.241653e-04 -1.335098e-04))
6.185         	((-4.071625e-02 -3.631600e-03 1.707775e+01) (-7.881152e-04 -6.416677e-05 4.152987e-02)) ((2.600855e-03 -1.303647e-01 -9.497600e-06) (-1.924453e-05 -4.326325e-04 -1.322137e-04))
6.19          	((-3.919352e-02 -3.536654e-03 1.685351e+01) (-8.031185e-04 -6.736914e-05 4.203138e-02)) ((2.507029e-03 -1.280477e-01 1.410531e-04) (-1.935118e-05 -4.409659e-04 -1.308270e-04))
6.195         	((-3.841403e-02 -4.213688e-03 1.662144e+01) (-8.183045e-04 -7.070749e-05 4.251270e-02)) ((2.475763e-03 -1.257846e-01 2.913940e-04) (-1.948962e-05 -4.495249e-04 -1.294875e-04))
6.2           	((-3.758688e-02 -4.767705e-03 1.637897e+01) (-8.335944e-04 -7.405561e-05 4.297201e-02)) ((2.275919e-03 -1.234306e-01 4.852667e-04) (-1.942191e-05 -4.577921e-04 -1.282779e-04))
6.205         	((-3.677798e-02 -4.857980e-03 1.612857e+01) (-8.496211e-04 -7.806106e-05 4.341120e-02)) ((2.287914e-03 -1.209361e-01 7.622871e-04) (-1.928238e-05 -4.659471e-04 -1.271923e-04))
6.21          	((-3.543647e-02 -5.260274e-03 1.587178e+01) (-8.655323e-04 -8.274691e-05 4.382784e-02)) ((2.279594e-03 -1.184336e-01 1.011017e-03) (-1.924146e-05 -4.740050e-04 -1.262985e-04))
6.215         	((-3.467435e-02 -4.390063e-03 1.560676e+01) (-8.815570e-04 -8.665024e-05 4.422173e-02)) ((2.014624e-03 -1.158625e-01 1.213159e-03) (-1.907399e-05 -4.818804e-04 -1.254945e-04))
6.22          	((-3.381255e-02 -5.605194e-03 1.533450e+01) (-8.972923e-04 -9.044915e-05 4.459400e-02)) ((2.075442e-03 -1.133767e-01 1.331540e-03) (-1.865547e-05 -4.898141e-04 -1.249147e-04))
6.225         	((-3.333002e-02 -5.367793e-03 1.505351e+01) (-9.131494e-04 -9.369839e-05 4.494219e-02)) ((1.919179e-03 -1.107140e-01 1.490506e-03) (-1.826379e-05 -4.973488e-04 -1.244016e-04))
6.23          	((-3.276286e-02 -5.718040e-03 1.476552e+01) (-9.287275e-04 -9.745819e-05 4.526649e-02)) ((1.743419e-03 -1.080028e-01 1.677849e-03) (-1.779287e-05 -5.047609e-04 -1.239877e-04))
6.235         	((-3.288998e-02 -5.820320e-03 1.447033e+01) (-9.443222e-04 -1.017704e-04 4.556849e-02)) ((1.703893e-03 -1.052668e-01 1.819692e-03) (-1.710577e-05 -5.122821e-04 -1.236070e-04))
6.24          	((-3.337721e-02 -5.400318e-03 1.416817e+01) (-9.604640e-04 -1.052119e-04 4.584590e-02)) ((1.534683e-03 -1.025441e-01 2.007794e-03) (-1.629770e-05 -5.194937e-04 -1.232433e-04))
6.245         	((-3.329100e-02 -5.132956e-03 1.385921e+01) (-9.759633e-04 -1.089483e-04 4.609936e-02)) ((1.361235e-03 -9.974601e-02 2.240777e-03) (-1.557721e-05 -5.265625e-04 -1.230147e-04))
6.25          	((-3.279790e-02 -5.554435e-03 1.354195e+01) (-9.914671e-04 -1.126375e-04 4.632938e-02)) ((1.269185e-03 -9.683717e-02 2.303645e-03) (-1.478973e-05 -5.336870e-04 -1.228104e-04))
6.255         	((-3.231700e-02 -5.766129e-03 1.321558e+01) (-1.006679e-03 -1.156348e-04 4.653502e-02)) ((1.107683e-03 -9.390942e-02 2.288122e-03) (-1.407737e-05 -5.404930e-04 -1.226860e-04))
6.26          	((-3.232768e-02 -5.845123e-03 1.288379e+01) (-1.021458e-03 -1.183606e-04 4.671737e-02)) ((9.348556e-04 -9.088046e-02 2.308866e-03) (-1.319105e-05 -5.472291e-04 -1.226455e-04))
6.265         	((-3.188579e-02 -5.807799e-03 1.254474e+01) (-1.035782e-03 -1.209487e-04 4.687485e-02)) ((7.752907e-04 -8.787395e-02 2.427837e-03) (-1.235421e-05 -5.535979e-04 -1.227592e-04))
6.27          	((-3.134259e-02 -6.082558e-03 1.219816e+01) (-1.050150e-03 -1.229337e-04 4.700904e-02)) ((5.252484e-04 -8.476287e-02 2.537783e-03) (-1.146791e-05 -5.598385e-04 -1.228415e-04))
6.275         	((-3.060919e-02 -5.739306e-03 1.184443e+01) (-1.063621e-03 -1.251384e-04 4.711867e-02)) ((4.760831e-04 -8.157652e-02 2.585609e-03) (-1.064483e-05 -5.659502e-04 -1.231022e-04))
6.28          	((-2.991634e-02 -5.316829e-03 1.148541e+01) (-1.077209e-03 -1.267605e-04 4.720391e-02)) ((3.745683e-04 -7.841463e-02 2.553771e-03) (-9.395261e-06 -5.718930e-04 -1.233978e-04))
6.285         	((-2.939623e-02 -5.504924e-03 1.112136e+01) (-1.089612e-03 -1.280448e-04 4.726527e-02)) ((2.250376e-04 -7.518454e-02 2.436342e-03) (-8.344414e-06 -5.776992e-04 -1.238027e-04))
6.29          	((-2.933424e-02 -5.190873e-03 1.075045e+01) (-1.102117e-03 -1.297133e-04 4.730151e-02)) ((7.612944e-05 -7.195931e-02 2.452724e-03) (-7.363250e-06 -5.832600e-04 -1.242177e-04))
6.295         	((-2.953968e-02 -5.076219e-03 1.037493e+01) (-1.113933e-03 -1.314745e-04 4.731334e-02)) ((-1.626834e-04 -6.874508e-02 2.421934e-03) (-5.970243e-06 -5.886430e-04 -1.245431e-04))
6.3           	((-2.935413e-02 -4.817152e-03 9.991771e+00) (-1.125006e-03 -1.335169e-04 4.730030e-02)) ((-3.692504e-04 -6.545602e-02 2.468110e-03) (-4.541206e-06 -5.937842e-04 -1.249161e-04))
6.305         	((-2.918246e-02 -4.193456e-03 9.605570e+00) (-1.135310e-03 -1.357713e-04 4.726252e-02)) ((-6.643811e-04 -6.214044e-02 2.505284e-03) (-3.316404e-06 -5.986226e-04 -1.252648e-04))
6.31          	((-2.863781e-02 -3.797712e-03 9.214205e+00) (-1.145214e-03 -1.377810e-04 4.720041e-02)) ((-6.656220e-04 -5.882201e-02 2.361198e-03) (-2.045171e-06 -6.032309e-04 -1.255448e-04))
6.315         	((-2.816584e-02 -3.326036e-03 8.817882e+00) (-1.154009e-03 -1.396618e-04 4.711340e-02)) ((-1.010554e-03 -5.541366e-02 2.298782e-03) (-8.252062e-07 -6.075448e-04 -1.258508e-04))
6.32          	((-2.803260e-02 -2.574883e-03 8.416447e+00) (-1.162014e-03 -1.412070e-04 4.700342e-02)) ((-1.162618e-03 -5.196709e-02 2.274204e-03) (5.454525e-07 -6.115955e-04 -1.262200e-04))
6.325         	((-2.744767e-02 -2.349431e-03 8.010646e+00) (-1.169943e-03 -1.428314e-04 4.686860e-02)) ((-1.377585e-03 -4.851469e-02 2.180907e-03) (1.831791e-06 -6.154676e-04 -1.266061e-04))
6.33          	((-2.672383e-02 -2.680737e-03 7.600501e+00) (-1.176352e-03 -1.445035e-04 4.670968e-02)) ((-1.512263e-03 -4.508317e-02 2.075884e-03) (3.081647e-06 -6.190276e-04 -1.270236e-04))
6.335         	((-2.637346e-02 -2.972929e-03 7.186459e+00) (-1.182013e-03 -1.458827e-04 4.652909e-02)) ((-1.607065e-03 -4.158175e-02 1.913303e-03) (4.603406e-06 -6.223902e-04 -1.275908e-04))
6.34          	((-2.580311e-02 -2.918851e-03 6.768045e+00) (-1.187014e-03 -1.468793e-04 4.632483e-02)) ((-1.548698e-03 -3.812795e-02 1.584591e-03) (5.928527e-06 -6.255314e-04 -1.280874e-04))
6.345         	((-2.496837e-02 -2.310462e-03 6.345816e+00) (-1.191422e-03 -1.484454e-04 4.609550e-02)) ((-1.549820e-03 -3.473985e-02 1.459144e-03) (7.221863e-06 -6.284620e-04 -1.287559e-04))
6.35          	((-2.431944e-02 -2.133967e-03 5.921184e+00) (-1.195715e-03 -1.498064e-04 4.584406e-02)) ((-1.655170e-03 -3.127771e-02 1.284068e-03) (8.769578e-06 -6.309134e-04 -1.294278e-04))
6.355         	((-2.359481e-02 -1.118095e-03 5.491722e+00) (-1.199098e-03 -1.510633e-04 4.556937e-02)) ((-1.815317e-03 -2.772613e-02 1.043467e-03) (9.980966e-06 -6.331962e-04 -1.300577e-04))
6.36          	((-2.315773e-02 -1.140544e-03 5.060255e+00) (-1.201727e-03 -1.525503e-04 4.527306e-02)) ((-1.939445e-03 -2.416092e-02 8.279470e-04) (1.095564e-05 -6.352170e-04 -1.307098e-04))
6.365         	((-2.221470e-02 -6.341251e-04 4.626010e+00) (-1.203347e-03 -1.536757e-04 4.495517e-02)) ((-1.984106e-03 -2.068567e-02 5.844498e-04) (1.213885e-05 -6.369849e-04 -1.313238e-04))
6.37          	((-2.139775e-02 -2.381715e-05 4.189845e+00) (-1.204198e-03 -1.551510e-04 4.461459e-02)) ((-2.042810e-03 -1.716882e-02 3.130244e-04) (1.345703e-05 -6.382721e-04 -1.320528e-04))
6.375         	((-2.100383e-02 1.003481e-04 3.750117e+00) (-1.204766e-03 -1.563866e-04 4.425238e-02)) ((-2.100588e-03 -1.362382e-02 9.814604e-06) (1.443486e-05 -6.392356e-04 -1.328053e-04))
6.38          	((-1.967740e-02 6.365063e-04 3.307905e+00) (-1.204792e-03 -1.576226e-04 4.386900e-02)) ((-2.062089e-03 -9.907793e-03 -2.785400e-04) (1.536604e-05 -6.399359e-04 -1.336486e-04))
6.385         	((-1.843686e-02 1.078472e-03 2.864010e+00) (-1.203665e-03 -1.579945e-04 4.346533e-02)) ((-2.135914e-03 -6.338020e-03 -4.891665e-04) (1.642358e-05 -6.400982e-04 -1.345914e-04))
6.39          	((-1.726354e-02 1.319272e-03 2.418873e+00) (-1.202168e-03 -1.589108e-04 4.304087e-02)) ((-2.179295e-03 -2.822046e-03 -6.066233e-04) (1.738955e-05 -6.401653e-04 -1.354528e-04))
6.395         	((-1.585584e-02 2.272580e-03 1.971335e+00) (-1.199929e-03 -1.605442e-04 4.259606e-02)) ((-2.348334e-03 7.116533e-04 -7.593286e-04) (1.831855e-05 -6.398482e-04 -1.362567e-04))
6.4           	((-1.500259e-02 2.835801e-03 1.524289e+00) (-1.196749e-03 -1.614562e-04 4.213190e-02)) ((-2.486702e-03 4.184560e-03 -1.143798e-03) (1.925480e-05 -6.392796e-04 -1.370015e-04))
6.405         	((-1.368324e-02 2.967358e-03 1.075341e+00) (-1.193090e-03 -1.620127e-04 4.164943e-02)) ((-2.413661e-03 7.741297e-03 -1.229677e-03) (2.019989e-05 -6.382686e-04 -1.376938e-04))
6.41          	((-1.224606e-02 3.262998e-03 6.255550e-01) (-1.188997e-03 -1.625596e-04 4.114685e-02)) ((-2.466752e-03 1.133205e-02 -1.482069e-03) (2.095799e-05 -6.369221e-04 -1.383741e-04))
6.415         	((-1.032046e-02 3.253369e-03 1.741498e-01) (-1.184774e-03 -1.632093e-04 4.062533e-02)) ((-2.487170e-03 1.501943e-02 -1.665777e-03) (2.192631e-05 -6.352282e-04 -1.389318e-04))
6.42          	((-9.131654e-03 4.131116e-03 -2.760833e-01) (-1.179119e-03 -1.635725e-04 4.008662e-02)) ((-2.534595e-03 1.864109e-02 -1.894744e-03) (2.283995e-05 -6.332645e-04 -1.394553e-04))
6.425         	((-7.506830e-03 4.996300e-03 -7.257641e-01) (-1.172735e-03 -1.642930e-04 3.953104e-02)) ((-2.568079e-03 2.223852e-02 -2.068531e-03) (2.377559e-05 -6.309965e-04 -1.399570e-04))
6.43          	((-6.203183e-03 5.858059e-03 -1.174904e+00) (-1.166451e-03 -1.651202e-04 3.895705e-02)) ((-2.689414e-03 2.584439e-02 -2.209176e-03) (2.458076e-05 -6.282321e-04 -1.404676e-04))
6.435         	((-5.086549e-03 5.941830e-03 -1.622883e+00) (-1.159604e-03 -1.657653e-04 3.836573e-02)) ((-2.762325e-03 2.935881e-02 -2.505288e-03) (2.524733e-05 -6.252659e-04 -1.407886e-04))
6.44          	((-3.369552e-03 6.313874e-03 -2.071964e+00) (-1.152499e-03 -1.659999e-04 3.775907e-02)) ((-2.699796e-03 3.297057e-02 -2.635914e-03) (2.608511e-05 -6.218732e-04 -1.411410e-04))
6.445         	((-1.671447e-03 7.467972e-03 -2.519708e+00) (-1.144963e-03 -1.665152e-04 3.713628e-02)) ((-2.696082e-03 3.664467e-02 -2.792364e-03) (2.676327e-05 -6.183564e-04 -1.414051e-04))
6.45          	((-2.849960e-04 9.259423e-03 -2.966885e+00) (-1.136909e-03 -1.669501e-04 3.649762e-02)) ((-2.694399e-03 4.033964e-02 -2.933251e-03) (2.751068e-05 -6.144652e-04 -1.416871e-04))
6.455         	((7.169135e-04 9.943619e-03 -3.411716e+00) (-1.128505e-03 -1.667586e-04 3.584493e-02)) ((-2.719639e-03 4.376209e-02 -3.156407e-03) (2.826076e-05 -6.101523e-04 -1.419459e-04))
6.46          	((1.936362e-03 1.017197e-02 -3.853179e+00) (-1.120275e-03 -1.667072e-04 3.517734e-02)) ((-2.704291e-03 4.722122e-02 -3.392402e-03) (2.871767e-05 -6.056379e-04 -1.420416e-04))
6.465         	((3.469389e-03 1.068671e-02 -4.291549e+00) (-1.111611e-03 -1.666546e-04 3.449611e-02)) ((-2.641304e-03 5.078248e-02 -3.500415e-03) (2.912988e-05 -6.007861e-04 -1.419346e-04))
6.47          	((4.953763e-03 1.129170e-02 -4.728400e+00) (-1.102252e-03 -1.662172e-04 3.380036e-02)) ((-2.888352e-03 5.428663e-02 -3.571399e-03) (2.973383e-05 -5.956494e-04 -1.418692e-04))
6.475         	((6.188027e-03 1.193856e-02 -5.163517e+00) (-1.092615e-03 -1.655603e-04 3.309180e-02)) ((-2.961297e-03 5.771514e-02 -3.760917e-03) (3.018459e-05 -5.901142e-04 -1.416437e-04))
6.48          	((7.781722e-03 1.149118e-02 -5.595259e+00) (-1.082135e-03 -1.646071e-04 3.237153e-02)) ((-3.015766e-03 6.117664e-02 -3.768987e-03) (3.060765e-05 -5.842772e-04 -1.412872e-04))
6.485         	((9.298150e-03 1.171626e-02 -6.026110e+00) (-1.072129e-03 -1.639084e-04 3.163828e-02)) ((-2.958859e-03 6.462778e-02 -3.775921e-03) (3.083176e-05 -5.781854e-04 -1.407939e-04))
6.49          	((1.076566e-02 1.260590e-02 -6.451260e+00) (-1.062391e-03 -1.629280e-04 3.089323e-02)) ((-3.000190e-03 6.799362e-02 -3.836088e-03) (3.113678e-05 -5.717388e-04 -1.402882e-04))
6.495         	((1.235452e-02 1.235250e-02 -6.874308e+00) (-1.052850e-03 -1.615099e-04 3.013805e-02)) ((-3.005283e-03 7.131146e-02 -3.895763e-03) (3.145290e-05 -5.651650e-04 -1.395578e-04))
6.5           	((1.340994e-02 1.221042e-02 -7.293042e+00) (-1.042508e-03 -1.605065e-04 2.937107e-02)) ((-3.071070e-03 7.459382e-02 -3.962784e-03) (3.172892e-05 -5.582132e-04 -1.388916e-04))
6.505         	((1.514832e-02 1.292766e-02 -7.711996e+00) (-1.032872e-03 -1.595816e-04 2.859268e-02)) ((-3.119681e-03 7.815013e-02 -3.874228e-03) (3.177908e-05 -5.511694e-04 -1.381819e-04))
6.51          	((1.671627e-02 1.318063e-02 -8.124680e+00) (-1.023223e-03 -1.580879e-04 2.780375e-02)) ((-3.153104e-03 8.148900e-02 -4.056586e-03) (3.193735e-05 -5.438563e-04 -1.374504e-04))
6.515         	((1.815256e-02 1.361441e-02 -8.532814e+00) (-1.013608e-03 -1.562260e-04 2.700540e-02)) ((-3.111454e-03 8.481339e-02 -4.080499e-03) (3.209460e-05 -5.362704e-04 -1.367167e-04))
6.52          	((1.891006e-02 1.337244e-02 -8.936197e+00) (-1.003874e-03 -1.538986e-04 2.619856e-02)) ((-3.070032e-03 8.802532e-02 -4.124850e-03) (3.223037e-05 -5.285041e-04 -1.358627e-04))
6.525         	((2.079012e-02 1.330948e-02 -9.333343e+00) (-9.941182e-04 -1.522297e-04 2.538262e-02)) ((-3.163311e-03 9.140829e-02 -4.073325e-03) (3.211812e-05 -5.205686e-04 -1.348995e-04))
6.53          	((2.216589e-02 1.425985e-02 -9.724820e+00) (-9.839313e-04 -1.506362e-04 2.455716e-02)) ((-3.158607e-03 9.456706e-02 -4.054935e-03) (3.204005e-05 -5.123778e-04 -1.339929e-04))
6.535         	((2.373673e-02 1.395299e-02 -1.011187e+01) (-9.738556e-04 -1.489736e-04 2.372356e-02)) ((-3.140363e-03 9.774057e-02 -4.011736e-03) (3.196196e-05 -5.039542e-04 -1.330750e-04))
6.54          	((2.434378e-02 1.437791e-02 -1.049595e+01) (-9.636086e-04 -1.473058e-04 2.288216e-02)) ((-3.179194e-03 1.008442e-01 -4.073610e-03) (3.193162e-05 -4.953691e-04 -1.320353e-04))
6.545         	((2.513818e-02 1.437965e-02 -1.087361e+01) (-9.531601e-04 -1.456647e-04 2.203344e-02)) ((-3.182340e-03 1.039424e-01 -3.957688e-03) (3.183978e-05 -4.866122e-04 -1.310469e-04))
6.55          	((2.614392e-02 1.472714e-02 -1.124664e+01) (-9.428401e-04 -1.439759e-04 2.117782e-02)) ((-3.205072e-03 1.069102e-01 -3.884594e-03) (3.174754e-05 -4.777158e-04 -1.300275e-04))
6.555         	((2.726163e-02 1.477949e-02 -1.161310e+01) (-9.330481e-04 -1.423554e-04 2.031613e-02)) ((-3.309740e-03 1.099646e-01 -3.802941e-03) (3.166015e-05 -4.686091e-04 -1.289348e-04))
6.56          	((2.821977e-02 1.372254e-02 -1.197123e+01) (-9.236306e-04 -1.409017e-04 1.944790e-02)) ((-3.208726e-03 1.129615e-01 -3.758804e-03) (3.158820e-05 -4.593331e-04 -1.278890e-04))
6.565         	((2.913282e-02 1.331826e-02 -1.232536e+01) (-9.145237e-04 -1.388785e-04 1.857415e-02)) ((-3.135645e-03 1.157708e-01 -3.693407e-03) (3.139046e-05 -4.499483e-04 -1.267068e-04))
6.57          	((3.040267e-02 1.461340e-02 -1.267166e+01) (-9.057211e-04 -1.370923e-04 1.769449e-02)) ((-3.308152e-03 1.186033e-01 -3.720479e-03) (3.121971e-05 -4.403276e-04 -1.255570e-04))
6.575         	((3.214088e-02 1.520535e-02 -1.301094e+01) (-8.970946e-04 -1.354206e-04 1.681086e-02)) ((-3.377240e-03 1.213715e-01 -3.556552e-03) (3.106475e-05 -4.305326e-04 -1.244440e-04))
6.58          	((3.281363e-02 1.460401e-02 -1.334587e+01) (-8.886903e-04 -1.331494e-04 1.592191e-02)) ((-3.068779e-03 1.241945e-01 -3.449056e-03) (3.095674e-05 -4.205939e-04 -1.233824e-04))
6.585         	((3.315247e-02 1.391370e-02 -1.367422e+01) (-8.807528e-04 -1.307603e-04 1.502905e-02)) ((-3.027085e-03 1.268694e-01 -3.176122e-03) (3.072919e-05 -4.105861e-04 -1.223332e-04))
6.59          	((3.359320e-02 1.499591e-02 -1.399600e+01) (-8.726289e-04 -1.287504e-04 1.413242e-02)) ((-3.193347e-03 1.294636e-01 -2.983628e-03) (3.044136e-05 -4.003701e-04 -1.213607e-04))
6.595         	((3.463409e-02 1.509531e-02 -1.430669e+01) (-8.643088e-04 -1.268464e-04 1.323226e-02)) ((-3.289294e-03 1.320413e-01 -3.013903e-03) (3.014270e-05 -3.900706e-04 -1.203615e-04))
6.6           	((3.512422e-02 1.426151e-02 -1.460987e+01) (-8.565521e-04 -1.244972e-04 1.232892e-02)) ((-3.230223e-03 1.346310e-01 -2.891117e-03) (2.972305e-05 -3.796814e-04 -1.194199e-04))
6.605         	((3.563787e-02 1.476219e-02 -1.490734e+01) (-8.489489e-04 -1.215946e-04 1.142298e-02)) ((-3.192014e-03 1.369429e-01 -2.672410e-03) (2.924935e-05 -3.691989e-04 -1.184895e-04))
6.61          	((3.524148e-02 1.521071e-02 -1.519483e+01) (-8.416392e-04 -1.188770e-04 1.051417e-02)) ((-3.079156e-03 1.393241e-01 -2.434453e-03) (2.873826e-05 -3.586333e-04 -1.175793e-04))
6.615         	((3.611465e-02 1.438837e-02 -1.547347e+01) (-8.349234e-04 -1.162986e-04 9.602883e-03)) ((-2.903585e-03 1.416585e-01 -2.264912e-03) (2.823542e-05 -3.479431e-04 -1.167368e-04))
6.62          	((3.732720e-02 1.423379e-02 -1.574746e+01) (-8.285200e-04 -1.135997e-04 8.689726e-03)) ((-3.350699e-03 1.438820e-01 -2.133422e-03) (2.764804e-05 -3.371797e-04 -1.159881e-04))
6.625         	((3.747374e-02 1.444031e-02 -1.601127e+01) (-8.221475e-04 -1.111010e-04 7.774479e-03)) ((-3.461858e-03 1.459346e-01 -2.072894e-03) (2.703255e-05 -3.263066e-04 -1.152977e-04))
6.63          	((3.679634e-02 1.395224e-02 -1.626862e+01) (-8.160536e-04 -1.082934e-04 6.857754e-03)) ((-3.138995e-03 1.479402e-01 -2.020938e-03) (2.636729e-05 -3.154059e-04 -1.146564e-04))
6.635         	((3.634108e-02 1.486798e-02 -1.651568e+01) (-8.100143e-04 -1.057202e-04 5.939877e-03)) ((-3.274869e-03 1.501492e-01 -1.776699e-03) (2.569483e-05 -3.044635e-04 -1.141737e-04))
6.64          	((3.699246e-02 1.504466e-02 -1.675498e+01) (-8.045326e-04 -1.031396e-04 5.021056e-03)) ((-3.175898e-03 1.520095e-01 -1.654870e-03) (2.504748e-05 -2.934628e-04 -1.136527e-04))
6.645         	((3.689894e-02 1.404302e-02 -1.698879e+01) (-7.992602e-04 -1.004120e-04 4.101998e-03)) ((-2.925549e-03 1.536105e-01 -1.618950e-03) (2.431127e-05 -2.824443e-04 -1.131534e-04))
6.65          	((3.752631e-02 1.457790e-02 -1.721285e+01) (-7.942176e-04 -9.813086e-05 3.182998e-03)) ((-3.419223e-03 1.556827e-01 -1.469550e-03) (2.359951e-05 -2.714270e-04 -1.127747e-04))
6.655         	((3.736265e-02 1.412488e-02 -1.742659e+01) (-7.894516e-04 -9.601188e-05 2.264561e-03)) ((-2.618461e-03 1.572335e-01 -1.329658e-03) (2.297956e-05 -2.604048e-04 -1.125084e-04))
6.66          	((3.672767e-02 1.375736e-02 -1.763497e+01) (-7.846627e-04 -9.357439e-05 1.346648e-03)) ((-2.868333e-03 1.588631e-01 -1.111574e-03) (2.252376e-05 -2.493845e-04 -1.123138e-04))
6.665         	((3.594813e-02 1.312708e-02 -1.783584e+01) (-7.803262e-04 -9.104941e-05 4.299912e-04)) ((-3.625362e-03 1.605853e-01 -8.532410e-04) (2.203007e-05 -2.383283e-04 -1.120752e-04))
6.67          	((3.480870e-02 1.397613e-02 -1.802220e+01) (-7.765067e-04 -8.843612e-05 -4.846671e-04)) ((-3.638191e-03 1.622131e-01 -6.949483e-04) (2.152391e-05 -2.273052e-04 -1.117071e-04))
6.675         	((3.265567e-02 1.348463e-02 -1.820172e+01) (-7.731825e-04 -8.580506e-05 -1.397357e-03)) ((-3.774792e-03 1.633978e-01 -2.990484e-04) (2.094802e-05 -2.163378e-04 -1.113095e-04))
6.68          	((3.307140e-02 1.360887e-02 -1.837378e+01) (-7.700691e-04 -8.325550e-05 -2.307772e-03)) ((-3.555820e-03 1.644258e-01 -4.096572e-05) (2.037314e-05 -2.054335e-04 -1.109944e-04))
6.685         	((3.500498e-02 1.365100e-02 -1.853805e+01) (-7.675895e-04 -8.054935e-05 -3.215774e-03)) ((-3.152709e-03 1.656574e-01 -8.297525e-05) (1.976221e-05 -1.945847e-04 -1.106259e-04))
6.69          	((3.458985e-02 1.379238e-02 -1.869275e+01) (-7.655605e-04 -7.766713e-05 -4.121209e-03)) ((-2.920761e-03 1.669757e-01 -8.536235e-06) (1.912126e-05 -1.837857e-04 -1.102727e-04))
6.695         	((3.518789e-02 1.515778e-02 -1.883727e+01) (-7.641494e-04 -7.478167e-05 -5.024756e-03)) ((-2.374384e-03 1.680872e-01 2.410908e-04) (1.846322e-05 -1.730365e-04 -1.099926e-04))
6.7           	((3.299101e-02 1.473048e-02 -1.896618e+01) (-7.630321e-04 -7.216719e-05 -5.925930e-03)) ((-2.830028e-03 1.690775e-01 3.083118e-04) (1.780769e-05 -1.623426e-04 -1.096239e-04))
6.705         	((3.200258e-02 1.473431e-02 -1.909646e+01) (-7.611113e-04 -6.963660e-05 -6.824398e-03)) ((-3.278747e-03 1.698367e-01 4.686118e-04) (1.725303e-05 -1.516607e-04 -1.091995e-04))
6.71          	((3.143147e-02 1.409238e-02 -1.922026e+01) (-7.593490e-04 -6.751907e-05 -7.720099e-03)) ((-3.319352e-03 1.702883e-01 8.122459e-04) (1.671862e-05 -1.409820e-04 -1.088719e-04))
6.715         	((3.132263e-02 1.270731e-02 -1.933682e+01) (-7.590461e-04 -6.637387e-05 -8.613152e-03)) ((-3.270049e-03 1.713008e-01 9.570231e-04) (1.634262e-05 -1.303621e-04 -1.086879e-04))
6.72          	((2.890943e-02 1.208592e-02 -1.943478e+01) (-7.588202e-04 -6.555205e-05 -9.502960e-03)) ((-3.123376e-03 1.722421e-01 1.068802e-03) (1.590258e-05 -1.197900e-04 -1.085277e-04))
6.725         	((2.708765e-02 1.219937e-02 -1.952537e+01) (-7.593465e-04 -6.501629e-05 -1.038990e-02)) ((-2.414846e-03 1.729937e-01 1.180705e-03) (1.566829e-05 -1.093063e-04 -1.085140e-04))
6.73          	((2.671692e-02 1.262087e-02 -1.961472e+01) (-7.599933e-04 -6.373741e-05 -1.127336e-02)) ((-3.166846e-03 1.736712e-01 1.352203e-03) (1.538611e-05 -9.878531e-05 -1.084036e-04))
6.735         	((2.664762e-02 1.137090e-02 -1.969804e+01) (-7.601193e-04 -6.248633e-05 -1.215320e-02)) ((-2.917864e-03 1.739411e-01 1.680271e-03) (1.520303e-05 -8.828859e-05 -1.083002e-04))
6.74          	((2.702000e-02 1.197263e-02 -1.978665e+01) (-7.602623e-04 -6.099879e-05 -1.302935e-02)) ((-2.983240e-03 1.743174e-01 1.694775e-03) (1.502272e-05 -7.787660e-05 -1.080766e-04))
6.745         	((2.500334e-02 1.052545e-02 -1.985332e+01) (-7.611754e-04 -6.007180e-05 -1.390284e-02)) ((-3.196123e-03 1.745068e-01 1.875351e-03) (1.477614e-05 -6.752662e-05 -1.079676e-04))
6.75          	((2.231590e-02 1.039973e-02 -1.995649e+01) (-7.628022e-04 -5.892025e-05 -1.477377e-02)) ((-3.177610e-03 1.752263e-01 1.970001e-03) (1.454383e-05 -5.727413e-05 -1.079572e-04))
6.755         	((2.142586e-02 9.245275e-03 -2.005086e+01) (-7.644039e-04 -5.814508e-05 -1.564338e-02)) ((-3.068884e-03 1.755077e-01 2.355700e-03) (1.436479e-05 -4.710048e-05 -1.078420e-04))
6.76          	((1.616374e-02 9.863480e-03 -1.970123e+01) (-7.656890e-04 -5.810438e-05 -1.649417e-02)) ((-3.512431e-03 1.711328e-01 2.393923e-03) (1.403923e-05 -3.716096e-05 -1.076783e-04))
6.765         	((1.867637e-02 1.132330e-02 -2.010975e+01) (-7.664477e-04 -5.842782e-05 -1.734948e-02)) ((-3.629829e-03 1.762128e-01 2.751484e-03) (1.381855e-05 -2.707549e-05 -1.076775e-04))
6.77          	((2.117098e-02 1.260302e-02 -2.011534e+01) (-7.670771e-04 -5.910416e-05 -1.820162e-02)) ((-3.614011e-03 1.758605e-01 2.839954e-03) (1.359460e-05 -1.688877e-05 -1.077685e-04))
6.775         	((2.147324e-02 1.103903e-02 -2.013667e+01) (-7.677841e-04 -5.993402e-05 -1.904961e-02)) ((-3.476365e-03 1.745243e-01 2.682478e-03) (1.344696e-05 -6.841496e-06 -1.079715e-04))
6.78          	((1.784889e-02 9.658401e-03 -2.016336e+01) (-7.688581e-04 -6.083381e-05 -1.989284e-02)) ((-3.521624e-03 1.743516e-01 3.532244e-03) (1.331962e-05 3.104066e-06 -1.081603e-04))
6.785         	((1.911198e-02 1.007544e-02 -2.017568e+01) (-7.698020e-04 -6.194038e-05 -2.073145e-02)) ((-3.721672e-03 1.743220e-01 3.589342e-03) (1.324306e-05 1.313142e-05 -1.082085e-04))
6.79          	((1.840425e-02 8.710276e-03 -2.018087e+01) (-7.706735e-04 -6.347878e-05 -2.156530e-02)) ((-3.742867e-03 1.736557e-01 3.941856e-03) (1.319892e-05 2.315590e-05 -1.082843e-04))
6.795         	((1.776166e-02 9.784404e-03 -2.016730e+01) (-7.711040e-04 -6.465915e-05 -2.239287e-02)) ((-3.522184e-03 1.731383e-01 4.136093e-03) (1.324395e-05 3.314312e-05 -1.082606e-04))
6.8           	((1.729458e-02 8.792549e-03 -2.015771e+01) (-7.711670e-04 -6.565157e-05 -2.321713e-02)) ((-3.314979e-03 1.724537e-01 4.081661e-03) (1.330406e-05 4.315613e-05 -1.082865e-04))
6.805         	((1.445785e-02 7.790973e-03 -2.013596e+01) (-7.715487e-04 -6.715675e-05 -2.403610e-02)) ((-3.469200e-03 1.714278e-01 4.267983e-03) (1.325219e-05 5.334075e-05 -1.083041e-04))
6.81          	((1.419001e-02 8.240390e-03 -2.010700e+01) (-7.721620e-04 -6.863947e-05 -2.484858e-02)) ((-3.508588e-03 1.707213e-01 4.464748e-03) (1.326437e-05 6.347232e-05 -1.083370e-04))
6.815         	((1.423372e-02 7.990509e-03 -2.006920e+01) (-7.726761e-04 -7.019897e-05 -2.565540e-02)) ((-3.328284e-03 1.697750e-01 4.726145e-03) (1.322495e-05 7.361429e-05 -1.085048e-04))
6.82          	((1.410575e-02 7.600647e-03 -2.002772e+01) (-7.732901e-04 -7.201469e-05 -2.645592e-02)) ((-3.193447e-03 1.687461e-01 4.896208e-03) (1.334236e-05 8.375797e-05 -1.087696e-04))
6.825         	((1.256894e-02 7.890301e-03 -1.997821e+01) (-7.735260e-04 -7.410045e-05 -2.724897e-02)) ((-3.287699e-03 1.676679e-01 5.102526e-03) (1.354924e-05 9.373866e-05 -1.090125e-04))
6.83          	((1.126488e-02 8.599995e-03 -1.991940e+01) (-7.733393e-04 -7.621488e-05 -2.803416e-02)) ((-3.303786e-03 1.663936e-01 5.359863e-03) (1.365784e-05 1.039018e-04 -1.093349e-04))
6.835         	((1.088469e-02 8.308493e-03 -1.985091e+01) (-7.732277e-04 -7.867574e-05 -2.881160e-02)) ((-3.438065e-03 1.650601e-01 5.533609e-03) (1.386673e-05 1.139714e-04 -1.097128e-04))
6.84          	((1.130857e-02 7.259515e-03 -1.977442e+01) (-7.728109e-04 -8.140222e-05 -2.958094e-02)) ((-3.363072e-03 1.638976e-01 5.657617e-03) (1.419856e-05 1.241403e-04 -1.101655e-04))
6.845         	((1.143593e-02 7.275235e-03 -1.969393e+01) (-7.728737e-04 -8.454783e-05 -3.034125e-02)) ((-3.407804e-03 1.627338e-01 5.846293e-03) (1.447921e-05 1.343165e-04 -1.108710e-04))
6.85          	((1.232544e-02 6.924192e-03 -1.960393e+01) (-7.722528e-04 -8.714397e-05 -3.109274e-02)) ((-3.333354e-03 1.613842e-01 6.067054e-03) (1.475145e-05 1.446469e-04 -1.117498e-04))
6.855         	((1.226510e-02 7.517227e-03 -1.950952e+01) (-7.713035e-04 -8.990838e-05 -3.183514e-02)) ((-3.408215e-03 1.599620e-01 6.341614e-03) (1.497596e-05 1.549216e-04 -1.126143e-04))
6.86          	((1.270986e-02 7.373836e-03 -1.940939e+01) (-7.701924e-04 -9.226521e-05 -3.256743e-02)) ((-3.532794e-03 1.584758e-01 6.540335e-03) (1.529374e-05 1.651426e-04 -1.134434e-04))
6.865         	((1.264013e-02 6.001215e-03 -1.930094e+01) (-7.684223e-04 -9.510456e-05 -3.328981e-02)) ((-3.408319e-03 1.569455e-01 6.625285e-03) (1.578654e-05 1.753590e-04 -1.142269e-04))
6.87          	((1.198182e-02 4.953650e-03 -1.918733e+01) (-7.661072e-04 -9.864094e-05 -3.400104e-02)) ((-3.455492e-03 1.553866e-01 6.808175e-03) (1.602032e-05 1.855918e-04 -1.150381e-04))
6.875         	((1.251786e-02 5.873463e-03 -1.906305e+01) (-7.635290e-04 -1.024697e-04 -3.470158e-02)) ((-3.577874e-03 1.536947e-01 6.993491e-03) (1.631798e-05 1.958334e-04 -1.157652e-04))
6.88          	((1.260267e-02 5.029413e-03 -1.893206e+01) (-7.604446e-04 -1.059176e-04 -3.539142e-02)) ((-3.557065e-03 1.518716e-01 7.159104e-03) (1.651734e-05 2.063200e-04 -1.166182e-04))
6.885         	((1.244298e-02 5.436607e-03 -1.879012e+01) (-7.569596e-04 -1.094414e-04 -3.606893e-02)) ((-3.617278e-03 1.499717e-01 7.302221e-03) (1.685255e-05 2.167719e-04 -1.175280e-04))
6.89          	((1.309366e-02 6.006315e-03 -1.864204e+01) (-7.539737e-04 -1.128625e-04 -3.673436e-02)) ((-3.566448e-03 1.480418e-01 7.505958e-03) (1.704001e-05 2.272991e-04 -1.183657e-04))
6.895         	((1.407573e-02 6.375378e-03 -1.848795e+01) (-7.498871e-04 -1.167370e-04 -3.738736e-02)) ((-3.490138e-03 1.459928e-01 7.626583e-03) (1.740968e-05 2.377660e-04 -1.192222e-04))
6.9           	((1.481781e-02 5.733251e-03 -1.832390e+01) (-7.459408e-04 -1.204573e-04 -3.802622e-02)) ((-3.402920e-03 1.438633e-01 7.744116e-03) (1.766067e-05 2.481770e-04 -1.200727e-04))
6.905         	((1.548027e-02 5.436639e-03 -1.815355e+01) (-7.412362e-04 -1.241567e-04 -3.865064e-02)) ((-3.393515e-03 1.416476e-01 7.915148e-03) (1.795066e-05 2.585762e-04 -1.209748e-04))
6.91          	((1.596830e-02 5.045324e-03 -1.797595e+01) (-7.359560e-04 -1.276555e-04 -3.925987e-02)) ((-3.454652e-03 1.395543e-01 8.123069e-03) (1.808078e-05 2.691005e-04 -1.219738e-04))
6.915         	((1.698287e-02 4.342375e-03 -1.779064e+01) (-7.310115e-04 -1.310418e-04 -3.985484e-02)) ((-3.423648e-03 1.373565e-01 8.286998e-03) (1.830466e-05 2.794824e-04 -1.228888e-04))
6.92          	((1.799589e-02 4.846139e-03 -1.759629e+01) (-7.263304e-04 -1.347307e-04 -4.043336e-02)) ((-3.533935e-03 1.351468e-01 8.432857e-03) (1.858726e-05 2.897835e-04 -1.238871e-04))
6.925         	((1.937139e-02 4.942116e-03 -1.739687e+01) (-7.212495e-04 -1.381949e-04 -4.099688e-02)) ((-3.544155e-03 1.329016e-01 8.453706e-03) (1.895733e-05 3.000853e-04 -1.248031e-04))
6.93          	((2.055082e-02 5.281880e-03 -1.718909e+01) (-7.164484e-04 -1.410884e-04 -4.154386e-02)) ((-3.569255e-03 1.305491e-01 8.581448e-03) (1.933030e-05 3.102810e-04 -1.257739e-04))
6.935         	((2.153617e-02 4.858502e-03 -1.697147e+01) (-7.108954e-04 -1.438555e-04 -4.207373e-02)) ((-3.556326e-03 1.281475e-01 8.657341e-03) (1.948659e-05 3.203815e-04 -1.266832e-04))
6.94          	((2.214315e-02 5.383665e-03 -1.674582e+01) (-7.054052e-04 -1.465718e-04 -4.258676e-02)) ((-3.623479e-03 1.256573e-01 8.788653e-03) (1.961564e-05 3.305455e-04 -1.276129e-04))
6.945         	((2.413270e-02 5.531289e-03 -1.651157e+01) (-7.003450e-04 -1.494452e-04 -4.308179e-02)) ((-3.481230e-03 1.231604e-01 8.914543e-03) (1.985388e-05 3.403302e-04 -1.285974e-04))
6.95          	((2.528442e-02 5.797906e-03 -1.627195e+01) (-6.952919e-04 -1.521835e-04 -4.355867e-02)) ((-3.391777e-03 1.206190e-01 9.027647e-03) (1.994601e-05 3.499599e-04 -1.295595e-04))
6.955         	((2.674000e-02 6.401428e-03 -1.602334e+01) (-6.893721e-04 -1.546365e-04 -4.401662e-02)) ((-3.402428e-03 1.180902e-01 9.142004e-03) (2.026229e-05 3.595631e-04 -1.304227e-04))
6.96          	((2.765754e-02 6.769559e-03 -1.576833e+01) (-6.830650e-04 -1.566027e-04 -4.445499e-02)) ((-3.481918e-03 1.153816e-01 9.168839e-03) (2.027695e-05 3.690699e-04 -1.313411e-04))
6.965         	((2.851661e-02 6.754508e-03 -1.550588e+01) (-6.764205e-04 -1.583897e-04 -4.487377e-02)) ((-3.509710e-03 1.127123e-01 9.185529e-03) (2.020978e-05 3.784832e-04 -1.323603e-04))
6.97          	((2.956598e-02 7.509249e-03 -1.523507e+01) (-6.691702e-04 -1.602126e-04 -4.527303e-02)) ((-3.660312e-03 1.100145e-01 9.197316e-03) (2.010031e-05 3.876720e-04 -1.333269e-04))
6.975         	((3.081397e-02 7.557660e-03 -1.495901e+01) (-6.609500e-04 -1.619974e-04 -4.565260e-02)) ((-3.554924e-03 1.072510e-01 9.181427e-03) (1.999975e-05 3.966878e-04 -1.344014e-04))
6.98          	((3.206097e-02 7.517068e-03 -1.467618e+01) (-6.534159e-04 -1.640139e-04 -4.601138e-02)) ((-3.427522e-03 1.045734e-01 9.161559e-03) (1.972818e-05 4.052483e-04 -1.354464e-04))
6.985         	((3.340442e-02 7.543714e-03 -1.438526e+01) (-6.460722e-04 -1.651776e-04 -4.634839e-02)) ((-3.450608e-03 1.018472e-01 9.270790e-03) (1.956825e-05 4.136864e-04 -1.365425e-04))
6.99          	((3.431399e-02 7.541140e-03 -1.408522e+01) (-6.383894e-04 -1.663379e-04 -4.666424e-02)) ((-3.368744e-03 9.919171e-02 9.240762e-03) (1.937701e-05 4.219013e-04 -1.376554e-04))
6.995         	((3.592892e-02 7.506259e-03 -1.377856e+01) (-6.302448e-04 -1.672971e-04 -4.695906e-02)) ((-3.361320e-03 9.638841e-02 9.196800e-03) (1.909162e-05 4.299858e-04 -1.387335e-04))
7             	((3.746631e-02 7.961677e-03 -1.346452e+01) (-6.222122e-04 -1.678471e-04 -4.723325e-02)) ((-3.371419e-03 9.359923e-02 9.176097e-03) (1.889882e-05 4.375149e-04 -1.396348e-04))
7.005         	((3.853200e-02 8.291744e-03 -1.314438e+01) (-6.137425e-04 -1.678808e-04 -4.748392e-02)) ((-3.345178e-03 9.070324e-02 9.162704e-03) (1.825993e-05 4.451099e-04 -1.407591e-04))
7.01          	((3.999027e-02 9.214292e-03 -1.281663e+01) (-6.052537e-04 -1.677763e-04 -4.771236e-02)) ((-3.394646e-03 8.796607e-02 9.036357e-03) (1.786072e-05 4.523902e-04 -1.418063e-04))
7.015         	((4.073483e-02 9.584099e-03 -1.248342e+01) (-5.966520e-04 -1.676084e-04 -4.791730e-02)) ((-3.229536e-03 8.490958e-02 9.141681e-03) (1.718161e-05 4.593979e-04 -1.429902e-04))
7.02          	((4.115409e-02 9.589857e-03 -1.214299e+01) (-5.881197e-04 -1.672952e-04 -4.810072e-02)) ((-3.167809e-03 8.180305e-02 9.142589e-03) (1.688818e-05 4.660942e-04 -1.441603e-04))
7.025         	((4.193613e-02 9.852812e-03 -1.179815e+01) (-5.791863e-04 -1.669720e-04 -4.826204e-02)) ((-3.283625e-03 7.891612e-02 8.984222e-03) (1.612745e-05 4.725162e-04 -1.451858e-04))
7.03          	((4.266287e-02 1.036350e-02 -1.144518e+01) (-5.699803e-04 -1.660593e-04 -4.839886e-02)) ((-3.264151e-03 7.589599e-02 8.856477e-03) (1.548151e-05 4.787219e-04 -1.463506e-04))
7.035         	((4.340157e-02 9.674216e-03 -1.108689e+01) (-5.598745e-04 -1.652574e-04 -4.851146e-02)) ((-3.077755e-03 7.280137e-02 8.748626e-03) (1.472030e-05 4.847306e-04 -1.476338e-04))
7.04          	((4.435123e-02 9.092906e-03 -1.072314e+01) (-5.493680e-04 -1.641726e-04 -4.860217e-02)) ((-2.862381e-03 6.976353e-02 8.656276e-03) (1.411193e-05 4.902169e-04 -1.488925e-04))
7.045         	((4.484846e-02 8.658140e-03 -1.035268e+01) (-5.376518e-04 -1.630112e-04 -4.866762e-02)) ((-2.673834e-03 6.662191e-02 8.654654e-03) (1.321748e-05 4.955638e-04 -1.500386e-04))
7.05          	((4.497480e-02 9.250992e-03 -9.976979e+00) (-5.258644e-04 -1.611989e-04 -4.870926e-02)) ((-2.723981e-03 6.355802e-02 8.667250e-03) (1.251934e-05 5.007506e-04 -1.511258e-04))
7.055         	((4.499517e-02 9.445198e-03 -9.595554e+00) (-5.140205e-04 -1.597287e-04 -4.872673e-02)) ((-2.663636e-03 6.049473e-02 8.624310e-03) (1.153019e-05 5.054373e-04 -1.523372e-04))
7.06          	((4.539387e-02 8.947403e-03 -9.208749e+00) (-5.018202e-04 -1.579019e-04 -4.872093e-02)) ((-2.561919e-03 5.731533e-02 8.548213e-03) (1.091395e-05 5.100290e-04 -1.534595e-04))
7.065         	((4.592854e-02 8.581454e-03 -8.816653e+00) (-4.902115e-04 -1.558710e-04 -4.868832e-02)) ((-2.588777e-03 5.411437e-02 8.591690e-03) (9.990795e-06 5.140805e-04 -1.546599e-04))
7.07          	((4.631801e-02 8.557102e-03 -8.419410e+00) (-4.785077e-04 -1.535906e-04 -4.863329e-02)) ((-2.685364e-03 5.104766e-02 8.562573e-03) (9.026771e-06 5.177983e-04 -1.558129e-04))
7.075         	((4.723869e-02 8.707497e-03 -8.017666e+00) (-4.659856e-04 -1.512077e-04 -4.855362e-02)) ((-2.671385e-03 4.776476e-02 8.349474e-03) (8.266702e-06 5.211928e-04 -1.570404e-04))
7.08          	((4.725027e-02 9.010062e-03 -7.611678e+00) (-4.533777e-04 -1.487641e-04 -4.844983e-02)) ((-2.638007e-03 4.449342e-02 8.195595e-03) (7.444971e-06 5.241195e-04 -1.580804e-04))
7.085         	((4.742339e-02 8.834846e-03 -7.200771e+00) (-4.397691e-04 -1.465609e-04 -4.832202e-02)) ((-2.663473e-03 4.112220e-02 8.152083e-03) (7.050175e-06 5.269130e-04 -1.590619e-04))
7.09          	((4.746225e-02 7.925739e-03 -6.784618e+00) (-4.256773e-04 -1.443332e-04 -4.816875e-02)) ((-2.552906e-03 3.771279e-02 8.147186e-03) (6.119274e-06 5.292350e-04 -1.601740e-04))
7.095         	((4.733815e-02 6.759097e-03 -6.365623e+00) (-4.117388e-04 -1.423771e-04 -4.799292e-02)) ((-2.267168e-03 3.433941e-02 8.032297e-03) (5.531150e-06 5.313214e-04 -1.612409e-04))
7.1           	((4.675234e-02 5.801599e-03 -5.943741e+00) (-3.973521e-04 -1.399034e-04 -4.779393e-02)) ((-2.088206e-03 3.084636e-02 7.992826e-03) (5.009020e-06 5.330489e-04 -1.622453e-04))
7.105         	((4.645044e-02 5.848155e-03 -5.517276e+00) (-3.819053e-04 -1.376934e-04 -4.757050e-02)) ((-1.947649e-03 2.738001e-02 7.826549e-03) (4.362439e-06 5.345396e-04 -1.632468e-04))
7.11          	((4.598382e-02 5.188671e-03 -5.087440e+00) (-3.660554e-04 -1.349910e-04 -4.732492e-02)) ((-1.807211e-03 2.398700e-02 7.753517e-03) (3.877302e-06 5.356678e-04 -1.642782e-04))
7.115         	((4.531856e-02 5.859419e-03 -4.654173e+00) (-3.508866e-04 -1.326292e-04 -4.705511e-02)) ((-1.961920e-03 2.058712e-02 7.634834e-03) (3.210207e-06 5.363601e-04 -1.652812e-04))
7.12          	((4.482042e-02 6.131051e-03 -4.217329e+00) (-3.352284e-04 -1.308748e-04 -4.676087e-02)) ((-2.006314e-03 1.713729e-02 7.493253e-03) (2.822090e-06 5.366544e-04 -1.663018e-04))
7.125         	((4.428446e-02 5.286565e-03 -3.778169e+00) (-3.196338e-04 -1.290861e-04 -4.644523e-02)) ((-1.784329e-03 1.363990e-02 7.336394e-03) (2.640254e-06 5.366516e-04 -1.673325e-04))
7.13          	((4.406578e-02 4.299317e-03 -3.336825e+00) (-3.038001e-04 -1.280918e-04 -4.610703e-02)) ((-1.701089e-03 1.023902e-02 7.223094e-03) (2.263552e-06 5.363221e-04 -1.682904e-04))
7.135         	((4.348073e-02 3.458817e-03 -2.892794e+00) (-2.876994e-04 -1.273993e-04 -4.574704e-02)) ((-1.553496e-03 6.696083e-03 7.129951e-03) (2.250853e-06 5.356527e-04 -1.693562e-04))
7.14          	((4.252619e-02 3.417113e-03 -2.446982e+00) (-2.719140e-04 -1.270208e-04 -4.536460e-02)) ((-1.434584e-03 3.181862e-03 7.103535e-03) (2.092119e-06 5.344449e-04 -1.704819e-04))
7.145         	((4.164159e-02 3.314406e-03 -2.000427e+00) (-2.558486e-04 -1.263018e-04 -4.495916e-02)) ((-1.248161e-03 -4.410339e-04 7.038701e-03) (1.756121e-06 5.330393e-04 -1.716202e-04))
7.15          	((4.055225e-02 2.713861e-03 -1.552370e+00) (-2.390591e-04 -1.252796e-04 -4.453315e-02)) ((-1.130553e-03 -4.004268e-03 6.918878e-03) (1.696599e-06 5.314882e-04 -1.728148e-04))
7.155         	((3.932440e-02 2.723076e-03 -1.102095e+00) (-2.225130e-04 -1.240561e-04 -4.408488e-02)) ((-1.133864e-03 -7.506725e-03 6.714275e-03) (1.427028e-06 5.294889e-04 -1.740202e-04))
7.16          	((3.851622e-02 2.968785e-03 -6.510860e-01) (-2.063980e-04 -1.231089e-04 -4.361805e-02)) ((-1.059116e-03 -1.101445e-02 6.569644e-03) (1.339993e-06 5.272935e-04 -1.750792e-04))
7.165         	((3.711895e-02 3.008140e-03 -2.003892e-01) (-1.903313e-04 -1.230083e-04 -4.312803e-02)) ((-8.796026e-04 -1.456636e-02 6.510111e-03) (9.968583e-07 5.245120e-04 -1.762792e-04))
7.17          	((3.594282e-02 2.920981e-03 2.515883e-01) (-1.742180e-04 -1.228815e-04 -4.261810e-02)) ((-7.606220e-04 -1.810255e-02 6.471398e-03) (6.923633e-07 5.215427e-04 -1.775024e-04))
7.175         	((3.507092e-02 1.555027e-03 7.031101e-01) (-1.582830e-04 -1.221963e-04 -4.208924e-02)) ((-5.577755e-04 -2.168217e-02 6.467762e-03) (7.396896e-07 5.183204e-04 -1.786179e-04))
7.18          	((3.308586e-02 1.158307e-03 1.154923e+00) (-1.429322e-04 -1.209221e-04 -4.154099e-02)) ((-4.609165e-04 -2.503574e-02 6.359628e-03) (4.315263e-07 5.147426e-04 -1.797111e-04))
7.185         	((3.196579e-02 4.819078e-04 1.606676e+00) (-1.277872e-04 -1.198339e-04 -4.097340e-02)) ((-3.597163e-04 -2.863134e-02 6.201117e-03) (4.389530e-07 5.109074e-04 -1.809075e-04))
7.19          	((3.052707e-02 1.948662e-04 2.055751e+00) (-1.128681e-04 -1.183739e-04 -4.038669e-02)) ((-2.304532e-04 -3.215120e-02 6.154680e-03) (2.313679e-07 5.067437e-04 -1.820522e-04))
7.195         	((2.929162e-02 3.695235e-04 2.504373e+00) (-9.872867e-05 -1.167610e-04 -3.978151e-02)) ((-2.499009e-04 -3.543475e-02 6.131526e-03) (2.545004e-07 5.022023e-04 -1.830720e-04))
7.2           	((2.793994e-02 1.884145e-04 2.951234e+00) (-8.533871e-05 -1.153105e-04 -3.915916e-02)) ((-2.141445e-04 -3.879111e-02 6.023591e-03) (3.338670e-07 4.974005e-04 -1.840675e-04))
7.205         	((2.628109e-02 -8.223204e-05 3.396873e+00) (-7.237569e-05 -1.139840e-04 -3.851821e-02)) ((-1.133419e-04 -4.225861e-02 5.903660e-03) (2.285397e-07 4.922515e-04 -1.850105e-04))
7.21          	((2.499005e-02 -4.626631e-04 3.839886e+00) (-5.978345e-05 -1.126333e-04 -3.786100e-02)) ((2.289113e-05 -4.572411e-02 5.722154e-03) (1.884705e-07 4.868420e-04 -1.860181e-04))
7.215         	((2.328838e-02 -1.446345e-03 4.280792e+00) (-4.777668e-05 -1.106154e-04 -3.718722e-02)) ((1.191678e-04 -4.909471e-02 5.659278e-03) (1.645005e-07 4.812356e-04 -1.868637e-04))
7.22          	((2.128778e-02 -1.760568e-03 4.719383e+00) (-3.615302e-05 -1.089627e-04 -3.649680e-02)) ((1.079060e-04 -5.250485e-02 5.502029e-03) (1.594217e-07 4.753720e-04 -1.877178e-04))
7.225         	((1.951208e-02 -1.799002e-03 5.156250e+00) (-2.497034e-05 -1.070798e-04 -3.579171e-02)) ((2.997411e-04 -5.575963e-02 5.514854e-03) (3.725791e-07 4.693170e-04 -1.885937e-04))
7.23          	((1.820646e-02 -2.577316e-03 5.590910e+00) (-1.515285e-05 -1.049164e-04 -3.507126e-02)) ((5.692232e-04 -5.911064e-02 5.351967e-03) (3.112624e-07 4.629197e-04 -1.894686e-04))
7.235         	((1.688673e-02 -2.503375e-03 6.022386e+00) (-5.955593e-06 -1.026611e-04 -3.433628e-02)) ((7.134187e-04 -6.232881e-02 5.200063e-03) (3.344242e-07 4.562846e-04 -1.901829e-04))
7.24          	((1.564426e-02 -3.106520e-03 6.451578e+00) (2.820327e-06 -1.000642e-04 -3.358743e-02)) ((1.021759e-03 -6.556358e-02 5.076528e-03) (4.121148e-07 4.493705e-04 -1.907996e-04))
7.245         	((1.408215e-02 -3.382322e-03 6.878133e+00) (1.029427e-05 -9.794130e-05 -3.282493e-02)) ((1.082381e-03 -6.885611e-02 4.999872e-03) (4.885181e-07 4.422358e-04 -1.914636e-04))
7.25          	((1.274054e-02 -3.189645e-03 7.299585e+00) (1.784901e-05 -9.509457e-05 -3.204906e-02)) ((1.061415e-03 -7.208159e-02 4.876707e-03) (5.402829e-07 4.347963e-04 -1.919174e-04))
7.255         	((1.132169e-02 -2.926065e-03 7.716305e+00) (2.405632e-05 -9.267980e-05 -3.126102e-02)) ((9.280928e-04 -7.529270e-02 4.775873e-03) (5.370452e-07 4.270453e-04 -1.923352e-04))
7.26          	((9.401720e-03 -2.880982e-03 8.129886e+00) (2.982145e-05 -8.989717e-05 -3.046101e-02)) ((1.154099e-03 -7.865665e-02 4.563166e-03) (5.753998e-07 4.190760e-04 -1.925865e-04))
7.265         	((7.813652e-03 -3.899792e-03 8.538421e+00) (3.508533e-05 -8.676384e-05 -2.964910e-02)) ((1.413230e-03 -8.184260e-02 4.445721e-03) (5.761797e-07 4.109087e-04 -1.928006e-04))
7.27          	((6.558705e-03 -3.367984e-03 8.942520e+00) (3.960232e-05 -8.328213e-05 -2.882670e-02)) ((1.374679e-03 -8.500192e-02 4.322700e-03) (6.791665e-07 4.024584e-04 -1.928699e-04))
7.275         	((5.159781e-03 -3.461023e-03 9.343391e+00) (4.369927e-05 -7.947379e-05 -2.799301e-02)) ((1.506257e-03 -8.821082e-02 4.244782e-03) (6.466637e-07 3.938447e-04 -1.928941e-04))
7.28          	((3.677827e-03 -3.749130e-03 9.737918e+00) (4.684147e-05 -7.563956e-05 -2.715005e-02)) ((1.565907e-03 -9.128089e-02 4.028541e-03) (6.018148e-07 3.851889e-04 -1.929035e-04))
7.285         	((2.079391e-03 -4.216473e-03 1.012767e+01) (4.905707e-05 -7.120186e-05 -2.629709e-02)) ((1.744109e-03 -9.421126e-02 3.923080e-03) (5.601448e-07 3.763479e-04 -1.928377e-04))
7.29          	((6.410799e-04 -4.767255e-03 1.051091e+01) (5.071059e-05 -6.625977e-05 -2.543564e-02)) ((2.003316e-03 -9.720606e-02 3.712146e-03) (5.210894e-07 3.673402e-04 -1.926343e-04))
7.295         	((-1.735662e-03 -5.249916e-03 1.088898e+01) (5.183598e-05 -6.127589e-05 -2.456555e-02)) ((2.147103e-03 -1.000839e-01 3.575050e-03) (3.701795e-07 3.580816e-04 -1.923681e-04))
7.3           	((-3.300809e-03 -5.652722e-03 1.126133e+01) (5.269851e-05 -5.627841e-05 -2.368742e-02)) ((2.185489e-03 -1.029926e-01 3.493768e-03) (2.350516e-07 3.488024e-04 -1.921267e-04))
7.305         	((-4.829324e-03 -5.562853e-03 1.162835e+01) (5.271374e-05 -5.119205e-05 -2.280185e-02)) ((2.182882e-03 -1.057265e-01 3.381571e-03) (1.870721e-07 3.393590e-04 -1.917945e-04))
7.31          	((-6.888607e-03 -4.857096e-03 1.199000e+01) (5.180683e-05 -4.639359e-05 -2.190933e-02)) ((2.304638e-03 -1.084597e-01 3.244144e-03) (1.198774e-07 3.297150e-04 -1.913984e-04))
7.315         	((-8.035598e-03 -4.495248e-03 1.234371e+01) (5.059613e-05 -4.166318e-05 -2.101025e-02)) ((2.372592e-03 -1.113403e-01 3.050065e-03) (-4.446126e-08 3.199796e-04 -1.909365e-04))
7.32          	((-8.836708e-03 -5.150810e-03 1.268946e+01) (4.865153e-05 -3.679484e-05 -2.010486e-02)) ((2.563023e-03 -1.140951e-01 2.942735e-03) (-1.899064e-07 3.100974e-04 -1.904088e-04))
7.325         	((-1.052865e-02 -4.954895e-03 1.302912e+01) (4.580448e-05 -3.231566e-05 -1.919365e-02)) ((2.493002e-03 -1.168662e-01 2.837683e-03) (-2.976506e-07 3.001128e-04 -1.898057e-04))
7.33          	((-1.133649e-02 -4.317494e-03 1.336172e+01) (4.256043e-05 -2.773249e-05 -1.827677e-02)) ((2.595893e-03 -1.193776e-01 2.765904e-03) (-4.278661e-07 2.899747e-04 -1.891800e-04))
7.335         	((-1.169619e-02 -4.640926e-03 1.368560e+01) (3.838666e-05 -2.345579e-05 -1.735549e-02)) ((2.719740e-03 -1.218345e-01 2.770610e-03) (-5.984337e-07 2.797440e-04 -1.885890e-04))
7.34          	((-1.300039e-02 -5.001724e-03 1.400542e+01) (3.338938e-05 -1.918692e-05 -1.642974e-02)) ((2.816003e-03 -1.244933e-01 2.715702e-03) (-8.362777e-07 2.694325e-04 -1.878836e-04))
7.345         	((-1.588920e-02 -5.301819e-03 1.432022e+01) (2.780019e-05 -1.492019e-05 -1.550042e-02)) ((3.050843e-03 -1.270994e-01 2.676653e-03) (-1.092546e-06 2.590736e-04 -1.871557e-04))
7.35          	((-1.782856e-02 -5.003397e-03 1.462321e+01) (2.229905e-05 -1.126830e-05 -1.456776e-02)) ((3.159932e-03 -1.296833e-01 2.549872e-03) (-1.343169e-06 2.486493e-04 -1.864235e-04))
7.355         	((-1.899253e-02 -4.686260e-03 1.491716e+01) (1.598729e-05 -8.057565e-06 -1.363155e-02)) ((3.180545e-03 -1.319637e-01 2.531876e-03) (-1.570033e-06 2.381717e-04 -1.855976e-04))
7.36          	((-2.033048e-02 -4.864807e-03 1.520426e+01) (8.991590e-06 -5.340793e-06 -1.269314e-02)) ((3.121940e-03 -1.340976e-01 2.361716e-03) (-1.836002e-06 2.276837e-04 -1.848183e-04))
7.365         	((-2.105414e-02 -4.716421e-03 1.548603e+01) (1.269237e-06 -2.889657e-06 -1.175208e-02)) ((3.387442e-03 -1.363925e-01 2.166301e-03) (-2.062821e-06 2.171131e-04 -1.838889e-04))
7.37          	((-2.244921e-02 -2.848349e-03 1.575843e+01) (-7.159252e-06 -4.517321e-07 -1.080945e-02)) ((3.386521e-03 -1.387540e-01 1.890360e-03) (-2.232302e-06 2.065031e-04 -1.828781e-04))
7.375         	((-2.449161e-02 -3.424552e-03 1.602045e+01) (-1.513111e-05 1.711041e-06 -9.865301e-03)) ((3.353732e-03 -1.409043e-01 1.949341e-03) (-2.355792e-06 1.959125e-04 -1.818362e-04))
7.38          	((-2.516437e-02 -3.405965e-03 1.627603e+01) (-2.334548e-05 4.087112e-06 -8.920802e-03)) ((3.141288e-03 -1.428387e-01 1.812847e-03) (-2.471129e-06 1.853513e-04 -1.808522e-04))
7.385         	((-2.653960e-02 -5.178433e-03 1.652760e+01) (-3.167654e-05 6.473500e-06 -7.975389e-03)) ((3.474577e-03 -1.448494e-01 1.667019e-03) (-2.581292e-06 1.747307e-04 -1.799063e-04))
7.39          	((-2.801579e-02 -4.826293e-03 1.676617e+01) (-4.048315e-05 9.071448e-06 -7.030134e-03)) ((3.716193e-03 -1.466528e-01 1.626270e-03) (-2.667306e-06 1.640840e-04 -1.790248e-04))
7.395         	((-2.906839e-02 -4.933977e-03 1.699897e+01) (-4.948324e-05 1.164766e-05 -6.085124e-03)) ((3.778514e-03 -1.484260e-01 1.622719e-03) (-2.666740e-06 1.534035e-04 -1.780973e-04))
7.4           	((-2.987654e-02 -3.025321e-03 1.722415e+01) (-5.884630e-05 1.309774e-05 -5.139885e-03)) ((3.923536e-03 -1.502592e-01 1.604384e-03) (-2.631992e-06 1.427116e-04 -1.770541e-04))
7.405         	((-3.093901e-02 -5.001308e-03 1.743594e+01) (-6.901120e-05 1.467289e-05 -4.195560e-03)) ((3.714831e-03 -1.519031e-01 1.453990e-03) (-2.619260e-06 1.320901e-04 -1.759634e-04))
7.41          	((-3.213863e-02 -4.987383e-03 1.763958e+01) (-7.900205e-05 1.593271e-05 -3.251884e-03)) ((3.868732e-03 -1.537023e-01 1.374650e-03) (-2.666544e-06 1.214963e-04 -1.748275e-04))
7.415         	((-3.289139e-02 -4.072114e-03 1.783817e+01) (-8.900611e-05 1.673544e-05 -2.308671e-03)) ((3.771287e-03 -1.553422e-01 1.261500e-03) (-2.667247e-06 1.108532e-04 -1.735952e-04))
7.42          	((-3.387383e-02 -2.405007e-03 1.802857e+01) (-9.942656e-05 1.772663e-05 -1.366801e-03)) ((3.530599e-03 -1.567020e-01 1.111709e-03) (-2.727807e-06 1.002908e-04 -1.722582e-04))
7.425         	((-3.530478e-02 -3.185539e-03 1.820749e+01) (-1.095977e-04 1.829105e-05 -4.269340e-04)) ((3.955392e-03 -1.580965e-01 9.181068e-04) (-2.766850e-06 8.978663e-05 -1.707523e-04))
7.43          	((-3.584079e-02 -1.765715e-03 1.838550e+01) (-1.203622e-04 1.893785e-05 5.114961e-04)) ((3.796816e-03 -1.594595e-01 8.006460e-04) (-2.848826e-06 7.932303e-05 -1.692288e-04))
7.435         	((-3.661714e-02 -1.625738e-03 1.855223e+01) (-1.313885e-04 1.880165e-05 1.447981e-03)) ((3.822835e-03 -1.608508e-01 9.489443e-04) (-2.954710e-06 6.886312e-05 -1.679402e-04))
7.44          	((-3.759755e-02 -2.734756e-03 1.870137e+01) (-1.426817e-04 1.826909e-05 2.381915e-03)) ((4.194707e-03 -1.622024e-01 7.505226e-04) (-2.983020e-06 5.829789e-05 -1.666627e-04))
7.445         	((-3.965754e-02 -4.180641e-03 1.884501e+01) (-1.542332e-04 1.694879e-05 3.312976e-03)) ((4.527039e-03 -1.636826e-01 5.674848e-04) (-3.069916e-06 4.776178e-05 -1.655072e-04))
7.45          	((-4.101982e-02 -1.457172e-03 1.897797e+01) (-1.658780e-04 1.531602e-05 4.241498e-03)) ((3.667854e-03 -1.647872e-01 6.255219e-04) (-3.255643e-06 3.719117e-05 -1.645616e-04))
7.455         	((-4.187446e-02 -9.677254e-05 1.910109e+01) (-1.770525e-04 1.406620e-05 5.167927e-03)) ((3.599247e-03 -1.656381e-01 6.390574e-04) (-3.406340e-06 2.669682e-05 -1.638963e-04))
7.46          	((-4.266115e-02 -7.894772e-04 1.922150e+01) (-1.880360e-04 1.261703e-05 6.092004e-03)) ((3.516069e-03 -1.665155e-01 5.337167e-04) (-3.595119e-06 1.604836e-05 -1.632694e-04))
7.465         	((-4.504000e-02 -1.453640e-03 1.933625e+01) (-1.989317e-04 1.133307e-05 7.013013e-03)) ((3.502893e-03 -1.675261e-01 2.535861e-04) (-3.963076e-06 5.559895e-06 -1.625753e-04))
7.47          	((-4.471964e-02 -2.237622e-03 1.944049e+01) (-2.101620e-04 1.027353e-05 7.931230e-03)) ((3.849637e-03 -1.682747e-01 3.829723e-04) (-4.384675e-06 -4.958506e-06 -1.619989e-04))
7.475         	((-4.636418e-02 2.393913e-04 1.954073e+01) (-2.219655e-04 8.775212e-06 8.846533e-03)) ((4.401689e-03 -1.690598e-01 6.420508e-04) (-4.800861e-06 -1.547656e-05 -1.615081e-04))
7.48          	((-4.697701e-02 -2.801219e-04 1.963136e+01) (-2.334792e-04 7.229974e-06 9.758162e-03)) ((3.909462e-03 -1.695610e-01 4.387632e-04) (-5.105721e-06 -2.594191e-05 -1.612782e-04))
7.485         	((-4.811168e-02 -4.296635e-04 1.971772e+01) (-2.459067e-04 4.645666e-06 1.066623e-02)) ((3.986152e-03 -1.701063e-01 1.616756e-04) (-5.362287e-06 -3.641504e-05 -1.610858e-04))
7.49          	((-4.984205e-02 -1.350837e-03 1.979382e+01) (-2.593994e-04 1.753197e-06 1.157164e-02)) ((4.069227e-03 -1.707434e-01 5.224828e-04) (-5.597579e-06 -4.691633e-05 -1.610443e-04))
7.495         	((-5.104176e-02 -3.468965e-03 1.985362e+01) (-2.736135e-04 -1.638918e-06 1.247378e-02)) ((3.858678e-03 -1.715342e-01 6.035520e-04) (-5.849564e-06 -5.757190e-05 -1.612064e-04))
7.5           	((-5.384551e-02 -5.053313e-04 1.994143e+01) (-2.875711e-04 -4.972002e-06 1.337362e-02)) ((3.761302e-03 -1.712960e-01 6.814517e-04) (-6.068259e-06 -6.816725e-05 -1.614153e-04))
