# Forces      
# CofR        : (0.000000e+00 0.000000e+00 0.000000e+00)
# Time        forces(pressure viscous)	moments(pressure viscous)
0             	((0.000000e+00 0.000000e+00 0.000000e+00) (0.000000e+00 0.000000e+00 0.000000e+00)) ((0.000000e+00 0.000000e+00 0.000000e+00) (0.000000e+00 0.000000e+00 0.000000e+00))
0.01          	((-1.768977e-02 -5.960349e-03 9.925352e+00) (-9.981999e-06 1.104219e-06 8.462659e-04)) ((1.903563e-03 -8.775366e-02 -7.548616e-04) (-2.687622e-07 -9.130051e-06 5.723523e-07))
0.02          	((-1.767496e-02 -5.472879e-03 9.755844e+00) (-1.966915e-05 1.738310e-06 1.689848e-03)) ((1.837336e-03 -8.626154e-02 -7.005278e-04) (-5.238710e-07 -1.830641e-05 1.116657e-06))
0.03          	((-1.816080e-02 -5.654907e-03 9.812967e+00) (-2.912813e-05 2.196605e-06 2.531214e-03)) ((1.835531e-03 -8.671940e-02 -6.883062e-04) (-7.568704e-07 -2.749239e-05 1.641720e-06))
0.04          	((-1.792562e-02 -5.651245e-03 9.754265e+00) (-3.836740e-05 2.623612e-06 3.363250e-03)) ((1.814344e-03 -8.625508e-02 -6.692922e-04) (-9.943375e-07 -3.662232e-05 2.130441e-06))
0.05          	((-1.775048e-02 -5.615333e-03 9.683691e+00) (-4.731907e-05 2.980070e-06 4.183368e-03)) ((1.794125e-03 -8.561805e-02 -6.511037e-04) (-1.228010e-06 -4.566338e-05 2.574382e-06))
0.06          	((-1.767051e-02 -5.611279e-03 9.604386e+00) (-5.605441e-05 3.317690e-06 4.990457e-03)) ((1.777186e-03 -8.489415e-02 -6.347296e-04) (-1.464033e-06 -5.460005e-05 2.967369e-06))
0.07          	((-1.749526e-02 -5.574883e-03 9.512603e+00) (-6.460225e-05 3.642751e-06 5.783924e-03)) ((1.755609e-03 -8.404069e-02 -6.173564e-04) (-1.700557e-06 -6.342623e-05 3.305206e-06))
0.08          	((-1.732222e-02 -5.569433e-03 9.405504e+00) (-7.297026e-05 3.953881e-06 6.562889e-03)) ((1.733470e-03 -8.303002e-02 -6.006378e-04) (-1.918700e-06 -7.211875e-05 3.585817e-06))
0.09          	((-1.707278e-02 -5.514177e-03 9.282861e+00) (-8.120238e-05 4.285589e-06 7.326475e-03)) ((1.709612e-03 -8.186530e-02 -5.833508e-04) (-2.139389e-06 -8.065854e-05 3.809926e-06))
0.1           	((-1.686294e-02 -5.493799e-03 9.145275e+00) (-8.923315e-05 4.658468e-06 8.073830e-03)) ((1.677236e-03 -8.055132e-02 -5.649313e-04) (-2.360360e-06 -8.903298e-05 3.972792e-06))
0.11          	((-1.663577e-02 -5.417015e-03 8.993162e+00) (-9.703125e-05 5.002010e-06 8.803884e-03)) ((1.641855e-03 -7.909639e-02 -5.456129e-04) (-2.568467e-06 -9.725834e-05 4.072768e-06))
0.12          	((-1.631646e-02 -5.355922e-03 8.826762e+00) (-1.046195e-04 5.328298e-06 9.515638e-03)) ((1.602673e-03 -7.749683e-02 -5.299308e-04) (-2.774590e-06 -1.053174e-04 4.108144e-06))
0.13          	((-1.591349e-02 -5.268143e-03 8.646418e+00) (-1.120416e-04 5.646156e-06 1.020811e-02)) ((1.559293e-03 -7.575983e-02 -5.061065e-04) (-2.981473e-06 -1.132053e-04 4.072047e-06))
0.14          	((-1.553876e-02 -5.182443e-03 8.452371e+00) (-1.194100e-04 5.958182e-06 1.088054e-02)) ((1.514516e-03 -7.388959e-02 -4.913407e-04) (-3.216244e-06 -1.209153e-04 3.968084e-06))
0.15          	((-1.514838e-02 -5.072547e-03 8.244999e+00) (-1.265784e-04 6.314575e-06 1.153171e-02)) ((1.470571e-03 -7.189227e-02 -4.709034e-04) (-3.445491e-06 -1.284282e-04 3.818626e-06))
0.16          	((-1.473432e-02 -4.928209e-03 8.024418e+00) (-1.334104e-04 6.579700e-06 1.216023e-02)) ((1.417583e-03 -6.976334e-02 -4.455406e-04) (-3.642791e-06 -1.357447e-04 3.634114e-06))
0.17          	((-1.432528e-02 -4.785580e-03 7.791134e+00) (-1.400200e-04 6.814421e-06 1.276473e-02)) ((1.364294e-03 -6.750734e-02 -4.257098e-04) (-3.877009e-06 -1.428430e-04 3.405215e-06))
0.18          	((-1.381059e-02 -4.665230e-03 7.545305e+00) (-1.464588e-04 7.029128e-06 1.334424e-02)) ((1.316994e-03 -6.512758e-02 -3.994915e-04) (-4.122520e-06 -1.497241e-04 3.139965e-06))
0.19          	((-1.329327e-02 -4.530761e-03 7.287114e+00) (-1.526346e-04 7.107250e-06 1.389727e-02)) ((1.270647e-03 -6.263743e-02 -3.600277e-04) (-4.339558e-06 -1.563827e-04 2.850786e-06))
0.2           	((-1.281699e-02 -4.395989e-03 7.016878e+00) (-1.586207e-04 7.279675e-06 1.442239e-02)) ((1.198860e-03 -6.003838e-02 -3.481390e-04) (-4.570076e-06 -1.627792e-04 2.555309e-06))
0.21          	((-1.222190e-02 -4.280750e-03 6.734791e+00) (-1.641160e-04 7.754898e-06 1.491827e-02)) ((1.131703e-03 -5.732059e-02 -3.360563e-04) (-4.796437e-06 -1.688656e-04 2.276039e-06))
0.22          	((-1.158459e-02 -4.208177e-03 6.441195e+00) (-1.695637e-04 8.254723e-06 1.538344e-02)) ((1.050469e-03 -5.449588e-02 -3.244403e-04) (-5.008839e-06 -1.747128e-04 1.973872e-06))
0.23          	((-1.095616e-02 -4.055092e-03 6.136444e+00) (-1.748326e-04 8.843168e-06 1.581728e-02)) ((9.902038e-04 -5.159241e-02 -3.117045e-04) (-5.201946e-06 -1.802545e-04 1.660566e-06))
0.24          	((-1.030893e-02 -3.726892e-03 5.820994e+00) (-1.800108e-04 9.450726e-06 1.621877e-02)) ((9.229975e-04 -4.860389e-02 -2.721442e-04) (-5.454941e-06 -1.855081e-04 1.333312e-06))
0.25          	((-9.679780e-03 -3.614075e-03 5.494998e+00) (-1.848138e-04 1.015918e-05 1.658655e-02)) ((8.652756e-04 -4.553434e-02 -2.524927e-04) (-5.658094e-06 -1.904409e-04 1.014221e-06))
0.26          	((-9.017242e-03 -3.360822e-03 5.158785e+00) (-1.893721e-04 1.086548e-05 1.691965e-02)) ((7.848401e-04 -4.238644e-02 -2.432621e-04) (-5.875221e-06 -1.950701e-04 6.752847e-07))
0.27          	((-8.375770e-03 -3.204467e-03 4.812864e+00) (-1.937582e-04 1.165189e-05 1.721737e-02)) ((7.194809e-04 -3.915552e-02 -2.317683e-04) (-6.039677e-06 -1.994032e-04 3.297281e-07))
0.28          	((-7.665583e-03 -3.020918e-03 4.457739e+00) (-1.977911e-04 1.256611e-05 1.747882e-02)) ((6.579781e-04 -3.588744e-02 -2.463823e-04) (-6.196294e-06 -2.034101e-04 -1.601131e-09))
0.29          	((-6.893165e-03 -2.861177e-03 4.094110e+00) (-2.016238e-04 1.360395e-05 1.770319e-02)) ((5.644829e-04 -3.255739e-02 -2.382203e-04) (-6.368659e-06 -2.070451e-04 -3.054490e-07))
0.3           	((-6.157075e-03 -2.734343e-03 3.722126e+00) (-2.051051e-04 1.458362e-05 1.789015e-02)) ((4.725877e-04 -2.915190e-02 -2.280937e-04) (-6.544878e-06 -2.103218e-04 -6.081270e-07))
0.31          	((-5.396901e-03 -2.590622e-03 3.342619e+00) (-2.084270e-04 1.557226e-05 1.803924e-02)) ((4.074336e-04 -2.570363e-02 -2.148972e-04) (-6.669592e-06 -2.132285e-04 -8.736600e-07))
0.32          	((-4.706897e-03 -2.252364e-03 2.956115e+00) (-2.113174e-04 1.654573e-05 1.815016e-02)) ((3.344374e-04 -2.220507e-02 -1.966036e-04) (-6.843393e-06 -2.157460e-04 -1.079346e-06))
0.33          	((-4.109541e-03 -2.019932e-03 2.563787e+00) (-2.139194e-04 1.758829e-05 1.822257e-02)) ((2.643728e-04 -1.871474e-02 -1.948235e-04) (-6.942840e-06 -2.178843e-04 -1.272206e-06))
0.34          	((-3.515113e-03 -1.901816e-03 2.165690e+00) (-2.161357e-04 1.871258e-05 1.825621e-02)) ((1.766764e-04 -1.515916e-02 -2.072624e-04) (-7.035664e-06 -2.196195e-04 -1.421602e-06))
0.35          	((-2.734657e-03 -1.720197e-03 1.762829e+00) (-2.178128e-04 1.983871e-05 1.825147e-02)) ((1.200843e-04 -1.156439e-02 -2.030726e-04) (-7.127579e-06 -2.209234e-04 -1.527829e-06))
0.36          	((-2.079813e-03 -1.576851e-03 1.355739e+00) (-2.189557e-04 2.112960e-05 1.820803e-02)) ((2.432223e-05 -7.984946e-03 -1.905238e-04) (-7.138179e-06 -2.217988e-04 -1.628188e-06))
0.37          	((-1.195547e-03 -1.299007e-03 9.449588e-01) (-2.196664e-04 2.240621e-05 1.812623e-02)) ((-7.388785e-05 -4.324606e-03 -1.769499e-04) (-7.180545e-06 -2.222289e-04 -1.701385e-06))
0.38          	((-5.196535e-04 -1.128117e-03 5.315965e-01) (-2.198349e-04 2.350433e-05 1.800582e-02)) ((-1.164247e-04 -6.955248e-04 -1.906243e-04) (-7.251741e-06 -2.222473e-04 -1.750093e-06))
0.39          	((1.432217e-04 -8.101752e-04 1.163460e-01) (-2.196004e-04 2.453567e-05 1.784814e-02)) ((-2.028583e-04 2.918609e-03 -1.757710e-04) (-7.328482e-06 -2.218006e-04 -1.791650e-06))
0.4           	((8.896047e-04 -4.863284e-04 -3.002552e-01) (-2.187517e-04 2.544078e-05 1.765300e-02)) ((-2.812168e-04 6.547124e-03 -1.873257e-04) (-7.351668e-06 -2.208440e-04 -1.838725e-06))
0.41          	((1.525742e-03 -2.062650e-04 -7.173741e-01) (-2.174610e-04 2.628348e-05 1.742115e-02)) ((-3.516477e-04 1.013806e-02 -1.719037e-04) (-7.336627e-06 -2.194545e-04 -1.864548e-06))
0.42          	((2.202966e-03 -3.448949e-05 -1.134063e+00) (-2.157442e-04 2.720693e-05 1.715298e-02)) ((-4.415117e-04 1.374670e-02 -1.839087e-04) (-7.312628e-06 -2.176111e-04 -1.891461e-06))
0.43          	((2.922915e-03 2.885338e-04 -1.549793e+00) (-2.136578e-04 2.800968e-05 1.684905e-02)) ((-5.158788e-04 1.734920e-02 -1.533605e-04) (-7.309569e-06 -2.153519e-04 -1.959163e-06))
0.44          	((3.514596e-03 5.812141e-04 -1.964364e+00) (-2.110882e-04 2.862753e-05 1.650992e-02)) ((-5.769314e-04 2.089344e-02 -1.523184e-04) (-7.249755e-06 -2.126254e-04 -2.036315e-06))
0.45          	((4.304446e-03 8.406549e-04 -2.375284e+00) (-2.082097e-04 2.911391e-05 1.613653e-02)) ((-6.606790e-04 2.445551e-02 -1.228077e-04) (-7.165082e-06 -2.095049e-04 -2.130498e-06))
0.46          	((4.879684e-03 1.118863e-03 -2.781491e+00) (-2.047202e-04 2.956347e-05 1.572967e-02)) ((-7.810888e-04 2.797148e-02 -1.189006e-04) (-7.097910e-06 -2.059584e-04 -2.221543e-06))
0.47          	((5.621901e-03 1.444843e-03 -3.181741e+00) (-2.006378e-04 3.008377e-05 1.529035e-02)) ((-8.838373e-04 3.141715e-02 -8.653429e-05) (-6.981951e-06 -2.020095e-04 -2.301650e-06))
0.48          	((6.106584e-03 1.609039e-03 -3.575105e+00) (-1.963625e-04 3.033921e-05 1.481950e-02)) ((-9.108532e-04 3.479546e-02 -4.767855e-05) (-6.774096e-06 -1.976230e-04 -2.365724e-06))
0.49          	((6.922045e-03 1.930374e-03 -3.962364e+00) (-1.917299e-04 3.049143e-05 1.431892e-02)) ((-1.026181e-03 3.813011e-02 -1.946287e-05) (-6.490678e-06 -1.928083e-04 -2.406685e-06))
0.5           	((7.524923e-03 2.165955e-03 -4.343192e+00) (-1.870150e-04 3.061248e-05 1.379027e-02)) ((-1.043765e-03 4.137503e-02 1.999293e-06) (-6.248151e-06 -1.876475e-04 -2.434064e-06))
0.51          	((8.247560e-03 2.427712e-03 -4.717304e+00) (-1.820896e-04 3.051125e-05 1.323444e-02)) ((-1.112380e-03 4.455597e-02 6.150068e-06) (-5.977110e-06 -1.821695e-04 -2.472942e-06))
0.52          	((8.912890e-03 2.527493e-03 -5.082334e+00) (-1.768956e-04 3.047615e-05 1.265288e-02)) ((-1.224611e-03 4.762922e-02 6.374648e-05) (-5.690028e-06 -1.763551e-04 -2.507098e-06))
0.53          	((9.535321e-03 2.836127e-03 -5.437127e+00) (-1.713380e-04 3.038294e-05 1.204723e-02)) ((-1.309759e-03 5.061874e-02 8.436705e-05) (-5.360517e-06 -1.702097e-04 -2.496553e-06))
0.54          	((1.012332e-02 3.231166e-03 -5.782817e+00) (-1.655941e-04 3.022010e-05 1.141853e-02)) ((-1.366898e-03 5.349627e-02 1.236954e-04) (-5.070865e-06 -1.637384e-04 -2.499867e-06))
0.55          	((1.088091e-02 3.525074e-03 -6.116672e+00) (-1.595626e-04 3.007944e-05 1.076781e-02)) ((-1.465053e-03 5.629874e-02 1.786451e-04) (-4.759281e-06 -1.569346e-04 -2.547964e-06))
0.56          	((1.136247e-02 3.923967e-03 -6.441388e+00) (-1.535053e-04 3.007604e-05 1.009686e-02)) ((-1.555531e-03 5.897259e-02 2.339716e-04) (-4.499585e-06 -1.498323e-04 -2.629667e-06))
0.57          	((1.205772e-02 3.953917e-03 -6.753973e+00) (-1.473046e-04 2.985380e-05 9.407131e-03)) ((-1.555540e-03 6.157306e-02 2.279399e-04) (-4.223993e-06 -1.424198e-04 -2.725552e-06))
0.58          	((1.276176e-02 3.990436e-03 -7.053945e+00) (-1.406585e-04 2.951578e-05 8.700074e-03)) ((-1.511215e-03 6.417350e-02 1.811891e-04) (-3.889975e-06 -1.347586e-04 -2.816878e-06))
0.59          	((1.320963e-02 3.780028e-03 -7.342641e+00) (-1.333169e-04 2.929932e-05 7.977549e-03)) ((-1.480780e-03 6.667431e-02 1.763688e-04) (-3.546171e-06 -1.268874e-04 -2.919818e-06))
0.6           	((1.406341e-02 4.279883e-03 -7.618684e+00) (-1.254754e-04 2.939826e-05 7.240729e-03)) ((-1.545433e-03 6.891267e-02 2.787157e-04) (-3.175768e-06 -1.188040e-04 -3.059841e-06))
0.61          	((1.466600e-02 4.850492e-03 -7.879576e+00) (-1.172951e-04 2.942130e-05 6.490581e-03)) ((-1.583631e-03 7.109571e-02 2.807917e-04) (-2.784768e-06 -1.104816e-04 -3.232528e-06))
0.62          	((1.483595e-02 5.023088e-03 -8.124627e+00) (-1.088484e-04 2.912229e-05 5.728521e-03)) ((-1.570762e-03 7.309980e-02 2.979055e-04) (-2.389263e-06 -1.019504e-04 -3.443918e-06))
0.63          	((1.515055e-02 5.383523e-03 -8.354357e+00) (-1.009268e-04 2.841001e-05 4.955964e-03)) ((-1.673870e-03 7.496903e-02 3.653907e-04) (-1.988193e-06 -9.321057e-05 -3.685427e-06))
0.64          	((1.555473e-02 5.314844e-03 -8.573230e+00) (-9.353176e-05 2.766536e-05 4.174031e-03)) ((-1.656757e-03 7.681035e-02 3.599716e-04) (-1.647067e-06 -8.434849e-05 -3.924793e-06))
0.65          	((1.599519e-02 5.576001e-03 -8.775852e+00) (-8.567001e-05 2.678980e-05 3.383928e-03)) ((-1.797512e-03 7.840624e-02 4.044854e-04) (-1.335673e-06 -7.533070e-05 -4.177552e-06))
0.66          	((1.690010e-02 5.972391e-03 -8.963253e+00) (-7.752196e-05 2.596142e-05 2.587634e-03)) ((-1.874984e-03 7.990164e-02 3.699365e-04) (-9.837917e-07 -6.621031e-05 -4.495538e-06))
0.67          	((1.771621e-02 6.065039e-03 -9.135346e+00) (-6.983098e-05 2.504187e-05 1.786739e-03)) ((-1.736460e-03 8.143595e-02 3.989563e-04) (-5.814675e-07 -5.699318e-05 -4.760353e-06))
0.68          	((1.867482e-02 6.667588e-03 -9.280909e+00) (-6.302569e-05 2.427017e-05 9.830672e-04)) ((-1.687140e-03 8.266886e-02 4.528293e-04) (-1.787237e-07 -4.755129e-05 -5.053154e-06))
0.69          	((1.944145e-02 5.875567e-03 -9.418793e+00) (-5.610752e-05 2.376299e-05 1.787708e-04)) ((-1.809840e-03 8.411685e-02 5.940252e-04) (1.097557e-07 -3.807815e-05 -5.436053e-06))
0.7           	((1.944963e-02 5.698136e-03 -9.533976e+00) (-4.883317e-05 2.398640e-05 -6.240478e-04)) ((-1.783339e-03 8.519617e-02 4.538743e-04) (3.717395e-07 -2.861878e-05 -5.807459e-06))
0.71          	((1.977429e-02 5.250671e-03 -9.628199e+00) (-4.125460e-05 2.398149e-05 -1.424922e-03)) ((-1.629669e-03 8.628885e-02 5.933701e-04) (6.502361e-07 -1.905560e-05 -6.211150e-06))
0.72          	((1.980331e-02 6.113723e-03 -9.704581e+00) (-3.442274e-05 2.407604e-05 -2.222539e-03)) ((-1.580128e-03 8.670248e-02 5.075646e-04) (9.012161e-07 -9.620641e-06 -6.649255e-06))
0.73          	((2.120618e-02 6.229488e-03 -9.774410e+00) (-2.840201e-05 2.354716e-05 -3.016703e-03)) ((-1.681979e-03 8.667094e-02 4.409307e-04) (1.218452e-06 -6.368206e-08 -7.135006e-06))
0.74          	((2.036381e-02 5.428830e-03 -9.817767e+00) (-2.275015e-05 2.309981e-05 -3.806789e-03)) ((-1.713109e-03 8.735286e-02 4.949849e-04) (1.464007e-06 9.696649e-06 -7.508081e-06))
0.75          	((1.810628e-02 6.184533e-03 -9.863717e+00) (-1.667267e-05 2.257957e-05 -4.589847e-03)) ((-1.687321e-03 8.766778e-02 6.053132e-04) (1.651733e-06 1.931358e-05 -7.904362e-06))
0.76          	((2.103686e-02 6.656685e-03 -9.958450e+00) (-1.057063e-05 2.180604e-05 -5.365319e-03)) ((-1.605262e-03 8.818829e-02 6.587125e-04) (1.933190e-06 2.868498e-05 -8.480269e-06))
0.77          	((1.804891e-02 6.212179e-03 -9.877775e+00) (-6.194511e-06 2.126436e-05 -6.123375e-03)) ((-1.880650e-03 8.747187e-02 6.910475e-04) (2.181946e-06 3.780541e-05 -9.052609e-06))
0.78          	((1.907699e-02 6.117823e-03 -9.972218e+00) (-2.301153e-06 2.053079e-05 -6.874478e-03)) ((-1.597835e-03 8.811245e-02 6.987760e-04) (2.504595e-06 4.680112e-05 -9.526886e-06))
0.79          	((1.922504e-02 6.458147e-03 -9.918599e+00) (1.415551e-06 1.930029e-05 -7.615898e-03)) ((-1.643495e-03 8.732599e-02 7.571659e-04) (2.807845e-06 5.569656e-05 -1.001607e-05))
0.8           	((1.854848e-02 6.266960e-03 -9.858299e+00) (4.508752e-06 1.780197e-05 -8.346230e-03)) ((-1.644167e-03 8.644215e-02 8.030430e-04) (3.128409e-06 6.460097e-05 -1.059254e-05))
0.81          	((1.842576e-02 6.510583e-03 -9.794013e+00) (7.171082e-06 1.621050e-05 -9.064669e-03)) ((-1.645585e-03 8.560433e-02 8.477039e-04) (3.454456e-06 7.344344e-05 -1.124460e-05))
0.82          	((1.835134e-02 6.488228e-03 -9.716790e+00) (9.444538e-06 1.440363e-05 -9.770273e-03)) ((-1.632609e-03 8.467750e-02 9.114693e-04) (3.767916e-06 8.222253e-05 -1.193105e-05))
0.83          	((1.887864e-02 6.125542e-03 -9.622450e+00) (1.141587e-05 1.244359e-05 -1.046180e-02)) ((-1.591585e-03 8.364844e-02 9.406642e-04) (4.082530e-06 9.091281e-05 -1.264473e-05))
0.84          	((1.905648e-02 6.136080e-03 -9.516241e+00) (1.314382e-05 1.068853e-05 -1.113769e-02)) ((-1.553359e-03 8.251279e-02 9.911514e-04) (4.291416e-06 9.947408e-05 -1.334998e-05))
0.85          	((1.876973e-02 6.008471e-03 -9.395838e+00) (1.436010e-05 9.246906e-06 -1.179683e-02)) ((-1.540397e-03 8.124789e-02 1.037272e-03) (4.470403e-06 1.078672e-04 -1.400288e-05))
0.86          	((1.889457e-02 5.568593e-03 -9.261355e+00) (1.507105e-05 7.823590e-06 -1.243846e-02)) ((-1.488291e-03 7.983915e-02 1.054900e-03) (4.627769e-06 1.160768e-04 -1.461294e-05))
0.87          	((1.858037e-02 5.431463e-03 -9.112394e+00) (1.520103e-05 6.524086e-06 -1.306153e-02)) ((-1.472995e-03 7.822852e-02 1.089722e-03) (4.838970e-06 1.240485e-04 -1.520346e-05))
0.88          	((1.837037e-02 5.191502e-03 -8.948709e+00) (1.533303e-05 5.510439e-06 -1.366515e-02)) ((-1.449179e-03 7.653251e-02 1.149557e-03) (5.046644e-06 1.317675e-04 -1.578761e-05))
0.89          	((1.789702e-02 5.070438e-03 -8.770921e+00) (1.536811e-05 4.808239e-06 -1.424851e-02)) ((-1.395111e-03 7.468548e-02 1.214169e-03) (5.220119e-06 1.392847e-04 -1.634470e-05))
0.9           	((1.758983e-02 4.863363e-03 -8.577885e+00) (1.546064e-05 4.223209e-06 -1.481150e-02)) ((-1.317996e-03 7.270568e-02 1.278481e-03) (5.383173e-06 1.466275e-04 -1.689708e-05))
0.91          	((1.738382e-02 4.671642e-03 -8.370285e+00) (1.536800e-05 3.782844e-06 -1.535232e-02)) ((-1.259596e-03 7.061605e-02 1.295832e-03) (5.523556e-06 1.536681e-04 -1.744258e-05))
0.92          	((1.721055e-02 4.374034e-03 -8.148222e+00) (1.511416e-05 3.429280e-06 -1.586938e-02)) ((-1.207160e-03 6.839827e-02 1.316034e-03) (5.671313e-06 1.603773e-04 -1.800065e-05))
0.93          	((1.716042e-02 4.183806e-03 -7.911995e+00) (1.493323e-05 2.911154e-06 -1.636189e-02)) ((-1.175746e-03 6.607098e-02 1.358951e-03) (5.935807e-06 1.668231e-04 -1.853004e-05))
0.94          	((1.740936e-02 3.825725e-03 -7.661663e+00) (1.508719e-05 2.329516e-06 -1.682804e-02)) ((-1.082267e-03 6.364280e-02 1.408677e-03) (6.216757e-06 1.730002e-04 -1.912174e-05))
0.95          	((1.740785e-02 3.821230e-03 -7.397813e+00) (1.546365e-05 1.922370e-06 -1.726704e-02)) ((-1.030559e-03 6.109880e-02 1.397143e-03) (6.509544e-06 1.790123e-04 -1.962808e-05))
0.96          	((1.734185e-02 3.628482e-03 -7.120747e+00) (1.587885e-05 1.620100e-06 -1.767854e-02)) ((-9.746865e-04 5.845664e-02 1.453711e-03) (6.879736e-06 1.847871e-04 -2.014725e-05))
0.97          	((1.717541e-02 3.329945e-03 -6.830630e+00) (1.636965e-05 1.459007e-06 -1.806132e-02)) ((-9.182077e-04 5.569151e-02 1.478660e-03) (7.171251e-06 1.903466e-04 -2.066826e-05))
0.98          	((1.690554e-02 3.007566e-03 -6.527740e+00) (1.686065e-05 1.294061e-06 -1.841399e-02)) ((-8.089465e-04 5.284956e-02 1.454026e-03) (7.538210e-06 1.955947e-04 -2.118607e-05))
0.99          	((1.685787e-02 2.679848e-03 -6.212690e+00) (1.754964e-05 9.310708e-07 -1.873602e-02)) ((-7.151312e-04 4.991495e-02 1.473838e-03) (7.810331e-06 2.005602e-04 -2.163100e-05))
1             	((1.679691e-02 2.414136e-03 -5.886135e+00) (1.817880e-05 1.589788e-07 -1.902610e-02)) ((-6.451128e-04 4.691630e-02 1.467456e-03) (8.191998e-06 2.051562e-04 -2.206851e-05))
1.01          	((1.685826e-02 2.098473e-03 -5.548147e+00) (1.937850e-05 -5.438744e-07 -1.928313e-02)) ((-5.831075e-04 4.384321e-02 1.480209e-03) (8.459627e-06 2.094827e-04 -2.251251e-05))
1.02          	((1.684976e-02 1.799547e-03 -5.199469e+00) (2.097829e-05 -1.158120e-06 -1.950704e-02)) ((-5.218545e-04 4.070698e-02 1.498175e-03) (8.851022e-06 2.134586e-04 -2.295888e-05))
1.03          	((1.672259e-02 1.538212e-03 -4.841089e+00) (2.240966e-05 -1.757393e-06 -1.969731e-02)) ((-4.559790e-04 3.746279e-02 1.483808e-03) (9.202470e-06 2.171083e-04 -2.337860e-05))
1.04          	((1.644989e-02 1.305197e-03 -4.473797e+00) (2.400982e-05 -2.262755e-06 -1.985333e-02)) ((-3.924895e-04 3.415167e-02 1.468748e-03) (9.408832e-06 2.203475e-04 -2.375815e-05))
1.05          	((1.625729e-02 1.006512e-03 -4.097378e+00) (2.571251e-05 -2.560226e-06 -1.997440e-02)) ((-2.867908e-04 3.075700e-02 1.463865e-03) (9.580981e-06 2.232882e-04 -2.414514e-05))
1.06          	((1.618050e-02 5.529944e-04 -3.712810e+00) (2.746287e-05 -2.954410e-06 -2.006063e-02)) ((-1.937717e-04 2.730585e-02 1.448104e-03) (9.612417e-06 2.258299e-04 -2.446224e-05))
1.07          	((1.583284e-02 3.423192e-04 -3.320630e+00) (2.897548e-05 -3.289080e-06 -2.011078e-02)) ((-9.890954e-05 2.379573e-02 1.433352e-03) (9.813111e-06 2.279915e-04 -2.476075e-05))
1.08          	((1.553064e-02 8.771338e-06 -2.921161e+00) (3.027717e-05 -3.940861e-06 -2.012562e-02)) ((-1.960003e-05 2.033365e-02 1.448761e-03) (9.842866e-06 2.298251e-04 -2.499287e-05))
1.09          	((1.512541e-02 -2.420524e-04 -2.515250e+00) (3.114275e-05 -4.840578e-06 -2.010503e-02)) ((5.944545e-05 1.678512e-02 1.428273e-03) (9.868487e-06 2.312389e-04 -2.515822e-05))
1.1           	((1.459656e-02 -5.904299e-04 -2.104184e+00) (3.184892e-05 -5.767701e-06 -2.004916e-02)) ((1.188467e-04 1.327180e-02 1.433123e-03) (9.860865e-06 2.322226e-04 -2.533078e-05))
1.11          	((1.408423e-02 -9.390554e-04 -1.689015e+00) (3.216296e-05 -6.486078e-06 -1.995889e-02)) ((2.227239e-04 9.715808e-03 1.418046e-03) (9.892319e-06 2.327007e-04 -2.555568e-05))
1.12          	((1.346623e-02 -1.142623e-03 -1.270600e+00) (3.243517e-05 -7.086723e-06 -1.983264e-02)) ((3.206053e-04 6.115822e-03 1.380639e-03) (9.871249e-06 2.328105e-04 -2.574548e-05))
1.13          	((1.268482e-02 -1.447517e-03 -8.485544e-01) (3.259959e-05 -7.648523e-06 -1.967221e-02)) ((4.032263e-04 2.431196e-03 1.364336e-03) (9.638848e-06 2.324987e-04 -2.590465e-05))
1.14          	((1.193142e-02 -1.676398e-03 -4.243176e-01) (3.270106e-05 -8.100664e-06 -1.947702e-02)) ((4.942495e-04 -1.196932e-03 1.345484e-03) (9.510362e-06 2.318201e-04 -2.604932e-05))
1.15          	((1.120412e-02 -1.922057e-03 1.598834e-03) (3.285104e-05 -8.311592e-06 -1.924793e-02)) ((5.587446e-04 -4.774495e-03 1.312083e-03) (9.407864e-06 2.306608e-04 -2.618862e-05))
1.16          	((1.052948e-02 -2.074678e-03 4.284606e-01) (3.320809e-05 -8.304731e-06 -1.898490e-02)) ((5.770675e-04 -8.372333e-03 1.272913e-03) (9.148221e-06 2.290559e-04 -2.629346e-05))
1.17          	((9.560791e-03 -2.372849e-03 8.536472e-01) (3.354022e-05 -8.273618e-06 -1.868966e-02)) ((7.029035e-04 -1.207798e-02 1.228573e-03) (8.862583e-06 2.270008e-04 -2.638675e-05))
1.18          	((8.682574e-03 -2.654958e-03 1.277673e+00) (3.386685e-05 -8.065092e-06 -1.836113e-02)) ((8.203814e-04 -1.575435e-02 1.190874e-03) (8.590049e-06 2.245874e-04 -2.640126e-05))
1.19          	((7.819240e-03 -3.090234e-03 1.700544e+00) (3.381523e-05 -7.689690e-06 -1.800081e-02)) ((9.029516e-04 -1.939503e-02 1.197752e-03) (8.286608e-06 2.217429e-04 -2.638431e-05))
1.2           	((6.866339e-03 -3.273402e-03 2.120224e+00) (3.355422e-05 -7.285983e-06 -1.760859e-02)) ((9.972898e-04 -2.301317e-02 1.179540e-03) (7.941159e-06 2.185457e-04 -2.629010e-05))
1.21          	((5.812851e-03 -3.455252e-03 2.535714e+00) (3.318441e-05 -6.967476e-06 -1.718593e-02)) ((1.102174e-03 -2.643269e-02 1.083852e-03) (7.439845e-06 2.149316e-04 -2.606794e-05))
1.22          	((4.811824e-03 -3.781799e-03 2.945839e+00) (3.244982e-05 -6.564962e-06 -1.673383e-02)) ((1.149481e-03 -2.979764e-02 1.026718e-03) (6.948009e-06 2.108355e-04 -2.579916e-05))
1.23          	((3.552972e-03 -3.802912e-03 3.349079e+00) (3.143267e-05 -6.490399e-06 -1.625296e-02)) ((1.160587e-03 -3.325137e-02 9.811831e-04) (6.592973e-06 2.062622e-04 -2.550020e-05))
1.24          	((2.479517e-03 -3.947930e-03 3.744549e+00) (3.057087e-05 -6.279533e-06 -1.574498e-02)) ((1.238503e-03 -3.657266e-02 9.533275e-04) (6.168822e-06 2.013566e-04 -2.518899e-05))
1.25          	((1.630146e-03 -4.361007e-03 4.132467e+00) (2.931907e-05 -6.092589e-06 -1.521069e-02)) ((1.313983e-03 -3.985261e-02 8.550360e-04) (5.689552e-06 1.961367e-04 -2.483877e-05))
1.26          	((3.087572e-04 -4.564732e-03 4.513609e+00) (2.834291e-05 -5.777020e-06 -1.465089e-02)) ((1.368105e-03 -4.303285e-02 7.740407e-04) (5.250023e-06 1.906116e-04 -2.449028e-05))
1.27          	((-6.397518e-04 -4.662442e-03 4.887015e+00) (2.738295e-05 -5.380632e-06 -1.406730e-02)) ((1.409597e-03 -4.605929e-02 7.175026e-04) (4.820266e-06 1.847040e-04 -2.416540e-05))
1.28          	((-1.195241e-03 -4.894033e-03 5.252302e+00) (2.642245e-05 -4.945576e-06 -1.346097e-02)) ((1.411524e-03 -4.907640e-02 6.417911e-04) (4.385991e-06 1.784230e-04 -2.380730e-05))
1.29          	((-2.257109e-03 -5.244127e-03 5.606768e+00) (2.515031e-05 -4.797831e-06 -1.283295e-02)) ((1.555398e-03 -5.201922e-02 5.480786e-04) (4.012056e-06 1.718296e-04 -2.341128e-05))
1.3           	((-3.251604e-03 -5.314768e-03 5.951470e+00) (2.318752e-05 -4.822323e-06 -1.218401e-02)) ((1.544422e-03 -5.485158e-02 5.093396e-04) (3.673326e-06 1.649411e-04 -2.295848e-05))
1.31          	((-4.260491e-03 -5.644536e-03 6.284784e+00) (2.065307e-05 -4.449221e-06 -1.151549e-02)) ((1.651855e-03 -5.767162e-02 4.397018e-04) (3.324335e-06 1.577343e-04 -2.251771e-05))
1.32          	((-5.309166e-03 -5.801059e-03 6.604685e+00) (1.801971e-05 -3.922033e-06 -1.082869e-02)) ((1.789652e-03 -6.032699e-02 4.198135e-04) (2.974762e-06 1.502735e-04 -2.210083e-05))
1.33          	((-6.273679e-03 -5.889845e-03 6.912241e+00) (1.510743e-05 -3.522190e-06 -1.012521e-02)) ((1.745550e-03 -6.288018e-02 3.771128e-04) (2.672867e-06 1.425659e-04 -2.166537e-05))
1.34          	((-7.180693e-03 -5.838397e-03 7.206217e+00) (1.229589e-05 -3.034247e-06 -9.405631e-03)) ((1.709137e-03 -6.525235e-02 3.140465e-04) (2.345006e-06 1.346191e-04 -2.115892e-05))
1.35          	((-8.173334e-03 -6.361302e-03 7.486597e+00) (9.129579e-06 -2.393025e-06 -8.672009e-03)) ((1.677215e-03 -6.756495e-02 2.508297e-04) (1.948856e-06 1.264455e-04 -2.071149e-05))
1.36          	((-8.828378e-03 -6.048912e-03 7.754319e+00) (5.737518e-06 -1.928226e-06 -7.925458e-03)) ((1.707800e-03 -6.980299e-02 2.337465e-04) (1.565702e-06 1.180434e-04 -2.023845e-05))
1.37          	((-9.714104e-03 -5.556759e-03 8.005084e+00) (1.910868e-06 -1.562021e-06 -7.167164e-03)) ((1.726438e-03 -7.183812e-02 2.084627e-04) (1.204608e-06 1.094539e-04 -1.978890e-05))
1.38          	((-1.022799e-02 -6.004320e-03 8.243348e+00) (-2.323794e-06 -1.157884e-06 -6.398655e-03)) ((1.895473e-03 -7.377788e-02 2.056184e-04) (9.147008e-07 1.006946e-04 -1.936703e-05))
1.39          	((-1.164889e-02 -6.391095e-03 8.467168e+00) (-6.788040e-06 -1.028630e-06 -5.621377e-03)) ((1.848718e-03 -7.568230e-02 1.372067e-04) (6.432164e-07 9.175128e-05 -1.888118e-05))
1.4           	((-1.275936e-02 -6.118276e-03 8.677602e+00) (-1.185179e-05 -7.019221e-07 -4.836943e-03)) ((1.910411e-03 -7.748464e-02 1.410721e-04) (3.481333e-07 8.263927e-05 -1.832852e-05))
1.41          	((-1.344031e-02 -6.015470e-03 8.873127e+00) (-1.734981e-05 -4.220509e-07 -4.046928e-03)) ((1.846754e-03 -7.924618e-02 3.429144e-05) (1.490410e-07 7.344510e-05 -1.778079e-05))
1.42          	((-1.411580e-02 -5.915370e-03 9.050361e+00) (-2.308032e-05 2.576362e-07 -3.252821e-03)) ((1.900965e-03 -8.081092e-02 -6.266435e-05) (-1.334624e-07 6.418169e-05 -1.712659e-05))
1.43          	((-1.427285e-02 -6.055556e-03 9.208592e+00) (-2.911393e-05 8.620869e-07 -2.455329e-03)) ((1.771830e-03 -8.186719e-02 -3.554016e-05) (-4.805611e-07 5.483234e-05 -1.645054e-05))
1.44          	((-1.542081e-02 -5.550046e-03 9.345050e+00) (-3.536447e-05 6.342281e-07 -1.656270e-03)) ((1.837315e-03 -8.290825e-02 -2.387969e-05) (-9.087384e-07 4.546439e-05 -1.580465e-05))
1.45          	((-1.625807e-02 -6.130359e-03 9.463942e+00) (-4.121086e-05 9.198764e-07 -8.566510e-04)) ((1.783753e-03 -8.404513e-02 -1.727882e-04) (-1.351047e-06 3.603396e-05 -1.520248e-05))
1.46          	((-1.663443e-02 -5.248845e-03 9.566385e+00) (-4.739600e-05 1.341848e-06 -5.777678e-05)) ((1.908983e-03 -8.485923e-02 -1.301293e-04) (-1.795187e-06 2.662669e-05 -1.451888e-05))
1.47          	((-1.858034e-02 -6.460362e-03 9.658836e+00) (-5.377948e-05 1.745243e-06 7.398359e-04)) ((2.008234e-03 -8.569951e-02 -2.869300e-04) (-2.166789e-06 1.726279e-05 -1.388483e-05))
1.48          	((-1.869411e-02 -4.746310e-03 9.734819e+00) (-6.044051e-05 2.379788e-06 1.535048e-03)) ((1.895816e-03 -8.635138e-02 -2.821325e-04) (-2.569769e-06 7.973986e-06 -1.330796e-05))
1.49          	((-1.886173e-02 -4.900489e-03 9.792303e+00) (-6.732578e-05 2.896251e-06 2.326987e-03)) ((1.911049e-03 -8.684805e-02 -1.967237e-04) (-2.951640e-06 -1.320701e-06 -1.259919e-05))
1.5           	((-1.787506e-02 -4.171639e-03 9.840657e+00) (-7.404113e-05 3.599247e-06 3.114046e-03)) ((1.480729e-03 -8.676326e-02 -2.996239e-04) (-3.357278e-06 -1.070301e-05 -1.199700e-05))
1.51          	((-1.758315e-02 -3.253508e-03 9.878872e+00) (-8.161698e-05 3.944683e-06 3.894366e-03)) ((1.626993e-03 -8.702435e-02 -2.286206e-05) (-3.702780e-06 -1.993220e-05 -1.167481e-05))
1.52          	((-1.989605e-02 -4.687911e-03 9.821274e+00) (-8.898851e-05 4.424331e-06 4.659413e-03)) ((1.817023e-03 -8.660545e-02 -1.147172e-04) (-4.013769e-06 -2.894512e-05 -1.138015e-05))
1.53          	((-2.137405e-02 -4.454780e-03 9.881869e+00) (-9.647857e-05 5.181231e-06 5.416712e-03)) ((1.782442e-03 -8.680006e-02 3.899210e-05) (-4.371052e-06 -3.771193e-05 -1.121530e-05))
1.54          	((-2.236394e-02 -3.600638e-03 9.851511e+00) (-1.045918e-04 5.539505e-06 6.162504e-03)) ((1.519550e-03 -8.649522e-02 -3.411708e-04) (-4.750059e-06 -4.635483e-05 -1.113292e-05))
1.55          	((-2.218812e-02 -3.476645e-03 9.806107e+00) (-1.128483e-04 6.044052e-06 6.896200e-03)) ((1.564393e-03 -8.587835e-02 -4.924793e-04) (-5.106236e-06 -5.492620e-05 -1.108266e-05))
1.56          	((-2.165122e-02 -3.220985e-03 9.743635e+00) (-1.199684e-04 6.071754e-06 7.618380e-03)) ((1.474030e-03 -8.524830e-02 -4.549062e-04) (-5.403664e-06 -6.331472e-05 -1.106176e-05))
1.57          	((-2.220380e-02 -3.592274e-03 9.663162e+00) (-1.264926e-04 5.783122e-06 8.327840e-03)) ((1.480814e-03 -8.439778e-02 -4.652618e-04) (-5.644952e-06 -7.155044e-05 -1.114840e-05))
1.58          	((-2.225729e-02 -3.341002e-03 9.571653e+00) (-1.329956e-04 5.174203e-06 9.024249e-03)) ((1.376845e-03 -8.327624e-02 -4.999976e-04) (-5.905914e-06 -7.968451e-05 -1.133669e-05))
1.59          	((-2.233397e-02 -3.184509e-03 9.465143e+00) (-1.394512e-04 4.856826e-06 9.706675e-03)) ((1.339781e-03 -8.211104e-02 -5.328884e-04) (-6.213092e-06 -8.774505e-05 -1.159636e-05))
1.6           	((-2.214952e-02 -2.987004e-03 9.344689e+00) (-1.458237e-04 4.503251e-06 1.037467e-02)) ((1.380878e-03 -8.095342e-02 -4.999369e-04) (-6.574380e-06 -9.566609e-05 -1.186788e-05))
1.61          	((-2.238280e-02 -2.776579e-03 9.209070e+00) (-1.522315e-04 4.177537e-06 1.102612e-02)) ((1.302734e-03 -7.958697e-02 -5.691383e-04) (-6.906560e-06 -1.034380e-04 -1.218059e-05))
1.62          	((-2.241672e-02 -2.909651e-03 9.058850e+00) (-1.582935e-04 3.649397e-06 1.165982e-02)) ((1.205018e-03 -7.803194e-02 -6.078180e-04) (-7.215967e-06 -1.111110e-04 -1.257903e-05))
1.63          	((-2.217142e-02 -2.947848e-03 8.893665e+00) (-1.642687e-04 3.111445e-06 1.227468e-02)) ((1.143461e-03 -7.628488e-02 -6.538568e-04) (-7.507306e-06 -1.185932e-04 -1.308112e-05))
1.64          	((-2.178710e-02 -2.750792e-03 8.715422e+00) (-1.701488e-04 2.542898e-06 1.286946e-02)) ((1.078379e-03 -7.441364e-02 -6.629152e-04) (-7.770020e-06 -1.259114e-04 -1.360929e-05))
1.65          	((-2.122885e-02 -2.469186e-03 8.523378e+00) (-1.760897e-04 2.064522e-06 1.344413e-02)) ((1.069112e-03 -7.245905e-02 -7.477026e-04) (-8.069219e-06 -1.331220e-04 -1.409704e-05))
1.66          	((-2.073014e-02 -2.901485e-03 8.317189e+00) (-1.821350e-04 1.492990e-06 1.399715e-02)) ((1.000159e-03 -7.036614e-02 -7.805180e-04) (-8.385313e-06 -1.401763e-04 -1.459875e-05))
1.67          	((-2.033260e-02 -2.560700e-03 8.096655e+00) (-1.881494e-04 8.327220e-07 1.452733e-02)) ((9.279299e-04 -6.812869e-02 -8.283535e-04) (-8.637484e-06 -1.470839e-04 -1.512396e-05))
1.68          	((-1.970730e-02 -2.582311e-03 7.861811e+00) (-1.943572e-04 1.069024e-07 1.503335e-02)) ((9.251413e-04 -6.569853e-02 -9.272821e-04) (-8.896476e-06 -1.538334e-04 -1.565978e-05))
1.69          	((-1.923291e-02 -2.575736e-03 7.612857e+00) (-2.008072e-04 -4.136011e-07 1.551378e-02)) ((8.567974e-04 -6.321805e-02 -9.907042e-04) (-9.097124e-06 -1.604237e-04 -1.612930e-05))
1.7           	((-1.869891e-02 -2.455960e-03 7.350936e+00) (-2.076704e-04 -8.170460e-07 1.596700e-02)) ((8.139896e-04 -6.063670e-02 -1.025688e-03) (-9.298246e-06 -1.668512e-04 -1.658136e-05))
1.71          	((-1.802582e-02 -2.318528e-03 7.075088e+00) (-2.145230e-04 -1.192466e-06 1.639173e-02)) ((6.977619e-04 -5.790276e-02 -1.093015e-03) (-9.477472e-06 -1.730523e-04 -1.695200e-05))
1.72          	((-1.740416e-02 -2.538163e-03 6.787149e+00) (-2.212821e-04 -1.510460e-06 1.678748e-02)) ((6.598739e-04 -5.507643e-02 -1.184674e-03) (-9.700082e-06 -1.790284e-04 -1.715943e-05))
1.73          	((-1.659685e-02 -2.529425e-03 6.486923e+00) (-2.276393e-04 -1.617243e-06 1.715215e-02)) ((5.820685e-04 -5.215739e-02 -1.263479e-03) (-9.908843e-06 -1.848309e-04 -1.725643e-05))
1.74          	((-1.595345e-02 -2.481456e-03 6.174813e+00) (-2.335799e-04 -1.554295e-06 1.748532e-02)) ((5.315963e-04 -4.923241e-02 -1.286823e-03) (-1.020016e-05 -1.902802e-04 -1.730919e-05))
1.75          	((-1.498487e-02 -2.387739e-03 5.851346e+00) (-2.395376e-04 -1.305278e-06 1.778567e-02)) ((4.378012e-04 -4.615686e-02 -1.327811e-03) (-1.049947e-05 -1.954008e-04 -1.735157e-05))
1.76          	((-1.389805e-02 -2.308778e-03 5.515854e+00) (-2.449668e-04 -9.768238e-07 1.805234e-02)) ((3.730992e-04 -4.298443e-02 -1.377026e-03) (-1.070873e-05 -2.001636e-04 -1.731057e-05))
1.77          	((-1.289370e-02 -2.088922e-03 5.170160e+00) (-2.499825e-04 -8.962195e-07 1.828492e-02)) ((2.763698e-04 -3.977167e-02 -1.375503e-03) (-1.089232e-05 -2.045415e-04 -1.723041e-05))
1.78          	((-1.212630e-02 -1.985847e-03 4.814191e+00) (-2.549763e-04 -1.048225e-06 1.848269e-02)) ((2.180791e-04 -3.653214e-02 -1.416342e-03) (-1.093643e-05 -2.085066e-04 -1.708787e-05))
1.79          	((-1.134613e-02 -1.853035e-03 4.449087e+00) (-2.595510e-04 -1.048622e-06 1.864444e-02)) ((1.629449e-04 -3.317377e-02 -1.417606e-03) (-1.102022e-05 -2.120667e-04 -1.692510e-05))
1.8           	((-1.047962e-02 -1.759259e-03 4.074541e+00) (-2.635667e-04 -9.954799e-07 1.877043e-02)) ((1.205022e-04 -2.977806e-02 -1.388249e-03) (-1.118720e-05 -2.152092e-04 -1.669915e-05))
1.81          	((-9.675050e-03 -1.496093e-03 3.691645e+00) (-2.673166e-04 -8.768796e-07 1.885953e-02)) ((5.055137e-05 -2.635635e-02 -1.336454e-03) (-1.120976e-05 -2.179889e-04 -1.632826e-05))
1.82          	((-8.833863e-03 -1.275070e-03 3.301443e+00) (-2.704261e-04 -6.054064e-07 1.891226e-02)) ((2.573755e-05 -2.285891e-02 -1.309941e-03) (-1.123672e-05 -2.202684e-04 -1.591012e-05))
1.83          	((-7.979326e-03 -1.377721e-03 2.903917e+00) (-2.729309e-04 -1.786122e-07 1.892788e-02)) ((-4.804955e-05 -1.932006e-02 -1.326137e-03) (-1.120592e-05 -2.221092e-04 -1.551298e-05))
1.84          	((-6.913786e-03 -9.836405e-04 2.500560e+00) (-2.750138e-04 1.311032e-07 1.890612e-02)) ((-1.465580e-04 -1.570457e-02 -1.274328e-03) (-1.103568e-05 -2.235409e-04 -1.505983e-05))
1.85          	((-6.021051e-03 -8.859496e-04 2.091863e+00) (-2.769047e-04 4.102508e-07 1.884648e-02)) ((-1.880691e-04 -1.206843e-02 -1.247246e-03) (-1.082854e-05 -2.245385e-04 -1.459453e-05))
1.86          	((-5.300943e-03 -6.427078e-04 1.678400e+00) (-2.781975e-04 5.368428e-07 1.875044e-02)) ((-2.194677e-04 -8.443991e-03 -1.179442e-03) (-1.072539e-05 -2.251011e-04 -1.421330e-05))
1.87          	((-4.459422e-03 -4.388493e-04 1.261474e+00) (-2.790936e-04 7.204155e-07 1.861773e-02)) ((-3.009957e-04 -4.829384e-03 -1.122652e-03) (-1.056591e-05 -2.252941e-04 -1.384899e-05))
1.88          	((-3.483051e-03 -4.300702e-04 8.418122e-01) (-2.799211e-04 9.017722e-07 1.844849e-02)) ((-3.948849e-04 -1.177337e-03 -1.080350e-03) (-1.043005e-05 -2.250727e-04 -1.348440e-05))
1.89          	((-2.555805e-03 -2.173757e-04 4.193313e-01) (-2.800773e-04 8.095562e-07 1.824376e-02)) ((-4.622896e-04 2.497927e-03 -1.023703e-03) (-1.021656e-05 -2.244856e-04 -1.307665e-05))
1.9           	((-1.798103e-03 2.028098e-04 -6.016441e-03) (-2.799900e-04 4.600181e-07 1.800387e-02)) ((-5.448894e-04 6.129508e-03 -9.167825e-04) (-1.006344e-05 -2.234870e-04 -1.266923e-05))
1.91          	((-1.036120e-03 3.579618e-04 -4.322523e-01) (-2.796887e-04 4.802777e-08 1.772948e-02)) ((-6.335439e-04 9.775982e-03 -8.432690e-04) (-9.909774e-06 -2.221000e-04 -1.228009e-05))
1.92          	((-3.973942e-04 5.607897e-04 -8.593198e-01) (-2.791128e-04 -3.907396e-08 1.742088e-02)) ((-7.168771e-04 1.342183e-02 -7.312924e-04) (-9.806611e-06 -2.204142e-04 -1.190435e-05))
1.93          	((1.321256e-04 1.060659e-03 -1.284849e+00) (-2.780931e-04 6.556220e-08 1.707915e-02)) ((-7.605683e-04 1.707072e-02 -6.089746e-04) (-9.666917e-06 -2.183399e-04 -1.155425e-05))
1.94          	((9.234969e-04 1.403674e-03 -1.708081e+00) (-2.765326e-04 1.037655e-07 1.670458e-02)) ((-7.692446e-04 2.063095e-02 -5.063132e-04) (-9.485497e-06 -2.158322e-04 -1.121993e-05))
1.95          	((1.694696e-03 1.345501e-03 -2.127926e+00) (-2.745914e-04 3.623706e-07 1.629826e-02)) ((-8.099184e-04 2.411409e-02 -3.933595e-04) (-9.375765e-06 -2.129159e-04 -1.090437e-05))
1.96          	((2.555366e-03 1.634314e-03 -2.543417e+00) (-2.721786e-04 6.681223e-07 1.586130e-02)) ((-9.077204e-04 2.769664e-02 -3.152595e-04) (-9.218082e-06 -2.096670e-04 -1.059270e-05))
1.97          	((3.416459e-03 1.691066e-03 -2.953187e+00) (-2.696465e-04 1.151925e-06 1.539459e-02)) ((-1.041277e-03 3.120018e-02 -2.265903e-04) (-9.031102e-06 -2.061080e-04 -1.030991e-05))
1.98          	((4.034714e-03 2.050453e-03 -3.358261e+00) (-2.665924e-04 1.810901e-06 1.490032e-02)) ((-1.072244e-03 3.459928e-02 -8.860221e-05) (-8.793448e-06 -2.021775e-04 -1.005513e-05))
1.99          	((4.607070e-03 2.653416e-03 -3.756206e+00) (-2.628242e-04 2.213703e-06 1.437981e-02)) ((-1.105159e-03 3.794246e-02 -6.814295e-06) (-8.448096e-06 -1.978960e-04 -9.854958e-06))
2             	((5.399365e-03 3.082448e-03 -4.147083e+00) (-2.585720e-04 2.544769e-06 1.383416e-02)) ((-1.216111e-03 4.111110e-02 4.325828e-05) (-8.101539e-06 -1.932655e-04 -9.605714e-06))
2.01          	((6.164678e-03 3.128213e-03 -4.530620e+00) (-2.536324e-04 2.748070e-06 1.326480e-02)) ((-1.243347e-03 4.423810e-02 1.345280e-04) (-7.760421e-06 -1.882596e-04 -9.366716e-06))
2.02          	((6.734663e-03 3.474154e-03 -4.905194e+00) (-2.481663e-04 2.793717e-06 1.267231e-02)) ((-1.279446e-03 4.729490e-02 2.161007e-04) (-7.379044e-06 -1.829427e-04 -9.199037e-06))
2.03          	((7.543158e-03 3.975790e-03 -5.269995e+00) (-2.421952e-04 3.099993e-06 1.205817e-02)) ((-1.299510e-03 5.033065e-02 3.227473e-04) (-7.096651e-06 -1.772295e-04 -9.021613e-06))
2.04          	((8.333963e-03 4.276009e-03 -5.626284e+00) (-2.362880e-04 3.623658e-06 1.142349e-02)) ((-1.274855e-03 5.323161e-02 3.468463e-04) (-6.806618e-06 -1.712351e-04 -8.854887e-06))
2.05          	((9.012454e-03 4.444304e-03 -5.971890e+00) (-2.302382e-04 4.248910e-06 1.076961e-02)) ((-1.314064e-03 5.603306e-02 3.795298e-04) (-6.502629e-06 -1.649459e-04 -8.721142e-06))
2.06          	((9.542694e-03 4.670496e-03 -6.305807e+00) (-2.237370e-04 4.496855e-06 1.009771e-02)) ((-1.340813e-03 5.868433e-02 3.863572e-04) (-6.223974e-06 -1.583253e-04 -8.703753e-06))
2.07          	((1.039860e-02 5.068495e-03 -6.629002e+00) (-2.167926e-04 4.589899e-06 9.408985e-03)) ((-1.399649e-03 6.136732e-02 3.850460e-04) (-5.838367e-06 -1.514110e-04 -8.746861e-06))
2.08          	((1.125814e-02 5.233861e-03 -6.939776e+00) (-2.094575e-04 4.404299e-06 8.705035e-03)) ((-1.449100e-03 6.393415e-02 4.330206e-04) (-5.439118e-06 -1.442509e-04 -8.785756e-06))
2.09          	((1.200884e-02 5.134254e-03 -7.234706e+00) (-2.018604e-04 3.853631e-06 7.987090e-03)) ((-1.489542e-03 6.636981e-02 4.745370e-04) (-5.007519e-06 -1.368469e-04 -8.837159e-06))
2.1           	((1.261585e-02 5.315680e-03 -7.517407e+00) (-1.939593e-04 3.753243e-06 7.256253e-03)) ((-1.428857e-03 6.864893e-02 4.825909e-04) (-4.621229e-06 -1.292145e-04 -8.872110e-06))
2.11          	((1.330883e-02 5.927765e-03 -7.787002e+00) (-1.860815e-04 3.339094e-06 6.513616e-03)) ((-1.537836e-03 7.091375e-02 4.783295e-04) (-4.164756e-06 -1.213241e-04 -8.822759e-06))
2.12          	((1.354754e-02 6.105982e-03 -8.040077e+00) (-1.783451e-04 3.008191e-06 5.760323e-03)) ((-1.658159e-03 7.299779e-02 5.323935e-04) (-3.710440e-06 -1.132445e-04 -8.690864e-06))
2.13          	((1.442829e-02 6.122776e-03 -8.278931e+00) (-1.708329e-04 2.382504e-06 4.998174e-03)) ((-1.718571e-03 7.506161e-02 5.545449e-04) (-3.275415e-06 -1.050041e-04 -8.567720e-06))
2.14          	((1.509532e-02 6.176945e-03 -8.504888e+00) (-1.631416e-04 1.787439e-06 4.228961e-03)) ((-1.690395e-03 7.682745e-02 5.398993e-04) (-2.830388e-06 -9.667433e-05 -8.509449e-06))
2.15          	((1.561045e-02 6.250889e-03 -8.714197e+00) (-1.553613e-04 1.138831e-06 3.454067e-03)) ((-1.564220e-03 7.843631e-02 4.745431e-04) (-2.352530e-06 -8.821224e-05 -8.524458e-06))
2.16          	((1.624485e-02 6.226607e-03 -8.906191e+00) (-1.479484e-04 4.941212e-07 2.674918e-03)) ((-1.527633e-03 7.999701e-02 5.000776e-04) (-1.854667e-06 -7.960429e-05 -8.679299e-06))
2.17          	((1.615316e-02 7.065250e-03 -9.079737e+00) (-1.405308e-04 -1.270211e-08 1.891702e-03)) ((-1.766316e-03 8.148351e-02 5.022402e-04) (-1.369243e-06 -7.097794e-05 -8.914736e-06))
2.18          	((1.708611e-02 6.307787e-03 -9.236879e+00) (-1.332403e-04 -5.693007e-07 1.106305e-03)) ((-1.815045e-03 8.283123e-02 5.010977e-04) (-8.636251e-07 -6.212327e-05 -9.143964e-06))
2.19          	((1.744597e-02 6.676203e-03 -9.375542e+00) (-1.258655e-04 -7.332574e-07 3.193946e-04)) ((-1.707351e-03 8.387292e-02 4.614744e-04) (-3.145700e-07 -5.305075e-05 -9.443221e-06))
2.2           	((1.800608e-02 5.766695e-03 -9.494189e+00) (-1.186416e-04 -6.929078e-07 -4.667707e-04)) ((-1.654727e-03 8.493708e-02 5.357575e-04) (1.856491e-07 -4.378748e-05 -9.779554e-06))
2.21          	((1.792747e-02 5.438085e-03 -9.596858e+00) (-1.119303e-04 -1.574220e-07 -1.250038e-03)) ((-1.640795e-03 8.587773e-02 5.188505e-04) (5.964254e-07 -3.448078e-05 -1.013943e-05))
2.22          	((1.830892e-02 6.647105e-03 -9.679369e+00) (-1.054675e-04 -5.683889e-08 -2.029630e-03)) ((-1.689494e-03 8.662112e-02 6.273158e-04) (1.056337e-06 -2.517823e-05 -1.045433e-05))
2.23          	((1.888163e-02 5.859193e-03 -9.748334e+00) (-9.960222e-05 3.513861e-07 -2.805271e-03)) ((-1.489826e-03 8.686549e-02 4.639246e-04) (1.419007e-06 -1.594076e-05 -1.083682e-05))
2.24          	((1.896249e-02 7.109612e-03 -9.792716e+00) (-9.491478e-05 8.030413e-07 -3.576065e-03)) ((-1.502479e-03 8.702564e-02 5.222080e-04) (1.734389e-06 -6.638368e-06 -1.133434e-05))
2.25          	((1.661992e-02 6.119067e-03 -9.839040e+00) (-8.996608e-05 1.139608e-06 -4.340815e-03)) ((-1.591416e-03 8.740585e-02 6.720113e-04) (2.113183e-06 2.672983e-06 -1.179949e-05))
2.26          	((1.858163e-02 6.700477e-03 -9.922302e+00) (-8.555547e-05 1.410958e-06 -5.099960e-03)) ((-1.569489e-03 8.830825e-02 6.184540e-04) (2.415430e-06 1.208432e-05 -1.245522e-05))
2.27          	((1.737678e-02 6.570535e-03 -9.845667e+00) (-8.260863e-05 1.026267e-06 -5.844023e-03)) ((-1.543701e-03 8.705755e-02 5.607922e-04) (2.661395e-06 2.130045e-05 -1.307674e-05))
2.28          	((1.658012e-02 6.565731e-03 -9.923537e+00) (-8.033167e-05 2.536459e-07 -6.580828e-03)) ((-1.346707e-03 8.777644e-02 5.414846e-04) (2.880513e-06 3.043980e-05 -1.367923e-05))
2.29          	((1.740842e-02 6.009137e-03 -9.867763e+00) (-7.841876e-05 -3.228867e-07 -7.306398e-03)) ((-1.370927e-03 8.704041e-02 6.592665e-04) (3.170247e-06 3.942689e-05 -1.426287e-05))
2.3           	((1.733995e-02 6.985044e-03 -9.820694e+00) (-7.661977e-05 -1.427019e-06 -8.019829e-03)) ((-1.473853e-03 8.619218e-02 7.517141e-04) (3.452852e-06 4.830859e-05 -1.491502e-05))
2.31          	((1.638269e-02 6.840386e-03 -9.759941e+00) (-7.536950e-05 -2.548226e-06 -8.720437e-03)) ((-1.552119e-03 8.531095e-02 7.976291e-04) (3.749984e-06 5.712381e-05 -1.560450e-05))
2.32          	((1.602243e-02 6.481285e-03 -9.684741e+00) (-7.486338e-05 -3.718015e-06 -9.407832e-03)) ((-1.456436e-03 8.431400e-02 8.402030e-04) (4.050147e-06 6.580216e-05 -1.625421e-05))
2.33          	((1.572671e-02 6.281880e-03 -9.593303e+00) (-7.481299e-05 -5.023522e-06 -1.008113e-02)) ((-1.471288e-03 8.333067e-02 8.519376e-04) (4.364233e-06 7.436524e-05 -1.698633e-05))
2.34          	((1.587572e-02 6.458941e-03 -9.485679e+00) (-7.482774e-05 -6.893914e-06 -1.073915e-02)) ((-1.469610e-03 8.211720e-02 8.938554e-04) (4.724853e-06 8.274184e-05 -1.777489e-05))
2.35          	((1.605220e-02 6.334656e-03 -9.365425e+00) (-7.498886e-05 -8.548753e-06 -1.138103e-02)) ((-1.339749e-03 8.089945e-02 9.045121e-04) (5.014665e-06 9.095591e-05 -1.857919e-05))
2.36          	((1.594390e-02 5.929758e-03 -9.231545e+00) (-7.552336e-05 -9.863730e-06 -1.200583e-02)) ((-1.390377e-03 7.945507e-02 9.648414e-04) (5.251512e-06 9.892419e-05 -1.937057e-05))
2.37          	((1.581190e-02 5.743703e-03 -9.081357e+00) (-7.635090e-05 -1.124263e-05 -1.261241e-02)) ((-1.369479e-03 7.786745e-02 9.928890e-04) (5.462505e-06 1.066796e-04 -2.004809e-05))
2.38          	((1.580089e-02 5.604088e-03 -8.917054e+00) (-7.746465e-05 -1.258925e-05 -1.319976e-02)) ((-1.343148e-03 7.618955e-02 1.027674e-03) (5.700990e-06 1.141568e-04 -2.067750e-05))
2.39          	((1.551789e-02 5.440164e-03 -8.739898e+00) (-7.867787e-05 -1.420164e-05 -1.376782e-02)) ((-1.315288e-03 7.435012e-02 1.026647e-03) (5.938806e-06 1.213491e-04 -2.129434e-05))
2.4           	((1.521175e-02 5.172721e-03 -8.548152e+00) (-7.978506e-05 -1.583785e-05 -1.431533e-02)) ((-1.301830e-03 7.237380e-02 1.031324e-03) (6.153160e-06 1.282808e-04 -2.189966e-05))
2.41          	((1.522362e-02 4.727900e-03 -8.341571e+00) (-8.036087e-05 -1.702662e-05 -1.484049e-02)) ((-1.255405e-03 7.025711e-02 1.038745e-03) (6.331153e-06 1.350370e-04 -2.249619e-05))
2.42          	((1.527395e-02 4.621630e-03 -8.121249e+00) (-8.051372e-05 -1.778806e-05 -1.534266e-02)) ((-1.194309e-03 6.808145e-02 1.090867e-03) (6.450978e-06 1.415855e-04 -2.305247e-05))
2.43          	((1.532431e-02 4.488998e-03 -7.886768e+00) (-8.038427e-05 -1.810902e-05 -1.582044e-02)) ((-1.146944e-03 6.577928e-02 1.133569e-03) (6.616345e-06 1.478618e-04 -2.367600e-05))
2.44          	((1.534412e-02 4.258801e-03 -7.638065e+00) (-8.013580e-05 -1.844615e-05 -1.627294e-02)) ((-1.153487e-03 6.339106e-02 1.183489e-03) (6.763350e-06 1.539081e-04 -2.431112e-05))
2.45          	((1.537589e-02 4.075456e-03 -7.376477e+00) (-7.971290e-05 -1.850866e-05 -1.669887e-02)) ((-1.147757e-03 6.084720e-02 1.197378e-03) (6.957313e-06 1.597164e-04 -2.496266e-05))
2.46          	((1.514806e-02 3.763610e-03 -7.101318e+00) (-7.921587e-05 -1.856111e-05 -1.709724e-02)) ((-1.061671e-03 5.816286e-02 1.208730e-03) (7.214023e-06 1.652776e-04 -2.560962e-05))
2.47          	((1.504717e-02 3.433497e-03 -6.813483e+00) (-7.882407e-05 -1.861171e-05 -1.746727e-02)) ((-1.004295e-03 5.539317e-02 1.212179e-03) (7.526857e-06 1.705413e-04 -2.626274e-05))
2.48          	((1.498602e-02 3.193445e-03 -6.514191e+00) (-7.832884e-05 -1.872704e-05 -1.780756e-02)) ((-9.476704e-04 5.252920e-02 1.218788e-03) (7.821137e-06 1.755319e-04 -2.695122e-05))
2.49          	((1.479062e-02 3.112456e-03 -6.202365e+00) (-7.735855e-05 -1.901558e-05 -1.811733e-02)) ((-8.732319e-04 4.955749e-02 1.232172e-03) (8.127116e-06 1.802112e-04 -2.768959e-05))
2.5           	((1.465095e-02 2.574468e-03 -5.878264e+00) (-7.605246e-05 -1.948441e-05 -1.839563e-02)) ((-8.109252e-04 4.651766e-02 1.251634e-03) (8.460776e-06 1.845978e-04 -2.842164e-05))
2.51          	((1.464538e-02 2.403224e-03 -5.543708e+00) (-7.442817e-05 -2.003607e-05 -1.864155e-02)) ((-7.959065e-04 4.342257e-02 1.259654e-03) (8.821770e-06 1.886688e-04 -2.920753e-05))
2.52          	((1.444348e-02 2.042698e-03 -5.198013e+00) (-7.276905e-05 -2.054760e-05 -1.885455e-02)) ((-7.302623e-04 4.024367e-02 1.260079e-03) (9.172024e-06 1.924330e-04 -3.004146e-05))
2.53          	((1.419954e-02 1.686773e-03 -4.842504e+00) (-7.066165e-05 -2.124466e-05 -1.903395e-02)) ((-6.312272e-04 3.699551e-02 1.258769e-03) (9.459175e-06 1.958763e-04 -3.090074e-05))
2.54          	((1.406925e-02 1.515934e-03 -4.477053e+00) (-6.817914e-05 -2.223571e-05 -1.918013e-02)) ((-5.888644e-04 3.367843e-02 1.247148e-03) (9.722436e-06 1.990079e-04 -3.171140e-05))
2.55          	((1.407848e-02 1.112538e-03 -4.102747e+00) (-6.571605e-05 -2.295068e-05 -1.929180e-02)) ((-5.205288e-04 3.032696e-02 1.200493e-03) (9.866778e-06 2.018250e-04 -3.243674e-05))
2.56          	((1.393693e-02 8.789622e-04 -3.720648e+00) (-6.292224e-05 -2.376139e-05 -1.936888e-02)) ((-4.520093e-04 2.689751e-02 1.193045e-03) (9.979023e-06 2.043578e-04 -3.309289e-05))
2.57          	((1.355606e-02 4.842342e-04 -3.330626e+00) (-6.005879e-05 -2.454548e-05 -1.941153e-02)) ((-3.560477e-04 2.342886e-02 1.192634e-03) (1.004727e-05 2.065537e-04 -3.364689e-05))
2.58          	((1.348126e-02 2.778186e-04 -2.933416e+00) (-5.759410e-05 -2.521733e-05 -1.942029e-02)) ((-2.729963e-04 1.999242e-02 1.177725e-03) (1.016213e-05 2.083496e-04 -3.415017e-05))
2.59          	((1.331015e-02 1.370875e-04 -2.529938e+00) (-5.516324e-05 -2.615458e-05 -1.939444e-02)) ((-1.567390e-04 1.646017e-02 1.212685e-03) (1.019795e-05 2.098241e-04 -3.464970e-05))
2.6           	((1.267656e-02 -1.972939e-04 -2.121525e+00) (-5.275684e-05 -2.710743e-05 -1.933358e-02)) ((-1.164187e-04 1.289838e-02 1.218770e-03) (1.024484e-05 2.109021e-04 -3.510515e-05))
2.61          	((1.220070e-02 -6.014860e-04 -1.708590e+00) (-5.054445e-05 -2.806275e-05 -1.923855e-02)) ((-8.302381e-05 9.333531e-03 1.216324e-03) (1.018242e-05 2.115444e-04 -3.558381e-05))
2.62          	((1.169234e-02 -7.458677e-04 -1.290670e+00) (-4.869632e-05 -2.899710e-05 -1.910937e-02)) ((2.591822e-05 5.719715e-03 1.192112e-03) (1.015621e-05 2.117162e-04 -3.601369e-05))
2.63          	((1.123616e-02 -9.085070e-04 -8.698444e-01) (-4.704248e-05 -2.980222e-05 -1.894616e-02)) ((1.691775e-04 2.104388e-03 1.181486e-03) (1.000026e-05 2.115645e-04 -3.647255e-05))
2.64          	((1.082029e-02 -1.340201e-03 -4.466180e-01) (-4.503039e-05 -3.039987e-05 -1.874996e-02)) ((2.453816e-04 -1.487564e-03 1.173466e-03) (9.836729e-06 2.109364e-04 -3.687378e-05))
2.65          	((1.015833e-02 -1.528164e-03 -2.166002e-02) (-4.346968e-05 -3.073359e-05 -1.852051e-02)) ((2.902157e-04 -5.117191e-03 1.162137e-03) (9.620826e-06 2.098595e-04 -3.715092e-05))
2.66          	((9.413563e-03 -1.893949e-03 4.036513e-01) (-4.191955e-05 -3.094999e-05 -1.825817e-02)) ((3.949184e-04 -8.746839e-03 1.165834e-03) (9.443355e-06 2.084381e-04 -3.738025e-05))
2.67          	((8.505555e-03 -2.050113e-03 8.288874e-01) (-4.071046e-05 -3.115746e-05 -1.796437e-02)) ((4.471380e-04 -1.240138e-02 1.142458e-03) (9.104653e-06 2.066321e-04 -3.755165e-05))
2.68          	((7.766555e-03 -2.294706e-03 1.253295e+00) (-3.957945e-05 -3.108776e-05 -1.763888e-02)) ((5.613977e-04 -1.600125e-02 1.128015e-03) (8.726370e-06 2.043537e-04 -3.766467e-05))
2.69          	((7.090257e-03 -2.436234e-03 1.676249e+00) (-3.838540e-05 -3.093412e-05 -1.728212e-02)) ((6.764369e-04 -1.953051e-02 1.129103e-03) (8.461465e-06 2.017216e-04 -3.768604e-05))
2.7           	((6.083099e-03 -2.544153e-03 2.096387e+00) (-3.770650e-05 -3.056936e-05 -1.689512e-02)) ((7.436443e-04 -2.307440e-02 1.133602e-03) (8.205573e-06 1.986241e-04 -3.767602e-05))
2.71          	((4.972454e-03 -3.134925e-03 2.512357e+00) (-3.710989e-05 -3.025303e-05 -1.647916e-02)) ((7.786328e-04 -2.654386e-02 1.097809e-03) (7.902667e-06 1.951566e-04 -3.763764e-05))
2.72          	((3.884104e-03 -2.771167e-03 2.923315e+00) (-3.656840e-05 -3.009569e-05 -1.603524e-02)) ((7.890913e-04 -2.993416e-02 1.017600e-03) (7.564604e-06 1.913766e-04 -3.746395e-05))
2.73          	((3.034406e-03 -3.210416e-03 3.327753e+00) (-3.620235e-05 -2.972760e-05 -1.556357e-02)) ((9.138118e-04 -3.334253e-02 9.852429e-04) (7.150004e-06 1.871519e-04 -3.725572e-05))
2.74          	((2.133120e-03 -3.674517e-03 3.725845e+00) (-3.606698e-05 -2.901167e-05 -1.506502e-02)) ((9.846850e-04 -3.669000e-02 9.311108e-04) (6.765885e-06 1.826106e-04 -3.696860e-05))
2.75          	((1.281893e-03 -3.837286e-03 4.116610e+00) (-3.608129e-05 -2.817073e-05 -1.454181e-02)) ((1.063347e-03 -3.989531e-02 9.366349e-04) (6.371174e-06 1.777236e-04 -3.665069e-05))
2.76          	((-5.654656e-05 -4.177802e-03 4.499206e+00) (-3.599617e-05 -2.717051e-05 -1.399396e-02)) ((1.166751e-03 -4.302022e-02 8.775302e-04) (6.043408e-06 1.724225e-04 -3.630231e-05))
2.77          	((-1.109373e-03 -4.263669e-03 4.873592e+00) (-3.588560e-05 -2.628373e-05 -1.342288e-02)) ((1.211999e-03 -4.607725e-02 8.447671e-04) (5.681603e-06 1.667813e-04 -3.592644e-05))
2.78          	((-1.578134e-03 -4.209217e-03 5.240180e+00) (-3.558387e-05 -2.551277e-05 -1.282947e-02)) ((1.185958e-03 -4.914167e-02 7.912054e-04) (5.345004e-06 1.608834e-04 -3.546637e-05))
2.79          	((-2.142234e-03 -4.609435e-03 5.596229e+00) (-3.568785e-05 -2.488705e-05 -1.221453e-02)) ((1.284307e-03 -5.211448e-02 7.101342e-04) (5.055861e-06 1.547139e-04 -3.495262e-05))
2.8           	((-3.313466e-03 -4.542306e-03 5.941842e+00) (-3.647700e-05 -2.441940e-05 -1.157999e-02)) ((1.388732e-03 -5.489684e-02 6.428419e-04) (4.695368e-06 1.482466e-04 -3.438122e-05))
2.81          	((-4.418298e-03 -4.649490e-03 6.274962e+00) (-3.746153e-05 -2.408296e-05 -1.092694e-02)) ((1.407639e-03 -5.764684e-02 6.596398e-04) (4.371315e-06 1.415129e-04 -3.380375e-05))
2.82          	((-5.553078e-03 -5.017041e-03 6.595803e+00) (-3.876648e-05 -2.362068e-05 -1.025641e-02)) ((1.360350e-03 -6.029057e-02 5.945333e-04) (4.109913e-06 1.344684e-04 -3.324581e-05))
2.83          	((-6.681286e-03 -4.923713e-03 6.903603e+00) (-3.998817e-05 -2.316255e-05 -9.569831e-03)) ((1.309631e-03 -6.285296e-02 5.153103e-04) (3.903406e-06 1.272334e-04 -3.265767e-05))
2.84          	((-7.230626e-03 -4.909630e-03 7.199816e+00) (-4.141702e-05 -2.262207e-05 -8.868214e-03)) ((1.425192e-03 -6.528604e-02 4.902081e-04) (3.658506e-06 1.197684e-04 -3.203895e-05))
2.85          	((-8.167009e-03 -5.429927e-03 7.482614e+00) (-4.337239e-05 -2.222066e-05 -8.153016e-03)) ((1.581467e-03 -6.759474e-02 4.570761e-04) (3.353170e-06 1.120974e-04 -3.142615e-05))
2.86          	((-9.158350e-03 -5.395941e-03 7.750605e+00) (-4.625376e-05 -2.196874e-05 -7.425843e-03)) ((1.523561e-03 -6.970672e-02 4.400396e-04) (3.061809e-06 1.042088e-04 -3.091255e-05))
2.87          	((-9.857978e-03 -5.442487e-03 8.003825e+00) (-4.933602e-05 -2.154604e-05 -6.687823e-03)) ((1.546875e-03 -7.176830e-02 4.393267e-04) (2.766894e-06 9.613339e-05 -3.033627e-05))
2.88          	((-1.035872e-02 -5.835810e-03 8.244198e+00) (-5.219167e-05 -2.045495e-05 -5.939868e-03)) ((1.652930e-03 -7.386202e-02 3.744420e-04) (2.433525e-06 8.790457e-05 -2.968637e-05))
2.89          	((-1.128814e-02 -5.485649e-03 8.470932e+00) (-5.552192e-05 -1.945921e-05 -5.183290e-03)) ((1.559799e-03 -7.579172e-02 3.108187e-04) (2.070143e-06 7.949893e-05 -2.900418e-05))
2.9           	((-1.203443e-02 -5.491093e-03 8.681622e+00) (-5.885203e-05 -1.887790e-05 -4.420119e-03)) ((1.705421e-03 -7.751600e-02 2.349500e-04) (1.754664e-06 7.097671e-05 -2.826195e-05))
2.91          	((-1.290651e-02 -5.709154e-03 8.875986e+00) (-6.230035e-05 -1.806834e-05 -3.651438e-03)) ((1.689958e-03 -7.906103e-02 1.888605e-04) (1.454763e-06 6.235305e-05 -2.756224e-05))
2.92          	((-1.351413e-02 -5.265200e-03 9.050944e+00) (-6.650923e-05 -1.690673e-05 -2.878722e-03)) ((1.689244e-03 -8.044345e-02 1.504758e-04) (1.058447e-06 5.361187e-05 -2.684651e-05))
2.93          	((-1.549029e-02 -5.037871e-03 9.209667e+00) (-7.108769e-05 -1.637027e-05 -2.103029e-03)) ((1.655184e-03 -8.177407e-02 7.017736e-05) (7.124732e-07 4.479102e-05 -2.604807e-05))
2.94          	((-1.605309e-02 -4.947859e-03 9.349028e+00) (-7.551941e-05 -1.634373e-05 -1.325329e-03)) ((1.832779e-03 -8.294529e-02 6.848602e-06) (3.066753e-07 3.591420e-05 -2.518892e-05))
2.95          	((-1.637185e-02 -5.779007e-03 9.468603e+00) (-8.029494e-05 -1.641882e-05 -5.465814e-04)) ((1.777922e-03 -8.404522e-02 -1.704168e-04) (-1.343860e-07 2.696098e-05 -2.437425e-05))
2.96          	((-1.668416e-02 -5.318811e-03 9.571452e+00) (-8.505017e-05 -1.631167e-05 2.325845e-04)) ((1.795093e-03 -8.485606e-02 -5.260220e-05) (-5.589557e-07 1.802203e-05 -2.353901e-05))
2.97          	((-1.820266e-02 -5.370344e-03 9.659283e+00) (-9.084964e-05 -1.601628e-05 1.009822e-03)) ((1.918247e-03 -8.548125e-02 -5.778114e-05) (-1.017632e-06 9.056439e-06 -2.276799e-05))
2.98          	((-1.869501e-02 -5.760916e-03 9.737626e+00) (-9.695711e-05 -1.506765e-05 1.784551e-03)) ((1.797918e-03 -8.612780e-02 -2.272436e-04) (-1.411799e-06 1.874324e-07 -2.198566e-05))
2.99          	((-1.934634e-02 -4.831688e-03 9.810343e+00) (-1.032218e-04 -1.413976e-05 2.555590e-03)) ((1.787243e-03 -8.667421e-02 -1.233573e-04) (-1.770533e-06 -8.596468e-06 -2.129443e-05))
3             	((-1.816740e-02 -4.192291e-03 9.864163e+00) (-1.099072e-04 -1.283694e-05 3.322127e-03)) ((1.797345e-03 -8.689518e-02 -3.228343e-05) (-2.125315e-06 -1.751294e-05 -2.066050e-05))
3.01          	((-1.894982e-02 -3.128622e-03 9.866266e+00) (-1.169441e-04 -1.207549e-05 4.082688e-03)) ((1.415004e-03 -8.693659e-02 1.640273e-05) (-2.436271e-06 -2.640963e-05 -2.024144e-05))
3.02          	((-1.912334e-02 -4.872716e-03 9.806380e+00) (-1.233997e-04 -1.184739e-05 4.829205e-03)) ((1.904920e-03 -8.653568e-02 -1.822240e-04) (-2.769051e-06 -3.503025e-05 -1.987409e-05))
3.03          	((-2.275497e-02 -4.221579e-03 9.874276e+00) (-1.306909e-04 -1.153536e-05 5.568614e-03)) ((1.762245e-03 -8.668217e-02 -1.570093e-04) (-3.136800e-06 -4.345156e-05 -1.948610e-05))
3.04          	((-2.200319e-02 -3.852676e-03 9.853155e+00) (-1.382947e-04 -1.083392e-05 6.298014e-03)) ((1.655810e-03 -8.642923e-02 -3.004184e-04) (-3.482236e-06 -5.177832e-05 -1.915943e-05))
3.05          	((-2.230155e-02 -3.396767e-03 9.809092e+00) (-1.455468e-04 -1.045395e-05 7.015351e-03)) ((1.487814e-03 -8.589111e-02 -3.562840e-04) (-3.895377e-06 -5.996497e-05 -1.896132e-05))
3.06          	((-2.256436e-02 -3.326479e-03 9.744087e+00) (-1.523389e-04 -1.052426e-05 7.720906e-03)) ((1.510115e-03 -8.507343e-02 -3.775797e-04) (-4.255574e-06 -6.797128e-05 -1.889002e-05))
3.07          	((-2.189208e-02 -3.180855e-03 9.665741e+00) (-1.590187e-04 -1.106541e-05 8.413895e-03)) ((1.490593e-03 -8.430863e-02 -4.135406e-04) (-4.520602e-06 -7.589019e-05 -1.888164e-05))
3.08          	((-2.210611e-02 -3.579026e-03 9.574276e+00) (-1.660103e-04 -1.163650e-05 9.093826e-03)) ((1.414449e-03 -8.316246e-02 -4.330718e-04) (-4.809279e-06 -8.376945e-05 -1.895108e-05))
3.09          	((-2.241146e-02 -3.550231e-03 9.469734e+00) (-1.726714e-04 -1.217448e-05 9.760224e-03)) ((1.423638e-03 -8.199681e-02 -5.344945e-04) (-5.102702e-06 -9.147851e-05 -1.911078e-05))
3.1           	((-2.240826e-02 -3.152549e-03 9.348385e+00) (-1.789382e-04 -1.248767e-05 1.041214e-02)) ((1.415350e-03 -8.080879e-02 -5.631497e-04) (-5.463290e-06 -9.905577e-05 -1.927490e-05))
3.11          	((-2.270901e-02 -2.881594e-03 9.213597e+00) (-1.853565e-04 -1.281928e-05 1.104803e-02)) ((1.325156e-03 -7.941988e-02 -6.117098e-04) (-5.856654e-06 -1.065301e-04 -1.948542e-05))
3.12          	((-2.270791e-02 -2.477876e-03 9.063177e+00) (-1.916903e-04 -1.351311e-05 1.166691e-02)) ((1.280574e-03 -7.783634e-02 -6.614736e-04) (-6.240515e-06 -1.138718e-04 -1.975084e-05))
3.13          	((-2.228725e-02 -2.904650e-03 8.899591e+00) (-1.976060e-04 -1.410126e-05 1.226708e-02)) ((1.254799e-03 -7.612241e-02 -7.205160e-04) (-6.623832e-06 -1.210828e-04 -2.003530e-05))
3.14          	((-2.190889e-02 -2.701513e-03 8.722669e+00) (-2.032803e-04 -1.451635e-05 1.284772e-02)) ((1.134163e-03 -7.422845e-02 -7.610958e-04) (-7.015758e-06 -1.281516e-04 -2.030352e-05))
3.15          	((-2.134188e-02 -2.934597e-03 8.530671e+00) (-2.089143e-04 -1.503953e-05 1.340746e-02)) ((1.095212e-03 -7.224484e-02 -8.389691e-04) (-7.427450e-06 -1.351038e-04 -2.053300e-05))
3.16          	((-2.090156e-02 -3.029921e-03 8.323938e+00) (-2.147272e-04 -1.573887e-05 1.394537e-02)) ((1.073964e-03 -7.014897e-02 -9.049479e-04) (-7.815088e-06 -1.419676e-04 -2.080623e-05))
3.17          	((-2.047340e-02 -2.848910e-03 8.102657e+00) (-2.208904e-04 -1.650619e-05 1.446049e-02)) ((1.033869e-03 -6.792192e-02 -1.011922e-03) (-8.230560e-06 -1.487432e-04 -2.108735e-05))
3.18          	((-2.015265e-02 -2.351085e-03 7.867283e+00) (-2.271346e-04 -1.708778e-05 1.495176e-02)) ((9.456792e-04 -6.555203e-02 -1.074454e-03) (-8.653915e-06 -1.553337e-04 -2.137510e-05))
3.19          	((-1.963697e-02 -2.477129e-03 7.618399e+00) (-2.335479e-04 -1.775419e-05 1.541750e-02)) ((9.196054e-04 -6.305380e-02 -1.150043e-03) (-8.955500e-06 -1.617989e-04 -2.169431e-05))
3.2           	((-1.907159e-02 -2.624093e-03 7.357457e+00) (-2.400510e-04 -1.840457e-05 1.585662e-02)) ((8.284486e-04 -6.048879e-02 -1.218164e-03) (-9.200547e-06 -1.681408e-04 -2.193915e-05))
3.21          	((-1.834436e-02 -2.530769e-03 7.082377e+00) (-2.465577e-04 -1.907875e-05 1.626777e-02)) ((7.598624e-04 -5.778551e-02 -1.318275e-03) (-9.401526e-06 -1.742980e-04 -2.199945e-05))
3.22          	((-1.768768e-02 -2.412237e-03 6.793951e+00) (-2.527215e-04 -1.960940e-05 1.664980e-02)) ((7.125827e-04 -5.498164e-02 -1.392361e-03) (-9.619141e-06 -1.801881e-04 -2.199788e-05))
3.23          	((-1.679528e-02 -2.497089e-03 6.493309e+00) (-2.583185e-04 -1.996580e-05 1.700212e-02)) ((6.845809e-04 -5.209316e-02 -1.443133e-03) (-9.882666e-06 -1.857640e-04 -2.193098e-05))
3.24          	((-1.621632e-02 -2.433715e-03 6.181186e+00) (-2.638365e-04 -1.999455e-05 1.732281e-02)) ((6.170343e-04 -4.916867e-02 -1.463784e-03) (-1.002689e-05 -1.911101e-04 -2.182714e-05))
3.25          	((-1.540457e-02 -2.494676e-03 5.857665e+00) (-2.693195e-04 -2.000084e-05 1.761137e-02)) ((5.466000e-04 -4.613793e-02 -1.502288e-03) (-1.019789e-05 -1.961577e-04 -2.176631e-05))
3.26          	((-1.436213e-02 -2.317341e-03 5.522747e+00) (-2.744585e-04 -1.973725e-05 1.786714e-02)) ((4.672256e-04 -4.298033e-02 -1.506157e-03) (-1.045572e-05 -2.007521e-04 -2.162475e-05))
3.27          	((-1.357576e-02 -2.263183e-03 5.176985e+00) (-2.792545e-04 -1.946539e-05 1.808883e-02)) ((3.975282e-04 -3.980619e-02 -1.544268e-03) (-1.064963e-05 -2.049936e-04 -2.141722e-05))
3.28          	((-1.278787e-02 -2.200264e-03 4.820900e+00) (-2.839658e-04 -1.913241e-05 1.827566e-02)) ((3.418476e-04 -3.656704e-02 -1.553582e-03) (-1.085709e-05 -2.088503e-04 -2.116421e-05))
3.29          	((-1.210447e-02 -2.074675e-03 4.455621e+00) (-2.883149e-04 -1.879596e-05 1.842740e-02)) ((2.999510e-04 -3.326188e-02 -1.547672e-03) (-1.093596e-05 -2.123139e-04 -2.081313e-05))
3.3           	((-1.137122e-02 -1.910467e-03 4.081240e+00) (-2.920350e-04 -1.846962e-05 1.854369e-02)) ((2.801820e-04 -2.989685e-02 -1.528028e-03) (-1.110202e-05 -2.153331e-04 -2.035203e-05))
3.31          	((-1.072697e-02 -1.724714e-03 3.698786e+00) (-2.955987e-04 -1.805139e-05 1.862389e-02)) ((2.108871e-04 -2.645059e-02 -1.469913e-03) (-1.119012e-05 -2.180201e-04 -1.980025e-05))
3.32          	((-1.010920e-02 -1.637511e-03 3.308496e+00) (-2.988941e-04 -1.783295e-05 1.866820e-02)) ((9.113699e-05 -2.295414e-02 -1.432340e-03) (-1.125863e-05 -2.203481e-04 -1.930935e-05))
3.33          	((-9.307578e-03 -1.329656e-03 2.911351e+00) (-3.016119e-04 -1.772409e-05 1.867637e-02)) ((1.080493e-05 -1.939542e-02 -1.362489e-03) (-1.124634e-05 -2.222750e-04 -1.879791e-05))
3.34          	((-8.560135e-03 -1.290832e-03 2.508106e+00) (-3.036062e-04 -1.775026e-05 1.864797e-02)) ((-4.364170e-05 -1.582564e-02 -1.342188e-03) (-1.113637e-05 -2.237593e-04 -1.828276e-05))
3.35          	((-7.569006e-03 -1.107560e-03 2.099313e+00) (-3.049162e-04 -1.773516e-05 1.858342e-02)) ((-7.515967e-05 -1.223023e-02 -1.273998e-03) (-1.109875e-05 -2.248016e-04 -1.780612e-05))
3.36          	((-6.719964e-03 -1.064570e-03 1.686504e+00) (-3.056441e-04 -1.771167e-05 1.848215e-02)) ((-1.319184e-04 -8.604364e-03 -1.209650e-03) (-1.097804e-05 -2.254742e-04 -1.738033e-05))
3.37          	((-5.941313e-03 -8.671161e-04 1.269350e+00) (-3.060685e-04 -1.760379e-05 1.834520e-02)) ((-2.241759e-04 -4.966954e-03 -1.118607e-03) (-1.090490e-05 -2.256706e-04 -1.701825e-05))
3.38          	((-5.101965e-03 -6.899553e-04 8.483747e-01) (-3.063843e-04 -1.727564e-05 1.817291e-02)) ((-3.098339e-04 -1.313879e-03 -1.042474e-03) (-1.078758e-05 -2.255366e-04 -1.666102e-05))
3.39          	((-4.261419e-03 -4.661312e-04 4.251287e-01) (-3.062695e-04 -1.702595e-05 1.796548e-02)) ((-3.234191e-04 2.335767e-03 -9.669776e-04) (-1.063129e-05 -2.250202e-04 -1.631510e-05))
3.4           	((-3.510356e-03 -2.677397e-04 -4.712588e-04) (-3.058784e-04 -1.712880e-05 1.772396e-02)) ((-4.789741e-04 6.044265e-03 -9.027890e-04) (-1.041457e-05 -2.241748e-04 -1.597852e-05))
3.41          	((-2.971022e-03 1.345486e-04 -4.260747e-01) (-3.049748e-04 -1.736236e-05 1.744850e-02)) ((-5.607264e-04 9.660121e-03 -8.023228e-04) (-1.014265e-05 -2.229212e-04 -1.561531e-05))
3.42          	((-2.186536e-03 3.178520e-04 -8.517184e-01) (-3.037930e-04 -1.719220e-05 1.714068e-02)) ((-6.210015e-04 1.329952e-02 -7.223097e-04) (-9.916377e-06 -2.213193e-04 -1.533161e-05))
3.43          	((-1.720767e-03 5.288112e-04 -1.276610e+00) (-3.022803e-04 -1.682072e-05 1.680132e-02)) ((-6.465514e-04 1.690841e-02 -5.987808e-04) (-9.720185e-06 -2.193289e-04 -1.502463e-05))
3.44          	((-8.081418e-04 1.055247e-03 -1.700154e+00) (-3.004585e-04 -1.634038e-05 1.643028e-02)) ((-7.009525e-04 2.047317e-02 -5.206477e-04) (-9.531758e-06 -2.168991e-04 -1.465923e-05))
3.45          	((1.181531e-04 1.144458e-03 -2.119463e+00) (-2.983074e-04 -1.597679e-05 1.602829e-02)) ((-8.349229e-04 2.400446e-02 -3.918585e-04) (-9.332698e-06 -2.141224e-04 -1.434668e-05))
3.46          	((8.282550e-04 1.385047e-03 -2.535402e+00) (-2.958853e-04 -1.540105e-05 1.559683e-02)) ((-8.819417e-04 2.755312e-02 -2.791226e-04) (-9.060684e-06 -2.110220e-04 -1.408139e-05))
3.47          	((1.893594e-03 1.750105e-03 -2.948510e+00) (-2.930991e-04 -1.480176e-05 1.513748e-02)) ((-9.107890e-04 3.110380e-02 -2.296314e-04) (-8.757089e-06 -2.075748e-04 -1.385820e-05))
3.48          	((2.667756e-03 2.134764e-03 -3.353707e+00) (-2.896815e-04 -1.413798e-05 1.465153e-02)) ((-9.629171e-04 3.448038e-02 -1.579981e-04) (-8.403358e-06 -2.037407e-04 -1.364878e-05))
3.49          	((3.281335e-03 2.637729e-03 -3.750896e+00) (-2.856362e-04 -1.346390e-05 1.414030e-02)) ((-1.098146e-03 3.775250e-02 -8.415187e-05) (-7.955739e-06 -1.995681e-04 -1.345126e-05))
3.5           	((4.315271e-03 2.904597e-03 -4.141063e+00) (-2.809716e-04 -1.283272e-05 1.360471e-02)) ((-1.121449e-03 4.096095e-02 3.613183e-05) (-7.594105e-06 -1.949793e-04 -1.325055e-05))
3.51          	((4.837148e-03 3.046825e-03 -4.524401e+00) (-2.758887e-04 -1.239328e-05 1.304588e-02)) ((-1.138824e-03 4.408568e-02 1.411844e-04) (-7.178886e-06 -1.900045e-04 -1.311522e-05))
3.52          	((5.176179e-03 3.362970e-03 -4.898760e+00) (-2.701087e-04 -1.188368e-05 1.246503e-02)) ((-1.178482e-03 4.716434e-02 1.394624e-04) (-6.818911e-06 -1.846990e-04 -1.298440e-05))
3.53          	((6.003700e-03 3.862476e-03 -5.264155e+00) (-2.641749e-04 -1.135506e-05 1.186308e-02)) ((-1.210399e-03 5.019773e-02 1.623195e-04) (-6.434561e-06 -1.790897e-04 -1.282503e-05))
3.54          	((7.182004e-03 4.064188e-03 -5.619791e+00) (-2.579170e-04 -1.092957e-05 1.124182e-02)) ((-1.300426e-03 5.310884e-02 2.107343e-04) (-6.012234e-06 -1.731636e-04 -1.265287e-05))
3.55          	((7.969465e-03 4.338813e-03 -5.965168e+00) (-2.512153e-04 -1.042411e-05 1.060194e-02)) ((-1.298445e-03 5.591423e-02 2.582055e-04) (-5.654692e-06 -1.669183e-04 -1.253471e-05))
3.56          	((8.885174e-03 4.709821e-03 -6.299564e+00) (-2.440857e-04 -1.008903e-05 9.945023e-03)) ((-1.279566e-03 5.865778e-02 2.541897e-04) (-5.325280e-06 -1.603626e-04 -1.255429e-05))
3.57          	((9.667697e-03 5.136216e-03 -6.623175e+00) (-2.366113e-04 -9.724796e-06 9.271531e-03)) ((-1.405545e-03 6.129280e-02 2.889120e-04) (-4.954137e-06 -1.535922e-04 -1.263803e-05))
3.58          	((1.064896e-02 5.061342e-03 -6.933276e+00) (-2.285772e-04 -9.301138e-06 8.583101e-03)) ((-1.454896e-03 6.382137e-02 3.253488e-04) (-4.575347e-06 -1.465384e-04 -1.277795e-05))
3.59          	((1.125117e-02 5.382035e-03 -7.228326e+00) (-2.203139e-04 -9.279582e-06 7.880474e-03)) ((-1.359788e-03 6.622999e-02 3.358372e-04) (-4.109332e-06 -1.391721e-04 -1.288097e-05))
3.6           	((1.190922e-02 5.504377e-03 -7.511924e+00) (-2.117462e-04 -9.401030e-06 7.165187e-03)) ((-1.373124e-03 6.867303e-02 3.375683e-04) (-3.667673e-06 -1.315842e-04 -1.293294e-05))
3.61          	((1.274714e-02 5.839607e-03 -7.781289e+00) (-2.033763e-04 -9.548359e-06 6.438796e-03)) ((-1.443966e-03 7.086768e-02 3.538600e-04) (-3.236239e-06 -1.238185e-04 -1.295607e-05))
3.62          	((1.331917e-02 5.856623e-03 -8.035270e+00) (-1.954395e-04 -9.770551e-06 5.702425e-03)) ((-1.631939e-03 7.297397e-02 3.674573e-04) (-2.809401e-06 -1.158840e-04 -1.298370e-05))
3.63          	((1.438281e-02 5.603866e-03 -8.274815e+00) (-1.875104e-04 -1.015901e-05 4.957781e-03)) ((-1.598113e-03 7.501206e-02 4.533025e-04) (-2.392618e-06 -1.078145e-04 -1.309547e-05))
3.64          	((1.491478e-02 6.107005e-03 -8.499518e+00) (-1.797254e-04 -1.086135e-05 4.206266e-03)) ((-1.666380e-03 7.681268e-02 4.369415e-04) (-1.978724e-06 -9.967807e-05 -1.317156e-05))
3.65          	((1.522883e-02 6.631213e-03 -8.707844e+00) (-1.720473e-04 -1.177645e-05 3.449428e-03)) ((-1.628849e-03 7.845184e-02 5.140538e-04) (-1.500559e-06 -9.138994e-05 -1.327666e-05))
3.66          	((1.610732e-02 6.587360e-03 -8.899606e+00) (-1.645656e-04 -1.247269e-05 2.687894e-03)) ((-1.661821e-03 7.998403e-02 4.834535e-04) (-1.085497e-06 -8.297994e-05 -1.353172e-05))
3.67          	((1.636132e-02 6.917234e-03 -9.074073e+00) (-1.568737e-04 -1.287612e-05 1.922131e-03)) ((-1.651544e-03 8.151747e-02 4.219955e-04) (-6.409991e-07 -7.440659e-05 -1.373929e-05))
3.68          	((1.670730e-02 6.293270e-03 -9.227719e+00) (-1.486273e-04 -1.298449e-05 1.154472e-03)) ((-1.810824e-03 8.276861e-02 3.303237e-04) (-1.360420e-07 -6.568173e-05 -1.392763e-05))
3.69          	((1.751846e-02 6.106523e-03 -9.368015e+00) (-1.403756e-04 -1.320998e-05 3.850837e-04)) ((-1.617248e-03 8.369491e-02 3.568194e-04) (3.868170e-07 -5.677356e-05 -1.408459e-05))
3.7           	((1.821929e-02 6.262192e-03 -9.491133e+00) (-1.324073e-04 -1.320830e-05 -3.841059e-04)) ((-1.624648e-03 8.479782e-02 5.199409e-04) (9.010266e-07 -4.761115e-05 -1.437827e-05))
3.71          	((1.780660e-02 5.910250e-03 -9.590990e+00) (-1.245203e-04 -1.256841e-05 -1.150404e-03)) ((-1.752895e-03 8.575131e-02 5.826706e-04) (1.319420e-06 -3.834390e-05 -1.471510e-05))
3.72          	((1.792867e-02 7.045056e-03 -9.674269e+00) (-1.173920e-04 -1.221328e-05 -1.913282e-03)) ((-1.808819e-03 8.636651e-02 5.892668e-04) (1.704761e-06 -2.910372e-05 -1.504875e-05))
3.73          	((1.794117e-02 5.678970e-03 -9.746928e+00) (-1.111910e-04 -1.242615e-05 -2.673191e-03)) ((-1.522176e-03 8.688805e-02 4.397663e-04) (2.034528e-06 -1.981747e-05 -1.535570e-05))
3.74          	((1.809111e-02 5.702134e-03 -9.794786e+00) (-1.063556e-04 -1.247866e-05 -3.428559e-03)) ((-1.341115e-03 8.701049e-02 6.750460e-04) (2.360794e-06 -1.054496e-05 -1.586594e-05))
3.75          	((1.638442e-02 5.437333e-03 -9.841029e+00) (-1.011449e-04 -1.250895e-05 -4.178555e-03)) ((-1.533226e-03 8.735319e-02 5.606536e-04) (2.638620e-06 -1.202023e-06 -1.633001e-05))
3.76          	((1.766233e-02 6.438785e-03 -9.909079e+00) (-9.577091e-05 -1.232515e-05 -4.923181e-03)) ((-1.575618e-03 8.854245e-02 8.163947e-04) (2.945363e-06 8.119562e-06 -1.697499e-05))
3.77          	((1.881535e-02 6.176967e-03 -9.820837e+00) (-9.151371e-05 -1.277861e-05 -5.652738e-03)) ((-1.632019e-03 8.689414e-02 5.650806e-04) (3.200101e-06 1.732748e-05 -1.767517e-05))
3.78          	((1.664910e-02 6.982425e-03 -9.906175e+00) (-8.794209e-05 -1.355221e-05 -6.375249e-03)) ((-1.291765e-03 8.754689e-02 6.376474e-04) (3.420707e-06 2.649299e-05 -1.831107e-05))
3.79          	((1.618815e-02 6.156278e-03 -9.860808e+00) (-8.480335e-05 -1.456995e-05 -7.087519e-03)) ((-1.388389e-03 8.702085e-02 7.548914e-04) (3.610659e-06 3.557261e-05 -1.893915e-05))
3.8           	((1.668325e-02 5.921141e-03 -9.806937e+00) (-8.219218e-05 -1.594157e-05 -7.787578e-03)) ((-1.460527e-03 8.624824e-02 7.358868e-04) (3.820083e-06 4.450168e-05 -1.953737e-05))
3.81          	((1.651669e-02 6.372111e-03 -9.748437e+00) (-8.035771e-05 -1.749574e-05 -8.475750e-03)) ((-1.496834e-03 8.528862e-02 8.050414e-04) (4.087332e-06 5.329248e-05 -2.013659e-05))
3.82          	((1.559212e-02 6.257461e-03 -9.671587e+00) (-7.901525e-05 -1.887943e-05 -9.150723e-03)) ((-1.473327e-03 8.428227e-02 8.264282e-04) (4.375102e-06 6.195585e-05 -2.079946e-05))
3.83          	((1.531482e-02 6.189721e-03 -9.582119e+00) (-7.811990e-05 -2.019700e-05 -9.811575e-03)) ((-1.578677e-03 8.321775e-02 8.923701e-04) (4.717360e-06 7.052716e-05 -2.138167e-05))
3.84          	((1.545428e-02 5.973279e-03 -9.474498e+00) (-7.709705e-05 -2.157218e-05 -1.045771e-02)) ((-1.545613e-03 8.206442e-02 9.950859e-04) (5.040650e-06 7.892865e-05 -2.202423e-05))
3.85          	((1.474595e-02 5.758026e-03 -9.352798e+00) (-7.636918e-05 -2.290860e-05 -1.108818e-02)) ((-1.432201e-03 8.070057e-02 1.081591e-03) (5.330516e-06 8.714045e-05 -2.274013e-05))
3.86          	((1.469576e-02 5.125532e-03 -9.217694e+00) (-7.591024e-05 -2.383783e-05 -1.170222e-02)) ((-1.370120e-03 7.934436e-02 1.104033e-03) (5.559313e-06 9.508565e-05 -2.343318e-05))
3.87          	((1.500437e-02 5.216171e-03 -9.066514e+00) (-7.574343e-05 -2.489776e-05 -1.229866e-02)) ((-1.376471e-03 7.778820e-02 1.155587e-03) (5.767892e-06 1.027869e-04 -2.402487e-05))
3.88          	((1.440427e-02 4.929291e-03 -8.902871e+00) (-7.590427e-05 -2.584921e-05 -1.287595e-02)) ((-1.366287e-03 7.604896e-02 1.177237e-03) (5.971269e-06 1.102454e-04 -2.454582e-05))
3.89          	((1.415225e-02 4.535241e-03 -8.724400e+00) (-7.620283e-05 -2.702857e-05 -1.343370e-02)) ((-1.346015e-03 7.418431e-02 1.208095e-03) (6.192273e-06 1.174286e-04 -2.506038e-05))
3.9           	((1.410939e-02 4.495348e-03 -8.531359e+00) (-7.631119e-05 -2.821177e-05 -1.397100e-02)) ((-1.311781e-03 7.220952e-02 1.195613e-03) (6.415789e-06 1.243608e-04 -2.558636e-05))
3.91          	((1.408840e-02 4.430255e-03 -8.324760e+00) (-7.622192e-05 -2.920876e-05 -1.448668e-02)) ((-1.260076e-03 7.011768e-02 1.235715e-03) (6.611120e-06 1.310339e-04 -2.609197e-05))
3.92          	((1.425234e-02 4.044177e-03 -8.104433e+00) (-7.582644e-05 -2.992705e-05 -1.498011e-02)) ((-1.238605e-03 6.793714e-02 1.259476e-03) (6.768865e-06 1.374971e-04 -2.660644e-05))
3.93          	((1.409589e-02 3.668978e-03 -7.869715e+00) (-7.512227e-05 -3.028384e-05 -1.544951e-02)) ((-1.174576e-03 6.562079e-02 1.308184e-03) (6.910784e-06 1.437236e-04 -2.713552e-05))
3.94          	((1.391700e-02 3.433607e-03 -7.621217e+00) (-7.400703e-05 -3.031577e-05 -1.589404e-02)) ((-1.175489e-03 6.321564e-02 1.336557e-03) (7.045559e-06 1.496868e-04 -2.770943e-05))
3.95          	((1.371185e-02 3.254479e-03 -7.358941e+00) (-7.294127e-05 -3.054493e-05 -1.631307e-02)) ((-1.164822e-03 6.066271e-02 1.327369e-03) (7.283973e-06 1.553855e-04 -2.830930e-05))
3.96          	((1.354174e-02 3.125248e-03 -7.083513e+00) (-7.155693e-05 -3.091362e-05 -1.670449e-02)) ((-1.074865e-03 5.796984e-02 1.360901e-03) (7.562873e-06 1.608367e-04 -2.893368e-05))
3.97          	((1.323163e-02 2.899448e-03 -6.795389e+00) (-7.027440e-05 -3.144628e-05 -1.706750e-02)) ((-1.007731e-03 5.520727e-02 1.363762e-03) (7.785309e-06 1.660113e-04 -2.955711e-05))
3.98          	((1.323637e-02 2.549810e-03 -6.495688e+00) (-6.889241e-05 -3.164290e-05 -1.740111e-02)) ((-9.620460e-04 5.235543e-02 1.355275e-03) (8.043938e-06 1.708405e-04 -3.020846e-05))
3.99          	((1.305564e-02 2.277988e-03 -6.183728e+00) (-6.720758e-05 -3.191527e-05 -1.770421e-02)) ((-9.019440e-04 4.940663e-02 1.351000e-03) (8.293580e-06 1.754018e-04 -3.084592e-05))
4             	((1.301193e-02 2.269331e-03 -5.860008e+00) (-6.527938e-05 -3.212365e-05 -1.797589e-02)) ((-9.061650e-04 4.639469e-02 1.348828e-03) (8.555588e-06 1.796103e-04 -3.148540e-05))
4.01          	((1.296146e-02 1.857896e-03 -5.524885e+00) (-6.307230e-05 -3.218552e-05 -1.821578e-02)) ((-8.328703e-04 4.330513e-02 1.388855e-03) (8.870186e-06 1.834986e-04 -3.216688e-05))
4.02          	((1.271992e-02 1.598281e-03 -5.179275e+00) (-6.052167e-05 -3.219328e-05 -1.842335e-02)) ((-8.093667e-04 4.014591e-02 1.402309e-03) (9.164364e-06 1.871086e-04 -3.291146e-05))
4.03          	((1.231046e-02 1.229713e-03 -4.824154e+00) (-5.778682e-05 -3.238862e-05 -1.859815e-02)) ((-7.085933e-04 3.688108e-02 1.371725e-03) (9.445123e-06 1.903910e-04 -3.367773e-05))
4.04          	((1.202794e-02 1.139824e-03 -4.459075e+00) (-5.493253e-05 -3.277860e-05 -1.873985e-02)) ((-6.358112e-04 3.350627e-02 1.350019e-03) (9.661912e-06 1.933227e-04 -3.441808e-05))
4.05          	((1.195362e-02 6.604162e-04 -4.085352e+00) (-5.213571e-05 -3.303149e-05 -1.884815e-02)) ((-5.692792e-04 3.014124e-02 1.350678e-03) (9.900569e-06 1.959648e-04 -3.511429e-05))
4.06          	((1.194588e-02 2.424265e-04 -3.702966e+00) (-4.922173e-05 -3.353129e-05 -1.892284e-02)) ((-4.555275e-04 2.671189e-02 1.348438e-03) (1.007908e-05 1.983253e-04 -3.572778e-05))
4.07          	((1.191809e-02 -1.485140e-04 -3.313511e+00) (-4.611317e-05 -3.384562e-05 -1.896333e-02)) ((-4.101024e-04 2.328402e-02 1.359386e-03) (1.023552e-05 2.003364e-04 -3.627948e-05))
4.08          	((1.175933e-02 -2.866891e-04 -2.916975e+00) (-4.309661e-05 -3.420432e-05 -1.896978e-02)) ((-3.055090e-04 1.982940e-02 1.348796e-03) (1.029205e-05 2.019812e-04 -3.676711e-05))
4.09          	((1.161663e-02 -4.337395e-04 -2.514591e+00) (-4.024732e-05 -3.466613e-05 -1.894259e-02)) ((-2.406409e-04 1.632566e-02 1.351366e-03) (1.035158e-05 2.032333e-04 -3.726289e-05))
4.1           	((1.109514e-02 -6.962273e-04 -2.107168e+00) (-3.752208e-05 -3.542407e-05 -1.888107e-02)) ((-1.609851e-04 1.278781e-02 1.330095e-03) (1.040646e-05 2.041389e-04 -3.769324e-05))
4.11          	((1.054207e-02 -1.133816e-03 -1.693924e+00) (-3.504826e-05 -3.599633e-05 -1.878589e-02)) ((-1.126571e-04 9.171084e-03 1.313547e-03) (1.037596e-05 2.045790e-04 -3.810338e-05))
4.12          	((1.024808e-02 -1.254047e-03 -1.276664e+00) (-3.274610e-05 -3.643502e-05 -1.865690e-02)) ((4.208090e-05 5.614206e-03 1.288907e-03) (1.022978e-05 2.046004e-04 -3.852347e-05))
4.13          	((9.659708e-03 -1.435233e-03 -8.561456e-01) (-3.055776e-05 -3.691312e-05 -1.849530e-02)) ((1.266096e-04 2.027394e-03 1.262559e-03) (1.013407e-05 2.041965e-04 -3.888897e-05))
4.14          	((9.169797e-03 -1.764674e-03 -4.335942e-01) (-2.870123e-05 -3.714281e-05 -1.830058e-02)) ((1.839445e-04 -1.620112e-03 1.268318e-03) (9.963827e-06 2.033867e-04 -3.927904e-05))
4.15          	((8.483520e-03 -2.108603e-03 -9.707763e-03) (-2.710315e-05 -3.747871e-05 -1.807344e-02)) ((2.364477e-04 -5.226978e-03 1.265935e-03) (9.748619e-06 2.021289e-04 -3.954625e-05))
4.16          	((7.822700e-03 -2.404509e-03 4.148141e-01) (-2.588464e-05 -3.762118e-05 -1.781421e-02)) ((3.933359e-04 -8.875593e-03 1.251934e-03) (9.509612e-06 2.004917e-04 -3.976580e-05))
4.17          	((7.021593e-03 -2.608728e-03 8.396130e-01) (-2.504738e-05 -3.760453e-05 -1.752365e-02)) ((4.826470e-04 -1.250338e-02 1.211261e-03) (9.216923e-06 1.984763e-04 -3.997573e-05))
4.18          	((6.300565e-03 -2.849352e-03 1.263698e+00) (-2.414873e-05 -3.738837e-05 -1.720209e-02)) ((5.573945e-04 -1.609556e-02 1.221412e-03) (8.928940e-06 1.960609e-04 -4.013031e-05))
4.19          	((5.568795e-03 -2.958671e-03 1.686465e+00) (-2.351064e-05 -3.701547e-05 -1.685044e-02)) ((6.325268e-04 -1.964494e-02 1.215189e-03) (8.696590e-06 1.932154e-04 -4.020665e-05))
4.2           	((4.615673e-03 -2.986358e-03 2.107033e+00) (-2.321107e-05 -3.672739e-05 -1.646915e-02)) ((7.609332e-04 -2.319446e-02 1.221657e-03) (8.438656e-06 1.899917e-04 -4.020782e-05))
4.21          	((3.632987e-03 -3.101013e-03 2.523087e+00) (-2.296718e-05 -3.647393e-05 -1.605921e-02)) ((7.880550e-04 -2.670360e-02 1.188324e-03) (8.172009e-06 1.864088e-04 -4.015589e-05))
4.22          	((2.914554e-03 -3.342090e-03 2.933951e+00) (-2.308415e-05 -3.637257e-05 -1.562191e-02)) ((8.745114e-04 -3.011072e-02 1.134570e-03) (7.798648e-06 1.825024e-04 -4.011521e-05))
4.23          	((2.166946e-03 -3.365590e-03 3.338676e+00) (-2.343831e-05 -3.584373e-05 -1.515783e-02)) ((9.094225e-04 -3.347989e-02 1.055167e-03) (7.466627e-06 1.782496e-04 -4.000878e-05))
4.24          	((1.387751e-03 -3.402214e-03 3.736082e+00) (-2.393041e-05 -3.554410e-05 -1.466776e-02)) ((9.089707e-04 -3.682052e-02 1.021020e-03) (7.178139e-06 1.736674e-04 -3.982020e-05))
4.25          	((2.266077e-04 -4.041887e-03 4.126908e+00) (-2.456769e-05 -3.525114e-05 -1.415318e-02)) ((1.025510e-03 -4.002149e-02 1.008456e-03) (6.929724e-06 1.687233e-04 -3.961221e-05))
4.26          	((-1.039251e-03 -4.384483e-03 4.508890e+00) (-2.513096e-05 -3.454052e-05 -1.361489e-02)) ((1.061097e-03 -4.316738e-02 9.673617e-04) (6.672804e-06 1.634315e-04 -3.939415e-05))
4.27          	((-2.154530e-03 -4.627773e-03 4.882098e+00) (-2.548274e-05 -3.386679e-05 -1.305364e-02)) ((1.157628e-03 -4.619780e-02 9.104500e-04) (6.364199e-06 1.578390e-04 -3.917240e-05))
4.28          	((-2.300510e-03 -4.527712e-03 5.248469e+00) (-2.563715e-05 -3.338577e-05 -1.247057e-02)) ((1.212288e-03 -4.928345e-02 8.475430e-04) (6.055878e-06 1.519771e-04 -3.886713e-05))
4.29          	((-2.961174e-03 -4.670443e-03 5.604452e+00) (-2.624545e-05 -3.308346e-05 -1.186687e-02)) ((1.232854e-03 -5.231230e-02 7.792181e-04) (5.798114e-06 1.458716e-04 -3.843608e-05))
4.3           	((-3.965064e-03 -4.914357e-03 5.949226e+00) (-2.741770e-05 -3.255988e-05 -1.124414e-02)) ((1.423606e-03 -5.514263e-02 7.129995e-04) (5.481524e-06 1.395268e-04 -3.798905e-05))
4.31          	((-5.193555e-03 -4.595239e-03 6.283227e+00) (-2.877951e-05 -3.218301e-05 -1.060310e-02)) ((1.346640e-03 -5.779446e-02 6.859011e-04) (5.187591e-06 1.329294e-04 -3.752699e-05))
4.32          	((-6.216853e-03 -4.821768e-03 6.603350e+00) (-3.053739e-05 -3.165382e-05 -9.945329e-03)) ((1.290679e-03 -6.043038e-02 6.782135e-04) (4.903489e-06 1.260272e-04 -3.701860e-05))
4.33          	((-7.322899e-03 -4.679978e-03 6.911247e+00) (-3.219992e-05 -3.149065e-05 -9.271252e-03)) ((1.276258e-03 -6.299060e-02 5.923280e-04) (4.639122e-06 1.189096e-04 -3.652642e-05))
4.34          	((-7.806803e-03 -4.881581e-03 7.207112e+00) (-3.410357e-05 -3.110560e-05 -8.582293e-03)) ((1.419944e-03 -6.544707e-02 5.677083e-04) (4.416005e-06 1.115596e-04 -3.604872e-05))
4.35          	((-8.714676e-03 -5.196374e-03 7.489664e+00) (-3.676822e-05 -3.083736e-05 -7.880611e-03)) ((1.537433e-03 -6.771389e-02 5.268370e-04) (4.143095e-06 1.040209e-04 -3.555040e-05))
4.36          	((-9.646397e-03 -5.194185e-03 7.757418e+00) (-4.010038e-05 -3.043319e-05 -7.167438e-03)) ((1.436802e-03 -6.988339e-02 5.527848e-04) (3.864069e-06 9.630333e-05 -3.512632e-05))
4.37          	((-1.013922e-02 -5.524531e-03 8.011456e+00) (-4.351527e-05 -2.977524e-05 -6.443524e-03)) ((1.529278e-03 -7.202852e-02 4.968972e-04) (3.599933e-06 8.841023e-05 -3.459872e-05))
4.38          	((-1.081656e-02 -5.671747e-03 8.253438e+00) (-4.677264e-05 -2.889553e-05 -5.709906e-03)) ((1.648836e-03 -7.400895e-02 3.756054e-04) (3.261775e-06 8.034979e-05 -3.402376e-05))
4.39          	((-1.185775e-02 -5.695734e-03 8.480056e+00) (-5.028745e-05 -2.814074e-05 -4.967612e-03)) ((1.592796e-03 -7.588314e-02 3.228599e-04) (2.909175e-06 7.216192e-05 -3.340300e-05))
4.4           	((-1.285288e-02 -5.670870e-03 8.690036e+00) (-5.415663e-05 -2.769729e-05 -4.218858e-03)) ((1.667490e-03 -7.752651e-02 1.944456e-04) (2.597486e-06 6.381644e-05 -3.271086e-05))
4.41          	((-1.344317e-02 -5.827797e-03 8.880756e+00) (-5.801722e-05 -2.692398e-05 -3.464681e-03)) ((1.623785e-03 -7.913607e-02 2.262145e-04) (2.231846e-06 5.535799e-05 -3.212760e-05))
4.42          	((-1.457122e-02 -5.047936e-03 9.054103e+00) (-6.240302e-05 -2.616135e-05 -2.706301e-03)) ((1.675199e-03 -8.061001e-02 1.943128e-04) (1.853692e-06 4.681144e-05 -3.144800e-05))
4.43          	((-1.572243e-02 -4.504077e-03 9.212996e+00) (-6.716871e-05 -2.566870e-05 -1.944876e-03)) ((1.762114e-03 -8.194614e-02 7.787488e-05) (1.396644e-06 3.809208e-05 -3.066764e-05))
4.44          	((-1.666505e-02 -4.915964e-03 9.352221e+00) (-7.170416e-05 -2.565569e-05 -1.181121e-03)) ((1.847618e-03 -8.308575e-02 1.311268e-05) (9.534583e-07 2.935362e-05 -2.988236e-05))
4.45          	((-1.622027e-02 -5.399505e-03 9.473522e+00) (-7.713499e-05 -2.611055e-05 -4.163699e-04)) ((1.732805e-03 -8.410842e-02 -1.387090e-05) (5.664171e-07 2.057855e-05 -2.906021e-05))
4.46          	((-1.685436e-02 -5.672677e-03 9.577054e+00) (-8.244746e-05 -2.594147e-05 3.486623e-04)) ((1.750790e-03 -8.482849e-02 8.759579e-06) (1.298521e-07 1.181851e-05 -2.825871e-05))
4.47          	((-1.819510e-02 -5.433619e-03 9.663375e+00) (-8.862310e-05 -2.567515e-05 1.111848e-03)) ((1.772117e-03 -8.539713e-02 -1.500341e-04) (-2.651481e-07 3.005193e-06 -2.751933e-05))
4.48          	((-1.940545e-02 -5.014477e-03 9.747060e+00) (-9.473585e-05 -2.506951e-05 1.872526e-03)) ((1.799547e-03 -8.617109e-02 -2.403992e-04) (-5.919867e-07 -5.741844e-06 -2.682134e-05))
4.49          	((-2.010313e-02 -5.425273e-03 9.819671e+00) (-1.008381e-04 -2.405342e-05 2.629530e-03)) ((1.746213e-03 -8.670794e-02 -8.908003e-05) (-9.232026e-07 -1.442269e-05 -2.615984e-05))
4.5           	((-1.873598e-02 -4.206603e-03 9.873399e+00) (-1.078877e-04 -2.237198e-05 3.382736e-03)) ((1.864092e-03 -8.714412e-02 -5.161733e-05) (-1.331631e-06 -2.321595e-05 -2.550849e-05))
4.51          	((-1.825425e-02 -4.183710e-03 9.867600e+00) (-1.148882e-04 -2.128353e-05 4.130327e-03)) ((1.586509e-03 -8.685617e-02 6.066024e-05) (-1.627284e-06 -3.200568e-05 -2.503803e-05))
4.52          	((-2.054917e-02 -3.546535e-03 9.802937e+00) (-1.220454e-04 -2.075881e-05 4.864562e-03)) ((1.710134e-03 -8.666076e-02 -1.445754e-04) (-1.920957e-06 -4.057895e-05 -2.453869e-05))
4.53          	((-2.365490e-02 -4.772839e-03 9.869518e+00) (-1.294927e-04 -2.024088e-05 5.592064e-03)) ((1.900717e-03 -8.668628e-02 -4.450298e-04) (-2.251137e-06 -4.892129e-05 -2.408425e-05))
4.54          	((-2.325367e-02 -3.122514e-03 9.856857e+00) (-1.370952e-04 -1.998665e-05 6.310051e-03)) ((1.641815e-03 -8.649116e-02 -3.198509e-04) (-2.550156e-06 -5.711642e-05 -2.370812e-05))
4.55          	((-2.264523e-02 -2.910559e-03 9.810055e+00) (-1.445126e-04 -1.988648e-05 7.016260e-03)) ((1.474790e-03 -8.579000e-02 -3.794355e-04) (-2.937486e-06 -6.516589e-05 -2.349878e-05))
4.56          	((-2.283830e-02 -3.237176e-03 9.748273e+00) (-1.513938e-04 -1.992946e-05 7.711084e-03)) ((1.625268e-03 -8.502638e-02 -4.009007e-04) (-3.303484e-06 -7.306237e-05 -2.344412e-05))
4.57          	((-2.255460e-02 -3.219634e-03 9.670225e+00) (-1.582912e-04 -2.019684e-05 8.393426e-03)) ((1.528875e-03 -8.416680e-02 -4.549337e-04) (-3.616631e-06 -8.086229e-05 -2.345931e-05))
4.58          	((-2.248876e-02 -3.368098e-03 9.577396e+00) (-1.653323e-04 -2.059229e-05 9.063560e-03)) ((1.535578e-03 -8.324300e-02 -4.991476e-04) (-3.931689e-06 -8.858511e-05 -2.348497e-05))
4.59          	((-2.307776e-02 -3.169803e-03 9.472808e+00) (-1.722674e-04 -2.106282e-05 9.719830e-03)) ((1.458714e-03 -8.205401e-02 -5.160286e-04) (-4.252998e-06 -9.615323e-05 -2.351610e-05))
4.6           	((-2.330166e-02 -3.025251e-03 9.354055e+00) (-1.791140e-04 -2.130793e-05 1.036174e-02)) ((1.414521e-03 -8.084857e-02 -5.763670e-04) (-4.569083e-06 -1.036596e-04 -2.363652e-05))
4.61          	((-2.309501e-02 -2.397658e-03 9.218124e+00) (-1.859681e-04 -2.168747e-05 1.098768e-02)) ((1.372569e-03 -7.941998e-02 -6.576399e-04) (-4.925323e-06 -1.110586e-04 -2.373193e-05))
4.62          	((-2.306193e-02 -2.562138e-03 9.068072e+00) (-1.926616e-04 -2.229883e-05 1.159691e-02)) ((1.385284e-03 -7.782843e-02 -7.279925e-04) (-5.299379e-06 -1.182755e-04 -2.391326e-05))
4.63          	((-2.276360e-02 -1.930639e-03 8.904589e+00) (-1.988077e-04 -2.277768e-05 1.218763e-02)) ((1.265908e-03 -7.611369e-02 -7.635705e-04) (-5.681822e-06 -1.253261e-04 -2.409833e-05))
4.64          	((-2.258146e-02 -2.173970e-03 8.726510e+00) (-2.046259e-04 -2.324168e-05 1.275873e-02)) ((1.172789e-03 -7.423471e-02 -8.354015e-04) (-6.050427e-06 -1.322193e-04 -2.431024e-05))
4.65          	((-2.191607e-02 -2.485933e-03 8.534259e+00) (-2.103752e-04 -2.393192e-05 1.330952e-02)) ((1.142600e-03 -7.223663e-02 -9.336125e-04) (-6.451775e-06 -1.389754e-04 -2.443001e-05))
4.66          	((-2.128587e-02 -2.526297e-03 8.328205e+00) (-2.165172e-04 -2.467077e-05 1.383842e-02)) ((1.101470e-03 -7.014343e-02 -1.026169e-03) (-6.801701e-06 -1.457007e-04 -2.462033e-05))
4.67          	((-2.095865e-02 -2.479285e-03 8.105915e+00) (-2.229493e-04 -2.560113e-05 1.434440e-02)) ((1.073894e-03 -6.791247e-02 -1.115789e-03) (-7.145446e-06 -1.523186e-04 -2.479537e-05))
4.68          	((-2.049486e-02 -2.216712e-03 7.870063e+00) (-2.291686e-04 -2.628048e-05 1.482651e-02)) ((1.022840e-03 -6.556383e-02 -1.205760e-03) (-7.456439e-06 -1.587805e-04 -2.500747e-05))
4.69          	((-1.998581e-02 -1.903688e-03 7.621212e+00) (-2.353283e-04 -2.703090e-05 1.528354e-02)) ((9.649842e-04 -6.307045e-02 -1.262067e-03) (-7.733372e-06 -1.650500e-04 -2.521921e-05))
4.7           	((-1.937799e-02 -2.202903e-03 7.360515e+00) (-2.415334e-04 -2.758464e-05 1.571413e-02)) ((8.856978e-04 -6.049008e-02 -1.355092e-03) (-7.963346e-06 -1.711257e-04 -2.533806e-05))
4.71          	((-1.887285e-02 -2.341349e-03 7.085666e+00) (-2.476902e-04 -2.823633e-05 1.611729e-02)) ((8.149795e-04 -5.777677e-02 -1.484220e-03) (-8.190637e-06 -1.770294e-04 -2.532210e-05))
4.72          	((-1.804859e-02 -2.104479e-03 6.796722e+00) (-2.537134e-04 -2.869914e-05 1.649179e-02)) ((7.414845e-04 -5.496388e-02 -1.521195e-03) (-8.383483e-06 -1.826719e-04 -2.525806e-05))
4.73          	((-1.719773e-02 -1.877330e-03 6.495636e+00) (-2.594114e-04 -2.906592e-05 1.683639e-02)) ((6.823618e-04 -5.207227e-02 -1.555353e-03) (-8.562324e-06 -1.881487e-04 -2.517028e-05))
4.74          	((-1.660428e-02 -1.748736e-03 6.183034e+00) (-2.649230e-04 -2.914204e-05 1.715037e-02)) ((6.214841e-04 -4.915821e-02 -1.600724e-03) (-8.830179e-06 -1.932919e-04 -2.501460e-05))
4.75          	((-1.578192e-02 -1.985900e-03 5.858932e+00) (-2.700252e-04 -2.920154e-05 1.743171e-02)) ((5.693375e-04 -4.612101e-02 -1.583043e-03) (-9.049889e-06 -1.980906e-04 -2.484616e-05))
4.76          	((-1.474822e-02 -2.113839e-03 5.523435e+00) (-2.748692e-04 -2.902170e-05 1.768091e-02)) ((5.116759e-04 -4.296551e-02 -1.595945e-03) (-9.217823e-06 -2.025884e-04 -2.464221e-05))
4.77          	((-1.393341e-02 -1.909456e-03 5.177331e+00) (-2.792632e-04 -2.867104e-05 1.789646e-02)) ((4.586114e-04 -3.979518e-02 -1.658066e-03) (-9.386380e-06 -2.067038e-04 -2.433573e-05))
4.78          	((-1.321693e-02 -1.943669e-03 4.821276e+00) (-2.837584e-04 -2.827068e-05 1.807800e-02)) ((4.216691e-04 -3.653226e-02 -1.654579e-03) (-9.638301e-06 -2.104130e-04 -2.393472e-05))
4.79          	((-1.244933e-02 -1.624125e-03 4.455549e+00) (-2.879335e-04 -2.782435e-05 1.822437e-02)) ((3.590346e-04 -3.321838e-02 -1.630133e-03) (-9.759822e-06 -2.137386e-04 -2.342946e-05))
4.8           	((-1.174835e-02 -1.435508e-03 4.080961e+00) (-2.917622e-04 -2.750688e-05 1.833561e-02)) ((3.037292e-04 -2.983747e-02 -1.574405e-03) (-9.915497e-06 -2.167276e-04 -2.291175e-05))
4.81          	((-1.111695e-02 -1.433804e-03 3.698223e+00) (-2.951881e-04 -2.736157e-05 1.841120e-02)) ((2.158249e-04 -2.639002e-02 -1.547120e-03) (-9.960642e-06 -2.193347e-04 -2.232734e-05))
4.82          	((-1.035636e-02 -1.397059e-03 3.307746e+00) (-2.983686e-04 -2.710303e-05 1.845059e-02)) ((1.288673e-04 -2.287533e-02 -1.487857e-03) (-9.979537e-06 -2.215424e-04 -2.173133e-05))
4.83          	((-9.557453e-03 -1.119163e-03 2.910086e+00) (-3.010603e-04 -2.665876e-05 1.845466e-02)) ((2.274174e-05 -1.933153e-02 -1.429237e-03) (-1.004640e-05 -2.233800e-04 -2.111537e-05))
4.84          	((-8.687150e-03 -1.081515e-03 2.506475e+00) (-3.030544e-04 -2.613742e-05 1.842313e-02)) ((-2.161444e-05 -1.576468e-02 -1.391828e-03) (-1.004347e-05 -2.248300e-04 -2.052079e-05))
4.85          	((-7.796913e-03 -8.368672e-04 2.098032e+00) (-3.042556e-04 -2.563751e-05 1.835558e-02)) ((-7.941171e-05 -1.216136e-02 -1.317957e-03) (-9.990619e-06 -2.258628e-04 -1.992006e-05))
4.86          	((-6.952488e-03 -8.444667e-04 1.684516e+00) (-3.050866e-04 -2.545277e-05 1.825265e-02)) ((-1.521879e-04 -8.531549e-03 -1.221841e-03) (-9.848274e-06 -2.264608e-04 -1.935497e-05))
4.87          	((-6.163781e-03 -7.109270e-04 1.266582e+00) (-3.055108e-04 -2.519199e-05 1.811391e-02)) ((-2.263802e-04 -4.898988e-03 -1.128522e-03) (-9.670316e-06 -2.266519e-04 -1.884200e-05))
4.88          	((-5.279375e-03 -6.992372e-04 8.448120e-01) (-3.057729e-04 -2.475852e-05 1.794091e-02)) ((-2.719732e-04 -1.233946e-03 -1.034699e-03) (-9.476325e-06 -2.265360e-04 -1.835981e-05))
4.89          	((-4.463832e-03 -5.068889e-04 4.215188e-01) (-3.055634e-04 -2.456483e-05 1.773352e-02)) ((-3.543892e-04 2.460739e-03 -9.469266e-04) (-9.247789e-06 -2.260321e-04 -1.785388e-05))
4.9           	((-3.699274e-03 -1.454952e-06 -3.663563e-03) (-3.051658e-04 -2.452101e-05 1.749237e-02)) ((-4.673244e-04 6.144329e-03 -8.663720e-04) (-8.957372e-06 -2.252148e-04 -1.738737e-05))
4.91          	((-3.210978e-03 1.079440e-04 -4.295107e-01) (-3.041810e-04 -2.419685e-05 1.721855e-02)) ((-5.464233e-04 9.788905e-03 -7.841694e-04) (-8.699073e-06 -2.240239e-04 -1.695050e-05))
4.92          	((-2.485648e-03 4.046002e-04 -8.551523e-01) (-3.027952e-04 -2.354381e-05 1.691272e-02)) ((-6.129138e-04 1.340253e-02 -6.733334e-04) (-8.446251e-06 -2.224094e-04 -1.650947e-05))
4.93          	((-1.877594e-03 6.053354e-04 -1.279618e+00) (-3.012763e-04 -2.292758e-05 1.657551e-02)) ((-6.491600e-04 1.700294e-02 -5.647064e-04) (-8.251323e-06 -2.204365e-04 -1.607508e-05))
4.94          	((-8.938996e-04 1.088329e-03 -1.702332e+00) (-2.996344e-04 -2.248400e-05 1.620728e-02)) ((-6.907405e-04 2.056780e-02 -4.938802e-04) (-7.963313e-06 -2.180887e-04 -1.565157e-05))
4.95          	((-2.205830e-05 1.267361e-03 -2.123472e+00) (-2.975636e-04 -2.203800e-05 1.580933e-02)) ((-8.156997e-04 2.413226e-02 -4.384978e-04) (-7.702355e-06 -2.153936e-04 -1.527165e-05))
4.96          	((7.408109e-04 1.445770e-03 -2.540469e+00) (-2.948627e-04 -2.125647e-05 1.538285e-02)) ((-8.417670e-04 2.772384e-02 -3.372499e-04) (-7.448513e-06 -2.123317e-04 -1.490488e-05))
4.97          	((1.789575e-03 1.698089e-03 -2.953152e+00) (-2.915996e-04 -2.042512e-05 1.492906e-02)) ((-9.112657e-04 3.118392e-02 -2.550676e-04) (-7.160232e-06 -2.089528e-04 -1.456883e-05))
4.98          	((2.650312e-03 2.287288e-03 -3.358382e+00) (-2.878887e-04 -1.961584e-05 1.444957e-02)) ((-9.877897e-04 3.454667e-02 -1.664163e-04) (-6.773095e-06 -2.052338e-04 -1.425713e-05))
4.99          	((3.497118e-03 2.568491e-03 -3.755551e+00) (-2.836398e-04 -1.881996e-05 1.394551e-02)) ((-1.094640e-03 3.786344e-02 -6.681116e-05) (-6.370384e-06 -2.011391e-04 -1.406514e-05))
5             	((4.346619e-03 2.824047e-03 -4.145250e+00) (-2.789062e-04 -1.806711e-05 1.341750e-02)) ((-1.122199e-03 4.107902e-02 9.531714e-06) (-5.923581e-06 -1.966103e-04 -1.384198e-05))
5.01          	((4.985212e-03 3.521271e-03 -4.528404e+00) (-2.737740e-04 -1.763594e-05 1.286666e-02)) ((-1.150894e-03 4.419034e-02 7.749731e-05) (-5.453281e-06 -1.917631e-04 -1.365876e-05))
5.02          	((5.219753e-03 3.491608e-03 -4.903265e+00) (-2.680453e-04 -1.705291e-05 1.229438e-02)) ((-1.195730e-03 4.728287e-02 1.021212e-04) (-5.008535e-06 -1.865756e-04 -1.347589e-05))
5.03          	((6.129058e-03 3.622291e-03 -5.267625e+00) (-2.621565e-04 -1.652759e-05 1.170205e-02)) ((-1.218734e-03 5.028984e-02 1.260454e-04) (-4.530291e-06 -1.810760e-04 -1.329358e-05))
5.04          	((7.405215e-03 3.930533e-03 -5.622556e+00) (-2.559090e-04 -1.615529e-05 1.109045e-02)) ((-1.337171e-03 5.321969e-02 1.885432e-04) (-4.107302e-06 -1.752396e-04 -1.313883e-05))
5.05          	((8.062238e-03 4.200830e-03 -5.967697e+00) (-2.492497e-04 -1.566144e-05 1.046085e-02)) ((-1.266726e-03 5.595519e-02 1.602831e-04) (-3.755349e-06 -1.690869e-04 -1.300218e-05))
5.06          	((8.845964e-03 4.498466e-03 -6.302555e+00) (-2.422480e-04 -1.533339e-05 9.814661e-03)) ((-1.278401e-03 5.877967e-02 1.504246e-04) (-3.428713e-06 -1.626816e-04 -1.292512e-05))
5.07          	((9.692904e-03 5.025141e-03 -6.626289e+00) (-2.349508e-04 -1.513055e-05 9.152331e-03)) ((-1.410469e-03 6.137706e-02 2.081950e-04) (-3.079268e-06 -1.560743e-04 -1.298772e-05))
5.08          	((1.070019e-02 5.383265e-03 -6.935056e+00) (-2.267974e-04 -1.491429e-05 8.474760e-03)) ((-1.510854e-03 6.393730e-02 2.228300e-04) (-2.700579e-06 -1.491044e-04 -1.311606e-05))
5.09          	((1.150436e-02 5.416054e-03 -7.230641e+00) (-2.180803e-04 -1.483590e-05 7.783307e-03)) ((-1.388795e-03 6.640920e-02 2.158800e-04) (-2.278354e-06 -1.418550e-04 -1.320109e-05))
5.1           	((1.228848e-02 5.349629e-03 -7.513658e+00) (-2.093548e-04 -1.448738e-05 7.079885e-03)) ((-1.375244e-03 6.875974e-02 2.614034e-04) (-1.867035e-06 -1.344237e-04 -1.330739e-05))
5.11          	((1.297316e-02 5.639120e-03 -7.781472e+00) (-2.009091e-04 -1.453168e-05 6.365739e-03)) ((-1.456568e-03 7.097940e-02 2.770385e-04) (-1.448577e-06 -1.267779e-04 -1.343806e-05))
5.12          	((1.356980e-02 5.641445e-03 -8.035651e+00) (-1.921203e-04 -1.463602e-05 5.642002e-03)) ((-1.572324e-03 7.306112e-02 2.787139e-04) (-1.044671e-06 -1.189059e-04 -1.354659e-05))
5.13          	((1.436018e-02 5.680122e-03 -8.275922e+00) (-1.834430e-04 -1.483043e-05 4.910195e-03)) ((-1.633620e-03 7.507163e-02 3.763512e-04) (-7.159662e-07 -1.109391e-04 -1.358194e-05))
5.14          	((1.507821e-02 6.135940e-03 -8.499537e+00) (-1.750834e-04 -1.518403e-05 4.171392e-03)) ((-1.703359e-03 7.688336e-02 3.535685e-04) (-3.535389e-07 -1.028853e-04 -1.360027e-05))
5.15          	((1.569311e-02 6.192173e-03 -8.707520e+00) (-1.675071e-04 -1.551624e-05 3.427295e-03)) ((-1.635332e-03 7.853420e-02 4.062131e-04) (5.908090e-08 -9.471747e-05 -1.378697e-05))
5.16          	((1.611580e-02 6.822234e-03 -8.899419e+00) (-1.599925e-04 -1.601479e-05 2.678380e-03)) ((-1.690782e-03 8.000414e-02 4.172410e-04) (4.853311e-07 -8.643104e-05 -1.404095e-05))
5.17          	((1.684058e-02 7.173242e-03 -9.072828e+00) (-1.519904e-04 -1.622553e-05 1.925197e-03)) ((-1.786784e-03 8.160881e-02 3.523162e-04) (9.440513e-07 -7.795952e-05 -1.426882e-05))
5.18          	((1.702828e-02 6.237245e-03 -9.228723e+00) (-1.438785e-04 -1.675667e-05 1.169730e-03)) ((-1.863263e-03 8.287200e-02 3.021001e-04) (1.425819e-06 -6.932373e-05 -1.450502e-05))
5.19          	((1.761295e-02 5.623250e-03 -9.368608e+00) (-1.353979e-04 -1.715573e-05 4.128450e-04)) ((-1.728572e-03 8.380948e-02 3.002533e-04) (1.910743e-06 -6.051164e-05 -1.475795e-05))
5.2           	((1.807535e-02 6.445623e-03 -9.489174e+00) (-1.269197e-04 -1.704896e-05 -3.440749e-04)) ((-1.690712e-03 8.482445e-02 4.589216e-04) (2.343744e-06 -5.147895e-05 -1.512013e-05))
5.21          	((1.801524e-02 5.432861e-03 -9.588133e+00) (-1.188619e-04 -1.620584e-05 -1.098378e-03)) ((-1.818463e-03 8.581658e-02 4.473305e-04) (2.670531e-06 -4.237726e-05 -1.546527e-05))
5.22          	((1.807097e-02 6.503826e-03 -9.674206e+00) (-1.109953e-04 -1.579338e-05 -1.849728e-03)) ((-1.742323e-03 8.637266e-02 4.762725e-04) (2.941539e-06 -3.320017e-05 -1.588431e-05))
5.23          	((1.825327e-02 6.529953e-03 -9.747552e+00) (-1.039966e-04 -1.631892e-05 -2.598477e-03)) ((-1.479599e-03 8.700636e-02 4.517169e-04) (3.255555e-06 -2.396362e-05 -1.623094e-05))
5.24          	((1.812132e-02 4.969575e-03 -9.795969e+00) (-9.836871e-05 -1.638146e-05 -3.343262e-03)) ((-1.472754e-03 8.709375e-02 6.103529e-04) (3.526674e-06 -1.477069e-05 -1.678415e-05))
5.25          	((1.555651e-02 5.701701e-03 -9.834512e+00) (-9.313378e-05 -1.634636e-05 -4.082798e-03)) ((-1.471429e-03 8.730250e-02 5.656393e-04) (3.694045e-06 -5.469123e-06 -1.733718e-05))
5.26          	((1.723097e-02 7.038185e-03 -9.901419e+00) (-8.750493e-05 -1.627552e-05 -4.817458e-03)) ((-1.696323e-03 8.850160e-02 7.255610e-04) (3.922706e-06 3.811216e-06 -1.796512e-05))
5.27          	((1.919868e-02 6.657662e-03 -9.812611e+00) (-8.278599e-05 -1.650829e-05 -5.537383e-03)) ((-1.627890e-03 8.691520e-02 6.061526e-04) (4.134655e-06 1.298420e-05 -1.852304e-05))
5.28          	((1.688439e-02 5.717795e-03 -9.896691e+00) (-7.910522e-05 -1.740154e-05 -6.250485e-03)) ((-1.416361e-03 8.770950e-02 6.054267e-04) (4.283358e-06 2.212215e-05 -1.920487e-05))
5.29          	((1.625120e-02 6.473055e-03 -9.858389e+00) (-7.607258e-05 -1.855833e-05 -6.954132e-03)) ((-1.456350e-03 8.695179e-02 6.897751e-04) (4.490877e-06 3.108601e-05 -1.987177e-05))
5.3           	((1.642843e-02 6.352640e-03 -9.802756e+00) (-7.329633e-05 -1.978462e-05 -7.645972e-03)) ((-1.438361e-03 8.627957e-02 8.406442e-04) (4.708235e-06 3.999044e-05 -2.053555e-05))
5.31          	((1.610382e-02 6.435988e-03 -9.742351e+00) (-7.090029e-05 -2.131249e-05 -8.325934e-03)) ((-1.507688e-03 8.522201e-02 8.370056e-04) (4.951767e-06 4.880585e-05 -2.108697e-05))
5.32          	((1.557085e-02 6.094108e-03 -9.663790e+00) (-6.926886e-05 -2.255289e-05 -8.992813e-03)) ((-1.541542e-03 8.428991e-02 8.637671e-04) (5.157499e-06 5.746824e-05 -2.167054e-05))
5.33          	((1.532662e-02 4.994676e-03 -9.573043e+00) (-6.813653e-05 -2.407216e-05 -9.646119e-03)) ((-1.476855e-03 8.326224e-02 9.651023e-04) (5.423225e-06 6.600368e-05 -2.222388e-05))
5.34          	((1.484178e-02 5.072981e-03 -9.467401e+00) (-6.699630e-05 -2.528825e-05 -1.028564e-02)) ((-1.556966e-03 8.209959e-02 9.816285e-04) (5.710277e-06 7.439382e-05 -2.285126e-05))
5.35          	((1.437630e-02 5.484100e-03 -9.347537e+00) (-6.594837e-05 -2.668271e-05 -1.090972e-02)) ((-1.455099e-03 8.071233e-02 1.071578e-03) (5.975855e-06 8.258498e-05 -2.357106e-05))
5.36          	((1.382689e-02 5.120459e-03 -9.211433e+00) (-6.537726e-05 -2.778423e-05 -1.151720e-02)) ((-1.460480e-03 7.925380e-02 1.153902e-03) (6.132044e-06 9.053286e-05 -2.423231e-05))
5.37          	((1.397074e-02 5.528562e-03 -9.059659e+00) (-6.517029e-05 -2.881762e-05 -1.210673e-02)) ((-1.515480e-03 7.767085e-02 1.217754e-03) (6.296504e-06 9.819614e-05 -2.483513e-05))
5.38          	((1.395991e-02 5.087892e-03 -8.895223e+00) (-6.509622e-05 -2.996947e-05 -1.267792e-02)) ((-1.430791e-03 7.595445e-02 1.256509e-03) (6.468748e-06 1.056121e-04 -2.540239e-05))
5.39          	((1.367797e-02 4.242087e-03 -8.716673e+00) (-6.519106e-05 -3.111743e-05 -1.322984e-02)) ((-1.363631e-03 7.410078e-02 1.270123e-03) (6.636297e-06 1.127204e-04 -2.596883e-05))
5.4           	((1.367950e-02 4.015937e-03 -8.523443e+00) (-6.530032e-05 -3.203147e-05 -1.376154e-02)) ((-1.323705e-03 7.213921e-02 1.282366e-03) (6.813926e-06 1.195405e-04 -2.650027e-05))
5.41          	((1.338836e-02 4.044735e-03 -8.315995e+00) (-6.494977e-05 -3.289892e-05 -1.427164e-02)) ((-1.314260e-03 7.004916e-02 1.288631e-03) (6.991633e-06 1.261160e-04 -2.703080e-05))
5.42          	((1.332052e-02 3.927294e-03 -8.094789e+00) (-6.439203e-05 -3.352778e-05 -1.475948e-02)) ((-1.262887e-03 6.785945e-02 1.318014e-03) (7.116595e-06 1.324818e-04 -2.753046e-05))
5.43          	((1.319803e-02 3.658872e-03 -7.859824e+00) (-6.377587e-05 -3.380114e-05 -1.522339e-02)) ((-1.207848e-03 6.554325e-02 1.386474e-03) (7.225482e-06 1.385743e-04 -2.806249e-05))
5.44          	((1.307470e-02 3.185035e-03 -7.611072e+00) (-6.286644e-05 -3.379131e-05 -1.566306e-02)) ((-1.180346e-03 6.310951e-02 1.391041e-03) (7.330770e-06 1.443858e-04 -2.858200e-05))
5.45          	((1.301581e-02 2.894096e-03 -7.348993e+00) (-6.183010e-05 -3.384411e-05 -1.607656e-02)) ((-1.128714e-03 6.053329e-02 1.384271e-03) (7.455499e-06 1.499419e-04 -2.914245e-05))
5.46          	((1.276845e-02 2.727438e-03 -7.073211e+00) (-6.045987e-05 -3.407528e-05 -1.646301e-02)) ((-1.070085e-03 5.784548e-02 1.393219e-03) (7.697317e-06 1.552182e-04 -2.973377e-05))
5.47          	((1.236297e-02 2.675600e-03 -6.785054e+00) (-5.894964e-05 -3.465727e-05 -1.682171e-02)) ((-1.011624e-03 5.509383e-02 1.412295e-03) (7.900847e-06 1.602636e-04 -3.038872e-05))
5.48          	((1.223141e-02 2.398006e-03 -6.485529e+00) (-5.730096e-05 -3.504931e-05 -1.715124e-02)) ((-9.606836e-04 5.222634e-02 1.412720e-03) (8.115797e-06 1.649809e-04 -3.105272e-05))
5.49          	((1.209630e-02 2.125208e-03 -6.173311e+00) (-5.548652e-05 -3.524342e-05 -1.745068e-02)) ((-8.787064e-04 4.928206e-02 1.391545e-03) (8.259256e-06 1.694058e-04 -3.169279e-05))
5.5           	((1.211679e-02 1.970305e-03 -5.849895e+00) (-5.362478e-05 -3.529738e-05 -1.771885e-02)) ((-8.799583e-04 4.628151e-02 1.392023e-03) (8.555456e-06 1.734901e-04 -3.231627e-05))
5.51          	((1.208014e-02 1.694348e-03 -5.514714e+00) (-5.145525e-05 -3.526553e-05 -1.795520e-02)) ((-8.256608e-04 4.317022e-02 1.458873e-03) (8.786764e-06 1.772629e-04 -3.299972e-05))
5.52          	((1.181759e-02 1.471521e-03 -5.169147e+00) (-4.900915e-05 -3.532349e-05 -1.815934e-02)) ((-7.707054e-04 3.999815e-02 1.468973e-03) (9.034484e-06 1.807216e-04 -3.381293e-05))
5.53          	((1.136430e-02 1.105852e-03 -4.813738e+00) (-4.639147e-05 -3.554783e-05 -1.833116e-02)) ((-7.164162e-04 3.672274e-02 1.442813e-03) (9.329489e-06 1.838625e-04 -3.459692e-05))
5.54          	((1.105522e-02 7.956766e-04 -4.448877e+00) (-4.349367e-05 -3.586187e-05 -1.847002e-02)) ((-6.001270e-04 3.336817e-02 1.394833e-03) (9.576114e-06 1.867558e-04 -3.536506e-05))
5.55          	((1.093184e-02 4.102127e-04 -4.074865e+00) (-4.076801e-05 -3.620246e-05 -1.857619e-02)) ((-5.321487e-04 2.998755e-02 1.395405e-03) (9.805419e-06 1.892566e-04 -3.605461e-05))
5.56          	((1.077782e-02 -9.862114e-07 -3.692876e+00) (-3.814293e-05 -3.640086e-05 -1.864801e-02)) ((-4.207795e-04 2.653711e-02 1.396516e-03) (1.000057e-05 1.914860e-04 -3.670058e-05))
5.57          	((1.068437e-02 -3.002042e-04 -3.302701e+00) (-3.542319e-05 -3.663783e-05 -1.868734e-02)) ((-3.461201e-04 2.311036e-02 1.423803e-03) (1.017418e-05 1.933471e-04 -3.731545e-05))
5.58          	((1.057198e-02 -4.164898e-04 -2.906521e+00) (-3.263217e-05 -3.708737e-05 -1.869274e-02)) ((-2.540479e-04 1.962214e-02 1.415167e-03) (1.028778e-05 1.949009e-04 -3.788735e-05))
5.59          	((1.040963e-02 -5.800393e-04 -2.504207e+00) (-3.001649e-05 -3.731399e-05 -1.866468e-02)) ((-1.546438e-04 1.614464e-02 1.398268e-03) (1.029944e-05 1.960466e-04 -3.842250e-05))
5.6           	((1.000699e-02 -9.797924e-04 -2.097089e+00) (-2.746843e-05 -3.778873e-05 -1.860264e-02)) ((-1.320447e-04 1.261951e-02 1.389379e-03) (1.031135e-05 1.968394e-04 -3.889446e-05))
5.61          	((9.410225e-03 -1.245053e-03 -1.684363e+00) (-2.533006e-05 -3.833107e-05 -1.850718e-02)) ((-4.985292e-05 9.022951e-03 1.361668e-03) (1.026290e-05 1.971802e-04 -3.935167e-05))
5.62          	((8.919331e-03 -1.514747e-03 -1.267212e+00) (-2.330383e-05 -3.861394e-05 -1.837862e-02)) ((2.154308e-05 5.456516e-03 1.344062e-03) (1.011635e-05 1.971081e-04 -3.980118e-05))
5.63          	((8.526117e-03 -1.610847e-03 -8.477175e-01) (-2.145988e-05 -3.898719e-05 -1.821724e-02)) ((1.520709e-04 1.835518e-03 1.316387e-03) (9.977622e-06 1.966277e-04 -4.022271e-05))
5.64          	((8.044599e-03 -1.720110e-03 -4.248947e-01) (-1.983955e-05 -3.930571e-05 -1.802382e-02)) ((2.251777e-04 -1.747167e-03 1.322342e-03) (9.697446e-06 1.957273e-04 -4.058923e-05))
5.65          	((7.438320e-03 -2.011377e-03 -8.331994e-04) (-1.863589e-05 -3.961843e-05 -1.779814e-02)) ((3.148730e-04 -5.377311e-03 1.330224e-03) (9.466038e-06 1.943937e-04 -4.094006e-05))
5.66          	((6.859510e-03 -2.387994e-03 4.236244e-01) (-1.795567e-05 -3.973026e-05 -1.754098e-02)) ((4.424152e-04 -9.019364e-03 1.320760e-03) (9.121394e-06 1.927363e-04 -4.120742e-05))
5.67          	((6.066086e-03 -2.544245e-03 8.484581e-01) (-1.744668e-05 -3.979047e-05 -1.725236e-02)) ((5.072079e-04 -1.266568e-02 1.298518e-03) (8.882274e-06 1.906524e-04 -4.146702e-05))
5.68          	((5.266775e-03 -2.802082e-03 1.272449e+00) (-1.699366e-05 -3.988961e-05 -1.693328e-02)) ((6.212305e-04 -1.624697e-02 1.308131e-03) (8.553623e-06 1.882501e-04 -4.168290e-05))
5.69          	((4.421524e-03 -2.969363e-03 1.694931e+00) (-1.668442e-05 -3.978722e-05 -1.658481e-02)) ((6.800145e-04 -1.977922e-02 1.284173e-03) (8.318497e-06 1.854117e-04 -4.183102e-05))
5.7           	((3.610070e-03 -3.061150e-03 2.116082e+00) (-1.661560e-05 -3.974239e-05 -1.620698e-02)) ((7.767755e-04 -2.339105e-02 1.257986e-03) (7.967193e-06 1.822237e-04 -4.193620e-05))
5.71          	((2.715566e-03 -3.140013e-03 2.531932e+00) (-1.670103e-05 -3.953549e-05 -1.580111e-02)) ((8.420678e-04 -2.686430e-02 1.227003e-03) (7.638945e-06 1.786902e-04 -4.200756e-05))
5.72          	((1.996825e-03 -3.282398e-03 2.942741e+00) (-1.709760e-05 -3.934852e-05 -1.536839e-02)) ((9.295048e-04 -3.028481e-02 1.162630e-03) (7.287873e-06 1.748398e-04 -4.204391e-05))
5.73          	((1.345160e-03 -3.460012e-03 3.347281e+00) (-1.795667e-05 -3.906828e-05 -1.490910e-02)) ((9.925077e-04 -3.366841e-02 1.116489e-03) (6.972298e-06 1.706676e-04 -4.198888e-05))
5.74          	((4.605333e-04 -3.484467e-03 3.744243e+00) (-1.896044e-05 -3.894793e-05 -1.442484e-02)) ((9.225888e-04 -3.695179e-02 1.082660e-03) (6.593317e-06 1.661601e-04 -4.186757e-05))
5.75          	((-4.788640e-04 -3.645322e-03 4.134959e+00) (-1.991107e-05 -3.875322e-05 -1.391624e-02)) ((9.955576e-04 -4.020227e-02 1.056887e-03) (6.289645e-06 1.613055e-04 -4.171525e-05))
5.76          	((-1.639946e-03 -4.039541e-03 4.517036e+00) (-2.078682e-05 -3.824243e-05 -1.338435e-02)) ((1.040340e-03 -4.334780e-02 1.015141e-03) (6.094421e-06 1.561316e-04 -4.156265e-05))
5.77          	((-2.823717e-03 -4.383377e-03 4.889890e+00) (-2.156473e-05 -3.788540e-05 -1.282987e-02)) ((1.165029e-03 -4.640363e-02 9.180051e-04) (5.828550e-06 1.506402e-04 -4.137587e-05))
5.78          	((-3.199664e-03 -4.460702e-03 5.255107e+00) (-2.246408e-05 -3.760001e-05 -1.225415e-02)) ((1.236619e-03 -4.943563e-02 9.107919e-04) (5.544351e-06 1.448853e-04 -4.114068e-05))
5.79          	((-3.619950e-03 -4.580731e-03 5.610748e+00) (-2.347817e-05 -3.741049e-05 -1.165818e-02)) ((1.203801e-03 -5.250414e-02 8.336396e-04) (5.239987e-06 1.389090e-04 -4.079345e-05))
5.8           	((-4.629998e-03 -4.750128e-03 5.955677e+00) (-2.494941e-05 -3.689333e-05 -1.104330e-02)) ((1.455688e-03 -5.528434e-02 8.086909e-04) (4.970199e-06 1.327040e-04 -4.046964e-05))
5.81          	((-5.779908e-03 -4.451745e-03 6.288814e+00) (-2.670578e-05 -3.666716e-05 -1.041076e-02)) ((1.390260e-03 -5.790574e-02 7.610031e-04) (4.647921e-06 1.262375e-04 -4.005864e-05))
5.82          	((-6.600354e-03 -4.618315e-03 6.610333e+00) (-2.879772e-05 -3.654639e-05 -9.761635e-03)) ((1.337624e-03 -6.056206e-02 6.833129e-04) (4.356283e-06 1.195110e-04 -3.955815e-05))
5.83          	((-7.778154e-03 -4.573168e-03 6.917320e+00) (-3.069645e-05 -3.635646e-05 -9.096461e-03)) ((1.297545e-03 -6.311868e-02 6.374947e-04) (4.107250e-06 1.125600e-04 -3.908981e-05))
5.84          	((-8.469405e-03 -4.896942e-03 7.212976e+00) (-3.278197e-05 -3.603034e-05 -8.416883e-03)) ((1.425088e-03 -6.565045e-02 6.052027e-04) (3.861145e-06 1.054153e-04 -3.860971e-05))
5.85          	((-9.242426e-03 -5.246582e-03 7.496078e+00) (-3.562479e-05 -3.576892e-05 -7.724665e-03)) ((1.526943e-03 -6.785266e-02 5.333509e-04) (3.532875e-06 9.804698e-05 -3.816564e-05))
5.86          	((-1.004620e-02 -5.196222e-03 7.763920e+00) (-3.906753e-05 -3.548553e-05 -7.020842e-03)) ((1.507019e-03 -7.003138e-02 5.499190e-04) (3.210161e-06 9.048872e-05 -3.778208e-05))
5.87          	((-1.065422e-02 -5.333433e-03 8.017527e+00) (-4.248874e-05 -3.500659e-05 -6.305963e-03)) ((1.529867e-03 -7.218384e-02 5.249989e-04) (2.877506e-06 8.274258e-05 -3.731917e-05))
5.88          	((-1.121882e-02 -5.182634e-03 8.259368e+00) (-4.595925e-05 -3.427883e-05 -5.581616e-03)) ((1.586558e-03 -7.411123e-02 3.446647e-04) (2.547030e-06 7.485656e-05 -3.676853e-05))
5.89          	((-1.219288e-02 -5.666374e-03 8.485492e+00) (-4.966611e-05 -3.364216e-05 -4.848793e-03)) ((1.579418e-03 -7.597672e-02 3.124595e-04) (2.221952e-06 6.683973e-05 -3.622612e-05))
5.9           	((-1.344332e-02 -5.998804e-03 8.694340e+00) (-5.368085e-05 -3.332699e-05 -4.109576e-03)) ((1.698246e-03 -7.759563e-02 2.648666e-04) (1.903326e-06 5.864939e-05 -3.555283e-05))
5.91          	((-1.404463e-02 -5.249300e-03 8.884373e+00) (-5.810314e-05 -3.283166e-05 -3.365063e-03)) ((1.530954e-03 -7.919883e-02 2.186877e-04) (1.556966e-06 5.034228e-05 -3.494994e-05))
5.92          	((-1.531533e-02 -4.575372e-03 9.058588e+00) (-6.273204e-05 -3.226499e-05 -2.616383e-03)) ((1.681200e-03 -8.078989e-02 1.947938e-04) (1.198353e-06 4.187685e-05 -3.434791e-05))
5.93          	((-1.593165e-02 -4.341806e-03 9.217798e+00) (-6.768630e-05 -3.152216e-05 -1.864811e-03)) ((1.758458e-03 -8.201425e-02 7.577518e-05) (7.607992e-07 3.326599e-05 -3.365600e-05))
5.94          	((-1.642038e-02 -5.186028e-03 9.357867e+00) (-7.258535e-05 -3.169206e-05 -1.111207e-03)) ((1.801076e-03 -8.309781e-02 3.293575e-05) (3.392712e-07 2.463096e-05 -3.296012e-05))
5.95          	((-1.659659e-02 -5.553847e-03 9.478365e+00) (-7.837375e-05 -3.201922e-05 -3.563134e-04)) ((1.761906e-03 -8.411316e-02 7.128158e-05) (-1.015162e-07 1.597679e-05 -3.218737e-05))
5.96          	((-1.689530e-02 -5.509994e-03 9.579980e+00) (-8.409056e-05 -3.204220e-05 3.987450e-04)) ((1.815291e-03 -8.481273e-02 -6.902901e-06) (-5.405200e-07 7.309812e-06 -3.140088e-05))
5.97          	((-1.856392e-02 -5.001050e-03 9.670561e+00) (-9.021359e-05 -3.178330e-05 1.152712e-03)) ((1.739224e-03 -8.546310e-02 -1.774762e-04) (-9.003402e-07 -1.362777e-06 -3.076830e-05))
5.98          	((-2.001510e-02 -4.831816e-03 9.753859e+00) (-9.629450e-05 -3.149366e-05 1.904220e-03)) ((1.705374e-03 -8.624255e-02 -1.738324e-04) (-1.193996e-06 -1.001242e-05 -3.013350e-05))
5.99          	((-1.974680e-02 -5.016048e-03 9.820097e+00) (-1.022370e-04 -3.040753e-05 2.652132e-03)) ((1.779198e-03 -8.673064e-02 -1.258821e-04) (-1.517923e-06 -1.862042e-05 -2.944290e-05))
6             	((-1.857461e-02 -4.914430e-03 9.875794e+00) (-1.090226e-04 -2.881441e-05 3.396560e-03)) ((1.791960e-03 -8.733560e-02 -1.948903e-04) (-1.943896e-06 -2.736868e-05 -2.878500e-05))
6.01          	((-1.707897e-02 -4.196669e-03 9.874354e+00) (-1.159609e-04 -2.754747e-05 4.135310e-03)) ((1.573770e-03 -8.679334e-02 8.915728e-05) (-2.225463e-06 -3.608263e-05 -2.827570e-05))
6.02          	((-2.108441e-02 -3.888594e-03 9.796900e+00) (-1.228748e-04 -2.676207e-05 4.861501e-03)) ((1.839033e-03 -8.669729e-02 -8.548278e-05) (-2.509934e-06 -4.456416e-05 -2.779075e-05))
6.03          	((-2.459506e-02 -3.532027e-03 9.869278e+00) (-1.301604e-04 -2.633416e-05 5.580937e-03)) ((1.763129e-03 -8.659932e-02 -5.170828e-04) (-2.790526e-06 -5.285385e-05 -2.735755e-05))
6.04          	((-2.431355e-02 -3.629156e-03 9.856491e+00) (-1.375524e-04 -2.631293e-05 6.291589e-03)) ((1.676976e-03 -8.660346e-02 -3.694600e-04) (-3.063465e-06 -6.100329e-05 -2.700625e-05))
6.05          	((-2.251755e-02 -2.860527e-03 9.811409e+00) (-1.448824e-04 -2.638313e-05 6.990561e-03)) ((1.586830e-03 -8.585360e-02 -4.001475e-04) (-3.380945e-06 -6.897320e-05 -2.679436e-05))
6.06          	((-2.225850e-02 -2.746348e-03 9.750243e+00) (-1.515922e-04 -2.641760e-05 7.677924e-03)) ((1.579073e-03 -8.500481e-02 -4.779890e-04) (-3.710724e-06 -7.682747e-05 -2.670154e-05))
6.07          	((-2.271839e-02 -3.333486e-03 9.672562e+00) (-1.583316e-04 -2.658625e-05 8.352909e-03)) ((1.500215e-03 -8.420669e-02 -4.528048e-04) (-4.000539e-06 -8.453280e-05 -2.671170e-05))
6.08          	((-2.262197e-02 -2.614346e-03 9.581715e+00) (-1.651734e-04 -2.702541e-05 9.015720e-03)) ((1.504923e-03 -8.324406e-02 -5.020838e-04) (-4.304049e-06 -9.215830e-05 -2.675325e-05))
6.09          	((-2.311463e-02 -3.271113e-03 9.476647e+00) (-1.717718e-04 -2.729222e-05 9.665186e-03)) ((1.425063e-03 -8.211327e-02 -5.964190e-04) (-4.613750e-06 -9.970476e-05 -2.674303e-05))
6.1           	((-2.293104e-02 -2.811885e-03 9.356537e+00) (-1.784192e-04 -2.749318e-05 1.030009e-02)) ((1.447332e-03 -8.083390e-02 -6.446389e-04) (-4.913385e-06 -1.071622e-04 -2.679441e-05))
6.11          	((-2.312510e-02 -2.352533e-03 9.220724e+00) (-1.851948e-04 -2.778885e-05 1.091933e-02)) ((1.363351e-03 -7.943239e-02 -6.670378e-04) (-5.229292e-06 -1.145304e-04 -2.686833e-05))
6.12          	((-2.287796e-02 -2.177575e-03 9.071528e+00) (-1.917179e-04 -2.829456e-05 1.152223e-02)) ((1.349333e-03 -7.784586e-02 -7.561619e-04) (-5.537221e-06 -1.217482e-04 -2.703010e-05))
6.13          	((-2.267104e-02 -2.025506e-03 8.907183e+00) (-1.979962e-04 -2.890859e-05 1.210671e-02)) ((1.255431e-03 -7.611031e-02 -8.438597e-04) (-5.921369e-06 -1.287604e-04 -2.721272e-05))
6.14          	((-2.230528e-02 -2.036086e-03 8.728617e+00) (-2.037997e-04 -2.973119e-05 1.267169e-02)) ((1.167660e-03 -7.423013e-02 -9.088128e-04) (-6.243165e-06 -1.356089e-04 -2.738793e-05))
6.15          	((-2.175963e-02 -2.192814e-03 8.537030e+00) (-2.095652e-04 -3.043791e-05 1.321622e-02)) ((1.130403e-03 -7.225151e-02 -1.005393e-03) (-6.581492e-06 -1.423471e-04 -2.752823e-05))
6.16          	((-2.124154e-02 -2.033359e-03 8.329793e+00) (-2.155772e-04 -3.123633e-05 1.373892e-02)) ((1.110216e-03 -7.015067e-02 -1.086271e-03) (-6.947231e-06 -1.489799e-04 -2.769150e-05))
6.17          	((-2.076331e-02 -2.314176e-03 8.108183e+00) (-2.216218e-04 -3.212365e-05 1.423902e-02)) ((1.076445e-03 -6.792492e-02 -1.180555e-03) (-7.287902e-06 -1.555231e-04 -2.782323e-05))
6.18          	((-2.028506e-02 -1.952319e-03 7.871745e+00) (-2.275582e-04 -3.292661e-05 1.471545e-02)) ((1.025755e-03 -6.553472e-02 -1.265369e-03) (-7.592388e-06 -1.619138e-04 -2.800532e-05))
6.19          	((-1.963135e-02 -1.793304e-03 7.623074e+00) (-2.333718e-04 -3.372319e-05 1.516677e-02)) ((9.616595e-04 -6.303337e-02 -1.358447e-03) (-7.829395e-06 -1.681263e-04 -2.816515e-05))
6.2           	((-1.916882e-02 -1.859243e-03 7.361504e+00) (-2.392403e-04 -3.440361e-05 1.559190e-02)) ((8.854333e-04 -6.046785e-02 -1.439415e-03) (-8.106374e-06 -1.740666e-04 -2.825209e-05))
6.21          	((-1.849678e-02 -1.963030e-03 7.086384e+00) (-2.450851e-04 -3.513015e-05 1.598982e-02)) ((8.009175e-04 -5.778012e-02 -1.531065e-03) (-8.377109e-06 -1.798349e-04 -2.823384e-05))
6.22          	((-1.770350e-02 -1.774874e-03 6.798168e+00) (-2.506329e-04 -3.552137e-05 1.635905e-02)) ((7.243595e-04 -5.497203e-02 -1.579573e-03) (-8.562075e-06 -1.853950e-04 -2.809629e-05))
6.23          	((-1.688902e-02 -1.630355e-03 6.497102e+00) (-2.558306e-04 -3.583401e-05 1.669865e-02)) ((6.731066e-04 -5.204667e-02 -1.615535e-03) (-8.776327e-06 -1.906866e-04 -2.790773e-05))
6.24          	((-1.618606e-02 -1.716279e-03 6.184781e+00) (-2.609541e-04 -3.592767e-05 1.700695e-02)) ((6.531972e-04 -4.912024e-02 -1.623308e-03) (-8.986920e-06 -1.956776e-04 -2.770623e-05))
6.25          	((-1.539078e-02 -1.732151e-03 5.859982e+00) (-2.655807e-04 -3.590303e-05 1.728331e-02)) ((5.748374e-04 -4.608364e-02 -1.642036e-03) (-9.227191e-06 -2.002839e-04 -2.745006e-05))
6.26          	((-1.431994e-02 -1.766470e-03 5.524135e+00) (-2.700159e-04 -3.569345e-05 1.752729e-02)) ((5.188714e-04 -4.293185e-02 -1.662882e-03) (-9.367521e-06 -2.046195e-04 -2.712472e-05))
6.27          	((-1.352051e-02 -1.591588e-03 5.177753e+00) (-2.741757e-04 -3.524491e-05 1.773839e-02)) ((4.411921e-04 -3.974265e-02 -1.693273e-03) (-9.564035e-06 -2.086181e-04 -2.676698e-05))
6.28          	((-1.274871e-02 -1.744275e-03 4.821394e+00) (-2.780190e-04 -3.488059e-05 1.791561e-02)) ((4.232989e-04 -3.647993e-02 -1.694802e-03) (-9.756124e-06 -2.121562e-04 -2.623720e-05))
6.29          	((-1.205416e-02 -1.395139e-03 4.455358e+00) (-2.817238e-04 -3.457895e-05 1.805813e-02)) ((3.658144e-04 -3.316941e-02 -1.660320e-03) (-9.865489e-06 -2.153608e-04 -2.564668e-05))
6.3           	((-1.121921e-02 -1.297409e-03 4.080570e+00) (-2.852993e-04 -3.449956e-05 1.816548e-02)) ((2.692869e-04 -2.978096e-02 -1.601974e-03) (-9.912702e-06 -2.182780e-04 -2.506270e-05))
6.31          	((-1.067194e-02 -1.295385e-03 3.697747e+00) (-2.881947e-04 -3.449770e-05 1.823743e-02)) ((2.222834e-04 -2.633515e-02 -1.568445e-03) (-9.935605e-06 -2.207890e-04 -2.440060e-05))
6.32          	((-9.842496e-03 -1.095057e-03 3.306999e+00) (-2.910298e-04 -3.427545e-05 1.827423e-02)) ((1.035379e-04 -2.282204e-02 -1.509275e-03) (-9.921787e-06 -2.229431e-04 -2.374676e-05))
6.33          	((-9.092067e-03 -9.757766e-04 2.909190e+00) (-2.933493e-04 -3.390267e-05 1.827607e-02)) ((3.295704e-05 -1.928892e-02 -1.436503e-03) (-9.967160e-06 -2.247478e-04 -2.308003e-05))
6.34          	((-8.255728e-03 -9.079421e-04 2.505669e+00) (-2.947564e-04 -3.333256e-05 1.824205e-02)) ((-2.849599e-05 -1.570008e-02 -1.380389e-03) (-1.000805e-05 -2.260370e-04 -2.237402e-05))
6.35          	((-7.306580e-03 -6.541750e-04 2.097035e+00) (-2.955948e-04 -3.283542e-05 1.817319e-02)) ((-1.069191e-04 -1.210121e-02 -1.326194e-03) (-9.986734e-06 -2.269742e-04 -2.164975e-05))
6.36          	((-6.491108e-03 -7.024766e-04 1.682804e+00) (-2.961329e-04 -3.223538e-05 1.806873e-02)) ((-1.311061e-04 -8.462567e-03 -1.234736e-03) (-9.838805e-06 -2.275542e-04 -2.102297e-05))
6.37          	((-5.639661e-03 -6.649990e-04 1.264384e+00) (-2.965208e-04 -3.168742e-05 1.792960e-02)) ((-1.873136e-04 -4.821006e-03 -1.114718e-03) (-9.697754e-06 -2.277198e-04 -2.044364e-05))
6.38          	((-4.900865e-03 -2.871020e-04 8.429779e-01) (-2.965827e-04 -3.118653e-05 1.775636e-02)) ((-3.292671e-04 -1.139655e-03 -1.023107e-03) (-9.497905e-06 -2.275571e-04 -1.989614e-05))
6.39          	((-4.071784e-03 -2.494102e-04 4.200705e-01) (-2.963170e-04 -3.067796e-05 1.754919e-02)) ((-3.956871e-04 2.546728e-03 -9.585879e-04) (-9.297537e-06 -2.271118e-04 -1.934874e-05))
6.4           	((-3.395538e-03 2.876358e-05 -5.362233e-03) (-2.956431e-04 -3.012473e-05 1.730866e-02)) ((-4.406906e-04 6.213419e-03 -8.173178e-04) (-8.989287e-06 -2.263031e-04 -1.884638e-05))
6.41          	((-2.731160e-03 2.967378e-04 -4.311759e-01) (-2.943703e-04 -2.950510e-05 1.703583e-02)) ((-5.773219e-04 9.860378e-03 -7.644402e-04) (-8.738622e-06 -2.251211e-04 -1.831701e-05))
6.42          	((-2.069625e-03 4.630172e-04 -8.566020e-01) (-2.927890e-04 -2.874836e-05 1.673153e-02)) ((-6.136986e-04 1.349875e-02 -6.521315e-04) (-8.406804e-06 -2.235315e-04 -1.780278e-05))
6.43          	((-1.528420e-03 7.260895e-04 -1.280738e+00) (-2.909324e-04 -2.801182e-05 1.639580e-02)) ((-6.453547e-04 1.705343e-02 -5.839812e-04) (-8.109697e-06 -2.215927e-04 -1.728879e-05))
6.44          	((-4.701193e-04 1.165148e-03 -1.704512e+00) (-2.890489e-04 -2.732318e-05 1.603021e-02)) ((-6.749063e-04 2.065468e-02 -5.153870e-04) (-7.782341e-06 -2.192727e-04 -1.679366e-05))
6.45          	((5.192837e-04 1.452515e-03 -2.126415e+00) (-2.868090e-04 -2.657449e-05 1.563519e-02)) ((-8.153348e-04 2.424026e-02 -4.404857e-04) (-7.460176e-06 -2.166697e-04 -1.637037e-05))
6.46          	((1.269122e-03 1.593115e-03 -2.543100e+00) (-2.839694e-04 -2.563832e-05 1.521204e-02)) ((-8.916146e-04 2.780071e-02 -3.706584e-04) (-7.117914e-06 -2.136663e-04 -1.597669e-05))
6.47          	((2.295198e-03 1.879262e-03 -2.955870e+00) (-2.806240e-04 -2.476774e-05 1.476221e-02)) ((-9.292268e-04 3.125085e-02 -2.586449e-04) (-6.822606e-06 -2.103475e-04 -1.560718e-05))
6.48          	((3.162815e-03 2.311139e-03 -3.361259e+00) (-2.767872e-04 -2.399752e-05 1.428686e-02)) ((-1.002193e-03 3.465105e-02 -1.493182e-04) (-6.336933e-06 -2.066365e-04 -1.527059e-05))
6.49          	((4.143667e-03 2.703296e-03 -3.758209e+00) (-2.724795e-04 -2.318622e-05 1.378706e-02)) ((-1.113279e-03 3.795315e-02 -9.132987e-05) (-5.871403e-06 -2.025181e-04 -1.503022e-05))
6.5           	((4.957861e-03 3.093382e-03 -4.148360e+00) (-2.677072e-04 -2.235199e-05 1.326386e-02)) ((-1.112923e-03 4.116522e-02 -1.605958e-05) (-5.432716e-06 -1.980157e-04 -1.476191e-05))
6.51          	((5.438671e-03 3.213304e-03 -4.530565e+00) (-2.625517e-04 -2.178787e-05 1.271864e-02)) ((-1.102989e-03 4.427353e-02 6.054442e-05) (-4.971176e-06 -1.931776e-04 -1.454336e-05))
6.52          	((5.621585e-03 3.281561e-03 -4.905126e+00) (-2.569658e-04 -2.130023e-05 1.215250e-02)) ((-1.168901e-03 4.734239e-02 4.618214e-05) (-4.492289e-06 -1.879995e-04 -1.434155e-05))
6.53          	((6.649820e-03 3.664063e-03 -5.269989e+00) (-2.511141e-04 -2.080478e-05 1.156632e-02)) ((-1.234492e-03 5.036884e-02 1.045559e-04) (-4.080046e-06 -1.824806e-04 -1.414134e-05))
6.54          	((7.853263e-03 3.842238e-03 -5.624838e+00) (-2.448968e-04 -2.045473e-05 1.096133e-02)) ((-1.254362e-03 5.328069e-02 1.506279e-04) (-3.673614e-06 -1.766649e-04 -1.398388e-05))
6.55          	((8.515039e-03 4.306070e-03 -5.969875e+00) (-2.382820e-04 -2.002420e-05 1.033888e-02)) ((-1.274113e-03 5.607388e-02 1.206358e-04) (-3.360036e-06 -1.705827e-04 -1.386477e-05))
6.56          	((9.303849e-03 4.624083e-03 -6.304311e+00) (-2.314560e-04 -1.982680e-05 9.700191e-03)) ((-1.321919e-03 5.885871e-02 1.309875e-04) (-3.038770e-06 -1.642673e-04 -1.381366e-05))
6.57          	((1.026795e-02 5.082319e-03 -6.627784e+00) (-2.241078e-04 -1.971406e-05 9.045470e-03)) ((-1.400869e-03 6.146692e-02 1.564488e-04) (-2.669289e-06 -1.577254e-04 -1.381441e-05))
6.58          	((1.122231e-02 5.336706e-03 -6.936667e+00) (-2.161460e-04 -1.950867e-05 8.375672e-03)) ((-1.476823e-03 6.403834e-02 1.778094e-04) (-2.277976e-06 -1.508483e-04 -1.394442e-05))
6.59          	((1.201510e-02 5.434112e-03 -7.232254e+00) (-2.075178e-04 -1.927803e-05 7.692274e-03)) ((-1.454971e-03 6.648294e-02 1.657863e-04) (-1.872210e-06 -1.437048e-04 -1.402310e-05))
6.6           	((1.277452e-02 5.363656e-03 -7.514164e+00) (-1.986436e-04 -1.899432e-05 6.997352e-03)) ((-1.370564e-03 6.883350e-02 1.941810e-04) (-1.512440e-06 -1.363345e-04 -1.410558e-05))
6.61          	((1.323448e-02 5.883925e-03 -7.782346e+00) (-1.900829e-04 -1.884675e-05 6.291826e-03)) ((-1.553955e-03 7.102305e-02 1.981791e-04) (-1.178834e-06 -1.287383e-04 -1.418533e-05))
6.62          	((1.391552e-02 5.827953e-03 -8.037483e+00) (-1.811598e-04 -1.880731e-05 5.576949e-03)) ((-1.574193e-03 7.313751e-02 2.001513e-04) (-7.992792e-07 -1.209498e-04 -1.418993e-05))
6.63          	((1.470039e-02 5.324367e-03 -8.276216e+00) (-1.723016e-04 -1.884246e-05 4.854044e-03)) ((-1.622203e-03 7.511080e-02 2.600860e-04) (-4.628089e-07 -1.130679e-04 -1.419326e-05))
6.64          	((1.550047e-02 5.818821e-03 -8.499961e+00) (-1.638032e-04 -1.931268e-05 4.124087e-03)) ((-1.607295e-03 7.692633e-02 3.242022e-04) (-1.018937e-07 -1.050642e-04 -1.423123e-05))
6.65          	((1.608952e-02 6.365829e-03 -8.707547e+00) (-1.559520e-04 -1.944429e-05 3.389049e-03)) ((-1.676724e-03 7.852009e-02 3.385746e-04) (2.888962e-07 -9.693173e-05 -1.437250e-05))
6.66          	((1.663080e-02 6.354398e-03 -8.898362e+00) (-1.481743e-04 -1.946587e-05 2.649074e-03)) ((-1.662018e-03 8.007581e-02 3.599491e-04) (6.581807e-07 -8.868425e-05 -1.466057e-05))
6.67          	((1.706450e-02 6.586674e-03 -9.073286e+00) (-1.401115e-04 -1.958375e-05 1.905096e-03)) ((-1.814655e-03 8.168264e-02 3.242231e-04) (1.133594e-06 -8.026436e-05 -1.497285e-05))
6.68          	((1.707664e-02 6.713970e-03 -9.229732e+00) (-1.317225e-04 -2.046978e-05 1.158764e-03)) ((-1.803751e-03 8.290786e-02 2.220983e-04) (1.618823e-06 -7.167643e-05 -1.519419e-05))
6.69          	((1.764376e-02 6.191130e-03 -9.366652e+00) (-1.233300e-04 -2.076724e-05 4.105743e-04)) ((-1.752377e-03 8.387737e-02 2.463991e-04) (2.042343e-06 -6.292075e-05 -1.544034e-05))
6.7           	((1.812930e-02 6.679512e-03 -9.487370e+00) (-1.147880e-04 -2.073305e-05 -3.378443e-04)) ((-1.667881e-03 8.481276e-02 3.799103e-04) (2.427855e-06 -5.394972e-05 -1.577592e-05))
6.71          	((1.818057e-02 5.450690e-03 -9.587933e+00) (-1.064974e-04 -1.979024e-05 -1.083646e-03)) ((-1.800938e-03 8.580238e-02 3.467461e-04) (2.741215e-06 -4.492498e-05 -1.616765e-05))
6.72          	((1.854866e-02 5.902486e-03 -9.672599e+00) (-9.880248e-05 -1.934341e-05 -1.826963e-03)) ((-1.726706e-03 8.639594e-02 4.716912e-04) (3.007222e-06 -3.582913e-05 -1.665662e-05))
6.73          	((1.845411e-02 6.486332e-03 -9.746756e+00) (-9.185672e-05 -1.963217e-05 -2.567541e-03)) ((-1.481339e-03 8.698225e-02 4.566690e-04) (3.357094e-06 -2.667075e-05 -1.697999e-05))
6.74          	((1.823860e-02 5.217640e-03 -9.796300e+00) (-8.597361e-05 -1.952362e-05 -3.304743e-03)) ((-1.587858e-03 8.700267e-02 6.090804e-04) (3.598036e-06 -1.752228e-05 -1.738223e-05))
6.75          	((1.537267e-02 6.351780e-03 -9.835257e+00) (-8.046008e-05 -1.952850e-05 -4.037418e-03)) ((-1.443217e-03 8.745734e-02 5.108363e-04) (3.780363e-06 -8.243192e-06 -1.786740e-05))
6.76          	((1.701074e-02 6.106354e-03 -9.896736e+00) (-7.455456e-05 -1.970117e-05 -4.765049e-03)) ((-1.640057e-03 8.847976e-02 6.822255e-04) (3.995424e-06 1.016719e-06 -1.845056e-05))
6.77          	((1.902193e-02 6.084227e-03 -9.809653e+00) (-6.967455e-05 -1.984310e-05 -5.478372e-03)) ((-1.638195e-03 8.680647e-02 5.094439e-04) (4.173948e-06 1.014873e-05 -1.895433e-05))
6.78          	((1.784048e-02 6.546982e-03 -9.887201e+00) (-6.591013e-05 -2.054523e-05 -6.184723e-03)) ((-1.507362e-03 8.777482e-02 6.181336e-04) (4.305154e-06 1.929570e-05 -1.955749e-05))
6.79          	((1.620902e-02 6.180802e-03 -9.856032e+00) (-6.278535e-05 -2.156782e-05 -6.882258e-03)) ((-1.401721e-03 8.699882e-02 6.526783e-04) (4.570357e-06 2.820139e-05 -2.022575e-05))
6.8           	((1.604928e-02 6.352928e-03 -9.799995e+00) (-6.008425e-05 -2.279584e-05 -7.568264e-03)) ((-1.530175e-03 8.620162e-02 7.795218e-04) (4.759953e-06 3.708976e-05 -2.089000e-05))
6.81          	((1.595535e-02 6.199747e-03 -9.740860e+00) (-5.798968e-05 -2.443435e-05 -8.242356e-03)) ((-1.473862e-03 8.521254e-02 8.436165e-04) (4.983158e-06 4.584597e-05 -2.144509e-05))
6.82          	((1.518414e-02 6.531489e-03 -9.661455e+00) (-5.622760e-05 -2.594995e-05 -8.903952e-03)) ((-1.558428e-03 8.431193e-02 8.924034e-04) (5.147702e-06 5.448061e-05 -2.204169e-05))
6.83          	((1.492753e-02 6.234288e-03 -9.568594e+00) (-5.503348e-05 -2.751230e-05 -9.552254e-03)) ((-1.574691e-03 8.322865e-02 1.010839e-03) (5.349039e-06 6.295646e-05 -2.254955e-05))
6.84          	((1.481731e-02 5.310446e-03 -9.463336e+00) (-5.394361e-05 -2.882107e-05 -1.018637e-02)) ((-1.526891e-03 8.208391e-02 1.012767e-03) (5.576082e-06 7.132176e-05 -2.316795e-05))
6.85          	((1.416223e-02 4.801523e-03 -9.343765e+00) (-5.307922e-05 -3.027046e-05 -1.080535e-02)) ((-1.407504e-03 8.065903e-02 1.086650e-03) (5.825125e-06 7.951436e-05 -2.391799e-05))
6.86          	((1.370602e-02 4.901514e-03 -9.208310e+00) (-5.246176e-05 -3.155677e-05 -1.140778e-02)) ((-1.513865e-03 7.922661e-02 1.145495e-03) (6.042381e-06 8.741493e-05 -2.458247e-05))
6.87          	((1.337610e-02 5.535385e-03 -9.056908e+00) (-5.232355e-05 -3.277223e-05 -1.199257e-02)) ((-1.559238e-03 7.761483e-02 1.207862e-03) (6.190148e-06 9.501314e-05 -2.520036e-05))
6.88          	((1.344661e-02 5.302939e-03 -8.891665e+00) (-5.240000e-05 -3.398614e-05 -1.255916e-02)) ((-1.467688e-03 7.587827e-02 1.246182e-03) (6.356148e-06 1.023503e-04 -2.579294e-05))
6.89          	((1.338396e-02 4.362538e-03 -8.713371e+00) (-5.256159e-05 -3.529571e-05 -1.310639e-02)) ((-1.371684e-03 7.401315e-02 1.284087e-03) (6.520014e-06 1.093818e-04 -2.640072e-05))
6.9           	((1.308249e-02 4.311430e-03 -8.520040e+00) (-5.262320e-05 -3.629324e-05 -1.363355e-02)) ((-1.326204e-03 7.205828e-02 1.299103e-03) (6.686876e-06 1.161404e-04 -2.698190e-05))
6.91          	((1.304526e-02 4.163051e-03 -8.311593e+00) (-5.236539e-05 -3.725098e-05 -1.413940e-02)) ((-1.328336e-03 6.997875e-02 1.350466e-03) (6.856380e-06 1.226796e-04 -2.757070e-05))
6.92          	((1.299825e-02 3.909945e-03 -8.090033e+00) (-5.181721e-05 -3.788345e-05 -1.462295e-02)) ((-1.285572e-03 6.777523e-02 1.362098e-03) (6.969896e-06 1.289656e-04 -2.810924e-05))
6.93          	((1.284558e-02 3.802608e-03 -7.854948e+00) (-5.141021e-05 -3.819796e-05 -1.508305e-02)) ((-1.222918e-03 6.549436e-02 1.384041e-03) (7.026248e-06 1.349467e-04 -2.866799e-05))
6.94          	((1.257312e-02 3.138254e-03 -7.606014e+00) (-5.066808e-05 -3.832856e-05 -1.551876e-02)) ((-1.180699e-03 6.305287e-02 1.407331e-03) (7.115157e-06 1.406412e-04 -2.921329e-05))
6.95          	((1.240943e-02 3.035374e-03 -7.343720e+00) (-4.966324e-05 -3.841397e-05 -1.592858e-02)) ((-1.160698e-03 6.047614e-02 1.413597e-03) (7.287248e-06 1.461045e-04 -2.980294e-05))
6.96          	((1.221847e-02 3.003125e-03 -7.067823e+00) (-4.841681e-05 -3.870922e-05 -1.631185e-02)) ((-1.063284e-03 5.778494e-02 1.415862e-03) (7.462653e-06 1.513678e-04 -3.040053e-05))
6.97          	((1.185591e-02 2.732506e-03 -6.779678e+00) (-4.699673e-05 -3.933704e-05 -1.666702e-02)) ((-1.024927e-03 5.501685e-02 1.439898e-03) (7.674344e-06 1.563254e-04 -3.106285e-05))
6.98          	((1.167661e-02 2.518203e-03 -6.479894e+00) (-4.554941e-05 -3.991493e-05 -1.699342e-02)) ((-9.771167e-04 5.217379e-02 1.450121e-03) (7.889418e-06 1.609415e-04 -3.176002e-05))
6.99          	((1.150758e-02 2.240549e-03 -6.168264e+00) (-4.401481e-05 -4.016519e-05 -1.728966e-02)) ((-8.828192e-04 4.921227e-02 1.430523e-03) (8.073871e-06 1.652925e-04 -3.243564e-05))
7             	((1.153513e-02 1.954663e-03 -5.844923e+00) (-4.239274e-05 -4.023913e-05 -1.755517e-02)) ((-8.681958e-04 4.620353e-02 1.405644e-03) (8.287579e-06 1.692716e-04 -3.309264e-05))
7.01          	((1.148147e-02 1.692112e-03 -5.509619e+00) (-4.044037e-05 -4.024137e-05 -1.778885e-02)) ((-8.057654e-04 4.310020e-02 1.459259e-03) (8.544695e-06 1.729466e-04 -3.383425e-05))
7.02          	((1.122746e-02 1.565889e-03 -5.163768e+00) (-3.834182e-05 -4.037783e-05 -1.799079e-02)) ((-7.713465e-04 3.992409e-02 1.496847e-03) (8.790050e-06 1.763538e-04 -3.468464e-05))
7.03          	((1.076009e-02 1.394391e-03 -4.808460e+00) (-3.628073e-05 -4.060392e-05 -1.816011e-02)) ((-7.161206e-04 3.666964e-02 1.493693e-03) (9.079873e-06 1.794551e-04 -3.553234e-05))
7.04          	((1.041898e-02 9.101548e-04 -4.443472e+00) (-3.404309e-05 -4.106809e-05 -1.829683e-02)) ((-6.021968e-04 3.331270e-02 1.428785e-03) (9.325240e-06 1.822203e-04 -3.633087e-05))
7.05          	((1.020685e-02 4.648611e-04 -4.069757e+00) (-3.182406e-05 -4.156676e-05 -1.840058e-02)) ((-5.367911e-04 2.990841e-02 1.414695e-03) (9.535774e-06 1.846300e-04 -3.703963e-05))
7.06          	((9.979305e-03 1.479148e-04 -3.687692e+00) (-2.942754e-05 -4.187903e-05 -1.847130e-02)) ((-4.472017e-04 2.647839e-02 1.419865e-03) (9.620584e-06 1.867705e-04 -3.772651e-05))
7.07          	((9.841516e-03 -2.390718e-04 -3.297823e+00) (-2.710748e-05 -4.216714e-05 -1.850820e-02)) ((-3.298820e-04 2.303168e-02 1.463282e-03) (9.770225e-06 1.885620e-04 -3.833329e-05))
7.08          	((9.688096e-03 -3.753484e-04 -2.901318e+00) (-2.478497e-05 -4.246099e-05 -1.851261e-02)) ((-2.234347e-04 1.952949e-02 1.455555e-03) (9.852677e-06 1.899894e-04 -3.892184e-05))
7.09          	((9.644430e-03 -5.586576e-04 -2.498830e+00) (-2.235297e-05 -4.288028e-05 -1.848365e-02)) ((-1.650654e-04 1.606124e-02 1.429679e-03) (9.784872e-06 1.911164e-04 -3.949054e-05))
7.1           	((9.168970e-03 -8.505580e-04 -2.091379e+00) (-2.034473e-05 -4.324343e-05 -1.842144e-02)) ((-9.861669e-05 1.253456e-02 1.422364e-03) (9.674474e-06 1.918067e-04 -4.002054e-05))
7.11          	((8.618281e-03 -1.080138e-03 -1.678977e+00) (-1.831977e-05 -4.367682e-05 -1.832636e-02)) ((-7.441127e-05 8.945277e-03 1.386727e-03) (9.611365e-06 1.920139e-04 -4.052649e-05))
7.12          	((8.187971e-03 -1.335930e-03 -1.262024e+00) (-1.677070e-05 -4.409774e-05 -1.819770e-02)) ((-9.604967e-06 5.364620e-03 1.387374e-03) (9.454766e-06 1.919091e-04 -4.097553e-05))
7.13          	((7.686357e-03 -1.498252e-03 -8.425189e-01) (-1.541675e-05 -4.449793e-05 -1.803699e-02)) ((1.393802e-04 1.765924e-03 1.350359e-03) (9.241453e-06 1.914186e-04 -4.144465e-05))
7.14          	((7.197466e-03 -1.770562e-03 -4.200404e-01) (-1.457660e-05 -4.487168e-05 -1.784356e-02)) ((2.647860e-04 -1.827817e-03 1.352689e-03) (8.958091e-06 1.904685e-04 -4.185355e-05))
7.15          	((6.556336e-03 -1.980413e-03 3.890302e-03) (-1.402653e-05 -4.511758e-05 -1.761922e-02)) ((3.329599e-04 -5.465177e-03 1.347048e-03) (8.604157e-06 1.891507e-04 -4.220728e-05))
7.16          	((6.060452e-03 -2.187567e-03 4.287771e-01) (-1.365500e-05 -4.535185e-05 -1.736302e-02)) ((4.300390e-04 -9.120542e-03 1.346015e-03) (8.328985e-06 1.874872e-04 -4.251708e-05))
7.17          	((5.289273e-03 -2.371175e-03 8.539116e-01) (-1.344645e-05 -4.557604e-05 -1.707642e-02)) ((5.066084e-04 -1.274599e-02 1.372322e-03) (8.060915e-06 1.854290e-04 -4.280017e-05))
7.18          	((4.465022e-03 -2.819970e-03 1.277603e+00) (-1.333729e-05 -4.565148e-05 -1.675966e-02)) ((6.392400e-04 -1.632189e-02 1.349623e-03) (7.728466e-06 1.830446e-04 -4.299048e-05))
7.19          	((3.659150e-03 -2.883606e-03 1.700565e+00) (-1.351982e-05 -4.566712e-05 -1.641332e-02)) ((6.838651e-04 -1.988908e-02 1.336541e-03) (7.423864e-06 1.802495e-04 -4.315820e-05))
7.2           	((2.724490e-03 -2.866065e-03 2.120860e+00) (-1.392382e-05 -4.559261e-05 -1.603803e-02)) ((7.582768e-04 -2.348898e-02 1.303390e-03) (7.073882e-06 1.771078e-04 -4.332170e-05))
7.21          	((1.822585e-03 -2.982714e-03 2.536741e+00) (-1.433601e-05 -4.557348e-05 -1.563543e-02)) ((8.322631e-04 -2.695155e-02 1.270606e-03) (6.669032e-06 1.736761e-04 -4.340956e-05))
7.22          	((1.223388e-03 -3.383462e-03 2.947724e+00) (-1.496347e-05 -4.538126e-05 -1.520564e-02)) ((9.675694e-04 -3.038119e-02 1.202088e-03) (6.337974e-06 1.698712e-04 -4.346715e-05))
7.23          	((6.786669e-04 -3.380376e-03 3.351819e+00) (-1.588902e-05 -4.503437e-05 -1.475036e-02)) ((1.019545e-03 -3.374084e-02 1.157503e-03) (5.983241e-06 1.657630e-04 -4.343316e-05))
7.24          	((-1.009901e-04 -3.595409e-03 3.748627e+00) (-1.718242e-05 -4.480636e-05 -1.427023e-02)) ((9.213663e-04 -3.702241e-02 1.129250e-03) (5.618469e-06 1.613204e-04 -4.334730e-05))
7.25          	((-1.026077e-03 -3.478307e-03 4.139287e+00) (-1.840409e-05 -4.452617e-05 -1.376600e-02)) ((9.739938e-04 -4.027335e-02 1.096738e-03) (5.305915e-06 1.565597e-04 -4.320192e-05))
7.26          	((-2.193835e-03 -4.051468e-03 4.521151e+00) (-1.970071e-05 -4.417218e-05 -1.323890e-02)) ((1.082665e-03 -4.344840e-02 1.021565e-03) (5.065931e-06 1.514611e-04 -4.307910e-05))
7.27          	((-3.320368e-03 -4.479685e-03 4.894580e+00) (-2.088794e-05 -4.379156e-05 -1.268957e-02)) ((1.162038e-03 -4.650258e-02 9.602327e-04) (4.747911e-06 1.460987e-04 -4.291501e-05))
7.28          	((-4.060205e-03 -4.342102e-03 5.259113e+00) (-2.213698e-05 -4.346747e-05 -1.211917e-02)) ((1.243968e-03 -4.952772e-02 9.521086e-04) (4.435491e-06 1.404698e-04 -4.269406e-05))
7.29          	((-4.308199e-03 -4.383153e-03 5.614474e+00) (-2.333475e-05 -4.326643e-05 -1.152901e-02)) ((1.184488e-03 -5.256600e-02 8.769353e-04) (4.132960e-06 1.346341e-04 -4.235854e-05))
7.3           	((-4.928054e-03 -4.480012e-03 5.959369e+00) (-2.490347e-05 -4.296579e-05 -1.091993e-02)) ((1.395439e-03 -5.534665e-02 8.305674e-04) (3.895484e-06 1.285637e-04 -4.204250e-05))
7.31          	((-6.282869e-03 -4.443260e-03 6.292758e+00) (-2.680338e-05 -4.279171e-05 -1.029333e-02)) ((1.358341e-03 -5.797392e-02 7.919301e-04) (3.617996e-06 1.222485e-04 -4.165260e-05))
7.32          	((-6.967503e-03 -4.456381e-03 6.614290e+00) (-2.901733e-05 -4.258620e-05 -9.650176e-03)) ((1.331403e-03 -6.067305e-02 7.132302e-04) (3.316164e-06 1.156746e-04 -4.117815e-05))
7.33          	((-8.129455e-03 -4.379520e-03 6.920854e+00) (-3.114583e-05 -4.244362e-05 -8.991363e-03)) ((1.312182e-03 -6.318676e-02 6.547778e-04) (3.101763e-06 1.088778e-04 -4.071755e-05))
7.34          	((-9.026593e-03 -5.010706e-03 7.216706e+00) (-3.334214e-05 -4.235709e-05 -8.318458e-03)) ((1.416853e-03 -6.573782e-02 6.067308e-04) (2.854532e-06 1.018674e-04 -4.026145e-05))
7.35          	((-9.703207e-03 -5.154253e-03 7.500025e+00) (-3.623909e-05 -4.204310e-05 -7.632644e-03)) ((1.504634e-03 -6.789661e-02 5.605630e-04) (2.522911e-06 9.463630e-05 -3.982159e-05))
7.36          	((-1.048273e-02 -5.334635e-03 7.767707e+00) (-3.934791e-05 -4.166035e-05 -6.935302e-03)) ((1.477523e-03 -7.005378e-02 5.527144e-04) (2.186817e-06 8.720953e-05 -3.945684e-05))
7.37          	((-1.104270e-02 -5.272543e-03 8.021034e+00) (-4.283574e-05 -4.122573e-05 -6.227329e-03)) ((1.555049e-03 -7.222644e-02 5.290627e-04) (1.854074e-06 7.956416e-05 -3.901900e-05))
7.38          	((-1.149036e-02 -5.070535e-03 8.262175e+00) (-4.654330e-05 -4.078481e-05 -5.509757e-03)) ((1.559583e-03 -7.420426e-02 3.709473e-04) (1.519613e-06 7.179062e-05 -3.849924e-05))
7.39          	((-1.265655e-02 -5.291362e-03 8.487863e+00) (-5.041699e-05 -4.013495e-05 -4.784002e-03)) ((1.532223e-03 -7.602058e-02 3.331965e-04) (1.207078e-06 6.390658e-05 -3.789300e-05))
7.4           	((-1.400918e-02 -6.099429e-03 8.696770e+00) (-5.480748e-05 -3.986649e-05 -4.051746e-03)) ((1.677031e-03 -7.767186e-02 3.047888e-04) (8.925300e-07 5.583512e-05 -3.726202e-05))
7.41          	((-1.451235e-02 -4.360791e-03 8.886673e+00) (-5.940948e-05 -3.948713e-05 -3.314019e-03)) ((1.420678e-03 -7.924724e-02 2.706293e-04) (5.643813e-07 4.762185e-05 -3.667033e-05))
7.42          	((-1.573199e-02 -4.540818e-03 9.063020e+00) (-6.423283e-05 -3.877714e-05 -2.572491e-03)) ((1.658724e-03 -8.077104e-02 1.607109e-04) (1.941891e-07 3.925313e-05 -3.609670e-05))
7.43          	((-1.605805e-02 -4.791902e-03 9.221729e+00) (-6.933423e-05 -3.808353e-05 -1.828160e-03)) ((1.770474e-03 -8.206062e-02 6.914753e-05) (-1.833406e-07 3.073494e-05 -3.541265e-05))
7.44          	((-1.671924e-02 -4.966447e-03 9.361480e+00) (-7.429215e-05 -3.836566e-05 -1.081472e-03)) ((1.810829e-03 -8.316841e-02 1.062110e-04) (-5.882406e-07 2.217950e-05 -3.474320e-05))
7.45          	((-1.691381e-02 -4.843912e-03 9.481225e+00) (-8.009656e-05 -3.877369e-05 -3.334211e-04)) ((1.653724e-03 -8.410062e-02 6.603664e-05) (-1.004542e-06 1.358744e-05 -3.402879e-05))
7.46          	((-1.701230e-02 -4.925495e-03 9.582365e+00) (-8.587447e-05 -3.896255e-05 4.148576e-04)) ((1.775339e-03 -8.485300e-02 1.170726e-05) (-1.407231e-06 4.980311e-06 -3.330077e-05))
7.47          	((-1.863528e-02 -5.885928e-03 9.673751e+00) (-9.190813e-05 -3.866385e-05 1.162228e-03)) ((1.774092e-03 -8.540645e-02 -1.438375e-04) (-1.773989e-06 -3.599673e-06 -3.269873e-05))
7.48          	((-2.018810e-02 -4.692962e-03 9.755097e+00) (-9.772805e-05 -3.831840e-05 1.907198e-03)) ((1.648624e-03 -8.628704e-02 -1.765845e-04) (-2.096604e-06 -1.217876e-05 -3.208853e-05))
7.49          	((-1.945101e-02 -4.439130e-03 9.820179e+00) (-1.035160e-04 -3.710941e-05 2.648871e-03)) ((1.822262e-03 -8.665125e-02 -1.256050e-04) (-2.415092e-06 -2.071614e-05 -3.142905e-05))
7.5           	((-1.839393e-02 -4.745666e-03 9.872201e+00) (-1.100363e-04 -3.555327e-05 3.386770e-03)) ((1.719544e-03 -8.737821e-02 -2.424546e-04) (-2.797672e-06 -2.940207e-05 -3.077817e-05))
