# Forces      
# CofR        : (0.000000e+00 0.000000e+00 0.000000e+00)
# Time        forces(pressure viscous)	moments(pressure viscous)
0             	((0.000000e+00 0.000000e+00 0.000000e+00) (0.000000e+00 0.000000e+00 0.000000e+00)) ((0.000000e+00 0.000000e+00 0.000000e+00) (0.000000e+00 0.000000e+00 0.000000e+00))
0.01          	((1.811701e+01 5.778764e-04 -7.055008e-02) (5.068680e-03 9.610134e-06 -2.857753e-05)) ((3.221346e-03 5.959319e-01 -7.351513e-03) (-1.493320e-06 1.138626e-04 2.906793e-06))
0.02          	((1.782825e+01 1.176220e-03 -7.034802e-02) (1.017498e-02 2.060053e-05 -5.368753e-05)) ((3.070731e-03 5.846932e-01 -7.417198e-03) (-3.026557e-06 2.299058e-04 6.842429e-06))
0.03          	((1.794618e+01 7.509069e-04 -7.017700e-02) (1.528182e-02 3.294037e-05 -7.763014e-05)) ((3.134668e-03 5.833109e-01 -7.549077e-03) (-4.539028e-06 3.464477e-04 1.110258e-05))
0.04          	((1.783741e+01 2.980089e-04 -7.501558e-02) (2.033989e-02 4.536531e-05 -1.015405e-04)) ((2.956884e-03 5.815819e-01 -7.486566e-03) (-5.956241e-06 4.624148e-04 1.533003e-05))
0.05          	((1.773172e+01 -1.176747e-04 -7.790207e-02) (2.534010e-02 5.823023e-05 -1.248681e-04)) ((2.889332e-03 5.788056e-01 -7.417910e-03) (-7.314437e-06 5.774174e-04 1.951137e-05))
0.06          	((1.762297e+01 -2.942702e-04 -8.202976e-02) (3.028639e-02 7.164390e-05 -1.478792e-04)) ((2.762290e-03 5.748717e-01 -7.352902e-03) (-8.594466e-06 6.914048e-04 2.368271e-05))
0.07          	((1.750368e+01 -1.023099e-03 -8.597242e-02) (3.518335e-02 8.538015e-05 -1.703843e-04)) ((2.714547e-03 5.696763e-01 -7.251761e-03) (-9.773402e-06 8.042382e-04 2.777336e-05))
0.08          	((1.736706e+01 -1.623931e-03 -9.133889e-02) (4.003531e-02 9.943353e-05 -1.923216e-04)) ((2.612032e-03 5.636594e-01 -7.169024e-03) (-1.081954e-05 9.158319e-04 3.186727e-05))
0.09          	((1.721184e+01 -2.038460e-03 -9.734732e-02) (4.484537e-02 1.135284e-04 -2.136179e-04)) ((2.538383e-03 5.567284e-01 -7.075255e-03) (-1.176759e-05 1.026143e-03 3.584735e-05))
0.1           	((1.703844e+01 -2.732028e-03 -1.034947e-01) (4.961236e-02 1.275089e-04 -2.330401e-04)) ((2.404254e-03 5.489061e-01 -6.959257e-03) (-1.261124e-05 1.135052e-03 3.980929e-05))
0.11          	((1.684675e+01 -3.588729e-03 -1.099336e-01) (5.433789e-02 1.417003e-04 -2.512739e-04)) ((2.270463e-03 5.402618e-01 -6.837313e-03) (-1.331982e-05 1.242454e-03 4.384366e-05))
0.12          	((1.663669e+01 -4.306698e-03 -1.179477e-01) (5.901742e-02 1.566322e-04 -2.672948e-04)) ((2.181793e-03 5.306783e-01 -6.696263e-03) (-1.387526e-05 1.348099e-03 4.776324e-05))
0.13          	((1.640686e+01 -4.828538e-03 -1.265855e-01) (6.364464e-02 1.721882e-04 -2.819784e-04)) ((2.021050e-03 5.201864e-01 -6.481217e-03) (-1.421350e-05 1.451946e-03 5.166799e-05))
0.14          	((1.615622e+01 -5.487219e-03 -1.356114e-01) (6.821289e-02 1.877874e-04 -2.950242e-04)) ((1.928025e-03 5.086757e-01 -6.244271e-03) (-1.435501e-05 1.553784e-03 5.548179e-05))
0.15          	((1.588380e+01 -5.506640e-03 -1.443415e-01) (7.271193e-02 2.034728e-04 -3.079790e-04)) ((1.826123e-03 4.961710e-01 -6.060701e-03) (-1.451487e-05 1.653563e-03 5.969956e-05))
0.16          	((1.558813e+01 -5.909322e-03 -1.550055e-01) (7.713761e-02 2.206155e-04 -3.194709e-04)) ((1.772255e-03 4.827157e-01 -5.915727e-03) (-1.438047e-05 1.750994e-03 6.373049e-05))
0.17          	((1.526883e+01 -6.474881e-03 -1.652445e-01) (8.147551e-02 2.374220e-04 -3.297435e-04)) ((1.793118e-03 4.682955e-01 -5.704710e-03) (-1.399351e-05 1.846010e-03 6.732523e-05))
0.18          	((1.492577e+01 -6.469723e-03 -1.754429e-01) (8.571864e-02 2.558654e-04 -3.386583e-04)) ((1.724525e-03 4.529623e-01 -5.556662e-03) (-1.358378e-05 1.939036e-03 7.100775e-05))
0.19          	((1.455625e+01 -6.765234e-03 -1.841678e-01) (8.985342e-02 2.738028e-04 -3.466818e-04)) ((1.734491e-03 4.368134e-01 -5.300287e-03) (-1.310478e-05 2.029633e-03 7.369827e-05))
0.2           	((1.416179e+01 -6.868364e-03 -1.917775e-01) (9.386399e-02 2.932180e-04 -3.536759e-04)) ((1.719983e-03 4.199225e-01 -4.982674e-03) (-1.246603e-05 2.117569e-03 7.713230e-05))
0.21          	((1.374225e+01 -7.345922e-03 -1.978102e-01) (9.774696e-02 3.130951e-04 -3.569405e-04)) ((1.738955e-03 4.021212e-01 -4.801995e-03) (-1.181092e-05 2.202950e-03 7.971310e-05))
0.22          	((1.329545e+01 -7.944285e-03 -2.024792e-01) (1.014868e-01 3.331305e-04 -3.617337e-04)) ((1.696909e-03 3.835962e-01 -4.522272e-03) (-1.120812e-05 2.285912e-03 8.190354e-05))
0.23          	((1.282387e+01 -8.949007e-03 -2.036443e-01) (1.050681e-01 3.547239e-04 -3.640408e-04)) ((1.730115e-03 3.639655e-01 -4.346698e-03) (-1.043115e-05 2.366092e-03 8.465279e-05))
0.24          	((1.232813e+01 -9.981301e-03 -2.021908e-01) (1.084778e-01 3.749920e-04 -3.673786e-04)) ((1.709996e-03 3.434966e-01 -4.043002e-03) (-9.748382e-06 2.443984e-03 8.731487e-05))
0.25          	((1.180720e+01 -1.039934e-02 -2.038989e-01) (1.117026e-01 3.935306e-04 -3.718348e-04)) ((1.710849e-03 3.225055e-01 -3.726602e-03) (-8.879125e-06 2.519338e-03 8.992260e-05))
0.26          	((1.126129e+01 -1.090287e-02 -1.997331e-01) (1.147275e-01 4.105710e-04 -3.757226e-04)) ((1.567689e-03 3.008063e-01 -3.513310e-03) (-8.276791e-06 2.591408e-03 9.218039e-05))
0.27          	((1.069167e+01 -1.258662e-02 -1.946910e-01) (1.175351e-01 4.250423e-04 -3.783046e-04)) ((1.705149e-03 2.786864e-01 -3.392027e-03) (-7.614430e-06 2.659344e-03 9.487747e-05))
0.28          	((1.009930e+01 -1.365115e-02 -1.869439e-01) (1.201240e-01 4.391653e-04 -3.802735e-04)) ((1.664050e-03 2.556368e-01 -3.075081e-03) (-7.052940e-06 2.724555e-03 9.702177e-05))
0.29          	((9.485624e+00 -1.583481e-02 -1.772063e-01) (1.224603e-01 4.531412e-04 -3.807796e-04)) ((1.500177e-03 2.320139e-01 -2.754959e-03) (-6.497874e-06 2.785732e-03 9.993135e-05))
0.3           	((8.849612e+00 -1.662993e-02 -1.666821e-01) (1.245374e-01 4.654812e-04 -3.779188e-04)) ((1.472886e-03 2.079618e-01 -2.548623e-03) (-6.375972e-06 2.842330e-03 1.030331e-04))
0.31          	((8.190946e+00 -1.753302e-02 -1.542345e-01) (1.263501e-01 4.800024e-04 -3.739666e-04)) ((1.579652e-03 1.833209e-01 -2.275359e-03) (-6.019188e-06 2.894565e-03 1.053865e-04))
0.32          	((7.513395e+00 -1.835475e-02 -1.422713e-01) (1.278644e-01 4.893827e-04 -3.676146e-04)) ((1.523981e-03 1.582578e-01 -1.824613e-03) (-5.791037e-06 2.941790e-03 1.083554e-04))
0.33          	((6.817407e+00 -1.863567e-02 -1.289793e-01) (1.290649e-01 4.981078e-04 -3.577049e-04)) ((1.584442e-03 1.329304e-01 -1.681051e-03) (-5.628604e-06 2.982588e-03 1.108780e-04))
0.34          	((6.104607e+00 -1.983219e-02 -1.143516e-01) (1.299541e-01 5.067955e-04 -3.436380e-04)) ((1.627686e-03 1.075272e-01 -1.414913e-03) (-5.578144e-06 3.016500e-03 1.128957e-04))
0.35          	((5.374846e+00 -2.107503e-02 -9.756568e-02) (1.305131e-01 5.132995e-04 -3.268606e-04)) ((1.565707e-03 8.176587e-02 -1.169278e-03) (-5.369756e-06 3.044101e-03 1.148669e-04))
0.36          	((4.631160e+00 -2.169679e-02 -8.269494e-02) (1.307433e-01 5.178921e-04 -3.070264e-04)) ((1.522878e-03 5.574844e-02 -8.494138e-04) (-5.405185e-06 3.065177e-03 1.162240e-04))
0.37          	((3.872519e+00 -2.206524e-02 -6.623137e-02) (1.306400e-01 5.237133e-04 -2.835372e-04)) ((1.461225e-03 2.960705e-02 -3.910744e-04) (-5.056268e-06 3.078386e-03 1.171379e-04))
0.38          	((3.100791e+00 -2.230722e-02 -4.797249e-02) (1.301979e-01 5.292880e-04 -2.569372e-04)) ((1.305939e-03 3.434065e-03 -7.576005e-05) (-4.722023e-06 3.083208e-03 1.178415e-04))
0.39          	((2.317779e+00 -2.349619e-02 -3.060097e-02) (1.294217e-01 5.332773e-04 -2.274183e-04)) ((1.239937e-03 -2.262331e-02 1.823928e-04) (-4.314213e-06 3.079871e-03 1.177735e-04))
0.4           	((1.526746e+00 -2.514604e-02 -1.105835e-02) (1.283078e-01 5.368152e-04 -1.955750e-04)) ((1.216710e-03 -4.853684e-02 4.069096e-04) (-3.967291e-06 3.067955e-03 1.172251e-04))
0.41          	((7.272345e-01 -2.376837e-02 8.962862e-03) (1.268578e-01 5.377618e-04 -1.596350e-04)) ((1.031341e-03 -7.422039e-02 6.161792e-04) (-3.518909e-06 3.047592e-03 1.171128e-04))
0.42          	((-7.724270e-02 -2.309366e-02 2.598955e-02) (1.250840e-01 5.370903e-04 -1.214533e-04)) ((1.026904e-03 -9.987397e-02 8.749358e-04) (-3.026629e-06 3.018238e-03 1.163160e-04))
0.43          	((-8.855666e-01 -2.323073e-02 4.423915e-02) (1.229807e-01 5.361798e-04 -8.238925e-05)) ((1.080645e-03 -1.254330e-01 1.108578e-03) (-2.456121e-06 2.980518e-03 1.142095e-04))
0.44          	((-1.695568e+00 -2.292764e-02 6.191211e-02) (1.205607e-01 5.337119e-04 -4.152245e-05)) ((8.819060e-04 -1.506266e-01 1.447918e-03) (-1.813137e-06 2.933876e-03 1.120239e-04))
0.45          	((-2.505214e+00 -2.301437e-02 7.976363e-02) (1.178289e-01 5.311987e-04 4.038482e-06)) ((8.765031e-04 -1.757191e-01 1.586148e-03) (-1.216246e-06 2.878691e-03 1.096060e-04))
0.46          	((-3.311349e+00 -2.139329e-02 9.582510e-02) (1.147954e-01 5.282374e-04 5.213701e-05)) ((9.136200e-04 -2.001756e-01 1.857682e-03) (-6.077180e-07 2.815259e-03 1.069082e-04))
0.47          	((-4.113576e+00 -2.011695e-02 1.118678e-01) (1.114739e-01 5.248509e-04 1.051563e-04)) ((7.887680e-04 -2.242383e-01 2.333164e-03) (1.153363e-07 2.743694e-03 1.032312e-04))
0.48          	((-4.911107e+00 -1.936717e-02 1.289189e-01) (1.078731e-01 5.198843e-04 1.609708e-04)) ((7.040617e-04 -2.478359e-01 2.583091e-03) (4.747396e-07 2.664035e-03 9.938353e-05))
0.49          	((-5.699514e+00 -1.865386e-02 1.436347e-01) (1.040024e-01 5.152878e-04 2.180597e-04)) ((5.907668e-04 -2.709851e-01 2.834636e-03) (9.007688e-07 2.576415e-03 9.584459e-05))
0.5           	((-6.479044e+00 -1.796859e-02 1.547887e-01) (9.988122e-02 5.103701e-04 2.777744e-04)) ((5.353609e-04 -2.935692e-01 3.242739e-03) (1.304956e-06 2.481299e-03 9.181046e-05))
0.51          	((-7.246559e+00 -1.790009e-02 1.664506e-01) (9.552237e-02 5.051421e-04 3.390279e-04)) ((4.348659e-04 -3.156028e-01 3.475828e-03) (1.598285e-06 2.379250e-03 8.713365e-05))
0.52          	((-7.999424e+00 -1.881310e-02 1.783073e-01) (9.093753e-02 4.976999e-04 3.991538e-04)) ((2.802060e-04 -3.369491e-01 3.798338e-03) (1.559057e-06 2.270539e-03 8.255166e-05))
0.53          	((-8.737315e+00 -1.610591e-02 1.890910e-01) (8.614774e-02 4.928588e-04 4.580741e-04)) ((1.191348e-04 -3.577522e-01 4.107275e-03) (1.472499e-06 2.155776e-03 7.791810e-05))
0.54          	((-9.456344e+00 -1.334763e-02 1.986108e-01) (8.116928e-02 4.851089e-04 5.156581e-04)) ((-6.207847e-06 -3.776830e-01 4.237879e-03) (1.269915e-06 2.035559e-03 7.337658e-05))
0.55          	((-1.015488e+01 -1.323143e-02 2.065380e-01) (7.601808e-02 4.751870e-04 5.711931e-04)) ((1.191436e-06 -3.969305e-01 4.247687e-03) (9.722330e-07 1.910302e-03 6.893401e-05))
0.56          	((-1.083480e+01 -1.297620e-02 2.156746e-01) (7.071103e-02 4.636555e-04 6.263017e-04)) ((2.580269e-05 -4.152046e-01 4.631222e-03) (5.154074e-07 1.780368e-03 6.413249e-05))
0.57          	((-1.148903e+01 -1.261425e-02 2.215198e-01) (6.526776e-02 4.517546e-04 6.807538e-04)) ((-1.297559e-04 -4.326374e-01 4.977577e-03) (3.717335e-07 1.646329e-03 5.965345e-05))
0.58          	((-1.211724e+01 -1.177059e-02 2.278428e-01) (5.970168e-02 4.393919e-04 7.333415e-04)) ((-2.193474e-04 -4.494810e-01 4.885879e-03) (-7.709409e-08 1.508971e-03 5.537031e-05))
0.59          	((-1.272162e+01 -1.234055e-02 2.341809e-01) (5.402881e-02 4.283935e-04 7.848458e-04)) ((-3.319924e-04 -4.654909e-01 5.102770e-03) (-5.643263e-07 1.368532e-03 5.105585e-05))
0.6           	((-1.329680e+01 -1.282182e-02 2.376977e-01) (4.826707e-02 4.154681e-04 8.382758e-04)) ((-4.184395e-04 -4.800810e-01 5.257966e-03) (-8.360553e-07 1.225368e-03 4.684158e-05))
0.61          	((-1.384294e+01 -1.133882e-02 2.386603e-01) (4.243409e-02 4.007701e-04 8.892418e-04)) ((-4.580825e-04 -4.938336e-01 5.270480e-03) (-8.305528e-07 1.080114e-03 4.288555e-05))
0.62          	((-1.435740e+01 -9.703239e-03 2.405179e-01) (3.654246e-02 3.849620e-04 9.378513e-04)) ((-7.774740e-04 -5.069250e-01 5.308463e-03) (-2.865633e-07 9.330934e-04 3.939875e-05))
0.63          	((-1.484380e+01 -1.060711e-02 2.386946e-01) (3.060545e-02 3.665947e-04 9.867106e-04)) ((-7.823248e-04 -5.194741e-01 5.444194e-03) (4.008891e-07 7.848485e-04 3.616449e-05))
0.64          	((-1.529940e+01 -1.217283e-02 2.390798e-01) (2.463704e-02 3.476494e-04 1.037655e-03)) ((-9.385212e-04 -5.307635e-01 5.646840e-03) (9.868374e-07 6.357064e-04 3.246691e-05))
0.65          	((-1.572173e+01 -1.145888e-02 2.377743e-01) (1.865163e-02 3.292078e-04 1.088222e-03)) ((-1.120614e-03 -5.410497e-01 5.829962e-03) (1.447161e-06 4.860590e-04 2.894469e-05))
0.66          	((-1.611661e+01 -1.095507e-02 2.319670e-01) (1.265886e-02 3.100591e-04 1.138445e-03)) ((-1.325845e-03 -5.507492e-01 5.845565e-03) (1.773179e-06 3.366618e-04 2.560451e-05))
0.67          	((-1.647811e+01 -7.741308e-03 2.232986e-01) (6.669639e-03 2.915989e-04 1.191496e-03)) ((-1.752195e-03 -5.591814e-01 5.671823e-03) (2.290415e-06 1.879035e-04 2.241950e-05))
0.68          	((-1.681018e+01 -7.927940e-03 2.168443e-01) (6.917419e-04 2.724284e-04 1.244711e-03)) ((-1.998564e-03 -5.666954e-01 5.817556e-03) (3.134712e-06 4.011448e-05 1.944884e-05))
0.69          	((-1.710791e+01 -7.814136e-03 2.075803e-01) (-5.265581e-03 2.496524e-04 1.297746e-03)) ((-1.862819e-03 -5.732312e-01 6.072836e-03) (3.983119e-06 -1.059666e-04 1.662607e-05))
0.7           	((-1.738118e+01 -7.459281e-03 1.953863e-01) (-1.119652e-02 2.270156e-04 1.351474e-03)) ((-1.971411e-03 -5.786350e-01 6.815436e-03) (5.024557e-06 -2.509891e-04 1.431378e-05))
0.71          	((-1.762572e+01 -7.398323e-03 1.864234e-01) (-1.709477e-02 2.025483e-04 1.403660e-03)) ((-1.706248e-03 -5.826246e-01 6.928648e-03) (5.410624e-06 -3.944894e-04 1.233845e-05))
0.72          	((-1.784713e+01 -4.534724e-03 1.660215e-01) (-2.295849e-02 1.758276e-04 1.454899e-03)) ((-2.439236e-03 -5.861931e-01 7.314313e-03) (5.580931e-06 -5.358581e-04 1.060685e-05))
0.73          	((-1.804259e+01 -7.339001e-03 1.503807e-01) (-2.878216e-02 1.506394e-04 1.509052e-03)) ((-2.365400e-03 -5.885251e-01 7.579238e-03) (5.449838e-06 -6.751857e-04 8.699778e-06))
0.74          	((-1.820798e+01 -1.712818e-03 1.377884e-01) (-3.456748e-02 1.251174e-04 1.563125e-03)) ((-2.972694e-03 -5.908959e-01 7.541909e-03) (5.273161e-06 -8.119950e-04 7.772012e-06))
0.75          	((-1.837099e+01 -1.735352e-03 1.194412e-01) (-4.031519e-02 9.924369e-05 1.619017e-03)) ((-2.706333e-03 -5.929621e-01 7.850734e-03) (5.274186e-06 -9.468257e-04 7.646548e-06))
0.76          	((-1.858514e+01 -1.510941e-04 1.355565e-01) (-4.604184e-02 7.230524e-05 1.676821e-03)) ((-2.648041e-03 -5.891602e-01 8.030054e-03) (5.546121e-06 -1.079306e-03 7.485977e-06))
0.77          	((-1.851238e+01 -1.286535e-03 6.371737e-02) (-5.169131e-02 4.538189e-05 1.737670e-03)) ((-2.854690e-03 -5.903474e-01 8.142078e-03) (5.791937e-06 -1.208930e-03 7.925597e-06))
0.78          	((-1.871030e+01 2.274801e-03 3.880963e-02) (-5.731652e-02 2.116490e-05 1.800450e-03)) ((-3.234604e-03 -5.897420e-01 8.511028e-03) (5.447323e-06 -1.335859e-03 8.795801e-06))
0.79          	((-1.879074e+01 2.887892e-03 3.092451e-02) (-6.291936e-02 -3.024649e-06 1.864829e-03)) ((-3.477819e-03 -5.889773e-01 8.573147e-03) (4.697227e-06 -1.460506e-03 9.160277e-06))
0.8           	((-1.884539e+01 3.957669e-03 8.016605e-03) (-6.849585e-02 -2.575849e-05 1.930097e-03)) ((-3.641867e-03 -5.861528e-01 8.490728e-03) (4.134308e-06 -1.583286e-03 9.246195e-06))
0.81          	((-1.886493e+01 7.923247e-03 -2.143651e-02) (-7.404030e-02 -4.769317e-05 1.995343e-03)) ((-3.980187e-03 -5.823226e-01 8.360483e-03) (3.789337e-06 -1.703112e-03 9.490749e-06))
0.82          	((-1.885669e+01 1.050744e-02 -5.071722e-02) (-7.955045e-02 -7.314652e-05 2.062049e-03)) ((-4.425402e-03 -5.772348e-01 8.208468e-03) (3.639124e-06 -1.820423e-03 9.163457e-06))
0.83          	((-1.882234e+01 1.118812e-02 -7.556798e-02) (-8.501467e-02 -9.670080e-05 2.129551e-03)) ((-4.703322e-03 -5.714080e-01 8.056051e-03) (3.856962e-06 -1.934932e-03 8.054961e-06))
0.84          	((-1.876419e+01 1.291149e-02 -1.005608e-01) (-9.043078e-02 -1.180499e-04 2.195625e-03)) ((-5.175208e-03 -5.643293e-01 8.100296e-03) (3.843777e-06 -2.046648e-03 5.762543e-06))
0.85          	((-1.867523e+01 1.440535e-02 -1.272789e-01) (-9.578711e-02 -1.373208e-04 2.260667e-03)) ((-5.359432e-03 -5.558941e-01 7.722245e-03) (4.019263e-06 -2.154986e-03 3.371402e-06))
0.86          	((-1.856012e+01 1.689232e-02 -1.576416e-01) (-1.010789e-01 -1.556554e-04 2.325366e-03)) ((-6.084978e-03 -5.463916e-01 7.557827e-03) (4.523763e-06 -2.260509e-03 1.302212e-06))
0.87          	((-1.841617e+01 1.956651e-02 -1.911215e-01) (-1.062858e-01 -1.718166e-04 2.388004e-03)) ((-6.553029e-03 -5.358401e-01 7.436891e-03) (5.523771e-06 -2.363032e-03 -1.817855e-06))
0.88          	((-1.824316e+01 2.133014e-02 -2.197745e-01) (-1.113998e-01 -1.854483e-04 2.448048e-03)) ((-6.920497e-03 -5.236327e-01 7.509232e-03) (6.486739e-06 -2.462640e-03 -6.727520e-06))
0.89          	((-1.803852e+01 2.127625e-02 -2.494953e-01) (-1.164069e-01 -1.972037e-04 2.505222e-03)) ((-7.179421e-03 -5.103018e-01 7.488261e-03) (7.375822e-06 -2.559748e-03 -1.245415e-05))
0.9           	((-1.780452e+01 2.095525e-02 -2.748219e-01) (-1.212884e-01 -2.116258e-04 2.560896e-03)) ((-7.523732e-03 -4.959750e-01 7.498093e-03) (8.405134e-06 -2.654353e-03 -1.933752e-05))
0.91          	((-1.753809e+01 1.985816e-02 -2.975848e-01) (-1.260271e-01 -2.254393e-04 2.614408e-03)) ((-7.722923e-03 -4.808375e-01 7.548194e-03) (9.366744e-06 -2.745804e-03 -2.674453e-05))
0.92          	((-1.723502e+01 2.020179e-02 -3.184205e-01) (-1.306098e-01 -2.424738e-04 2.665951e-03)) ((-8.103669e-03 -4.647515e-01 7.493277e-03) (1.042906e-05 -2.834258e-03 -3.468225e-05))
0.93          	((-1.690215e+01 2.031238e-02 -3.382680e-01) (-1.350237e-01 -2.594288e-04 2.715748e-03)) ((-8.352887e-03 -4.475586e-01 7.555262e-03) (1.103366e-05 -2.919721e-03 -4.463799e-05))
0.94          	((-1.653655e+01 1.784953e-02 -3.507642e-01) (-1.392495e-01 -2.741551e-04 2.762461e-03)) ((-8.836068e-03 -4.298240e-01 7.441283e-03) (1.151353e-05 -3.002896e-03 -5.574111e-05))
0.95          	((-1.613973e+01 1.658924e-02 -3.639384e-01) (-1.432714e-01 -2.892887e-04 2.809623e-03)) ((-8.927187e-03 -4.115609e-01 7.357856e-03) (1.127918e-05 -3.083064e-03 -6.788422e-05))
0.96          	((-1.571201e+01 1.319978e-02 -3.743349e-01) (-1.470781e-01 -3.030408e-04 2.854986e-03)) ((-8.844912e-03 -3.921184e-01 6.998664e-03) (9.984647e-06 -3.160696e-03 -8.029513e-05))
0.97          	((-1.525069e+01 1.197494e-02 -3.773119e-01) (-1.506411e-01 -3.128507e-04 2.899861e-03)) ((-8.994377e-03 -3.719414e-01 6.965380e-03) (8.292824e-06 -3.235168e-03 -9.207518e-05))
0.98          	((-1.475788e+01 9.975313e-03 -3.747885e-01) (-1.539517e-01 -3.195463e-04 2.945192e-03)) ((-9.245358e-03 -3.512521e-01 6.599693e-03) (5.830629e-06 -3.306435e-03 -1.027959e-04))
0.99          	((-1.423271e+01 7.600694e-03 -3.745851e-01) (-1.569973e-01 -3.265547e-04 2.992119e-03)) ((-9.296168e-03 -3.297337e-01 6.083958e-03) (2.941721e-06 -3.375413e-03 -1.124851e-04))
1             	((-1.367710e+01 5.109976e-03 -3.654251e-01) (-1.597784e-01 -3.329118e-04 3.043665e-03)) ((-9.155507e-03 -3.075593e-01 5.760023e-03) (-1.792881e-07 -3.442470e-03 -1.205659e-04))
1.01          	((-1.309415e+01 5.850148e-03 -3.583726e-01) (-1.622766e-01 -3.380508e-04 3.094853e-03)) ((-8.934847e-03 -2.848539e-01 5.577113e-03) (-3.619739e-06 -3.507092e-03 -1.267291e-04))
1.02          	((-1.248340e+01 5.631419e-03 -3.466912e-01) (-1.644797e-01 -3.394596e-04 3.141324e-03)) ((-8.855590e-03 -2.611874e-01 5.372786e-03) (-6.590778e-06 -3.568767e-03 -1.315081e-04))
1.03          	((-1.184438e+01 5.320706e-03 -3.313847e-01) (-1.663789e-01 -3.412968e-04 3.183511e-03)) ((-8.767541e-03 -2.370176e-01 5.380622e-03) (-9.009695e-06 -3.626540e-03 -1.352655e-04))
1.04          	((-1.118130e+01 6.135286e-03 -3.183693e-01) (-1.679537e-01 -3.429113e-04 3.223030e-03)) ((-8.338591e-03 -2.122054e-01 5.356102e-03) (-1.093800e-05 -3.680049e-03 -1.390111e-04))
1.05          	((-1.049398e+01 6.699409e-03 -3.001139e-01) (-1.692060e-01 -3.429386e-04 3.260741e-03)) ((-7.809631e-03 -1.869894e-01 5.425740e-03) (-1.188294e-05 -3.728977e-03 -1.416225e-04))
1.06          	((-9.783447e+00 7.568718e-03 -2.777591e-01) (-1.701223e-01 -3.385274e-04 3.290167e-03)) ((-7.294907e-03 -1.616598e-01 5.454631e-03) (-1.334396e-05 -3.772161e-03 -1.435436e-04))
1.07          	((-9.052617e+00 8.675991e-03 -2.574478e-01) (-1.707026e-01 -3.285803e-04 3.315177e-03)) ((-6.692717e-03 -1.360096e-01 5.578322e-03) (-1.452623e-05 -3.809540e-03 -1.449961e-04))
1.08          	((-8.303002e+00 7.956179e-03 -2.318492e-01) (-1.709348e-01 -3.132955e-04 3.335009e-03)) ((-6.008166e-03 -1.100995e-01 5.859435e-03) (-1.523248e-05 -3.840958e-03 -1.464007e-04))
1.09          	((-7.535320e+00 6.256823e-03 -2.056823e-01) (-1.708159e-01 -2.964928e-04 3.352207e-03)) ((-5.259258e-03 -8.404014e-02 6.010739e-03) (-1.583654e-05 -3.865964e-03 -1.468650e-04))
1.1           	((-6.751023e+00 5.911253e-03 -1.798006e-01) (-1.703444e-01 -2.718786e-04 3.365849e-03)) ((-4.588712e-03 -5.785310e-02 6.278442e-03) (-1.618366e-05 -3.884234e-03 -1.485831e-04))
1.11          	((-5.950942e+00 3.086150e-03 -1.522595e-01) (-1.695043e-01 -2.382334e-04 3.377627e-03)) ((-4.187414e-03 -3.188536e-02 6.313849e-03) (-1.631298e-05 -3.893623e-03 -1.497949e-04))
1.12          	((-5.137893e+00 4.158468e-04 -1.280776e-01) (-1.683071e-01 -1.995959e-04 3.389416e-03)) ((-3.441563e-03 -5.619566e-03 6.303749e-03) (-1.649060e-05 -3.894082e-03 -1.511975e-04))
1.13          	((-4.310843e+00 -2.700239e-03 -1.013870e-01) (-1.667566e-01 -1.571214e-04 3.400107e-03)) ((-2.551072e-03 2.050869e-02 6.331975e-03) (-1.648852e-05 -3.886185e-03 -1.525216e-04))
1.14          	((-3.476086e+00 -5.209865e-03 -7.327443e-02) (-1.648522e-01 -1.097581e-04 3.409978e-03)) ((-1.762235e-03 4.658133e-02 6.355090e-03) (-1.652952e-05 -3.868919e-03 -1.537530e-04))
1.15          	((-2.632843e+00 -8.360423e-03 -4.553681e-02) (-1.625974e-01 -6.171284e-05 3.419868e-03)) ((-7.867139e-04 7.245899e-02 6.335348e-03) (-1.671717e-05 -3.841724e-03 -1.546624e-04))
1.16          	((-1.782130e+00 -9.951050e-03 -1.920140e-02) (-1.600092e-01 -1.278000e-05 3.433221e-03)) ((-2.462561e-04 9.804081e-02 6.019209e-03) (-1.657797e-05 -3.805682e-03 -1.554130e-04))
1.17          	((-9.246921e-01 -1.098077e-02 9.106994e-03) (-1.570828e-01 3.539409e-05 3.443879e-03)) ((2.710117e-04 1.233883e-01 5.517109e-03) (-1.649485e-05 -3.760037e-03 -1.562308e-04))
1.18          	((-6.457722e-02 -1.405980e-02 3.193441e-02) (-1.538263e-01 8.210077e-05 3.450336e-03)) ((9.014329e-04 1.485338e-01 5.165125e-03) (-1.685852e-05 -3.703691e-03 -1.562633e-04))
1.19          	((7.925145e-01 -1.533459e-02 5.614308e-02) (-1.502475e-01 1.278066e-04 3.459962e-03)) ((1.128589e-03 1.732079e-01 4.768117e-03) (-1.703216e-05 -3.636726e-03 -1.551932e-04))
1.2           	((1.647257e+00 -1.581678e-02 7.984258e-02) (-1.463625e-01 1.705610e-04 3.469871e-03)) ((1.600019e-03 1.973940e-01 4.458592e-03) (-1.767442e-05 -3.559649e-03 -1.540086e-04))
1.21          	((2.497788e+00 -1.715438e-02 9.916684e-02) (-1.421829e-01 2.115276e-04 3.478627e-03)) ((2.062846e-03 2.211623e-01 3.954010e-03) (-1.847261e-05 -3.473147e-03 -1.526081e-04))
1.22          	((3.342346e+00 -1.761820e-02 1.165022e-01) (-1.377216e-01 2.480911e-04 3.484783e-03)) ((2.169598e-03 2.444820e-01 3.466286e-03) (-1.960253e-05 -3.376992e-03 -1.505662e-04))
1.23          	((4.180684e+00 -1.597767e-02 1.326200e-01) (-1.329942e-01 2.820476e-04 3.485706e-03)) ((2.305275e-03 2.675105e-01 2.994067e-03) (-2.060130e-05 -3.271788e-03 -1.480667e-04))
1.24          	((5.008327e+00 -1.492851e-02 1.480870e-01) (-1.280149e-01 3.118314e-04 3.482176e-03)) ((2.415667e-03 2.895171e-01 2.359302e-03) (-2.162060e-05 -3.158188e-03 -1.452341e-04))
1.25          	((5.827149e+00 -1.460487e-02 1.618688e-01) (-1.228057e-01 3.405034e-04 3.475368e-03)) ((2.569542e-03 3.114491e-01 1.665528e-03) (-2.253254e-05 -3.036541e-03 -1.415038e-04))
1.26          	((6.631125e+00 -1.290851e-02 1.732642e-01) (-1.173779e-01 3.664264e-04 3.464510e-03)) ((2.684629e-03 3.327199e-01 1.037311e-03) (-2.365618e-05 -2.907168e-03 -1.370609e-04))
1.27          	((7.420376e+00 -1.089237e-02 1.825655e-01) (-1.117527e-01 3.884192e-04 3.451276e-03)) ((2.572121e-03 3.530923e-01 6.804351e-04) (-2.490339e-05 -2.771125e-03 -1.325435e-04))
1.28          	((8.192244e+00 -9.718083e-03 1.913992e-01) (-1.059434e-01 4.088713e-04 3.437099e-03)) ((2.805394e-03 3.729193e-01 6.820635e-05) (-2.604133e-05 -2.628819e-03 -1.275658e-04))
1.29          	((8.942820e+00 -8.367808e-03 1.982302e-01) (-9.996585e-02 4.292118e-04 3.422680e-03)) ((3.055945e-03 3.918878e-01 -4.215962e-04) (-2.732984e-05 -2.480364e-03 -1.223269e-04))
1.3           	((9.673987e+00 -7.891194e-03 2.019724e-01) (-9.383713e-02 4.480139e-04 3.407687e-03)) ((3.219580e-03 4.101028e-01 -9.872259e-04) (-2.902224e-05 -2.326284e-03 -1.169011e-04))
1.31          	((1.038226e+01 -7.282439e-03 2.040337e-01) (-8.757848e-02 4.650707e-04 3.391095e-03)) ((3.362351e-03 4.274091e-01 -1.552234e-03) (-3.083117e-05 -2.167920e-03 -1.112772e-04))
1.32          	((1.106667e+01 -5.778856e-03 2.028080e-01) (-8.120501e-02 4.827162e-04 3.370596e-03)) ((3.413897e-03 4.440262e-01 -2.191517e-03) (-3.272542e-05 -2.005037e-03 -1.050863e-04))
1.33          	((1.172375e+01 -4.670258e-03 2.005557e-01) (-7.473624e-02 4.996544e-04 3.349920e-03)) ((3.678791e-03 4.598719e-01 -2.428844e-03) (-3.407014e-05 -1.839145e-03 -9.870802e-05))
1.34          	((1.235482e+01 -3.961581e-03 1.974389e-01) (-6.818882e-02 5.147940e-04 3.331930e-03)) ((3.819269e-03 4.749072e-01 -2.965608e-03) (-3.528413e-05 -1.670137e-03 -9.234660e-05))
1.35          	((1.295710e+01 -4.401109e-03 1.928041e-01) (-6.157777e-02 5.324044e-04 3.314872e-03)) ((3.922585e-03 4.888885e-01 -3.336605e-03) (-3.634418e-05 -1.499025e-03 -8.563903e-05))
1.36          	((1.352843e+01 -4.555273e-03 1.867123e-01) (-5.491915e-02 5.535658e-04 3.295232e-03)) ((4.046284e-03 5.020540e-01 -3.954646e-03) (-3.734892e-05 -1.327037e-03 -7.931816e-05))
1.37          	((1.406952e+01 -3.603738e-03 1.817528e-01) (-4.823070e-02 5.743810e-04 3.274159e-03)) ((4.023994e-03 5.143347e-01 -4.491575e-03) (-3.798477e-05 -1.154154e-03 -7.358318e-05))
1.38          	((1.457647e+01 -1.487527e-03 1.725854e-01) (-4.152281e-02 5.960408e-04 3.249757e-03)) ((4.022329e-03 5.253563e-01 -5.093340e-03) (-3.854815e-05 -9.809860e-04 -6.790477e-05))
1.39          	((1.505475e+01 -5.539718e-04 1.635786e-01) (-3.481011e-02 6.168637e-04 3.225150e-03)) ((3.946621e-03 5.358207e-01 -5.747624e-03) (-3.881167e-05 -8.076847e-04 -6.211537e-05))
1.4           	((1.549735e+01 -7.101923e-04 1.489364e-01) (-2.810703e-02 6.383018e-04 3.200766e-03)) ((4.066484e-03 5.451571e-01 -5.890496e-03) (-3.911302e-05 -6.352182e-04 -5.596327e-05))
1.41          	((1.590807e+01 9.846118e-04 1.372761e-01) (-2.142975e-02 6.595432e-04 3.176504e-03)) ((4.181195e-03 5.533647e-01 -6.521310e-03) (-3.917604e-05 -4.639878e-04 -4.971239e-05))
1.42          	((1.628507e+01 1.150812e-03 1.209905e-01) (-1.477760e-02 6.819260e-04 3.155552e-03)) ((4.087625e-03 5.607881e-01 -7.048608e-03) (-3.903967e-05 -2.940796e-04 -4.414998e-05))
1.43          	((1.662807e+01 2.976081e-04 1.062614e-01) (-8.164946e-03 7.027158e-04 3.135748e-03)) ((4.501144e-03 5.673866e-01 -7.093465e-03) (-3.897263e-05 -1.260352e-04 -3.888529e-05))
1.44          	((1.693936e+01 5.934934e-03 7.992939e-02) (-1.599345e-03 7.226416e-04 3.118337e-03)) ((4.090803e-03 5.728122e-01 -7.697777e-03) (-3.896500e-05 3.996970e-05 -3.420473e-05))
1.45          	((1.721690e+01 7.881655e-03 5.872645e-02) (4.918240e-03 7.414149e-04 3.104308e-03)) ((3.910312e-03 5.773978e-01 -7.762244e-03) (-3.852031e-05 2.032935e-04 -2.964135e-05))
1.46          	((1.746554e+01 6.861383e-03 4.059042e-02) (1.138045e-02 7.578561e-04 3.089223e-03)) ((4.034343e-03 5.809270e-01 -8.009982e-03) (-3.770283e-05 3.635156e-04 -2.518907e-05))
1.47          	((1.768060e+01 9.792611e-03 1.239121e-02) (1.778162e-02 7.718715e-04 3.074106e-03)) ((3.907349e-03 5.838601e-01 -8.316099e-03) (-3.702886e-05 5.210226e-04 -2.159982e-05))
1.48          	((1.786616e+01 1.594574e-02 -9.603632e-03) (2.411715e-02 7.827585e-04 3.059871e-03)) ((3.892589e-03 5.860933e-01 -9.233582e-03) (-3.674615e-05 6.751514e-04 -1.794473e-05))
1.49          	((1.803072e+01 1.941777e-02 -3.774603e-02) (3.038768e-02 7.916066e-04 3.053399e-03)) ((3.217713e-03 5.873865e-01 -1.012878e-02) (-3.630534e-05 8.256470e-04 -1.540224e-05))
1.5           	((1.817912e+01 2.336380e-02 -9.482927e-02) (3.659111e-02 8.003704e-04 3.048175e-03)) ((2.663606e-03 5.904172e-01 -9.989382e-03) (-3.598092e-05 9.732956e-04 -1.313446e-05))
1.51          	((1.836366e+01 2.330390e-02 -6.503975e-02) (4.273891e-02 8.106929e-04 3.050637e-03)) ((2.988631e-03 5.826926e-01 -1.067602e-02) (-3.522736e-05 1.117788e-03 -1.051916e-05))
1.52          	((1.832963e+01 2.390056e-02 -1.591075e-01) (4.878676e-02 8.196307e-04 3.054768e-03)) ((2.613650e-03 5.880924e-01 -1.116432e-02) (-3.422916e-05 1.258706e-03 -7.743530e-06))
1.53          	((1.847354e+01 2.286775e-02 -1.803334e-01) (5.477520e-02 8.284501e-04 3.068739e-03)) ((2.149422e-03 5.863228e-01 -1.151385e-02) (-3.304386e-05 1.395821e-03 -5.801917e-06))
1.54          	((1.854623e+01 2.344220e-02 -2.161842e-01) (6.071008e-02 8.326478e-04 3.088845e-03)) ((2.062879e-03 5.847094e-01 -1.149980e-02) (-3.141356e-05 1.530333e-03 -4.279125e-06))
1.55          	((1.858002e+01 2.382635e-02 -2.551093e-01) (6.658918e-02 8.358220e-04 3.112729e-03)) ((2.001789e-03 5.808924e-01 -1.165082e-02) (-2.979004e-05 1.661770e-03 -3.213418e-06))
1.56          	((1.858542e+01 2.292756e-02 -2.843517e-01) (7.241255e-02 8.355825e-04 3.146795e-03)) ((1.654512e-03 5.758140e-01 -1.153921e-02) (-2.851976e-05 1.790298e-03 -1.913479e-06))
1.57          	((1.856588e+01 2.232718e-02 -3.182851e-01) (7.817346e-02 8.384253e-04 3.188610e-03)) ((1.676008e-03 5.705714e-01 -1.187572e-02) (-2.745962e-05 1.915623e-03 -1.117997e-06))
1.58          	((1.852600e+01 2.208677e-02 -3.472081e-01) (8.386709e-02 8.394961e-04 3.239318e-03)) ((1.332968e-03 5.645123e-01 -1.185336e-02) (-2.590739e-05 2.038338e-03 -1.295408e-06))
1.59          	((1.846019e+01 2.280481e-02 -3.780674e-01) (8.949307e-02 8.407455e-04 3.300259e-03)) ((1.176724e-03 5.572395e-01 -1.219210e-02) (-2.394160e-05 2.158114e-03 -2.369337e-06))
1.6           	((1.837005e+01 2.243237e-02 -4.045175e-01) (9.503798e-02 8.427392e-04 3.369140e-03)) ((7.864116e-04 5.492880e-01 -1.217676e-02) (-2.180161e-05 2.274924e-03 -3.365817e-06))
1.61          	((1.825729e+01 2.159765e-02 -4.247914e-01) (1.004901e-01 8.517646e-04 3.444226e-03)) ((5.357382e-04 5.400675e-01 -1.221597e-02) (-1.946167e-05 2.388294e-03 -4.470638e-06))
1.62          	((1.811400e+01 2.193303e-02 -4.460695e-01) (1.058453e-01 8.630835e-04 3.523493e-03)) ((3.531538e-04 5.297332e-01 -1.238988e-02) (-1.734358e-05 2.497736e-03 -5.272152e-06))
1.63          	((1.793998e+01 2.214018e-02 -4.620238e-01) (1.110912e-01 8.782311e-04 3.606261e-03)) ((1.971891e-04 5.179050e-01 -1.267304e-02) (-1.520125e-05 2.602764e-03 -5.581410e-06))
1.64          	((1.774132e+01 2.250399e-02 -4.729470e-01) (1.162075e-01 8.968277e-04 3.687718e-03)) ((2.653838e-04 5.050550e-01 -1.268585e-02) (-1.289600e-05 2.703059e-03 -5.050238e-06))
1.65          	((1.751234e+01 2.213137e-02 -4.823651e-01) (1.211806e-01 9.146458e-04 3.769959e-03)) ((1.379395e-04 4.908081e-01 -1.271468e-02) (-1.075239e-05 2.798823e-03 -3.649858e-06))
1.66          	((1.724977e+01 2.117940e-02 -4.912653e-01) (1.259986e-01 9.303712e-04 3.851507e-03)) ((1.659122e-04 4.758178e-01 -1.269454e-02) (-8.746820e-06 2.889612e-03 -1.634595e-06))
1.67          	((1.695726e+01 2.093348e-02 -4.961445e-01) (1.306398e-01 9.473526e-04 3.929699e-03)) ((1.919200e-04 4.597716e-01 -1.263102e-02) (-6.726143e-06 2.974875e-03 8.596840e-07))
1.68          	((1.663224e+01 2.200397e-02 -4.969023e-01) (1.350870e-01 9.684102e-04 4.003904e-03)) ((-1.501101e-04 4.427127e-01 -1.254878e-02) (-4.937751e-06 3.053908e-03 4.384529e-06))
1.69          	((1.627477e+01 2.183844e-02 -4.972291e-01) (1.393233e-01 9.861945e-04 4.072596e-03)) ((2.780755e-04 4.252148e-01 -1.247050e-02) (-2.866958e-06 3.127500e-03 8.461920e-06))
1.7           	((1.588313e+01 2.235495e-02 -4.990411e-01) (1.433384e-01 9.978810e-04 4.129669e-03)) ((6.504464e-04 4.068739e-01 -1.221554e-02) (-9.994112e-07 3.196943e-03 1.322944e-05))
1.71          	((1.546049e+01 2.073975e-02 -4.976556e-01) (1.471139e-01 1.009315e-03 4.178120e-03)) ((6.986119e-04 3.872926e-01 -1.174650e-02) (1.064886e-06 3.260971e-03 1.910136e-05))
1.72          	((1.500358e+01 2.306856e-02 -4.949505e-01) (1.506360e-01 1.019014e-03 4.215153e-03)) ((8.414203e-04 3.670259e-01 -1.138323e-02) (2.968619e-06 3.320278e-03 2.628236e-05))
1.73          	((1.451580e+01 2.075473e-02 -4.947350e-01) (1.538890e-01 1.024836e-03 4.240056e-03)) ((1.016609e-03 3.458899e-01 -1.132977e-02) (4.705493e-06 3.373768e-03 3.467738e-05))
1.74          	((1.399548e+01 2.037427e-02 -4.866882e-01) (1.568634e-01 1.031490e-03 4.252411e-03)) ((1.206636e-03 3.238689e-01 -1.124048e-02) (6.069538e-06 3.422872e-03 4.294411e-05))
1.75          	((1.344656e+01 2.016141e-02 -4.827117e-01) (1.595465e-01 1.037998e-03 4.255780e-03)) ((1.375717e-03 3.012879e-01 -1.085030e-02) (7.047451e-06 3.466458e-03 5.181893e-05))
1.76          	((1.286791e+01 2.099984e-02 -4.751356e-01) (1.619321e-01 1.040633e-03 4.247835e-03)) ((1.249796e-03 2.782579e-01 -1.040634e-02) (7.809300e-06 3.506184e-03 6.153059e-05))
1.77          	((1.226052e+01 1.884578e-02 -4.685827e-01) (1.640065e-01 1.039915e-03 4.229332e-03)) ((1.371669e-03 2.546078e-01 -1.003359e-02) (8.717945e-06 3.541066e-03 6.992533e-05))
1.78          	((1.162506e+01 1.926014e-02 -4.575616e-01) (1.657675e-01 1.037541e-03 4.201250e-03)) ((1.390077e-03 2.303265e-01 -9.754234e-03) (9.359877e-06 3.571646e-03 7.752888e-05))
1.79          	((1.096436e+01 1.781788e-02 -4.480141e-01) (1.671970e-01 1.036441e-03 4.164993e-03)) ((1.596327e-03 2.054549e-01 -9.171506e-03) (9.789073e-06 3.597083e-03 8.426307e-05))
1.8           	((1.027815e+01 1.617097e-02 -4.366574e-01) (1.682870e-01 1.034248e-03 4.120145e-03)) ((1.349291e-03 1.799875e-01 -8.693689e-03) (1.025650e-05 3.617670e-03 8.973530e-05))
1.81          	((9.571508e+00 1.350861e-02 -4.239885e-01) (1.690377e-01 1.027160e-03 4.069459e-03)) ((1.427982e-03 1.542526e-01 -8.334069e-03) (1.044417e-05 3.634262e-03 9.375450e-05))
1.82          	((8.842486e+00 1.051757e-02 -4.118762e-01) (1.694447e-01 1.017656e-03 4.019639e-03)) ((1.551637e-03 1.282528e-01 -7.883043e-03) (1.108005e-05 3.646240e-03 9.666533e-05))
1.83          	((8.094115e+00 8.766521e-03 -3.965031e-01) (1.694956e-01 1.007609e-03 3.969139e-03)) ((1.545666e-03 1.019349e-01 -7.349892e-03) (1.183614e-05 3.653162e-03 9.843018e-05))
1.84          	((7.325088e+00 7.436965e-03 -3.799445e-01) (1.691899e-01 9.900713e-04 3.918334e-03)) ((1.732661e-03 7.561368e-02 -6.519154e-03) (1.240027e-05 3.654971e-03 9.937873e-05))
1.85          	((6.539886e+00 4.481792e-03 -3.627126e-01) (1.685189e-01 9.720390e-04 3.865862e-03)) ((2.149231e-03 4.891629e-02 -6.124229e-03) (1.287028e-05 3.651302e-03 9.935812e-05))
1.86          	((5.739700e+00 2.965938e-04 -3.413572e-01) (1.674930e-01 9.536288e-04 3.814941e-03)) ((2.410901e-03 2.224994e-02 -5.797839e-03) (1.329962e-05 3.641470e-03 9.891657e-05))
1.87          	((4.926320e+00 -4.004872e-03 -3.164386e-01) (1.661093e-01 9.363967e-04 3.763854e-03)) ((2.976814e-03 -4.350904e-03 -5.388704e-03) (1.364679e-05 3.625007e-03 9.730230e-05))
1.88          	((4.101076e+00 -5.578529e-03 -2.915966e-01) (1.643680e-01 9.197893e-04 3.713377e-03)) ((3.233398e-03 -3.085089e-02 -4.937807e-03) (1.422265e-05 3.602150e-03 9.499544e-05))
1.89          	((3.265597e+00 -6.608461e-03 -2.660345e-01) (1.622767e-01 9.004800e-04 3.662790e-03)) ((3.475416e-03 -5.753937e-02 -4.434827e-03) (1.452068e-05 3.572932e-03 9.258611e-05))
1.9           	((2.419983e+00 -8.353432e-03 -2.391867e-01) (1.598471e-01 8.873534e-04 3.616687e-03)) ((3.529300e-03 -8.401162e-02 -3.804323e-03) (1.459585e-05 3.537134e-03 8.942080e-05))
1.91          	((1.567066e+00 -8.996631e-03 -2.091444e-01) (1.570771e-01 8.755980e-04 3.572192e-03)) ((3.613143e-03 -1.103807e-01 -3.161944e-03) (1.420376e-05 3.493728e-03 8.601890e-05))
1.92          	((7.106473e-01 -1.058263e-02 -1.783023e-01) (1.539807e-01 8.663589e-04 3.529503e-03)) ((3.869173e-03 -1.363613e-01 -2.647684e-03) (1.337330e-05 3.442536e-03 8.160477e-05))
1.93          	((-1.489787e-01 -1.045930e-02 -1.454026e-01) (1.505581e-01 8.583825e-04 3.488468e-03)) ((3.939236e-03 -1.621695e-01 -2.206265e-03) (1.257561e-05 3.383139e-03 7.694468e-05))
1.94          	((-1.007707e+00 -1.026808e-02 -1.151261e-01) (1.468255e-01 8.496731e-04 3.447823e-03)) ((4.004389e-03 -1.874493e-01 -1.625885e-03) (1.148750e-05 3.314851e-03 7.181479e-05))
1.95          	((-1.863706e+00 -1.087075e-02 -8.487215e-02) (1.427871e-01 8.430619e-04 3.412516e-03)) ((4.201888e-03 -2.122851e-01 -1.197455e-03) (9.966459e-06 3.237532e-03 6.732371e-05))
1.96          	((-2.715819e+00 -9.803703e-03 -5.468369e-02) (1.384595e-01 8.387667e-04 3.380844e-03)) ((3.887331e-03 -2.367244e-01 -7.996770e-04) (8.248692e-06 3.151758e-03 6.284707e-05))
1.97          	((-3.561632e+00 -1.090402e-02 -2.260259e-02) (1.338568e-01 8.376218e-04 3.350761e-03)) ((3.949370e-03 -2.603915e-01 -2.350085e-04) (6.390228e-06 3.057084e-03 5.843771e-05))
1.98          	((-4.399780e+00 -1.157025e-02 6.990036e-03) (1.289970e-01 8.364411e-04 3.323432e-03)) ((3.872466e-03 -2.834265e-01 1.950715e-04) (4.254618e-06 2.954291e-03 5.412817e-05))
1.99          	((-5.228084e+00 -1.091621e-02 3.575596e-02) (1.238921e-01 8.345145e-04 3.301737e-03)) ((3.704502e-03 -3.059293e-01 6.237128e-04) (2.155454e-06 2.843637e-03 4.979732e-05))
2             	((-6.045884e+00 -1.133929e-02 5.990375e-02) (1.185526e-01 8.321048e-04 3.282535e-03)) ((3.580062e-03 -3.276565e-01 9.343430e-04) (1.965058e-07 2.725156e-03 4.565873e-05))
2.01          	((-6.848275e+00 -1.272010e-02 8.698987e-02) (1.129998e-01 8.272856e-04 3.264191e-03)) ((3.563063e-03 -3.489074e-01 1.112886e-03) (-1.610272e-06 2.599467e-03 4.243803e-05))
2.02          	((-7.634718e+00 -1.356840e-02 1.110125e-01) (1.072481e-01 8.202812e-04 3.247130e-03)) ((3.371222e-03 -3.693844e-01 1.611602e-03) (-3.418535e-06 2.467010e-03 4.013143e-05))
2.03          	((-8.404237e+00 -1.399066e-02 1.354560e-01) (1.013171e-01 8.116680e-04 3.231908e-03)) ((3.212899e-03 -3.892226e-01 1.726422e-03) (-4.664253e-06 2.328197e-03 3.787552e-05))
2.04          	((-9.154127e+00 -1.288685e-02 1.543460e-01) (9.522477e-02 8.001725e-04 3.219021e-03)) ((2.964127e-03 -4.079860e-01 2.072798e-03) (-5.875449e-06 2.183365e-03 3.625597e-05))
2.05          	((-9.882435e+00 -1.378230e-02 1.716983e-01) (8.898798e-02 7.858795e-04 3.207311e-03)) ((2.832575e-03 -4.258815e-01 2.330561e-03) (-6.686103e-06 2.032982e-03 3.566245e-05))
2.06          	((-1.058708e+01 -1.617590e-02 1.893427e-01) (8.262248e-02 7.709830e-04 3.196419e-03)) ((2.604981e-03 -4.431076e-01 2.570682e-03) (-7.678315e-06 1.877348e-03 3.537601e-05))
2.07          	((-1.126723e+01 -1.595036e-02 2.057795e-01) (7.614791e-02 7.543547e-04 3.186867e-03)) ((2.342310e-03 -4.594279e-01 2.918064e-03) (-8.408096e-06 1.717592e-03 3.536934e-05))
2.08          	((-1.192146e+01 -1.599710e-02 2.194889e-01) (6.958196e-02 7.362809e-04 3.177611e-03)) ((2.144373e-03 -4.747094e-01 3.210447e-03) (-9.239415e-06 1.554315e-03 3.566035e-05))
2.09          	((-1.254919e+01 -1.801508e-02 2.305203e-01) (6.294003e-02 7.177046e-04 3.170621e-03)) ((2.214244e-03 -4.892820e-01 3.319210e-03) (-1.030502e-05 1.388082e-03 3.642541e-05))
2.1           	((-1.314623e+01 -1.617396e-02 2.424610e-01) (5.623824e-02 7.003345e-04 3.165234e-03)) ((1.853062e-03 -5.031550e-01 3.422522e-03) (-1.130185e-05 1.219840e-03 3.772399e-05))
2.11          	((-1.371310e+01 -1.809148e-02 2.507985e-01) (4.949497e-02 6.807850e-04 3.163257e-03)) ((1.603506e-03 -5.161387e-01 4.010043e-03) (-1.250570e-05 1.049585e-03 3.951729e-05))
2.12          	((-1.424775e+01 -1.856783e-02 2.589044e-01) (4.272666e-02 6.590879e-04 3.162609e-03)) ((1.290909e-03 -5.281595e-01 4.210389e-03) (-1.386564e-05 8.783808e-04 4.182342e-05))
2.13          	((-1.475005e+01 -1.694180e-02 2.674864e-01) (3.594478e-02 6.393181e-04 3.167794e-03)) ((1.110272e-03 -5.392556e-01 4.558716e-03) (-1.535477e-05 7.062507e-04 4.408386e-05))
2.14          	((-1.522192e+01 -1.683495e-02 2.680054e-01) (2.916223e-02 6.165953e-04 3.177362e-03)) ((1.039318e-03 -5.498185e-01 4.672921e-03) (-1.725103e-05 5.337954e-04 4.691285e-05))
2.15          	((-1.566303e+01 -1.803205e-02 2.748545e-01) (2.238952e-02 5.953516e-04 3.190593e-03)) ((9.637588e-04 -5.591569e-01 4.939886e-03) (-1.924308e-05 3.615952e-04 4.988415e-05))
2.16          	((-1.607040e+01 -1.705453e-02 2.792090e-01) (1.564108e-02 5.769641e-04 3.204696e-03)) ((6.964045e-04 -5.676228e-01 4.997700e-03) (-2.115058e-05 1.905222e-04 5.280072e-05))
2.17          	((-1.644649e+01 -1.873885e-02 2.832944e-01) (8.925743e-03 5.593262e-04 3.224341e-03)) ((5.628480e-04 -5.746730e-01 4.840657e-03) (-2.329373e-05 2.093746e-05 5.613455e-05))
2.18          	((-1.679162e+01 -1.716071e-02 2.823270e-01) (2.249250e-03 5.420863e-04 3.247125e-03)) ((4.903863e-04 -5.816761e-01 5.061514e-03) (-2.512154e-05 -1.468622e-04 5.958854e-05))
2.19          	((-1.709798e+01 -1.793661e-02 2.820480e-01) (-4.381852e-03 5.249692e-04 3.272109e-03)) ((3.929501e-04 -5.873777e-01 5.987411e-03) (-2.668672e-05 -3.127524e-04 6.245190e-05))
2.2           	((-1.737617e+01 -1.615537e-02 2.786028e-01) (-1.095986e-02 5.071515e-04 3.301145e-03)) ((-9.982596e-05 -5.926658e-01 5.655707e-03) (-2.890032e-05 -4.765948e-04 6.483860e-05))
2.21          	((-1.762150e+01 -1.733168e-02 2.718751e-01) (-1.747658e-02 4.863562e-04 3.338915e-03)) ((-3.268936e-04 -5.952567e-01 6.203038e-03) (-3.104270e-05 -6.381981e-04 6.727650e-05))
2.22          	((-1.784120e+01 -2.010080e-02 2.643835e-01) (-2.392970e-02 4.661094e-04 3.379371e-03)) ((-5.924869e-04 -5.978300e-01 6.392602e-03) (-3.303310e-05 -7.967106e-04 7.036197e-05))
2.23          	((-1.803456e+01 -1.674254e-02 2.552382e-01) (-3.031853e-02 4.476514e-04 3.422133e-03)) ((-4.485653e-04 -6.003601e-01 6.308739e-03) (-3.468820e-05 -9.524389e-04 7.358734e-05))
2.24          	((-1.819509e+01 -1.310232e-02 2.489080e-01) (-3.664242e-02 4.298005e-04 3.467462e-03)) ((-5.323196e-04 -6.014414e-01 6.845214e-03) (-3.686380e-05 -1.105494e-03 7.733905e-05))
2.25          	((-1.834997e+01 -8.101363e-03 2.347975e-01) (-4.290441e-02 4.099831e-04 3.519752e-03)) ((-1.076206e-03 -6.021889e-01 6.956381e-03) (-3.901826e-05 -1.255999e-03 8.142602e-05))
2.26          	((-1.855074e+01 -7.187053e-03 2.645491e-01) (-4.911745e-02 3.936046e-04 3.579375e-03)) ((-1.304554e-03 -6.001474e-01 6.326723e-03) (-4.089329e-05 -1.404051e-03 8.547779e-05))
2.27          	((-1.849749e+01 -5.542330e-03 1.730383e-01) (-5.523374e-02 3.716200e-04 3.635549e-03)) ((-1.431042e-03 -5.991355e-01 6.741590e-03) (-4.292543e-05 -1.548190e-03 9.085800e-05))
2.28          	((-1.866800e+01 -2.146790e-03 1.826304e-01) (-6.130264e-02 3.484854e-04 3.694998e-03)) ((-1.723257e-03 -5.993416e-01 6.689314e-03) (-4.510721e-05 -1.689758e-03 9.650789e-05))
2.29          	((-1.874350e+01 -7.802954e-04 1.721875e-01) (-6.731937e-02 3.252463e-04 3.764653e-03)) ((-2.622434e-03 -5.969406e-01 6.198336e-03) (-4.701048e-05 -1.828438e-03 1.012126e-04))
2.3           	((-1.878054e+01 4.868170e-03 1.466906e-01) (-7.328528e-02 2.990360e-04 3.837752e-03)) ((-3.198734e-03 -5.940108e-01 5.745966e-03) (-4.803816e-05 -1.964085e-03 1.061730e-04))
2.31          	((-1.879530e+01 6.449686e-03 1.325614e-01) (-7.920263e-02 2.709094e-04 3.913677e-03)) ((-3.341753e-03 -5.890759e-01 5.327875e-03) (-4.908600e-05 -2.096858e-03 1.105937e-04))
2.32          	((-1.878458e+01 9.585396e-03 1.174183e-01) (-8.505567e-02 2.397349e-04 3.994905e-03)) ((-3.658999e-03 -5.829884e-01 4.983746e-03) (-4.948628e-05 -2.226279e-03 1.139000e-04))
2.33          	((-1.874571e+01 1.406878e-02 9.594716e-02) (-9.084735e-02 2.084680e-04 4.078356e-03)) ((-4.256900e-03 -5.759193e-01 4.273262e-03) (-4.941325e-05 -2.352320e-03 1.177989e-04))
2.34          	((-1.867945e+01 1.781216e-02 7.583715e-02) (-9.656638e-02 1.734409e-04 4.161675e-03)) ((-4.796416e-03 -5.678913e-01 3.711990e-03) (-4.913757e-05 -2.473773e-03 1.213279e-04))
2.35          	((-1.858884e+01 2.231211e-02 5.872147e-02) (-1.022079e-01 1.386710e-04 4.249059e-03)) ((-5.463042e-03 -5.588347e-01 3.343910e-03) (-4.864954e-05 -2.591384e-03 1.240051e-04))
2.36          	((-1.847406e+01 2.599760e-02 4.148734e-02) (-1.077598e-01 1.018469e-04 4.334466e-03)) ((-6.084658e-03 -5.483674e-01 2.986307e-03) (-4.833737e-05 -2.705156e-03 1.257059e-04))
2.37          	((-1.833129e+01 3.108981e-02 3.001346e-02) (-1.132127e-01 6.352094e-05 4.419773e-03)) ((-6.730235e-03 -5.367303e-01 2.846523e-03) (-4.768976e-05 -2.814593e-03 1.270375e-04))
2.38          	((-1.815705e+01 3.581890e-02 1.595983e-02) (-1.185473e-01 2.640992e-05 4.504355e-03)) ((-7.341124e-03 -5.235347e-01 2.990999e-03) (-4.650840e-05 -2.918895e-03 1.274526e-04))
2.39          	((-1.795275e+01 3.689374e-02 1.351983e-03) (-1.237518e-01 -9.682541e-06 4.590128e-03)) ((-7.562976e-03 -5.092317e-01 3.253223e-03) (-4.467207e-05 -3.019539e-03 1.257135e-04))
2.4           	((-1.771874e+01 4.046358e-02 -1.363072e-02) (-1.288000e-01 -4.542892e-05 4.672553e-03)) ((-8.163379e-03 -4.938546e-01 3.690128e-03) (-4.246871e-05 -3.115951e-03 1.226509e-04))
2.41          	((-1.745427e+01 4.290025e-02 -2.635362e-02) (-1.336766e-01 -8.103620e-05 4.747788e-03)) ((-8.487685e-03 -4.779303e-01 4.262689e-03) (-4.006049e-05 -3.208223e-03 1.170833e-04))
2.42          	((-1.715499e+01 4.287256e-02 -4.011615e-02) (-1.383625e-01 -1.119310e-04 4.812799e-03)) ((-8.860949e-03 -4.609208e-01 5.005701e-03) (-3.748241e-05 -3.295844e-03 1.089303e-04))
2.43          	((-1.681917e+01 4.290320e-02 -5.425220e-02) (-1.428453e-01 -1.395319e-04 4.873554e-03)) ((-8.827644e-03 -4.430909e-01 5.553853e-03) (-3.511808e-05 -3.378474e-03 9.835582e-05))
2.44          	((-1.645132e+01 4.286907e-02 -6.506914e-02) (-1.471021e-01 -1.647409e-04 4.929039e-03)) ((-9.212347e-03 -4.240732e-01 6.222829e-03) (-3.341424e-05 -3.455857e-03 8.530761e-05))
2.45          	((-1.604903e+01 4.206550e-02 -7.763652e-02) (-1.511216e-01 -1.889766e-04 4.981011e-03)) ((-9.499344e-03 -4.046029e-01 6.878771e-03) (-3.200106e-05 -3.527672e-03 7.104758e-05))
2.46          	((-1.561857e+01 4.083001e-02 -8.730068e-02) (-1.548933e-01 -2.074519e-04 5.033518e-03)) ((-9.540817e-03 -3.843863e-01 7.236260e-03) (-3.118562e-05 -3.594757e-03 5.413971e-05))
2.47          	((-1.515472e+01 3.811844e-02 -9.607760e-02) (-1.583968e-01 -2.191702e-04 5.079668e-03)) ((-9.338290e-03 -3.631818e-01 7.322084e-03) (-3.136258e-05 -3.657223e-03 3.610138e-05))
2.48          	((-1.465595e+01 3.706020e-02 -1.007918e-01) (-1.616244e-01 -2.270552e-04 5.125814e-03)) ((-9.413549e-03 -3.411286e-01 7.528919e-03) (-3.227772e-05 -3.715876e-03 1.806814e-05))
2.49          	((-1.412605e+01 3.559970e-02 -1.049380e-01) (-1.645719e-01 -2.306381e-04 5.168877e-03)) ((-9.409283e-03 -3.183189e-01 7.575951e-03) (-3.395292e-05 -3.770733e-03 -1.014874e-06))
2.5           	((-1.356496e+01 3.339266e-02 -1.035191e-01) (-1.672268e-01 -2.331760e-04 5.212278e-03)) ((-9.194159e-03 -2.951070e-01 7.522815e-03) (-3.576555e-05 -3.821678e-03 -1.998684e-05))
2.51          	((-1.297485e+01 3.123644e-02 -1.006547e-01) (-1.695770e-01 -2.358834e-04 5.255443e-03)) ((-9.095658e-03 -2.713866e-01 7.323891e-03) (-3.807762e-05 -3.868930e-03 -3.749153e-05))
2.52          	((-1.235572e+01 3.189564e-02 -9.575004e-02) (-1.716156e-01 -2.381397e-04 5.299838e-03)) ((-8.893013e-03 -2.469287e-01 7.305842e-03) (-4.025251e-05 -3.913295e-03 -5.322307e-05))
2.53          	((-1.171117e+01 3.187416e-02 -9.220942e-02) (-1.733307e-01 -2.404179e-04 5.340340e-03)) ((-8.402210e-03 -2.218788e-01 7.504834e-03) (-4.223449e-05 -3.953360e-03 -6.723016e-05))
2.54          	((-1.104432e+01 2.920410e-02 -8.499712e-02) (-1.747102e-01 -2.397146e-04 5.378609e-03)) ((-7.657617e-03 -1.966330e-01 7.618108e-03) (-4.364549e-05 -3.990132e-03 -7.985972e-05))
2.55          	((-1.035282e+01 2.780722e-02 -7.682162e-02) (-1.757512e-01 -2.379977e-04 5.415871e-03)) ((-7.108890e-03 -1.707811e-01 7.916018e-03) (-4.425817e-05 -4.022707e-03 -9.022316e-05))
2.56          	((-9.640049e+00 2.532093e-02 -6.459642e-02) (-1.764516e-01 -2.323413e-04 5.449765e-03)) ((-6.727554e-03 -1.451504e-01 7.977812e-03) (-4.382012e-05 -4.049239e-03 -9.859535e-05))
2.57          	((-8.906669e+00 2.347699e-02 -5.255184e-02) (-1.768036e-01 -2.224865e-04 5.483550e-03)) ((-6.123978e-03 -1.192611e-01 8.278152e-03) (-4.273970e-05 -4.070584e-03 -1.056868e-04))
2.58          	((-8.155260e+00 2.034919e-02 -3.473009e-02) (-1.768119e-01 -2.106416e-04 5.506579e-03)) ((-5.309551e-03 -9.321980e-02 8.457754e-03) (-4.108546e-05 -4.086508e-03 -1.119069e-04))
2.59          	((-7.386599e+00 1.876641e-02 -1.769675e-02) (-1.764612e-01 -1.960348e-04 5.521358e-03)) ((-4.576249e-03 -6.697983e-02 8.607203e-03) (-3.878839e-05 -4.096169e-03 -1.155573e-04))
2.6           	((-6.601508e+00 1.599999e-02 -1.041448e-03) (-1.757531e-01 -1.776692e-04 5.527541e-03)) ((-3.788565e-03 -4.089881e-02 8.883464e-03) (-3.599509e-05 -4.098318e-03 -1.192054e-04))
2.61          	((-5.801700e+00 1.459804e-02 1.786946e-02) (-1.746775e-01 -1.559649e-04 5.528757e-03)) ((-3.079122e-03 -1.499303e-02 8.892757e-03) (-3.300519e-05 -4.092687e-03 -1.222452e-04))
2.62          	((-4.989954e+00 1.262018e-02 3.671901e-02) (-1.732454e-01 -1.342550e-04 5.524009e-03)) ((-2.228756e-03 1.096745e-02 9.010651e-03) (-2.879213e-05 -4.079602e-03 -1.251758e-04))
2.63          	((-4.166569e+00 1.101900e-02 5.727724e-02) (-1.714490e-01 -1.056403e-04 5.513496e-03)) ((-1.491677e-03 3.667812e-02 8.834025e-03) (-2.507252e-05 -4.057658e-03 -1.278359e-04))
2.64          	((-3.333488e+00 9.767933e-03 7.740399e-02) (-1.693006e-01 -7.337964e-05 5.494010e-03)) ((-6.644197e-04 6.228431e-02 8.589923e-03) (-2.118354e-05 -4.027223e-03 -1.296295e-04))
2.65          	((-2.492993e+00 7.421835e-03 9.731150e-02) (-1.667995e-01 -3.595218e-05 5.462919e-03)) ((9.564533e-05 8.750067e-02 8.215396e-03) (-1.748284e-05 -3.987400e-03 -1.306926e-04))
2.66          	((-1.645184e+00 6.510229e-03 1.168551e-01) (-1.639568e-01 7.022332e-06 5.428246e-03)) ((7.785526e-04 1.124426e-01 7.593854e-03) (-1.397845e-05 -3.938152e-03 -1.311740e-04))
2.67          	((-7.910659e-01 5.203041e-03 1.341284e-01) (-1.607856e-01 5.402404e-05 5.390288e-03)) ((1.414035e-03 1.373632e-01 7.047020e-03) (-1.077197e-05 -3.879713e-03 -1.308766e-04))
2.68          	((6.335614e-02 4.057611e-03 1.494284e-01) (-1.572866e-01 1.032356e-04 5.353516e-03)) ((2.139909e-03 1.616646e-01 6.424387e-03) (-7.959520e-06 -3.811393e-03 -1.303619e-04))
2.69          	((9.175305e-01 2.452657e-03 1.653334e-01) (-1.534734e-01 1.502807e-04 5.310986e-03)) ((2.804728e-03 1.853961e-01 5.617217e-03) (-5.308452e-06 -3.733084e-03 -1.284202e-04))
2.7           	((1.770088e+00 1.349078e-03 1.794904e-01) (-1.493604e-01 1.962424e-04 5.266452e-03)) ((3.460431e-03 2.088823e-01 4.975179e-03) (-3.308956e-06 -3.646016e-03 -1.257861e-04))
2.71          	((2.617886e+00 5.878716e-04 1.903517e-01) (-1.449602e-01 2.400080e-04 5.219330e-03)) ((3.878517e-03 2.317242e-01 4.156485e-03) (-1.956256e-06 -3.549929e-03 -1.226265e-04))
2.72          	((3.460929e+00 1.225431e-03 2.021125e-01) (-1.402854e-01 2.815845e-04 5.169015e-03)) ((4.294653e-03 2.544898e-01 3.553984e-03) (-6.265082e-07 -3.444834e-03 -1.189478e-04))
2.73          	((4.295726e+00 3.758025e-03 2.107893e-01) (-1.353478e-01 3.208357e-04 5.116930e-03)) ((4.486816e-03 2.765736e-01 2.890956e-03) (1.473275e-07 -3.330805e-03 -1.148735e-04))
2.74          	((5.121493e+00 2.609136e-03 2.173488e-01) (-1.301615e-01 3.621397e-04 5.063303e-03)) ((4.592326e-03 2.980436e-01 2.147713e-03) (3.260543e-07 -3.208406e-03 -1.101793e-04))
2.75          	((5.934507e+00 2.861511e-03 2.221863e-01) (-1.247451e-01 4.021665e-04 5.007265e-03)) ((4.807916e-03 3.189246e-01 1.326835e-03) (4.264452e-07 -3.078055e-03 -1.056327e-04))
2.76          	((6.737175e+00 6.713066e-03 2.234680e-01) (-1.191129e-01 4.392512e-04 4.950386e-03)) ((4.749489e-03 3.393634e-01 7.298997e-04) (3.712745e-07 -2.940530e-03 -1.009422e-04))
2.77          	((7.523112e+00 7.269200e-03 2.269135e-01) (-1.132842e-01 4.736432e-04 4.891820e-03)) ((4.966004e-03 3.590917e-01 8.470676e-05) (5.764797e-07 -2.796390e-03 -9.605955e-05))
2.78          	((8.292159e+00 6.951599e-03 2.302774e-01) (-1.072770e-01 5.048401e-04 4.831511e-03)) ((4.931129e-03 3.783411e-01 -6.512663e-04) (4.686115e-07 -2.646132e-03 -9.130757e-05))
2.79          	((9.041516e+00 9.373910e-03 2.296952e-01) (-1.011062e-01 5.357236e-04 4.771309e-03)) ((5.093421e-03 3.966389e-01 -1.181711e-03) (5.428158e-07 -2.490207e-03 -8.710072e-05))
2.8           	((9.770581e+00 1.209260e-02 2.268128e-01) (-9.478847e-02 5.644769e-04 4.712021e-03)) ((5.189923e-03 4.142889e-01 -1.788444e-03) (6.430197e-07 -2.329178e-03 -8.319172e-05))
2.81          	((1.047709e+01 1.187765e-02 2.237161e-01) (-8.834299e-02 5.905741e-04 4.651469e-03)) ((5.411767e-03 4.312309e-01 -2.289058e-03) (5.118698e-07 -2.163704e-03 -7.927378e-05))
2.82          	((1.115936e+01 1.170226e-02 2.210662e-01) (-8.178775e-02 6.172047e-04 4.589287e-03)) ((5.554272e-03 4.473321e-01 -2.912236e-03) (4.636240e-07 -1.994272e-03 -7.533122e-05))
2.83          	((1.181513e+01 1.192685e-02 2.153214e-01) (-7.514190e-02 6.418060e-04 4.527332e-03)) ((5.640442e-03 4.626941e-01 -3.367726e-03) (-5.463635e-08 -1.821763e-03 -7.123566e-05))
2.84          	((1.244291e+01 1.274972e-02 2.093892e-01) (-6.842143e-02 6.627781e-04 4.467844e-03)) ((5.655418e-03 4.771487e-01 -3.547625e-03) (-8.095739e-07 -1.646629e-03 -6.721402e-05))
2.85          	((1.304349e+01 1.352316e-02 2.055222e-01) (-6.164303e-02 6.860121e-04 4.410689e-03)) ((5.541876e-03 4.906049e-01 -4.160172e-03) (-1.985864e-06 -1.469549e-03 -6.315195e-05))
2.86          	((1.361205e+01 1.429448e-02 1.968607e-01) (-5.481914e-02 7.108216e-04 4.354416e-03)) ((5.598549e-03 5.032524e-01 -4.679236e-03) (-2.952626e-06 -1.291473e-03 -5.966904e-05))
2.87          	((1.414985e+01 1.468857e-02 1.908124e-01) (-4.796619e-02 7.357199e-04 4.299378e-03)) ((5.415440e-03 5.149640e-01 -4.960102e-03) (-3.388379e-06 -1.113216e-03 -5.673659e-05))
2.88          	((1.465565e+01 1.614551e-02 1.803555e-01) (-4.109991e-02 7.611622e-04 4.247843e-03)) ((5.520976e-03 5.256487e-01 -5.300715e-03) (-3.866862e-06 -9.351491e-04 -5.366215e-05))
2.89          	((1.513304e+01 1.657550e-02 1.714170e-01) (-3.423220e-02 7.828931e-04 4.198582e-03)) ((5.718411e-03 5.356230e-01 -6.052487e-03) (-4.455381e-06 -7.575475e-04 -5.067495e-05))
2.9           	((1.557380e+01 1.684304e-02 1.577748e-01) (-2.737767e-02 8.032498e-04 4.150575e-03)) ((5.639641e-03 5.446593e-01 -6.501957e-03) (-5.028868e-06 -5.814304e-04 -4.824468e-05))
2.91          	((1.598166e+01 1.780631e-02 1.483012e-01) (-2.054344e-02 8.232261e-04 4.107519e-03)) ((5.582825e-03 5.529684e-01 -7.113415e-03) (-5.405516e-06 -4.070299e-04 -4.571907e-05))
2.92          	((1.635772e+01 1.634102e-02 1.321537e-01) (-1.374262e-02 8.408715e-04 4.067239e-03)) ((5.384238e-03 5.602221e-01 -7.050768e-03) (-5.460182e-06 -2.342418e-04 -4.367182e-05))
2.93          	((1.670098e+01 1.599786e-02 1.210843e-01) (-6.984092e-03 8.589145e-04 4.027680e-03)) ((5.513241e-03 5.665609e-01 -7.657046e-03) (-5.395598e-06 -6.335552e-05 -4.149726e-05))
2.94          	((1.701143e+01 1.866123e-02 1.011300e-01) (-2.707741e-04 8.779134e-04 3.991236e-03)) ((5.239204e-03 5.721032e-01 -8.603168e-03) (-5.571100e-06 1.051066e-04 -4.011267e-05))
2.95          	((1.729237e+01 1.986163e-02 8.338416e-02) (6.393277e-03 8.944924e-04 3.958364e-03)) ((5.431730e-03 5.765603e-01 -8.735352e-03) (-5.441761e-06 2.705376e-04 -3.919135e-05))
2.96          	((1.754073e+01 2.436155e-02 6.286540e-02) (1.299654e-02 9.107287e-04 3.929035e-03)) ((5.217731e-03 5.802358e-01 -8.834554e-03) (-5.002836e-06 4.327439e-04 -3.810492e-05))
2.97          	((1.775844e+01 3.238304e-02 3.984954e-02) (1.953802e-02 9.224387e-04 3.904960e-03)) ((4.572117e-03 5.837194e-01 -9.450116e-03) (-4.531807e-06 5.912869e-04 -3.698833e-05))
2.98          	((1.794846e+01 3.279474e-02 1.565276e-02) (2.600731e-02 9.318527e-04 3.886547e-03)) ((4.490269e-03 5.854969e-01 -1.039417e-02) (-4.439963e-06 7.460028e-04 -3.583988e-05))
2.99          	((1.811551e+01 3.255533e-02 -5.716691e-03) (3.240690e-02 9.420434e-04 3.878444e-03)) ((4.057615e-03 5.877598e-01 -1.077015e-02) (-4.544145e-06 8.978072e-04 -3.455241e-05))
3             	((1.826546e+01 3.432585e-02 -4.463530e-02) (3.873727e-02 9.508238e-04 3.875769e-03)) ((3.638173e-03 5.892694e-01 -1.155545e-02) (-4.404551e-06 1.046014e-03 -3.376152e-05))
3.01          	((1.844145e+01 3.494008e-02 -7.498541e-03) (4.500332e-02 9.562714e-04 3.880000e-03)) ((3.925911e-03 5.845675e-01 -1.166285e-02) (-4.182993e-06 1.190483e-03 -3.241816e-05))
3.02          	((1.842220e+01 3.499862e-02 -1.167404e-01) (5.117225e-02 9.610701e-04 3.887439e-03)) ((3.026740e-03 5.874342e-01 -1.261538e-02) (-3.976787e-06 1.331917e-03 -3.108070e-05))
3.03          	((1.856558e+01 3.592262e-02 -1.299878e-01) (5.726988e-02 9.634397e-04 3.905723e-03)) ((2.398225e-03 5.866308e-01 -1.197382e-02) (-3.399882e-06 1.469660e-03 -2.971857e-05))
3.04          	((1.864661e+01 3.566821e-02 -1.596212e-01) (6.330603e-02 9.667383e-04 3.927142e-03)) ((2.280339e-03 5.848842e-01 -1.252940e-02) (-3.302499e-06 1.604491e-03 -2.829761e-05))
3.05          	((1.868339e+01 3.714753e-02 -1.915132e-01) (6.928085e-02 9.686144e-04 3.954222e-03)) ((1.887230e-03 5.806505e-01 -1.260622e-02) (-3.637929e-06 1.735874e-03 -2.669910e-05))
3.06          	((1.869031e+01 3.475590e-02 -2.196809e-01) (7.519586e-02 9.696653e-04 3.990365e-03)) ((1.883313e-03 5.757227e-01 -1.245440e-02) (-4.120424e-06 1.864243e-03 -2.506612e-05))
3.07          	((1.867567e+01 3.360261e-02 -2.492953e-01) (8.103840e-02 9.749373e-04 4.036225e-03)) ((1.719239e-03 5.704792e-01 -1.265106e-02) (-4.902723e-06 1.989249e-03 -2.396943e-05))
3.08          	((1.863802e+01 3.321232e-02 -2.825277e-01) (8.680714e-02 9.778084e-04 4.089907e-03)) ((1.219942e-03 5.642874e-01 -1.259458e-02) (-5.913320e-06 2.111023e-03 -2.362793e-05))
3.09          	((1.857543e+01 3.176119e-02 -3.120315e-01) (9.249868e-02 9.794924e-04 4.148186e-03)) ((9.742035e-04 5.569727e-01 -1.256425e-02) (-7.050388e-06 2.229426e-03 -2.294773e-05))
3.1           	((1.848755e+01 2.884447e-02 -3.358847e-01) (9.810251e-02 9.853921e-04 4.210010e-03)) ((6.588914e-04 5.489842e-01 -1.264239e-02) (-8.189194e-06 2.344671e-03 -2.312499e-05))
3.11          	((1.837476e+01 2.483210e-02 -3.594665e-01) (1.036118e-01 9.922249e-04 4.276440e-03)) ((5.403387e-04 5.395090e-01 -1.283181e-02) (-9.375973e-06 2.455633e-03 -2.282434e-05))
3.12          	((1.823239e+01 2.278655e-02 -3.768548e-01) (1.090158e-01 1.002926e-03 4.347398e-03)) ((4.186780e-04 5.286097e-01 -1.285405e-02) (-1.058398e-05 2.562704e-03 -2.240093e-05))
3.13          	((1.806133e+01 1.661689e-02 -3.917457e-01) (1.143019e-01 1.015026e-03 4.417158e-03)) ((4.351429e-04 5.167803e-01 -1.287464e-02) (-1.152067e-05 2.665546e-03 -2.178982e-05))
3.14          	((1.785994e+01 1.066942e-02 -4.049319e-01) (1.194514e-01 1.029420e-03 4.485693e-03)) ((5.850437e-04 5.035774e-01 -1.306973e-02) (-1.263802e-05 2.763301e-03 -2.075596e-05))
3.15          	((1.762713e+01 6.759368e-03 -4.174234e-01) (1.244524e-01 1.044567e-03 4.548927e-03)) ((5.556749e-04 4.893310e-01 -1.308685e-02) (-1.418027e-05 2.856692e-03 -1.908912e-05))
3.16          	((1.736307e+01 1.010063e-03 -4.265919e-01) (1.292880e-01 1.059800e-03 4.606279e-03)) ((3.139650e-04 4.741483e-01 -1.309517e-02) (-1.536071e-05 2.945125e-03 -1.691116e-05))
3.17          	((1.706596e+01 -3.026725e-03 -4.330899e-01) (1.339376e-01 1.075090e-03 4.656736e-03)) ((3.532776e-04 4.578937e-01 -1.301599e-02) (-1.626234e-05 3.028584e-03 -1.408133e-05))
3.18          	((1.673574e+01 -7.080972e-03 -4.384215e-01) (1.383845e-01 1.090178e-03 4.699956e-03)) ((5.575164e-04 4.407131e-01 -1.300649e-02) (-1.714906e-05 3.106831e-03 -1.031865e-05))
3.19          	((1.637240e+01 -1.003672e-02 -4.430781e-01) (1.426138e-01 1.104936e-03 4.732899e-03)) ((5.695501e-04 4.224993e-01 -1.286420e-02) (-1.816413e-05 3.179792e-03 -4.879808e-06))
3.2           	((1.597249e+01 -1.435752e-02 -4.484464e-01) (1.466063e-01 1.119020e-03 4.751937e-03)) ((5.757616e-04 4.035672e-01 -1.295682e-02) (-1.917314e-05 3.248568e-03 1.877695e-06))
3.21          	((1.554250e+01 -1.636052e-02 -4.502607e-01) (1.503508e-01 1.129483e-03 4.760082e-03)) ((3.789118e-04 3.835468e-01 -1.270205e-02) (-2.062048e-05 3.311878e-03 9.865211e-06))
3.22          	((1.508185e+01 -1.762198e-02 -4.530873e-01) (1.538362e-01 1.135102e-03 4.757847e-03)) ((6.208897e-04 3.627753e-01 -1.258963e-02) (-2.199754e-05 3.370897e-03 1.798373e-05))
3.23          	((1.458842e+01 -1.919544e-02 -4.538486e-01) (1.570562e-01 1.140736e-03 4.743831e-03)) ((3.742949e-04 3.412399e-01 -1.221795e-02) (-2.352082e-05 3.424930e-03 2.686292e-05))
3.24          	((1.406438e+01 -1.983482e-02 -4.528520e-01) (1.599907e-01 1.143978e-03 4.718493e-03)) ((2.633281e-04 3.189199e-01 -1.187553e-02) (-2.526346e-05 3.474209e-03 3.593701e-05))
3.25          	((1.351030e+01 -1.980739e-02 -4.450514e-01) (1.626248e-01 1.146422e-03 4.686519e-03)) ((4.524257e-04 2.958546e-01 -1.127493e-02) (-2.686602e-05 3.519194e-03 4.430015e-05))
3.26          	((1.292773e+01 -2.014824e-02 -4.374092e-01) (1.649667e-01 1.146323e-03 4.646903e-03)) ((5.383777e-04 2.721926e-01 -1.073709e-02) (-2.803835e-05 3.559733e-03 5.261203e-05))
3.27          	((1.231627e+01 -1.804384e-02 -4.314384e-01) (1.669997e-01 1.141697e-03 4.597932e-03)) ((4.726079e-04 2.476920e-01 -1.014572e-02) (-2.913785e-05 3.596087e-03 6.101047e-05))
3.28          	((1.167762e+01 -1.963782e-02 -4.234839e-01) (1.687111e-01 1.136217e-03 4.543914e-03)) ((4.579646e-04 2.228422e-01 -9.325675e-03) (-3.007325e-05 3.627570e-03 6.822656e-05))
3.29          	((1.101297e+01 -2.156987e-02 -4.122682e-01) (1.700957e-01 1.128294e-03 4.485413e-03)) ((7.319966e-04 1.974019e-01 -8.669599e-03) (-3.103206e-05 3.654552e-03 7.372281e-05))
3.3           	((1.032559e+01 -2.203761e-02 -4.031039e-01) (1.711469e-01 1.118474e-03 4.426698e-03)) ((5.084652e-04 1.717183e-01 -7.886614e-03) (-3.146646e-05 3.676840e-03 7.834030e-05))
3.31          	((9.615674e+00 -2.369803e-02 -3.944212e-01) (1.718555e-01 1.107825e-03 4.367953e-03)) ((5.943881e-04 1.455591e-01 -7.106163e-03) (-3.196618e-05 3.695340e-03 8.139269e-05))
3.32          	((8.883613e+00 -2.551516e-02 -3.807968e-01) (1.722156e-01 1.094426e-03 4.313155e-03)) ((7.642170e-04 1.192596e-01 -6.178581e-03) (-3.188790e-05 3.709382e-03 8.329192e-05))
3.33          	((8.130024e+00 -2.628846e-02 -3.660112e-01) (1.722150e-01 1.082626e-03 4.262716e-03)) ((1.281781e-03 9.253205e-02 -5.441529e-03) (-3.159288e-05 3.718430e-03 8.488500e-05))
3.34          	((7.358747e+00 -2.750691e-02 -3.490288e-01) (1.718488e-01 1.068464e-03 4.213316e-03)) ((1.539415e-03 6.591182e-02 -4.682925e-03) (-3.150839e-05 3.721891e-03 8.532847e-05))
3.35          	((6.571138e+00 -3.202646e-02 -3.292797e-01) (1.711122e-01 1.053735e-03 4.162369e-03)) ((1.969488e-03 3.924575e-02 -3.855504e-03) (-3.154377e-05 3.719759e-03 8.489121e-05))
3.36          	((5.768261e+00 -3.328364e-02 -3.088623e-01) (1.700141e-01 1.040162e-03 4.115766e-03)) ((2.337829e-03 1.230597e-02 -3.281043e-03) (-3.127190e-05 3.711266e-03 8.348076e-05))
3.37          	((4.951403e+00 -3.415161e-02 -2.862717e-01) (1.685520e-01 1.027073e-03 4.070013e-03)) ((2.637890e-03 -1.444573e-02 -2.882152e-03) (-3.114462e-05 3.696383e-03 8.127271e-05))
3.38          	((4.122769e+00 -3.567846e-02 -2.612563e-01) (1.667303e-01 1.015344e-03 4.023918e-03)) ((2.851467e-03 -4.112991e-02 -2.476376e-03) (-3.101092e-05 3.674810e-03 7.840336e-05))
3.39          	((3.283589e+00 -3.600013e-02 -2.359365e-01) (1.645590e-01 1.006029e-03 3.979467e-03)) ((3.029900e-03 -6.777943e-02 -1.885144e-03) (-3.078392e-05 3.646832e-03 7.551712e-05))
3.4           	((2.436430e+00 -3.724618e-02 -2.080597e-01) (1.620388e-01 9.982050e-04 3.937999e-03)) ((3.098509e-03 -9.438489e-02 -1.544176e-03) (-3.101469e-05 3.611817e-03 7.239457e-05))
3.41          	((1.583740e+00 -3.711797e-02 -1.787601e-01) (1.591752e-01 9.932576e-04 3.896870e-03)) ((3.316805e-03 -1.206394e-01 -1.213294e-03) (-3.162794e-05 3.568252e-03 6.896817e-05))
3.42          	((7.252041e-01 -3.833681e-02 -1.484307e-01) (1.559843e-01 9.907320e-04 3.859519e-03)) ((3.440279e-03 -1.462976e-01 -8.875446e-04) (-3.224808e-05 3.516376e-03 6.530225e-05))
3.43          	((-1.346105e-01 -3.696655e-02 -1.168953e-01) (1.524667e-01 9.877978e-04 3.826169e-03)) ((3.353818e-03 -1.717688e-01 -5.640590e-04) (-3.316598e-05 3.455496e-03 6.090913e-05))
3.44          	((-9.939637e-01 -3.783546e-02 -8.701544e-02) (1.486341e-01 9.845595e-04 3.795462e-03)) ((3.728097e-03 -1.968316e-01 -4.390129e-04) (-3.432842e-05 3.385674e-03 5.678737e-05))
3.45          	((-1.850523e+00 -3.791951e-02 -5.594683e-02) (1.444999e-01 9.833125e-04 3.766100e-03)) ((3.743434e-03 -2.214120e-01 -2.349405e-04) (-3.606214e-05 3.305979e-03 5.250235e-05))
3.46          	((-2.702387e+00 -3.785657e-02 -2.517237e-02) (1.400789e-01 9.838803e-04 3.738525e-03)) ((3.697009e-03 -2.453048e-01 9.542129e-05) (-3.761816e-05 3.217492e-03 4.855191e-05))
3.47          	((-3.548358e+00 -3.776382e-02 6.245320e-03) (1.353819e-01 9.852823e-04 3.711691e-03)) ((3.452273e-03 -2.686397e-01 1.021638e-04) (-3.943046e-05 3.120219e-03 4.547644e-05))
3.48          	((-4.387056e+00 -3.565655e-02 3.749380e-02) (1.304270e-01 9.856967e-04 3.685512e-03)) ((3.238683e-03 -2.912695e-01 3.378999e-04) (-4.123732e-05 3.014416e-03 4.183544e-05))
3.49          	((-5.217219e+00 -3.651032e-02 6.635970e-02) (1.252317e-01 9.859573e-04 3.662136e-03)) ((3.333994e-03 -3.133852e-01 6.022581e-04) (-4.288532e-05 2.901031e-03 3.927203e-05))
3.5           	((-6.034614e+00 -3.576888e-02 9.121312e-02) (1.198058e-01 9.829890e-04 3.639703e-03)) ((3.059407e-03 -3.348305e-01 8.550967e-04) (-4.443366e-05 2.779920e-03 3.679180e-05))
3.51          	((-6.837805e+00 -3.546102e-02 1.157438e-01) (1.141672e-01 9.782869e-04 3.618683e-03)) ((3.145488e-03 -3.556185e-01 9.353157e-04) (-4.606959e-05 2.651369e-03 3.532571e-05))
3.52          	((-7.624666e+00 -3.519433e-02 1.385370e-01) (1.083334e-01 9.726965e-04 3.598545e-03)) ((2.802480e-03 -3.756191e-01 1.205961e-03) (-4.739271e-05 2.515829e-03 3.377078e-05))
3.53          	((-8.393827e+00 -3.502614e-02 1.589678e-01) (1.023222e-01 9.671786e-04 3.580269e-03)) ((2.516689e-03 -3.946393e-01 1.501184e-03) (-4.847109e-05 2.373777e-03 3.263722e-05))
3.54          	((-9.144182e+00 -3.342929e-02 1.786118e-01) (9.615311e-02 9.590077e-04 3.565281e-03)) ((2.195471e-03 -4.131705e-01 1.815719e-03) (-4.946664e-05 2.225759e-03 3.192894e-05))
3.55          	((-9.872930e+00 -3.169597e-02 1.967335e-01) (8.984249e-02 9.509761e-04 3.549189e-03)) ((1.870993e-03 -4.309053e-01 1.838017e-03) (-5.052142e-05 2.072198e-03 3.259583e-05))
3.56          	((-1.057784e+01 -3.127823e-02 2.109716e-01) (8.340995e-02 9.431304e-04 3.533665e-03)) ((1.527690e-03 -4.475655e-01 2.061152e-03) (-5.144703e-05 1.913712e-03 3.309135e-05))
3.57          	((-1.125724e+01 -3.160789e-02 2.270618e-01) (7.687097e-02 9.337673e-04 3.523284e-03)) ((1.321576e-03 -4.633820e-01 2.208987e-03) (-5.266502e-05 1.751086e-03 3.404784e-05))
3.58          	((-1.191370e+01 -3.119015e-02 2.397871e-01) (7.024190e-02 9.241289e-04 3.514229e-03)) ((1.025369e-03 -4.783326e-01 2.647013e-03) (-5.334681e-05 1.584731e-03 3.525609e-05))
3.59          	((-1.254047e+01 -3.225979e-02 2.496285e-01) (6.354079e-02 9.125143e-04 3.505608e-03)) ((9.422832e-04 -4.925016e-01 2.619133e-03) (-5.393260e-05 1.415380e-03 3.665201e-05))
3.6           	((-1.313797e+01 -2.858748e-02 2.598228e-01) (5.678176e-02 9.000023e-04 3.498587e-03)) ((4.586970e-04 -5.059521e-01 2.683445e-03) (-5.465331e-05 1.243890e-03 3.900348e-05))
3.61          	((-1.370488e+01 -2.728658e-02 2.689870e-01) (4.998172e-02 8.858790e-04 3.493408e-03)) ((1.952512e-04 -5.184616e-01 3.319896e-03) (-5.550559e-05 1.070424e-03 4.155858e-05))
3.62          	((-1.424155e+01 -2.856340e-02 2.785076e-01) (4.315674e-02 8.697729e-04 3.490395e-03)) ((4.602925e-05 -5.301141e-01 3.588158e-03) (-5.640212e-05 8.958657e-04 4.435173e-05))
3.63          	((-1.474421e+01 -2.902001e-02 2.842071e-01) (3.632415e-02 8.525803e-04 3.491801e-03)) ((1.821635e-04 -5.410457e-01 3.633707e-03) (-5.735295e-05 7.205687e-04 4.762976e-05))
3.64          	((-1.521710e+01 -2.228661e-02 2.897049e-01) (2.949631e-02 8.336833e-04 3.497337e-03)) ((-3.670430e-04 -5.509143e-01 3.961013e-03) (-5.844793e-05 5.452913e-04 5.117883e-05))
3.65          	((-1.565821e+01 -2.435669e-02 2.943194e-01) (2.268154e-02 8.138888e-04 3.505211e-03)) ((-6.454276e-04 -5.601959e-01 4.154913e-03) (-5.960292e-05 3.705193e-04 5.433064e-05))
3.66          	((-1.606654e+01 -2.470800e-02 2.974961e-01) (1.589336e-02 7.983412e-04 3.518975e-03)) ((-7.479704e-04 -5.686061e-01 4.151304e-03) (-6.080341e-05 1.963664e-04 5.792697e-05))
3.67          	((-1.644218e+01 -2.351560e-02 2.985106e-01) (9.139913e-03 7.806312e-04 3.539630e-03)) ((-1.014110e-03 -5.759247e-01 4.505274e-03) (-6.178194e-05 2.343335e-05 6.140424e-05))
3.68          	((-1.678448e+01 -2.255043e-02 3.020501e-01) (2.428792e-03 7.626115e-04 3.559902e-03)) ((-1.094839e-03 -5.821960e-01 5.081960e-03) (-6.268826e-05 -1.476551e-04 6.515090e-05))
3.69          	((-1.709108e+01 -2.042616e-02 3.015511e-01) (-4.233517e-03 7.470238e-04 3.584364e-03)) ((-1.488249e-03 -5.875861e-01 5.353761e-03) (-6.362784e-05 -3.165856e-04 6.906518e-05))
3.7           	((-1.736702e+01 -1.817562e-02 2.968446e-01) (-1.084031e-02 7.287541e-04 3.614166e-03)) ((-1.972894e-03 -5.929168e-01 5.607565e-03) (-6.478634e-05 -4.832482e-04 7.192641e-05))
3.71          	((-1.761309e+01 -1.926659e-02 2.919751e-01) (-1.738751e-02 7.108679e-04 3.646213e-03)) ((-2.423033e-03 -5.959541e-01 5.898197e-03) (-6.569837e-05 -6.475637e-04 7.494083e-05))
3.72          	((-1.783346e+01 -2.092142e-02 2.836478e-01) (-2.387081e-02 6.918114e-04 3.686729e-03)) ((-2.399647e-03 -5.989108e-01 5.863467e-03) (-6.685608e-05 -8.088317e-04 7.803310e-05))
3.73          	((-1.802800e+01 -1.954488e-02 2.772339e-01) (-3.028888e-02 6.735070e-04 3.733045e-03)) ((-2.609436e-03 -6.005904e-01 6.208690e-03) (-6.823198e-05 -9.669937e-04 8.198284e-05))
3.74          	((-1.819830e+01 -1.760098e-02 2.728468e-01) (-3.663853e-02 6.553026e-04 3.779359e-03)) ((-2.395454e-03 -6.019431e-01 6.700456e-03) (-7.012258e-05 -1.122394e-03 8.611973e-05))
3.75          	((-1.835219e+01 -1.298726e-02 2.654277e-01) (-4.292481e-02 6.333181e-04 3.831655e-03)) ((-3.184943e-03 -6.032817e-01 6.854698e-03) (-7.175810e-05 -1.274671e-03 9.060393e-05))
3.76          	((-1.853008e+01 -9.943416e-03 2.825697e-01) (-4.915994e-02 6.121413e-04 3.890906e-03)) ((-2.753441e-03 -6.028818e-01 6.601733e-03) (-7.293442e-05 -1.424420e-03 9.472702e-05))
3.77          	((-1.849370e+01 -8.937002e-03 1.974702e-01) (-5.529398e-02 5.905656e-04 3.946846e-03)) ((-3.387098e-03 -5.991866e-01 6.438992e-03) (-7.444361e-05 -1.570027e-03 9.926049e-05))
3.78          	((-1.864929e+01 -1.736579e-03 2.141623e-01) (-6.137596e-02 5.666296e-04 4.004617e-03)) ((-4.341226e-03 -5.995938e-01 6.887748e-03) (-7.600212e-05 -1.713581e-03 1.042130e-04))
3.79          	((-1.871905e+01 3.801429e-04 2.005786e-01) (-6.740383e-02 5.447573e-04 4.065319e-03)) ((-4.348470e-03 -5.975499e-01 6.560513e-03) (-7.719965e-05 -1.854291e-03 1.078702e-04))
3.8           	((-1.875929e+01 1.167771e-03 1.795145e-01) (-7.338260e-02 5.184255e-04 4.133747e-03)) ((-4.590406e-03 -5.938596e-01 6.063019e-03) (-7.828776e-05 -1.992079e-03 1.116507e-04))
3.81          	((-1.876909e+01 3.380682e-03 1.580540e-01) (-7.930280e-02 4.915598e-04 4.204429e-03)) ((-5.215960e-03 -5.889727e-01 5.122264e-03) (-7.946637e-05 -2.126198e-03 1.154270e-04))
3.82          	((-1.875420e+01 7.701446e-03 1.382047e-01) (-8.516445e-02 4.644957e-04 4.275932e-03)) ((-5.818686e-03 -5.828666e-01 4.724923e-03) (-8.020745e-05 -2.256982e-03 1.189205e-04))
3.83          	((-1.871454e+01 1.309868e-02 1.189505e-01) (-9.095671e-02 4.345772e-04 4.345961e-03)) ((-6.238925e-03 -5.757790e-01 4.035129e-03) (-8.055749e-05 -2.383599e-03 1.219076e-04))
3.84          	((-1.865302e+01 1.691875e-02 9.734547e-02) (-9.667766e-02 3.997494e-04 4.418863e-03)) ((-6.755410e-03 -5.674784e-01 3.469762e-03) (-8.075142e-05 -2.506301e-03 1.245656e-04))
3.85          	((-1.856411e+01 1.954242e-02 8.455038e-02) (-1.023174e-01 3.592340e-04 4.491310e-03)) ((-7.426637e-03 -5.580473e-01 3.222512e-03) (-8.054422e-05 -2.624404e-03 1.264771e-04))
3.86          	((-1.844849e+01 2.341315e-02 6.981943e-02) (-1.078679e-01 3.168691e-04 4.565269e-03)) ((-7.745900e-03 -5.474305e-01 2.997786e-03) (-8.041472e-05 -2.738527e-03 1.266412e-04))
3.87          	((-1.830514e+01 2.672653e-02 5.877490e-02) (-1.133137e-01 2.713864e-04 4.638504e-03)) ((-8.192974e-03 -5.355939e-01 3.095394e-03) (-7.991093e-05 -2.848476e-03 1.260917e-04))
3.88          	((-1.813213e+01 2.896478e-02 4.526161e-02) (-1.186388e-01 2.270129e-04 4.710286e-03)) ((-8.576432e-03 -5.227354e-01 3.265434e-03) (-7.880987e-05 -2.953686e-03 1.253681e-04))
3.89          	((-1.792690e+01 3.225688e-02 3.130960e-02) (-1.238261e-01 1.852106e-04 4.777136e-03)) ((-8.818545e-03 -5.084871e-01 3.729899e-03) (-7.712726e-05 -3.054662e-03 1.229528e-04))
3.9           	((-1.769249e+01 3.480977e-02 1.668218e-02) (-1.288596e-01 1.423165e-04 4.839274e-03)) ((-9.264907e-03 -4.930865e-01 4.037661e-03) (-7.487147e-05 -3.151144e-03 1.185756e-04))
3.91          	((-1.742625e+01 3.498043e-02 6.252521e-03) (-1.337152e-01 1.012942e-04 4.896260e-03)) ((-9.843370e-03 -4.770016e-01 4.763001e-03) (-7.272876e-05 -3.243457e-03 1.116838e-04))
3.92          	((-1.712658e+01 3.361496e-02 -7.777950e-03) (-1.383718e-01 6.418705e-05 4.944960e-03)) ((-1.006816e-02 -4.598606e-01 5.562808e-03) (-6.989152e-05 -3.330474e-03 1.028348e-04))
3.93          	((-1.679110e+01 3.474858e-02 -2.189318e-02) (-1.428162e-01 2.595576e-05 4.985683e-03)) ((-1.010676e-02 -4.420307e-01 6.405928e-03) (-6.724045e-05 -3.412634e-03 9.138019e-05))
3.94          	((-1.642276e+01 3.283492e-02 -3.541663e-02) (-1.470313e-01 -6.787513e-06 5.022489e-03)) ((-1.036511e-02 -4.232864e-01 6.963669e-03) (-6.487610e-05 -3.489561e-03 7.604576e-05))
3.95          	((-1.601877e+01 3.261784e-02 -4.598013e-02) (-1.510103e-01 -3.999373e-05 5.054483e-03)) ((-1.046757e-02 -4.036028e-01 7.576119e-03) (-6.300431e-05 -3.560867e-03 5.862306e-05))
3.96          	((-1.558489e+01 3.283239e-02 -5.570466e-02) (-1.547345e-01 -6.585593e-05 5.087086e-03)) ((-1.071422e-02 -3.831914e-01 7.689122e-03) (-6.183958e-05 -3.627229e-03 3.921005e-05))
3.97          	((-1.511927e+01 3.221855e-02 -6.760326e-02) (-1.581905e-01 -8.611432e-05 5.115347e-03)) ((-1.042580e-02 -3.619574e-01 7.552655e-03) (-6.094892e-05 -3.689055e-03 1.972419e-05))
3.98          	((-1.462065e+01 3.121800e-02 -7.451797e-02) (-1.613697e-01 -1.019795e-04 5.143138e-03)) ((-1.017102e-02 -3.400105e-01 7.651048e-03) (-6.038169e-05 -3.747193e-03 -7.520715e-07))
3.99          	((-1.408992e+01 3.176883e-02 -7.812556e-02) (-1.642612e-01 -1.168787e-04 5.172282e-03)) ((-1.002284e-02 -3.174518e-01 7.495515e-03) (-6.041552e-05 -3.801221e-03 -2.193922e-05))
4             	((-1.352773e+01 3.075328e-02 -8.054537e-02) (-1.668623e-01 -1.273016e-04 5.203679e-03)) ((-9.710046e-03 -2.942514e-01 7.165554e-03) (-6.066217e-05 -3.851026e-03 -4.239337e-05))
4.01          	((-1.293558e+01 3.006902e-02 -7.922025e-02) (-1.691588e-01 -1.391914e-04 5.235330e-03)) ((-9.254528e-03 -2.703372e-01 6.776282e-03) (-6.139252e-05 -3.897220e-03 -6.149757e-05))
4.02          	((-1.231698e+01 3.161529e-02 -7.839106e-02) (-1.711417e-01 -1.501676e-04 5.267279e-03)) ((-9.093647e-03 -2.459793e-01 6.420985e-03) (-6.208446e-05 -3.940698e-03 -7.824971e-05))
4.03          	((-1.167115e+01 3.245916e-02 -7.838002e-02) (-1.728024e-01 -1.567384e-04 5.300305e-03)) ((-8.530606e-03 -2.211477e-01 6.483834e-03) (-6.222614e-05 -3.980046e-03 -9.310150e-05))
4.04          	((-1.100088e+01 3.183331e-02 -7.292740e-02) (-1.741275e-01 -1.621242e-04 5.332179e-03)) ((-8.143914e-03 -1.957946e-01 6.724385e-03) (-6.170646e-05 -4.015861e-03 -1.061485e-04))
4.05          	((-1.030807e+01 2.973864e-02 -6.738815e-02) (-1.751194e-01 -1.662323e-04 5.363508e-03)) ((-7.302644e-03 -1.700351e-01 6.982727e-03) (-6.082251e-05 -4.046921e-03 -1.173859e-04))
4.06          	((-9.593439e+00 2.728988e-02 -5.753834e-02) (-1.757708e-01 -1.644742e-04 5.393656e-03)) ((-6.399602e-03 -1.441448e-01 7.165440e-03) (-5.949043e-05 -4.073012e-03 -1.267654e-04))
4.07          	((-8.859399e+00 2.475352e-02 -4.620752e-02) (-1.760784e-01 -1.584170e-04 5.418256e-03)) ((-5.431284e-03 -1.184455e-01 7.437552e-03) (-5.784216e-05 -4.093358e-03 -1.351049e-04))
4.08          	((-8.107106e+00 2.281715e-02 -3.367778e-02) (-1.760395e-01 -1.475160e-04 5.438424e-03)) ((-4.665121e-03 -9.245027e-02 7.716815e-03) (-5.563686e-05 -4.108565e-03 -1.420130e-04))
4.09          	((-7.337242e+00 2.049118e-02 -1.569318e-02) (-1.756466e-01 -1.353067e-04 5.448789e-03)) ((-3.791877e-03 -6.627956e-02 8.145005e-03) (-5.300059e-05 -4.117504e-03 -1.478261e-04))
4.1           	((-6.551532e+00 1.981550e-02 -5.299775e-04) (-1.748975e-01 -1.192201e-04 5.452242e-03)) ((-3.084334e-03 -4.017553e-02 8.578323e-03) (-5.013895e-05 -4.119405e-03 -1.531378e-04))
4.11          	((-5.751980e+00 1.742043e-02 1.663350e-02) (-1.737910e-01 -1.009459e-04 5.449617e-03)) ((-1.773878e-03 -1.438103e-02 8.806145e-03) (-4.687004e-05 -4.114194e-03 -1.583834e-04))
4.12          	((-4.941345e+00 1.526711e-02 3.527296e-02) (-1.723266e-01 -7.828482e-05 5.441956e-03)) ((-6.151605e-04 1.142749e-02 8.960312e-03) (-4.337774e-05 -4.100776e-03 -1.628268e-04))
4.13          	((-4.117672e+00 1.324823e-02 5.240624e-02) (-1.705121e-01 -5.158447e-05 5.427200e-03)) ((2.391552e-04 3.689862e-02 8.992534e-03) (-3.965293e-05 -4.079380e-03 -1.665782e-04))
4.14          	((-3.284035e+00 1.047900e-02 6.994074e-02) (-1.683396e-01 -1.878502e-05 5.402274e-03)) ((1.112483e-03 6.245971e-02 8.786346e-03) (-3.601673e-05 -4.049354e-03 -1.698173e-04))
4.15          	((-2.443913e+00 7.438173e-03 8.936258e-02) (-1.658205e-01 2.149990e-05 5.370395e-03)) ((1.836512e-03 8.759484e-02 8.492040e-03) (-3.257447e-05 -4.010017e-03 -1.725614e-04))
4.16          	((-1.598037e+00 5.039250e-03 1.089003e-01) (-1.629616e-01 6.477241e-05 5.335943e-03)) ((2.797188e-03 1.126124e-01 7.952735e-03) (-2.922159e-05 -3.961754e-03 -1.743910e-04))
4.17          	((-7.454981e-01 2.674808e-03 1.279849e-01) (-1.597667e-01 1.118748e-04 5.297970e-03)) ((3.583643e-03 1.370815e-01 7.434675e-03) (-2.590993e-05 -3.903462e-03 -1.753425e-04))
4.18          	((1.098377e-01 1.747860e-03 1.451044e-01) (-1.562500e-01 1.574912e-04 5.257124e-03)) ((4.355423e-03 1.612714e-01 7.008924e-03) (-2.320172e-05 -3.835889e-03 -1.758609e-04))
4.19          	((9.621953e-01 2.079960e-04 1.596815e-01) (-1.524227e-01 2.018079e-04 5.213209e-03)) ((4.943900e-03 1.849680e-01 6.267247e-03) (-2.056207e-05 -3.758478e-03 -1.750780e-04))
4.2           	((1.812479e+00 -1.894505e-03 1.732440e-01) (-1.482964e-01 2.459207e-04 5.166708e-03)) ((5.435936e-03 2.083611e-01 5.402302e-03) (-1.834825e-05 -3.671796e-03 -1.737637e-04))
4.21          	((2.659693e+00 -2.933227e-03 1.861396e-01) (-1.438837e-01 2.883682e-04 5.118616e-03)) ((5.987310e-03 2.312795e-01 4.742860e-03) (-1.653359e-05 -3.576003e-03 -1.712838e-04))
4.22          	((3.500789e+00 -2.414866e-03 1.973438e-01) (-1.391975e-01 3.260488e-04 5.069320e-03)) ((6.186973e-03 2.540042e-01 3.989495e-03) (-1.512631e-05 -3.471351e-03 -1.680537e-04))
4.23          	((4.334439e+00 -2.235267e-03 2.071811e-01) (-1.342542e-01 3.624844e-04 5.016335e-03)) ((6.260970e-03 2.761598e-01 3.239618e-03) (-1.418991e-05 -3.357595e-03 -1.637405e-04))
4.24          	((5.159391e+00 -1.948871e-03 2.183766e-01) (-1.290647e-01 3.995506e-04 4.962314e-03)) ((6.579530e-03 2.976592e-01 2.467898e-03) (-1.363544e-05 -3.235237e-03 -1.589554e-04))
4.25          	((5.972434e+00 -5.277204e-05 2.220443e-01) (-1.236453e-01 4.347092e-04 4.906651e-03)) ((6.532245e-03 3.186104e-01 1.683524e-03) (-1.321189e-05 -3.105165e-03 -1.538670e-04))
4.26          	((6.772575e+00 6.551232e-04 2.259606e-01) (-1.180145e-01 4.682004e-04 4.850868e-03)) ((6.577384e-03 3.390819e-01 1.019923e-03) (-1.301174e-05 -2.967444e-03 -1.486851e-04))
4.27          	((7.558274e+00 7.118821e-04 2.288518e-01) (-1.121897e-01 5.009554e-04 4.794070e-03)) ((6.594429e-03 3.588966e-01 3.678221e-04) (-1.280713e-05 -2.822998e-03 -1.428000e-04))
4.28          	((8.326533e+00 1.949336e-03 2.319251e-01) (-1.061895e-01 5.306036e-04 4.738024e-03)) ((6.666000e-03 3.780147e-01 -9.021819e-05) (-1.262343e-05 -2.672178e-03 -1.370631e-04))
4.29          	((9.075363e+00 3.616886e-03 2.309266e-01) (-1.000284e-01 5.570142e-04 4.679262e-03)) ((6.839063e-03 3.963865e-01 -9.949652e-04) (-1.240259e-05 -2.515579e-03 -1.315744e-04))
4.3           	((9.802936e+00 6.894583e-03 2.278332e-01) (-9.372742e-02 5.826001e-04 4.620402e-03)) ((6.600805e-03 4.141593e-01 -1.634538e-03) (-1.236552e-05 -2.354029e-03 -1.261808e-04))
4.31          	((1.050814e+01 6.525764e-03 2.301399e-01) (-8.730081e-02 6.071010e-04 4.559912e-03)) ((6.711381e-03 4.311163e-01 -2.168442e-03) (-1.215419e-05 -2.188399e-03 -1.207781e-04))
4.32          	((1.118922e+01 7.064116e-03 2.255788e-01) (-8.076880e-02 6.325056e-04 4.499795e-03)) ((6.569866e-03 4.471406e-01 -2.723250e-03) (-1.183735e-05 -2.018567e-03 -1.154019e-04))
4.33          	((1.184323e+01 8.560326e-03 2.211595e-01) (-7.414365e-02 6.575050e-04 4.438255e-03)) ((6.380153e-03 4.622817e-01 -3.216266e-03) (-1.179752e-05 -1.845513e-03 -1.103169e-04))
4.34          	((1.247068e+01 7.571507e-03 2.152806e-01) (-6.744450e-02 6.815187e-04 4.379398e-03)) ((6.426677e-03 4.768523e-01 -3.743724e-03) (-1.213686e-05 -1.670024e-03 -1.054510e-04))
4.35          	((1.306952e+01 1.027730e-02 2.118866e-01) (-6.068778e-02 7.046510e-04 4.321422e-03)) ((6.178041e-03 4.903760e-01 -4.425149e-03) (-1.284992e-05 -1.492836e-03 -1.004090e-04))
4.36          	((1.363779e+01 1.194142e-02 2.034455e-01) (-5.388559e-02 7.299019e-04 4.266148e-03)) ((5.849212e-03 5.031104e-01 -4.885071e-03) (-1.358748e-05 -1.314454e-03 -9.598011e-05))
4.37          	((1.417417e+01 1.195230e-02 1.965421e-01) (-4.705358e-02 7.567920e-04 4.212023e-03)) ((5.724763e-03 5.147512e-01 -5.174398e-03) (-1.408020e-05 -1.135387e-03 -9.202889e-05))
4.38          	((1.467828e+01 1.105953e-02 1.843195e-01) (-4.020772e-02 7.827803e-04 4.159277e-03)) ((5.831226e-03 5.255357e-01 -5.675648e-03) (-1.429211e-05 -9.564860e-04 -8.813026e-05))
4.39          	((1.515322e+01 1.514652e-02 1.745758e-01) (-3.336065e-02 8.088867e-04 4.110024e-03)) ((5.557058e-03 5.357240e-01 -6.479977e-03) (-1.473613e-05 -7.780553e-04 -8.468379e-05))
4.4           	((1.559445e+01 1.284947e-02 1.619098e-01) (-2.652585e-02 8.349158e-04 4.064720e-03)) ((5.521075e-03 5.446446e-01 -6.855500e-03) (-1.518972e-05 -6.009323e-04 -8.164094e-05))
4.41          	((1.600282e+01 1.527017e-02 1.517933e-01) (-1.971610e-02 8.580471e-04 4.023243e-03)) ((5.196218e-03 5.527089e-01 -7.470637e-03) (-1.508084e-05 -4.254014e-04 -7.825804e-05))
4.42          	((1.637708e+01 1.482421e-02 1.379819e-01) (-1.294085e-02 8.787244e-04 3.982212e-03)) ((5.119952e-03 5.600313e-01 -7.795349e-03) (-1.461121e-05 -2.519099e-04 -7.531987e-05))
4.43          	((1.671962e+01 1.515105e-02 1.232829e-01) (-6.203650e-03 9.006272e-04 3.942569e-03)) ((5.068318e-03 5.663987e-01 -8.026025e-03) (-1.433807e-05 -8.037108e-05 -7.243172e-05))
4.44          	((1.702974e+01 1.766571e-02 1.078818e-01) (4.876084e-04 9.241394e-04 3.905395e-03)) ((4.534414e-03 5.720499e-01 -8.600246e-03) (-1.398656e-05 8.897573e-05 -7.039934e-05))
4.45          	((1.730845e+01 1.780186e-02 8.458164e-02) (7.128308e-03 9.454834e-04 3.872132e-03)) ((4.708353e-03 5.766144e-01 -8.876914e-03) (-1.355313e-05 2.549976e-04 -6.889538e-05))
4.46          	((1.755795e+01 2.513759e-02 6.580793e-02) (1.371250e-02 9.646342e-04 3.843426e-03)) ((4.053650e-03 5.807351e-01 -9.442960e-03) (-1.308821e-05 4.176587e-04 -6.718264e-05))
4.47          	((1.777411e+01 2.773501e-02 4.356416e-02) (2.023327e-02 9.787601e-04 3.817829e-03)) ((3.730953e-03 5.836609e-01 -9.934214e-03) (-1.234790e-05 5.770844e-04 -6.526042e-05))
4.48          	((1.796788e+01 3.078034e-02 1.818451e-02) (2.669017e-02 9.924924e-04 3.800146e-03)) ((3.396623e-03 5.859562e-01 -1.075377e-02) (-1.213255e-05 7.331839e-04 -6.354415e-05))
4.49          	((1.814016e+01 2.904498e-02 -4.783907e-03) (3.307905e-02 1.004385e-03 3.791782e-03)) ((3.093468e-03 5.874326e-01 -1.139763e-02) (-1.222178e-05 8.856166e-04 -6.237863e-05))
4.5           	((1.828687e+01 2.828168e-02 -3.984350e-02) (3.939685e-02 1.013758e-03 3.785457e-03)) ((2.266293e-03 5.894188e-01 -1.212375e-02) (-1.195023e-05 1.034466e-03 -6.111168e-05))
4.51          	((1.845701e+01 2.996592e-02 -1.897377e-02) (4.565422e-02 1.022517e-03 3.783924e-03)) ((2.646130e-03 5.853478e-01 -1.260424e-02) (-1.171714e-05 1.179849e-03 -5.992923e-05))
4.52          	((1.843976e+01 2.922840e-02 -1.204799e-01) (5.181151e-02 1.029812e-03 3.785935e-03)) ((1.593389e-03 5.876815e-01 -1.293192e-02) (-1.145858e-05 1.321760e-03 -5.765551e-05))
4.53          	((1.858450e+01 3.026530e-02 -1.356845e-01) (5.790296e-02 1.031566e-03 3.800115e-03)) ((1.214985e-03 5.852477e-01 -1.276582e-02) (-1.121034e-05 1.459910e-03 -5.580837e-05))
4.54          	((1.866175e+01 2.834799e-02 -1.675447e-01) (6.393284e-02 1.034113e-03 3.816715e-03)) ((1.109458e-03 5.837382e-01 -1.264064e-02) (-1.133098e-05 1.595330e-03 -5.460587e-05))
4.55          	((1.869754e+01 3.004233e-02 -1.950713e-01) (6.990326e-02 1.036383e-03 3.840567e-03)) ((4.549837e-04 5.799372e-01 -1.314386e-02) (-1.136234e-05 1.727502e-03 -5.327673e-05))
4.56          	((1.870651e+01 2.830039e-02 -2.239194e-01) (7.580911e-02 1.037240e-03 3.872856e-03)) ((5.221363e-04 5.751889e-01 -1.308905e-02) (-1.178585e-05 1.856520e-03 -5.203336e-05))
4.57          	((1.869270e+01 2.696495e-02 -2.549385e-01) (8.165201e-02 1.041088e-03 3.911646e-03)) ((4.220665e-04 5.699096e-01 -1.337830e-02) (-1.221411e-05 1.981894e-03 -5.107633e-05))
4.58          	((1.865601e+01 2.668101e-02 -2.908328e-01) (8.741902e-02 1.045047e-03 3.956865e-03)) ((-2.529315e-04 5.634470e-01 -1.332372e-02) (-1.304518e-05 2.104250e-03 -5.073672e-05))
4.59          	((1.859370e+01 2.517551e-02 -3.253983e-01) (9.310567e-02 1.048853e-03 4.008305e-03)) ((-4.977652e-04 5.562910e-01 -1.335986e-02) (-1.363745e-05 2.223109e-03 -5.063685e-05))
4.6           	((1.850487e+01 2.170062e-02 -3.511541e-01) (9.870753e-02 1.054968e-03 4.063315e-03)) ((-8.892766e-04 5.478972e-01 -1.332504e-02) (-1.466521e-05 2.339141e-03 -5.059297e-05))
4.61          	((1.839099e+01 1.928764e-02 -3.685667e-01) (1.042156e-01 1.063434e-03 4.123971e-03)) ((-9.923282e-04 5.379884e-01 -1.360305e-02) (-1.566538e-05 2.451251e-03 -4.917043e-05))
4.62          	((1.824762e+01 1.596354e-02 -3.869184e-01) (1.096195e-01 1.075996e-03 4.186530e-03)) ((-9.494298e-04 5.271790e-01 -1.378338e-02) (-1.677614e-05 2.559142e-03 -4.774261e-05))
4.63          	((1.807650e+01 9.717156e-03 -4.055255e-01) (1.149063e-01 1.091091e-03 4.249658e-03)) ((-8.647028e-04 5.152586e-01 -1.368061e-02) (-1.763102e-05 2.662492e-03 -4.707278e-05))
4.64          	((1.787385e+01 4.490899e-03 -4.176350e-01) (1.200583e-01 1.106749e-03 4.309738e-03)) ((-8.396585e-04 5.021150e-01 -1.391062e-02) (-1.855287e-05 2.760895e-03 -4.541752e-05))
4.65          	((1.763895e+01 9.660521e-04 -4.323843e-01) (1.250580e-01 1.124528e-03 4.366605e-03)) ((-8.739922e-04 4.878314e-01 -1.405726e-02) (-1.966733e-05 2.854477e-03 -4.343550e-05))
4.66          	((1.737355e+01 -3.948742e-03 -4.418890e-01) (1.298922e-01 1.142298e-03 4.420146e-03)) ((-7.125731e-04 4.725359e-01 -1.400322e-02) (-2.073908e-05 2.943496e-03 -4.110696e-05))
4.67          	((1.707690e+01 -9.708239e-03 -4.473395e-01) (1.345444e-01 1.160588e-03 4.465735e-03)) ((-4.591752e-04 4.564914e-01 -1.384431e-02) (-2.138439e-05 3.027226e-03 -3.748602e-05))
4.68          	((1.674572e+01 -1.381864e-02 -4.535455e-01) (1.389927e-01 1.178483e-03 4.505585e-03)) ((-1.448489e-04 4.392809e-01 -1.393854e-02) (-2.209360e-05 3.106456e-03 -3.333672e-05))
4.69          	((1.638053e+01 -1.893066e-02 -4.620851e-01) (1.432207e-01 1.196441e-03 4.537339e-03)) ((2.154414e-04 4.210806e-01 -1.389024e-02) (-2.308504e-05 3.180449e-03 -2.718425e-05))
4.7           	((1.598011e+01 -2.120880e-02 -4.647374e-01) (1.472153e-01 1.213246e-03 4.557254e-03)) ((8.137226e-05 4.023487e-01 -1.402302e-02) (-2.396989e-05 3.249942e-03 -1.951361e-05))
4.71          	((1.554990e+01 -2.283232e-02 -4.687268e-01) (1.509599e-01 1.227248e-03 4.567040e-03)) ((-1.314983e-05 3.823983e-01 -1.374296e-02) (-2.519413e-05 3.314372e-03 -1.043320e-05))
4.72          	((1.508890e+01 -2.670449e-02 -4.715258e-01) (1.544457e-01 1.238753e-03 4.564648e-03)) ((1.945613e-04 3.614659e-01 -1.348383e-02) (-2.651300e-05 3.374519e-03 -9.929284e-07))
4.73          	((1.459598e+01 -2.838556e-02 -4.747566e-01) (1.576665e-01 1.249304e-03 4.552080e-03)) ((2.275995e-04 3.398847e-01 -1.318930e-02) (-2.840584e-05 3.430360e-03 9.631827e-06))
4.74          	((1.407186e+01 -3.004603e-02 -4.731391e-01) (1.605958e-01 1.256576e-03 4.531687e-03)) ((1.252119e-04 3.175884e-01 -1.256342e-02) (-3.031686e-05 3.481352e-03 1.991548e-05))
4.75          	((1.351618e+01 -2.845696e-02 -4.668497e-01) (1.632319e-01 1.265909e-03 4.503852e-03)) ((-2.036285e-04 2.945744e-01 -1.186008e-02) (-3.225111e-05 3.528116e-03 2.992754e-05))
4.76          	((1.293331e+01 -2.860980e-02 -4.618013e-01) (1.655667e-01 1.270430e-03 4.469580e-03)) ((-7.069772e-05 2.707933e-01 -1.130199e-02) (-3.387073e-05 3.570922e-03 3.962151e-05))
4.77          	((1.232299e+01 -2.752614e-02 -4.554216e-01) (1.675878e-01 1.272609e-03 4.427688e-03)) ((-4.251913e-05 2.464315e-01 -1.058978e-02) (-3.535275e-05 3.609165e-03 4.875179e-05))
4.78          	((1.168486e+01 -2.956310e-02 -4.473429e-01) (1.692900e-01 1.272604e-03 4.382992e-03)) ((-6.972312e-05 2.216030e-01 -9.728131e-03) (-3.669095e-05 3.642717e-03 5.718459e-05))
4.79          	((1.102030e+01 -3.146363e-02 -4.376644e-01) (1.706670e-01 1.271937e-03 4.336307e-03)) ((1.824668e-04 1.961673e-01 -8.782868e-03) (-3.790098e-05 3.671864e-03 6.420799e-05))
4.8           	((1.033152e+01 -3.160926e-02 -4.247597e-01) (1.717033e-01 1.270012e-03 4.290783e-03)) ((-1.853288e-04 1.703763e-01 -7.895659e-03) (-3.858381e-05 3.696758e-03 7.017435e-05))
4.81          	((9.620399e+00 -3.162098e-02 -4.121382e-01) (1.723966e-01 1.264642e-03 4.246074e-03)) ((-2.216961e-04 1.442180e-01 -6.981469e-03) (-3.946423e-05 3.717708e-03 7.448529e-05))
4.82          	((8.888737e+00 -3.439578e-02 -3.985872e-01) (1.727349e-01 1.258240e-03 4.205437e-03)) ((-1.965973e-05 1.177178e-01 -6.106305e-03) (-3.989832e-05 3.733450e-03 7.774244e-05))
4.83          	((8.135546e+00 -3.556287e-02 -3.817652e-01) (1.727145e-01 1.249552e-03 4.167414e-03)) ((3.250926e-04 9.119219e-02 -5.420690e-03) (-4.000102e-05 3.744109e-03 7.966910e-05))
4.84          	((7.363377e+00 -3.779021e-02 -3.637218e-01) (1.723371e-01 1.237216e-03 4.129574e-03)) ((6.567035e-04 6.441841e-02 -4.662850e-03) (-4.033503e-05 3.749935e-03 8.094312e-05))
4.85          	((6.575194e+00 -4.165323e-02 -3.459851e-01) (1.715882e-01 1.225641e-03 4.091682e-03)) ((1.079254e-03 3.765758e-02 -3.915855e-03) (-4.072511e-05 3.749659e-03 8.126203e-05))
4.86          	((5.772462e+00 -4.181032e-02 -3.226277e-01) (1.704723e-01 1.211590e-03 4.054018e-03)) ((1.148801e-03 1.092238e-02 -3.438338e-03) (-4.089751e-05 3.742723e-03 8.065619e-05))
4.87          	((4.955508e+00 -4.356751e-02 -2.969324e-01) (1.689955e-01 1.197337e-03 4.019244e-03)) ((1.469064e-03 -1.562382e-02 -3.003657e-03) (-4.121754e-05 3.729498e-03 7.895545e-05))
4.88          	((4.126811e+00 -4.342327e-02 -2.704696e-01) (1.671583e-01 1.183852e-03 3.984272e-03)) ((1.519515e-03 -4.254017e-02 -2.519049e-03) (-4.164384e-05 3.709209e-03 7.669913e-05))
4.89          	((3.287670e+00 -4.421305e-02 -2.435183e-01) (1.649697e-01 1.168855e-03 3.951529e-03)) ((1.681166e-03 -6.916666e-02 -2.030586e-03) (-4.217485e-05 3.682159e-03 7.367929e-05))
4.9           	((2.440322e+00 -4.411003e-02 -2.147583e-01) (1.624348e-01 1.158631e-03 3.916762e-03)) ((1.561268e-03 -9.552224e-02 -1.554943e-03) (-4.269885e-05 3.647318e-03 7.075732e-05))
4.91          	((1.587172e+00 -4.471100e-02 -1.831654e-01) (1.595540e-01 1.149290e-03 3.882650e-03)) ((1.755160e-03 -1.215533e-01 -1.258248e-03) (-4.358382e-05 3.604127e-03 6.762916e-05))
4.92          	((7.294662e-01 -4.475419e-02 -1.522406e-01) (1.563429e-01 1.140212e-03 3.848183e-03)) ((1.816966e-03 -1.472140e-01 -1.045008e-03) (-4.437427e-05 3.552258e-03 6.401188e-05))
4.93          	((-1.300069e-01 -4.506275e-02 -1.200317e-01) (1.528073e-01 1.130475e-03 3.818308e-03)) ((2.072214e-03 -1.725332e-01 -7.503082e-04) (-4.513749e-05 3.491648e-03 6.042847e-05))
4.94          	((-9.890758e-01 -4.492431e-02 -8.822073e-02) (1.489545e-01 1.123943e-03 3.789955e-03)) ((2.215923e-03 -1.973719e-01 -5.239468e-04) (-4.662294e-05 3.421431e-03 5.617405e-05))
4.95          	((-1.844875e+00 -4.433300e-02 -5.647764e-02) (1.448040e-01 1.117460e-03 3.761267e-03)) ((2.151534e-03 -2.218166e-01 -2.622057e-04) (-4.844200e-05 3.342177e-03 5.274789e-05))
4.96          	((-2.696586e+00 -4.214787e-02 -2.512451e-02) (1.403661e-01 1.113214e-03 3.735683e-03)) ((1.950166e-03 -2.455026e-01 1.296336e-05) (-4.977857e-05 3.253720e-03 4.936020e-05))
4.97          	((-3.542223e+00 -4.285179e-02 6.827439e-03) (1.356521e-01 1.111172e-03 3.710720e-03)) ((2.090593e-03 -2.686777e-01 1.672120e-04) (-5.124963e-05 3.156081e-03 4.635817e-05))
4.98          	((-4.381977e+00 -4.102113e-02 3.752559e-02) (1.306799e-01 1.108180e-03 3.687695e-03)) ((2.185982e-03 -2.912831e-01 5.582455e-04) (-5.274561e-05 3.050085e-03 4.398434e-05))
4.99          	((-5.210480e+00 -3.997132e-02 6.597671e-02) (1.254651e-01 1.105203e-03 3.665407e-03)) ((2.085877e-03 -3.131936e-01 7.877526e-04) (-5.411629e-05 2.936272e-03 4.171873e-05))
5             	((-6.026074e+00 -3.858628e-02 9.119666e-02) (1.200189e-01 1.097440e-03 3.644372e-03)) ((2.126556e-03 -3.344906e-01 9.287935e-04) (-5.566068e-05 2.814529e-03 4.049209e-05))
5.01          	((-6.829320e+00 -3.786698e-02 1.161354e-01) (1.143609e-01 1.089241e-03 3.624008e-03)) ((1.968187e-03 -3.552593e-01 1.201303e-03) (-5.723658e-05 2.685182e-03 3.943582e-05))
5.02          	((-7.615716e+00 -3.731676e-02 1.393954e-01) (1.085093e-01 1.079184e-03 3.604727e-03)) ((1.821183e-03 -3.751440e-01 1.300278e-03) (-5.838950e-05 2.549062e-03 3.841151e-05))
5.03          	((-8.386626e+00 -3.668265e-02 1.592505e-01) (1.024820e-01 1.068356e-03 3.586669e-03)) ((1.638461e-03 -3.944042e-01 1.651393e-03) (-5.933263e-05 2.406333e-03 3.765806e-05))
5.04          	((-9.136457e+00 -3.578762e-02 1.777266e-01) (9.629745e-02 1.055972e-03 3.571436e-03)) ((1.340080e-03 -4.128927e-01 2.001494e-03) (-6.013565e-05 2.257682e-03 3.778929e-05))
5.05          	((-9.865036e+00 -3.336896e-02 1.981029e-01) (8.997339e-02 1.045018e-03 3.556424e-03)) ((1.173461e-03 -4.304292e-01 2.198868e-03) (-6.094451e-05 2.103163e-03 3.881802e-05))
5.06          	((-1.057019e+01 -3.257198e-02 2.160806e-01) (8.352584e-02 1.032341e-03 3.543316e-03)) ((8.587387e-04 -4.473017e-01 2.282218e-03) (-6.156523e-05 1.943911e-03 4.007609e-05))
5.07          	((-1.125054e+01 -3.017725e-02 2.316606e-01) (7.697516e-02 1.017752e-03 3.533160e-03)) ((7.333367e-04 -4.631060e-01 2.360766e-03) (-6.248679e-05 1.780268e-03 4.182851e-05))
5.08          	((-1.190694e+01 -2.891858e-02 2.475672e-01) (7.033606e-02 1.000830e-03 3.526376e-03)) ((6.149077e-04 -4.781608e-01 2.729982e-03) (-6.297663e-05 1.612961e-03 4.360243e-05))
5.09          	((-1.253390e+01 -3.032075e-02 2.572439e-01) (6.362497e-02 9.827132e-04 3.520146e-03)) ((6.213761e-04 -4.925621e-01 2.803489e-03) (-6.347208e-05 1.442633e-03 4.544391e-05))
5.1           	((-1.313070e+01 -2.795679e-02 2.642721e-01) (5.685865e-02 9.648315e-04 3.515925e-03)) ((1.542717e-04 -5.058452e-01 2.878069e-03) (-6.410442e-05 1.269941e-03 4.816959e-05))
5.11          	((-1.369842e+01 -2.644921e-02 2.721683e-01) (5.005578e-02 9.481754e-04 3.512551e-03)) ((-1.665371e-04 -5.183245e-01 3.333493e-03) (-6.482552e-05 1.095217e-03 5.130987e-05))
5.12          	((-1.423451e+01 -2.652891e-02 2.831690e-01) (4.322982e-02 9.310149e-04 3.512071e-03)) ((-3.711685e-04 -5.301106e-01 3.333717e-03) (-6.563113e-05 9.194090e-04 5.481089e-05))
5.13          	((-1.473806e+01 -2.641238e-02 2.889944e-01) (3.639672e-02 9.124699e-04 3.515151e-03)) ((-1.173571e-04 -5.411901e-01 3.727625e-03) (-6.625835e-05 7.432033e-04 5.841676e-05))
5.14          	((-1.521147e+01 -2.220178e-02 2.937645e-01) (2.956994e-02 8.903643e-04 3.520239e-03)) ((-6.112616e-04 -5.509438e-01 3.975982e-03) (-6.691102e-05 5.668712e-04 6.243576e-05))
5.15          	((-1.565202e+01 -1.968734e-02 2.978149e-01) (2.275954e-02 8.663870e-04 3.528367e-03)) ((-9.517230e-04 -5.604318e-01 4.244080e-03) (-6.771649e-05 3.912309e-04 6.628178e-05))
5.16          	((-1.605980e+01 -2.204050e-02 3.015108e-01) (1.597784e-02 8.465594e-04 3.541850e-03)) ((-1.224137e-03 -5.687947e-01 4.502539e-03) (-6.856079e-05 2.161977e-04 7.006162e-05))
5.17          	((-1.643459e+01 -2.121992e-02 3.042739e-01) (9.231528e-03 8.264291e-04 3.560235e-03)) ((-1.360337e-03 -5.762921e-01 4.699492e-03) (-6.938580e-05 4.240377e-05 7.373736e-05))
5.18          	((-1.677446e+01 -2.075267e-02 3.100969e-01) (2.528587e-03 8.053521e-04 3.580120e-03)) ((-1.082262e-03 -5.826142e-01 5.163558e-03) (-7.014246e-05 -1.296168e-04 7.759988e-05))
5.19          	((-1.708281e+01 -1.712289e-02 3.080339e-01) (-4.122211e-03 7.871147e-04 3.602753e-03)) ((-1.860679e-03 -5.881840e-01 5.116198e-03) (-7.090388e-05 -2.995383e-04 8.157790e-05))
5.2           	((-1.736109e+01 -1.822935e-02 3.048081e-01) (-1.071660e-02 7.676813e-04 3.632776e-03)) ((-2.177920e-03 -5.934299e-01 5.611088e-03) (-7.164492e-05 -4.673565e-04 8.482163e-05))
5.21          	((-1.760680e+01 -1.755418e-02 2.982314e-01) (-1.725262e-02 7.503511e-04 3.664349e-03)) ((-2.478708e-03 -5.968969e-01 5.863494e-03) (-7.268599e-05 -6.326461e-04 8.808598e-05))
5.22          	((-1.782875e+01 -1.844876e-02 2.914882e-01) (-2.372294e-02 7.293277e-04 3.703574e-03)) ((-2.525842e-03 -5.995892e-01 5.900669e-03) (-7.360972e-05 -7.949972e-04 9.173026e-05))
5.23          	((-1.802479e+01 -1.659440e-02 2.821160e-01) (-3.012768e-02 7.097918e-04 3.747594e-03)) ((-2.658506e-03 -6.020453e-01 5.866965e-03) (-7.479387e-05 -9.538519e-04 9.571154e-05))
5.24          	((-1.819343e+01 -1.633883e-02 2.806155e-01) (-3.646777e-02 6.903986e-04 3.793602e-03)) ((-2.693841e-03 -6.034983e-01 6.660864e-03) (-7.674201e-05 -1.110107e-03 9.978805e-05))
5.25          	((-1.834530e+01 -1.151613e-02 2.715434e-01) (-4.274167e-02 6.688043e-04 3.845384e-03)) ((-3.304352e-03 -6.040501e-01 7.154213e-03) (-7.845544e-05 -1.262912e-03 1.043642e-04))
5.26          	((-1.851623e+01 -1.065487e-02 2.985142e-01) (-4.895877e-02 6.492204e-04 3.905153e-03)) ((-3.544928e-03 -6.046864e-01 6.551491e-03) (-7.993034e-05 -1.413304e-03 1.085682e-04))
5.27          	((-1.848108e+01 -8.810564e-03 2.037210e-01) (-5.507591e-02 6.293943e-04 3.959093e-03)) ((-3.678358e-03 -5.998497e-01 6.298450e-03) (-8.144373e-05 -1.559788e-03 1.132568e-04))
5.28          	((-1.863940e+01 -2.844846e-03 2.284819e-01) (-6.114014e-02 6.044518e-04 4.013383e-03)) ((-4.626927e-03 -6.004281e-01 7.338769e-03) (-8.287246e-05 -1.703369e-03 1.177603e-04))
5.29          	((-1.870778e+01 -2.826851e-03 2.097550e-01) (-6.714851e-02 5.793729e-04 4.073147e-03)) ((-4.527043e-03 -5.981204e-01 6.751504e-03) (-8.415460e-05 -1.844223e-03 1.210558e-04))
5.3           	((-1.874371e+01 1.345240e-03 1.893275e-01) (-7.310540e-02 5.549053e-04 4.139244e-03)) ((-5.022065e-03 -5.943893e-01 6.374602e-03) (-8.535999e-05 -1.981817e-03 1.244316e-04))
5.31          	((-1.875531e+01 3.164946e-03 1.674351e-01) (-7.900738e-02 5.262864e-04 4.206576e-03)) ((-5.496412e-03 -5.894513e-01 5.494279e-03) (-8.670533e-05 -2.115768e-03 1.283234e-04))
5.32          	((-1.874146e+01 5.720359e-03 1.479218e-01) (-8.484870e-02 4.997697e-04 4.274866e-03)) ((-5.799944e-03 -5.834745e-01 5.071633e-03) (-8.802372e-05 -2.246128e-03 1.309435e-04))
5.33          	((-1.870432e+01 1.165467e-02 1.315132e-01) (-9.062370e-02 4.710992e-04 4.340456e-03)) ((-6.528302e-03 -5.762621e-01 4.478627e-03) (-8.867546e-05 -2.372459e-03 1.331109e-04))
5.34          	((-1.864288e+01 1.625002e-02 1.131089e-01) (-9.632688e-02 4.369511e-04 4.408576e-03)) ((-7.075010e-03 -5.681677e-01 3.981149e-03) (-8.915222e-05 -2.494376e-03 1.353961e-04))
5.35          	((-1.855519e+01 1.847933e-02 9.374579e-02) (-1.019545e-01 3.993939e-04 4.476449e-03)) ((-7.624723e-03 -5.586463e-01 3.780396e-03) (-8.933869e-05 -2.611963e-03 1.364536e-04))
5.36          	((-1.843886e+01 2.257555e-02 7.837028e-02) (-1.074869e-01 3.566289e-04 4.545608e-03)) ((-8.217801e-03 -5.479454e-01 3.764081e-03) (-8.940549e-05 -2.725433e-03 1.364652e-04))
5.37          	((-1.829412e+01 2.543379e-02 6.292097e-02) (-1.129149e-01 3.132680e-04 4.617041e-03)) ((-8.687586e-03 -5.359613e-01 3.849241e-03) (-8.909177e-05 -2.834995e-03 1.354399e-04))
5.38          	((-1.812035e+01 2.679630e-02 5.067255e-02) (-1.182246e-01 2.700425e-04 4.687293e-03)) ((-9.070499e-03 -5.231539e-01 4.042124e-03) (-8.864084e-05 -2.940369e-03 1.341042e-04))
5.39          	((-1.791646e+01 3.160562e-02 3.603265e-02) (-1.233939e-01 2.274395e-04 4.755934e-03)) ((-9.414792e-03 -5.090788e-01 4.507817e-03) (-8.728887e-05 -3.040784e-03 1.310595e-04))
5.4           	((-1.768297e+01 3.513572e-02 2.446919e-02) (-1.284083e-01 1.847792e-04 4.821387e-03)) ((-1.001403e-02 -4.938190e-01 4.914742e-03) (-8.532020e-05 -3.137313e-03 1.256947e-04))
5.41          	((-1.741498e+01 3.479725e-02 1.425541e-02) (-1.332447e-01 1.442261e-04 4.879691e-03)) ((-1.060449e-02 -4.776175e-01 5.359280e-03) (-8.301037e-05 -3.229497e-03 1.183658e-04))
5.42          	((-1.711441e+01 3.441958e-02 1.527827e-03) (-1.378862e-01 1.048940e-04 4.931593e-03)) ((-1.079297e-02 -4.603956e-01 6.240180e-03) (-8.028219e-05 -3.316476e-03 1.092030e-04))
5.43          	((-1.677969e+01 3.526791e-02 -1.061059e-02) (-1.423125e-01 6.880880e-05 4.977486e-03)) ((-1.086485e-02 -4.427085e-01 7.029941e-03) (-7.741775e-05 -3.398360e-03 9.720658e-05))
5.44          	((-1.641165e+01 3.456414e-02 -2.422514e-02) (-1.465141e-01 3.178187e-05 5.019357e-03)) ((-1.115113e-02 -4.239741e-01 7.633062e-03) (-7.517609e-05 -3.475598e-03 8.152130e-05))
5.45          	((-1.600725e+01 3.477246e-02 -3.592782e-02) (-1.504769e-01 2.037121e-08 5.055752e-03)) ((-1.158023e-02 -4.042384e-01 8.319116e-03) (-7.327148e-05 -3.547199e-03 6.399177e-05))
5.46          	((-1.557242e+01 3.556501e-02 -4.521840e-02) (-1.541900e-01 -2.547413e-05 5.092351e-03)) ((-1.197797e-02 -3.838455e-01 8.426107e-03) (-7.168062e-05 -3.613672e-03 4.414982e-05))
5.47          	((-1.510555e+01 3.596471e-02 -5.489600e-02) (-1.576316e-01 -4.824996e-05 5.126819e-03)) ((-1.165980e-02 -3.625152e-01 8.311350e-03) (-7.023466e-05 -3.676092e-03 2.415721e-05))
5.48          	((-1.460579e+01 3.610328e-02 -6.364109e-02) (-1.607982e-01 -6.541780e-05 5.159860e-03)) ((-1.169458e-02 -3.404186e-01 8.220600e-03) (-6.926711e-05 -3.734799e-03 3.170216e-06))
5.49          	((-1.407456e+01 3.749211e-02 -6.823148e-02) (-1.636778e-01 -7.848460e-05 5.189854e-03)) ((-1.162497e-02 -3.177935e-01 8.196268e-03) (-6.905331e-05 -3.788626e-03 -1.815642e-05))
5.5           	((-1.351163e+01 3.734741e-02 -7.060097e-02) (-1.662628e-01 -9.003794e-05 5.222058e-03)) ((-1.144319e-02 -2.945731e-01 7.888910e-03) (-6.873194e-05 -3.839097e-03 -3.867398e-05))
5.51          	((-1.291830e+01 3.696754e-02 -6.892250e-02) (-1.685449e-01 -1.027983e-04 5.254471e-03)) ((-1.101433e-02 -2.706998e-01 7.324735e-03) (-6.885233e-05 -3.886080e-03 -5.714169e-05))
5.52          	((-1.229955e+01 3.876195e-02 -6.764731e-02) (-1.705219e-01 -1.137918e-04 5.286504e-03)) ((-1.067060e-02 -2.462357e-01 6.947788e-03) (-6.922693e-05 -3.929530e-03 -7.284427e-05))
5.53          	((-1.165344e+01 3.947574e-02 -6.846425e-02) (-1.721718e-01 -1.224746e-04 5.320853e-03)) ((-1.027782e-02 -2.214459e-01 7.008868e-03) (-6.897581e-05 -3.969249e-03 -8.774731e-05))
5.54          	((-1.098273e+01 3.885015e-02 -6.265062e-02) (-1.734920e-01 -1.278618e-04 5.355702e-03)) ((-9.517528e-03 -1.959976e-01 7.316852e-03) (-6.831322e-05 -4.004965e-03 -1.007409e-04))
5.55          	((-1.028911e+01 3.606142e-02 -5.716692e-02) (-1.744813e-01 -1.311114e-04 5.387852e-03)) ((-8.760666e-03 -1.702354e-01 7.582529e-03) (-6.747718e-05 -4.036085e-03 -1.121641e-04))
5.56          	((-9.573816e+00 3.428546e-02 -4.746291e-02) (-1.751317e-01 -1.321355e-04 5.417650e-03)) ((-7.956714e-03 -1.445120e-01 7.833388e-03) (-6.561366e-05 -4.062526e-03 -1.217996e-04))
5.57          	((-8.838673e+00 3.215474e-02 -3.650912e-02) (-1.754372e-01 -1.254914e-04 5.442113e-03)) ((-7.013714e-03 -1.186851e-01 8.201666e-03) (-6.341284e-05 -4.083459e-03 -1.304697e-04))
5.58          	((-8.085524e+00 2.883651e-02 -2.349802e-02) (-1.753951e-01 -1.121064e-04 5.460866e-03)) ((-5.961380e-03 -9.270589e-02 8.612850e-03) (-6.077135e-05 -4.098797e-03 -1.378165e-04))
5.59          	((-7.315149e+00 2.647507e-02 -7.634861e-03) (-1.750040e-01 -9.682201e-05 5.471166e-03)) ((-5.020381e-03 -6.655315e-02 9.077250e-03) (-5.804998e-05 -4.107897e-03 -1.445852e-04))
5.6           	((-6.529465e+00 2.452001e-02 9.349455e-03) (-1.742506e-01 -7.816634e-05 5.473268e-03)) ((-4.077210e-03 -4.052489e-02 9.495389e-03) (-5.496046e-05 -4.110112e-03 -1.505724e-04))
5.61          	((-5.729166e+00 2.322471e-02 2.515294e-02) (-1.731399e-01 -5.629082e-05 5.469513e-03)) ((-3.019510e-03 -1.474465e-02 9.852177e-03) (-5.141757e-05 -4.105494e-03 -1.566765e-04))
5.62          	((-4.917734e+00 2.022537e-02 4.400474e-02) (-1.716700e-01 -2.956503e-05 5.460542e-03)) ((-1.887168e-03 1.107255e-02 9.968959e-03) (-4.748953e-05 -4.092539e-03 -1.615155e-04))
5.63          	((-4.093920e+00 1.808799e-02 6.408029e-02) (-1.698477e-01 4.397211e-07 5.444156e-03)) ((-8.413447e-04 3.649793e-02 9.870601e-03) (-4.354769e-05 -4.071626e-03 -1.665299e-04))
5.64          	((-3.259593e+00 1.441307e-02 8.225702e-02) (-1.676712e-01 3.497105e-05 5.418967e-03)) ((7.538751e-05 6.197887e-02 9.632844e-03) (-3.982443e-05 -4.041652e-03 -1.709236e-04))
5.65          	((-2.419283e+00 1.197766e-02 1.014240e-01) (-1.651473e-01 7.605296e-05 5.384683e-03)) ((7.738887e-04 8.705168e-02 9.326619e-03) (-3.628041e-05 -4.003135e-03 -1.744027e-04))
5.66          	((-1.572647e+00 8.851578e-03 1.195455e-01) (-1.622843e-01 1.238790e-04 5.347209e-03)) ((1.664930e-03 1.119152e-01 8.854541e-03) (-3.285448e-05 -3.955438e-03 -1.768327e-04))
5.67          	((-7.205979e-01 6.572296e-03 1.383251e-01) (-1.590878e-01 1.717325e-04 5.308033e-03)) ((2.594253e-03 1.364670e-01 8.304215e-03) (-2.946922e-05 -3.898207e-03 -1.788443e-04))
5.68          	((1.345298e-01 5.421496e-03 1.573073e-01) (-1.555689e-01 2.191669e-04 5.265198e-03)) ((3.450743e-03 1.605406e-01 7.835456e-03) (-2.655986e-05 -3.831365e-03 -1.802054e-04))
5.69          	((9.875432e-01 3.571690e-03 1.716382e-01) (-1.517414e-01 2.676664e-04 5.218458e-03)) ((4.270506e-03 1.841883e-01 6.923593e-03) (-2.374901e-05 -3.755371e-03 -1.800893e-04))
5.7           	((1.837427e+00 3.279337e-03 1.844258e-01) (-1.476169e-01 3.146848e-04 5.170413e-03)) ((4.787077e-03 2.074339e-01 6.159374e-03) (-2.124754e-05 -3.670020e-03 -1.793825e-04))
5.71          	((2.684787e+00 2.177967e-03 1.968380e-01) (-1.432057e-01 3.595807e-04 5.119978e-03)) ((5.391922e-03 2.302912e-01 5.438027e-03) (-1.903245e-05 -3.575507e-03 -1.777075e-04))
5.72          	((3.525570e+00 2.526746e-03 2.073435e-01) (-1.385221e-01 4.024674e-04 5.067382e-03)) ((5.663110e-03 2.529374e-01 4.548800e-03) (-1.763090e-05 -3.471895e-03 -1.748267e-04))
5.73          	((4.359606e+00 3.651315e-03 2.163766e-01) (-1.335813e-01 4.427432e-04 5.013619e-03)) ((5.685670e-03 2.750239e-01 3.719233e-03) (-1.624481e-05 -3.359565e-03 -1.710906e-04))
5.74          	((5.184599e+00 4.080629e-03 2.255759e-01) (-1.283991e-01 4.818031e-04 4.956744e-03)) ((5.917954e-03 2.965265e-01 2.872910e-03) (-1.531705e-05 -3.238977e-03 -1.667085e-04))
5.75          	((5.997328e+00 3.831284e-03 2.296724e-01) (-1.229862e-01 5.200549e-04 4.898201e-03)) ((6.161982e-03 3.175461e-01 1.975609e-03) (-1.479522e-05 -3.110227e-03 -1.616957e-04))
5.76          	((6.796602e+00 5.350496e-03 2.332755e-01) (-1.173636e-01 5.571014e-04 4.838501e-03)) ((6.248481e-03 3.378338e-01 1.244473e-03) (-1.432121e-05 -2.973960e-03 -1.566987e-04))
5.77          	((7.581768e+00 7.377369e-03 2.344995e-01) (-1.115485e-01 5.934769e-04 4.778724e-03)) ((6.302220e-03 3.575139e-01 5.315957e-04) (-1.400636e-05 -2.830729e-03 -1.514561e-04))
5.78          	((8.348906e+00 7.529661e-03 2.362463e-01) (-1.055576e-01 6.246059e-04 4.718418e-03)) ((6.576679e-03 3.766074e-01 -9.409970e-05) (-1.371408e-05 -2.680936e-03 -1.458241e-04))
5.79          	((9.097365e+00 9.421826e-03 2.368814e-01) (-9.940544e-02 6.537640e-04 4.655802e-03)) ((6.734906e-03 3.947902e-01 -7.872611e-04) (-1.361689e-05 -2.525071e-03 -1.407612e-04))
5.8           	((9.824116e+00 1.171010e-02 2.353152e-01) (-9.311204e-02 6.814060e-04 4.593456e-03)) ((6.701269e-03 4.124850e-01 -1.386303e-03) (-1.347911e-05 -2.364102e-03 -1.356463e-04))
5.81          	((1.052901e+01 1.149476e-02 2.341541e-01) (-8.669750e-02 7.086085e-04 4.529362e-03)) ((6.825916e-03 4.294947e-01 -2.140029e-03) (-1.330057e-05 -2.198721e-03 -1.306201e-04))
5.82          	((1.120878e+01 1.267088e-02 2.324004e-01) (-8.017802e-02 7.358940e-04 4.463204e-03)) ((6.801023e-03 4.454781e-01 -2.519668e-03) (-1.321914e-05 -2.029268e-03 -1.253586e-04))
5.83          	((1.186185e+01 1.277282e-02 2.266709e-01) (-7.356683e-02 7.606891e-04 4.396933e-03)) ((6.507052e-03 4.606624e-01 -3.212013e-03) (-1.313464e-05 -1.856657e-03 -1.200845e-04))
5.84          	((1.248866e+01 1.326315e-02 2.205821e-01) (-6.688380e-02 7.849774e-04 4.332781e-03)) ((6.396585e-03 4.752052e-01 -3.744802e-03) (-1.327865e-05 -1.681680e-03 -1.150023e-04))
5.85          	((1.308602e+01 1.486732e-02 2.154085e-01) (-6.014286e-02 8.087419e-04 4.271397e-03)) ((6.293303e-03 4.888276e-01 -4.226799e-03) (-1.361245e-05 -1.504694e-03 -1.101026e-04))
5.86          	((1.365386e+01 1.580155e-02 2.071373e-01) (-5.335829e-02 8.355635e-04 4.211317e-03)) ((6.044299e-03 5.016589e-01 -4.845884e-03) (-1.419736e-05 -1.326449e-03 -1.055981e-04))
5.87          	((1.418930e+01 1.634667e-02 1.974246e-01) (-4.654485e-02 8.625350e-04 4.153261e-03)) ((5.895821e-03 5.133578e-01 -5.231583e-03) (-1.466461e-05 -1.147380e-03 -1.013760e-04))
5.88          	((1.469224e+01 1.533544e-02 1.865157e-01) (-3.971947e-02 8.874067e-04 4.097112e-03)) ((5.911404e-03 5.242631e-01 -5.550951e-03) (-1.512605e-05 -9.686188e-04 -9.715003e-05))
5.89          	((1.516708e+01 1.783786e-02 1.753446e-01) (-3.289389e-02 9.142004e-04 4.045418e-03)) ((5.528145e-03 5.342432e-01 -6.428410e-03) (-1.552543e-05 -7.901331e-04 -9.356347e-05))
5.9           	((1.560561e+01 1.740270e-02 1.619690e-01) (-2.608178e-02 9.404074e-04 3.997635e-03)) ((5.427203e-03 5.433821e-01 -6.864588e-03) (-1.631421e-05 -6.131494e-04 -9.014016e-05))
5.91          	((1.601431e+01 1.800495e-02 1.536268e-01) (-1.929593e-02 9.632976e-04 3.953922e-03)) ((5.089301e-03 5.516199e-01 -7.585242e-03) (-1.644752e-05 -4.377524e-04 -8.684281e-05))
5.92          	((1.638751e+01 1.615479e-02 1.406420e-01) (-1.254397e-02 9.854394e-04 3.912293e-03)) ((5.077182e-03 5.589624e-01 -8.063494e-03) (-1.619635e-05 -2.640817e-04 -8.373179e-05))
5.93          	((1.672977e+01 1.711539e-02 1.250850e-01) (-5.833056e-03 1.008068e-03 3.871094e-03)) ((4.894199e-03 5.654641e-01 -8.048407e-03) (-1.620351e-05 -9.242516e-05 -8.094651e-05))
5.94          	((1.704051e+01 1.891293e-02 1.071615e-01) (8.337504e-04 1.029139e-03 3.832997e-03)) ((4.292153e-03 5.712037e-01 -8.518306e-03) (-1.608476e-05 7.702931e-05 -7.864655e-05))
5.95          	((1.731896e+01 1.938344e-02 8.728342e-02) (7.450613e-03 1.049963e-03 3.797256e-03)) ((4.369183e-03 5.759243e-01 -8.704680e-03) (-1.583135e-05 2.427744e-04 -7.718445e-05))
5.96          	((1.756738e+01 2.619382e-02 6.415810e-02) (1.401270e-02 1.067725e-03 3.766622e-03)) ((3.801242e-03 5.802008e-01 -9.355884e-03) (-1.564282e-05 4.052533e-04 -7.526681e-05))
5.97          	((1.778456e+01 2.960979e-02 4.009092e-02) (2.051018e-02 1.081592e-03 3.740338e-03)) ((3.263455e-03 5.833217e-01 -9.931185e-03) (-1.520008e-05 5.649652e-04 -7.332553e-05))
5.98          	((1.797942e+01 2.904310e-02 1.336224e-02) (2.694313e-02 1.094001e-03 3.721441e-03)) ((3.145882e-03 5.855367e-01 -1.109185e-02) (-1.511562e-05 7.214093e-04 -7.151028e-05))
5.99          	((1.815122e+01 2.661959e-02 -4.551428e-03) (3.331102e-02 1.106567e-03 3.711001e-03)) ((2.579903e-03 5.871874e-01 -1.125030e-02) (-1.540689e-05 8.740459e-04 -6.983653e-05))
6             	((1.829808e+01 2.705689e-02 -3.548547e-02) (3.960998e-02 1.115917e-03 3.704380e-03)) ((1.910413e-03 5.882036e-01 -1.190815e-02) (-1.525938e-05 1.023200e-03 -6.842507e-05))
6.01          	((1.846365e+01 3.083926e-02 -2.284729e-02) (4.584877e-02 1.124476e-03 3.703316e-03)) ((2.384252e-03 5.854126e-01 -1.259968e-02) (-1.522227e-05 1.168801e-03 -6.698749e-05))
6.02          	((1.844559e+01 2.678032e-02 -1.245508e-01) (5.198865e-02 1.131680e-03 3.704140e-03)) ((1.079082e-03 5.872263e-01 -1.262152e-02) (-1.545385e-05 1.311247e-03 -6.448258e-05))
6.03          	((1.859680e+01 2.875060e-02 -1.369112e-01) (5.806317e-02 1.132839e-03 3.712703e-03)) ((4.823505e-04 5.846249e-01 -1.246089e-02) (-1.551222e-05 1.449646e-03 -6.270918e-05))
6.04          	((1.866667e+01 2.781827e-02 -1.663399e-01) (6.407626e-02 1.135683e-03 3.727739e-03)) ((4.084291e-04 5.830651e-01 -1.251095e-02) (-1.576782e-05 1.585243e-03 -6.167133e-05))
6.05          	((1.870610e+01 2.683366e-02 -1.924678e-01) (7.003272e-02 1.139294e-03 3.751642e-03)) ((-3.858738e-05 5.796907e-01 -1.295555e-02) (-1.581144e-05 1.717685e-03 -6.081277e-05))
6.06          	((1.871518e+01 2.652764e-02 -2.261533e-01) (7.592472e-02 1.141540e-03 3.781944e-03)) ((-1.070217e-04 5.750731e-01 -1.297040e-02) (-1.599371e-05 1.846886e-03 -5.982013e-05))
6.07          	((1.870125e+01 2.559126e-02 -2.575103e-01) (8.175022e-02 1.145919e-03 3.819836e-03)) ((-4.388074e-04 5.697437e-01 -1.292133e-02) (-1.630659e-05 1.972711e-03 -5.868720e-05))
6.08          	((1.866395e+01 2.393066e-02 -2.937747e-01) (8.750742e-02 1.149183e-03 3.864603e-03)) ((-9.595721e-04 5.635757e-01 -1.299986e-02) (-1.686027e-05 2.095436e-03 -5.812019e-05))
6.09          	((1.860149e+01 2.105657e-02 -3.290110e-01) (9.318120e-02 1.155841e-03 3.914568e-03)) ((-1.268014e-03 5.561044e-01 -1.316564e-02) (-1.774428e-05 2.214769e-03 -5.802224e-05))
6.1           	((1.851505e+01 1.813094e-02 -3.526725e-01) (9.877479e-02 1.164099e-03 3.968389e-03)) ((-1.511886e-03 5.477086e-01 -1.308634e-02) (-1.868384e-05 2.331659e-03 -5.781536e-05))
6.11          	((1.839874e+01 1.641136e-02 -3.735866e-01) (1.042766e-01 1.174558e-03 4.026634e-03)) ((-1.723119e-03 5.377501e-01 -1.338647e-02) (-1.993740e-05 2.444380e-03 -5.642459e-05))
6.12          	((1.825509e+01 1.218623e-02 -3.921003e-01) (1.096741e-01 1.188869e-03 4.087709e-03)) ((-1.778007e-03 5.269916e-01 -1.354907e-02) (-2.110901e-05 2.553227e-03 -5.523118e-05))
6.13          	((1.808253e+01 6.778603e-03 -4.096159e-01) (1.149587e-01 1.205263e-03 4.148360e-03)) ((-1.529764e-03 5.148105e-01 -1.347787e-02) (-2.218809e-05 2.657421e-03 -5.437570e-05))
6.14          	((1.788130e+01 9.896816e-04 -4.219123e-01) (1.201130e-01 1.221474e-03 4.204856e-03)) ((-1.525711e-03 5.017413e-01 -1.377791e-02) (-2.309809e-05 2.756701e-03 -5.314688e-05))
6.15          	((1.764592e+01 -3.337434e-03 -4.340347e-01) (1.251146e-01 1.239320e-03 4.259698e-03)) ((-1.561281e-03 4.875663e-01 -1.383900e-02) (-2.415428e-05 2.851104e-03 -5.115751e-05))
6.16          	((1.737987e+01 -7.916140e-03 -4.435374e-01) (1.299469e-01 1.254884e-03 4.309508e-03)) ((-1.327023e-03 4.723715e-01 -1.380658e-02) (-2.526726e-05 2.940553e-03 -4.859362e-05))
6.17          	((1.708266e+01 -1.360922e-02 -4.513260e-01) (1.345966e-01 1.270369e-03 4.352484e-03)) ((-1.178975e-03 4.564543e-01 -1.383172e-02) (-2.601722e-05 3.025563e-03 -4.559674e-05))
6.18          	((1.675113e+01 -1.825184e-02 -4.581996e-01) (1.390478e-01 1.285880e-03 4.389836e-03)) ((-8.347213e-04 4.392727e-01 -1.394594e-02) (-2.675652e-05 3.105878e-03 -4.141801e-05))
6.19          	((1.638503e+01 -2.328031e-02 -4.666491e-01) (1.432800e-01 1.300811e-03 4.418231e-03)) ((-7.599110e-04 4.215364e-01 -1.380006e-02) (-2.756757e-05 3.181410e-03 -3.551880e-05))
6.2           	((1.598632e+01 -2.585111e-02 -4.718812e-01) (1.472753e-01 1.313963e-03 4.436968e-03)) ((-7.451887e-04 4.027787e-01 -1.402258e-02) (-2.872170e-05 3.252220e-03 -2.785574e-05))
6.21          	((1.555574e+01 -2.866273e-02 -4.779002e-01) (1.510213e-01 1.322900e-03 4.445927e-03)) ((-8.493347e-04 3.830028e-01 -1.363962e-02) (-2.987720e-05 3.318057e-03 -1.903626e-05))
6.22          	((1.509388e+01 -3.198093e-02 -4.799703e-01) (1.545066e-01 1.329180e-03 4.444679e-03)) ((-6.758489e-04 3.622176e-01 -1.348564e-02) (-3.129392e-05 3.379090e-03 -9.098310e-06))
6.23          	((1.460066e+01 -3.171587e-02 -4.820382e-01) (1.577279e-01 1.332750e-03 4.432324e-03)) ((-1.016959e-03 3.408718e-01 -1.316982e-02) (-3.332772e-05 3.436589e-03 1.043144e-06))
6.24          	((1.407647e+01 -3.352270e-02 -4.797025e-01) (1.606564e-01 1.336323e-03 4.410845e-03)) ((-1.136864e-03 3.186737e-01 -1.261970e-02) (-3.553581e-05 3.489108e-03 1.138671e-05))
6.25          	((1.352122e+01 -3.327460e-02 -4.758770e-01) (1.632873e-01 1.339115e-03 4.383625e-03)) ((-1.501714e-03 2.957743e-01 -1.186693e-02) (-3.751033e-05 3.537186e-03 2.071460e-05))
6.26          	((1.293744e+01 -3.127724e-02 -4.707287e-01) (1.656182e-01 1.339084e-03 4.351242e-03)) ((-1.570800e-03 2.723122e-01 -1.134821e-02) (-3.926122e-05 3.581402e-03 3.041374e-05))
6.27          	((1.232879e+01 -3.186332e-02 -4.642388e-01) (1.676327e-01 1.335371e-03 4.313459e-03)) ((-1.489840e-03 2.480384e-01 -1.064143e-02) (-4.108857e-05 3.621496e-03 3.969296e-05))
6.28          	((1.169002e+01 -3.162636e-02 -4.549674e-01) (1.693312e-01 1.330757e-03 4.270318e-03)) ((-1.711671e-03 2.232684e-01 -9.568992e-03) (-4.277368e-05 3.656484e-03 4.786000e-05))
6.29          	((1.102646e+01 -3.334072e-02 -4.453297e-01) (1.707020e-01 1.325362e-03 4.228546e-03)) ((-1.410352e-03 1.979570e-01 -8.841200e-03) (-4.413216e-05 3.686745e-03 5.502046e-05))
6.3           	((1.033750e+01 -3.320624e-02 -4.321681e-01) (1.717322e-01 1.317859e-03 4.186806e-03)) ((-1.702317e-03 1.724024e-01 -7.824243e-03) (-4.513992e-05 3.713098e-03 6.140631e-05))
6.31          	((9.626879e+00 -3.412614e-02 -4.187208e-01) (1.724207e-01 1.306360e-03 4.146960e-03)) ((-1.913546e-03 1.464100e-01 -6.868694e-03) (-4.569170e-05 3.735348e-03 6.609610e-05))
6.32          	((8.894897e+00 -3.623328e-02 -4.045996e-01) (1.727550e-01 1.294389e-03 4.109816e-03)) ((-1.751930e-03 1.198746e-01 -6.000283e-03) (-4.599584e-05 3.752176e-03 6.964711e-05))
6.33          	((8.142058e+00 -3.646135e-02 -3.886771e-01) (1.727330e-01 1.280157e-03 4.075810e-03)) ((-1.200965e-03 9.343556e-02 -5.307397e-03) (-4.609683e-05 3.763633e-03 7.199016e-05))
6.34          	((7.369992e+00 -3.891795e-02 -3.689024e-01) (1.723420e-01 1.263755e-03 4.043881e-03)) ((-1.062227e-03 6.671628e-02 -4.658928e-03) (-4.634905e-05 3.770552e-03 7.438321e-05))
6.35          	((6.581622e+00 -4.141181e-02 -3.482427e-01) (1.715886e-01 1.245667e-03 4.011203e-03)) ((-7.194409e-04 4.002370e-02 -3.943921e-03) (-4.693219e-05 3.771371e-03 7.553044e-05))
6.36          	((5.778188e+00 -4.274769e-02 -3.255115e-01) (1.704694e-01 1.226047e-03 3.980005e-03)) ((-4.878234e-04 1.322320e-02 -3.435178e-03) (-4.730891e-05 3.765658e-03 7.554538e-05))
6.37          	((4.961769e+00 -4.574983e-02 -3.005819e-01) (1.689871e-01 1.207467e-03 3.949522e-03)) ((-1.531891e-04 -1.332788e-02 -2.962245e-03) (-4.741171e-05 3.752876e-03 7.459145e-05))
6.38          	((4.133494e+00 -4.533564e-02 -2.715678e-01) (1.671471e-01 1.189123e-03 3.921004e-03)) ((-1.921138e-04 -4.011921e-02 -2.649872e-03) (-4.795924e-05 3.733469e-03 7.306674e-05))
6.39          	((3.294723e+00 -4.537575e-02 -2.433829e-01) (1.649501e-01 1.174263e-03 3.891607e-03)) ((7.491552e-05 -6.663001e-02 -2.130206e-03) (-4.822045e-05 3.706548e-03 7.131704e-05))
6.4           	((2.446821e+00 -4.579427e-02 -2.149174e-01) (1.624046e-01 1.160195e-03 3.860378e-03)) ((2.029228e-04 -9.306126e-02 -1.591307e-03) (-4.843772e-05 3.671690e-03 6.913626e-05))
6.41          	((1.593488e+00 -4.559346e-02 -1.845721e-01) (1.595203e-01 1.147890e-03 3.829661e-03)) ((3.464516e-04 -1.191272e-01 -1.191953e-03) (-4.893051e-05 3.628470e-03 6.671486e-05))
6.42          	((7.364455e-01 -4.624933e-02 -1.509074e-01) (1.563021e-01 1.138383e-03 3.797177e-03)) ((6.014392e-04 -1.447970e-01 -1.032241e-03) (-4.952011e-05 3.576286e-03 6.389353e-05))
6.43          	((-1.236748e-01 -4.631748e-02 -1.168933e-01) (1.527594e-01 1.128618e-03 3.767775e-03)) ((9.681105e-04 -1.702141e-01 -7.370632e-04) (-5.017069e-05 3.515595e-03 6.064753e-05))
6.44          	((-9.826412e-01 -4.586925e-02 -8.556794e-02) (1.489034e-01 1.119833e-03 3.738607e-03)) ((1.270436e-03 -1.949867e-01 -5.226295e-04) (-5.119399e-05 3.445649e-03 5.723720e-05))
6.45          	((-1.838545e+00 -4.560236e-02 -5.327693e-02) (1.447496e-01 1.112501e-03 3.711509e-03)) ((1.394584e-03 -2.194980e-01 -2.166747e-04) (-5.240064e-05 3.366688e-03 5.401705e-05))
6.46          	((-2.689955e+00 -4.468846e-02 -2.326836e-02) (1.403090e-01 1.105846e-03 3.687073e-03)) ((1.521286e-03 -2.432762e-01 8.036247e-05) (-5.325720e-05 3.278024e-03 5.064114e-05))
6.47          	((-3.536639e+00 -4.309393e-02 7.695811e-03) (1.355954e-01 1.103339e-03 3.664258e-03)) ((1.569766e-03 -2.665521e-01 3.434023e-04) (-5.431718e-05 3.180566e-03 4.770659e-05))
6.48          	((-4.375746e+00 -4.061721e-02 3.993323e-02) (1.306204e-01 1.098465e-03 3.642961e-03)) ((1.763392e-03 -2.892604e-01 6.439673e-04) (-5.538659e-05 3.074244e-03 4.574130e-05))
6.49          	((-5.204329e+00 -4.034325e-02 6.715836e-02) (1.254020e-01 1.093861e-03 3.621378e-03)) ((1.899962e-03 -3.112217e-01 8.826017e-04) (-5.626123e-05 2.960101e-03 4.387366e-05))
6.5           	((-6.021162e+00 -3.936559e-02 9.318656e-02) (1.199547e-01 1.085050e-03 3.601525e-03)) ((2.112560e-03 -3.327424e-01 1.090591e-03) (-5.733491e-05 2.838113e-03 4.264741e-05))
6.51          	((-6.824261e+00 -3.762407e-02 1.181734e-01) (1.142960e-01 1.075608e-03 3.581247e-03)) ((2.139920e-03 -3.534972e-01 1.387575e-03) (-5.826579e-05 2.708547e-03 4.173474e-05))
6.52          	((-7.611171e+00 -3.716696e-02 1.418500e-01) (1.084449e-01 1.064604e-03 3.562479e-03)) ((2.047765e-03 -3.735028e-01 1.606293e-03) (-5.896986e-05 2.572377e-03 4.083232e-05))
6.53          	((-8.381693e+00 -3.653993e-02 1.626845e-01) (1.024188e-01 1.053402e-03 3.546313e-03)) ((2.020220e-03 -3.927788e-01 1.836874e-03) (-5.965787e-05 2.429428e-03 4.005783e-05))
6.54          	((-9.131835e+00 -3.471893e-02 1.844412e-01) (9.623371e-02 1.039695e-03 3.532825e-03)) ((1.766344e-03 -4.115427e-01 2.184654e-03) (-6.022796e-05 2.280331e-03 4.038014e-05))
6.55          	((-9.861251e+00 -3.353341e-02 2.043130e-01) (8.990974e-02 1.026868e-03 3.519292e-03)) ((1.630781e-03 -4.291227e-01 2.432484e-03) (-6.061797e-05 2.125432e-03 4.110385e-05))
6.56          	((-1.056700e+01 -3.102912e-02 2.208905e-01) (8.346313e-02 1.013892e-03 3.508754e-03)) ((1.562407e-03 -4.460725e-01 2.523890e-03) (-6.088688e-05 1.965579e-03 4.227153e-05))
6.57          	((-1.124800e+01 -2.887776e-02 2.359060e-01) (7.691433e-02 9.987031e-04 3.500094e-03)) ((1.371280e-03 -4.620225e-01 2.647276e-03) (-6.133695e-05 1.801339e-03 4.393667e-05))
6.58          	((-1.190427e+01 -2.914109e-02 2.511274e-01) (7.027945e-02 9.812310e-04 3.495776e-03)) ((1.338006e-03 -4.771956e-01 2.934623e-03) (-6.155950e-05 1.633437e-03 4.550515e-05))
6.59          	((-1.253154e+01 -2.909226e-02 2.620313e-01) (6.357329e-02 9.620469e-04 3.492054e-03)) ((1.256590e-03 -4.916515e-01 3.038056e-03) (-6.188873e-05 1.462598e-03 4.747492e-05))
6.6           	((-1.312922e+01 -2.699957e-02 2.697493e-01) (5.681286e-02 9.436666e-04 3.489170e-03)) ((7.261579e-04 -5.051538e-01 3.028799e-03) (-6.239956e-05 1.289355e-03 4.997563e-05))
6.61          	((-1.369686e+01 -2.463702e-02 2.767275e-01) (5.001569e-02 9.268601e-04 3.486996e-03)) ((2.833008e-04 -5.175166e-01 3.398832e-03) (-6.287153e-05 1.114058e-03 5.283491e-05))
6.62          	((-1.423340e+01 -2.554925e-02 2.854989e-01) (4.319619e-02 9.094924e-04 3.488287e-03)) ((1.949047e-04 -5.294878e-01 3.524060e-03) (-6.331387e-05 9.375785e-04 5.601134e-05))
6.63          	((-1.473694e+01 -2.478107e-02 2.926140e-01) (3.637000e-02 8.911116e-04 3.493457e-03)) ((4.467572e-04 -5.406234e-01 3.806703e-03) (-6.358938e-05 7.606899e-04 5.917509e-05))
6.64          	((-1.520938e+01 -2.159775e-02 2.969110e-01) (2.955138e-02 8.683437e-04 3.500294e-03)) ((9.408485e-05 -5.506797e-01 4.032876e-03) (-6.417019e-05 5.837218e-04 6.295270e-05))
6.65          	((-1.565139e+01 -1.921077e-02 3.023003e-01) (2.274823e-02 8.423497e-04 3.509782e-03)) ((-2.641157e-04 -5.600552e-01 4.360018e-03) (-6.454913e-05 4.074358e-04 6.655107e-05))
6.66          	((-1.605920e+01 -2.139852e-02 3.072372e-01) (1.597495e-02 8.214749e-04 3.523460e-03)) ((-3.631095e-04 -5.685946e-01 4.581864e-03) (-6.505446e-05 2.318016e-04 7.005945e-05))
6.67          	((-1.643462e+01 -1.868953e-02 3.098887e-01) (9.237587e-03 8.012517e-04 3.541263e-03)) ((-5.241085e-04 -5.760563e-01 4.806083e-03) (-6.583412e-05 5.733193e-05 7.352200e-05))
6.68          	((-1.677332e+01 -2.032497e-02 3.131131e-01) (2.544061e-03 7.801906e-04 3.561390e-03)) ((-5.177020e-04 -5.824273e-01 4.961575e-03) (-6.637520e-05 -1.153340e-04 7.731671e-05))
6.69          	((-1.708045e+01 -1.599082e-02 3.096055e-01) (-4.097647e-03 7.617533e-04 3.585143e-03)) ((-1.162426e-03 -5.880610e-01 5.121251e-03) (-6.680438e-05 -2.859887e-04 8.129858e-05))
6.7           	((-1.735924e+01 -1.654176e-02 3.067861e-01) (-1.068307e-02 7.415475e-04 3.614298e-03)) ((-1.652659e-03 -5.933598e-01 5.512243e-03) (-6.748032e-05 -4.545176e-04 8.458320e-05))
6.71          	((-1.760630e+01 -1.547395e-02 3.016501e-01) (-1.720937e-02 7.234320e-04 3.646026e-03)) ((-1.829299e-03 -5.970473e-01 5.710274e-03) (-6.833701e-05 -6.204191e-04 8.788228e-05))
6.72          	((-1.782796e+01 -1.653938e-02 2.971139e-01) (-2.367125e-02 7.020081e-04 3.684735e-03)) ((-1.761995e-03 -5.995870e-01 5.691159e-03) (-6.921420e-05 -7.834467e-04 9.158977e-05))
6.73          	((-1.802339e+01 -1.511758e-02 2.844106e-01) (-3.006730e-02 6.825540e-04 3.727178e-03)) ((-1.897969e-03 -6.022950e-01 5.764580e-03) (-7.053112e-05 -9.429529e-04 9.542502e-05))
6.74          	((-1.819105e+01 -1.523536e-02 2.833203e-01) (-3.639791e-02 6.645799e-04 3.770895e-03)) ((-2.180799e-03 -6.037231e-01 6.381336e-03) (-7.244030e-05 -1.099472e-03 9.937434e-05))
6.75          	((-1.833945e+01 -1.025652e-02 2.696895e-01) (-4.266212e-02 6.440577e-04 3.820809e-03)) ((-2.859391e-03 -6.043575e-01 6.816177e-03) (-7.408608e-05 -1.252851e-03 1.042251e-04))
6.76          	((-1.850806e+01 -8.768503e-03 3.057810e-01) (-4.886884e-02 6.248246e-04 3.878947e-03)) ((-2.871273e-03 -6.054984e-01 6.454042e-03) (-7.571225e-05 -1.403760e-03 1.082886e-04))
6.77          	((-1.847322e+01 -8.752153e-03 2.145271e-01) (-5.497551e-02 6.053482e-04 3.930820e-03)) ((-3.322058e-03 -5.991563e-01 5.873597e-03) (-7.735201e-05 -1.550839e-03 1.130391e-04))
6.78          	((-1.863642e+01 -2.720054e-03 2.359246e-01) (-6.103005e-02 5.802344e-04 3.982404e-03)) ((-4.154587e-03 -6.010350e-01 6.566329e-03) (-7.907753e-05 -1.694717e-03 1.173295e-04))
6.79          	((-1.870381e+01 -1.254029e-03 2.199426e-01) (-6.702698e-02 5.538730e-04 4.041293e-03)) ((-4.264962e-03 -5.984064e-01 6.367981e-03) (-8.072196e-05 -1.835627e-03 1.206293e-04))
6.8           	((-1.873811e+01 2.059738e-03 1.938022e-01) (-7.297211e-02 5.286186e-04 4.105491e-03)) ((-4.633967e-03 -5.941637e-01 5.876581e-03) (-8.217619e-05 -1.973410e-03 1.239924e-04))
6.81          	((-1.874829e+01 3.976427e-03 1.725048e-01) (-7.886446e-02 5.003208e-04 4.170558e-03)) ((-4.882947e-03 -5.896460e-01 5.220347e-03) (-8.361927e-05 -2.107739e-03 1.278202e-04))
6.82          	((-1.873600e+01 8.209459e-03 1.516340e-01) (-8.469391e-02 4.730333e-04 4.236148e-03)) ((-5.445757e-03 -5.833660e-01 4.617408e-03) (-8.504348e-05 -2.238405e-03 1.303941e-04))
6.83          	((-1.869842e+01 1.268713e-02 1.345172e-01) (-9.045770e-02 4.421223e-04 4.299379e-03)) ((-5.804241e-03 -5.762687e-01 4.191673e-03) (-8.594070e-05 -2.364958e-03 1.322567e-04))
6.84          	((-1.863784e+01 1.657962e-02 1.183840e-01) (-9.615024e-02 4.082210e-04 4.364918e-03)) ((-6.490411e-03 -5.683706e-01 3.701736e-03) (-8.686732e-05 -2.486789e-03 1.348616e-04))
6.85          	((-1.854899e+01 2.003394e-02 1.014978e-01) (-1.017685e-01 3.689516e-04 4.432344e-03)) ((-6.920312e-03 -5.590707e-01 3.427194e-03) (-8.735460e-05 -2.604655e-03 1.360860e-04))
6.86          	((-1.843323e+01 2.356156e-02 8.213143e-02) (-1.072912e-01 3.250659e-04 4.498773e-03)) ((-7.666386e-03 -5.482659e-01 3.389273e-03) (-8.758178e-05 -2.718020e-03 1.365367e-04))
6.87          	((-1.828806e+01 2.644705e-02 6.144574e-02) (-1.127095e-01 2.802175e-04 4.568241e-03)) ((-8.044213e-03 -5.362457e-01 3.491617e-03) (-8.759406e-05 -2.827646e-03 1.356230e-04))
6.88          	((-1.811510e+01 2.734095e-02 4.861160e-02) (-1.180050e-01 2.342239e-04 4.638235e-03)) ((-8.618972e-03 -5.233567e-01 3.559876e-03) (-8.723318e-05 -2.932900e-03 1.348167e-04))
6.89          	((-1.791058e+01 3.282819e-02 3.589762e-02) (-1.231640e-01 1.888721e-04 4.705603e-03)) ((-9.055475e-03 -5.093953e-01 4.108779e-03) (-8.621501e-05 -3.033155e-03 1.318122e-04))
6.9           	((-1.767697e+01 3.541532e-02 2.420626e-02) (-1.281677e-01 1.446003e-04 4.770085e-03)) ((-9.625955e-03 -4.941161e-01 4.501652e-03) (-8.464491e-05 -3.129392e-03 1.267570e-04))
6.91          	((-1.740887e+01 3.485976e-02 1.274535e-02) (-1.329934e-01 1.022294e-04 4.829095e-03)) ((-1.008773e-02 -4.781366e-01 5.047076e-03) (-8.273076e-05 -3.221438e-03 1.198474e-04))
6.92          	((-1.710799e+01 3.465741e-02 5.565074e-04) (-1.376249e-01 6.073687e-05 4.882645e-03)) ((-1.054218e-02 -4.609093e-01 5.736376e-03) (-8.019861e-05 -3.308161e-03 1.107205e-04))
6.93          	((-1.677307e+01 3.547337e-02 -1.022905e-02) (-1.420419e-01 2.231082e-05 4.930069e-03)) ((-1.053014e-02 -4.432786e-01 6.597830e-03) (-7.758580e-05 -3.390061e-03 9.917330e-05))
6.94          	((-1.640551e+01 3.481194e-02 -2.212133e-02) (-1.462358e-01 -1.502765e-05 4.973157e-03)) ((-1.098288e-02 -4.245158e-01 7.022204e-03) (-7.565806e-05 -3.466806e-03 8.355570e-05))
6.95          	((-1.600099e+01 3.514651e-02 -3.468254e-02) (-1.501922e-01 -4.657632e-05 5.011285e-03)) ((-1.155705e-02 -4.048172e-01 7.712651e-03) (-7.403968e-05 -3.538037e-03 6.637564e-05))
6.96          	((-1.556480e+01 3.581915e-02 -4.700008e-02) (-1.538988e-01 -7.416906e-05 5.048754e-03)) ((-1.198044e-02 -3.844473e-01 7.899892e-03) (-7.258248e-05 -3.604250e-03 4.773458e-05))
6.97          	((-1.509863e+01 3.700255e-02 -6.059603e-02) (-1.573342e-01 -9.969686e-05 5.084824e-03)) ((-1.175980e-02 -3.629603e-01 7.921117e-03) (-7.138317e-05 -3.666301e-03 2.846624e-05))
6.98          	((-1.459812e+01 3.754116e-02 -6.998213e-02) (-1.604932e-01 -1.159751e-04 5.117730e-03)) ((-1.177705e-02 -3.408532e-01 7.839121e-03) (-7.029423e-05 -3.724447e-03 7.739442e-06))
6.99          	((-1.406576e+01 3.838800e-02 -7.253622e-02) (-1.633620e-01 -1.287138e-04 5.147468e-03)) ((-1.179305e-02 -3.182661e-01 7.760941e-03) (-7.007885e-05 -3.777958e-03 -1.314611e-05))
7             	((-1.350268e+01 3.892559e-02 -7.291670e-02) (-1.659431e-01 -1.405879e-04 5.181751e-03)) ((-1.170490e-02 -2.951101e-01 7.516165e-03) (-6.970954e-05 -3.828483e-03 -3.256069e-05))
7.01          	((-1.290947e+01 3.824921e-02 -7.377730e-02) (-1.682198e-01 -1.514261e-04 5.215579e-03)) ((-1.123034e-02 -2.712005e-01 7.029505e-03) (-6.966602e-05 -3.875143e-03 -5.006439e-05))
7.02          	((-1.229004e+01 3.998280e-02 -7.344899e-02) (-1.701917e-01 -1.620682e-04 5.247946e-03)) ((-1.112039e-02 -2.467165e-01 6.818606e-03) (-6.992921e-05 -3.918294e-03 -6.553463e-05))
7.03          	((-1.164397e+01 4.222523e-02 -7.249320e-02) (-1.718365e-01 -1.685985e-04 5.283071e-03)) ((-1.090739e-02 -2.218161e-01 6.898599e-03) (-6.966871e-05 -3.957965e-03 -7.913008e-05))
7.04          	((-1.097341e+01 4.030203e-02 -6.906117e-02) (-1.731509e-01 -1.728759e-04 5.318244e-03)) ((-1.003587e-02 -1.964479e-01 7.274696e-03) (-6.896172e-05 -3.993615e-03 -9.176809e-05))
7.05          	((-1.027951e+01 3.741426e-02 -6.316509e-02) (-1.741384e-01 -1.735138e-04 5.349243e-03)) ((-9.177153e-03 -1.707390e-01 7.607795e-03) (-6.773295e-05 -4.025000e-03 -1.024938e-04))
7.06          	((-9.564000e+00 3.678631e-02 -5.434834e-02) (-1.747824e-01 -1.716521e-04 5.380154e-03)) ((-8.547262e-03 -1.449220e-01 7.959718e-03) (-6.575623e-05 -4.051414e-03 -1.118281e-04))
7.07          	((-8.829434e+00 3.416405e-02 -4.503873e-02) (-1.750856e-01 -1.625396e-04 5.403250e-03)) ((-7.645118e-03 -1.191046e-01 8.383472e-03) (-6.327841e-05 -4.072162e-03 -1.196142e-04))
7.08          	((-8.075540e+00 3.115412e-02 -3.177026e-02) (-1.750438e-01 -1.463717e-04 5.423339e-03)) ((-6.595595e-03 -9.312505e-02 8.889301e-03) (-6.042553e-05 -4.087655e-03 -1.268159e-04))
7.09          	((-7.304569e+00 2.846771e-02 -1.596031e-02) (-1.746463e-01 -1.289958e-04 5.434561e-03)) ((-5.630256e-03 -6.688767e-02 9.458356e-03) (-5.747442e-05 -4.096767e-03 -1.331019e-04))
7.1           	((-6.519576e+00 2.689220e-02 -8.296248e-04) (-1.738935e-01 -1.087884e-04 5.436142e-03)) ((-4.719996e-03 -4.093355e-02 9.908210e-03) (-5.413074e-05 -4.099495e-03 -1.391042e-04))
7.11          	((-5.718980e+00 2.478891e-02 1.719957e-02) (-1.727781e-01 -8.319210e-05 5.433872e-03)) ((-3.624274e-03 -1.523406e-02 1.029935e-02) (-5.058467e-05 -4.094959e-03 -1.446369e-04))
7.12          	((-4.907750e+00 2.215446e-02 3.778742e-02) (-1.713003e-01 -5.262225e-05 5.425924e-03)) ((-2.579252e-03 1.054286e-02 1.046860e-02) (-4.644352e-05 -4.082258e-03 -1.495867e-04))
7.13          	((-4.083927e+00 2.025428e-02 5.679906e-02) (-1.694680e-01 -1.929583e-05 5.408262e-03)) ((-1.589714e-03 3.592508e-02 1.050736e-02) (-4.226007e-05 -4.061254e-03 -1.546180e-04))
7.14          	((-3.249768e+00 1.656331e-02 7.441028e-02) (-1.672848e-01 1.970859e-05 5.383577e-03)) ((-5.927529e-04 6.136796e-02 1.015197e-02) (-3.827461e-05 -4.031784e-03 -1.588094e-04))
7.15          	((-2.408669e+00 1.404091e-02 9.428396e-02) (-1.647581e-01 6.607957e-05 5.351811e-03)) ((6.678609e-05 8.646548e-02 9.841918e-03) (-3.456403e-05 -3.993486e-03 -1.627167e-04))
7.16          	((-1.561904e+00 1.096502e-02 1.122489e-01) (-1.618884e-01 1.177905e-04 5.314702e-03)) ((1.060960e-03 1.112306e-01 9.309682e-03) (-3.098341e-05 -3.946028e-03 -1.652327e-04))
7.17          	((-7.094129e-01 9.302055e-03 1.316518e-01) (-1.586879e-01 1.712249e-04 5.274649e-03)) ((1.691660e-03 1.357755e-01 8.712680e-03) (-2.726387e-05 -3.889624e-03 -1.672318e-04))
7.18          	((1.450257e-01 8.493089e-03 1.490084e-01) (-1.551680e-01 2.240851e-04 5.232266e-03)) ((2.590771e-03 1.598024e-01 8.239570e-03) (-2.389947e-05 -3.823894e-03 -1.691301e-04))
7.19          	((9.977832e-01 7.094397e-03 1.657426e-01) (-1.513375e-01 2.769878e-04 5.185493e-03)) ((3.532528e-03 1.833622e-01 7.319392e-03) (-2.095749e-05 -3.748887e-03 -1.696509e-04))
7.2           	((1.847941e+00 6.909006e-03 1.795275e-01) (-1.472139e-01 3.294773e-04 5.138212e-03)) ((4.265156e-03 2.066087e-01 6.509396e-03) (-1.820453e-05 -3.664870e-03 -1.692192e-04))
7.21          	((2.695714e+00 5.407323e-03 1.909929e-01) (-1.427993e-01 3.797628e-04 5.088259e-03)) ((4.821931e-03 2.294231e-01 5.631781e-03) (-1.611535e-05 -3.571101e-03 -1.680540e-04))
7.22          	((3.537034e+00 6.620319e-03 2.000219e-01) (-1.381155e-01 4.279277e-04 5.036606e-03)) ((5.070049e-03 2.520332e-01 4.762217e-03) (-1.447725e-05 -3.468608e-03 -1.656938e-04))
7.23          	((4.370212e+00 7.184683e-03 2.091291e-01) (-1.331756e-01 4.740896e-04 4.982558e-03)) ((5.232668e-03 2.740151e-01 3.964873e-03) (-1.281395e-05 -3.357253e-03 -1.627325e-04))
7.24          	((5.195088e+00 7.405564e-03 2.188719e-01) (-1.279936e-01 5.197179e-04 4.925611e-03)) ((5.480525e-03 2.955934e-01 2.917851e-03) (-1.180736e-05 -3.237732e-03 -1.588693e-04))
7.25          	((6.008094e+00 7.994442e-03 2.228915e-01) (-1.225812e-01 5.624468e-04 4.866850e-03)) ((5.748357e-03 3.164459e-01 2.026689e-03) (-1.104224e-05 -3.109815e-03 -1.541488e-04))
7.26          	((6.807726e+00 9.634880e-03 2.261791e-01) (-1.169596e-01 6.025161e-04 4.807111e-03)) ((5.984116e-03 3.367039e-01 1.288966e-03) (-1.045171e-05 -2.974614e-03 -1.496599e-04))
7.27          	((7.593110e+00 1.132465e-02 2.283355e-01) (-1.111480e-01 6.412387e-04 4.747427e-03)) ((6.019794e-03 3.563762e-01 5.728642e-04) (-9.916122e-06 -2.832311e-03 -1.446539e-04))
7.28          	((8.359715e+00 1.211702e-02 2.305776e-01) (-1.051601e-01 6.762657e-04 4.687594e-03)) ((6.158307e-03 3.753858e-01 -1.417831e-04) (-9.390690e-06 -2.683435e-03 -1.396967e-04))
7.29          	((9.107924e+00 1.269573e-02 2.318180e-01) (-9.901185e-02 7.079257e-04 4.625846e-03)) ((6.413606e-03 3.934678e-01 -8.009848e-04) (-9.219150e-06 -2.528298e-03 -1.350823e-04))
7.3           	((9.834695e+00 1.555585e-02 2.285982e-01) (-9.272406e-02 7.371837e-04 4.564012e-03)) ((6.496602e-03 4.110883e-01 -1.427350e-03) (-9.134206e-06 -2.368024e-03 -1.300587e-04))
7.31          	((1.053897e+01 1.665923e-02 2.273405e-01) (-8.631546e-02 7.651925e-04 4.499716e-03)) ((6.609624e-03 4.281405e-01 -2.047581e-03) (-8.893969e-06 -2.203229e-03 -1.252689e-04))
7.32          	((1.121843e+01 1.635254e-02 2.246084e-01) (-7.980347e-02 7.931269e-04 4.433180e-03)) ((6.433911e-03 4.442587e-01 -2.564283e-03) (-8.766370e-06 -2.034143e-03 -1.201209e-04))
7.33          	((1.187187e+01 1.651055e-02 2.194024e-01) (-7.320141e-02 8.192604e-04 4.365807e-03)) ((6.355401e-03 4.594588e-01 -3.190371e-03) (-8.721679e-06 -1.862104e-03 -1.150130e-04))
7.34          	((1.249814e+01 1.619593e-02 2.133502e-01) (-6.652726e-02 8.429639e-04 4.300688e-03)) ((6.292638e-03 4.740433e-01 -3.656577e-03) (-8.873526e-06 -1.687387e-03 -1.100509e-04))
7.35          	((1.309525e+01 1.865944e-02 2.091126e-01) (-5.979612e-02 8.667472e-04 4.238872e-03)) ((6.314235e-03 4.876662e-01 -4.133922e-03) (-9.168812e-06 -1.510630e-03 -1.052805e-04))
7.36          	((1.366174e+01 1.885170e-02 2.011007e-01) (-5.302340e-02 8.921248e-04 4.177637e-03)) ((6.017233e-03 5.004812e-01 -4.759840e-03) (-9.506387e-06 -1.332719e-03 -1.006510e-04))
7.37          	((1.419697e+01 1.928847e-02 1.904612e-01) (-4.622222e-02 9.186846e-04 4.119534e-03)) ((5.618264e-03 5.123799e-01 -5.360619e-03) (-9.777092e-06 -1.153854e-03 -9.629195e-05))
7.38          	((1.469985e+01 1.827557e-02 1.820282e-01) (-3.940964e-02 9.416000e-04 4.063624e-03)) ((5.694692e-03 5.232041e-01 -5.637015e-03) (-1.024465e-05 -9.751775e-04 -9.194597e-05))
7.39          	((1.517408e+01 2.052472e-02 1.698112e-01) (-3.259923e-02 9.672952e-04 4.010905e-03)) ((5.485605e-03 5.333541e-01 -6.463983e-03) (-1.071252e-05 -7.967426e-04 -8.837204e-05))
7.4           	((1.561285e+01 1.990200e-02 1.563122e-01) (-2.580265e-02 9.923518e-04 3.962553e-03)) ((5.213857e-03 5.425536e-01 -6.928531e-03) (-1.153358e-05 -6.198831e-04 -8.500044e-05))
7.41          	((1.602040e+01 1.959026e-02 1.490895e-01) (-1.903350e-02 1.014463e-03 3.918324e-03)) ((5.116154e-03 5.508656e-01 -7.464392e-03) (-1.171392e-05 -4.444317e-04 -8.174261e-05))
7.42          	((1.639379e+01 1.897628e-02 1.372896e-01) (-1.229817e-02 1.034756e-03 3.876860e-03)) ((5.041522e-03 5.582326e-01 -7.970516e-03) (-1.142123e-05 -2.706803e-04 -7.892404e-05))
7.43          	((1.673556e+01 1.955992e-02 1.227412e-01) (-5.602816e-03 1.055214e-03 3.834960e-03)) ((4.695446e-03 5.649559e-01 -8.211197e-03) (-1.163386e-05 -9.908932e-05 -7.612800e-05))
7.44          	((1.704504e+01 2.138021e-02 1.043438e-01) (1.047166e-03 1.074482e-03 3.796390e-03)) ((4.257799e-03 5.707787e-01 -8.597166e-03) (-1.159372e-05 7.029554e-05 -7.393894e-05))
7.45          	((1.732363e+01 2.090743e-02 8.296878e-02) (7.646552e-03 1.092821e-03 3.759881e-03)) ((4.428767e-03 5.756492e-01 -8.690239e-03) (-1.157464e-05 2.360374e-04 -7.276867e-05))
7.46          	((1.757178e+01 2.657749e-02 6.056236e-02) (1.419116e-02 1.108858e-03 3.728513e-03)) ((3.892470e-03 5.797928e-01 -9.460771e-03) (-1.144020e-05 3.986246e-04 -7.123395e-05))
7.47          	((1.778946e+01 3.154153e-02 3.486666e-02) (2.067352e-02 1.122341e-03 3.701464e-03)) ((3.232840e-03 5.831978e-01 -9.874087e-03) (-1.126587e-05 5.582666e-04 -6.944195e-05))
7.48          	((1.798553e+01 3.042345e-02 1.210658e-02) (2.709105e-02 1.133772e-03 3.682706e-03)) ((3.083051e-03 5.851534e-01 -1.113623e-02) (-1.149273e-05 7.147127e-04 -6.790411e-05))
7.49          	((1.815767e+01 2.806494e-02 -5.276973e-03) (3.344298e-02 1.144769e-03 3.671838e-03)) ((2.535027e-03 5.868503e-01 -1.131102e-02) (-1.201057e-05 8.674611e-04 -6.667364e-05))
7.5           	((1.830552e+01 2.740183e-02 -3.633910e-02) (3.972743e-02 1.153013e-03 3.664211e-03)) ((1.978140e-03 5.880896e-01 -1.189210e-02) (-1.211175e-05 1.016819e-03 -6.542873e-05))
